{
"type": "FeatureCollection",
"name": "data_LINHAS(2)",
"crs": { "type": "name", "properties": { "name": "urn:ogc:def:crs:OGC:1.3:CRS84" } },
"xy_coordinate_resolution": 1e-08,
"features": [
{ "type": "Feature", "properties": { }, "geometry": { "type": "LineString", "coordinates": [ [ -39.94847314, -18.48824264 ], [ -39.9484552, -18.48827369 ], [ -39.94845074, -18.48828166 ], [ -39.94844221, -18.4882978 ], [ -39.94843773, -18.48830577 ], [ -39.94842812, -18.48832134 ], [ -39.94842352, -18.48832924 ], [ -39.94841493, -18.48834535 ], [ -39.94841042, -18.48835329 ], [ -39.94838615, -18.48839209 ], [ -39.94838147, -18.48839995 ], [ -39.94834623, -18.48846396 ], [ -39.94829555, -18.48855081 ], [ -39.94825572, -18.48862271 ], [ -39.94825118, -18.48863065 ], [ -39.94822772, -18.4886699 ], [ -39.94822319, -18.48867783 ], [ -39.94821027, -18.48870198 ], [ -39.94816991, -18.48877362 ], [ -39.94811867, -18.48886017 ], [ -39.94805958, -18.48896324 ], [ -39.94801792, -18.4890342 ], [ -39.94801339, -18.48904214 ], [ -39.94797816, -18.48910615 ], [ -39.94795551, -18.48914583 ], [ -39.94790413, -18.48923231 ], [ -39.94784168, -18.48934391 ], [ -39.94779582, -18.48942299 ], [ -39.94776056, -18.48948698 ], [ -39.94767298, -18.48963698 ], [ -39.94762401, -18.48972471 ], [ -39.94757276, -18.48981126 ], [ -39.94752323, -18.48989872 ], [ -39.94747178, -18.48998516 ], [ -39.94740919, -18.4900967 ], [ -39.9474046, -18.49010461 ], [ -39.94738091, -18.49014373 ], [ -39.94735391, -18.49019144 ], [ -39.9473169, -18.49025453 ], [ -39.94727674, -18.49032627 ], [ -39.9472722, -18.4903342 ], [ -39.94723961, -18.49038929 ], [ -39.9471783, -18.49049745 ] ] } },
{ "type": "Feature", "properties": { }, "geometry": { "type": "LineString", "coordinates": [ [ -39.94847369, -18.48826915 ], [ -39.94843236, -18.4883414 ], [ -39.94842797, -18.4883494 ], [ -39.94841964, -18.48836564 ], [ -39.94841519, -18.48837361 ], [ -39.94840065, -18.48839691 ], [ -39.94839598, -18.48840477 ], [ -39.94835175, -18.48848468 ], [ -39.94833241, -18.48851577 ], [ -39.94832788, -18.4885237 ], [ -39.94826562, -18.48863541 ], [ -39.94823276, -18.48869035 ], [ -39.94822829, -18.48869832 ], [ -39.94821554, -18.48872255 ], [ -39.94821115, -18.48873056 ], [ -39.94818439, -18.48877839 ], [ -39.94817528, -18.48879424 ], [ -39.94816058, -18.48881744 ], [ -39.94815219, -18.48883364 ], [ -39.9481098, -18.48890421 ], [ -39.94806961, -18.48897593 ], [ -39.94806499, -18.48898382 ], [ -39.94804118, -18.48902288 ], [ -39.94803656, -18.48903077 ], [ -39.94796055, -18.4891662 ], [ -39.94793679, -18.48920529 ], [ -39.94793215, -18.48921317 ], [ -39.94791886, -18.48923713 ], [ -39.94791429, -18.48924505 ], [ -39.94790472, -18.48926064 ], [ -39.94790016, -18.48926857 ], [ -39.94788739, -18.48929279 ], [ -39.94774775, -18.48953922 ], [ -39.94772388, -18.48957825 ], [ -39.94768349, -18.48964987 ], [ -39.94765993, -18.48968907 ], [ -39.94764736, -18.48971338 ], [ -39.94764269, -18.48972125 ], [ -39.94762354, -18.48975243 ], [ -39.94760131, -18.48979233 ], [ -39.94758227, -18.48982358 ], [ -39.94752394, -18.48992705 ], [ -39.94748551, -18.48998935 ], [ -39.94744613, -18.49006149 ], [ -39.94744162, -18.49006943 ], [ -39.94741437, -18.49011701 ], [ -39.94739471, -18.49014792 ], [ -39.94737714, -18.49017994 ], [ -39.94733973, -18.49024281 ], [ -39.94731387, -18.49029109 ], [ -39.94725394, -18.49039372 ], [ -39.94723241, -18.49043397 ], [ -39.9472223, -18.49044925 ], [ -39.94721187, -18.49046727 ] ] } },
{ "type": "Feature", "properties": { }, "geometry": { "type": "LineString", "coordinates": [ [ -39.94846387, -18.488232 ], [ -39.94838941, -18.48835838 ], [ -39.94834046, -18.48844613 ], [ -39.94827584, -18.48855661 ], [ -39.94824467, -18.48861245 ], [ -39.94821672, -18.48865966 ], [ -39.94816848, -18.48874777 ], [ -39.94811696, -18.48883417 ], [ -39.94806774, -18.48892178 ], [ -39.94803461, -18.48897658 ], [ -39.94798866, -18.4890556 ], [ -39.94793575, -18.48915158 ], [ -39.94788917, -18.48923027 ], [ -39.94772676, -18.48951633 ], [ -39.94768005, -18.48959494 ], [ -39.94765269, -18.48964247 ], [ -39.94763095, -18.48968261 ], [ -39.94759498, -18.48974624 ], [ -39.94756673, -18.48979329 ], [ -39.9475216, -18.48987274 ], [ -39.94745643, -18.48998293 ], [ -39.94742149, -18.49004708 ], [ -39.94740337, -18.49007882 ], [ -39.94736561, -18.4901415 ], [ -39.94734337, -18.4901814 ], [ -39.9473019, -18.49025245 ], [ -39.94727988, -18.49029246 ], [ -39.94722418, -18.49038699 ], [ -39.94721113, -18.49041107 ], [ -39.94716115, -18.49049825 ] ] } },
{ "type": "Feature", "properties": { }, "geometry": { "type": "LineString", "coordinates": [ [ -39.94845415, -18.48822136 ], [ -39.94839882, -18.48831553 ], [ -39.94836769, -18.48837138 ], [ -39.94834902, -18.48840284 ], [ -39.94832659, -18.48844263 ], [ -39.94828971, -18.48850579 ], [ -39.94826755, -18.48854572 ], [ -39.94821205, -18.48864036 ], [ -39.94820753, -18.4886483 ], [ -39.94816342, -18.48872827 ], [ -39.94815888, -18.4887362 ], [ -39.94810749, -18.48882268 ], [ -39.94810292, -18.48883059 ], [ -39.94805823, -18.48891027 ], [ -39.94805363, -18.48891817 ], [ -39.94802997, -18.48895731 ], [ -39.94802537, -18.48896521 ], [ -39.94798954, -18.48902891 ], [ -39.94798491, -18.48903679 ], [ -39.94797053, -18.48906018 ], [ -39.94796591, -18.48906807 ], [ -39.94792606, -18.48913997 ], [ -39.94787074, -18.4892347 ], [ -39.94781281, -18.48933837 ], [ -39.94775737, -18.48943303 ], [ -39.94770301, -18.48952827 ], [ -39.94766104, -18.48959906 ], [ -39.94759807, -18.4897104 ], [ -39.94756089, -18.4897734 ], [ -39.94755637, -18.48978134 ], [ -39.94753439, -18.48982137 ], [ -39.94750271, -18.48987694 ], [ -39.94745146, -18.48996348 ], [ -39.94744691, -18.48997141 ], [ -39.94739813, -18.49005925 ], [ -39.94739356, -18.49006716 ], [ -39.94735592, -18.49012991 ], [ -39.94727011, -18.49028084 ], [ -39.94726548, -18.49028872 ], [ -39.94722758, -18.49035133 ], [ -39.94722298, -18.49035922 ], [ -39.94714468, -18.49049901 ] ] } },
{ "type": "Feature", "properties": { }, "geometry": { "type": "LineString", "coordinates": [ [ -39.94844392, -18.48821304 ], [ -39.94842472, -18.48824368 ], [ -39.94840642, -18.48827532 ], [ -39.94835264, -18.48837086 ], [ -39.94831568, -18.48843398 ], [ -39.94828469, -18.4884899 ], [ -39.94821979, -18.48860023 ], [ -39.94815264, -18.48871969 ], [ -39.94809658, -18.48881402 ], [ -39.94804783, -18.48890187 ], [ -39.94800578, -18.48897262 ], [ -39.94795239, -18.48906836 ], [ -39.94789757, -18.48916336 ], [ -39.94785997, -18.48922612 ], [ -39.94781617, -18.48930625 ], [ -39.9477417, -18.48943218 ], [ -39.94768746, -18.48952748 ], [ -39.94765469, -18.48958247 ], [ -39.9475823, -18.4897095 ], [ -39.94753633, -18.48978851 ], [ -39.94747777, -18.48989186 ], [ -39.94744961, -18.48993896 ], [ -39.94740048, -18.49002662 ], [ -39.94733571, -18.49013702 ], [ -39.9472777, -18.49024064 ], [ -39.94721156, -18.4903503 ], [ -39.9471277, -18.4904998 ] ] } },
{ "type": "Feature", "properties": { }, "geometry": { "type": "LineString", "coordinates": [ [ -39.94843247, -18.4882046 ], [ -39.94839549, -18.48826717 ], [ -39.9483692, -18.48831524 ], [ -39.94832282, -18.48839404 ], [ -39.94829597, -18.48844183 ], [ -39.94828323, -18.48846606 ], [ -39.94823166, -18.48855243 ], [ -39.9481952, -18.48861581 ], [ -39.94813717, -18.48871942 ], [ -39.94808549, -18.48880574 ], [ -39.94802761, -18.48890943 ], [ -39.9479946, -18.48896429 ], [ -39.9478868, -18.48915525 ], [ -39.94786278, -18.48919419 ], [ -39.94783091, -18.48924966 ], [ -39.94779536, -18.4893135 ], [ -39.94773025, -18.48942372 ], [ -39.94768916, -18.48949498 ], [ -39.94768064, -18.48951113 ], [ -39.94764808, -18.48956623 ], [ -39.94761683, -18.48962202 ], [ -39.94759825, -18.48965352 ], [ -39.94756272, -18.48971738 ], [ -39.94752993, -18.48977236 ], [ -39.94747564, -18.48986764 ], [ -39.94743849, -18.48993065 ], [ -39.94739855, -18.4900025 ], [ -39.94733406, -18.49011305 ], [ -39.94732939, -18.49012091 ], [ -39.94732441, -18.4901286 ], [ -39.94725709, -18.49024797 ], [ -39.94719138, -18.49035786 ], [ -39.94715172, -18.49042986 ], [ -39.94711147, -18.49050056 ] ] } },
{ "type": "Feature", "properties": { }, "geometry": { "type": "LineString", "coordinates": [ [ -39.94842126, -18.48819632 ], [ -39.94839804, -18.4882355 ], [ -39.94835815, -18.48830738 ], [ -39.94832095, -18.48837037 ], [ -39.94826686, -18.48846574 ], [ -39.94822958, -18.48852868 ], [ -39.94815733, -18.48865578 ], [ -39.94807425, -18.48879783 ], [ -39.94804359, -18.48885392 ], [ -39.9480015, -18.48892464 ], [ -39.94796567, -18.48898835 ], [ -39.94793774, -18.48903557 ], [ -39.9479111, -18.48908347 ], [ -39.94781872, -18.48924126 ], [ -39.94778373, -18.48930538 ], [ -39.94772791, -18.48939985 ], [ -39.94769646, -18.48945554 ], [ -39.94767755, -18.48948686 ], [ -39.94765979, -18.48951879 ], [ -39.94762299, -18.48958199 ], [ -39.94758299, -18.48965381 ], [ -39.94750038, -18.48979611 ], [ -39.94746901, -18.48985184 ], [ -39.94743602, -18.48990671 ], [ -39.94740507, -18.48996266 ], [ -39.94733137, -18.490089 ], [ -39.94731383, -18.49012104 ], [ -39.94725053, -18.49023221 ], [ -39.9472081, -18.49030276 ], [ -39.94717258, -18.49036661 ], [ -39.94709492, -18.49050132 ] ] } },
{ "type": "Feature", "properties": { }, "geometry": { "type": "LineString", "coordinates": [ [ -39.94840954, -18.48818768 ], [ -39.9483415, -18.48830642 ], [ -39.94831815, -18.48834573 ], [ -39.94823225, -18.48849661 ], [ -39.94813117, -18.48867047 ], [ -39.94805848, -18.48879734 ], [ -39.94803195, -18.48884529 ], [ -39.9479899, -18.48891604 ], [ -39.94794498, -18.4889956 ], [ -39.9478299, -18.48919305 ], [ -39.94776731, -18.48930459 ], [ -39.94765213, -18.48950199 ], [ -39.94763445, -18.48953395 ], [ -39.94758417, -18.48962102 ], [ -39.94756228, -18.48966109 ], [ -39.94751568, -18.48973976 ], [ -39.94748001, -18.48980355 ], [ -39.9474717, -18.48981979 ], [ -39.94743386, -18.48988242 ], [ -39.9473938, -18.48995422 ], [ -39.94734806, -18.49003336 ], [ -39.94731982, -18.49008041 ], [ -39.94723393, -18.4902313 ], [ -39.94718277, -18.49031789 ], [ -39.94714289, -18.49038977 ], [ -39.94710121, -18.49046072 ], [ -39.9470883, -18.49048488 ], [ -39.94707778, -18.49050212 ] ] } },
{ "type": "Feature", "properties": { }, "geometry": { "type": "LineString", "coordinates": [ [ -39.94839792, -18.48817911 ], [ -39.94837506, -18.48821815 ], [ -39.94833031, -18.4882978 ], [ -39.94829759, -18.48835282 ], [ -39.94825698, -18.48842433 ], [ -39.94823835, -18.48845581 ], [ -39.94823382, -18.48846375 ], [ -39.94821618, -18.48849574 ], [ -39.94818429, -18.48855119 ], [ -39.9481058, -18.48868533 ], [ -39.94802991, -18.48882083 ], [ -39.94802531, -18.48882873 ], [ -39.94799697, -18.48887573 ], [ -39.94799241, -18.48888365 ], [ -39.94797039, -18.48892365 ], [ -39.94796587, -18.48893159 ], [ -39.94789643, -18.48904986 ], [ -39.9478015, -18.48921663 ], [ -39.9477368, -18.48932706 ], [ -39.94766896, -18.48944616 ], [ -39.94765476, -18.48946965 ], [ -39.94760009, -18.48956472 ], [ -39.94754618, -18.48966019 ], [ -39.94750428, -18.48973102 ], [ -39.94749975, -18.48973896 ], [ -39.94747342, -18.48978701 ], [ -39.94746891, -18.48979496 ], [ -39.94741353, -18.48988966 ], [ -39.94733272, -18.49003289 ], [ -39.94732808, -18.49004077 ], [ -39.94730898, -18.49007199 ], [ -39.94730438, -18.49007989 ], [ -39.94728217, -18.49011979 ], [ -39.94727755, -18.49012768 ], [ -39.9472632, -18.49015108 ], [ -39.94725858, -18.49015897 ], [ -39.94722273, -18.49022266 ], [ -39.94721815, -18.49023057 ], [ -39.9471761, -18.49030132 ], [ -39.94717155, -18.49030925 ], [ -39.94714493, -18.49035715 ], [ -39.94706128, -18.49050289 ] ] } },
{ "type": "Feature", "properties": { }, "geometry": { "type": "LineString", "coordinates": [ [ -39.94838541, -18.48817054 ], [ -39.94834891, -18.48823337 ], [ -39.94829959, -18.48832094 ], [ -39.94825765, -18.48839175 ], [ -39.94825309, -18.48839967 ], [ -39.94821763, -18.48846356 ], [ -39.94818543, -18.48851886 ], [ -39.9481586, -18.48856665 ], [ -39.94809395, -18.48867712 ], [ -39.94802136, -18.48880404 ], [ -39.94798407, -18.48886697 ], [ -39.94797958, -18.48887493 ], [ -39.94795824, -18.48891527 ], [ -39.9479538, -18.48892325 ], [ -39.94788845, -18.48903334 ], [ -39.94788387, -18.48904125 ], [ -39.94779872, -18.48919252 ], [ -39.9477199, -18.48932648 ], [ -39.94766614, -18.48942203 ], [ -39.94756546, -18.4895961 ], [ -39.94752998, -18.48965998 ], [ -39.94752544, -18.48966791 ], [ -39.94749725, -18.48971499 ], [ -39.94749267, -18.4897229 ], [ -39.94746165, -18.48977881 ], [ -39.94741542, -18.48985768 ], [ -39.94734812, -18.48997707 ], [ -39.94729719, -18.49006379 ], [ -39.94727033, -18.49011157 ], [ -39.94723753, -18.49016654 ], [ -39.94719696, -18.49023807 ], [ -39.94715506, -18.4903089 ], [ -39.94715048, -18.49031682 ], [ -39.94709684, -18.49041242 ], [ -39.94704374, -18.4905037 ] ] } },
{ "type": "Feature", "properties": { }, "geometry": { "type": "LineString", "coordinates": [ [ -39.94837326, -18.488163 ], [ -39.94829661, -18.4882976 ], [ -39.94825474, -18.48836844 ], [ -39.9481556, -18.48854331 ], [ -39.94807292, -18.48868557 ], [ -39.94804162, -18.48874133 ], [ -39.9479946, -18.48881978 ], [ -39.94799005, -18.48882771 ], [ -39.94798132, -18.48884375 ], [ -39.94797682, -18.4888517 ], [ -39.94796744, -18.4888674 ], [ -39.94796297, -18.48887537 ], [ -39.94794625, -18.48890781 ], [ -39.94794181, -18.48891579 ], [ -39.94792287, -18.4889471 ], [ -39.94788218, -18.48901856 ], [ -39.9478632, -18.48904985 ], [ -39.94780536, -18.48915356 ], [ -39.94771289, -18.48931131 ], [ -39.94764051, -18.48943834 ], [ -39.94756248, -18.48957272 ], [ -39.94753101, -18.4896284 ], [ -39.94751358, -18.4896605 ], [ -39.94750908, -18.48966845 ], [ -39.94748544, -18.4897076 ], [ -39.94748083, -18.4897155 ], [ -39.94743628, -18.48979525 ], [ -39.94743172, -18.48980317 ], [ -39.9474036, -18.48985029 ], [ -39.94732234, -18.48999329 ], [ -39.94728975, -18.49004838 ], [ -39.94726253, -18.49009597 ], [ -39.94723875, -18.49013505 ], [ -39.94723412, -18.49014294 ], [ -39.9471894, -18.4902226 ], [ -39.94712484, -18.49033311 ], [ -39.94708502, -18.49040502 ], [ -39.94702721, -18.49050447 ] ] } },
{ "type": "Feature", "properties": { }, "geometry": { "type": "LineString", "coordinates": [ [ -39.9483614, -18.48815566 ], [ -39.94821158, -18.48841687 ], [ -39.94815626, -18.4885116 ], [ -39.94811628, -18.48858344 ], [ -39.94798273, -18.48881245 ], [ -39.94796498, -18.48884438 ], [ -39.94794661, -18.48887599 ], [ -39.94793357, -18.48890008 ], [ -39.94792901, -18.488908 ], [ -39.94791949, -18.48892363 ], [ -39.94791492, -18.48893154 ], [ -39.94789741, -18.4889636 ], [ -39.9478159, -18.48910647 ], [ -39.94778324, -18.48916152 ], [ -39.94766913, -18.48935948 ], [ -39.94762889, -18.48943119 ], [ -39.94755043, -18.48956534 ], [ -39.94754592, -18.48957329 ], [ -39.9475151, -18.4896293 ], [ -39.94751057, -18.48963724 ], [ -39.9474687, -18.48970808 ], [ -39.94746416, -18.48971601 ], [ -39.94743322, -18.48977196 ], [ -39.94742868, -18.48977989 ], [ -39.9473915, -18.48984288 ], [ -39.94733778, -18.48993845 ], [ -39.94725985, -18.49007289 ], [ -39.94722689, -18.49012778 ], [ -39.94722228, -18.49013567 ], [ -39.94715502, -18.49025508 ], [ -39.94710844, -18.49033376 ], [ -39.94710391, -18.4903417 ], [ -39.94708639, -18.49037375 ], [ -39.94708189, -18.4903817 ], [ -39.94703114, -18.49046852 ], [ -39.94702669, -18.49047649 ], [ -39.94701147, -18.4905052 ] ] } },
{ "type": "Feature", "properties": { }, "geometry": { "type": "LineString", "coordinates": [ [ -39.94834978, -18.48814846 ], [ -39.94814436, -18.48850426 ], [ -39.94809055, -18.48859978 ], [ -39.94800269, -18.48874963 ], [ -39.94792149, -18.48889266 ], [ -39.94790283, -18.48892412 ], [ -39.94788566, -18.48895634 ], [ -39.94783133, -18.4890516 ], [ -39.94775297, -18.48918581 ], [ -39.94773391, -18.48921705 ], [ -39.94770324, -18.48927313 ], [ -39.94767977, -18.48931238 ], [ -39.94758922, -18.48947113 ], [ -39.9475339, -18.48956586 ], [ -39.94749811, -18.48962959 ], [ -39.94745652, -18.48970058 ], [ -39.94742557, -18.48975653 ], [ -39.94737929, -18.48983537 ], [ -39.94733008, -18.48992299 ], [ -39.94724311, -18.49007332 ], [ -39.9472149, -18.49012038 ], [ -39.94714737, -18.49023965 ], [ -39.94701944, -18.4904613 ], [ -39.94700262, -18.49049369 ], [ -39.94699531, -18.49050595 ] ] } },
{ "type": "Feature", "properties": { }, "geometry": { "type": "LineString", "coordinates": [ [ -39.9483379, -18.4881411 ], [ -39.94825133, -18.48829111 ], [ -39.94820952, -18.48836199 ], [ -39.9481692, -18.48843365 ], [ -39.94816466, -18.48844158 ], [ -39.94812748, -18.48850457 ], [ -39.94812292, -18.48851249 ], [ -39.94809635, -18.48856043 ], [ -39.94809182, -18.48856836 ], [ -39.94806847, -18.48860767 ], [ -39.94804148, -18.48865539 ], [ -39.94803689, -18.48866329 ], [ -39.94798949, -18.48874153 ], [ -39.9479849, -18.48874944 ], [ -39.94794552, -18.48882157 ], [ -39.94791392, -18.48887718 ], [ -39.94788607, -18.48892445 ], [ -39.94780565, -18.48906788 ], [ -39.94780108, -18.4890758 ], [ -39.9477728, -18.48912283 ], [ -39.94774079, -18.48917822 ], [ -39.94773611, -18.48918608 ], [ -39.94772645, -18.48920163 ], [ -39.94772179, -18.4892095 ], [ -39.94769972, -18.48924948 ], [ -39.94766318, -18.48931281 ], [ -39.94763647, -18.48936067 ], [ -39.94754897, -18.48951071 ], [ -39.94741327, -18.48974891 ], [ -39.94740868, -18.48975681 ], [ -39.9473758, -18.48981175 ], [ -39.94737122, -18.48981966 ], [ -39.94733593, -18.48988363 ], [ -39.94727228, -18.48999462 ], [ -39.94717087, -18.4901683 ], [ -39.94716635, -18.49017625 ], [ -39.94714442, -18.4902163 ], [ -39.947085, -18.49031919 ], [ -39.94703116, -18.4904147 ], [ -39.9470266, -18.49042262 ], [ -39.94701255, -18.49044618 ], [ -39.94700804, -18.49045413 ], [ -39.94699959, -18.49047031 ], [ -39.94699518, -18.4904783 ], [ -39.94697821, -18.49050675 ] ] } },
{ "type": "Feature", "properties": { }, "geometry": { "type": "LineString", "coordinates": [ [ -39.94832565, -18.48813351 ], [ -39.94830722, -18.48816457 ], [ -39.94824403, -18.4882758 ], [ -39.94819314, -18.48836254 ], [ -39.94816189, -18.48841833 ], [ -39.94812056, -18.48848946 ], [ -39.94810604, -18.48851277 ], [ -39.94810132, -18.4885206 ], [ -39.94807502, -18.48856867 ], [ -39.94801986, -18.48866349 ], [ -39.94797736, -18.48873399 ], [ -39.94792874, -18.48882191 ], [ -39.94788705, -18.48889285 ], [ -39.94786534, -18.48893301 ], [ -39.94779837, -18.48905256 ], [ -39.94779382, -18.48906049 ], [ -39.94776047, -18.48911516 ], [ -39.94772437, -18.48917872 ], [ -39.94771974, -18.48918661 ], [ -39.947705, -18.48920978 ], [ -39.94760639, -18.48938493 ], [ -39.9475278, -18.48951901 ], [ -39.94748756, -18.48959072 ], [ -39.94744162, -18.48966974 ], [ -39.94739704, -18.48974948 ], [ -39.94736356, -18.48980408 ], [ -39.94735013, -18.48982797 ], [ -39.9473374, -18.48985221 ], [ -39.94728342, -18.48994764 ], [ -39.94727888, -18.48995557 ], [ -39.94722757, -18.49004209 ], [ -39.94712745, -18.49021646 ], [ -39.94710084, -18.49026436 ], [ -39.94706856, -18.49031962 ], [ -39.94701061, -18.49042328 ], [ -39.94697857, -18.49047866 ], [ -39.9469606, -18.49050756 ] ] } },
{ "type": "Feature", "properties": { }, "geometry": { "type": "LineString", "coordinates": [ [ -39.9483136, -18.48812604 ], [ -39.94825099, -18.48823776 ], [ -39.94822215, -18.48828448 ], [ -39.94818248, -18.48835647 ], [ -39.94814463, -18.4884191 ], [ -39.94810892, -18.48848286 ], [ -39.9480896, -18.48851396 ], [ -39.94808494, -18.48852182 ], [ -39.94807261, -18.48854625 ], [ -39.94806837, -18.48855433 ], [ -39.94804516, -18.48859371 ], [ -39.94803215, -18.48861782 ], [ -39.94798911, -18.48868802 ], [ -39.94798447, -18.4886959 ], [ -39.94797191, -18.48872022 ], [ -39.94796757, -18.48872825 ], [ -39.9479436, -18.48876722 ], [ -39.94792188, -18.48880737 ], [ -39.94791737, -18.48881532 ], [ -39.94791234, -18.48882298 ], [ -39.94790751, -18.48883075 ], [ -39.94789897, -18.48884688 ], [ -39.94787534, -18.48888604 ], [ -39.94787073, -18.48889394 ], [ -39.9478323, -18.48896653 ], [ -39.94780529, -18.48901424 ], [ -39.94774843, -18.48910814 ], [ -39.94771282, -18.48917195 ], [ -39.94770826, -18.48917988 ], [ -39.94769362, -18.48920311 ], [ -39.94768888, -18.48921094 ], [ -39.94766296, -18.48925919 ], [ -39.94765853, -18.48926718 ], [ -39.94762548, -18.48932202 ], [ -39.94759932, -18.48937015 ], [ -39.94753889, -18.48947251 ], [ -39.94752159, -18.48950467 ], [ -39.94751711, -18.48951263 ], [ -39.94750728, -18.48952808 ], [ -39.9475025, -18.48953589 ], [ -39.94747164, -18.48959187 ], [ -39.94742933, -18.48966248 ], [ -39.94742474, -18.48967038 ], [ -39.94740341, -18.48971073 ], [ -39.94739901, -18.48971873 ], [ -39.94735149, -18.48979691 ], [ -39.94734688, -18.4898048 ], [ -39.94731735, -18.48986144 ], [ -39.94728552, -18.48991693 ], [ -39.94728093, -18.48992484 ], [ -39.94721969, -18.49002675 ], [ -39.94717524, -18.49010656 ], [ -39.94714215, -18.49016137 ], [ -39.94711516, -18.49020909 ], [ -39.9470981, -18.49024136 ], [ -39.94709371, -18.49024937 ], [ -39.94707003, -18.4902885 ], [ -39.94706543, -18.49029641 ], [ -39.94705283, -18.4903207 ], [ -39.94704849, -18.49032874 ], [ -39.94702499, -18.49036797 ], [ -39.94698974, -18.49043196 ], [ -39.94696654, -18.49047136 ], [ -39.94694324, -18.49050837 ] ] } },
{ "type": "Feature", "properties": { }, "geometry": { "type": "LineString", "coordinates": [ [ -39.94830141, -18.48811849 ], [ -39.94826606, -18.48818192 ], [ -39.94821107, -18.48827683 ], [ -39.94817546, -18.48834064 ], [ -39.94813329, -18.48841132 ], [ -39.94808327, -18.48849853 ], [ -39.94802534, -18.48860219 ], [ -39.94793308, -18.48876005 ], [ -39.94791051, -18.48879977 ], [ -39.94789757, -18.48882391 ], [ -39.94785972, -18.48888654 ], [ -39.94778915, -18.4890145 ], [ -39.94774188, -18.48909281 ], [ -39.94769754, -18.48917266 ], [ -39.94769304, -18.48918061 ], [ -39.9476744, -18.48921209 ], [ -39.94765215, -18.48925197 ], [ -39.9475917, -18.48935432 ], [ -39.94756959, -18.48939428 ], [ -39.94752361, -18.48947328 ], [ -39.94750153, -18.48951326 ], [ -39.947418, -18.48965506 ], [ -39.94738739, -18.48971118 ], [ -39.94733139, -18.48980554 ], [ -39.94730515, -18.48985364 ], [ -39.94725099, -18.48994898 ], [ -39.94719051, -18.49005131 ], [ -39.9471859, -18.49005921 ], [ -39.94715435, -18.49011485 ], [ -39.94713556, -18.49014624 ], [ -39.94708638, -18.49023387 ], [ -39.94705882, -18.49028129 ], [ -39.94703292, -18.49032955 ], [ -39.9470048, -18.49037667 ], [ -39.94695031, -18.49047184 ], [ -39.94692712, -18.49050912 ] ] } },
{ "type": "Feature", "properties": { }, "geometry": { "type": "LineString", "coordinates": [ [ -39.9482896, -18.48811116 ], [ -39.94824504, -18.4881904 ], [ -39.94820353, -18.48826144 ], [ -39.94818195, -18.48830165 ], [ -39.94813988, -18.48837239 ], [ -39.94807629, -18.48848342 ], [ -39.94805285, -18.48852267 ], [ -39.94802192, -18.48857863 ], [ -39.94799451, -18.48862613 ], [ -39.94797137, -18.48866555 ], [ -39.94796162, -18.48868105 ], [ -39.94794417, -18.48871313 ], [ -39.94792568, -18.48874468 ], [ -39.94787693, -18.48883254 ], [ -39.94786285, -18.48885609 ], [ -39.94784521, -18.48888808 ], [ -39.94782176, -18.48892733 ], [ -39.94777254, -18.48901495 ], [ -39.94772516, -18.4890932 ], [ -39.94768556, -18.48916522 ], [ -39.94766713, -18.48919681 ], [ -39.94764494, -18.48923672 ], [ -39.94762562, -18.48926782 ], [ -39.94760762, -18.48929963 ], [ -39.94759342, -18.48932311 ], [ -39.94755315, -18.48939479 ], [ -39.94750693, -18.48947367 ], [ -39.9474892, -18.48950562 ], [ -39.94741119, -18.48964001 ], [ -39.94738881, -18.48967984 ], [ -39.94732375, -18.48979008 ], [ -39.94730192, -18.48983018 ], [ -39.94726995, -18.48988559 ], [ -39.94722987, -18.48995738 ], [ -39.94705553, -18.49025781 ], [ -39.94701645, -18.4903301 ], [ -39.94700204, -18.49035346 ], [ -39.94694724, -18.49044847 ], [ -39.94691827, -18.49049511 ], [ -39.94691019, -18.49050991 ] ] } },
{ "type": "Feature", "properties": { }, "geometry": { "type": "LineString", "coordinates": [ [ -39.94827801, -18.48810398 ], [ -39.94823737, -18.48817496 ], [ -39.9482112, -18.48822309 ], [ -39.94811872, -18.48838083 ], [ -39.9480688, -18.48846809 ], [ -39.9480406, -18.48851516 ], [ -39.94802699, -18.48853896 ], [ -39.94800536, -18.48857916 ], [ -39.94796398, -18.48865027 ], [ -39.94795933, -18.48865814 ], [ -39.94794968, -18.48867369 ], [ -39.94789597, -18.48876926 ], [ -39.94785493, -18.48884055 ], [ -39.94783307, -18.48888063 ], [ -39.94778661, -18.48895938 ], [ -39.94775562, -18.48901531 ], [ -39.94770822, -18.48909355 ], [ -39.94767788, -18.48914979 ], [ -39.9476544, -18.48918903 ], [ -39.94763681, -18.48922105 ], [ -39.94761767, -18.48925224 ], [ -39.94759543, -18.48929213 ], [ -39.94754465, -18.48937894 ], [ -39.94751361, -18.48943484 ], [ -39.94743075, -18.489577 ], [ -39.94739518, -18.48964083 ], [ -39.94731653, -18.48977489 ], [ -39.94726715, -18.48986242 ], [ -39.94726262, -18.48987036 ], [ -39.94724863, -18.48989395 ], [ -39.94719959, -18.48998166 ], [ -39.94717615, -18.49002092 ], [ -39.94714496, -18.49007675 ], [ -39.94711653, -18.4901237 ], [ -39.94709881, -18.49015565 ], [ -39.94704353, -18.4902504 ], [ -39.94701747, -18.49029859 ], [ -39.9469812, -18.49036206 ], [ -39.94693078, -18.49044905 ], [ -39.94689371, -18.49051067 ] ] } },
{ "type": "Feature", "properties": { }, "geometry": { "type": "LineString", "coordinates": [ [ -39.94826559, -18.48809629 ], [ -39.94823374, -18.48815125 ], [ -39.94819835, -18.48821518 ], [ -39.9481422, -18.48830947 ], [ -39.94806596, -18.48844478 ], [ -39.94801493, -18.48853145 ], [ -39.94799793, -18.48856375 ], [ -39.94785564, -18.48880881 ], [ -39.94785108, -18.48881673 ], [ -39.94782449, -18.48886465 ], [ -39.94780109, -18.48890393 ], [ -39.94773877, -18.48901561 ], [ -39.94769623, -18.48908609 ], [ -39.94767452, -18.48912624 ], [ -39.94764194, -18.48918134 ], [ -39.94762408, -18.48921322 ], [ -39.94760062, -18.48925247 ], [ -39.94755541, -18.48933188 ], [ -39.94753669, -18.48936331 ], [ -39.94749246, -18.48944322 ], [ -39.94744608, -18.48952202 ], [ -39.94738286, -18.48963323 ], [ -39.94732699, -18.48972767 ], [ -39.94729586, -18.48978352 ], [ -39.94723158, -18.48989418 ], [ -39.94719207, -18.48996625 ], [ -39.94716865, -18.49000552 ], [ -39.94712828, -18.49007716 ], [ -39.94709984, -18.4901241 ], [ -39.94708226, -18.49015612 ], [ -39.94702669, -18.49025072 ], [ -39.94700005, -18.49029861 ], [ -39.94697239, -18.49034598 ], [ -39.94691848, -18.49044145 ], [ -39.94691394, -18.49044938 ], [ -39.94688569, -18.49049643 ], [ -39.94687775, -18.49051141 ] ] } },
{ "type": "Feature", "properties": { }, "geometry": { "type": "LineString", "coordinates": [ [ -39.9482543, -18.48808929 ], [ -39.94821285, -18.48815984 ], [ -39.94817685, -18.48822346 ], [ -39.94813008, -18.48830205 ], [ -39.94805394, -18.48843741 ], [ -39.94801647, -18.48850025 ], [ -39.94795816, -18.48860372 ], [ -39.94786166, -18.48876966 ], [ -39.94779879, -18.48888106 ], [ -39.94777561, -18.48892046 ], [ -39.9477266, -18.48900819 ], [ -39.94768439, -18.48907885 ], [ -39.94765804, -18.48912689 ], [ -39.94763442, -18.48916605 ], [ -39.94752938, -18.48934814 ], [ -39.94748047, -18.48943592 ], [ -39.9474249, -18.48953052 ], [ -39.94737073, -18.48962585 ], [ -39.94732404, -18.48970448 ], [ -39.94725231, -18.48983185 ], [ -39.94721062, -18.4899028 ], [ -39.94717997, -18.48995889 ], [ -39.94716184, -18.48999063 ], [ -39.94709242, -18.4901089 ], [ -39.94708783, -18.49011681 ], [ -39.94707459, -18.49014079 ], [ -39.94696909, -18.49032264 ], [ -39.94696455, -18.49033058 ], [ -39.94694713, -18.49036268 ], [ -39.94687846, -18.49048135 ], [ -39.94687393, -18.49048929 ], [ -39.94686166, -18.49051216 ] ] } },
{ "type": "Feature", "properties": { }, "geometry": { "type": "LineString", "coordinates": [ [ -39.94824206, -18.48808171 ], [ -39.94817363, -18.48819999 ], [ -39.94812705, -18.48827867 ], [ -39.94804232, -18.48843015 ], [ -39.94801385, -18.48847708 ], [ -39.94794975, -18.48858784 ], [ -39.94794521, -18.48859577 ], [ -39.94792779, -18.48862787 ], [ -39.94786865, -18.48873091 ], [ -39.94786406, -18.48873882 ], [ -39.94784507, -18.48877009 ], [ -39.94780512, -18.48884194 ], [ -39.94776823, -18.48890509 ], [ -39.94771454, -18.48900068 ], [ -39.94768612, -18.48904763 ], [ -39.94763664, -18.48913511 ], [ -39.94761767, -18.4891664 ], [ -39.94760005, -18.4891984 ], [ -39.94757206, -18.48924559 ], [ -39.94755922, -18.48926977 ], [ -39.9475313, -18.489317 ], [ -39.94746867, -18.48942852 ], [ -39.94741328, -18.48952321 ], [ -39.9473956, -18.48955518 ], [ -39.94733025, -18.48966528 ], [ -39.94724988, -18.48980873 ], [ -39.94720809, -18.48987962 ], [ -39.9471676, -18.48995119 ], [ -39.94708033, -18.49010136 ], [ -39.94704969, -18.49015745 ], [ -39.94702181, -18.4902047 ], [ -39.94697702, -18.49028433 ], [ -39.94695305, -18.4903233 ], [ -39.94693547, -18.49035532 ], [ -39.94688446, -18.490442 ], [ -39.94684492, -18.49051294 ] ] } },
{ "type": "Feature", "properties": { }, "geometry": { "type": "LineString", "coordinates": [ [ -39.94823069, -18.48807466 ], [ -39.94812884, -18.48824759 ], [ -39.94810308, -18.48829592 ], [ -39.94805701, -18.48837488 ], [ -39.94803115, -18.48842317 ], [ -39.94801661, -18.48844645 ], [ -39.94793773, -18.48858039 ], [ -39.94791576, -18.48862041 ], [ -39.9479015, -18.48864387 ], [ -39.94780263, -18.48881888 ], [ -39.94776507, -18.48888166 ], [ -39.94771616, -18.48896944 ], [ -39.94766949, -18.48904807 ], [ -39.94763792, -18.4891037 ], [ -39.94760079, -18.48916673 ], [ -39.947579, -18.48920684 ], [ -39.94756016, -18.4892382 ], [ -39.94753837, -18.48927832 ], [ -39.9474831, -18.48937308 ], [ -39.94743853, -18.48945282 ], [ -39.9473928, -18.48953196 ], [ -39.94735517, -18.48959471 ], [ -39.94732775, -18.48964221 ], [ -39.94727871, -18.48972991 ], [ -39.94725567, -18.48976939 ], [ -39.94723819, -18.48980146 ], [ -39.9472007, -18.48986429 ], [ -39.94717377, -18.48991204 ], [ -39.94709526, -18.49004617 ], [ -39.94704688, -18.49013421 ], [ -39.94701866, -18.49018127 ], [ -39.9469915, -18.4902289 ], [ -39.94696962, -18.49026897 ], [ -39.94694126, -18.49031596 ], [ -39.94691438, -18.49036373 ], [ -39.94688188, -18.49041887 ], [ -39.94685034, -18.49047451 ], [ -39.94682968, -18.49051365 ] ] } },
{ "type": "Feature", "properties": { }, "geometry": { "type": "LineString", "coordinates": [ [ -39.94821853, -18.48806713 ], [ -39.94813577, -18.48820882 ], [ -39.9480872, -18.48829677 ], [ -39.94803623, -18.48838346 ], [ -39.94801457, -18.48842365 ], [ -39.94794485, -18.48854176 ], [ -39.94789984, -18.48862127 ], [ -39.94788536, -18.4886446 ], [ -39.94782343, -18.48875647 ], [ -39.94779126, -18.48881179 ], [ -39.94775316, -18.48887428 ], [ -39.94769519, -18.48897793 ], [ -39.94765763, -18.48904071 ], [ -39.94763998, -18.4890727 ], [ -39.94758877, -18.48915927 ], [ -39.94756282, -18.48920751 ], [ -39.94753971, -18.48924695 ], [ -39.94751749, -18.48928685 ], [ -39.94747584, -18.48935781 ], [ -39.94739017, -18.48950881 ], [ -39.94729737, -18.48966639 ], [ -39.94723058, -18.48978603 ], [ -39.94720202, -18.48983291 ], [ -39.94710669, -18.48999947 ], [ -39.94708744, -18.4900306 ], [ -39.94703884, -18.49011853 ], [ -39.94701553, -18.49015786 ], [ -39.94691129, -18.49034037 ], [ -39.94686969, -18.49041136 ], [ -39.94681227, -18.49051445 ] ] } },
{ "type": "Feature", "properties": { }, "geometry": { "type": "LineString", "coordinates": [ [ -39.94820694, -18.48805994 ], [ -39.94815177, -18.48815424 ], [ -39.9481253, -18.48820222 ], [ -39.94809241, -18.48825714 ], [ -39.94807033, -18.48829712 ], [ -39.94802417, -18.48837603 ], [ -39.94799774, -18.48842403 ], [ -39.9479739, -18.48846307 ], [ -39.94789687, -18.48859798 ], [ -39.947869, -18.48864524 ], [ -39.94781147, -18.4887491 ], [ -39.9477795, -18.48880452 ], [ -39.94773717, -18.48887512 ], [ -39.94769259, -18.48895486 ], [ -39.94765059, -18.48902563 ], [ -39.94763288, -18.48905759 ], [ -39.9475686, -18.48916825 ], [ -39.94755145, -18.48920048 ], [ -39.94753259, -18.48923183 ], [ -39.94746405, -18.48935057 ], [ -39.94737352, -18.48950934 ], [ -39.94728541, -18.48965905 ], [ -39.94721432, -18.48978674 ], [ -39.94717176, -18.48985721 ], [ -39.94713606, -18.48992098 ], [ -39.94710827, -18.48996829 ], [ -39.94707307, -18.49003231 ], [ -39.94700298, -18.49015022 ], [ -39.94692177, -18.49029325 ], [ -39.94685737, -18.49040384 ], [ -39.94679553, -18.49051523 ] ] } },
{ "type": "Feature", "properties": { }, "geometry": { "type": "LineString", "coordinates": [ [ -39.94819511, -18.48805262 ], [ -39.94815794, -18.48811524 ], [ -39.94811754, -18.48818686 ], [ -39.94808473, -18.48824183 ], [ -39.94805817, -18.48828977 ], [ -39.94802569, -18.48834492 ], [ -39.9479903, -18.48840884 ], [ -39.94794792, -18.48847941 ], [ -39.9478759, -18.48860663 ], [ -39.94786172, -18.48863013 ], [ -39.94779806, -18.48874111 ], [ -39.94776721, -18.4887971 ], [ -39.94773918, -18.48884427 ], [ -39.9476759, -18.48895546 ], [ -39.94764764, -18.4890025 ], [ -39.94761622, -18.4890582 ], [ -39.94759729, -18.48908951 ], [ -39.94755653, -18.48916095 ], [ -39.94754368, -18.48918513 ], [ -39.94744272, -18.48935905 ], [ -39.94738905, -18.48945464 ], [ -39.94724639, -18.4896995 ], [ -39.947198, -18.48978754 ], [ -39.9471749, -18.48982698 ], [ -39.94715079, -18.48986587 ], [ -39.94709638, -18.48996108 ], [ -39.94705229, -18.49004106 ], [ -39.94701448, -18.49010372 ], [ -39.94698372, -18.49015976 ], [ -39.94695052, -18.49021451 ], [ -39.94691913, -18.49027023 ], [ -39.94689103, -18.49031737 ], [ -39.94686459, -18.49036536 ], [ -39.94677836, -18.49051602 ] ] } },
{ "type": "Feature", "properties": { }, "geometry": { "type": "LineString", "coordinates": [ [ -39.94818311, -18.48804518 ], [ -39.94807285, -18.48823433 ], [ -39.94801381, -18.48833742 ], [ -39.94799177, -18.48837741 ], [ -39.94795902, -18.48843242 ], [ -39.94792745, -18.48848805 ], [ -39.94790403, -18.48852732 ], [ -39.94787756, -18.4885753 ], [ -39.94784959, -18.4886225 ], [ -39.94778121, -18.48874132 ], [ -39.94772311, -18.4888449 ], [ -39.94767652, -18.48892358 ], [ -39.94761808, -18.48902699 ], [ -39.94757626, -18.48909786 ], [ -39.94748594, -18.48925674 ], [ -39.94742593, -18.48935932 ], [ -39.94737703, -18.4894471 ], [ -39.94735832, -18.48947853 ], [ -39.94727661, -18.4896213 ], [ -39.94724821, -18.48966827 ], [ -39.94718562, -18.4897798 ], [ -39.94710247, -18.48992181 ], [ -39.9470401, -18.49003346 ], [ -39.94700271, -18.49009634 ], [ -39.94697223, -18.49015252 ], [ -39.94693896, -18.49020724 ], [ -39.94691695, -18.49024725 ], [ -39.94688396, -18.49030212 ], [ -39.94684852, -18.49036602 ], [ -39.94676193, -18.4905166 ] ] } },
{ "type": "Feature", "properties": { }, "geometry": { "type": "LineString", "coordinates": [ [ -39.94817062, -18.48803744 ], [ -39.94811075, -18.48813959 ], [ -39.94803839, -18.48826664 ], [ -39.94800136, -18.48832971 ], [ -39.94791152, -18.48848883 ], [ -39.94778722, -18.48870207 ], [ -39.94771081, -18.4888373 ], [ -39.94766455, -18.48891616 ], [ -39.94760178, -18.48902761 ], [ -39.94756005, -18.48909853 ], [ -39.94747853, -18.48924139 ], [ -39.94743218, -18.4893202 ], [ -39.94740143, -18.48937625 ], [ -39.94729617, -18.48955823 ], [ -39.94726941, -18.48960606 ], [ -39.94723658, -18.48966102 ], [ -39.94715081, -18.48981197 ], [ -39.94710402, -18.48989054 ], [ -39.94701848, -18.49004161 ], [ -39.94699509, -18.4900809 ], [ -39.94695559, -18.49015297 ], [ -39.94693173, -18.490192 ], [ -39.94690985, -18.49023208 ], [ -39.94687236, -18.49029491 ], [ -39.94683679, -18.49035874 ], [ -39.94674466, -18.49051721 ] ] } },
{ "type": "Feature", "properties": { }, "geometry": { "type": "LineString", "coordinates": [ [ -39.94815797, -18.4880296 ], [ -39.94800348, -18.48829905 ], [ -39.94798469, -18.48833044 ], [ -39.94793521, -18.48841792 ], [ -39.9479089, -18.48846599 ], [ -39.94786753, -18.4885371 ], [ -39.94783458, -18.48859199 ], [ -39.94778429, -18.48867905 ], [ -39.94776228, -18.48871906 ], [ -39.94771634, -18.48879809 ], [ -39.94763552, -18.48894132 ], [ -39.9476168, -18.48897274 ], [ -39.94758603, -18.48902878 ], [ -39.94751723, -18.48914738 ], [ -39.94750272, -18.48917069 ], [ -39.94745253, -18.4892578 ], [ -39.94742098, -18.48931344 ], [ -39.94739075, -18.48936974 ], [ -39.94735332, -18.4894326 ], [ -39.94728445, -18.48955117 ], [ -39.94727575, -18.48956722 ], [ -39.94723388, -18.48963807 ], [ -39.94719361, -18.48970975 ], [ -39.94705584, -18.48994686 ], [ -39.94697896, -18.49008185 ], [ -39.94691668, -18.49019355 ], [ -39.94685147, -18.49030371 ], [ -39.94678821, -18.4904149 ], [ -39.94674163, -18.49049359 ], [ -39.94672825, -18.49051778 ] ] } },
{ "type": "Feature", "properties": { }, "geometry": { "type": "LineString", "coordinates": [ [ -39.94814615, -18.48802228 ], [ -39.94813209, -18.48804566 ], [ -39.94811012, -18.48808569 ], [ -39.94807825, -18.48814116 ], [ -39.9480547, -18.48818036 ], [ -39.94800517, -18.48826781 ], [ -39.94796359, -18.48833882 ], [ -39.94792303, -18.48841035 ], [ -39.9479012, -18.48845045 ], [ -39.94783134, -18.48856849 ], [ -39.94777744, -18.48866396 ], [ -39.94776797, -18.48867962 ], [ -39.94775495, -18.48870371 ], [ -39.94771817, -18.48876692 ], [ -39.94768256, -18.48883074 ], [ -39.94762339, -18.48893376 ], [ -39.94759991, -18.488973 ], [ -39.94756014, -18.48904494 ], [ -39.94744041, -18.48925027 ], [ -39.94736915, -18.48937788 ], [ -39.94724919, -18.48958308 ], [ -39.94717723, -18.48971033 ], [ -39.94715353, -18.48974945 ], [ -39.94709504, -18.48985283 ], [ -39.9470578, -18.48991579 ], [ -39.94703158, -18.4899639 ], [ -39.94698974, -18.49003476 ], [ -39.94691846, -18.49016236 ], [ -39.94683057, -18.4903122 ], [ -39.94671198, -18.49051836 ] ] } },
{ "type": "Feature", "properties": { }, "geometry": { "type": "LineString", "coordinates": [ [ -39.94813459, -18.48801511 ], [ -39.94811101, -18.48805445 ], [ -39.94808458, -18.48810245 ], [ -39.94804717, -18.48816532 ], [ -39.94802037, -18.48821313 ], [ -39.94795139, -18.48833164 ], [ -39.94788004, -18.4884592 ], [ -39.94783804, -18.48852998 ], [ -39.94780216, -18.48859365 ], [ -39.94775177, -18.48868066 ], [ -39.94773414, -18.48871266 ], [ -39.94770621, -18.48875988 ], [ -39.94767501, -18.48881569 ], [ -39.94765176, -18.48885506 ], [ -39.94762053, -18.48891087 ], [ -39.94758335, -18.48897386 ], [ -39.94755222, -18.48902971 ], [ -39.947502, -18.48911681 ], [ -39.94748454, -18.48914889 ], [ -39.94743261, -18.48923507 ], [ -39.94735234, -18.48937858 ], [ -39.94731068, -18.48944954 ], [ -39.94727465, -18.48951314 ], [ -39.947237, -18.48957587 ], [ -39.94720585, -18.48963172 ], [ -39.94719611, -18.48964722 ], [ -39.94716516, -18.48970316 ], [ -39.94711435, -18.48978995 ], [ -39.9470879, -18.48983794 ], [ -39.94705076, -18.48990095 ], [ -39.94703374, -18.48993325 ], [ -39.94696877, -18.49004354 ], [ -39.94690671, -18.49015535 ], [ -39.94686915, -18.49021814 ], [ -39.94683352, -18.49028194 ], [ -39.94680031, -18.4903367 ], [ -39.946695, -18.49051895 ] ] } },
{ "type": "Feature", "properties": { }, "geometry": { "type": "LineString", "coordinates": [ [ -39.94812295, -18.4880079 ], [ -39.94810361, -18.48803915 ], [ -39.94809114, -18.48806352 ], [ -39.94803109, -18.48816608 ], [ -39.94799946, -18.48822168 ], [ -39.94797594, -18.48826089 ], [ -39.94795396, -18.48830092 ], [ -39.94793039, -18.48834011 ], [ -39.94788644, -18.48842016 ], [ -39.94783959, -18.4884987 ], [ -39.94781304, -18.48854664 ], [ -39.94774899, -18.48865742 ], [ -39.94771794, -18.48871332 ], [ -39.94767159, -18.48879213 ], [ -39.94761333, -18.48889563 ], [ -39.94751707, -18.4890617 ], [ -39.94747737, -18.48913367 ], [ -39.9474443, -18.4891885 ], [ -39.94743091, -18.48921242 ], [ -39.94740697, -18.4892514 ], [ -39.94736354, -18.48933171 ], [ -39.94732588, -18.48939444 ], [ -39.94725833, -18.4895137 ], [ -39.94723487, -18.48955295 ], [ -39.94720806, -18.48960076 ], [ -39.9471846, -18.48964001 ], [ -39.94715832, -18.48968809 ], [ -39.94713951, -18.48971946 ], [ -39.94711744, -18.48975944 ], [ -39.94704347, -18.48988564 ], [ -39.94700801, -18.48994954 ], [ -39.94693415, -18.49007579 ], [ -39.94689931, -18.49013999 ], [ -39.94682164, -18.49027457 ], [ -39.94679317, -18.49032149 ], [ -39.94675256, -18.49039301 ], [ -39.94667812, -18.49051955 ] ] } },
{ "type": "Feature", "properties": { }, "geometry": { "type": "LineString", "coordinates": [ [ -39.94811215, -18.48800121 ], [ -39.94809801, -18.4880242 ], [ -39.94808048, -18.48805624 ], [ -39.94802894, -18.48814264 ], [ -39.94800232, -18.48819054 ], [ -39.94796467, -18.48825329 ], [ -39.94793826, -18.48830129 ], [ -39.94791471, -18.4883405 ], [ -39.94787491, -18.48841242 ], [ -39.94782338, -18.48849882 ], [ -39.94770154, -18.48871335 ], [ -39.94766457, -18.48877645 ], [ -39.94763406, -18.48883262 ], [ -39.94761555, -18.48886416 ], [ -39.94759792, -18.48889615 ], [ -39.94755596, -18.48896695 ], [ -39.94752026, -18.48903072 ], [ -39.94750119, -18.48906196 ], [ -39.94746987, -18.48911771 ], [ -39.94746158, -18.48913396 ], [ -39.94742825, -18.48918865 ], [ -39.94741484, -18.48921255 ], [ -39.94739595, -18.48924388 ], [ -39.94734285, -18.48933977 ], [ -39.94732354, -18.48937086 ], [ -39.94730036, -18.48941027 ], [ -39.94727859, -18.4894504 ], [ -39.94725051, -18.48949754 ], [ -39.94721026, -18.48956923 ], [ -39.94716858, -18.48964018 ], [ -39.94714666, -18.48968023 ], [ -39.94712342, -18.48971961 ], [ -39.94709208, -18.48977535 ], [ -39.9470546, -18.48983819 ], [ -39.9470233, -18.48989395 ], [ -39.94697303, -18.48998102 ], [ -39.94695993, -18.49000508 ], [ -39.94691836, -18.49007609 ], [ -39.94682821, -18.49023505 ], [ -39.94679548, -18.49029006 ], [ -39.94674561, -18.49037734 ], [ -39.94668028, -18.49048744 ], [ -39.94666211, -18.49052011 ] ] } },
{ "type": "Feature", "properties": { }, "geometry": { "type": "LineString", "coordinates": [ [ -39.94809926, -18.48799322 ], [ -39.94808154, -18.48802516 ], [ -39.94803945, -18.48809588 ], [ -39.94799915, -18.48816755 ], [ -39.94795284, -18.48824638 ], [ -39.94792617, -18.48829427 ], [ -39.94790245, -18.48833338 ], [ -39.94787159, -18.48838936 ], [ -39.94781604, -18.48848397 ], [ -39.94778502, -18.48853988 ], [ -39.94776628, -18.48857129 ], [ -39.94770247, -18.4886822 ], [ -39.94768029, -18.48872213 ], [ -39.94766161, -18.48875358 ], [ -39.94762212, -18.48882565 ], [ -39.94759045, -18.48888123 ], [ -39.94753943, -18.48896791 ], [ -39.94751275, -18.48901578 ], [ -39.94749406, -18.48904722 ], [ -39.94744889, -18.48912665 ], [ -39.94741138, -18.48918947 ], [ -39.94733466, -18.48932454 ], [ -39.94728823, -18.48940331 ], [ -39.94726657, -18.48944349 ], [ -39.94723838, -18.48949057 ], [ -39.9472117, -18.48953844 ], [ -39.94716992, -18.48960934 ], [ -39.94714311, -18.48965715 ], [ -39.94710618, -18.48972028 ], [ -39.94708424, -18.48976032 ], [ -39.94703309, -18.48984692 ], [ -39.94700207, -18.48990283 ], [ -39.94697425, -18.48995011 ], [ -39.94691595, -18.49005359 ], [ -39.94682473, -18.490212 ], [ -39.94675077, -18.4903382 ], [ -39.94672385, -18.49038596 ], [ -39.94668181, -18.49045671 ], [ -39.94664587, -18.49052068 ] ] } },
{ "type": "Feature", "properties": { }, "geometry": { "type": "LineString", "coordinates": [ [ -39.94808696, -18.48798559 ], [ -39.94806353, -18.4880248 ], [ -39.94800972, -18.48812032 ], [ -39.94797737, -18.48817554 ], [ -39.94792363, -18.4882711 ], [ -39.94789064, -18.48832597 ], [ -39.94780866, -18.48846859 ], [ -39.94778232, -18.48851664 ], [ -39.94775386, -18.48856357 ], [ -39.94767755, -18.48869886 ], [ -39.94764953, -18.48874603 ], [ -39.94759213, -18.48884996 ], [ -39.94752707, -18.4889602 ], [ -39.94749169, -18.48902414 ], [ -39.94740857, -18.48916616 ], [ -39.94738172, -18.48921395 ], [ -39.94728554, -18.48938007 ], [ -39.9472544, -18.48943591 ], [ -39.94722645, -18.48948312 ], [ -39.94720927, -18.48951534 ], [ -39.94716729, -18.48958613 ], [ -39.94706199, -18.48976808 ], [ -39.94699459, -18.48988742 ], [ -39.94679497, -18.49023646 ], [ -39.94673879, -18.49033074 ], [ -39.94672105, -18.49036267 ], [ -39.94664712, -18.4904889 ], [ -39.94662934, -18.49052126 ] ] } },
{ "type": "Feature", "properties": { }, "geometry": { "type": "LineString", "coordinates": [ [ -39.94807438, -18.4879778 ], [ -39.94805596, -18.48800921 ], [ -39.94802536, -18.48806533 ], [ -39.94794298, -18.48820775 ], [ -39.94790292, -18.48827954 ], [ -39.94780142, -18.48845317 ], [ -39.94776594, -18.48851705 ], [ -39.94773314, -18.48857203 ], [ -39.94769241, -18.48864348 ], [ -39.94766166, -18.48869952 ], [ -39.9476153, -18.48877833 ], [ -39.94757509, -18.48885005 ], [ -39.94753375, -18.48892118 ], [ -39.94748882, -18.48900073 ], [ -39.94741491, -18.48912696 ], [ -39.94736538, -18.48921442 ], [ -39.94728713, -18.48934869 ], [ -39.94725198, -18.48941273 ], [ -39.94721464, -18.48947564 ], [ -39.9471929, -18.48951578 ], [ -39.9471646, -18.48956281 ], [ -39.94712405, -18.48963434 ], [ -39.94706318, -18.48973647 ], [ -39.94698347, -18.48988026 ], [ -39.94692348, -18.48998286 ], [ -39.94688313, -18.4900545 ], [ -39.94685536, -18.49010181 ], [ -39.94682873, -18.49014971 ], [ -39.9468008, -18.49019693 ], [ -39.94678314, -18.49022891 ], [ -39.94673155, -18.49031528 ], [ -39.94666843, -18.49042654 ], [ -39.94662618, -18.49049719 ], [ -39.94661279, -18.49052185 ] ] } },
{ "type": "Feature", "properties": { }, "geometry": { "type": "LineString", "coordinates": [ [ -39.94806191, -18.48797008 ], [ -39.9480043, -18.48807396 ], [ -39.94792647, -18.48820845 ], [ -39.94784052, -18.4883593 ], [ -39.94779429, -18.48843817 ], [ -39.94775391, -18.4885098 ], [ -39.94770255, -18.48859629 ], [ -39.94764533, -18.48870032 ], [ -39.94762173, -18.48873949 ], [ -39.94758503, -18.48880274 ], [ -39.9475584, -18.48885065 ], [ -39.94749931, -18.48895371 ], [ -39.94749085, -18.48896989 ], [ -39.94739813, -18.48912749 ], [ -39.94736739, -18.48918354 ], [ -39.94732672, -18.48925503 ], [ -39.94726163, -18.48936525 ], [ -39.94723993, -18.48940541 ], [ -39.94720746, -18.48946057 ], [ -39.94718528, -18.48950049 ], [ -39.94716186, -18.48953976 ], [ -39.94710768, -18.4896351 ], [ -39.94705148, -18.48972935 ], [ -39.94702533, -18.4897775 ], [ -39.94697612, -18.48986512 ], [ -39.94688838, -18.49001503 ], [ -39.94678893, -18.49018974 ], [ -39.94670595, -18.49033184 ], [ -39.94664702, -18.49043499 ], [ -39.94661398, -18.49048984 ], [ -39.94659624, -18.49052243 ] ] } },
{ "type": "Feature", "properties": { }, "geometry": { "type": "LineString", "coordinates": [ [ -39.94804995, -18.48796267 ], [ -39.94799238, -18.48806681 ], [ -39.94794692, -18.48814609 ], [ -39.94791429, -18.48820116 ], [ -39.94787846, -18.48826486 ], [ -39.94778274, -18.48843122 ], [ -39.94775617, -18.48847914 ], [ -39.94768627, -18.48859716 ], [ -39.94766473, -18.4886374 ], [ -39.94763318, -18.48869304 ], [ -39.94762868, -18.48870099 ], [ -39.94756866, -18.48880357 ], [ -39.94754656, -18.48884354 ], [ -39.94750087, -18.4889227 ], [ -39.94747449, -18.48897072 ], [ -39.94742784, -18.48904937 ], [ -39.94740548, -18.4890892 ], [ -39.9473773, -18.48913629 ], [ -39.9473244, -18.48923227 ], [ -39.94728616, -18.48929469 ], [ -39.94725867, -18.48934214 ], [ -39.94723221, -18.48939013 ], [ -39.94715953, -18.48951701 ], [ -39.94703129, -18.48973849 ], [ -39.9469733, -18.48984213 ], [ -39.94694068, -18.4898972 ], [ -39.94688165, -18.49000031 ], [ -39.94682162, -18.49010288 ], [ -39.94678148, -18.49017463 ], [ -39.94674411, -18.49023752 ], [ -39.94672663, -18.49026959 ], [ -39.94669413, -18.49032473 ], [ -39.94667176, -18.49036456 ], [ -39.94661592, -18.49045902 ], [ -39.94658015, -18.49052299 ] ] } },
{ "type": "Feature", "properties": { }, "geometry": { "type": "LineString", "coordinates": [ [ -39.94803866, -18.48795567 ], [ -39.94791218, -18.48817856 ], [ -39.94786054, -18.48826489 ], [ -39.94782534, -18.48832892 ], [ -39.94774409, -18.48847193 ], [ -39.94771597, -18.48851904 ], [ -39.94760755, -18.48870967 ], [ -39.94754759, -18.48881228 ], [ -39.94747977, -18.4889314 ], [ -39.94745332, -18.48897939 ], [ -39.94741602, -18.48904232 ], [ -39.94739865, -18.48907444 ], [ -39.94736593, -18.48912946 ], [ -39.94730686, -18.48923255 ], [ -39.94727355, -18.48928724 ], [ -39.94726067, -18.4893114 ], [ -39.94714229, -18.48951744 ], [ -39.9471156, -18.48956531 ], [ -39.94701913, -18.48973127 ], [ -39.94699763, -18.48977153 ], [ -39.94696608, -18.48982717 ], [ -39.94691949, -18.48990585 ], [ -39.94682409, -18.49007238 ], [ -39.94680041, -18.49011151 ], [ -39.94677872, -18.49015167 ], [ -39.94673672, -18.49022245 ], [ -39.94671475, -18.49026248 ], [ -39.94667755, -18.49032547 ], [ -39.94664127, -18.49038893 ], [ -39.9466084, -18.49044387 ], [ -39.94656309, -18.49052359 ] ] } },
{ "type": "Feature", "properties": { }, "geometry": { "type": "LineString", "coordinates": [ [ -39.94802763, -18.48794883 ], [ -39.9479769, -18.48803514 ], [ -39.94795037, -18.48808309 ], [ -39.9478681, -18.48822556 ], [ -39.94786328, -18.48823334 ], [ -39.94785865, -18.48824123 ], [ -39.94781407, -18.48832096 ], [ -39.94778188, -18.48837626 ], [ -39.94773255, -18.48846382 ], [ -39.94770922, -18.48850314 ], [ -39.9476915, -18.4885351 ], [ -39.94766382, -18.48858245 ], [ -39.94765514, -18.48859852 ], [ -39.9476506, -18.48860645 ], [ -39.94762281, -18.48865375 ], [ -39.94757782, -18.48873327 ], [ -39.94749071, -18.48888351 ], [ -39.94743267, -18.48898712 ], [ -39.9473956, -18.48905018 ], [ -39.94734584, -18.48913752 ], [ -39.9472623, -18.48927932 ], [ -39.94724021, -18.48931929 ], [ -39.94720343, -18.48938249 ], [ -39.94709479, -18.48957301 ], [ -39.9470856, -18.48958881 ], [ -39.94704367, -18.48965963 ], [ -39.94703056, -18.48968368 ], [ -39.94700768, -18.48972324 ], [ -39.94694967, -18.48982687 ], [ -39.94690308, -18.48990555 ], [ -39.94686319, -18.48997743 ], [ -39.94683479, -18.49002439 ], [ -39.94682549, -18.49004014 ], [ -39.94679821, -18.4900877 ], [ -39.94675825, -18.49015955 ], [ -39.94672523, -18.4902144 ], [ -39.94670754, -18.49024637 ], [ -39.94666595, -18.49031736 ], [ -39.94661628, -18.49040475 ], [ -39.94658345, -18.49045971 ], [ -39.94656519, -18.49049138 ], [ -39.94656069, -18.49049933 ], [ -39.94654736, -18.49052415 ] ] } },
{ "type": "Feature", "properties": { }, "geometry": { "type": "LineString", "coordinates": [ [ -39.94801569, -18.48794143 ], [ -39.94796448, -18.48802843 ], [ -39.94789743, -18.48814794 ], [ -39.94786452, -18.48820286 ], [ -39.94785168, -18.48822704 ], [ -39.9478331, -18.48825855 ], [ -39.94779748, -18.48832235 ], [ -39.94777416, -18.48836168 ], [ -39.94776114, -18.48838578 ], [ -39.94771589, -18.48846517 ], [ -39.94768362, -18.48852043 ], [ -39.94765507, -18.48856732 ], [ -39.94763838, -18.48859977 ], [ -39.94761521, -18.48863917 ], [ -39.94753405, -18.48878223 ], [ -39.94747382, -18.48888469 ], [ -39.94742948, -18.48896455 ], [ -39.94739304, -18.48902794 ], [ -39.9473558, -18.4890909 ], [ -39.94733806, -18.48912284 ], [ -39.94729654, -18.48919387 ], [ -39.94725443, -18.48926459 ], [ -39.94721434, -18.48933637 ], [ -39.94718662, -18.4893837 ], [ -39.94716033, -18.48943177 ], [ -39.94713241, -18.489479 ], [ -39.94711019, -18.4895189 ], [ -39.94703131, -18.48965284 ], [ -39.94699114, -18.48972457 ], [ -39.94695884, -18.48977982 ], [ -39.94691883, -18.48985163 ], [ -39.94690434, -18.48987496 ], [ -39.94688602, -18.4899066 ], [ -39.9468508, -18.48997061 ], [ -39.94681809, -18.49002564 ], [ -39.94676432, -18.49012118 ], [ -39.94672206, -18.49019181 ], [ -39.94665832, -18.49030275 ], [ -39.94662269, -18.49036656 ], [ -39.94656662, -18.49046089 ], [ -39.94653009, -18.49052475 ] ] } },
{ "type": "Feature", "properties": { }, "geometry": { "type": "LineString", "coordinates": [ [ -39.9480036, -18.48793394 ], [ -39.94791149, -18.48809211 ], [ -39.94788502, -18.48814009 ], [ -39.94785729, -18.48818742 ], [ -39.94779891, -18.48829085 ], [ -39.94777101, -18.4883381 ], [ -39.94770843, -18.48844964 ], [ -39.94767163, -18.48851283 ], [ -39.94764766, -18.4885518 ], [ -39.94763016, -18.48858386 ], [ -39.94760252, -18.48863124 ], [ -39.94752642, -18.48876663 ], [ -39.94746651, -18.48886926 ], [ -39.94741748, -18.48895698 ], [ -39.94738109, -18.48902039 ], [ -39.94722889, -18.48928087 ], [ -39.94720677, -18.48932082 ], [ -39.94717462, -18.48937614 ], [ -39.9471528, -18.48941625 ], [ -39.94711582, -18.48947935 ], [ -39.9470844, -18.48953506 ], [ -39.94702857, -18.48962952 ], [ -39.94698827, -18.48970118 ], [ -39.94695136, -18.48976432 ], [ -39.94690703, -18.48984419 ], [ -39.94687018, -18.48990736 ], [ -39.94684815, -18.48994736 ], [ -39.94680136, -18.49002593 ], [ -39.94677961, -18.49006607 ], [ -39.94674801, -18.49012168 ], [ -39.94671441, -18.49017621 ], [ -39.94663262, -18.49031894 ], [ -39.94660598, -18.49036684 ], [ -39.94653158, -18.4904928 ], [ -39.94651426, -18.49052531 ] ] } },
{ "type": "Feature", "properties": { }, "geometry": { "type": "LineString", "coordinates": [ [ -39.94799192, -18.4879267 ], [ -39.94794967, -18.48799775 ], [ -39.94786833, -18.48814071 ], [ -39.94783593, -18.4881959 ], [ -39.94780923, -18.48824377 ], [ -39.94777207, -18.48830677 ], [ -39.94768684, -18.488458 ], [ -39.94758912, -18.48862329 ], [ -39.94757199, -18.48865553 ], [ -39.94751426, -18.4887593 ], [ -39.94742703, -18.48890949 ], [ -39.94738715, -18.48898137 ], [ -39.94734995, -18.48904436 ], [ -39.94730934, -18.48911586 ], [ -39.94728083, -18.48916277 ], [ -39.94722232, -18.48926614 ], [ -39.9472034, -18.48929746 ], [ -39.94711801, -18.4894486 ], [ -39.94703448, -18.48959041 ], [ -39.94691294, -18.48980509 ], [ -39.94686705, -18.48988414 ], [ -39.94682728, -18.48995609 ], [ -39.94679397, -18.49001078 ], [ -39.9467631, -18.49006677 ], [ -39.94669782, -18.49017689 ], [ -39.94665317, -18.49025659 ], [ -39.9466205, -18.49031164 ], [ -39.9465893, -18.49036746 ], [ -39.94651486, -18.4904934 ], [ -39.94649698, -18.49052592 ] ] } },
{ "type": "Feature", "properties": { }, "geometry": { "type": "LineString", "coordinates": [ [ -39.94797987, -18.48791924 ], [ -39.94792837, -18.48800558 ], [ -39.94786107, -18.48812497 ], [ -39.94781045, -18.48821186 ], [ -39.94776098, -18.48829934 ], [ -39.94774234, -18.48833081 ], [ -39.94769267, -18.4884182 ], [ -39.94766882, -18.48845723 ], [ -39.94763352, -18.4885212 ], [ -39.94761535, -18.48855292 ], [ -39.9475869, -18.48859986 ], [ -39.94754652, -18.48867149 ], [ -39.94751594, -18.48872762 ], [ -39.9474388, -18.48886247 ], [ -39.94740641, -18.48891766 ], [ -39.94736617, -18.48898937 ], [ -39.94733813, -18.48903653 ], [ -39.94726061, -18.48917118 ], [ -39.94721604, -18.48925092 ], [ -39.94718779, -18.48929797 ], [ -39.94711092, -18.48943296 ], [ -39.94704592, -18.48954324 ], [ -39.946992, -18.4896387 ], [ -39.94694608, -18.48971774 ], [ -39.94691526, -18.48977375 ], [ -39.94688235, -18.48982867 ], [ -39.94685047, -18.48988413 ], [ -39.94681585, -18.48994844 ], [ -39.9467693, -18.49002715 ], [ -39.94672408, -18.49010655 ], [ -39.946677, -18.49018497 ], [ -39.94663713, -18.49025686 ], [ -39.94659994, -18.49031985 ], [ -39.94654655, -18.49041558 ], [ -39.9464993, -18.4904939 ], [ -39.946482, -18.49052645 ] ] } },
{ "type": "Feature", "properties": { }, "geometry": { "type": "LineString", "coordinates": [ [ -39.94796811, -18.48791195 ], [ -39.94792554, -18.48798239 ], [ -39.94788559, -18.48805423 ], [ -39.94786681, -18.48808563 ], [ -39.94782605, -18.48815706 ], [ -39.94782152, -18.488165 ], [ -39.94779954, -18.48820503 ], [ -39.94776227, -18.48826797 ], [ -39.94767633, -18.48841883 ], [ -39.94766189, -18.48844218 ], [ -39.94764915, -18.48846641 ], [ -39.94759001, -18.48856945 ], [ -39.94756827, -18.4886096 ], [ -39.94754424, -18.48864853 ], [ -39.94752601, -18.48868022 ], [ -39.94750879, -18.48871242 ], [ -39.94748517, -18.48875158 ], [ -39.94742287, -18.48886327 ], [ -39.94738548, -18.48892615 ], [ -39.94730416, -18.48906912 ], [ -39.94726702, -18.48913214 ], [ -39.94725402, -18.48915625 ], [ -39.94721332, -18.48922771 ], [ -39.94718079, -18.48928283 ], [ -39.94717229, -18.48929898 ], [ -39.94714913, -18.4893384 ], [ -39.9471393, -18.48935384 ], [ -39.94711244, -18.48940163 ], [ -39.94704757, -18.48951197 ], [ -39.94700279, -18.48959161 ], [ -39.94694313, -18.48969438 ], [ -39.9469033, -18.48976629 ], [ -39.94684308, -18.48986876 ], [ -39.94680335, -18.48994072 ], [ -39.94677987, -18.48997996 ], [ -39.94673523, -18.49005966 ], [ -39.94668369, -18.49014606 ], [ -39.94662542, -18.49024955 ], [ -39.94657451, -18.49033628 ], [ -39.9465439, -18.4903924 ], [ -39.94648767, -18.49048664 ], [ -39.9464654, -18.49052703 ] ] } },
{ "type": "Feature", "properties": { }, "geometry": { "type": "LineString", "coordinates": [ [ -39.94795605, -18.48790448 ], [ -39.94790431, -18.48799066 ], [ -39.94788668, -18.48802266 ], [ -39.94786358, -18.4880621 ], [ -39.94785076, -18.4880863 ], [ -39.94780469, -18.48816526 ], [ -39.94776537, -18.48823742 ], [ -39.94774189, -18.48827666 ], [ -39.94772437, -18.48830871 ], [ -39.94768279, -18.48837971 ], [ -39.94766093, -18.4884198 ], [ -39.94765113, -18.48843526 ], [ -39.94763384, -18.48846743 ], [ -39.94760551, -18.48851443 ], [ -39.94757913, -18.48856246 ], [ -39.94756491, -18.48858593 ], [ -39.94755196, -18.48861006 ], [ -39.94750906, -18.48868034 ], [ -39.94749213, -18.48871269 ], [ -39.94747301, -18.48874389 ], [ -39.94743711, -18.48880756 ], [ -39.94742002, -18.48883982 ], [ -39.94735969, -18.48894223 ], [ -39.94729247, -18.48906166 ], [ -39.94725496, -18.48912447 ], [ -39.94722891, -18.48917266 ], [ -39.94718211, -18.48925123 ], [ -39.9471605, -18.48929144 ], [ -39.94711807, -18.48936198 ], [ -39.94708646, -18.48941759 ], [ -39.94703522, -18.48950414 ], [ -39.94699981, -18.48956805 ], [ -39.94692657, -18.48969464 ], [ -39.94689144, -18.4897587 ], [ -39.94685026, -18.48982991 ], [ -39.94683137, -18.48986124 ], [ -39.9467367, -18.49002815 ], [ -39.94666716, -18.49014636 ], [ -39.94661793, -18.49023397 ], [ -39.94659907, -18.49026532 ], [ -39.94656258, -18.49032868 ], [ -39.94653621, -18.49037671 ], [ -39.94647134, -18.49048706 ], [ -39.94644929, -18.4905276 ] ] } },
{ "type": "Feature", "properties": { }, "geometry": { "type": "LineString", "coordinates": [ [ -39.94794342, -18.48789665 ], [ -39.94791622, -18.48794407 ], [ -39.9478877, -18.48799097 ], [ -39.94787018, -18.48802302 ], [ -39.94779709, -18.48814968 ], [ -39.94777493, -18.48818962 ], [ -39.94775812, -18.48822201 ], [ -39.94771728, -18.4882934 ], [ -39.94767085, -18.48837217 ], [ -39.94764033, -18.48842833 ], [ -39.94760279, -18.48849113 ], [ -39.94757603, -18.48853897 ], [ -39.94755295, -18.48857842 ], [ -39.94753992, -18.48860251 ], [ -39.94749286, -18.48868094 ], [ -39.94747059, -18.48872081 ], [ -39.94745609, -18.48874413 ], [ -39.94742969, -18.48879215 ], [ -39.94737022, -18.48889502 ], [ -39.94729821, -18.48902225 ], [ -39.94724748, -18.48910907 ], [ -39.94721253, -18.48917322 ], [ -39.94720254, -18.48918858 ], [ -39.94716585, -18.48925183 ], [ -39.94714831, -18.48928387 ], [ -39.9470968, -18.48937028 ], [ -39.94706518, -18.48942588 ], [ -39.94702318, -18.48949666 ], [ -39.94696945, -18.48959222 ], [ -39.94692331, -18.48967114 ], [ -39.94687924, -18.48975113 ], [ -39.94685593, -18.48979047 ], [ -39.9468384, -18.48982251 ], [ -39.94682381, -18.48984577 ], [ -39.94680084, -18.48988529 ], [ -39.94673389, -18.49000485 ], [ -39.94666949, -18.49011545 ], [ -39.94665519, -18.49013888 ], [ -39.94659656, -18.49024219 ], [ -39.94655947, -18.49030523 ], [ -39.94652889, -18.49036136 ], [ -39.94649572, -18.49041613 ], [ -39.94643317, -18.49052816 ] ] } },
{ "type": "Feature", "properties": { }, "geometry": { "type": "LineString", "coordinates": [ [ -39.94793145, -18.48788923 ], [ -39.9478908, -18.48796146 ], [ -39.94787163, -18.48799264 ], [ -39.94783572, -18.48805631 ], [ -39.94777588, -18.48815898 ], [ -39.94774122, -18.48822327 ], [ -39.94771406, -18.4882709 ], [ -39.94767151, -18.48834137 ], [ -39.94764026, -18.48839716 ], [ -39.94761654, -18.48843627 ], [ -39.94759477, -18.4884764 ], [ -39.94756243, -18.48853162 ], [ -39.94753152, -18.48858759 ], [ -39.94749426, -18.48865054 ], [ -39.94744402, -18.48873762 ], [ -39.94738136, -18.48884913 ], [ -39.94735326, -18.48889626 ], [ -39.94732656, -18.48894412 ], [ -39.94725313, -18.48907061 ], [ -39.94721324, -18.48914249 ], [ -39.94715329, -18.4892451 ], [ -39.94714469, -18.4892612 ], [ -39.94712116, -18.48930042 ], [ -39.94706659, -18.48939555 ], [ -39.94701091, -18.48949009 ], [ -39.94697156, -18.48956224 ], [ -39.94695333, -18.48959392 ], [ -39.94691993, -18.48964857 ], [ -39.94690694, -18.48967269 ], [ -39.94684789, -18.48977578 ], [ -39.94682649, -18.48981609 ], [ -39.94681154, -18.48983914 ], [ -39.94678393, -18.48988653 ], [ -39.94676175, -18.48992645 ], [ -39.94673858, -18.48996586 ], [ -39.94672151, -18.48999814 ], [ -39.94670266, -18.49002949 ], [ -39.94664377, -18.49013267 ], [ -39.94660187, -18.4902035 ], [ -39.94658433, -18.49023554 ], [ -39.94656097, -18.49027484 ], [ -39.94651604, -18.49035439 ], [ -39.94648326, -18.49040938 ], [ -39.94641583, -18.49052877 ] ] } },
{ "type": "Feature", "properties": { }, "geometry": { "type": "LineString", "coordinates": [ [ -39.94791957, -18.48788187 ], [ -39.94788813, -18.48793857 ], [ -39.94785987, -18.48798562 ], [ -39.94782395, -18.48804927 ], [ -39.94776878, -18.48814409 ], [ -39.94774702, -18.48818422 ], [ -39.94769749, -18.48827167 ], [ -39.94765463, -18.48834198 ], [ -39.94763233, -18.48838184 ], [ -39.94759994, -18.48843704 ], [ -39.94759151, -18.48845323 ], [ -39.94755946, -18.4885086 ], [ -39.9475421, -18.48854073 ], [ -39.94750936, -18.48859574 ], [ -39.94746376, -18.48867495 ], [ -39.9474328, -18.48873089 ], [ -39.9474096, -18.48877028 ], [ -39.94739668, -18.48879443 ], [ -39.94734115, -18.48888905 ], [ -39.94727798, -18.48900028 ], [ -39.94724026, -18.48906299 ], [ -39.94721464, -18.48911139 ], [ -39.94719169, -18.48915091 ], [ -39.94716316, -18.4891978 ], [ -39.94713202, -18.48925365 ], [ -39.94709924, -18.48930864 ], [ -39.94708203, -18.48934084 ], [ -39.94701712, -18.48945117 ], [ -39.94693197, -18.48960243 ], [ -39.94690822, -18.48964153 ], [ -39.94684026, -18.48976056 ], [ -39.94681838, -18.48980064 ], [ -39.94673104, -18.48995076 ], [ -39.94670905, -18.48999079 ], [ -39.94666277, -18.49006963 ], [ -39.94664069, -18.4901096 ], [ -39.94660298, -18.49017231 ], [ -39.94654526, -18.49027609 ], [ -39.94648941, -18.49037054 ], [ -39.9464312, -18.49047406 ], [ -39.94641214, -18.4905053 ], [ -39.94639858, -18.49052938 ] ] } },
{ "type": "Feature", "properties": { }, "geometry": { "type": "LineString", "coordinates": [ [ -39.94790747, -18.48787437 ], [ -39.94781653, -18.48803413 ], [ -39.94778394, -18.48808922 ], [ -39.94773529, -18.48817712 ], [ -39.94768072, -18.48827225 ], [ -39.94764744, -18.48832696 ], [ -39.94762966, -18.48835888 ], [ -39.94756537, -18.48846953 ], [ -39.94752137, -18.48854956 ], [ -39.9475019, -18.48858057 ], [ -39.94745164, -18.48866764 ], [ -39.94741635, -18.48873162 ], [ -39.9473434, -18.48885836 ], [ -39.94732005, -18.48889767 ], [ -39.94727108, -18.48898541 ], [ -39.94722859, -18.48905592 ], [ -39.94720685, -18.48909606 ], [ -39.94715557, -18.4891826 ], [ -39.94712402, -18.48923823 ], [ -39.9471007, -18.48927756 ], [ -39.94706501, -18.48934134 ], [ -39.94700512, -18.48944399 ], [ -39.94693312, -18.48957121 ], [ -39.9469053, -18.48961849 ], [ -39.94687869, -18.48966641 ], [ -39.94680019, -18.48980054 ], [ -39.94676984, -18.48985679 ], [ -39.94670489, -18.48996709 ], [ -39.94666474, -18.49003883 ], [ -39.94663274, -18.49009424 ], [ -39.94658092, -18.49018048 ], [ -39.94655532, -18.49022889 ], [ -39.94652875, -18.49027682 ], [ -39.94650942, -18.49030791 ], [ -39.94647701, -18.4903631 ], [ -39.94642748, -18.49045055 ], [ -39.94639007, -18.49051342 ], [ -39.94638115, -18.49052999 ] ] } },
{ "type": "Feature", "properties": { }, "geometry": { "type": "LineString", "coordinates": [ [ -39.94789584, -18.48786717 ], [ -39.94786798, -18.48791391 ], [ -39.94779606, -18.48804118 ], [ -39.94771814, -18.48817562 ], [ -39.94770057, -18.48820765 ], [ -39.9476642, -18.48827107 ], [ -39.94764072, -18.48831031 ], [ -39.94760929, -18.48836601 ], [ -39.94757707, -18.4884213 ], [ -39.94755815, -18.48845261 ], [ -39.94754013, -18.48848441 ], [ -39.94751883, -18.48852477 ], [ -39.94746274, -18.48861909 ], [ -39.94740501, -18.48872285 ], [ -39.94738162, -18.48876215 ], [ -39.94735956, -18.48880213 ], [ -39.94731812, -18.4888732 ], [ -39.94730086, -18.48890538 ], [ -39.94728237, -18.48893694 ], [ -39.94726462, -18.48896887 ], [ -39.94721319, -18.48905532 ], [ -39.94719126, -18.48909537 ], [ -39.94716748, -18.48913444 ], [ -39.9471351, -18.48918965 ], [ -39.94692189, -18.4895625 ], [ -39.94690268, -18.48959366 ], [ -39.94686285, -18.48966557 ], [ -39.94679305, -18.48978363 ], [ -39.9467626, -18.48983983 ], [ -39.94669345, -18.48995824 ], [ -39.94664002, -18.49005396 ], [ -39.94656967, -18.49017173 ], [ -39.9465395, -18.49022806 ], [ -39.94652165, -18.49025994 ], [ -39.94648388, -18.49032262 ], [ -39.94642104, -18.49043403 ], [ -39.9463833, -18.49049672 ], [ -39.94636496, -18.49053056 ] ] } },
{ "type": "Feature", "properties": { }, "geometry": { "type": "LineString", "coordinates": [ [ -39.94788384, -18.48785973 ], [ -39.94786505, -18.4878906 ], [ -39.9477614, -18.48807341 ], [ -39.94770581, -18.488168 ], [ -39.94767915, -18.48821589 ], [ -39.94763312, -18.48829487 ], [ -39.94760641, -18.48834273 ], [ -39.94753274, -18.48846909 ], [ -39.94751094, -18.4885092 ], [ -39.9474367, -18.48863525 ], [ -39.94740998, -18.48868311 ], [ -39.94739734, -18.48870739 ], [ -39.94739273, -18.48871528 ], [ -39.9473691, -18.48875444 ], [ -39.94735177, -18.48878659 ], [ -39.94730602, -18.48886571 ], [ -39.94726648, -18.48893777 ], [ -39.94724342, -18.48897724 ], [ -39.94719564, -18.48905527 ], [ -39.94717375, -18.48909533 ], [ -39.94715514, -18.48912682 ], [ -39.94712379, -18.48918256 ], [ -39.94708145, -18.48925315 ], [ -39.9470371, -18.489333 ], [ -39.94699552, -18.489404 ], [ -39.94696441, -18.48945987 ], [ -39.94691441, -18.48954708 ], [ -39.94689066, -18.48958617 ], [ -39.94683718, -18.48968186 ], [ -39.94678082, -18.48977603 ], [ -39.94675048, -18.48983228 ], [ -39.94666817, -18.48997473 ], [ -39.94663279, -18.49003866 ], [ -39.94655834, -18.49016461 ], [ -39.94651435, -18.49024464 ], [ -39.94648677, -18.49029205 ], [ -39.94646717, -18.49032298 ], [ -39.94639982, -18.49044234 ], [ -39.9463624, -18.4905052 ], [ -39.94634831, -18.49053115 ] ] } },
{ "type": "Feature", "properties": { }, "geometry": { "type": "LineString", "coordinates": [ [ -39.94787259, -18.48785276 ], [ -39.94785784, -18.4878754 ], [ -39.94783449, -18.48791471 ], [ -39.94776313, -18.48804227 ], [ -39.94771652, -18.48812094 ], [ -39.94765714, -18.48822386 ], [ -39.94759506, -18.48833565 ], [ -39.94753458, -18.48843798 ], [ -39.94750791, -18.48848587 ], [ -39.94740685, -18.48865973 ], [ -39.94737571, -18.48871558 ], [ -39.94736181, -18.48873922 ], [ -39.94734437, -18.48877132 ], [ -39.94729819, -18.48885021 ], [ -39.94724516, -18.48894614 ], [ -39.94721201, -18.48900092 ], [ -39.94719375, -18.48903259 ], [ -39.94717922, -18.48905589 ], [ -39.94715674, -18.48909566 ], [ -39.9471381, -18.48912713 ], [ -39.94710731, -18.48918315 ], [ -39.94706511, -18.48925382 ], [ -39.94703387, -18.48930962 ], [ -39.94697893, -18.48940455 ], [ -39.94690704, -18.48953184 ], [ -39.94686542, -18.48960282 ], [ -39.94684353, -18.48964289 ], [ -39.94680669, -18.48970606 ], [ -39.94676896, -18.48976876 ], [ -39.94673841, -18.4898249 ], [ -39.94667037, -18.4899439 ], [ -39.94665625, -18.48996743 ], [ -39.94661159, -18.49004712 ], [ -39.94655554, -18.49014146 ], [ -39.94650674, -18.49022929 ], [ -39.94647477, -18.49028471 ], [ -39.9464558, -18.490316 ], [ -39.94645121, -18.49032391 ], [ -39.94638761, -18.49043492 ], [ -39.94635499, -18.49049 ], [ -39.94633228, -18.49053171 ] ] } },
{ "type": "Feature", "properties": { }, "geometry": { "type": "LineString", "coordinates": [ [ -39.9478604, -18.48784521 ], [ -39.94782205, -18.4879088 ], [ -39.94779579, -18.48795688 ], [ -39.94774125, -18.48805203 ], [ -39.947704, -18.48811499 ], [ -39.94760953, -18.48828199 ], [ -39.94758161, -18.48832922 ], [ -39.94755502, -18.48837714 ], [ -39.94750401, -18.48846382 ], [ -39.94743169, -18.48859089 ], [ -39.94742195, -18.48860639 ], [ -39.94739914, -18.48864598 ], [ -39.94733161, -18.48876525 ], [ -39.9473082, -18.48880453 ], [ -39.94728183, -18.48885256 ], [ -39.94725873, -18.488892 ], [ -39.94722302, -18.48895576 ], [ -39.94718997, -18.48901061 ], [ -39.94715857, -18.48906632 ], [ -39.94713069, -18.48911357 ], [ -39.947095, -18.48917735 ], [ -39.947048, -18.4892558 ], [ -39.94699895, -18.4893435 ], [ -39.9469618, -18.48940652 ], [ -39.94691234, -18.48949401 ], [ -39.94685688, -18.48958867 ], [ -39.94683482, -18.48962865 ], [ -39.94675699, -18.48976314 ], [ -39.94669407, -18.48987451 ], [ -39.94666217, -18.48992997 ], [ -39.9466433, -18.48996131 ], [ -39.94659426, -18.49004902 ], [ -39.94653348, -18.49015119 ], [ -39.94648933, -18.49023114 ], [ -39.94642444, -18.49034147 ], [ -39.94639806, -18.4903895 ], [ -39.94631564, -18.4905323 ] ] } },
{ "type": "Feature", "properties": { }, "geometry": { "type": "LineString", "coordinates": [ [ -39.94784822, -18.48783766 ], [ -39.94781955, -18.4878856 ], [ -39.94779747, -18.48792558 ], [ -39.94773385, -18.48803659 ], [ -39.9477103, -18.48807578 ], [ -39.94766548, -18.4881554 ], [ -39.94762425, -18.48822658 ], [ -39.94759822, -18.48827478 ], [ -39.94756013, -18.48833728 ], [ -39.94752141, -18.48840974 ], [ -39.94750178, -18.48844066 ], [ -39.94748418, -18.48847267 ], [ -39.9474653, -18.48850401 ], [ -39.94742005, -18.4885834 ], [ -39.94739188, -18.48863049 ], [ -39.94735607, -18.4886942 ], [ -39.94729656, -18.48879705 ], [ -39.94727926, -18.48882921 ], [ -39.9472468, -18.48888437 ], [ -39.94721108, -18.48894813 ], [ -39.94718248, -18.48899498 ], [ -39.94714664, -18.48905868 ], [ -39.94712318, -18.48909794 ], [ -39.94708753, -18.48916173 ], [ -39.94704932, -18.48922416 ], [ -39.94702355, -18.48927249 ], [ -39.94700114, -18.4893123 ], [ -39.94683562, -18.48959673 ], [ -39.94679106, -18.48967647 ], [ -39.94673151, -18.4897793 ], [ -39.94666444, -18.4898988 ], [ -39.94662229, -18.48996949 ], [ -39.94657347, -18.49005731 ], [ -39.94652626, -18.49013565 ], [ -39.946482, -18.49021555 ], [ -39.94640793, -18.4903417 ], [ -39.94634111, -18.49046133 ], [ -39.94629983, -18.49053285 ] ] } },
{ "type": "Feature", "properties": { }, "geometry": { "type": "LineString", "coordinates": [ [ -39.94783617, -18.48783019 ], [ -39.94780797, -18.48787674 ], [ -39.94772693, -18.48801986 ], [ -39.94769385, -18.48807468 ], [ -39.94765847, -18.48813861 ], [ -39.9476126, -18.48821767 ], [ -39.94759105, -18.48825791 ], [ -39.94758646, -18.48826582 ], [ -39.94754886, -18.48832859 ], [ -39.94754449, -18.4883366 ], [ -39.94752747, -18.4883689 ], [ -39.94750971, -18.48840083 ], [ -39.94749078, -18.48843214 ], [ -39.94741338, -18.48856686 ], [ -39.94738048, -18.48862178 ], [ -39.94735797, -18.48866153 ], [ -39.94734385, -18.48868506 ], [ -39.94726757, -18.48882035 ], [ -39.94719925, -18.48893921 ], [ -39.94717082, -18.48898615 ], [ -39.94713518, -18.48904996 ], [ -39.947121, -18.48907345 ], [ -39.94711641, -18.48908135 ], [ -39.9470801, -18.48914481 ], [ -39.9470424, -18.48920752 ], [ -39.94702519, -18.48923972 ], [ -39.9469896, -18.48930355 ], [ -39.94693392, -18.48939809 ], [ -39.94691187, -18.48943808 ], [ -39.94690733, -18.48944601 ], [ -39.94680621, -18.48961984 ], [ -39.94677982, -18.48966786 ], [ -39.94671475, -18.4897781 ], [ -39.94666211, -18.48987422 ], [ -39.946615, -18.48995262 ], [ -39.94656628, -18.49004048 ], [ -39.94656174, -18.49004841 ], [ -39.94652505, -18.49011167 ], [ -39.94650607, -18.49014296 ], [ -39.9465015, -18.49015087 ], [ -39.94643386, -18.49027008 ], [ -39.94640099, -18.49032502 ], [ -39.94635208, -18.49041279 ], [ -39.9463019, -18.49049991 ], [ -39.9462817, -18.49053349 ] ] } },
{ "type": "Feature", "properties": { }, "geometry": { "type": "LineString", "coordinates": [ [ -39.9478237, -18.48782247 ], [ -39.9478005, -18.48786134 ], [ -39.94776049, -18.48793315 ], [ -39.94774637, -18.48795668 ], [ -39.9477418, -18.48796459 ], [ -39.94769672, -18.48804407 ], [ -39.94767371, -18.48808357 ], [ -39.94766386, -18.48809901 ], [ -39.94765945, -18.488107 ], [ -39.94765104, -18.4881232 ], [ -39.9476054, -18.48820238 ], [ -39.94757879, -18.4882503 ], [ -39.94754603, -18.48830529 ], [ -39.9475199, -18.48835344 ], [ -39.94748855, -18.48840918 ], [ -39.94744661, -18.48847999 ], [ -39.94740142, -18.48855941 ], [ -39.94737769, -18.48859852 ], [ -39.94733174, -18.48867754 ], [ -39.94726945, -18.48878923 ], [ -39.94721877, -18.48887608 ], [ -39.94719249, -18.48892416 ], [ -39.94718779, -18.488932 ], [ -39.94715892, -18.48897871 ], [ -39.94713227, -18.48902659 ], [ -39.94710028, -18.48908201 ], [ -39.94705345, -18.48916056 ], [ -39.94699097, -18.48927215 ], [ -39.94693083, -18.48937467 ], [ -39.94688647, -18.48945451 ], [ -39.94684468, -18.4895254 ], [ -39.94678139, -18.48963658 ], [ -39.94670287, -18.4897707 ], [ -39.94665064, -18.48986702 ], [ -39.94664587, -18.48987482 ], [ -39.94663111, -18.48989799 ], [ -39.94660299, -18.48994511 ], [ -39.94657203, -18.49000105 ], [ -39.94651778, -18.49009634 ], [ -39.9464218, -18.49026257 ], [ -39.94637965, -18.49033326 ], [ -39.94634877, -18.49038924 ], [ -39.94629901, -18.49047658 ], [ -39.94626492, -18.49053408 ] ] } },
{ "type": "Feature", "properties": { }, "geometry": { "type": "LineString", "coordinates": [ [ -39.94781182, -18.4878151 ], [ -39.94775841, -18.48791031 ], [ -39.94772529, -18.48796511 ], [ -39.94772076, -18.48797305 ], [ -39.9476536, -18.4880925 ], [ -39.94762558, -18.48813968 ], [ -39.94758942, -18.48820321 ], [ -39.94753399, -18.48829788 ], [ -39.94746257, -18.48842541 ], [ -39.94741169, -18.48851216 ], [ -39.94739419, -18.48854422 ], [ -39.94736589, -18.48859124 ], [ -39.94731999, -18.48867029 ], [ -39.94725313, -18.4887899 ], [ -39.94722032, -18.48884487 ], [ -39.94718469, -18.48890867 ], [ -39.9471425, -18.48897935 ], [ -39.94712026, -18.48901924 ], [ -39.94711568, -18.48902715 ], [ -39.94703727, -18.48916133 ], [ -39.94698332, -18.48925678 ], [ -39.946901, -18.48939923 ], [ -39.94687906, -18.48943927 ], [ -39.94679118, -18.48958911 ], [ -39.94676481, -18.48963714 ], [ -39.94671787, -18.48971563 ], [ -39.94668781, -18.48977202 ], [ -39.94664312, -18.48985169 ], [ -39.94661943, -18.48989082 ], [ -39.94661483, -18.48989872 ], [ -39.94646478, -18.49016033 ], [ -39.94635857, -18.49034181 ], [ -39.94630509, -18.4904375 ], [ -39.9462488, -18.49053465 ] ] } },
{ "type": "Feature", "properties": { }, "geometry": { "type": "LineString", "coordinates": [ [ -39.94780038, -18.48780801 ], [ -39.94776391, -18.48787087 ], [ -39.94775119, -18.48789511 ], [ -39.94774655, -18.48790299 ], [ -39.94771803, -18.48794989 ], [ -39.94771349, -18.48795782 ], [ -39.94764167, -18.48808514 ], [ -39.9476088, -18.48814008 ], [ -39.94758657, -18.48817998 ], [ -39.94753984, -18.48825858 ], [ -39.94744155, -18.48843389 ], [ -39.94740431, -18.48849685 ], [ -39.94737751, -18.48854467 ], [ -39.94731711, -18.48864704 ], [ -39.94724102, -18.48878243 ], [ -39.94719906, -18.48885323 ], [ -39.94716776, -18.488909 ], [ -39.94713983, -18.48895622 ], [ -39.94711294, -18.48900399 ], [ -39.94703962, -18.48913053 ], [ -39.94700391, -18.4891943 ], [ -39.94693891, -18.48930457 ], [ -39.94691689, -18.48934457 ], [ -39.94691234, -18.4893525 ], [ -39.94682966, -18.48949476 ], [ -39.94675275, -18.48962973 ], [ -39.94672047, -18.48968499 ], [ -39.94668491, -18.48974882 ], [ -39.94665705, -18.48979609 ], [ -39.94663048, -18.48984401 ], [ -39.94661619, -18.48986745 ], [ -39.94658488, -18.48992321 ], [ -39.94654294, -18.48999402 ], [ -39.94651639, -18.49004196 ], [ -39.94651185, -18.49004989 ], [ -39.94643859, -18.49017647 ], [ -39.94642076, -18.49020836 ], [ -39.94639706, -18.49024748 ], [ -39.94637472, -18.49028732 ], [ -39.94633785, -18.49035048 ], [ -39.9462706, -18.49046989 ], [ -39.946247, -18.49050907 ], [ -39.94623266, -18.49053521 ] ] } },
{ "type": "Feature", "properties": { }, "geometry": { "type": "LineString", "coordinates": [ [ -39.94778858, -18.4878007 ], [ -39.94777423, -18.48782357 ], [ -39.94776962, -18.48783147 ], [ -39.94775153, -18.48786323 ], [ -39.94773878, -18.48788746 ], [ -39.94773417, -18.48789535 ], [ -39.94769615, -18.48795789 ], [ -39.94765172, -18.4880377 ], [ -39.94763894, -18.48806191 ], [ -39.94763435, -18.48806982 ], [ -39.94760132, -18.48812467 ], [ -39.94757001, -18.48818043 ], [ -39.94752785, -18.48825112 ], [ -39.94742028, -18.48844219 ], [ -39.94738773, -18.48849729 ], [ -39.94729696, -18.48865593 ], [ -39.94726912, -18.48870321 ], [ -39.94721511, -18.48879862 ], [ -39.94718709, -18.48884579 ], [ -39.94716028, -18.4888936 ], [ -39.94712777, -18.48894874 ], [ -39.94708769, -18.48902052 ], [ -39.94704167, -18.48909951 ], [ -39.94700141, -18.4891712 ], [ -39.94694618, -18.48926598 ], [ -39.94692251, -18.48930512 ], [ -39.94691795, -18.48931304 ], [ -39.94685058, -18.48943238 ], [ -39.94680428, -18.48951122 ], [ -39.94667334, -18.4897416 ], [ -39.94664033, -18.48979646 ], [ -39.94662279, -18.4898285 ], [ -39.94659947, -18.48986782 ], [ -39.94657312, -18.48991587 ], [ -39.94652202, -18.49000249 ], [ -39.94645922, -18.49011393 ], [ -39.94644032, -18.49014525 ], [ -39.94643572, -18.49015316 ], [ -39.94633586, -18.49032765 ], [ -39.94628437, -18.49041407 ], [ -39.94626268, -18.49045424 ], [ -39.94623944, -18.49049361 ], [ -39.94621612, -18.4905358 ] ] } },
{ "type": "Feature", "properties": { }, "geometry": { "type": "LineString", "coordinates": [ [ -39.94777699, -18.48779352 ], [ -39.94775799, -18.48782427 ], [ -39.94772631, -18.48787984 ], [ -39.94768855, -18.48794252 ], [ -39.94766676, -18.48798264 ], [ -39.94764852, -18.48801432 ], [ -39.9476221, -18.48806232 ], [ -39.94758475, -18.48812523 ], [ -39.94755343, -18.48818098 ], [ -39.9474619, -18.48833922 ], [ -39.94742616, -18.48840297 ], [ -39.94736133, -18.48851334 ], [ -39.94730335, -18.48861698 ], [ -39.94726158, -18.48868788 ], [ -39.94720299, -18.48879121 ], [ -39.94716618, -18.4888544 ], [ -39.94715752, -18.48887047 ], [ -39.94712954, -18.48891767 ], [ -39.94707576, -18.4890132 ], [ -39.94700752, -18.4891321 ], [ -39.94690168, -18.48931377 ], [ -39.94685713, -18.48939352 ], [ -39.94680661, -18.48948046 ], [ -39.94678879, -18.48951236 ], [ -39.94677453, -18.48953581 ], [ -39.94676991, -18.4895437 ], [ -39.94672881, -18.48961496 ], [ -39.94669798, -18.48967096 ], [ -39.94662846, -18.48978918 ], [ -39.94661538, -18.48981324 ], [ -39.94659201, -18.48985255 ], [ -39.94656573, -18.48990062 ], [ -39.94651944, -18.48997946 ], [ -39.94644732, -18.49010664 ], [ -39.94642828, -18.49013789 ], [ -39.94642372, -18.49014581 ], [ -39.9463744, -18.49023337 ], [ -39.94631927, -18.4903282 ], [ -39.94627222, -18.49040663 ], [ -39.9462506, -18.49044684 ], [ -39.94622288, -18.49049417 ], [ -39.94619965, -18.49053637 ] ] } },
{ "type": "Feature", "properties": { }, "geometry": { "type": "LineString", "coordinates": [ [ -39.94776598, -18.4877867 ], [ -39.94774155, -18.48782488 ], [ -39.94771459, -18.48787261 ], [ -39.94767717, -18.48793547 ], [ -39.94760168, -18.48807117 ], [ -39.94756412, -18.48813396 ], [ -39.94752781, -18.48819741 ], [ -39.94751921, -18.48821352 ], [ -39.9475003, -18.48824484 ], [ -39.94749571, -18.48825275 ], [ -39.94738648, -18.48844295 ], [ -39.94734487, -18.48851394 ], [ -39.94729106, -18.48860946 ], [ -39.94726764, -18.48864873 ], [ -39.94723594, -18.48870429 ], [ -39.94719159, -18.48878414 ], [ -39.94714953, -18.48885489 ], [ -39.94711294, -18.4889182 ], [ -39.94706363, -18.48900577 ], [ -39.94702624, -18.48906865 ], [ -39.94696789, -18.4891721 ], [ -39.94693992, -18.4892193 ], [ -39.94690859, -18.48927505 ], [ -39.94688082, -18.48932236 ], [ -39.94678119, -18.48949698 ], [ -39.94669843, -18.48963919 ], [ -39.94668114, -18.48967135 ], [ -39.9466168, -18.48978199 ], [ -39.94655381, -18.48989332 ], [ -39.9465211, -18.48994834 ], [ -39.94648532, -18.49001207 ], [ -39.94646655, -18.49004347 ], [ -39.94643036, -18.49010699 ], [ -39.94641604, -18.4901304 ], [ -39.94635317, -18.4902418 ], [ -39.94632062, -18.49029691 ], [ -39.94630746, -18.49032094 ], [ -39.94627918, -18.49036797 ], [ -39.94623931, -18.49043986 ], [ -39.94620692, -18.49049505 ], [ -39.94618397, -18.49053693 ] ] } },
{ "type": "Feature", "properties": { }, "geometry": { "type": "LineString", "coordinates": [ [ -39.94775463, -18.48777966 ], [ -39.94774439, -18.48779433 ], [ -39.94773957, -18.48780211 ], [ -39.94772554, -18.48782568 ], [ -39.94770316, -18.4878655 ], [ -39.94766561, -18.4879283 ], [ -39.94763855, -18.48797598 ], [ -39.94759463, -18.48805604 ], [ -39.94753858, -18.48815039 ], [ -39.9475075, -18.48820627 ], [ -39.94740622, -18.48838001 ], [ -39.94727944, -18.48860227 ], [ -39.94725561, -18.48864132 ], [ -39.94725105, -18.48864924 ], [ -39.94722407, -18.48869696 ], [ -39.94719372, -18.4887532 ], [ -39.94718018, -18.48877703 ], [ -39.94714276, -18.4888399 ], [ -39.94705606, -18.48899036 ], [ -39.94700947, -18.48906904 ], [ -39.94697369, -18.48913277 ], [ -39.94696522, -18.48914894 ], [ -39.94692814, -18.48921199 ], [ -39.94686977, -18.48931543 ], [ -39.94684607, -18.48935455 ], [ -39.94681394, -18.48940988 ], [ -39.94679179, -18.48944982 ], [ -39.94678725, -18.48945775 ], [ -39.94669121, -18.48962394 ], [ -39.94663747, -18.4897195 ], [ -39.94655979, -18.48985407 ], [ -39.94654713, -18.48987834 ], [ -39.94654255, -18.48988625 ], [ -39.94650979, -18.48994125 ], [ -39.94648317, -18.48998915 ], [ -39.94645462, -18.49003604 ], [ -39.94640865, -18.49011505 ], [ -39.94633684, -18.49024238 ], [ -39.94629563, -18.49031357 ], [ -39.94627668, -18.49034488 ], [ -39.94625467, -18.49038488 ], [ -39.94619039, -18.49049554 ], [ -39.94616686, -18.49053753 ] ] } },
{ "type": "Feature", "properties": { }, "geometry": { "type": "LineString", "coordinates": [ [ -39.94774155, -18.48777156 ], [ -39.94772738, -18.48779454 ], [ -39.94770473, -18.48783421 ], [ -39.94766728, -18.48789706 ], [ -39.94762681, -18.48796865 ], [ -39.94760055, -18.48801673 ], [ -39.94756304, -18.48807955 ], [ -39.94747255, -18.48823833 ], [ -39.94739841, -18.48836444 ], [ -39.94735362, -18.48844407 ], [ -39.94722118, -18.48867367 ], [ -39.94717223, -18.48876142 ], [ -39.94713966, -18.48881652 ], [ -39.94709014, -18.48890398 ], [ -39.94702517, -18.48901427 ], [ -39.94698094, -18.48909418 ], [ -39.94696677, -18.48911768 ], [ -39.94691249, -18.48921296 ], [ -39.94688907, -18.48925223 ], [ -39.94680205, -18.48940253 ], [ -39.94678443, -18.48943453 ], [ -39.94677991, -18.48944247 ], [ -39.94671167, -18.48956137 ], [ -39.94668363, -18.48960853 ], [ -39.9466573, -18.48965658 ], [ -39.94658829, -18.48977507 ], [ -39.94652139, -18.48989466 ], [ -39.94645716, -18.49000534 ], [ -39.94640105, -18.49009965 ], [ -39.94638793, -18.4901237 ], [ -39.94635586, -18.49017906 ], [ -39.94630666, -18.49026669 ], [ -39.94626033, -18.49034551 ], [ -39.94622931, -18.49040142 ], [ -39.94615977, -18.49051963 ], [ -39.94614957, -18.49053814 ] ] } },
{ "type": "Feature", "properties": { }, "geometry": { "type": "LineString", "coordinates": [ [ -39.94772936, -18.48776401 ], [ -39.94765976, -18.48788166 ], [ -39.94758839, -18.48800921 ], [ -39.94754191, -18.48808795 ], [ -39.94749698, -18.48816751 ], [ -39.94746489, -18.48822286 ], [ -39.94743662, -18.4882699 ], [ -39.94740985, -18.48831773 ], [ -39.94738605, -18.48835679 ], [ -39.94735476, -18.48841256 ], [ -39.94729968, -18.48850742 ], [ -39.94725952, -18.48857916 ], [ -39.94722732, -18.48863446 ], [ -39.94715098, -18.48876973 ], [ -39.94711369, -18.48883266 ], [ -39.94706895, -18.48891232 ], [ -39.94702269, -18.48899117 ], [ -39.94697359, -18.48907885 ], [ -39.94689571, -18.48921331 ], [ -39.94684914, -18.48929201 ], [ -39.94679546, -18.48938759 ], [ -39.94677227, -18.48942699 ], [ -39.9467088, -18.48953808 ], [ -39.94668067, -18.48958519 ], [ -39.94663624, -18.489665 ], [ -39.94661315, -18.48970445 ], [ -39.94659997, -18.48972846 ], [ -39.94655822, -18.48979938 ], [ -39.9465049, -18.48989515 ], [ -39.9464219, -18.49003724 ], [ -39.94639822, -18.49007637 ], [ -39.9463761, -18.49011632 ], [ -39.94633484, -18.49018749 ], [ -39.94627641, -18.4902909 ], [ -39.94625287, -18.49033011 ], [ -39.94622625, -18.49037801 ], [ -39.94615222, -18.49050418 ], [ -39.94613279, -18.49053873 ] ] } },
{ "type": "Feature", "properties": { }, "geometry": { "type": "LineString", "coordinates": [ [ -39.94771773, -18.4877568 ], [ -39.9477036, -18.4877798 ], [ -39.94769894, -18.48778766 ], [ -39.94764366, -18.48788242 ], [ -39.94756738, -18.48801771 ], [ -39.94752569, -18.48808866 ], [ -39.9474808, -18.48816823 ], [ -39.94742442, -18.48826239 ], [ -39.94739304, -18.48831812 ], [ -39.94738828, -18.48832593 ], [ -39.94737358, -18.48834913 ], [ -39.94736899, -18.48835704 ], [ -39.94732007, -18.4884448 ], [ -39.94720627, -18.48864293 ], [ -39.94715714, -18.48873059 ], [ -39.94712974, -18.48877809 ], [ -39.94709694, -18.48883307 ], [ -39.94707036, -18.48888099 ], [ -39.94703802, -18.48893621 ], [ -39.94697529, -18.48904768 ], [ -39.94694246, -18.48910264 ], [ -39.94687899, -18.48921373 ], [ -39.94683229, -18.48929235 ], [ -39.9467923, -18.48936418 ], [ -39.94676468, -18.48941156 ], [ -39.9467196, -18.48949104 ], [ -39.94665952, -18.48959359 ], [ -39.94663321, -18.48964165 ], [ -39.9465883, -18.48972121 ], [ -39.94655076, -18.48978401 ], [ -39.94650177, -18.48987175 ], [ -39.94647837, -18.48991103 ], [ -39.94640558, -18.49003785 ], [ -39.9463769, -18.49008466 ], [ -39.94637238, -18.4900926 ], [ -39.94634601, -18.49014064 ], [ -39.94629571, -18.49022769 ], [ -39.94626433, -18.49028341 ], [ -39.94624552, -18.49031479 ], [ -39.94620478, -18.49038624 ], [ -39.94611583, -18.49053925 ] ] } },
{ "type": "Feature", "properties": { }, "geometry": { "type": "LineString", "coordinates": [ [ -39.94770547, -18.4877492 ], [ -39.94759531, -18.4879384 ], [ -39.94755563, -18.48801038 ], [ -39.94752736, -18.48805742 ], [ -39.94746859, -18.48816066 ], [ -39.94741244, -18.48825494 ], [ -39.94738559, -18.48830273 ], [ -39.94735686, -18.48834952 ], [ -39.94735237, -18.48835747 ], [ -39.9473263, -18.48840565 ], [ -39.94729422, -18.48846101 ], [ -39.94723152, -18.4885725 ], [ -39.94708541, -18.48882586 ], [ -39.9470636, -18.48886597 ], [ -39.94705897, -18.48887385 ], [ -39.94704473, -18.48889731 ], [ -39.94701313, -18.48895292 ], [ -39.94698067, -18.48900808 ], [ -39.94696321, -18.48904016 ], [ -39.94695872, -18.48904812 ], [ -39.94694963, -18.48906398 ], [ -39.94693514, -18.48908729 ], [ -39.94693061, -18.48909523 ], [ -39.9469131, -18.48912729 ], [ -39.94688576, -18.48917483 ], [ -39.94682037, -18.48928489 ], [ -39.94678487, -18.48934876 ], [ -39.9467526, -18.48940402 ], [ -39.94670326, -18.48949157 ], [ -39.94664756, -18.4895861 ], [ -39.9466258, -18.48962624 ], [ -39.94658553, -18.48969792 ], [ -39.94653384, -18.48978423 ], [ -39.94652937, -18.4897922 ], [ -39.94648999, -18.48986433 ], [ -39.94642493, -18.48997458 ], [ -39.94638912, -18.49003829 ], [ -39.94636537, -18.49007738 ], [ -39.94636079, -18.49008529 ], [ -39.94627534, -18.49023641 ], [ -39.94622427, -18.49032305 ], [ -39.94620205, -18.49036295 ], [ -39.94616469, -18.49042585 ], [ -39.94609949, -18.49053969 ] ] } },
{ "type": "Feature", "properties": { }, "geometry": { "type": "LineString", "coordinates": [ [ -39.94769325, -18.48774163 ], [ -39.9476793, -18.48776472 ], [ -39.94764839, -18.48782069 ], [ -39.94757042, -18.48795511 ], [ -39.94754374, -18.48800298 ], [ -39.94750619, -18.48806577 ], [ -39.94745672, -18.48815326 ], [ -39.94740089, -18.48824772 ], [ -39.94736968, -18.48830353 ], [ -39.9473415, -18.48835062 ], [ -39.94732375, -18.48838255 ], [ -39.94729127, -18.4884377 ], [ -39.94723778, -18.48853338 ], [ -39.94720995, -18.48858066 ], [ -39.94715598, -18.4886761 ], [ -39.94712354, -18.48873127 ], [ -39.94707393, -18.48881868 ], [ -39.94705197, -18.48885871 ], [ -39.9470193, -18.48891376 ], [ -39.94699688, -18.48895356 ], [ -39.94696391, -18.48900844 ], [ -39.94695947, -18.48901643 ], [ -39.94693796, -18.48905668 ], [ -39.94692411, -18.48908035 ], [ -39.94690639, -18.4891123 ], [ -39.94680847, -18.48927749 ], [ -39.94679084, -18.48930949 ], [ -39.94678632, -18.48931743 ], [ -39.94674043, -18.48939649 ], [ -39.94668679, -18.48949209 ], [ -39.94664064, -18.48957101 ], [ -39.94660532, -18.48963497 ], [ -39.94660078, -18.4896429 ], [ -39.94655472, -18.48972187 ], [ -39.94651235, -18.48979244 ], [ -39.94650795, -18.48980044 ], [ -39.9464739, -18.48986503 ], [ -39.94646929, -18.48987292 ], [ -39.94642644, -18.48994323 ], [ -39.94637701, -18.49003074 ], [ -39.94631248, -18.49014127 ], [ -39.94626354, -18.49022903 ], [ -39.94621689, -18.49030767 ], [ -39.94618566, -18.49036348 ], [ -39.94618109, -18.49037139 ], [ -39.94609772, -18.49051328 ], [ -39.94608324, -18.49054013 ] ] } },
{ "type": "Feature", "properties": { }, "geometry": { "type": "LineString", "coordinates": [ [ -39.94768179, -18.48773453 ], [ -39.94764992, -18.48778948 ], [ -39.9476369, -18.48781358 ], [ -39.94761347, -18.48785285 ], [ -39.94756901, -18.48793264 ], [ -39.94750847, -18.48803494 ], [ -39.94742744, -18.48817806 ], [ -39.94739894, -18.48822497 ], [ -39.94736236, -18.48828828 ], [ -39.94732266, -18.48836026 ], [ -39.94731796, -18.4883681 ], [ -39.94728915, -18.48841484 ], [ -39.94724794, -18.48848604 ], [ -39.94722145, -18.48853401 ], [ -39.94719809, -18.48857331 ], [ -39.94718517, -18.48859746 ], [ -39.94718074, -18.48860545 ], [ -39.94714933, -18.48866116 ], [ -39.94711663, -18.48871619 ], [ -39.94704039, -18.4888515 ], [ -39.94695669, -18.48899322 ], [ -39.94690346, -18.48908903 ], [ -39.9468989, -18.48909695 ], [ -39.94686201, -18.48916011 ], [ -39.94683352, -18.48920702 ], [ -39.94678846, -18.48928651 ], [ -39.94673763, -18.48937328 ], [ -39.94669277, -18.48945287 ], [ -39.94664686, -18.48953192 ], [ -39.94659382, -18.48962783 ], [ -39.94652304, -18.48974537 ], [ -39.94649169, -18.48980111 ], [ -39.94646197, -18.48985766 ], [ -39.94645741, -18.48986558 ], [ -39.94643406, -18.48990488 ], [ -39.9464144, -18.48993579 ], [ -39.94640986, -18.48994372 ], [ -39.94637905, -18.48999973 ], [ -39.9463279, -18.49008633 ], [ -39.94623785, -18.49024535 ], [ -39.94620513, -18.49030037 ], [ -39.94617838, -18.49034821 ], [ -39.94611917, -18.49045121 ], [ -39.94608598, -18.49050597 ], [ -39.94608155, -18.49051396 ], [ -39.9460673, -18.49054056 ] ] } },
{ "type": "Feature", "properties": { }, "geometry": { "type": "LineString", "coordinates": [ [ -39.94766947, -18.48772689 ], [ -39.94764628, -18.48776577 ], [ -39.94760993, -18.4878292 ], [ -39.94755677, -18.48792505 ], [ -39.94749609, -18.48802728 ], [ -39.94747857, -18.48805933 ], [ -39.94744202, -18.48812266 ], [ -39.94742032, -18.48816282 ], [ -39.94741565, -18.48817068 ], [ -39.94739163, -18.48820962 ], [ -39.94736452, -18.48825728 ], [ -39.94733644, -18.48830442 ], [ -39.94733218, -18.48831249 ], [ -39.94731985, -18.48833691 ], [ -39.94730643, -18.48836081 ], [ -39.94726311, -18.48843086 ], [ -39.94725858, -18.4884388 ], [ -39.94721885, -18.48851076 ], [ -39.94719099, -18.48855801 ], [ -39.94715559, -18.48862194 ], [ -39.94715105, -18.48862987 ], [ -39.94705932, -18.488788 ], [ -39.94700523, -18.48888338 ], [ -39.94693119, -18.48900954 ], [ -39.9469136, -18.48904156 ], [ -39.94690909, -18.4890495 ], [ -39.94686347, -18.4891287 ], [ -39.94682571, -18.48919138 ], [ -39.9467813, -18.4892712 ], [ -39.9467579, -18.48931049 ], [ -39.9466672, -18.48946916 ], [ -39.94663936, -18.48951643 ], [ -39.94658614, -18.48961226 ], [ -39.94652046, -18.48972216 ], [ -39.94649419, -18.48977024 ], [ -39.94647982, -18.48979363 ], [ -39.94647533, -18.48980158 ], [ -39.94645348, -18.48984168 ], [ -39.94640246, -18.48992835 ], [ -39.94636709, -18.48999228 ], [ -39.94633847, -18.49003913 ], [ -39.9463107, -18.49008644 ], [ -39.94627151, -18.49015866 ], [ -39.946248, -18.49019789 ], [ -39.94618453, -18.49030897 ], [ -39.94616574, -18.49034036 ], [ -39.94612555, -18.49041208 ], [ -39.94607863, -18.49049059 ], [ -39.94605117, -18.49054099 ] ] } },
{ "type": "Feature", "properties": { }, "geometry": { "type": "LineString", "coordinates": [ [ -39.94765733, -18.48771937 ], [ -39.94759316, -18.48782957 ], [ -39.94756145, -18.48788512 ], [ -39.94754415, -18.48791728 ], [ -39.94753954, -18.48792518 ], [ -39.94752056, -18.48795646 ], [ -39.94748845, -18.48801181 ], [ -39.94746672, -18.48805195 ], [ -39.94743429, -18.48810713 ], [ -39.94742134, -18.48813126 ], [ -39.9473941, -18.48817884 ], [ -39.94737465, -18.48820987 ], [ -39.94737012, -18.4882178 ], [ -39.94735701, -18.48824186 ], [ -39.94732898, -18.48828902 ], [ -39.94732456, -18.48829702 ], [ -39.94729452, -18.48835341 ], [ -39.94728973, -18.48836121 ], [ -39.94726971, -18.48839189 ], [ -39.94725091, -18.48842328 ], [ -39.94724655, -18.4884313 ], [ -39.94722542, -18.48847174 ], [ -39.94722096, -18.48847971 ], [ -39.94716157, -18.48858262 ], [ -39.94713359, -18.48862981 ], [ -39.94708839, -18.48870924 ], [ -39.94706488, -18.48874846 ], [ -39.94699371, -18.48887611 ], [ -39.94694681, -18.48895462 ], [ -39.9468515, -18.48912119 ], [ -39.94681811, -18.48917585 ], [ -39.94681358, -18.48918379 ], [ -39.94676514, -18.48927179 ], [ -39.94671355, -18.48935816 ], [ -39.9466869, -18.48940605 ], [ -39.94663171, -18.48950085 ], [ -39.94661416, -18.48953289 ], [ -39.94660034, -18.48955657 ], [ -39.9465786, -18.48959671 ], [ -39.94657408, -18.48960466 ], [ -39.94650504, -18.48972313 ], [ -39.9464785, -18.48977108 ], [ -39.94647376, -18.4897789 ], [ -39.94646398, -18.48979438 ], [ -39.94645961, -18.4898024 ], [ -39.94645546, -18.48981052 ], [ -39.94644142, -18.48983409 ], [ -39.94640066, -18.48990552 ], [ -39.94632131, -18.4900392 ], [ -39.9462944, -18.49008696 ], [ -39.94626888, -18.49013541 ], [ -39.94626435, -18.49014334 ], [ -39.94619448, -18.49026137 ], [ -39.94617227, -18.49030128 ], [ -39.94613987, -18.49035648 ], [ -39.94613553, -18.4903645 ], [ -39.94612287, -18.49038878 ], [ -39.94611834, -18.49039671 ], [ -39.9460622, -18.49049101 ], [ -39.94603425, -18.49054145 ] ] } },
{ "type": "Feature", "properties": { }, "geometry": { "type": "LineString", "coordinates": [ [ -39.94764527, -18.4877119 ], [ -39.94764071, -18.4877193 ], [ -39.94763614, -18.48772721 ], [ -39.94760014, -18.48779083 ], [ -39.94754489, -18.4878856 ], [ -39.94752263, -18.48792548 ], [ -39.94747194, -18.48801233 ], [ -39.94745482, -18.48804458 ], [ -39.94745026, -18.48805249 ], [ -39.94741762, -18.48810756 ], [ -39.94739989, -18.4881395 ], [ -39.94736698, -18.48819442 ], [ -39.94734036, -18.48824232 ], [ -39.94732095, -18.48827337 ], [ -39.94730771, -18.48829735 ], [ -39.9472996, -18.48831369 ], [ -39.94729526, -18.48832172 ], [ -39.94727303, -18.48836162 ], [ -39.94725344, -18.48839256 ], [ -39.94724878, -18.48840043 ], [ -39.94723054, -18.48843211 ], [ -39.94721328, -18.48846429 ], [ -39.94720879, -18.48847224 ], [ -39.94715415, -18.48856734 ], [ -39.94711668, -18.48863017 ], [ -39.94707643, -18.48870187 ], [ -39.94704351, -18.48875678 ], [ -39.94700757, -18.48882043 ], [ -39.94698158, -18.48886864 ], [ -39.94692991, -18.48895497 ], [ -39.94690335, -18.4890029 ], [ -39.94687574, -18.4890503 ], [ -39.94684934, -18.48909831 ], [ -39.9468066, -18.48916868 ], [ -39.94675301, -18.48926432 ], [ -39.9466976, -18.489359 ], [ -39.9466661, -18.48941466 ], [ -39.94661946, -18.48949332 ], [ -39.9466068, -18.48951759 ], [ -39.94658413, -18.48955726 ], [ -39.94656674, -18.48958937 ], [ -39.94654802, -18.4896208 ], [ -39.94652175, -18.48966888 ], [ -39.94648899, -18.48972388 ], [ -39.94647102, -18.4897557 ], [ -39.9464566, -18.48977906 ], [ -39.94645233, -18.48978713 ], [ -39.94644414, -18.48980343 ], [ -39.94643956, -18.48981134 ], [ -39.94642538, -18.48983483 ], [ -39.94638484, -18.48990638 ], [ -39.94631357, -18.49002364 ], [ -39.94630914, -18.49003163 ], [ -39.94625731, -18.49012814 ], [ -39.94625279, -18.49013608 ], [ -39.94622065, -18.49019141 ], [ -39.94618726, -18.49024606 ], [ -39.94616502, -18.49028596 ], [ -39.94612851, -18.49034931 ], [ -39.94611113, -18.49038143 ], [ -39.94605537, -18.49047593 ], [ -39.94601807, -18.49054188 ] ] } },
{ "type": "Feature", "properties": { }, "geometry": { "type": "LineString", "coordinates": [ [ -39.94763298, -18.48770428 ], [ -39.94757032, -18.48781527 ], [ -39.94753748, -18.48787022 ], [ -39.9475063, -18.48792605 ], [ -39.94745997, -18.48800487 ], [ -39.94744245, -18.48803692 ], [ -39.94740556, -18.48810007 ], [ -39.94739251, -18.48812415 ], [ -39.94734585, -18.48820279 ], [ -39.94732823, -18.4882348 ], [ -39.94730045, -18.48828209 ], [ -39.94725617, -18.48836198 ], [ -39.94723742, -18.48839339 ], [ -39.94722461, -18.48841759 ], [ -39.94722003, -18.4884255 ], [ -39.94720117, -18.48845685 ], [ -39.94716053, -18.48852835 ], [ -39.94711379, -18.48860695 ], [ -39.94707383, -18.48867879 ], [ -39.94704086, -18.48873367 ], [ -39.94703628, -18.48874159 ], [ -39.94699555, -18.48881303 ], [ -39.94696958, -18.48886126 ], [ -39.94696503, -18.48886919 ], [ -39.94694653, -18.48890074 ], [ -39.94692264, -18.48893975 ], [ -39.9468872, -18.48900365 ], [ -39.94686861, -18.48903515 ], [ -39.94684627, -18.48907498 ], [ -39.94679966, -18.48915366 ], [ -39.94679102, -18.48916974 ], [ -39.94677246, -18.48920125 ], [ -39.94673644, -18.48926486 ], [ -39.94668094, -18.4893595 ], [ -39.94664965, -18.48941527 ], [ -39.94661696, -18.4894703 ], [ -39.94656357, -18.48956604 ], [ -39.94653572, -18.4896133 ], [ -39.94650997, -18.48966164 ], [ -39.94650527, -18.48966949 ], [ -39.94648105, -18.48970831 ], [ -39.9464723, -18.48972434 ], [ -39.94646775, -18.48973227 ], [ -39.94644457, -18.48977167 ], [ -39.94644031, -18.48977974 ], [ -39.94642793, -18.48980414 ], [ -39.94642338, -18.48981207 ], [ -39.94638109, -18.48988269 ], [ -39.94637231, -18.4898987 ], [ -39.94636774, -18.48990662 ], [ -39.94632122, -18.48998534 ], [ -39.94629733, -18.49002435 ], [ -39.94629304, -18.49003241 ], [ -39.94628482, -18.49004869 ], [ -39.94628051, -18.49005674 ], [ -39.94624547, -18.49012084 ], [ -39.94624094, -18.49012878 ], [ -39.94620881, -18.49018411 ], [ -39.94618489, -18.49022311 ], [ -39.94618033, -18.49023103 ], [ -39.94609521, -18.49038231 ], [ -39.94602042, -18.49050807 ], [ -39.94600097, -18.49054235 ] ] } },
{ "type": "Feature", "properties": { }, "geometry": { "type": "LineString", "coordinates": [ [ -39.94762089, -18.48769679 ], [ -39.94757626, -18.48777598 ], [ -39.94745229, -18.48798939 ], [ -39.94741208, -18.48806111 ], [ -39.94739786, -18.48808458 ], [ -39.94739329, -18.4880925 ], [ -39.94735275, -18.48816405 ], [ -39.94732929, -18.48820329 ], [ -39.94731161, -18.48823526 ], [ -39.94727501, -18.48829857 ], [ -39.94724407, -18.48835452 ], [ -39.94722975, -18.48837794 ], [ -39.94722528, -18.4883859 ], [ -39.94720789, -18.48841802 ], [ -39.94719371, -18.48844151 ], [ -39.94718912, -18.48844942 ], [ -39.94714838, -18.48852086 ], [ -39.94710182, -18.48859956 ], [ -39.94706196, -18.48867145 ], [ -39.94703378, -18.48871854 ], [ -39.94698321, -18.48880545 ], [ -39.94695702, -18.48885357 ], [ -39.94695248, -18.4888615 ], [ -39.94689273, -18.48896422 ], [ -39.9468567, -18.48902782 ], [ -39.94679185, -18.48913818 ], [ -39.94671983, -18.4892654 ], [ -39.94668251, -18.48932832 ], [ -39.94663707, -18.48940761 ], [ -39.94661771, -18.48943868 ], [ -39.9466132, -18.48944663 ], [ -39.94656936, -18.48952674 ], [ -39.94654713, -18.48956663 ], [ -39.94651959, -18.48961406 ], [ -39.94650221, -18.48964618 ], [ -39.94649753, -18.48965404 ], [ -39.9464687, -18.48970077 ], [ -39.94646413, -18.48970868 ], [ -39.94643717, -18.48975642 ], [ -39.94642425, -18.48978056 ], [ -39.94641963, -18.48978845 ], [ -39.94639121, -18.4898354 ], [ -39.94636377, -18.48988289 ], [ -39.94634186, -18.48992295 ], [ -39.94629512, -18.49000155 ], [ -39.94624223, -18.49009753 ], [ -39.9462377, -18.49010547 ], [ -39.94620109, -18.49016877 ], [ -39.94617255, -18.49021565 ], [ -39.94615504, -18.49024771 ], [ -39.94610945, -18.49032692 ], [ -39.94609195, -18.49035899 ], [ -39.94607287, -18.49039021 ], [ -39.94604158, -18.49044599 ], [ -39.94602305, -18.49047752 ], [ -39.94600355, -18.4905085 ], [ -39.94599898, -18.49051642 ], [ -39.94598425, -18.4905428 ] ] } },
{ "type": "Feature", "properties": { }, "geometry": { "type": "LineString", "coordinates": [ [ -39.9476095, -18.48768973 ], [ -39.94749109, -18.48789523 ], [ -39.94744015, -18.48798195 ], [ -39.94740495, -18.48804597 ], [ -39.94738128, -18.48808511 ], [ -39.94737668, -18.488093 ], [ -39.94734468, -18.48814841 ], [ -39.9473315, -18.48817243 ], [ -39.94732695, -18.48818035 ], [ -39.94727179, -18.48827517 ], [ -39.94723189, -18.48834704 ], [ -39.94722235, -18.48836266 ], [ -39.94721787, -18.48837062 ], [ -39.94719591, -18.48841065 ], [ -39.94717645, -18.48844167 ], [ -39.94713607, -18.48851329 ], [ -39.94708501, -18.48859994 ], [ -39.94700415, -18.48874315 ], [ -39.94697141, -18.48879816 ], [ -39.94694963, -18.48883828 ], [ -39.94688084, -18.48895689 ], [ -39.94684503, -18.4890206 ], [ -39.94679804, -18.48909907 ], [ -39.9467716, -18.48914706 ], [ -39.94674837, -18.48918644 ], [ -39.94671257, -18.48925016 ], [ -39.94668916, -18.48928944 ], [ -39.94663015, -18.48939255 ], [ -39.94659716, -18.48944742 ], [ -39.94653485, -18.4895591 ], [ -39.94651181, -18.48959858 ], [ -39.94649011, -18.48963874 ], [ -39.94646613, -18.4896777 ], [ -39.94643072, -18.48974162 ], [ -39.94638378, -18.48982011 ], [ -39.94637919, -18.48982801 ], [ -39.94634727, -18.48988346 ], [ -39.94632963, -18.48991546 ], [ -39.94630178, -18.48996272 ], [ -39.94627554, -18.49001081 ], [ -39.94619823, -18.49014558 ], [ -39.9461648, -18.49020021 ], [ -39.94613851, -18.49024828 ], [ -39.94610198, -18.49031162 ], [ -39.94608884, -18.49033566 ], [ -39.94606089, -18.49038286 ], [ -39.94602541, -18.49044675 ], [ -39.94598286, -18.49051722 ], [ -39.94596798, -18.49054324 ] ] } },
{ "type": "Feature", "properties": { }, "geometry": { "type": "LineString", "coordinates": [ [ -39.94759735, -18.4876822 ], [ -39.94757912, -18.48771337 ], [ -39.94752056, -18.48781672 ], [ -39.94750164, -18.48784803 ], [ -39.94749709, -18.48785596 ], [ -39.94745201, -18.48793544 ], [ -39.94742839, -18.4879746 ], [ -39.94739339, -18.48803872 ], [ -39.94734634, -18.48811715 ], [ -39.94731061, -18.4881809 ], [ -39.94725982, -18.4882677 ], [ -39.94724258, -18.48829989 ], [ -39.94722017, -18.48833969 ], [ -39.94720147, -18.48837114 ], [ -39.94718362, -18.48840302 ], [ -39.94716447, -18.48843421 ], [ -39.94712428, -18.48850593 ], [ -39.9470731, -18.48859252 ], [ -39.94705129, -18.48863263 ], [ -39.94702337, -18.48867985 ], [ -39.94699246, -18.48873582 ], [ -39.94695573, -18.48879906 ], [ -39.9469202, -18.48886291 ], [ -39.94686494, -18.48895768 ], [ -39.94682902, -18.48902133 ], [ -39.94678664, -18.4890919 ], [ -39.94676011, -18.48913985 ], [ -39.94674586, -18.48916331 ], [ -39.94670089, -18.48924284 ], [ -39.94659536, -18.48942468 ], [ -39.9464736, -18.48963925 ], [ -39.94644549, -18.48968637 ], [ -39.94641864, -18.48973416 ], [ -39.9463813, -18.48979707 ], [ -39.94635428, -18.48984477 ], [ -39.94629406, -18.48994724 ], [ -39.94625482, -18.49001944 ], [ -39.94622249, -18.49007467 ], [ -39.94619549, -18.49012239 ], [ -39.94615775, -18.49018508 ], [ -39.94608175, -18.49032052 ], [ -39.94604899, -18.49037552 ], [ -39.94602729, -18.49041568 ], [ -39.94599596, -18.49047143 ], [ -39.94597163, -18.49051019 ], [ -39.94595258, -18.49054365 ] ] } },
{ "type": "Feature", "properties": { }, "geometry": { "type": "LineString", "coordinates": [ [ -39.94758527, -18.48767471 ], [ -39.9475217, -18.48778695 ], [ -39.94749329, -18.4878339 ], [ -39.94743614, -18.48793797 ], [ -39.94741624, -18.48796872 ], [ -39.9473899, -18.48801677 ], [ -39.94736707, -18.48805636 ], [ -39.94732879, -18.48811875 ], [ -39.94723812, -18.48827744 ], [ -39.94721669, -18.48831774 ], [ -39.94717519, -18.48838878 ], [ -39.94715119, -18.48842773 ], [ -39.94709781, -18.48852348 ], [ -39.94706969, -18.48857059 ], [ -39.94703857, -18.48862645 ], [ -39.94702332, -18.48864933 ], [ -39.94700935, -18.48867293 ], [ -39.94699152, -18.48870483 ], [ -39.94697507, -18.48873739 ], [ -39.94696184, -18.48876139 ], [ -39.94685191, -18.48895123 ], [ -39.94681629, -18.48901504 ], [ -39.94675589, -18.48911741 ], [ -39.94662892, -18.48933957 ], [ -39.94659147, -18.48940241 ], [ -39.94649809, -18.48956998 ], [ -39.94647921, -18.48960132 ], [ -39.94646136, -18.4896332 ], [ -39.94643729, -18.48967212 ], [ -39.9463826, -18.48976718 ], [ -39.94636091, -18.48980735 ], [ -39.94632782, -18.48986217 ], [ -39.94630056, -18.48990975 ], [ -39.94627701, -18.48994895 ], [ -39.94626456, -18.48997332 ], [ -39.94624233, -18.49001322 ], [ -39.94620945, -18.49006815 ], [ -39.94618724, -18.49010805 ], [ -39.9461587, -18.49015494 ], [ -39.94611457, -18.49023491 ], [ -39.94608668, -18.49028215 ], [ -39.94605991, -18.49032998 ], [ -39.94603176, -18.49037708 ], [ -39.94598329, -18.49046507 ], [ -39.94595429, -18.49051171 ], [ -39.94593687, -18.49054407 ] ] } },
{ "type": "Feature", "properties": { }, "geometry": { "type": "LineString", "coordinates": [ [ -39.94757376, -18.48766758 ], [ -39.94752684, -18.48774738 ], [ -39.94742875, -18.48792279 ], [ -39.94740451, -18.48796161 ], [ -39.94734994, -18.48805674 ], [ -39.9472939, -18.48815109 ], [ -39.94724852, -18.48823041 ], [ -39.94720454, -18.48831044 ], [ -39.94716325, -18.4883816 ], [ -39.94713005, -18.48843636 ], [ -39.9471079, -18.48847629 ], [ -39.9470484, -18.48857915 ], [ -39.9470262, -18.48861906 ], [ -39.94700601, -18.48864965 ], [ -39.94697928, -18.4886975 ], [ -39.94696289, -18.48873009 ], [ -39.94691322, -18.48881747 ], [ -39.9468806, -18.48887254 ], [ -39.9468127, -18.48899162 ], [ -39.94673916, -18.48911805 ], [ -39.94669422, -18.48919759 ], [ -39.94657937, -18.48939517 ], [ -39.94655307, -18.48944323 ], [ -39.94653429, -18.48947463 ], [ -39.94649042, -18.48955472 ], [ -39.94645861, -18.48961022 ], [ -39.94642512, -18.48966482 ], [ -39.94641168, -18.48968871 ], [ -39.94639918, -18.48971306 ], [ -39.94637569, -18.48975229 ], [ -39.94635816, -18.48978433 ], [ -39.9462926, -18.48989431 ], [ -39.94626534, -18.48994188 ], [ -39.94623491, -18.48999809 ], [ -39.94619292, -18.49006887 ], [ -39.94617519, -18.49010081 ], [ -39.94614634, -18.49014753 ], [ -39.94611188, -18.49021192 ], [ -39.94607452, -18.49027482 ], [ -39.94604755, -18.49032254 ], [ -39.94602392, -18.4903617 ], [ -39.94597101, -18.49045768 ], [ -39.94594242, -18.49050454 ], [ -39.94591994, -18.49054453 ] ] } },
{ "type": "Feature", "properties": { }, "geometry": { "type": "LineString", "coordinates": [ [ -39.94756172, -18.48766012 ], [ -39.9475291, -18.48771467 ], [ -39.94752458, -18.48772262 ], [ -39.94747532, -18.48781021 ], [ -39.94745393, -18.48785052 ], [ -39.94736533, -18.48799998 ], [ -39.94730219, -18.48811123 ], [ -39.94728308, -18.48814244 ], [ -39.94725538, -18.48818979 ], [ -39.94719332, -18.4883016 ], [ -39.94715619, -18.48836462 ], [ -39.94713703, -18.4883958 ], [ -39.94711514, -18.48843587 ], [ -39.94706443, -18.48852271 ], [ -39.94702857, -18.4885864 ], [ -39.94700559, -18.4886259 ], [ -39.94699104, -18.48864919 ], [ -39.946943, -18.4887374 ], [ -39.94685967, -18.48887931 ], [ -39.94682904, -18.48893542 ], [ -39.94675049, -18.48906952 ], [ -39.94667413, -18.48920478 ], [ -39.94662742, -18.48928339 ], [ -39.94660993, -18.48931546 ], [ -39.94656409, -18.48939454 ], [ -39.94654247, -18.48943474 ], [ -39.94651931, -18.48947415 ], [ -39.94647457, -18.48955381 ], [ -39.9464289, -18.48963298 ], [ -39.94640989, -18.48966425 ], [ -39.94638885, -18.48970473 ], [ -39.94636968, -18.48973591 ], [ -39.94634277, -18.48978367 ], [ -39.94628153, -18.48988559 ], [ -39.94616867, -18.4900842 ], [ -39.94613087, -18.49014685 ], [ -39.94609169, -18.49021909 ], [ -39.94606805, -18.49025824 ], [ -39.94602206, -18.49033725 ], [ -39.94600384, -18.49036894 ], [ -39.9459687, -18.49043299 ], [ -39.94592192, -18.49051157 ], [ -39.9459032, -18.49054498 ] ] } },
{ "type": "Feature", "properties": { }, "geometry": { "type": "LineString", "coordinates": [ [ -39.94754955, -18.48765258 ], [ -39.94753022, -18.48768482 ], [ -39.947481, -18.48777244 ], [ -39.94746703, -18.48779605 ], [ -39.94743685, -18.48785237 ], [ -39.94740795, -18.48789906 ], [ -39.94735239, -18.48799366 ], [ -39.94734385, -18.4880098 ], [ -39.94724861, -18.4881764 ], [ -39.9472117, -18.48823954 ], [ -39.94718058, -18.4882954 ], [ -39.94711514, -18.48840544 ], [ -39.94709348, -18.48844562 ], [ -39.9470432, -18.48853269 ], [ -39.94702587, -18.48856483 ], [ -39.94698362, -18.48863547 ], [ -39.94691694, -18.48875517 ], [ -39.94684716, -18.48887325 ], [ -39.94679344, -18.48896881 ], [ -39.94670604, -18.48911891 ], [ -39.94665691, -18.48920657 ], [ -39.9466101, -18.48928514 ], [ -39.94658389, -18.48933325 ], [ -39.94656526, -18.48936472 ], [ -39.94652969, -18.48942856 ], [ -39.94647922, -18.48951552 ], [ -39.94644843, -18.48957155 ], [ -39.94640226, -18.48965045 ], [ -39.94637141, -18.48970645 ], [ -39.94634733, -18.48974535 ], [ -39.94633014, -18.48977757 ], [ -39.94628293, -18.48985591 ], [ -39.94622334, -18.48995872 ], [ -39.94616515, -18.49006225 ], [ -39.94611829, -18.49014079 ], [ -39.94607467, -18.49022101 ], [ -39.94603222, -18.49029154 ], [ -39.9459644, -18.49041065 ], [ -39.94594699, -18.49044276 ], [ -39.94590931, -18.49050548 ], [ -39.94588677, -18.49054543 ] ] } },
{ "type": "Feature", "properties": { }, "geometry": { "type": "LineString", "coordinates": [ [ -39.94753791, -18.48764536 ], [ -39.94745951, -18.48778041 ], [ -39.94742465, -18.4878446 ], [ -39.94738678, -18.48790722 ], [ -39.94730473, -18.48804981 ], [ -39.9472813, -18.48808908 ], [ -39.94723257, -18.48817694 ], [ -39.94719978, -18.48823192 ], [ -39.94715977, -18.48830374 ], [ -39.94712674, -18.48835859 ], [ -39.94710461, -18.48839854 ], [ -39.94705423, -18.48848555 ], [ -39.94702795, -18.48853363 ], [ -39.94698184, -18.48861257 ], [ -39.94696424, -18.48864458 ], [ -39.94690066, -18.48875561 ], [ -39.94687242, -18.48880266 ], [ -39.94680809, -18.48891329 ], [ -39.94677241, -18.48897707 ], [ -39.94669837, -18.48910323 ], [ -39.9466493, -18.48919092 ], [ -39.94659825, -18.48927758 ], [ -39.94656747, -18.48933361 ], [ -39.94646736, -18.48950798 ], [ -39.94643184, -18.48957184 ], [ -39.94640848, -18.48961114 ], [ -39.94636392, -18.48969089 ], [ -39.94633521, -18.48973768 ], [ -39.94629939, -18.48980139 ], [ -39.94626624, -18.48985617 ], [ -39.946221, -18.48993557 ], [ -39.94620231, -18.48996701 ], [ -39.94618512, -18.48999923 ], [ -39.94616261, -18.49003898 ], [ -39.94613508, -18.49008642 ], [ -39.94611561, -18.49011743 ], [ -39.94610173, -18.49014108 ], [ -39.94606207, -18.49021308 ], [ -39.94603813, -18.49025206 ], [ -39.94600717, -18.490308 ], [ -39.94595703, -18.49039514 ], [ -39.94593987, -18.49042737 ], [ -39.94588815, -18.49051366 ], [ -39.94587014, -18.49054588 ] ] } },
{ "type": "Feature", "properties": { }, "geometry": { "type": "LineString", "coordinates": [ [ -39.94752594, -18.48763795 ], [ -39.94750253, -18.48767791 ], [ -39.94749414, -18.48769411 ], [ -39.94745216, -18.4877649 ], [ -39.94742149, -18.48782098 ], [ -39.94737916, -18.48789159 ], [ -39.94735269, -18.48793956 ], [ -39.9473292, -18.4879788 ], [ -39.94729771, -18.48803447 ], [ -39.94727358, -18.48807335 ], [ -39.94722081, -18.4881694 ], [ -39.94718358, -18.48823236 ], [ -39.94714808, -18.48829623 ], [ -39.94711982, -18.48834327 ], [ -39.94704709, -18.48847013 ], [ -39.94700735, -18.48854208 ], [ -39.94698854, -18.48857346 ], [ -39.94693836, -18.48866058 ], [ -39.94688891, -18.48874808 ], [ -39.94686065, -18.48879512 ], [ -39.94672839, -18.48902481 ], [ -39.94668197, -18.48910358 ], [ -39.94664653, -18.48916749 ], [ -39.94659123, -18.48926223 ], [ -39.94652431, -18.4893818 ], [ -39.94650987, -18.48940515 ], [ -39.94647338, -18.48946851 ], [ -39.94643347, -18.48954038 ], [ -39.94639561, -18.48960301 ], [ -39.9463559, -18.48967498 ], [ -39.94633235, -18.48971418 ], [ -39.94631489, -18.48974626 ], [ -39.94628764, -18.48979385 ], [ -39.94625904, -18.4898407 ], [ -39.9462455, -18.48986454 ], [ -39.94624156, -18.48987275 ], [ -39.94622711, -18.4898961 ], [ -39.94619498, -18.48995143 ], [ -39.94614627, -18.49003931 ], [ -39.94612337, -18.49007886 ], [ -39.94610419, -18.49011003 ], [ -39.94605497, -18.49019765 ], [ -39.94602196, -18.49025251 ], [ -39.94591874, -18.49043555 ], [ -39.94587158, -18.49051392 ], [ -39.94585391, -18.49054631 ] ] } },
{ "type": "Feature", "properties": { }, "geometry": { "type": "LineString", "coordinates": [ [ -39.94751425, -18.4876307 ], [ -39.94749979, -18.48765463 ], [ -39.94748213, -18.48768661 ], [ -39.94744021, -18.48775743 ], [ -39.94741817, -18.48779743 ], [ -39.94736652, -18.48788376 ], [ -39.94735301, -18.48790761 ], [ -39.94734068, -18.48793203 ], [ -39.94731299, -18.48797939 ], [ -39.94729988, -18.48800344 ], [ -39.94726158, -18.48806582 ], [ -39.94723073, -18.48812181 ], [ -39.94715843, -18.48824889 ], [ -39.94712137, -18.48831195 ], [ -39.94704933, -18.48843916 ], [ -39.94700756, -18.48851006 ], [ -39.94697212, -18.48857396 ], [ -39.94689417, -18.48870839 ], [ -39.94688107, -18.48873244 ], [ -39.94684827, -18.48878742 ], [ -39.94678512, -18.48889867 ], [ -39.94674795, -18.48896167 ], [ -39.94670803, -18.48903353 ], [ -39.94665231, -18.48912805 ], [ -39.94658373, -18.48924677 ], [ -39.94651216, -18.48937422 ], [ -39.94646593, -18.4894531 ], [ -39.94643101, -18.48951726 ], [ -39.94638861, -18.48958782 ], [ -39.94632916, -18.4896907 ], [ -39.94627618, -18.48978664 ], [ -39.94624271, -18.48984124 ], [ -39.94619771, -18.48992077 ], [ -39.94616951, -18.48996784 ], [ -39.94613425, -18.49003183 ], [ -39.94609247, -18.49010273 ], [ -39.94606599, -18.49015071 ], [ -39.94600097, -18.49026097 ], [ -39.94594766, -18.49035675 ], [ -39.94592904, -18.49038823 ], [ -39.94589334, -18.490452 ], [ -39.94585507, -18.49051439 ], [ -39.94583778, -18.49054675 ] ] } },
{ "type": "Feature", "properties": { }, "geometry": { "type": "LineString", "coordinates": [ [ -39.94750193, -18.48762307 ], [ -39.94736418, -18.48786124 ], [ -39.94734525, -18.48789255 ], [ -39.94732362, -18.48793275 ], [ -39.94730498, -18.48796422 ], [ -39.94727818, -18.48801203 ], [ -39.94724482, -18.4880667 ], [ -39.94721833, -18.48811467 ], [ -39.94717276, -18.48819389 ], [ -39.94715063, -18.48823384 ], [ -39.94711339, -18.4882968 ], [ -39.94703267, -18.48844008 ], [ -39.9469636, -18.48855854 ], [ -39.94686845, -18.4887252 ], [ -39.94684046, -18.48877239 ], [ -39.94678217, -18.48887587 ], [ -39.94674044, -18.48894679 ], [ -39.94669573, -18.48902646 ], [ -39.94664858, -18.48910484 ], [ -39.94658997, -18.48920815 ], [ -39.94656642, -18.48924736 ], [ -39.94649489, -18.48937483 ], [ -39.94643978, -18.48946967 ], [ -39.94640471, -18.48953376 ], [ -39.94637127, -18.48958838 ], [ -39.94633973, -18.48964403 ], [ -39.94632078, -18.48967533 ], [ -39.94630387, -18.48970768 ], [ -39.94627643, -18.48975516 ], [ -39.94626335, -18.48977923 ], [ -39.94623011, -18.48983396 ], [ -39.94620847, -18.48987415 ], [ -39.94615746, -18.48996083 ], [ -39.9461267, -18.49001687 ], [ -39.94608027, -18.49009564 ], [ -39.946031, -18.49018323 ], [ -39.9459571, -18.49030947 ], [ -39.94588618, -18.49043725 ], [ -39.94584314, -18.49050745 ], [ -39.94582047, -18.49054721 ] ] } },
{ "type": "Feature", "properties": { }, "geometry": { "type": "LineString", "coordinates": [ [ -39.94749004, -18.4876157 ], [ -39.94745836, -18.48767076 ], [ -39.94743442, -18.48770974 ], [ -39.94742557, -18.48772573 ], [ -39.94742097, -18.48773362 ], [ -39.94737455, -18.4878124 ], [ -39.9473479, -18.48786029 ], [ -39.94732461, -18.48789963 ], [ -39.94731189, -18.48792387 ], [ -39.94729349, -18.48795547 ], [ -39.94727585, -18.48798746 ], [ -39.9472291, -18.48806606 ], [ -39.94720265, -18.48811405 ], [ -39.94714826, -18.48820927 ], [ -39.94711563, -18.48826434 ], [ -39.94709333, -18.4883042 ], [ -39.94706094, -18.4883594 ], [ -39.94701227, -18.48844729 ], [ -39.94690596, -18.48862871 ], [ -39.94687523, -18.48868476 ], [ -39.94676067, -18.48888249 ], [ -39.94671144, -18.4889701 ], [ -39.94667857, -18.48902504 ], [ -39.94659148, -18.4891753 ], [ -39.94657397, -18.48920735 ], [ -39.94655526, -18.48923879 ], [ -39.94649706, -18.48934232 ], [ -39.94639228, -18.48952455 ], [ -39.94635883, -18.48957916 ], [ -39.94633287, -18.48962739 ], [ -39.94630972, -18.48966681 ], [ -39.9462833, -18.48971482 ], [ -39.94626457, -18.48974624 ], [ -39.94624724, -18.48977839 ], [ -39.94621877, -18.48982531 ], [ -39.94619264, -18.48987347 ], [ -39.94616002, -18.48992854 ], [ -39.94611522, -18.49000816 ], [ -39.94606452, -18.49009501 ], [ -39.94602889, -18.49015881 ], [ -39.94599645, -18.49021398 ], [ -39.94596989, -18.49026192 ], [ -39.94595058, -18.49029302 ], [ -39.94592757, -18.49033251 ], [ -39.94587511, -18.49042871 ], [ -39.94583673, -18.49049105 ], [ -39.94580402, -18.49054766 ] ] } },
{ "type": "Feature", "properties": { }, "geometry": { "type": "LineString", "coordinates": [ [ -39.94747817, -18.48760835 ], [ -39.94745868, -18.48764025 ], [ -39.94743184, -18.48768804 ], [ -39.94736176, -18.48780596 ], [ -39.94733076, -18.48786188 ], [ -39.94731226, -18.48789343 ], [ -39.94727276, -18.4879655 ], [ -39.94721238, -18.48806789 ], [ -39.94718676, -18.48811628 ], [ -39.94717317, -18.48814009 ], [ -39.94713994, -18.48819483 ], [ -39.94708164, -18.48829832 ], [ -39.94705769, -18.48833729 ], [ -39.94701333, -18.48841714 ], [ -39.94689404, -18.4886227 ], [ -39.94686804, -18.48867091 ], [ -39.94680285, -18.48878108 ], [ -39.9467717, -18.48883693 ], [ -39.94671142, -18.48893937 ], [ -39.94668028, -18.48899521 ], [ -39.94665227, -18.48904239 ], [ -39.94660721, -18.48912188 ], [ -39.9465746, -18.48917696 ], [ -39.94654845, -18.4892251 ], [ -39.94651136, -18.48928815 ], [ -39.94646163, -18.4893755 ], [ -39.9464307, -18.48943145 ], [ -39.94634664, -18.48957297 ], [ -39.94631602, -18.48962908 ], [ -39.9462976, -18.48966067 ], [ -39.94627567, -18.48970072 ], [ -39.94625161, -18.48973964 ], [ -39.94623454, -18.48977191 ], [ -39.94620632, -18.48981897 ], [ -39.94618014, -18.4898671 ], [ -39.94612473, -18.48996178 ], [ -39.9460616, -18.49007304 ], [ -39.94599273, -18.49019161 ], [ -39.94595731, -18.49025552 ], [ -39.94593336, -18.4902945 ], [ -39.94591027, -18.49033395 ], [ -39.9458929, -18.49036608 ], [ -39.94587465, -18.49039775 ], [ -39.94585321, -18.49043804 ], [ -39.94581971, -18.49049264 ], [ -39.94578731, -18.49054811 ] ] } },
{ "type": "Feature", "properties": { }, "geometry": { "type": "LineString", "coordinates": [ [ -39.94746596, -18.48760078 ], [ -39.94741118, -18.48769624 ], [ -39.94734528, -18.48780603 ], [ -39.94731062, -18.48787032 ], [ -39.94728292, -18.48791766 ], [ -39.9472561, -18.48796547 ], [ -39.9472281, -18.48801265 ], [ -39.94717495, -18.48810851 ], [ -39.9471102, -18.48821892 ], [ -39.947002, -18.48840966 ], [ -39.9469735, -18.48845657 ], [ -39.94695117, -18.48849642 ], [ -39.94691421, -18.48855953 ], [ -39.94686047, -18.48865509 ], [ -39.94681411, -18.48873389 ], [ -39.94678779, -18.48878195 ], [ -39.9467086, -18.48891572 ], [ -39.94666875, -18.48898761 ], [ -39.94663637, -18.48904281 ], [ -39.94660088, -18.48910669 ], [ -39.94656301, -18.48916931 ], [ -39.94654157, -18.4892096 ], [ -39.94648164, -18.48931223 ], [ -39.94642335, -18.48941571 ], [ -39.9463997, -18.48945486 ], [ -39.94637722, -18.48949463 ], [ -39.94634886, -18.48954162 ], [ -39.94633545, -18.48956552 ], [ -39.94632335, -18.48959005 ], [ -39.94630529, -18.48962182 ], [ -39.94628629, -18.4896531 ], [ -39.94625922, -18.48970078 ], [ -39.94623981, -18.48973182 ], [ -39.94622676, -18.4897559 ], [ -39.94619007, -18.48981915 ], [ -39.94614998, -18.48989093 ], [ -39.94610392, -18.4899699 ], [ -39.94605444, -18.49005738 ], [ -39.94600747, -18.49013585 ], [ -39.94597608, -18.49019158 ], [ -39.94595006, -18.49023978 ], [ -39.94590345, -18.49031845 ], [ -39.94587166, -18.49037397 ], [ -39.94584125, -18.49043018 ], [ -39.94583123, -18.49044551 ], [ -39.94580825, -18.49048503 ], [ -39.94578436, -18.49052404 ], [ -39.94577078, -18.49054856 ] ] } },
{ "type": "Feature", "properties": { }, "geometry": { "type": "LineString", "coordinates": [ [ -39.94745367, -18.48759317 ], [ -39.94739457, -18.48769677 ], [ -39.94733329, -18.48779867 ], [ -39.9472986, -18.48786295 ], [ -39.94722951, -18.48798139 ], [ -39.94717164, -18.48808509 ], [ -39.94712028, -18.48817158 ], [ -39.94707555, -18.48825124 ], [ -39.94703779, -18.48831392 ], [ -39.94699384, -18.48839397 ], [ -39.9469656, -18.48844102 ], [ -39.94693433, -18.4884968 ], [ -39.94690158, -18.48855181 ], [ -39.94684802, -18.48864746 ], [ -39.94681089, -18.48871048 ], [ -39.94678017, -18.48876654 ], [ -39.94670985, -18.48888432 ], [ -39.94667051, -18.48895648 ], [ -39.94664275, -18.48900379 ], [ -39.94660694, -18.4890675 ], [ -39.94658855, -18.4890991 ], [ -39.94657846, -18.4891144 ], [ -39.94655517, -18.48915375 ], [ -39.94652907, -18.48920191 ], [ -39.94650124, -18.48924919 ], [ -39.94647456, -18.48929706 ], [ -39.94644655, -18.48934424 ], [ -39.94637908, -18.48946354 ], [ -39.94634112, -18.48952611 ], [ -39.94631524, -18.48957438 ], [ -39.94628365, -18.48963 ], [ -39.94625991, -18.4896691 ], [ -39.94624641, -18.48969295 ], [ -39.94623178, -18.4897162 ], [ -39.94620119, -18.48977232 ], [ -39.94617788, -18.48981165 ], [ -39.94607847, -18.48998638 ], [ -39.94599997, -18.49012052 ], [ -39.94596377, -18.49018403 ], [ -39.94593764, -18.49023218 ], [ -39.94592335, -18.49025561 ], [ -39.94589192, -18.49031131 ], [ -39.94587783, -18.49033486 ], [ -39.94582846, -18.4904224 ], [ -39.94576753, -18.49052449 ], [ -39.945754, -18.49054901 ] ] } },
{ "type": "Feature", "properties": { }, "geometry": { "type": "LineString", "coordinates": [ [ -39.94744146, -18.4875856 ], [ -39.94740547, -18.48764963 ], [ -39.94731722, -18.48779927 ], [ -39.94729105, -18.4878474 ], [ -39.94726389, -18.48789502 ], [ -39.94722204, -18.48796588 ], [ -39.94715947, -18.48807743 ], [ -39.94713608, -18.48811672 ], [ -39.94706363, -18.48824372 ], [ -39.94702614, -18.48830655 ], [ -39.94698197, -18.48838649 ], [ -39.94694026, -18.48845742 ], [ -39.94690896, -18.48851319 ], [ -39.94685796, -18.48859987 ], [ -39.94682693, -18.48865577 ], [ -39.94675909, -18.48877488 ], [ -39.94670264, -18.488869 ], [ -39.94666346, -18.48894123 ], [ -39.9466264, -18.48900429 ], [ -39.94658118, -18.4890837 ], [ -39.94656197, -18.48911486 ], [ -39.94653893, -18.48915433 ], [ -39.94650794, -18.48921026 ], [ -39.94643435, -18.48933666 ], [ -39.94639908, -18.48940064 ], [ -39.94638034, -18.48943206 ], [ -39.94636245, -18.48946392 ], [ -39.9463335, -18.48951059 ], [ -39.94630753, -18.48955881 ], [ -39.94628047, -18.48960649 ], [ -39.94623407, -18.48968528 ], [ -39.94621956, -18.48970859 ], [ -39.94617579, -18.48978873 ], [ -39.94612918, -18.4898674 ], [ -39.9461162, -18.48989152 ], [ -39.94608866, -18.48993895 ], [ -39.94606709, -18.48997917 ], [ -39.94602899, -18.49004167 ], [ -39.94595613, -18.49016845 ], [ -39.9459255, -18.49022455 ], [ -39.94590681, -18.490256 ], [ -39.94587998, -18.4903038 ], [ -39.94578389, -18.49046996 ], [ -39.94575104, -18.49052491 ], [ -39.94573767, -18.49054945 ] ] } },
{ "type": "Feature", "properties": { }, "geometry": { "type": "LineString", "coordinates": [ [ -39.94742949, -18.48757818 ], [ -39.94738927, -18.48764971 ], [ -39.947375, -18.48767315 ], [ -39.9473342, -18.48774456 ], [ -39.94730629, -18.4877918 ], [ -39.94727961, -18.48783967 ], [ -39.94721495, -18.48795013 ], [ -39.94715242, -18.48806169 ], [ -39.94712011, -18.48811694 ], [ -39.94707977, -18.48818858 ], [ -39.94701986, -18.48829122 ], [ -39.94688431, -18.4885295 ], [ -39.94686981, -18.48855281 ], [ -39.9468421, -18.48860015 ], [ -39.94680208, -18.48867196 ], [ -39.94668723, -18.48886954 ], [ -39.94666579, -18.48890982 ], [ -39.94662951, -18.4889733 ], [ -39.9466013, -18.48902037 ], [ -39.94656963, -18.48907594 ], [ -39.94654137, -18.48912298 ], [ -39.9464603, -18.48926608 ], [ -39.9464417, -18.48929757 ], [ -39.94638823, -18.48939327 ], [ -39.94635106, -18.48945627 ], [ -39.9463269, -18.48949514 ], [ -39.9462781, -18.48958296 ], [ -39.94623569, -18.48965352 ], [ -39.94619933, -18.48971694 ], [ -39.9461777, -18.48975714 ], [ -39.94614597, -18.48981269 ], [ -39.94611757, -18.48985965 ], [ -39.9460948, -18.48989927 ], [ -39.94606001, -18.4899635 ], [ -39.94602193, -18.490026 ], [ -39.94599548, -18.49007399 ], [ -39.94594036, -18.49016883 ], [ -39.94590925, -18.49022469 ], [ -39.94588599, -18.49026406 ], [ -39.94585926, -18.4903119 ], [ -39.94577708, -18.49045443 ], [ -39.94573942, -18.49051716 ], [ -39.94572189, -18.49054987 ] ] } },
{ "type": "Feature", "properties": { }, "geometry": { "type": "LineString", "coordinates": [ [ -39.94741786, -18.48757098 ], [ -39.94740866, -18.48758626 ], [ -39.94739143, -18.48761845 ], [ -39.94734051, -18.48770517 ], [ -39.94731361, -18.48775294 ], [ -39.94729, -18.48779211 ], [ -39.94727706, -18.48781625 ], [ -39.94724529, -18.48787177 ], [ -39.94719883, -18.48795052 ], [ -39.9471359, -18.48806188 ], [ -39.94711695, -18.48809318 ], [ -39.94709527, -18.48813336 ], [ -39.9470443, -18.48822005 ], [ -39.9469952, -18.48830773 ], [ -39.94692685, -18.48842657 ], [ -39.9469094, -18.48845865 ], [ -39.94688128, -18.48850577 ], [ -39.94679926, -18.48864838 ], [ -39.946762, -18.48871133 ], [ -39.94668034, -18.48885412 ], [ -39.94664493, -18.48891804 ], [ -39.94661699, -18.48896526 ], [ -39.9465991, -18.48899712 ], [ -39.94658002, -18.48902835 ], [ -39.94655318, -18.48907615 ], [ -39.94652974, -18.48911541 ], [ -39.94635837, -18.48941739 ], [ -39.94631638, -18.48948817 ], [ -39.94626645, -18.48957542 ], [ -39.94621996, -18.48965416 ], [ -39.94613933, -18.48979748 ], [ -39.94611157, -18.48984479 ], [ -39.94609691, -18.48986801 ], [ -39.94604357, -18.48996378 ], [ -39.94601532, -18.49001082 ], [ -39.94595232, -18.49012215 ], [ -39.94591082, -18.4901932 ], [ -39.94589296, -18.49022508 ], [ -39.94587409, -18.49025642 ], [ -39.94579282, -18.49039942 ], [ -39.94572781, -18.49050969 ], [ -39.9457192, -18.49052579 ], [ -39.9457114, -18.49054226 ], [ -39.94570667, -18.49055028 ] ] } },
{ "type": "Feature", "properties": { }, "geometry": { "type": "LineString", "coordinates": [ [ -39.94740649, -18.48756393 ], [ -39.94732044, -18.48771422 ], [ -39.94728282, -18.48777697 ], [ -39.9472519, -18.48783293 ], [ -39.9471963, -18.48792751 ], [ -39.94716535, -18.48798346 ], [ -39.94713797, -18.48803097 ], [ -39.94713339, -18.48803888 ], [ -39.94710515, -18.48808594 ], [ -39.94707872, -18.48813394 ], [ -39.94701883, -18.48823658 ], [ -39.94698806, -18.48829262 ], [ -39.94695978, -18.48833965 ], [ -39.94693256, -18.48838725 ], [ -39.94692804, -18.48839519 ], [ -39.94689723, -18.48845121 ], [ -39.94674996, -18.48870396 ], [ -39.94668669, -18.48881514 ], [ -39.94666913, -18.48884717 ], [ -39.94660939, -18.4889499 ], [ -39.94657807, -18.48900566 ], [ -39.94651351, -18.48911617 ], [ -39.94645483, -18.48921945 ], [ -39.94642223, -18.48927454 ], [ -39.94640472, -18.48930659 ], [ -39.94637279, -18.48936203 ], [ -39.94635544, -18.48939417 ], [ -39.94628585, -18.48951235 ], [ -39.94626389, -18.48955238 ], [ -39.94624525, -18.48958385 ], [ -39.94622292, -18.4896237 ], [ -39.94620387, -18.48965494 ], [ -39.94618638, -18.48968701 ], [ -39.94614068, -18.48976616 ], [ -39.94611849, -18.48980608 ], [ -39.9460858, -18.48986112 ], [ -39.94607277, -18.48988521 ], [ -39.94598158, -18.49004363 ], [ -39.94586194, -18.490249 ], [ -39.94577635, -18.49040004 ], [ -39.94572057, -18.49049453 ], [ -39.94570753, -18.49051862 ], [ -39.94569557, -18.49054321 ], [ -39.94569114, -18.4905507 ] ] } },
{ "type": "Feature", "properties": { }, "geometry": { "type": "LineString", "coordinates": [ [ -39.94739456, -18.48755654 ], [ -39.94735007, -18.4876358 ], [ -39.94733112, -18.48766711 ], [ -39.9473088, -18.48770695 ], [ -39.94726669, -18.48777768 ], [ -39.94723546, -18.48783348 ], [ -39.94718448, -18.48792017 ], [ -39.94715838, -18.48796833 ], [ -39.94713141, -18.48801606 ], [ -39.94705287, -18.48815018 ], [ -39.94696693, -18.48830103 ], [ -39.94694331, -18.4883402 ], [ -39.94687134, -18.48846744 ], [ -39.94674268, -18.48868871 ], [ -39.94668417, -18.48879208 ], [ -39.94665788, -18.48884015 ], [ -39.94660192, -18.48893454 ], [ -39.94657078, -18.48899039 ], [ -39.94652459, -18.48906928 ], [ -39.94649809, -18.48911725 ], [ -39.94641984, -18.48925152 ], [ -39.94638424, -18.48931534 ], [ -39.94636082, -18.48935461 ], [ -39.94633879, -18.48939461 ], [ -39.94630703, -18.48945014 ], [ -39.94630246, -18.48945806 ], [ -39.94627872, -18.48949715 ], [ -39.94621653, -18.48960889 ], [ -39.94619734, -18.48964006 ], [ -39.94616527, -18.48969543 ], [ -39.94599282, -18.48999685 ], [ -39.94595551, -18.49005978 ], [ -39.9458638, -18.49021793 ], [ -39.945832, -18.49027343 ], [ -39.94581471, -18.4903056 ], [ -39.94579141, -18.49034494 ], [ -39.9457692, -18.49038484 ], [ -39.94570433, -18.49049519 ], [ -39.94567441, -18.49055115 ] ] } },
{ "type": "Feature", "properties": { }, "geometry": { "type": "LineString", "coordinates": [ [ -39.94738297, -18.48754936 ], [ -39.94734251, -18.48762043 ], [ -39.94730988, -18.4876755 ], [ -39.94729675, -18.48769954 ], [ -39.9472457, -18.4877862 ], [ -39.94722321, -18.48782596 ], [ -39.94719031, -18.48788088 ], [ -39.94716776, -18.48792062 ], [ -39.94714626, -18.48796088 ], [ -39.9471283, -18.4879927 ], [ -39.94704097, -18.48814284 ], [ -39.94695053, -18.48830165 ], [ -39.94693168, -18.488333 ], [ -39.9468091, -18.48854715 ], [ -39.94671701, -18.48870509 ], [ -39.94665478, -18.48881681 ], [ -39.946522, -18.48904623 ], [ -39.94647718, -18.48912584 ], [ -39.94641247, -18.48923628 ], [ -39.94637679, -18.48930005 ], [ -39.94633528, -18.48937109 ], [ -39.94630907, -18.4894192 ], [ -39.94626679, -18.48948983 ], [ -39.94625417, -18.48951412 ], [ -39.946223, -18.48956995 ], [ -39.94614884, -18.48969605 ], [ -39.94607663, -18.48982317 ], [ -39.94601683, -18.48992587 ], [ -39.94598104, -18.48998959 ], [ -39.94591624, -18.49009997 ], [ -39.94587984, -18.49016338 ], [ -39.94584702, -18.49021834 ], [ -39.94579837, -18.49030625 ], [ -39.94575728, -18.49037751 ], [ -39.9456876, -18.49049564 ], [ -39.94565787, -18.4905516 ] ] } },
{ "type": "Feature", "properties": { }, "geometry": { "type": "LineString", "coordinates": [ [ -39.94737089, -18.48754187 ], [ -39.94736215, -18.48755739 ], [ -39.94734291, -18.48758853 ], [ -39.94732097, -18.48762858 ], [ -39.94729768, -18.48766792 ], [ -39.94725258, -18.48774739 ], [ -39.94716001, -18.48790507 ], [ -39.94711597, -18.48798508 ], [ -39.94707846, -18.4880479 ], [ -39.94700216, -18.48818319 ], [ -39.94698352, -18.48821465 ], [ -39.94693864, -18.48829424 ], [ -39.94684248, -18.48846036 ], [ -39.94680211, -18.488532 ], [ -39.94670961, -18.48868972 ], [ -39.94663821, -18.48881726 ], [ -39.94656032, -18.48895172 ], [ -39.94646106, -18.48912653 ], [ -39.94642304, -18.48918907 ], [ -39.94640471, -18.4892207 ], [ -39.94637406, -18.4892768 ], [ -39.94633233, -18.48934772 ], [ -39.94629241, -18.48941958 ], [ -39.9462594, -18.48947444 ], [ -39.9462065, -18.48957043 ], [ -39.94613706, -18.48968868 ], [ -39.9460648, -18.48981578 ], [ -39.94597742, -18.48996589 ], [ -39.94593696, -18.49003748 ], [ -39.94583501, -18.49021087 ], [ -39.94581786, -18.4902431 ], [ -39.94577721, -18.49031459 ], [ -39.94569481, -18.490457 ], [ -39.9456666, -18.49050407 ], [ -39.94564124, -18.49055205 ] ] } },
{ "type": "Feature", "properties": { }, "geometry": { "type": "LineString", "coordinates": [ [ -39.94735844, -18.48753415 ], [ -39.94733066, -18.48758093 ], [ -39.94730389, -18.48762877 ], [ -39.94728972, -18.48765227 ], [ -39.94726758, -18.48769221 ], [ -39.94719931, -18.48781109 ], [ -39.9471663, -18.48786595 ], [ -39.94713475, -18.48792159 ], [ -39.94711747, -18.48795376 ], [ -39.94705296, -18.48806429 ], [ -39.94699423, -18.48816755 ], [ -39.94696648, -18.48821487 ], [ -39.94689895, -18.48833413 ], [ -39.94683467, -18.48844479 ], [ -39.94678572, -18.48853254 ], [ -39.94669749, -18.48868219 ], [ -39.94666653, -18.48873813 ], [ -39.94663848, -18.48878529 ], [ -39.94658493, -18.48888095 ], [ -39.94653861, -18.48895977 ], [ -39.94644455, -18.48912699 ], [ -39.94639738, -18.48920535 ], [ -39.94636232, -18.48926945 ], [ -39.94632522, -18.48933248 ], [ -39.94630326, -18.48937251 ], [ -39.94628026, -18.48941202 ], [ -39.9462518, -18.48945895 ], [ -39.94618083, -18.4895867 ], [ -39.94613873, -18.48965743 ], [ -39.9460165, -18.48987175 ], [ -39.94600214, -18.48989515 ], [ -39.94596069, -18.48996622 ], [ -39.94593853, -18.49000615 ], [ -39.94589655, -18.49007694 ], [ -39.94586977, -18.49012476 ], [ -39.94583676, -18.49017962 ], [ -39.94580152, -18.49024362 ], [ -39.9457012, -18.49041788 ], [ -39.94564976, -18.49050433 ], [ -39.94562411, -18.49055251 ] ] } },
{ "type": "Feature", "properties": { }, "geometry": { "type": "LineString", "coordinates": [ [ -39.94734649, -18.48752675 ], [ -39.94730939, -18.48758927 ], [ -39.94719671, -18.48778797 ], [ -39.94715418, -18.48785846 ], [ -39.94710996, -18.48793837 ], [ -39.94707826, -18.48799393 ], [ -39.94704558, -18.48804898 ], [ -39.94699997, -18.48812818 ], [ -39.94697362, -18.48817622 ], [ -39.94695451, -18.48820744 ], [ -39.94690088, -18.48830305 ], [ -39.94678593, -18.48850057 ], [ -39.94675967, -18.48854865 ], [ -39.94668572, -18.48867486 ], [ -39.94665903, -18.48872273 ], [ -39.94663113, -18.48876997 ], [ -39.94655019, -18.48891313 ], [ -39.94648589, -18.48902379 ], [ -39.94642325, -18.48913529 ], [ -39.94638551, -18.48919799 ], [ -39.94635437, -18.48925383 ], [ -39.94632211, -18.4893091 ], [ -39.94629107, -18.489365 ], [ -39.94624902, -18.48943575 ], [ -39.94618204, -18.48955529 ], [ -39.94612211, -18.48965792 ], [ -39.94601818, -18.48984059 ], [ -39.94595773, -18.48994294 ], [ -39.94593107, -18.48999083 ], [ -39.94588457, -18.49006956 ], [ -39.94585328, -18.49012533 ], [ -39.94582524, -18.49017249 ], [ -39.94579004, -18.49023652 ], [ -39.94577106, -18.4902678 ], [ -39.94571683, -18.49036311 ], [ -39.94564261, -18.49048917 ], [ -39.94560752, -18.49055296 ] ] } },
{ "type": "Feature", "properties": { }, "geometry": { "type": "LineString", "coordinates": [ [ -39.94733418, -18.48751912 ], [ -39.94729312, -18.48758988 ], [ -39.94728014, -18.487614 ], [ -39.94725233, -18.48766129 ], [ -39.94723501, -18.48769344 ], [ -39.9471896, -18.48777274 ], [ -39.947143, -18.48785141 ], [ -39.94712994, -18.48787549 ], [ -39.94711135, -18.48790699 ], [ -39.94708508, -18.48795507 ], [ -39.94705685, -18.48800213 ], [ -39.94701119, -18.48808131 ], [ -39.94696196, -18.48816891 ], [ -39.94694324, -18.48820035 ], [ -39.94688468, -18.48830369 ], [ -39.94681585, -18.48842227 ], [ -39.94677389, -18.48849307 ], [ -39.94674767, -18.48854118 ], [ -39.94671968, -18.48858837 ], [ -39.94668837, -18.48864413 ], [ -39.94661472, -18.4887705 ], [ -39.94656959, -18.48884995 ], [ -39.94654329, -18.48889801 ], [ -39.94643327, -18.48908781 ], [ -39.9464068, -18.48913579 ], [ -39.94638754, -18.48916692 ], [ -39.94633795, -18.48925434 ], [ -39.9463191, -18.4892857 ], [ -39.94630184, -18.48931788 ], [ -39.94627025, -18.4893735 ], [ -39.94621059, -18.48947627 ], [ -39.94617922, -18.489532 ], [ -39.94613281, -18.48961078 ], [ -39.94601075, -18.48982519 ], [ -39.9459735, -18.48988815 ], [ -39.94591034, -18.48999939 ], [ -39.94586823, -18.49007011 ], [ -39.94584136, -18.49011789 ], [ -39.94581357, -18.49016518 ], [ -39.94578733, -18.49021328 ], [ -39.94574542, -18.4902841 ], [ -39.94570076, -18.4903638 ], [ -39.94567247, -18.49041082 ], [ -39.94561717, -18.49050557 ], [ -39.94559133, -18.49055394 ] ] } },
{ "type": "Feature", "properties": { }, "geometry": { "type": "LineString", "coordinates": [ [ -39.94732253, -18.4875119 ], [ -39.94728647, -18.4875753 ], [ -39.94725404, -18.48763048 ], [ -39.94715045, -18.48781333 ], [ -39.94709035, -18.48791586 ], [ -39.94705494, -18.48797978 ], [ -39.94699472, -18.48808225 ], [ -39.94693674, -18.48818589 ], [ -39.94683602, -18.48835994 ], [ -39.94680489, -18.48841579 ], [ -39.94677708, -18.48846308 ], [ -39.94675934, -18.48849502 ], [ -39.94671697, -18.48856559 ], [ -39.94667607, -18.48863696 ], [ -39.94664956, -18.48868492 ], [ -39.94659794, -18.48877126 ], [ -39.94652217, -18.48890682 ], [ -39.94642091, -18.48908058 ], [ -39.94639923, -18.48912076 ], [ -39.94637221, -18.48916846 ], [ -39.94635333, -18.4891998 ], [ -39.94632637, -18.48924752 ], [ -39.94630295, -18.4892868 ], [ -39.94624919, -18.48938235 ], [ -39.94619411, -18.48947721 ], [ -39.94617188, -18.4895171 ], [ -39.9461254, -18.48959584 ], [ -39.94609001, -18.48965977 ], [ -39.94604827, -18.48973069 ], [ -39.94596238, -18.48988157 ], [ -39.94589752, -18.48999192 ], [ -39.94582487, -18.49011882 ], [ -39.94580123, -18.49015797 ], [ -39.94575695, -18.49023786 ], [ -39.94573342, -18.49027707 ], [ -39.94568844, -18.4903566 ], [ -39.94560543, -18.49049869 ], [ -39.94557436, -18.49055503 ] ] } },
{ "type": "Feature", "properties": { }, "geometry": { "type": "LineString", "coordinates": [ [ -39.9473103, -18.48750433 ], [ -39.94724583, -18.48761545 ], [ -39.94714722, -18.4877906 ], [ -39.9471191, -18.48783772 ], [ -39.94709682, -18.48787759 ], [ -39.9470733, -18.4879168 ], [ -39.94704274, -18.48797294 ], [ -39.94701924, -18.48801217 ], [ -39.94700125, -18.48804398 ], [ -39.94698208, -18.48807517 ], [ -39.94694236, -18.48814713 ], [ -39.94691928, -18.48818659 ], [ -39.94690166, -18.48821858 ], [ -39.94683243, -18.48833696 ], [ -39.94672822, -18.48851949 ], [ -39.94667741, -18.48860627 ], [ -39.94664187, -18.48867012 ], [ -39.94658572, -18.48876441 ], [ -39.94657297, -18.48878864 ], [ -39.94650501, -18.48890768 ], [ -39.94648615, -18.48893903 ], [ -39.94645963, -18.48898698 ], [ -39.94640809, -18.48907338 ], [ -39.94635971, -18.48916142 ], [ -39.94632327, -18.48922481 ], [ -39.94629958, -18.48926393 ], [ -39.94627215, -18.48931142 ], [ -39.94622773, -18.48939123 ], [ -39.94615947, -18.48951012 ], [ -39.94611773, -18.48958103 ], [ -39.9460868, -18.48963699 ], [ -39.94604039, -18.48971577 ], [ -39.94596807, -18.48984283 ], [ -39.94591306, -18.48993773 ], [ -39.94588485, -18.4899848 ], [ -39.94581717, -18.49010399 ], [ -39.94578419, -18.49015886 ], [ -39.94574884, -18.49022281 ], [ -39.94566123, -18.4903728 ], [ -39.94558423, -18.49050772 ], [ -39.94555743, -18.49055612 ] ] } },
{ "type": "Feature", "properties": { }, "geometry": { "type": "LineString", "coordinates": [ [ -39.9472984, -18.48749695 ], [ -39.94724208, -18.48759263 ], [ -39.94714336, -18.48776771 ], [ -39.94710605, -18.48783064 ], [ -39.94708876, -18.48786281 ], [ -39.94706095, -18.48791009 ], [ -39.94703411, -18.48795789 ], [ -39.94701054, -18.48799708 ], [ -39.94698863, -18.48803713 ], [ -39.94696945, -18.48806831 ], [ -39.94692984, -18.48814033 ], [ -39.94688445, -18.48821964 ], [ -39.94683761, -18.48829819 ], [ -39.94677038, -18.48841761 ], [ -39.94673814, -18.48847288 ], [ -39.9467022, -18.48853653 ], [ -39.94666926, -18.48859143 ], [ -39.94663814, -18.48864729 ], [ -39.94659617, -18.48871808 ], [ -39.94657352, -18.48875777 ], [ -39.9465564, -18.48879001 ], [ -39.94653318, -18.48882939 ], [ -39.94649746, -18.48889315 ], [ -39.94646944, -18.48894032 ], [ -39.94644279, -18.48898821 ], [ -39.94640046, -18.48905881 ], [ -39.94634714, -18.48915458 ], [ -39.94626832, -18.48928855 ], [ -39.94616992, -18.4894638 ], [ -39.94611438, -18.48955841 ], [ -39.94600587, -18.489749 ], [ -39.9458727, -18.48997821 ], [ -39.94582364, -18.49006591 ], [ -39.94577655, -18.49014432 ], [ -39.94573186, -18.49022399 ], [ -39.94565786, -18.49035018 ], [ -39.94556751, -18.49050904 ], [ -39.94554098, -18.49055718 ] ] } },
{ "type": "Feature", "properties": { }, "geometry": { "type": "LineString", "coordinates": [ [ -39.94728623, -18.48748941 ], [ -39.94727777, -18.48750507 ], [ -39.94726807, -18.4875206 ], [ -39.94726337, -18.48752844 ], [ -39.94723567, -18.48757579 ], [ -39.9472052, -18.48763197 ], [ -39.9471772, -18.48767915 ], [ -39.94715067, -18.4877271 ], [ -39.94706455, -18.48787786 ], [ -39.94700431, -18.48798033 ], [ -39.94697763, -18.4880282 ], [ -39.94695407, -18.4880674 ], [ -39.94689167, -18.48817903 ], [ -39.94681728, -18.48830501 ], [ -39.94675044, -18.48842462 ], [ -39.94672231, -18.48847173 ], [ -39.94668146, -18.48854312 ], [ -39.9466626, -18.48857447 ], [ -39.94662676, -18.48863817 ], [ -39.9465626, -18.48874889 ], [ -39.94649072, -18.48887618 ], [ -39.94646269, -18.48892335 ], [ -39.9464318, -18.48897933 ], [ -39.94639865, -18.48903411 ], [ -39.94639403, -18.489042 ], [ -39.94636201, -18.48909739 ], [ -39.94633131, -18.48915346 ], [ -39.94627986, -18.4892399 ], [ -39.94623093, -18.48932766 ], [ -39.94617626, -18.48942274 ], [ -39.94614067, -18.48948657 ], [ -39.9461034, -18.48954951 ], [ -39.94604047, -18.48966088 ], [ -39.94597669, -18.4897718 ], [ -39.94591176, -18.48988211 ], [ -39.94588059, -18.48993794 ], [ -39.94585744, -18.48997736 ], [ -39.94581712, -18.49004902 ], [ -39.9457612, -18.49014343 ], [ -39.94571107, -18.49023058 ], [ -39.94568901, -18.49027056 ], [ -39.94566102, -18.49031775 ], [ -39.94559332, -18.49043692 ], [ -39.9455608, -18.49049205 ], [ -39.94552461, -18.49055823 ] ] } },
{ "type": "Feature", "properties": { }, "geometry": { "type": "LineString", "coordinates": [ [ -39.94550733, -18.49055934 ], [ -39.94554296, -18.49049501 ], [ -39.94557583, -18.49044008 ], [ -39.94562497, -18.49035242 ], [ -39.94568969, -18.49024199 ], [ -39.94574338, -18.49014641 ], [ -39.94578018, -18.49008321 ], [ -39.94580394, -18.49004413 ], [ -39.94583048, -18.48999618 ], [ -39.94589384, -18.48988504 ], [ -39.9459589, -18.4897748 ], [ -39.94600398, -18.48969532 ], [ -39.94602751, -18.4896561 ], [ -39.94604489, -18.48962398 ], [ -39.9461095, -18.4895135 ], [ -39.9461271, -18.48948149 ], [ -39.94615014, -18.48944202 ], [ -39.94616277, -18.48941773 ], [ -39.94618155, -18.48938633 ], [ -39.94622704, -18.48930707 ], [ -39.94626636, -18.48923491 ], [ -39.94630933, -18.48916466 ], [ -39.94633212, -18.48912505 ], [ -39.94634917, -18.48909277 ], [ -39.94637229, -18.48905333 ], [ -39.94639, -18.48902138 ], [ -39.94642316, -18.4889666 ], [ -39.94644909, -18.48891835 ], [ -39.94650464, -18.48882374 ], [ -39.94654073, -18.48876017 ], [ -39.94657834, -18.48869741 ], [ -39.94664063, -18.48858572 ], [ -39.94666843, -18.48853843 ], [ -39.94668607, -18.48850644 ], [ -39.94673759, -18.48842004 ], [ -39.94676851, -18.48836408 ], [ -39.94679167, -18.48832467 ], [ -39.94680914, -18.48829259 ], [ -39.94687839, -18.48817423 ], [ -39.94693667, -18.48807074 ], [ -39.94696009, -18.48803146 ], [ -39.94697317, -18.48800739 ], [ -39.94701908, -18.48792835 ], [ -39.947043, -18.48788935 ], [ -39.94708393, -18.48781801 ], [ -39.94708795, -18.48780983 ], [ -39.9470923, -18.4878018 ], [ -39.94715048, -18.48769826 ], [ -39.94719201, -18.48762723 ], [ -39.94723128, -18.48755504 ], [ -39.94727422, -18.48748197 ] ] } },
{ "type": "Feature", "properties": { }, "geometry": { "type": "LineString", "coordinates": [ [ -39.94726257, -18.48747475 ], [ -39.94724384, -18.48750565 ], [ -39.94722088, -18.48754517 ], [ -39.94721646, -18.48755316 ], [ -39.94718637, -18.48760953 ], [ -39.94718185, -18.48761747 ], [ -39.94713975, -18.48768819 ], [ -39.94713523, -18.48769613 ], [ -39.94710444, -18.48775216 ], [ -39.94706808, -18.48781559 ], [ -39.9470417, -18.48786361 ], [ -39.94703715, -18.48787154 ], [ -39.94697188, -18.48798167 ], [ -39.94693153, -18.48805331 ], [ -39.94691724, -18.48807674 ], [ -39.94684936, -18.48819583 ], [ -39.9468034, -18.48827484 ], [ -39.9467859, -18.4883069 ], [ -39.9467814, -18.48831486 ], [ -39.9467307, -18.4884017 ], [ -39.94669952, -18.48845752 ], [ -39.94666737, -18.48851285 ], [ -39.94663911, -18.48855989 ], [ -39.94663452, -18.48856779 ], [ -39.94658046, -18.48866319 ], [ -39.94656301, -18.48869527 ], [ -39.94650864, -18.48879051 ], [ -39.94647567, -18.48884539 ], [ -39.94643885, -18.48890858 ], [ -39.94640823, -18.48896469 ], [ -39.94640369, -18.48897261 ], [ -39.94637569, -18.4890198 ], [ -39.94630334, -18.48914685 ], [ -39.94625246, -18.4892336 ], [ -39.94623066, -18.48927371 ], [ -39.9462037, -18.48932144 ], [ -39.94615716, -18.48940015 ], [ -39.94610334, -18.48949567 ], [ -39.94605695, -18.48957445 ], [ -39.94603437, -18.48961417 ], [ -39.94601697, -18.48964628 ], [ -39.94601243, -18.48965421 ], [ -39.945989, -18.48969348 ], [ -39.94598444, -18.4897014 ], [ -39.94595324, -18.48975722 ], [ -39.94592966, -18.4897964 ], [ -39.94586512, -18.48990692 ], [ -39.94583333, -18.48996243 ], [ -39.94579334, -18.49003426 ], [ -39.94578873, -18.49004216 ], [ -39.94575571, -18.49009701 ], [ -39.94575115, -18.49010494 ], [ -39.94570671, -18.49018474 ], [ -39.94567891, -18.49023203 ], [ -39.94563837, -18.49030358 ], [ -39.94561036, -18.49035076 ], [ -39.94556062, -18.4904381 ], [ -39.94553281, -18.49048539 ], [ -39.94552832, -18.49049335 ], [ -39.9454917, -18.49056034 ] ] } },
{ "type": "Feature", "properties": { }, "geometry": { "type": "LineString", "coordinates": [ [ -39.94725027, -18.48746713 ], [ -39.94724164, -18.4874827 ], [ -39.94720459, -18.48754577 ], [ -39.9472001, -18.48755373 ], [ -39.94717403, -18.4876019 ], [ -39.94716957, -18.48760988 ], [ -39.94715125, -18.48764152 ], [ -39.94713217, -18.48767275 ], [ -39.94712759, -18.48768065 ], [ -39.94710133, -18.48772874 ], [ -39.94704248, -18.48783193 ], [ -39.94698657, -18.48792635 ], [ -39.94698202, -18.48793428 ], [ -39.94692873, -18.48803007 ], [ -39.94692033, -18.48804626 ], [ -39.94691587, -18.48805424 ], [ -39.9468919, -18.48809321 ], [ -39.94688728, -18.4881011 ], [ -39.94686507, -18.488141 ], [ -39.94686052, -18.48814893 ], [ -39.94681401, -18.48822765 ], [ -39.94676922, -18.48830728 ], [ -39.94670011, -18.48842571 ], [ -39.94666871, -18.48848143 ], [ -39.94662209, -18.48856009 ], [ -39.94651487, -18.48875134 ], [ -39.94649208, -18.48879095 ], [ -39.94648741, -18.48879881 ], [ -39.94645873, -18.48884562 ], [ -39.94644034, -18.48887723 ], [ -39.94640044, -18.4889491 ], [ -39.94637733, -18.48898854 ], [ -39.94634152, -18.48905225 ], [ -39.94626852, -18.48917896 ], [ -39.94624521, -18.48921829 ], [ -39.94624071, -18.48922624 ], [ -39.94622332, -18.48925836 ], [ -39.94619185, -18.48931404 ], [ -39.94615912, -18.48936905 ], [ -39.94610042, -18.48947233 ], [ -39.94604938, -18.48955899 ], [ -39.94599579, -18.48965462 ], [ -39.94595891, -18.48971778 ], [ -39.94595445, -18.48972575 ], [ -39.94594583, -18.48974184 ], [ -39.94594129, -18.48974977 ], [ -39.94592225, -18.48978103 ], [ -39.94584834, -18.48990725 ], [ -39.94578608, -18.49001896 ], [ -39.9457815, -18.49002687 ], [ -39.94574384, -18.49008961 ], [ -39.94573929, -18.49009753 ], [ -39.94571292, -18.49014556 ], [ -39.94570839, -18.4901535 ], [ -39.9456805, -18.49020074 ], [ -39.94559007, -18.49035956 ], [ -39.945562, -18.4904067 ], [ -39.94547367, -18.4905615 ] ] } },
{ "type": "Feature", "properties": { }, "geometry": { "type": "LineString", "coordinates": [ [ -39.94723848, -18.48745965 ], [ -39.9472016, -18.48752229 ], [ -39.94719707, -18.48753022 ], [ -39.94717059, -18.4875782 ], [ -39.94712032, -18.48766527 ], [ -39.94708931, -18.48772118 ], [ -39.94702125, -18.48784017 ], [ -39.94697908, -18.48791086 ], [ -39.9469745, -18.48791877 ], [ -39.94691262, -18.48803066 ], [ -39.94690808, -18.4880386 ], [ -39.94688467, -18.48807787 ], [ -39.9468391, -18.4881571 ], [ -39.94683445, -18.48816497 ], [ -39.94680586, -18.48821183 ], [ -39.94680126, -18.48821973 ], [ -39.94676609, -18.48828377 ], [ -39.94673883, -18.48833134 ], [ -39.94668786, -18.48841804 ], [ -39.94663343, -18.48851324 ], [ -39.94660524, -18.48856032 ], [ -39.94660068, -18.48856824 ], [ -39.94657442, -18.48861633 ], [ -39.94656993, -18.48862429 ], [ -39.94654689, -18.48866376 ], [ -39.94650715, -18.48873571 ], [ -39.94647492, -18.488791 ], [ -39.94644169, -18.48884574 ], [ -39.94643714, -18.48885366 ], [ -39.94641994, -18.48888587 ], [ -39.94638873, -18.48894168 ], [ -39.94635187, -18.48900485 ], [ -39.94631134, -18.4890764 ], [ -39.94628346, -18.48912365 ], [ -39.94624302, -18.48919525 ], [ -39.94619179, -18.48928181 ], [ -39.94618731, -18.48928977 ], [ -39.94617039, -18.48932211 ], [ -39.94616594, -18.48933009 ], [ -39.94615182, -18.48935362 ], [ -39.9460884, -18.48946473 ], [ -39.94608376, -18.4894726 ], [ -39.94605992, -18.48951165 ], [ -39.94604161, -18.48954329 ], [ -39.94598819, -18.48963901 ], [ -39.94598365, -18.48964695 ], [ -39.94595569, -18.48969415 ], [ -39.94595117, -18.48970209 ], [ -39.94592945, -18.48974225 ], [ -39.94592487, -18.48975015 ], [ -39.94591508, -18.48976563 ], [ -39.94591033, -18.48977345 ], [ -39.94586922, -18.4898447 ], [ -39.94583178, -18.48990755 ], [ -39.94582721, -18.48991547 ], [ -39.94578316, -18.48999547 ], [ -39.94577864, -18.49000341 ], [ -39.94574133, -18.49006634 ], [ -39.94573678, -18.49007426 ], [ -39.94571476, -18.49011426 ], [ -39.94571024, -18.49012221 ], [ -39.94567297, -18.49018516 ], [ -39.94566842, -18.49019308 ], [ -39.94564179, -18.49024098 ], [ -39.94560494, -18.49030415 ], [ -39.94557349, -18.49035984 ], [ -39.94555483, -18.4903913 ], [ -39.94553265, -18.49043122 ], [ -39.94550008, -18.49048632 ], [ -39.94545675, -18.49056258 ] ] } },
{ "type": "Feature", "properties": { }, "geometry": { "type": "LineString", "coordinates": [ [ -39.94722692, -18.48745195 ], [ -39.94719433, -18.48750651 ], [ -39.94718975, -18.48751443 ], [ -39.94716348, -18.48756251 ], [ -39.94715898, -18.48757046 ], [ -39.9471354, -18.48760964 ], [ -39.94713079, -18.48761754 ], [ -39.9470777, -18.48771343 ], [ -39.94701402, -18.4878244 ], [ -39.94692147, -18.4879821 ], [ -39.94688602, -18.488046 ], [ -39.9468536, -18.48810118 ], [ -39.94684909, -18.48810912 ], [ -39.94683614, -18.48813326 ], [ -39.94683165, -18.48814121 ], [ -39.94680299, -18.48818803 ], [ -39.94678923, -18.48821175 ], [ -39.94678473, -18.4882197 ], [ -39.9467542, -18.48827586 ], [ -39.94672265, -18.48833149 ], [ -39.94671808, -18.48833941 ], [ -39.94668539, -18.48839445 ], [ -39.94668083, -18.48840237 ], [ -39.94666769, -18.48842641 ], [ -39.9466309, -18.48848961 ], [ -39.94659805, -18.48854456 ], [ -39.94659348, -18.48855247 ], [ -39.94657171, -18.4885926 ], [ -39.94653059, -18.48866385 ], [ -39.94647248, -18.48876742 ], [ -39.94646793, -18.48877534 ], [ -39.94642566, -18.48884598 ], [ -39.94642108, -18.48885388 ], [ -39.94636839, -18.48894997 ], [ -39.94632281, -18.48902919 ], [ -39.94627153, -18.48911572 ], [ -39.94622702, -18.48919549 ], [ -39.94618014, -18.48927402 ], [ -39.94617559, -18.48928194 ], [ -39.94615386, -18.48932209 ], [ -39.94612638, -18.48936955 ], [ -39.94610875, -18.48940155 ], [ -39.94607619, -18.48945665 ], [ -39.94605208, -18.48949554 ], [ -39.9460474, -18.4895034 ], [ -39.94598983, -18.48960725 ], [ -39.94592182, -18.48972627 ], [ -39.9459172, -18.48973415 ], [ -39.94590295, -18.48975761 ], [ -39.94585283, -18.48984476 ], [ -39.94581555, -18.4899077 ], [ -39.9457795, -18.48997129 ], [ -39.94577509, -18.48997929 ], [ -39.94576222, -18.49000346 ], [ -39.94569367, -18.49012219 ], [ -39.9456654, -18.49016923 ], [ -39.9456608, -18.49017713 ], [ -39.94562995, -18.49023312 ], [ -39.94557012, -18.4903358 ], [ -39.94552116, -18.49042355 ], [ -39.94546989, -18.49051009 ], [ -39.94544022, -18.49056365 ] ] } },
{ "type": "Feature", "properties": { }, "geometry": { "type": "LineString", "coordinates": [ [ -39.94721568, -18.48744445 ], [ -39.94718764, -18.48749109 ], [ -39.94714283, -18.48757071 ], [ -39.94711433, -18.48761762 ], [ -39.94707485, -18.4876897 ], [ -39.9469794, -18.4878562 ], [ -39.94691352, -18.487966 ], [ -39.94687825, -18.48802999 ], [ -39.94684602, -18.48808527 ], [ -39.94682398, -18.48812526 ], [ -39.94679092, -18.48818009 ], [ -39.94677737, -18.48820393 ], [ -39.94671521, -18.48831568 ], [ -39.9466821, -18.48837049 ], [ -39.94666396, -18.48840222 ], [ -39.94664233, -18.48844242 ], [ -39.94661964, -18.48848208 ], [ -39.94661506, -18.48848999 ], [ -39.94659129, -18.48852907 ], [ -39.94655079, -18.48860064 ], [ -39.94653196, -18.488632 ], [ -39.94651016, -18.48867212 ], [ -39.94645612, -18.48876752 ], [ -39.94645151, -18.48877542 ], [ -39.94643654, -18.48879846 ], [ -39.94641775, -18.48882985 ], [ -39.94638724, -18.48888601 ], [ -39.94636468, -18.48892574 ], [ -39.94625506, -18.48911575 ], [ -39.94622456, -18.48917191 ], [ -39.94615932, -18.48928206 ], [ -39.94609221, -18.48940154 ], [ -39.94603998, -18.48948755 ], [ -39.94598272, -18.48959156 ], [ -39.94595897, -18.48963065 ], [ -39.94592782, -18.48968649 ], [ -39.94589999, -18.48973377 ], [ -39.9458868, -18.48975778 ], [ -39.94585871, -18.48980492 ], [ -39.94583625, -18.4898447 ], [ -39.94577629, -18.48994731 ], [ -39.94574086, -18.49001121 ], [ -39.94572665, -18.49003469 ], [ -39.94568142, -18.49011409 ], [ -39.9456531, -18.4901611 ], [ -39.94562231, -18.49021713 ], [ -39.94555792, -18.49032773 ], [ -39.94555342, -18.49033568 ], [ -39.94554504, -18.49035189 ], [ -39.94553116, -18.49037555 ], [ -39.94550943, -18.49041569 ], [ -39.94548152, -18.49046293 ], [ -39.94545278, -18.4905097 ], [ -39.94544384, -18.49052564 ], [ -39.94542732, -18.49055816 ], [ -39.94542346, -18.49056472 ] ] } },
{ "type": "Feature", "properties": { }, "geometry": { "type": "LineString", "coordinates": [ [ -39.94720397, -18.48743665 ], [ -39.94716246, -18.48750717 ], [ -39.94712681, -18.48757096 ], [ -39.94710707, -18.48760181 ], [ -39.94706754, -18.48767387 ], [ -39.94701259, -18.4877688 ], [ -39.94698589, -18.48781666 ], [ -39.94689787, -18.48796643 ], [ -39.9468576, -18.48803812 ], [ -39.9468343, -18.48807745 ], [ -39.94681251, -18.48811757 ], [ -39.94678894, -18.48815676 ], [ -39.9467713, -18.48818875 ], [ -39.94673412, -18.48825175 ], [ -39.94670287, -18.48830754 ], [ -39.94665257, -18.48839459 ], [ -39.94660356, -18.48848232 ], [ -39.9465799, -18.48852146 ], [ -39.94655804, -18.48856154 ], [ -39.94652009, -18.48862412 ], [ -39.94649844, -18.4886643 ], [ -39.94646636, -18.48871967 ], [ -39.94644445, -18.48875973 ], [ -39.94640573, -18.48882187 ], [ -39.94631683, -18.48898147 ], [ -39.94628425, -18.48903656 ], [ -39.94622965, -18.48913168 ], [ -39.94620369, -18.48917991 ], [ -39.94615189, -18.48926616 ], [ -39.94608958, -18.48937784 ], [ -39.94602911, -18.48948018 ], [ -39.94599814, -18.48953611 ], [ -39.94593797, -18.48963861 ], [ -39.94591141, -18.48968655 ], [ -39.9458836, -18.48973384 ], [ -39.94586583, -18.48976576 ], [ -39.94583779, -18.48981292 ], [ -39.94580225, -18.48987677 ], [ -39.94576976, -18.48993192 ], [ -39.94573392, -18.48999562 ], [ -39.9457146, -18.49002671 ], [ -39.94569235, -18.4900666 ], [ -39.94564589, -18.49014535 ], [ -39.94559243, -18.49024105 ], [ -39.94555536, -18.4903041 ], [ -39.94553319, -18.49034403 ], [ -39.94551888, -18.49036746 ], [ -39.94546967, -18.49045508 ], [ -39.9454313, -18.49051742 ], [ -39.9454047, -18.49056593 ] ] } },
{ "type": "Feature", "properties": { }, "geometry": { "type": "LineString", "coordinates": [ [ -39.94719239, -18.48742893 ], [ -39.94717872, -18.48745325 ], [ -39.94716389, -18.48747638 ], [ -39.94711902, -18.48755596 ], [ -39.94709043, -18.48760282 ], [ -39.94706022, -18.48765913 ], [ -39.94694111, -18.48786478 ], [ -39.94691416, -18.48791252 ], [ -39.94689052, -18.48795167 ], [ -39.94686843, -18.48799164 ], [ -39.9468226, -18.48807073 ], [ -39.94680526, -18.48810287 ], [ -39.94676784, -18.48816573 ], [ -39.9467596, -18.48818201 ], [ -39.94673702, -18.48822173 ], [ -39.94668559, -18.48830818 ], [ -39.94661411, -18.48843568 ], [ -39.94656318, -18.4885224 ], [ -39.94654585, -18.48855454 ], [ -39.94651755, -18.48860156 ], [ -39.94648649, -18.48865745 ], [ -39.946454, -18.48871259 ], [ -39.94643204, -18.48875263 ], [ -39.94639798, -18.4888069 ], [ -39.9463622, -18.48887063 ], [ -39.9463097, -18.48896681 ], [ -39.94622638, -18.48910873 ], [ -39.94618671, -18.48918072 ], [ -39.94614004, -18.48925935 ], [ -39.94606354, -18.48939454 ], [ -39.94601739, -18.48947345 ], [ -39.9459863, -18.48952933 ], [ -39.94596251, -18.4895684 ], [ -39.94593045, -18.48962377 ], [ -39.94589979, -18.48967986 ], [ -39.9458579, -18.4897507 ], [ -39.94581772, -18.48982243 ], [ -39.94578576, -18.48987785 ], [ -39.94576683, -18.48990917 ], [ -39.9457219, -18.48998872 ], [ -39.94569791, -18.49002768 ], [ -39.94560763, -18.49018657 ], [ -39.94559353, -18.49021011 ], [ -39.94558059, -18.49023425 ], [ -39.94556156, -18.49026551 ], [ -39.94552126, -18.49033718 ], [ -39.94549797, -18.49037652 ], [ -39.94545288, -18.49045599 ], [ -39.94542384, -18.4905026 ], [ -39.94538811, -18.49056699 ] ] } },
{ "type": "Feature", "properties": { }, "geometry": { "type": "LineString", "coordinates": [ [ -39.94718044, -18.48742096 ], [ -39.94717181, -18.48743654 ], [ -39.94715256, -18.48746767 ], [ -39.94714795, -18.48747557 ], [ -39.94707978, -18.48759449 ], [ -39.94703547, -18.48767437 ], [ -39.94695702, -18.48780853 ], [ -39.94691647, -18.48788007 ], [ -39.94687486, -18.48795106 ], [ -39.94682093, -18.48804652 ], [ -39.94676095, -18.48814912 ], [ -39.9467438, -18.48818135 ], [ -39.9467392, -18.48818925 ], [ -39.94669693, -18.48825988 ], [ -39.94661626, -18.48840318 ], [ -39.94656094, -18.48849791 ], [ -39.94653853, -18.48853772 ], [ -39.94651964, -18.48856905 ], [ -39.94648423, -18.48863297 ], [ -39.94643777, -18.48871172 ], [ -39.94642037, -18.48874383 ], [ -39.94641569, -18.48875169 ], [ -39.94638226, -18.48880632 ], [ -39.94635094, -18.48886207 ], [ -39.94633377, -18.4888943 ], [ -39.94632931, -18.48890227 ], [ -39.94626607, -18.48901347 ], [ -39.94621981, -18.48909233 ], [ -39.94617072, -18.48918001 ], [ -39.94612886, -18.48925086 ], [ -39.94605229, -18.48938601 ], [ -39.94601024, -18.48945676 ], [ -39.94598292, -18.4895043 ], [ -39.9459654, -18.48953635 ], [ -39.94591446, -18.48962307 ], [ -39.94589268, -18.48966319 ], [ -39.94584189, -18.48974999 ], [ -39.94578796, -18.48984545 ], [ -39.94575553, -18.48990062 ], [ -39.94571934, -18.48996414 ], [ -39.94569113, -18.49001121 ], [ -39.94568655, -18.49001912 ], [ -39.94564107, -18.49009839 ], [ -39.94556974, -18.49022596 ], [ -39.94553661, -18.49028076 ], [ -39.94546007, -18.49041592 ], [ -39.94539878, -18.49051781 ], [ -39.94537104, -18.49056809 ] ] } },
{ "type": "Feature", "properties": { }, "geometry": { "type": "LineString", "coordinates": [ [ -39.94716853, -18.48741302 ], [ -39.94715979, -18.48742854 ], [ -39.94715517, -18.48743643 ], [ -39.94713165, -18.48747565 ], [ -39.94709619, -18.48753954 ], [ -39.94709154, -18.48754741 ], [ -39.94706767, -18.48758644 ], [ -39.94706315, -18.48759438 ], [ -39.94703241, -18.48765043 ], [ -39.9470279, -18.48765838 ], [ -39.94691823, -18.48784835 ], [ -39.94688106, -18.48791135 ], [ -39.94681812, -18.48802271 ], [ -39.94675769, -18.48812507 ], [ -39.94675326, -18.48813306 ], [ -39.9467273, -18.48818129 ], [ -39.94672275, -18.48818922 ], [ -39.9466807, -18.48825997 ], [ -39.94659979, -18.48840315 ], [ -39.94653926, -18.48850545 ], [ -39.94652126, -18.48853726 ], [ -39.94651167, -18.48855284 ], [ -39.94650712, -18.48856077 ], [ -39.94647199, -18.48862483 ], [ -39.94646738, -18.48863272 ], [ -39.94642964, -18.48869541 ], [ -39.94642522, -18.4887034 ], [ -39.94640811, -18.48873566 ], [ -39.94640356, -18.48874359 ], [ -39.94636604, -18.4888064 ], [ -39.94636158, -18.48881437 ], [ -39.94632676, -18.48887858 ], [ -39.94632226, -18.48888653 ], [ -39.94622614, -18.48905268 ], [ -39.9461585, -18.48917188 ], [ -39.94612131, -18.48923487 ], [ -39.94610322, -18.48926663 ], [ -39.94608151, -18.48930679 ], [ -39.94607698, -18.48931473 ], [ -39.94603993, -18.48937779 ], [ -39.94602076, -18.48940897 ], [ -39.94601616, -18.48941687 ], [ -39.94593989, -18.48955217 ], [ -39.94589803, -18.48962302 ], [ -39.94586701, -18.48967893 ], [ -39.94586247, -18.48968686 ], [ -39.94584403, -18.48971844 ], [ -39.94582961, -18.4897418 ], [ -39.94582498, -18.48974969 ], [ -39.94572564, -18.48992445 ], [ -39.94568833, -18.48998738 ], [ -39.94559334, -18.49015411 ], [ -39.94556223, -18.49020998 ], [ -39.94553403, -18.49025705 ], [ -39.94550242, -18.49031266 ], [ -39.9454832, -18.49034381 ], [ -39.94547864, -18.49035173 ], [ -39.94543884, -18.49042366 ], [ -39.94543424, -18.49043156 ], [ -39.94537797, -18.49052578 ], [ -39.94537357, -18.49053378 ], [ -39.94535489, -18.49056913 ] ] } },
{ "type": "Feature", "properties": { }, "geometry": { "type": "LineString", "coordinates": [ [ -39.94715709, -18.48740539 ], [ -39.94711993, -18.48746788 ], [ -39.94708409, -18.48753157 ], [ -39.94705133, -18.48758657 ], [ -39.94704681, -18.48759451 ], [ -39.94702045, -18.48764255 ], [ -39.946797, -18.48803066 ], [ -39.94674548, -18.48811706 ], [ -39.94674097, -18.48812501 ], [ -39.94671484, -18.48817316 ], [ -39.94671035, -18.48818112 ], [ -39.94663683, -18.48830755 ], [ -39.94659249, -18.48838741 ], [ -39.94658795, -18.48839534 ], [ -39.94655554, -18.48845053 ], [ -39.94652215, -18.48850518 ], [ -39.94651756, -18.48851308 ], [ -39.94645534, -18.48862481 ], [ -39.94645075, -18.48863272 ], [ -39.94641318, -18.4886955 ], [ -39.94640869, -18.48870345 ], [ -39.94639135, -18.48873559 ], [ -39.94638678, -18.48874351 ], [ -39.94635834, -18.48879045 ], [ -39.94635382, -18.48879839 ], [ -39.94631469, -18.48887065 ], [ -39.94631019, -18.48887861 ], [ -39.94624559, -18.48898909 ], [ -39.94616034, -18.48914031 ], [ -39.94610039, -18.48924292 ], [ -39.94609593, -18.4892509 ], [ -39.94607427, -18.48929108 ], [ -39.94606975, -18.48929902 ], [ -39.9460089, -18.48940115 ], [ -39.94600433, -18.48940907 ], [ -39.94594628, -18.48951268 ], [ -39.94588628, -18.48961527 ], [ -39.94583216, -18.48971063 ], [ -39.94578087, -18.48979715 ], [ -39.94575855, -18.48983701 ], [ -39.94574007, -18.48986856 ], [ -39.9457356, -18.48987653 ], [ -39.94572258, -18.48990063 ], [ -39.94571808, -18.48990858 ], [ -39.9456811, -18.48997168 ], [ -39.94565016, -18.49002763 ], [ -39.94561393, -18.49009113 ], [ -39.94558608, -18.49013839 ], [ -39.94555472, -18.49019412 ], [ -39.9455267, -18.4902413 ], [ -39.94552215, -18.49024923 ], [ -39.94549993, -18.49028913 ], [ -39.94549534, -18.49029703 ], [ -39.94546708, -18.49034407 ], [ -39.94546249, -18.49035198 ], [ -39.94542653, -18.49041562 ], [ -39.94539828, -18.49046267 ], [ -39.94537078, -18.49051012 ], [ -39.9453376, -18.49057024 ] ] } },
{ "type": "Feature", "properties": { }, "geometry": { "type": "LineString", "coordinates": [ [ -39.94714501, -18.48739734 ], [ -39.94711247, -18.48745193 ], [ -39.9471079, -18.48745985 ], [ -39.94707674, -18.48751569 ], [ -39.94707218, -18.48752361 ], [ -39.94704871, -18.48756286 ], [ -39.94704413, -18.48757076 ], [ -39.94699944, -18.48765044 ], [ -39.94694433, -18.48774529 ], [ -39.94691344, -18.48780126 ], [ -39.94684858, -18.48791161 ], [ -39.94680811, -18.48798319 ], [ -39.94672519, -18.48812532 ], [ -39.94667114, -18.48822072 ], [ -39.94661998, -18.48830731 ], [ -39.94661546, -18.48831526 ], [ -39.94659364, -18.48835536 ], [ -39.94658917, -18.48836333 ], [ -39.9465662, -18.48840284 ], [ -39.94656172, -18.4884108 ], [ -39.94654865, -18.48843488 ], [ -39.94654411, -18.48844281 ], [ -39.94651093, -18.48849758 ], [ -39.94650632, -18.48850547 ], [ -39.94644362, -18.48861695 ], [ -39.94640203, -18.48868795 ], [ -39.94637488, -18.48873558 ], [ -39.94635594, -18.48876689 ], [ -39.94635133, -18.48877478 ], [ -39.94631998, -18.48883052 ], [ -39.94631564, -18.48883856 ], [ -39.94630724, -18.48885476 ], [ -39.94630286, -18.48886277 ], [ -39.94626623, -18.48892606 ], [ -39.94622409, -18.48899675 ], [ -39.94621951, -18.48900466 ], [ -39.94614366, -18.48914018 ], [ -39.94609276, -18.48922692 ], [ -39.94608824, -18.48923486 ], [ -39.94606184, -18.48928288 ], [ -39.94605733, -18.48929082 ], [ -39.94599718, -18.48939333 ], [ -39.94593381, -18.48950447 ], [ -39.945915, -18.48953585 ], [ -39.94585589, -18.4896389 ], [ -39.94582505, -18.48969491 ], [ -39.94582053, -18.48970285 ], [ -39.94573681, -18.48984455 ], [ -39.94573229, -18.48985249 ], [ -39.94570612, -18.48990062 ], [ -39.94570162, -18.48990858 ], [ -39.9456738, -18.48995586 ], [ -39.94566928, -18.4899638 ], [ -39.94563845, -18.4900198 ], [ -39.94552417, -18.49021767 ], [ -39.94548857, -18.49028149 ], [ -39.94548399, -18.4902894 ], [ -39.94545084, -18.49034419 ], [ -39.94544622, -18.49035207 ], [ -39.94541005, -18.4904156 ], [ -39.94535432, -18.49051012 ], [ -39.94534984, -18.49051808 ], [ -39.94532135, -18.49057128 ] ] } },
{ "type": "Feature", "properties": { }, "geometry": { "type": "LineString", "coordinates": [ [ -39.9471332, -18.48738947 ], [ -39.94710455, -18.48743732 ], [ -39.94706019, -18.48751716 ], [ -39.94701811, -18.48758789 ], [ -39.94697749, -18.4876594 ], [ -39.94694244, -18.4877235 ], [ -39.94692336, -18.48775473 ], [ -39.9468968, -18.48780266 ], [ -39.94684115, -18.48789722 ], [ -39.94681929, -18.48793731 ], [ -39.94676365, -18.48803186 ], [ -39.94674614, -18.48806392 ], [ -39.94668653, -18.48816671 ], [ -39.94660281, -18.48830842 ], [ -39.94655448, -18.48839649 ], [ -39.94651802, -18.48845986 ], [ -39.94649873, -18.48849097 ], [ -39.94648121, -18.48852302 ], [ -39.94646251, -18.48855446 ], [ -39.94644079, -18.48859462 ], [ -39.9463436, -18.48876019 ], [ -39.94626798, -18.48889582 ], [ -39.94623477, -18.48895058 ], [ -39.94619799, -18.48901379 ], [ -39.94617104, -18.48906152 ], [ -39.94614526, -18.48910985 ], [ -39.94607635, -18.48922839 ], [ -39.94604983, -18.48927634 ], [ -39.94602119, -18.48932318 ], [ -39.94593993, -18.48946618 ], [ -39.94593021, -18.48948169 ], [ -39.94587573, -18.48957687 ], [ -39.94585687, -18.48960822 ], [ -39.94581724, -18.48968023 ], [ -39.94577164, -18.48975944 ], [ -39.94571088, -18.48986162 ], [ -39.94569841, -18.48988598 ], [ -39.94566605, -18.48994119 ], [ -39.94563522, -18.48999719 ], [ -39.94552993, -18.49017916 ], [ -39.94549474, -18.49024319 ], [ -39.94545783, -18.49030632 ], [ -39.94543397, -18.49034536 ], [ -39.94536108, -18.49047212 ], [ -39.94533734, -18.49051122 ], [ -39.94531974, -18.49054323 ], [ -39.94530498, -18.49057233 ] ] } },
{ "type": "Feature", "properties": { }, "geometry": { "type": "LineString", "coordinates": [ [ -39.94712177, -18.48738184 ], [ -39.94697996, -18.48762663 ], [ -39.94690396, -18.48776207 ], [ -39.94683499, -18.48788058 ], [ -39.94679452, -18.48795217 ], [ -39.9467532, -18.4880233 ], [ -39.94673095, -18.4880632 ], [ -39.94670234, -18.48811005 ], [ -39.94666188, -18.48818163 ], [ -39.94664307, -18.48821301 ], [ -39.9466114, -18.48826859 ], [ -39.946597, -18.48829196 ], [ -39.94655235, -18.48837166 ], [ -39.94646984, -18.488514 ], [ -39.94642969, -18.48858575 ], [ -39.94634148, -18.48873541 ], [ -39.94630616, -18.48879937 ], [ -39.94625204, -18.48889473 ], [ -39.94624748, -18.48890266 ], [ -39.94620981, -18.48896538 ], [ -39.9461164, -18.48913293 ], [ -39.94608829, -18.48918005 ], [ -39.94604808, -18.48925177 ], [ -39.94602903, -18.48928302 ], [ -39.94598346, -18.48936224 ], [ -39.94595055, -18.48941716 ], [ -39.94591056, -18.48948898 ], [ -39.94584153, -18.48960746 ], [ -39.94577476, -18.48972712 ], [ -39.94573782, -18.48979024 ], [ -39.94570939, -18.48983719 ], [ -39.945556, -18.49010736 ], [ -39.9455135, -18.49017786 ], [ -39.94548311, -18.49023408 ], [ -39.94546438, -18.49026551 ], [ -39.94544187, -18.49030526 ], [ -39.94542293, -18.49033656 ], [ -39.94535467, -18.49045545 ], [ -39.94532622, -18.49050239 ], [ -39.94528809, -18.49057342 ] ] } },
{ "type": "Feature", "properties": { }, "geometry": { "type": "LineString", "coordinates": [ [ -39.94710904, -18.48737472 ], [ -39.94709596, -18.48739827 ], [ -39.9470223, -18.48752463 ], [ -39.94693176, -18.48768339 ], [ -39.94690401, -18.48773071 ], [ -39.9468778, -18.48777882 ], [ -39.94679966, -18.48791314 ], [ -39.946737, -18.48802465 ], [ -39.94671862, -18.48805625 ], [ -39.9466993, -18.48808735 ], [ -39.94669465, -18.48809522 ], [ -39.94667291, -18.48813537 ], [ -39.9466684, -18.48814332 ], [ -39.94665427, -18.48816683 ], [ -39.94663645, -18.48819873 ], [ -39.94661307, -18.48823803 ], [ -39.94654966, -18.48834914 ], [ -39.94647602, -18.48847552 ], [ -39.94642213, -18.488571 ], [ -39.94632946, -18.48872863 ], [ -39.94632495, -18.48873658 ], [ -39.94630757, -18.4887687 ], [ -39.94627561, -18.48882413 ], [ -39.9462357, -18.48889599 ], [ -39.94623115, -18.48890392 ], [ -39.94620272, -18.48895087 ], [ -39.94619809, -18.48895875 ], [ -39.94610925, -18.48911838 ], [ -39.94610471, -18.48912631 ], [ -39.94606704, -18.48918904 ], [ -39.94606243, -18.48919694 ], [ -39.94603574, -18.48924481 ], [ -39.94598033, -18.4893395 ], [ -39.94595207, -18.48938653 ], [ -39.94588014, -18.4895138 ], [ -39.9458292, -18.48960052 ], [ -39.94577138, -18.48970424 ], [ -39.94574809, -18.48974358 ], [ -39.94568924, -18.48984677 ], [ -39.94564301, -18.48992565 ], [ -39.94563847, -18.48993358 ], [ -39.94561196, -18.48998154 ], [ -39.94558406, -18.49002878 ], [ -39.94554416, -18.49010065 ], [ -39.94553962, -18.49010858 ], [ -39.94550197, -18.49017133 ], [ -39.94546599, -18.49023495 ], [ -39.94544728, -18.49026638 ], [ -39.94543389, -18.49029029 ], [ -39.94541031, -18.49032948 ], [ -39.94533857, -18.49045684 ], [ -39.94533397, -18.49046475 ], [ -39.9453102, -18.49050383 ], [ -39.94530114, -18.4905197 ], [ -39.94527188, -18.49057305 ] ] } },
{ "type": "Feature", "properties": { }, "geometry": { "type": "LineString", "coordinates": [ [ -39.94709586, -18.48736849 ], [ -39.94708738, -18.48738415 ], [ -39.94708284, -18.48739207 ], [ -39.94701384, -18.48751057 ], [ -39.9469146, -18.48768539 ], [ -39.94689547, -18.48771659 ], [ -39.94685569, -18.48778852 ], [ -39.94680461, -18.48787516 ], [ -39.9467824, -18.48791507 ], [ -39.94674581, -18.48797838 ], [ -39.94668994, -18.48807282 ], [ -39.94665461, -18.48813678 ], [ -39.94660872, -18.48821583 ], [ -39.94654579, -18.48832719 ], [ -39.94653168, -18.48835072 ], [ -39.94649122, -18.48842231 ], [ -39.94645365, -18.4884851 ], [ -39.94642763, -18.4885333 ], [ -39.94637183, -18.48862778 ], [ -39.94630401, -18.48874689 ], [ -39.94624869, -18.48884162 ], [ -39.94622272, -18.48888985 ], [ -39.94618978, -18.48894475 ], [ -39.94609983, -18.48910382 ], [ -39.9460442, -18.48919838 ], [ -39.94601318, -18.48925429 ], [ -39.9460086, -18.4892622 ], [ -39.94592069, -18.48941202 ], [ -39.94585822, -18.48952362 ], [ -39.94583011, -18.48957075 ], [ -39.94582556, -18.48957867 ], [ -39.94571266, -18.48977726 ], [ -39.94558416, -18.48999862 ], [ -39.94552593, -18.49010213 ], [ -39.94548901, -18.49016526 ], [ -39.9454485, -18.49023683 ], [ -39.94541107, -18.49029969 ], [ -39.94535264, -18.4904031 ], [ -39.94533118, -18.49044338 ], [ -39.94530271, -18.49049031 ], [ -39.94525614, -18.49057095 ] ] } },
{ "type": "Feature", "properties": { }, "geometry": { "type": "LineString", "coordinates": [ [ -39.94708309, -18.48736246 ], [ -39.94705108, -18.48741734 ], [ -39.94702904, -18.48745733 ], [ -39.94698705, -18.48752811 ], [ -39.94692907, -18.48763176 ], [ -39.94686936, -18.4877345 ], [ -39.946788, -18.48787745 ], [ -39.94670924, -18.48801144 ], [ -39.94670467, -18.48801936 ], [ -39.94668242, -18.48805924 ], [ -39.94665441, -18.48810642 ], [ -39.94655108, -18.48828941 ], [ -39.94650977, -18.48836055 ], [ -39.94647836, -18.48841626 ], [ -39.94644569, -18.48847131 ], [ -39.94644111, -18.48847922 ], [ -39.94641901, -18.48851918 ], [ -39.94636357, -18.48861385 ], [ -39.94630081, -18.4887253 ], [ -39.94623601, -18.48883568 ], [ -39.94619188, -18.48891564 ], [ -39.94615009, -18.48898653 ], [ -39.94613211, -18.48901835 ], [ -39.94611325, -18.4890497 ], [ -39.94606334, -18.48913696 ], [ -39.94603093, -18.48919215 ], [ -39.9459865, -18.48927196 ], [ -39.94591251, -18.48939814 ], [ -39.94590798, -18.48940608 ], [ -39.94589043, -18.48943811 ], [ -39.94587184, -18.48946961 ], [ -39.94584078, -18.4895255 ], [ -39.94579889, -18.48959634 ], [ -39.94564517, -18.48986633 ], [ -39.94554867, -18.49003227 ], [ -39.94545859, -18.49019128 ], [ -39.94545398, -18.49019917 ], [ -39.94544437, -18.49021475 ], [ -39.94540322, -18.49028597 ], [ -39.94537213, -18.49034185 ], [ -39.94534915, -18.49038136 ], [ -39.94532296, -18.49042948 ], [ -39.94531848, -18.49043744 ], [ -39.94528555, -18.49049234 ], [ -39.94525831, -18.49053993 ], [ -39.94524043, -18.49056886 ] ] } },
{ "type": "Feature", "properties": { }, "geometry": { "type": "LineString", "coordinates": [ [ -39.94706854, -18.48735973 ], [ -39.94704047, -18.48740806 ], [ -39.94703194, -18.4874242 ], [ -39.94697165, -18.48752663 ], [ -39.94693182, -18.48759854 ], [ -39.94684473, -18.4877488 ], [ -39.94679106, -18.4878444 ], [ -39.9467724, -18.48787585 ], [ -39.9467365, -18.48793952 ], [ -39.94668957, -18.48801801 ], [ -39.94666746, -18.48805797 ], [ -39.94664381, -18.48809712 ], [ -39.94660366, -18.48816887 ], [ -39.94656223, -18.48823995 ], [ -39.94653124, -18.48829587 ], [ -39.94645371, -18.48843052 ], [ -39.94642309, -18.48848663 ], [ -39.94634803, -18.48861224 ], [ -39.9463041, -18.4886923 ], [ -39.94627139, -18.48874733 ], [ -39.94622595, -18.48882662 ], [ -39.94618207, -18.48890671 ], [ -39.94613978, -18.48897733 ], [ -39.94610809, -18.48903289 ], [ -39.94606168, -18.48911167 ], [ -39.94603963, -18.48915166 ], [ -39.94586109, -18.4894602 ], [ -39.94582543, -18.48952399 ], [ -39.94579263, -18.48957897 ], [ -39.94572536, -18.48969836 ], [ -39.94568321, -18.48976906 ], [ -39.94566584, -18.48980119 ], [ -39.94562981, -18.48986478 ], [ -39.94553789, -18.49002282 ], [ -39.94550258, -18.49008678 ], [ -39.94546167, -18.49015814 ], [ -39.94545713, -18.49016607 ], [ -39.94541048, -18.49024473 ], [ -39.94537061, -18.49031661 ], [ -39.94534721, -18.4903559 ], [ -39.94530733, -18.49042778 ], [ -39.94525657, -18.49051459 ], [ -39.94522783, -18.49056147 ] ] } },
{ "type": "Feature", "properties": { }, "geometry": { "type": "LineString", "coordinates": [ [ -39.94521806, -18.49055115 ], [ -39.9452613, -18.49047999 ], [ -39.94532369, -18.49036835 ], [ -39.94536581, -18.49029765 ], [ -39.9454006, -18.49023342 ], [ -39.94545219, -18.49014706 ], [ -39.94547874, -18.49009912 ], [ -39.94549751, -18.49006772 ], [ -39.94552353, -18.49001952 ], [ -39.9455882, -18.48990907 ], [ -39.94567345, -18.48975785 ], [ -39.94567802, -18.48974993 ], [ -39.94568276, -18.48974211 ], [ -39.94570201, -18.48971098 ], [ -39.94572963, -18.48966359 ], [ -39.94573866, -18.4896477 ], [ -39.94578755, -18.48955992 ], [ -39.94585685, -18.48944159 ], [ -39.9458878, -18.48938564 ], [ -39.94591628, -18.48933872 ], [ -39.94599298, -18.48920365 ], [ -39.94608063, -18.48905368 ], [ -39.94608517, -18.48904575 ], [ -39.94610248, -18.4890136 ], [ -39.94610704, -18.48900568 ], [ -39.94617199, -18.48889538 ], [ -39.9462116, -18.48882336 ], [ -39.94629866, -18.48867308 ], [ -39.94630315, -18.48866513 ], [ -39.94632008, -18.48863279 ], [ -39.94634268, -18.48859309 ], [ -39.94635193, -18.48857731 ], [ -39.9464083, -18.48848315 ], [ -39.94647489, -18.4883634 ], [ -39.94651207, -18.48830041 ], [ -39.94653848, -18.4882524 ], [ -39.94659852, -18.48814983 ], [ -39.94662934, -18.48809382 ], [ -39.94665294, -18.48805465 ], [ -39.94667541, -18.48801487 ], [ -39.94670823, -18.48795991 ], [ -39.9467351, -18.48791214 ], [ -39.94678122, -18.4878332 ], [ -39.94679874, -18.48780115 ], [ -39.9468222, -18.4877619 ], [ -39.94686204, -18.48769 ], [ -39.94691288, -18.48760323 ], [ -39.9469939, -18.48746011 ], [ -39.94700316, -18.48744434 ], [ -39.94703156, -18.48739738 ], [ -39.9470447, -18.48737334 ], [ -39.94705346, -18.48735805 ] ] } },
{ "type": "Feature", "properties": { }, "geometry": { "type": "LineString", "coordinates": [ [ -39.94703683, -18.4873562 ], [ -39.94702418, -18.48737994 ], [ -39.94698693, -18.4874429 ], [ -39.94696953, -18.48747501 ], [ -39.94693797, -18.48753064 ], [ -39.94690998, -18.48757783 ], [ -39.94687903, -18.48763377 ], [ -39.94684671, -18.48768901 ], [ -39.94681985, -18.48773679 ], [ -39.94678697, -18.48779172 ], [ -39.94677398, -18.48781584 ], [ -39.94674622, -18.48786314 ], [ -39.94666089, -18.48801432 ], [ -39.94663774, -18.48805374 ], [ -39.94661853, -18.4880849 ], [ -39.94658763, -18.48814086 ], [ -39.94648229, -18.4883228 ], [ -39.94645584, -18.48837079 ], [ -39.9464186, -18.48843376 ], [ -39.94640088, -18.4884657 ], [ -39.94631347, -18.48861579 ], [ -39.94627845, -18.4886799 ], [ -39.9462504, -18.48872706 ], [ -39.9462375, -18.48875121 ], [ -39.94621924, -18.48878289 ], [ -39.94619081, -18.48882984 ], [ -39.94615562, -18.48889386 ], [ -39.9460867, -18.4890124 ], [ -39.94605112, -18.48907623 ], [ -39.94598165, -18.48919448 ], [ -39.94594599, -18.48925827 ], [ -39.94587678, -18.48937665 ], [ -39.94581849, -18.48948013 ], [ -39.94578122, -18.48954308 ], [ -39.94572777, -18.48963879 ], [ -39.94563531, -18.48979654 ], [ -39.9455812, -18.4898919 ], [ -39.94556242, -18.4899233 ], [ -39.9455449, -18.48995535 ], [ -39.94550387, -18.49002664 ], [ -39.94547748, -18.49007466 ], [ -39.94540764, -18.49019271 ], [ -39.94535894, -18.49028059 ], [ -39.94531713, -18.49035146 ], [ -39.94527724, -18.49042334 ], [ -39.94524027, -18.49048645 ], [ -39.94523147, -18.49050246 ], [ -39.94520754, -18.49054003 ] ] } },
{ "type": "Feature", "properties": { }, "geometry": { "type": "LineString", "coordinates": [ [ -39.94519916, -18.49052636 ], [ -39.94522875, -18.49047817 ], [ -39.94526096, -18.49042287 ], [ -39.94528267, -18.49038272 ], [ -39.94530153, -18.49035136 ], [ -39.94532319, -18.49031118 ], [ -39.94536965, -18.49023243 ], [ -39.94539983, -18.49017611 ], [ -39.94545678, -18.49008225 ], [ -39.94547424, -18.49005018 ], [ -39.94550665, -18.48999499 ], [ -39.94552351, -18.48996262 ], [ -39.94553294, -18.48994694 ], [ -39.94555491, -18.48990691 ], [ -39.94557864, -18.48986781 ], [ -39.94558632, -18.48985129 ], [ -39.94559649, -18.48983604 ], [ -39.94561929, -18.48979643 ], [ -39.94563366, -18.48977304 ], [ -39.94565169, -18.48974125 ], [ -39.94567524, -18.48970205 ], [ -39.9457065, -18.48964627 ], [ -39.94571681, -18.4896311 ], [ -39.94573433, -18.48959905 ], [ -39.94574245, -18.48958272 ], [ -39.94576052, -18.48955095 ], [ -39.94576506, -18.48954302 ], [ -39.94582099, -18.48944861 ], [ -39.94582917, -18.48943231 ], [ -39.94585999, -18.4893763 ], [ -39.94586969, -18.48936078 ], [ -39.94590127, -18.48930515 ], [ -39.94591566, -18.48928178 ], [ -39.94593844, -18.48924216 ], [ -39.94595144, -18.48921806 ], [ -39.94597899, -18.48917063 ], [ -39.94603038, -18.48908416 ], [ -39.9460525, -18.4890442 ], [ -39.94606205, -18.4890286 ], [ -39.94607473, -18.48900434 ], [ -39.94608919, -18.48898099 ], [ -39.94610678, -18.48894898 ], [ -39.94616648, -18.48884623 ], [ -39.94619302, -18.48879829 ], [ -39.94621664, -18.48875912 ], [ -39.94624785, -18.48870331 ], [ -39.94627558, -18.48865598 ], [ -39.94629287, -18.48862382 ], [ -39.94630228, -18.48860813 ], [ -39.94632896, -18.48856026 ], [ -39.94634319, -18.48853679 ], [ -39.94636984, -18.4884889 ], [ -39.94639339, -18.4884497 ], [ -39.94641583, -18.4884099 ], [ -39.94644448, -18.48836308 ], [ -39.94649797, -18.48826739 ], [ -39.94654881, -18.48818063 ], [ -39.94655717, -18.4881644 ], [ -39.9465672, -18.48814907 ], [ -39.9466074, -18.48807735 ], [ -39.94666715, -18.48797463 ], [ -39.94672963, -18.48786304 ], [ -39.94675739, -18.48781572 ], [ -39.94677468, -18.48778356 ], [ -39.94681247, -18.48772089 ], [ -39.94684339, -18.48766494 ], [ -39.94687147, -18.4876178 ], [ -39.94691617, -18.48753812 ], [ -39.94692182, -18.48753087 ], [ -39.94692638, -18.48752295 ], [ -39.94697045, -18.48744296 ], [ -39.94699868, -18.4873959 ], [ -39.94701939, -18.48735875 ] ] } },
{ "type": "Feature", "properties": { }, "geometry": { "type": "LineString", "coordinates": [ [ -39.94638215, -18.48844195 ], [ -39.9464269, -18.48837037 ], [ -39.94644533, -18.48833879 ], [ -39.94648851, -18.48825836 ], [ -39.94651091, -18.48821854 ], [ -39.94652498, -18.48819499 ], [ -39.9465294, -18.488187 ], [ -39.9465416, -18.48816403 ] ] } },
{ "type": "Feature", "properties": { }, "geometry": { "type": "LineString", "coordinates": [ [ -39.94712963, -18.49056812 ], [ -39.94708726, -18.49063812 ], [ -39.94705539, -18.49069359 ], [ -39.94703623, -18.49072478 ], [ -39.94703155, -18.49073263 ], [ -39.94701401, -18.49076467 ], [ -39.94692588, -18.49091438 ], [ -39.94686309, -18.49102581 ], [ -39.94676152, -18.49119941 ], [ -39.94672107, -18.49127101 ], [ -39.94667874, -18.4913416 ], [ -39.94665675, -18.49138162 ], [ -39.94661502, -18.49145254 ], [ -39.94659272, -18.49149241 ], [ -39.94652704, -18.49160231 ], [ -39.94648275, -18.49168219 ], [ -39.94629801, -18.49199779 ], [ -39.94629344, -18.4920057 ], [ -39.94624887, -18.49208544 ], [ -39.94608757, -18.49236178 ], [ -39.94608306, -18.49236972 ], [ -39.94607459, -18.49238589 ], [ -39.94607018, -18.49239389 ], [ -39.94604594, -18.49243271 ], [ -39.94599986, -18.49251166 ], [ -39.94595918, -18.49258313 ], [ -39.94595472, -18.49259111 ], [ -39.9459418, -18.49261525 ], [ -39.94585834, -18.4927571 ], [ -39.94581371, -18.49283681 ], [ -39.94578107, -18.49289187 ], [ -39.94575453, -18.49293981 ], [ -39.94572591, -18.49298666 ], [ -39.94568936, -18.49304999 ], [ -39.9456718, -18.49308202 ], [ -39.94566729, -18.49308997 ], [ -39.9456431, -18.49312881 ], [ -39.9455797, -18.49323993 ], [ -39.94554133, -18.49330228 ], [ -39.94553667, -18.49331014 ], [ -39.94551536, -18.4933505 ], [ -39.94551094, -18.49335849 ], [ -39.94549645, -18.49338181 ], [ -39.94549175, -18.49338965 ], [ -39.94546988, -18.49342974 ], [ -39.94544218, -18.49347708 ], [ -39.94539476, -18.49355531 ], [ -39.94537644, -18.49358695 ], [ -39.94537199, -18.49359493 ], [ -39.9453637, -18.49361118 ], [ -39.94535914, -18.4936191 ], [ -39.94535451, -18.49362698 ], [ -39.94532109, -18.49368162 ], [ -39.94529405, -18.49372931 ], [ -39.94522413, -18.49384732 ], [ -39.94518775, -18.49391073 ], [ -39.94517505, -18.49393498 ], [ -39.9451612, -18.49395865 ], [ -39.94515271, -18.49397481 ], [ -39.94514832, -18.49398282 ], [ -39.94509582, -18.49406868 ], [ -39.94508211, -18.49409243 ], [ -39.94507373, -18.49410864 ], [ -39.94506936, -18.49411666 ], [ -39.94506099, -18.49413011 ] ] } },
{ "type": "Feature", "properties": { }, "geometry": { "type": "LineString", "coordinates": [ [ -39.94711585, -18.49056296 ], [ -39.94707315, -18.49063378 ], [ -39.94699593, -18.49076859 ], [ -39.94697681, -18.49079979 ], [ -39.94695444, -18.49083962 ], [ -39.94690751, -18.49091812 ], [ -39.94686322, -18.490998 ], [ -39.94683025, -18.49105288 ], [ -39.94679424, -18.49111649 ], [ -39.94673825, -18.49121086 ], [ -39.94670704, -18.49126668 ], [ -39.94666033, -18.49134529 ], [ -39.94664272, -18.4913773 ], [ -39.94662396, -18.4914087 ], [ -39.94657001, -18.49150415 ], [ -39.94655046, -18.49153512 ], [ -39.94652229, -18.49158221 ], [ -39.94648276, -18.49165427 ], [ -39.9464591, -18.49169341 ], [ -39.94645449, -18.4917013 ], [ -39.9463584, -18.49186747 ], [ -39.94634848, -18.49188286 ], [ -39.94633445, -18.49190644 ], [ -39.94631691, -18.49193848 ], [ -39.9462797, -18.49200146 ], [ -39.94623506, -18.49208117 ], [ -39.94623049, -18.49208908 ], [ -39.94614762, -18.49223124 ], [ -39.94611915, -18.49227817 ], [ -39.94610145, -18.49231013 ], [ -39.94607351, -18.49235735 ], [ -39.94606056, -18.49238147 ], [ -39.94604611, -18.49240482 ], [ -39.94602823, -18.49243669 ], [ -39.94602362, -18.49244458 ], [ -39.94592601, -18.49260994 ], [ -39.94588594, -18.49268172 ], [ -39.94584356, -18.49275229 ], [ -39.94575319, -18.49291114 ], [ -39.94572035, -18.4929661 ], [ -39.94570733, -18.4929902 ], [ -39.9457027, -18.49299808 ], [ -39.94567446, -18.49304514 ], [ -39.94558355, -18.4932037 ], [ -39.94552284, -18.49330591 ], [ -39.94550985, -18.49333003 ], [ -39.94547285, -18.49339312 ], [ -39.9454598, -18.4934172 ], [ -39.94541274, -18.49349562 ], [ -39.94537191, -18.49356702 ], [ -39.94522872, -18.4938116 ], [ -39.94511514, -18.49400984 ], [ -39.94508197, -18.49406462 ], [ -39.94506026, -18.49410477 ], [ -39.94504511, -18.49412977 ] ] } },
{ "type": "Feature", "properties": { }, "geometry": { "type": "LineString", "coordinates": [ [ -39.94713786, -18.49057975 ], [ -39.94710999, -18.49062808 ], [ -39.94709706, -18.49065223 ], [ -39.94707816, -18.49068355 ], [ -39.94706501, -18.49070759 ], [ -39.94705975, -18.4907151 ], [ -39.94703625, -18.49075433 ], [ -39.94694007, -18.49092045 ], [ -39.94691641, -18.49095959 ], [ -39.94680793, -18.49115019 ], [ -39.94679854, -18.49116589 ], [ -39.94673385, -18.49127633 ], [ -39.94672068, -18.49130035 ], [ -39.94671586, -18.49130813 ], [ -39.94671086, -18.49131581 ], [ -39.94669686, -18.4913394 ], [ -39.94667505, -18.49137951 ], [ -39.94662863, -18.49145828 ], [ -39.94659277, -18.49152197 ], [ -39.94654034, -18.49160787 ], [ -39.94653588, -18.49161584 ], [ -39.94651861, -18.49164802 ], [ -39.94648702, -18.49170363 ], [ -39.94644562, -18.49177473 ], [ -39.94642641, -18.49180589 ], [ -39.9464218, -18.49181378 ], [ -39.94634927, -18.49194074 ], [ -39.94632136, -18.49198797 ], [ -39.94631146, -18.49200338 ], [ -39.94630701, -18.49201136 ], [ -39.94630279, -18.49201945 ], [ -39.9462983, -18.49202741 ], [ -39.94625689, -18.4920985 ], [ -39.94622652, -18.49215473 ], [ -39.94622178, -18.49216255 ], [ -39.94620706, -18.49218574 ], [ -39.94620272, -18.49219378 ], [ -39.94619813, -18.49220168 ], [ -39.94618374, -18.49222506 ], [ -39.94612031, -18.49233616 ], [ -39.94610129, -18.49236743 ], [ -39.94608819, -18.49239149 ], [ -39.94608339, -18.49239928 ], [ -39.94606344, -18.49243001 ], [ -39.94605885, -18.49243791 ], [ -39.94603226, -18.49248583 ], [ -39.94599061, -18.4925568 ], [ -39.94595573, -18.49262098 ], [ -39.94595094, -18.49262877 ], [ -39.94594103, -18.49264418 ], [ -39.94593641, -18.49265206 ], [ -39.94589153, -18.49273165 ], [ -39.94587707, -18.49275499 ], [ -39.94587266, -18.49276298 ], [ -39.94585996, -18.49278724 ], [ -39.94585533, -18.49279512 ], [ -39.94583622, -18.49282634 ], [ -39.94582309, -18.49285038 ], [ -39.94581837, -18.49285821 ], [ -39.94580863, -18.49287371 ], [ -39.94580433, -18.49288176 ], [ -39.94579978, -18.49288969 ], [ -39.94579029, -18.49290533 ], [ -39.94576836, -18.49294538 ], [ -39.94574936, -18.49297666 ], [ -39.94573168, -18.49300863 ], [ -39.945727, -18.49301648 ], [ -39.94570302, -18.49305545 ], [ -39.94569856, -18.49306342 ], [ -39.94568124, -18.49309557 ], [ -39.94567658, -18.49310344 ], [ -39.94564779, -18.49315018 ], [ -39.94564324, -18.49315811 ], [ -39.94560766, -18.49322194 ], [ -39.94560295, -18.49322979 ], [ -39.94555491, -18.49330767 ], [ -39.94555046, -18.49331565 ], [ -39.94552463, -18.49336394 ], [ -39.94551994, -18.4933718 ], [ -39.94550545, -18.49339512 ], [ -39.94550089, -18.49340304 ], [ -39.9454653, -18.49346686 ], [ -39.94541763, -18.49354495 ], [ -39.94540447, -18.49356898 ], [ -39.94537668, -18.49361628 ], [ -39.94536337, -18.49364023 ], [ -39.94535355, -18.49365568 ], [ -39.94533499, -18.4936872 ], [ -39.94530833, -18.49373509 ], [ -39.94530359, -18.49374291 ], [ -39.94528901, -18.49376618 ], [ -39.94525272, -18.49382964 ], [ -39.94520105, -18.49391597 ], [ -39.94516168, -18.4939881 ], [ -39.94513799, -18.49402723 ], [ -39.94512035, -18.49405922 ], [ -39.94511093, -18.4940749 ], [ -39.94510169, -18.49409068 ], [ -39.94509717, -18.49409862 ], [ -39.94509159, -18.49410926 ] ] } },
{ "type": "Feature", "properties": { }, "geometry": { "type": "LineString", "coordinates": [ [ -39.94710049, -18.49056289 ], [ -39.94708177, -18.49059372 ], [ -39.94707181, -18.4906091 ], [ -39.94706699, -18.49061688 ], [ -39.94704037, -18.49066478 ], [ -39.94696576, -18.49079063 ], [ -39.94694331, -18.49083042 ], [ -39.94689233, -18.49091711 ], [ -39.9468475, -18.49099672 ], [ -39.94679645, -18.49108338 ], [ -39.94666865, -18.4913051 ], [ -39.94658114, -18.49145514 ], [ -39.94655416, -18.49150286 ], [ -39.94650241, -18.49158913 ], [ -39.94640695, -18.49175563 ], [ -39.94638356, -18.49179492 ], [ -39.94633806, -18.49187418 ], [ -39.94631906, -18.49190545 ], [ -39.94622842, -18.49206416 ], [ -39.94617701, -18.49215062 ], [ -39.94612687, -18.49223776 ], [ -39.94609873, -18.49228487 ], [ -39.9460714, -18.49233241 ], [ -39.94606691, -18.49234037 ], [ -39.9460538, -18.49236442 ], [ -39.945994, -18.49246712 ], [ -39.94598934, -18.49247499 ], [ -39.94596553, -18.49251404 ], [ -39.94593403, -18.49256971 ], [ -39.94589233, -18.49264065 ], [ -39.94587004, -18.49268051 ], [ -39.94583245, -18.49274329 ], [ -39.94577827, -18.49283861 ], [ -39.94570026, -18.49297301 ], [ -39.945663, -18.49303596 ], [ -39.94558634, -18.49317106 ], [ -39.94550742, -18.49330498 ], [ -39.94543004, -18.4934397 ], [ -39.94542544, -18.4934476 ], [ -39.94539711, -18.49349461 ], [ -39.94528272, -18.49369242 ], [ -39.94522189, -18.49379457 ], [ -39.94519496, -18.49384232 ], [ -39.94517182, -18.49388174 ], [ -39.94516731, -18.49388969 ], [ -39.94515871, -18.49390579 ], [ -39.94513549, -18.49394517 ], [ -39.94509116, -18.49402503 ], [ -39.94508659, -18.49403295 ], [ -39.94506227, -18.49407172 ], [ -39.94505754, -18.49407955 ], [ -39.94503237, -18.49412514 ] ] } },
{ "type": "Feature", "properties": { }, "geometry": { "type": "LineString", "coordinates": [ [ -39.94708327, -18.49056282 ], [ -39.94705485, -18.49060917 ], [ -39.94700533, -18.49069663 ], [ -39.94694945, -18.49079107 ], [ -39.9469133, -18.4908546 ], [ -39.94688975, -18.4908938 ], [ -39.94684486, -18.49097338 ], [ -39.94677069, -18.49109947 ], [ -39.94662958, -18.49134515 ], [ -39.9465829, -18.49142378 ], [ -39.9465422, -18.49149524 ], [ -39.94652306, -18.49152644 ], [ -39.9465184, -18.49153431 ], [ -39.94645377, -18.49164478 ], [ -39.94636306, -18.49180346 ], [ -39.94633067, -18.49185865 ], [ -39.9463163, -18.49188204 ], [ -39.94631169, -18.49188993 ], [ -39.94622093, -18.49204858 ], [ -39.94616491, -18.49214294 ], [ -39.9461106, -18.4922382 ], [ -39.94605923, -18.49232469 ], [ -39.94601401, -18.49240409 ], [ -39.94595819, -18.49249856 ], [ -39.94592251, -18.49256234 ], [ -39.94589435, -18.49260943 ], [ -39.94587677, -18.49264146 ], [ -39.94587217, -18.49264936 ], [ -39.94580216, -18.49276731 ], [ -39.9457391, -18.49287861 ], [ -39.94565103, -18.49302835 ], [ -39.94557438, -18.49316345 ], [ -39.94549103, -18.49330536 ], [ -39.94544121, -18.49339266 ], [ -39.94540899, -18.49344795 ], [ -39.94538998, -18.49347921 ], [ -39.94538064, -18.49349494 ], [ -39.94527098, -18.49368493 ], [ -39.94521422, -18.49377888 ], [ -39.94519668, -18.49381092 ], [ -39.94518261, -18.49383447 ], [ -39.94511906, -18.49394551 ], [ -39.94509301, -18.4939937 ], [ -39.94508855, -18.49400168 ], [ -39.94508381, -18.4940095 ], [ -39.94504973, -18.49406377 ], [ -39.94504503, -18.49407161 ], [ -39.9450407, -18.49407965 ], [ -39.94502813, -18.49410396 ], [ -39.94501863, -18.49412014 ] ] } },
{ "type": "Feature", "properties": { }, "geometry": { "type": "LineString", "coordinates": [ [ -39.94706611, -18.49056275 ], [ -39.94704738, -18.49059357 ], [ -39.94704279, -18.49060147 ], [ -39.94698873, -18.49069686 ], [ -39.94688233, -18.49087824 ], [ -39.94680964, -18.49100511 ], [ -39.94678131, -18.49105212 ], [ -39.94677671, -18.49106002 ], [ -39.94667236, -18.49124247 ], [ -39.94665331, -18.49127372 ], [ -39.94661717, -18.49133726 ], [ -39.94657069, -18.491416 ], [ -39.94653017, -18.49148756 ], [ -39.94637763, -18.49174786 ], [ -39.94630506, -18.49187479 ], [ -39.94623084, -18.49200086 ], [ -39.94621298, -18.49203274 ], [ -39.94615755, -18.49212741 ], [ -39.94610304, -18.49222257 ], [ -39.94607938, -18.49226171 ], [ -39.94601985, -18.49236455 ], [ -39.94597783, -18.49243532 ], [ -39.94591926, -18.49253866 ], [ -39.94589103, -18.49258572 ], [ -39.94586421, -18.49263352 ], [ -39.94585963, -18.49264143 ], [ -39.94579003, -18.49275961 ], [ -39.94570378, -18.4929103 ], [ -39.94566192, -18.49298116 ], [ -39.94559331, -18.49309986 ], [ -39.94557113, -18.49313978 ], [ -39.94553002, -18.49321103 ], [ -39.94541986, -18.49340076 ], [ -39.9453134, -18.49358209 ], [ -39.94528171, -18.49363766 ], [ -39.94520249, -18.49377141 ], [ -39.94515739, -18.49385088 ], [ -39.945084, -18.49397739 ], [ -39.94506622, -18.49400931 ], [ -39.94506155, -18.49401717 ], [ -39.94503278, -18.49406393 ], [ -39.94502822, -18.49407185 ], [ -39.94500425, -18.49411491 ] ] } },
{ "type": "Feature", "properties": { }, "geometry": { "type": "LineString", "coordinates": [ [ -39.94705045, -18.49056268 ], [ -39.94701819, -18.49061735 ], [ -39.94699583, -18.49065719 ], [ -39.94694016, -18.49075173 ], [ -39.94691298, -18.49079935 ], [ -39.94686646, -18.49087807 ], [ -39.94678907, -18.49101279 ], [ -39.94674247, -18.49109147 ], [ -39.94671094, -18.49114711 ], [ -39.94663713, -18.4912734 ], [ -39.94659659, -18.49134494 ], [ -39.94656401, -18.49140004 ], [ -39.94646385, -18.49157438 ], [ -39.94639865, -18.49168455 ], [ -39.94639404, -18.49169244 ], [ -39.9463807, -18.49171638 ], [ -39.94632064, -18.49181894 ], [ -39.94626186, -18.49192217 ], [ -39.94620585, -18.49201653 ], [ -39.94617904, -18.49206435 ], [ -39.94613711, -18.49213516 ], [ -39.94606435, -18.492262 ], [ -39.9459621, -18.49243523 ], [ -39.94587522, -18.4925856 ], [ -39.94582101, -18.49268091 ], [ -39.9457881, -18.49273583 ], [ -39.94572872, -18.49283875 ], [ -39.9456975, -18.49289456 ], [ -39.94566004, -18.4929574 ], [ -39.94559583, -18.4930681 ], [ -39.94548225, -18.49326634 ], [ -39.94536669, -18.49346354 ], [ -39.94533071, -18.49352716 ], [ -39.94529771, -18.49358203 ], [ -39.94526133, -18.49364545 ], [ -39.94518671, -18.4937713 ], [ -39.94512808, -18.49387461 ], [ -39.94512353, -18.49388253 ], [ -39.94510483, -18.49391397 ], [ -39.94510067, -18.49392209 ], [ -39.94509631, -18.49393011 ], [ -39.94508626, -18.49394543 ], [ -39.94504515, -18.49401668 ], [ -39.94501703, -18.4940638 ], [ -39.94499137, -18.49411022 ] ] } },
{ "type": "Feature", "properties": { }, "geometry": { "type": "LineString", "coordinates": [ [ -39.94703461, -18.49056262 ], [ -39.9469656, -18.49068052 ], [ -39.94690643, -18.49078355 ], [ -39.94685516, -18.49087008 ], [ -39.94679621, -18.49097323 ], [ -39.94675881, -18.4910361 ], [ -39.94669519, -18.49114711 ], [ -39.94664426, -18.49123383 ], [ -39.94659897, -18.4913132 ], [ -39.94653001, -18.49143171 ], [ -39.94648493, -18.4915112 ], [ -39.94640097, -18.49165277 ], [ -39.94636501, -18.4917164 ], [ -39.94631845, -18.4917951 ], [ -39.94624112, -18.49192986 ], [ -39.94612583, -18.4921272 ], [ -39.94605296, -18.49225398 ], [ -39.94591871, -18.49248261 ], [ -39.94586375, -18.49257754 ], [ -39.94585069, -18.49260162 ], [ -39.9458138, -18.49266477 ], [ -39.94578234, -18.49272045 ], [ -39.94573102, -18.49280696 ], [ -39.94568116, -18.49289425 ], [ -39.94562082, -18.49299666 ], [ -39.9455118, -18.49318698 ], [ -39.94545684, -18.4932819 ], [ -39.94541488, -18.4933527 ], [ -39.94531452, -18.49352694 ], [ -39.94518476, -18.49374762 ], [ -39.94509861, -18.49389837 ], [ -39.94507042, -18.49394545 ], [ -39.94500613, -18.49405611 ], [ -39.94497952, -18.49410361 ] ] } },
{ "type": "Feature", "properties": { }, "geometry": { "type": "LineString", "coordinates": [ [ -39.94701839, -18.49056255 ], [ -39.94698603, -18.49061729 ], [ -39.94689477, -18.49077567 ], [ -39.94685272, -18.49084642 ], [ -39.94678908, -18.49095742 ], [ -39.94674265, -18.49103618 ], [ -39.94667919, -18.49114727 ], [ -39.94657334, -18.49132894 ], [ -39.94646883, -18.49151131 ], [ -39.94638928, -18.49164488 ], [ -39.94635348, -18.4917086 ], [ -39.94624694, -18.4918899 ], [ -39.94616545, -18.49203279 ], [ -39.94610041, -18.49214304 ], [ -39.9460505, -18.4922303 ], [ -39.94599471, -18.49232478 ], [ -39.94589403, -18.49249885 ], [ -39.94585685, -18.49256185 ], [ -39.94577055, -18.49271252 ], [ -39.94571468, -18.49280696 ], [ -39.94566469, -18.49289417 ], [ -39.94559065, -18.49302034 ], [ -39.94557763, -18.49304443 ], [ -39.94549007, -18.49319445 ], [ -39.94543576, -18.49328971 ], [ -39.94539394, -18.49336058 ], [ -39.94533513, -18.4934638 ], [ -39.94529777, -18.4935267 ], [ -39.94524761, -18.49361382 ], [ -39.94519612, -18.49370024 ], [ -39.94509658, -18.49387491 ], [ -39.94503107, -18.49398491 ], [ -39.94496747, -18.49409593 ] ] } },
{ "type": "Feature", "properties": { }, "geometry": { "type": "LineString", "coordinates": [ [ -39.94700201, -18.49056248 ], [ -39.94686859, -18.49079155 ], [ -39.94682325, -18.4908709 ], [ -39.94672169, -18.4910445 ], [ -39.94666718, -18.49113966 ], [ -39.94657056, -18.49130555 ], [ -39.94654389, -18.49135343 ], [ -39.94639648, -18.4916061 ], [ -39.94637295, -18.49164532 ], [ -39.94634609, -18.4916931 ], [ -39.94623084, -18.49189046 ], [ -39.94615364, -18.49202528 ], [ -39.94596905, -18.49234096 ], [ -39.94587349, -18.4925074 ], [ -39.94584082, -18.49256245 ], [ -39.94581848, -18.49260229 ], [ -39.94569824, -18.49280734 ], [ -39.94557076, -18.49302923 ], [ -39.94548725, -18.49317105 ], [ -39.94545602, -18.49322685 ], [ -39.94539119, -18.49333722 ], [ -39.94533245, -18.49344047 ], [ -39.945281, -18.49352691 ], [ -39.94523138, -18.49361432 ], [ -39.94517077, -18.49371658 ], [ -39.94509393, -18.49385159 ], [ -39.94504325, -18.49393845 ], [ -39.94498708, -18.49403273 ], [ -39.94496548, -18.49407294 ], [ -39.94495584, -18.49408854 ] ] } },
{ "type": "Feature", "properties": { }, "geometry": { "type": "LineString", "coordinates": [ [ -39.94698595, -18.49056241 ], [ -39.94687069, -18.49076013 ], [ -39.94678873, -18.49090276 ], [ -39.94664122, -18.49115539 ], [ -39.94655901, -18.4912979 ], [ -39.94654624, -18.49132212 ], [ -39.94651328, -18.491377 ], [ -39.94633885, -18.49167739 ], [ -39.94631527, -18.49171658 ], [ -39.94626557, -18.49180394 ], [ -39.94611364, -18.49206457 ], [ -39.94605002, -18.49217557 ], [ -39.94599885, -18.49226217 ], [ -39.94594441, -18.49235736 ], [ -39.94592089, -18.49239658 ], [ -39.94580222, -18.49260247 ], [ -39.9457048, -18.49276792 ], [ -39.94554066, -18.49305308 ], [ -39.94548012, -18.49315539 ], [ -39.94543066, -18.49324288 ], [ -39.94537496, -18.49333741 ], [ -39.94532999, -18.49341694 ], [ -39.94526906, -18.49351903 ], [ -39.94521992, -18.49360669 ], [ -39.94518681, -18.4936615 ], [ -39.94508683, -18.49383593 ], [ -39.94501245, -18.49396191 ], [ -39.94497154, -18.49403327 ], [ -39.94495257, -18.49406456 ], [ -39.94494374, -18.49408084 ] ] } },
{ "type": "Feature", "properties": { }, "geometry": { "type": "LineString", "coordinates": [ [ -39.94696997, -18.49056234 ], [ -39.94689506, -18.49068882 ], [ -39.94678588, -18.49087906 ], [ -39.946698, -18.49102889 ], [ -39.94667564, -18.49106873 ], [ -39.94663848, -18.49113173 ], [ -39.94660237, -18.49119529 ], [ -39.94654215, -18.49129777 ], [ -39.94651993, -18.49133767 ], [ -39.94650097, -18.49136896 ], [ -39.94646018, -18.49144038 ], [ -39.94635387, -18.4916218 ], [ -39.94629918, -18.49171687 ], [ -39.94627702, -18.4917568 ], [ -39.94623497, -18.49182755 ], [ -39.9461664, -18.49194628 ], [ -39.94610128, -18.49205648 ], [ -39.94607008, -18.4921123 ], [ -39.94598235, -18.49226223 ], [ -39.94578595, -18.49260265 ], [ -39.94568377, -18.49277592 ], [ -39.94565676, -18.49282363 ], [ -39.94560147, -18.49291838 ], [ -39.94557472, -18.49296622 ], [ -39.94556031, -18.49298959 ], [ -39.94552859, -18.49304513 ], [ -39.94547285, -18.49313964 ], [ -39.94540053, -18.49326671 ], [ -39.94534937, -18.49335331 ], [ -39.94531796, -18.49340902 ], [ -39.94528019, -18.49347169 ], [ -39.94520314, -18.49360659 ], [ -39.94517029, -18.49366155 ], [ -39.94511146, -18.49376475 ], [ -39.94503243, -18.4938986 ], [ -39.94500115, -18.49395438 ], [ -39.94495481, -18.49403319 ], [ -39.94494211, -18.49405745 ], [ -39.94493258, -18.49407373 ] ] } },
{ "type": "Feature", "properties": { }, "geometry": { "type": "LineString", "coordinates": [ [ -39.94695382, -18.49056228 ], [ -39.94690841, -18.49064099 ], [ -39.94688453, -18.49068001 ], [ -39.94687993, -18.49068792 ], [ -39.94682999, -18.49077516 ], [ -39.9467332, -18.49094095 ], [ -39.94671075, -18.49098074 ], [ -39.94663677, -18.49110693 ], [ -39.94660074, -18.49117053 ], [ -39.94654023, -18.49127285 ], [ -39.94650416, -18.49133643 ], [ -39.94647597, -18.49138351 ], [ -39.94647138, -18.49139142 ], [ -39.94637117, -18.49156573 ], [ -39.94632907, -18.49163645 ], [ -39.9462707, -18.4917399 ], [ -39.94621937, -18.4918264 ], [ -39.94617889, -18.49189798 ], [ -39.94611366, -18.49200813 ], [ -39.94607699, -18.4920714 ], [ -39.94605932, -18.49210338 ], [ -39.94599878, -18.49220567 ], [ -39.94593966, -18.49230873 ], [ -39.94588878, -18.49239548 ], [ -39.94582572, -18.49250677 ], [ -39.94571903, -18.49268799 ], [ -39.94570103, -18.4927198 ], [ -39.94568204, -18.49275108 ], [ -39.94563675, -18.49283045 ], [ -39.94559982, -18.49289358 ], [ -39.94557299, -18.49294138 ], [ -39.9455684, -18.49294928 ], [ -39.94547136, -18.49311494 ], [ -39.94539863, -18.4932418 ], [ -39.94528838, -18.49343147 ], [ -39.94526926, -18.49346268 ], [ -39.94526468, -18.49347059 ], [ -39.94518798, -18.49360567 ], [ -39.9451505, -18.4936685 ], [ -39.94501251, -18.4939055 ], [ -39.94497653, -18.49396913 ], [ -39.94494399, -18.49402424 ], [ -39.94492083, -18.49406625 ] ] } },
{ "type": "Feature", "properties": { }, "geometry": { "type": "LineString", "coordinates": [ [ -39.94693705, -18.49056221 ], [ -39.94690168, -18.49062556 ], [ -39.94687322, -18.4906725 ], [ -39.94684555, -18.49071986 ], [ -39.94669438, -18.49098088 ], [ -39.94663872, -18.49107543 ], [ -39.94659386, -18.49115502 ], [ -39.94653315, -18.49125723 ], [ -39.94650168, -18.49131291 ], [ -39.94647341, -18.49135995 ], [ -39.9464688, -18.49136785 ], [ -39.94636408, -18.49155011 ], [ -39.9462899, -18.49167619 ], [ -39.94624948, -18.4917478 ], [ -39.94620734, -18.4918185 ], [ -39.94617161, -18.49188225 ], [ -39.94616703, -18.49189016 ], [ -39.94607435, -18.4920478 ], [ -39.9460244, -18.49213504 ], [ -39.94597302, -18.49222152 ], [ -39.94593248, -18.49229306 ], [ -39.94587245, -18.49239564 ], [ -39.94582298, -18.49248313 ], [ -39.94579014, -18.49253808 ], [ -39.94571235, -18.49267259 ], [ -39.94567942, -18.4927275 ], [ -39.94565698, -18.49276729 ], [ -39.94561079, -18.49284618 ], [ -39.94558855, -18.49288608 ], [ -39.94553814, -18.49297307 ], [ -39.9455158, -18.49301291 ], [ -39.9454644, -18.49309938 ], [ -39.94534129, -18.49331325 ], [ -39.94525323, -18.49346299 ], [ -39.94519452, -18.49356626 ], [ -39.94511576, -18.49370026 ], [ -39.94505199, -18.49381119 ], [ -39.94499191, -18.49391373 ], [ -39.944974, -18.49394559 ], [ -39.94493197, -18.49401635 ], [ -39.94490851, -18.49405841 ] ] } },
{ "type": "Feature", "properties": { }, "geometry": { "type": "LineString", "coordinates": [ [ -39.94692085, -18.49056214 ], [ -39.94689914, -18.49060172 ], [ -39.94689456, -18.49060963 ], [ -39.94682466, -18.49072765 ], [ -39.94674288, -18.49087038 ], [ -39.94670069, -18.49094105 ], [ -39.94664596, -18.49103609 ], [ -39.94661336, -18.49109118 ], [ -39.94658671, -18.49113907 ], [ -39.94658213, -18.49114698 ], [ -39.94651244, -18.4912651 ], [ -39.94648552, -18.49131286 ], [ -39.94639769, -18.49146273 ], [ -39.94631129, -18.49161335 ], [ -39.94620039, -18.49180267 ], [ -39.94617856, -18.49184277 ], [ -39.94617404, -18.49185071 ], [ -39.94612339, -18.49193759 ], [ -39.94608586, -18.49200039 ], [ -39.94602205, -18.4921113 ], [ -39.94597053, -18.4921977 ], [ -39.94591179, -18.49230095 ], [ -39.94583377, -18.49243534 ], [ -39.94581149, -18.49247521 ], [ -39.94577392, -18.492538 ], [ -39.94570076, -18.49266463 ], [ -39.94566308, -18.49272735 ], [ -39.94563159, -18.49278302 ], [ -39.94554471, -18.49293339 ], [ -39.94550438, -18.49300505 ], [ -39.94544827, -18.49309936 ], [ -39.9453895, -18.49320259 ], [ -39.94535213, -18.49326548 ], [ -39.94526982, -18.49340794 ], [ -39.94523261, -18.49347091 ], [ -39.94517854, -18.4935663 ], [ -39.9451181, -18.49366866 ], [ -39.94498986, -18.49389015 ], [ -39.94496766, -18.49393006 ], [ -39.94492087, -18.49400863 ], [ -39.94489666, -18.49405087 ] ] } },
{ "type": "Feature", "properties": { }, "geometry": { "type": "LineString", "coordinates": [ [ -39.94690509, -18.49056207 ], [ -39.94688311, -18.49060152 ], [ -39.94684106, -18.49067226 ], [ -39.9467677, -18.49079879 ], [ -39.94672708, -18.49087029 ], [ -39.94668021, -18.49094882 ], [ -39.94660219, -18.49108321 ], [ -39.94656615, -18.49114681 ], [ -39.94651028, -18.49124124 ], [ -39.94647015, -18.491313 ], [ -39.94638666, -18.49145483 ], [ -39.94635535, -18.49151059 ], [ -39.94630958, -18.49158971 ], [ -39.94624891, -18.49169194 ], [ -39.94608915, -18.49196908 ], [ -39.94598781, -18.4921428 ], [ -39.94595492, -18.49219773 ], [ -39.9459326, -18.49223758 ], [ -39.94579545, -18.49247502 ], [ -39.9456201, -18.49277492 ], [ -39.94559274, -18.49282244 ], [ -39.94557968, -18.49284652 ], [ -39.94557516, -18.49285447 ], [ -39.94552879, -18.49293327 ], [ -39.94548344, -18.4930126 ], [ -39.94543684, -18.49309128 ], [ -39.94538692, -18.49317853 ], [ -39.94534493, -18.49324932 ], [ -39.94530426, -18.4933208 ], [ -39.94527181, -18.49337596 ], [ -39.94525405, -18.49340789 ], [ -39.94518491, -18.49352631 ], [ -39.94516259, -18.49356616 ], [ -39.94510655, -18.49366051 ], [ -39.94505679, -18.49374785 ], [ -39.94495141, -18.49392976 ], [ -39.9449047, -18.49400838 ], [ -39.9449002, -18.49401634 ], [ -39.94488529, -18.49404364 ] ] } },
{ "type": "Feature", "properties": { }, "geometry": { "type": "LineString", "coordinates": [ [ -39.94688907, -18.490562 ], [ -39.94686671, -18.49060125 ], [ -39.94681079, -18.49069567 ], [ -39.94670612, -18.49087796 ], [ -39.94665484, -18.49096449 ], [ -39.94660949, -18.49104382 ], [ -39.94650316, -18.49122523 ], [ -39.94645853, -18.49130495 ], [ -39.94638447, -18.49143109 ], [ -39.94632549, -18.49153422 ], [ -39.94624205, -18.49167608 ], [ -39.9461051, -18.49191362 ], [ -39.94603574, -18.49203193 ], [ -39.94596735, -18.49215074 ], [ -39.9459116, -18.49224525 ], [ -39.9457838, -18.49246697 ], [ -39.94566375, -18.49267212 ], [ -39.94563686, -18.49271989 ], [ -39.94559031, -18.49279859 ], [ -39.94548548, -18.4929808 ], [ -39.94544816, -18.49304371 ], [ -39.94533785, -18.49323336 ], [ -39.94529286, -18.49331288 ], [ -39.9452602, -18.49336793 ], [ -39.94525576, -18.49337591 ], [ -39.94524727, -18.49339207 ], [ -39.94524281, -18.49340005 ], [ -39.94508099, -18.4936761 ], [ -39.94504058, -18.49374772 ], [ -39.94498512, -18.49384237 ], [ -39.94493046, -18.49393745 ], [ -39.94487226, -18.49403535 ] ] } },
{ "type": "Feature", "properties": { }, "geometry": { "type": "LineString", "coordinates": [ [ -39.94687245, -18.49056253 ], [ -39.94685461, -18.49059383 ], [ -39.94679413, -18.49069616 ], [ -39.94668466, -18.49088625 ], [ -39.94662894, -18.49098077 ], [ -39.94659748, -18.49103645 ], [ -39.94648653, -18.49122575 ], [ -39.94644168, -18.49130534 ], [ -39.9464007, -18.49137666 ], [ -39.9463587, -18.49144744 ], [ -39.94631357, -18.49152689 ], [ -39.9462253, -18.49167652 ], [ -39.94604692, -18.49198515 ], [ -39.94598635, -18.49208743 ], [ -39.9459413, -18.49216693 ], [ -39.9458078, -18.49239597 ], [ -39.94575796, -18.49248326 ], [ -39.94564257, -18.49268055 ], [ -39.94561088, -18.49273612 ], [ -39.94558272, -18.49278321 ], [ -39.94548258, -18.49295756 ], [ -39.94539903, -18.49309936 ], [ -39.94534017, -18.49320255 ], [ -39.94531218, -18.49324974 ], [ -39.9452807, -18.49330541 ], [ -39.94525738, -18.49334474 ], [ -39.94523523, -18.49338468 ], [ -39.94507826, -18.49365297 ], [ -39.94502377, -18.49374814 ], [ -39.94494545, -18.49388237 ], [ -39.94491861, -18.49393016 ], [ -39.94491398, -18.49393805 ], [ -39.94485976, -18.49402739 ] ] } },
{ "type": "Feature", "properties": { }, "geometry": { "type": "LineString", "coordinates": [ [ -39.94685607, -18.4905631 ], [ -39.9467639, -18.49072039 ], [ -39.94668633, -18.49085502 ], [ -39.94662141, -18.49096534 ], [ -39.94659022, -18.49102116 ], [ -39.94658566, -18.49102909 ], [ -39.94647933, -18.49121049 ], [ -39.94640629, -18.49133718 ], [ -39.94638418, -18.49137714 ], [ -39.94637959, -18.49138505 ], [ -39.9463514, -18.49143213 ], [ -39.94630167, -18.49151948 ], [ -39.9462271, -18.49164536 ], [ -39.94616842, -18.49174864 ], [ -39.94613091, -18.49181146 ], [ -39.94602542, -18.49199332 ], [ -39.94598817, -18.49205627 ], [ -39.9459386, -18.49214371 ], [ -39.94588281, -18.49223819 ], [ -39.94581932, -18.49234926 ], [ -39.94577278, -18.49242797 ], [ -39.94575053, -18.49246786 ], [ -39.94574595, -18.49247577 ], [ -39.94568539, -18.49257806 ], [ -39.9456675, -18.49260993 ], [ -39.94555718, -18.49279956 ], [ -39.94551654, -18.49287106 ], [ -39.94539679, -18.49307637 ], [ -39.94535922, -18.49313916 ], [ -39.94520915, -18.49340076 ], [ -39.94512207, -18.49355102 ], [ -39.94506631, -18.49364552 ], [ -39.94490176, -18.49393047 ], [ -39.94488321, -18.49396198 ], [ -39.94486382, -18.49399304 ], [ -39.94485925, -18.49400095 ], [ -39.94484858, -18.49402028 ] ] } },
{ "type": "Feature", "properties": { }, "geometry": { "type": "LineString", "coordinates": [ [ -39.94683967, -18.49056366 ], [ -39.94681167, -18.49061023 ], [ -39.94677543, -18.49067372 ], [ -39.94673807, -18.49073662 ], [ -39.94667418, -18.49084748 ], [ -39.94662776, -18.49092626 ], [ -39.94657836, -18.49101378 ], [ -39.94654157, -18.49107698 ], [ -39.94652263, -18.49110829 ], [ -39.94647741, -18.4911877 ], [ -39.94644013, -18.49125063 ], [ -39.94637177, -18.49136947 ], [ -39.9463207, -18.49145611 ], [ -39.9462804, -18.49152778 ], [ -39.94621527, -18.49163799 ], [ -39.94613316, -18.49178055 ], [ -39.94597625, -18.49204887 ], [ -39.94591747, -18.4921521 ], [ -39.94586144, -18.49224645 ], [ -39.94577096, -18.49240524 ], [ -39.94569723, -18.49253157 ], [ -39.94567345, -18.49257065 ], [ -39.94566882, -18.49257853 ], [ -39.94559606, -18.49270537 ], [ -39.9455449, -18.49279196 ], [ -39.94544482, -18.49296635 ], [ -39.94537578, -18.49308482 ], [ -39.94534735, -18.49313177 ], [ -39.94534274, -18.49313967 ], [ -39.94527484, -18.49325874 ], [ -39.94522858, -18.4933376 ], [ -39.94518347, -18.49341706 ], [ -39.94510987, -18.49354346 ], [ -39.9450965, -18.49356738 ], [ -39.94503592, -18.49366966 ], [ -39.94495383, -18.49381223 ], [ -39.94483704, -18.49401293 ] ] } },
{ "type": "Feature", "properties": { }, "geometry": { "type": "LineString", "coordinates": [ [ -39.94682251, -18.49056425 ], [ -39.94678062, -18.49063447 ], [ -39.94674012, -18.49070604 ], [ -39.9465971, -18.49095071 ], [ -39.9465614, -18.49101448 ], [ -39.94650586, -18.49110909 ], [ -39.9464699, -18.49117273 ], [ -39.94643259, -18.49123566 ], [ -39.94639164, -18.49130699 ], [ -39.94630837, -18.49144893 ], [ -39.94624968, -18.49155221 ], [ -39.94617526, -18.49167817 ], [ -39.94609785, -18.49181288 ], [ -39.94604208, -18.49190737 ], [ -39.94590526, -18.49214498 ], [ -39.94585853, -18.49222359 ], [ -39.94577725, -18.49236658 ], [ -39.94572657, -18.49245344 ], [ -39.94569813, -18.49250038 ], [ -39.94565666, -18.49257144 ], [ -39.94562536, -18.49262721 ], [ -39.94562077, -18.49263511 ], [ -39.94553721, -18.4927769 ], [ -39.94536398, -18.49307792 ], [ -39.94532175, -18.49314857 ], [ -39.94521715, -18.4933309 ], [ -39.94513857, -18.49346499 ], [ -39.94504719, -18.49362331 ], [ -39.94500055, -18.49370197 ], [ -39.9448775, -18.49391587 ], [ -39.94485866, -18.49394723 ], [ -39.94482518, -18.49400539 ] ] } },
{ "type": "Feature", "properties": { }, "geometry": { "type": "LineString", "coordinates": [ [ -39.94680543, -18.49056483 ], [ -39.94676409, -18.49063535 ], [ -39.94674627, -18.49066726 ], [ -39.94669585, -18.49075425 ], [ -39.9465758, -18.4909594 ], [ -39.94654462, -18.49101523 ], [ -39.94648477, -18.4911179 ], [ -39.94645315, -18.4911735 ], [ -39.94635601, -18.49133911 ], [ -39.94625561, -18.49151332 ], [ -39.94622272, -18.49156825 ], [ -39.94613566, -18.49171852 ], [ -39.94612242, -18.49174251 ], [ -39.94609885, -18.4917817 ], [ -39.94605343, -18.491861 ], [ -39.94600221, -18.49194757 ], [ -39.94598906, -18.4919716 ], [ -39.94593347, -18.49206619 ], [ -39.94588833, -18.49214564 ], [ -39.94582812, -18.49224812 ], [ -39.94575575, -18.49237516 ], [ -39.94567193, -18.49251681 ], [ -39.94557638, -18.49268326 ], [ -39.94551601, -18.49278565 ], [ -39.9454848, -18.49284146 ], [ -39.94548022, -18.49284937 ], [ -39.94540161, -18.49298345 ], [ -39.94533329, -18.4931023 ], [ -39.94526848, -18.49321268 ], [ -39.94521856, -18.49329994 ], [ -39.94511666, -18.49347335 ], [ -39.94508987, -18.49352117 ], [ -39.94503964, -18.49360827 ], [ -39.94496083, -18.49374224 ], [ -39.94488366, -18.49387708 ], [ -39.94483261, -18.49396374 ], [ -39.94481355, -18.49399799 ] ] } },
{ "type": "Feature", "properties": { }, "geometry": { "type": "LineString", "coordinates": [ [ -39.9467888, -18.49056541 ], [ -39.94677625, -18.49058915 ], [ -39.94677156, -18.490597 ], [ -39.94675711, -18.49062035 ], [ -39.94675249, -18.49062824 ], [ -39.94667031, -18.49077076 ], [ -39.94664677, -18.49080997 ], [ -39.94656413, -18.49095225 ], [ -39.94654205, -18.49099222 ], [ -39.94649124, -18.49107901 ], [ -39.94643238, -18.49118219 ], [ -39.94640842, -18.49122117 ], [ -39.94638994, -18.49125273 ], [ -39.9463124, -18.49138737 ], [ -39.94621987, -18.49154508 ], [ -39.94613833, -18.49168794 ], [ -39.94607307, -18.49179808 ], [ -39.9460368, -18.49186155 ], [ -39.94599032, -18.49194029 ], [ -39.94573934, -18.49237584 ], [ -39.9456414, -18.49254102 ], [ -39.9455781, -18.49265219 ], [ -39.94548145, -18.49281806 ], [ -39.94545928, -18.49285799 ], [ -39.94538492, -18.49298398 ], [ -39.94521101, -18.49328464 ], [ -39.94510468, -18.49346605 ], [ -39.94497729, -18.49368799 ], [ -39.94492588, -18.49377445 ], [ -39.94480176, -18.49399049 ] ] } },
{ "type": "Feature", "properties": { }, "geometry": { "type": "LineString", "coordinates": [ [ -39.94677268, -18.49056596 ], [ -39.94676334, -18.49058341 ], [ -39.94673957, -18.49062249 ], [ -39.94667122, -18.49074133 ], [ -39.94662933, -18.49081216 ], [ -39.946424, -18.49116853 ], [ -39.94635367, -18.49128632 ], [ -39.94630869, -18.49136585 ], [ -39.94622062, -18.49151558 ], [ -39.94611614, -18.49169797 ], [ -39.94606016, -18.49179235 ], [ -39.94598719, -18.49191908 ], [ -39.94594981, -18.49198197 ], [ -39.94578575, -18.49226717 ], [ -39.94565633, -18.49248803 ], [ -39.94557853, -18.49262254 ], [ -39.94555956, -18.49265383 ], [ -39.94552842, -18.49270967 ], [ -39.94547314, -18.49280443 ], [ -39.94545559, -18.49283646 ], [ -39.94533019, -18.49304912 ], [ -39.94521663, -18.49324737 ], [ -39.94516074, -18.4933418 ], [ -39.94504676, -18.49353983 ], [ -39.94501855, -18.4935869 ], [ -39.9449595, -18.49368999 ], [ -39.94490829, -18.49377657 ], [ -39.94479019, -18.49398312 ] ] } },
{ "type": "Feature", "properties": { }, "geometry": { "type": "LineString", "coordinates": [ [ -39.94675695, -18.4905665 ], [ -39.94674818, -18.49058192 ], [ -39.94674351, -18.49058979 ], [ -39.94671518, -18.49063679 ], [ -39.94666528, -18.49072405 ], [ -39.94653619, -18.49094509 ], [ -39.94642698, -18.49113531 ], [ -39.9463802, -18.49121389 ], [ -39.94632514, -18.49130876 ], [ -39.94629817, -18.49135649 ], [ -39.94620581, -18.49151429 ], [ -39.94612873, -18.49164918 ], [ -39.94601733, -18.49183824 ], [ -39.94594456, -18.49196507 ], [ -39.94588898, -18.49205966 ], [ -39.94584847, -18.49213123 ], [ -39.94579285, -18.4922258 ], [ -39.94577518, -18.49225777 ], [ -39.94576086, -18.49228119 ], [ -39.94571542, -18.49236048 ], [ -39.94563687, -18.49249459 ], [ -39.94557794, -18.49259774 ], [ -39.94554925, -18.49264455 ], [ -39.94550898, -18.49271623 ], [ -39.94546721, -18.49278713 ], [ -39.94543579, -18.49284284 ], [ -39.94531044, -18.49305552 ], [ -39.94526515, -18.49313489 ], [ -39.94523729, -18.49318215 ], [ -39.94521542, -18.49322223 ], [ -39.94521084, -18.49323014 ], [ -39.94514097, -18.49334817 ], [ -39.94504132, -18.49352277 ], [ -39.94498977, -18.49360916 ], [ -39.94495833, -18.49366486 ], [ -39.94490271, -18.49375943 ], [ -39.94477795, -18.49397533 ] ] } },
{ "type": "Feature", "properties": { }, "geometry": { "type": "LineString", "coordinates": [ [ -39.94674067, -18.49056706 ], [ -39.94670357, -18.49062948 ], [ -39.94663965, -18.49074033 ], [ -39.94656549, -18.49086643 ], [ -39.94646023, -18.49104841 ], [ -39.94642429, -18.49111206 ], [ -39.94633144, -18.4912696 ], [ -39.94630457, -18.49131737 ], [ -39.94618491, -18.49152274 ], [ -39.946094, -18.49168131 ], [ -39.94598252, -18.49187032 ], [ -39.94591466, -18.49198942 ], [ -39.94586825, -18.49206819 ], [ -39.94584591, -18.49210804 ], [ -39.94578101, -18.49221836 ], [ -39.94571725, -18.4923293 ], [ -39.94562027, -18.49249499 ], [ -39.94559348, -18.49254281 ], [ -39.94552875, -18.49265323 ], [ -39.94541936, -18.49284336 ], [ -39.9452942, -18.49305614 ], [ -39.94524914, -18.49313562 ], [ -39.94522563, -18.49317485 ], [ -39.94519862, -18.49322256 ], [ -39.94512918, -18.49334082 ], [ -39.94508461, -18.49342056 ], [ -39.94508005, -18.49342848 ], [ -39.94502956, -18.49351543 ], [ -39.94496883, -18.49361764 ], [ -39.944951, -18.49364953 ], [ -39.94489989, -18.49373616 ], [ -39.944855, -18.49381573 ], [ -39.94476609, -18.49396779 ] ] } },
{ "type": "Feature", "properties": { }, "geometry": { "type": "LineString", "coordinates": [ [ -39.94672471, -18.49056761 ], [ -39.94670581, -18.49059831 ], [ -39.94670117, -18.49060619 ], [ -39.94662339, -18.49074071 ], [ -39.94655372, -18.49085885 ], [ -39.94645291, -18.49103285 ], [ -39.94642182, -18.49108872 ], [ -39.94633794, -18.49123034 ], [ -39.94620601, -18.4914602 ], [ -39.94616853, -18.49152304 ], [ -39.94613706, -18.49157872 ], [ -39.94604554, -18.49173696 ], [ -39.94596194, -18.49187874 ], [ -39.94594423, -18.49191069 ], [ -39.94591163, -18.49196577 ], [ -39.94589838, -18.49198976 ], [ -39.9458659, -18.49204491 ], [ -39.9458251, -18.49211632 ], [ -39.94580606, -18.49214757 ], [ -39.94580145, -18.49215546 ], [ -39.94570582, -18.49232187 ], [ -39.94567758, -18.49236892 ], [ -39.94564576, -18.49242442 ], [ -39.94559472, -18.49251108 ], [ -39.9455772, -18.49254313 ], [ -39.94557268, -18.49255107 ], [ -39.94549943, -18.49267765 ], [ -39.94546668, -18.49273266 ], [ -39.94541223, -18.49282785 ], [ -39.94529638, -18.49302489 ], [ -39.94524205, -18.49312015 ], [ -39.94521387, -18.49316723 ], [ -39.9451679, -18.49324624 ], [ -39.94512275, -18.49332569 ], [ -39.94509951, -18.49336505 ], [ -39.94506824, -18.49342084 ], [ -39.94503569, -18.49347595 ], [ -39.94501767, -18.49350774 ], [ -39.94501304, -18.49351563 ], [ -39.94495696, -18.49360996 ], [ -39.94491138, -18.49368918 ], [ -39.9448788, -18.49374427 ], [ -39.94483872, -18.49381605 ], [ -39.94475389, -18.49396002 ] ] } },
{ "type": "Feature", "properties": { }, "geometry": { "type": "LineString", "coordinates": [ [ -39.9467078, -18.49056819 ], [ -39.94668429, -18.49060679 ], [ -39.94667966, -18.49061468 ], [ -39.94652334, -18.49088331 ], [ -39.94641872, -18.49106562 ], [ -39.94631191, -18.49124678 ], [ -39.94626689, -18.49132629 ], [ -39.94621137, -18.49142091 ], [ -39.94614324, -18.49153987 ], [ -39.94609211, -18.49162648 ], [ -39.94602807, -18.49173727 ], [ -39.94599531, -18.49179226 ], [ -39.94594113, -18.4918876 ], [ -39.94589481, -18.49196642 ], [ -39.94588159, -18.49199042 ], [ -39.94587704, -18.49199835 ], [ -39.94581281, -18.49210903 ], [ -39.94578463, -18.49215612 ], [ -39.94572108, -18.49226716 ], [ -39.94565591, -18.49237734 ], [ -39.94554627, -18.49256734 ], [ -39.94550582, -18.49263893 ], [ -39.94545421, -18.49272529 ], [ -39.94539508, -18.49282834 ], [ -39.94536685, -18.4928754 ], [ -39.94533991, -18.49292314 ], [ -39.94525222, -18.49307308 ], [ -39.94522057, -18.49312867 ], [ -39.94519712, -18.49316793 ], [ -39.94511508, -18.49331052 ], [ -39.9450414, -18.49343687 ], [ -39.94500996, -18.49349257 ], [ -39.94494923, -18.49359477 ], [ -39.9449039, -18.49367412 ], [ -39.94486223, -18.49374507 ], [ -39.9448221, -18.49381683 ], [ -39.94474203, -18.49395248 ] ] } },
{ "type": "Feature", "properties": { }, "geometry": { "type": "LineString", "coordinates": [ [ -39.94669031, -18.49056879 ], [ -39.94657465, -18.4907662 ], [ -39.94654802, -18.49081409 ], [ -39.94647844, -18.49093228 ], [ -39.9463829, -18.49109873 ], [ -39.94629457, -18.49124833 ], [ -39.94624945, -18.49132779 ], [ -39.9461528, -18.49149366 ], [ -39.94612594, -18.49154144 ], [ -39.9460792, -18.49162004 ], [ -39.94602444, -18.49171507 ], [ -39.94597798, -18.49179382 ], [ -39.94593317, -18.49187344 ], [ -39.94588664, -18.49195215 ], [ -39.94580031, -18.49210281 ], [ -39.94577205, -18.49214986 ], [ -39.94574485, -18.49219746 ], [ -39.94571215, -18.49225249 ], [ -39.94568522, -18.49230024 ], [ -39.94563413, -18.49238688 ], [ -39.94548861, -18.49264055 ], [ -39.94543224, -18.49273472 ], [ -39.94537786, -18.49282995 ], [ -39.94534957, -18.49287697 ], [ -39.94528144, -18.49299592 ], [ -39.94523475, -18.49307455 ], [ -39.94521249, -18.49311444 ], [ -39.94514756, -18.49322475 ], [ -39.94509357, -18.49332018 ], [ -39.9450699, -18.49335932 ], [ -39.94496474, -18.49354135 ], [ -39.94494116, -18.49358054 ], [ -39.94487777, -18.49369167 ], [ -39.94485905, -18.49372309 ], [ -39.94485031, -18.49373913 ], [ -39.94483131, -18.4937704 ], [ -39.94480919, -18.49381035 ], [ -39.94472998, -18.49394481 ] ] } },
{ "type": "Feature", "properties": { }, "geometry": { "type": "LineString", "coordinates": [ [ -39.94667348, -18.49056936 ], [ -39.94660916, -18.49068052 ], [ -39.94658097, -18.4907276 ], [ -39.94654941, -18.49078323 ], [ -39.94648045, -18.49090175 ], [ -39.94644322, -18.49096471 ], [ -39.94634761, -18.49113113 ], [ -39.94627786, -18.49124923 ], [ -39.94623733, -18.49132078 ], [ -39.94620918, -18.49136788 ], [ -39.9461959, -18.49139185 ], [ -39.94614052, -18.49148655 ], [ -39.94612736, -18.49151058 ], [ -39.94596576, -18.49178675 ], [ -39.94593932, -18.49183475 ], [ -39.94586539, -18.49196097 ], [ -39.94578391, -18.49210386 ], [ -39.94576003, -18.49214288 ], [ -39.94561741, -18.49238775 ], [ -39.94549943, -18.492594 ], [ -39.94541545, -18.49273557 ], [ -39.94535649, -18.4928387 ], [ -39.94534687, -18.49285427 ], [ -39.94526458, -18.49299674 ], [ -39.94522727, -18.49305966 ], [ -39.94520038, -18.49310743 ], [ -39.94513104, -18.49322575 ], [ -39.94509526, -18.49328948 ], [ -39.94505342, -18.49336034 ], [ -39.94500814, -18.49343972 ], [ -39.94490628, -18.49361316 ], [ -39.94486151, -18.49369279 ], [ -39.9448284, -18.4937476 ], [ -39.944797, -18.49380332 ], [ -39.9447733, -18.49384244 ], [ -39.9447186, -18.49393757 ] ] } },
{ "type": "Feature", "properties": { }, "geometry": { "type": "LineString", "coordinates": [ [ -39.94665734, -18.49056992 ], [ -39.94662015, -18.49063327 ], [ -39.9465887, -18.49068897 ], [ -39.94649135, -18.49085446 ], [ -39.94646452, -18.49090226 ], [ -39.9464136, -18.49098899 ], [ -39.9463317, -18.49113165 ], [ -39.94626662, -18.49124189 ], [ -39.94621683, -18.49132921 ], [ -39.94617027, -18.49140791 ], [ -39.94611581, -18.49150309 ], [ -39.94599566, -18.49170819 ], [ -39.94597331, -18.49174803 ], [ -39.94595445, -18.49177938 ], [ -39.94590975, -18.49185905 ], [ -39.94587677, -18.49191393 ], [ -39.94583159, -18.49199336 ], [ -39.94579434, -18.49205632 ], [ -39.94571689, -18.49219101 ], [ -39.94567509, -18.49226189 ], [ -39.94558381, -18.49242027 ], [ -39.94551921, -18.49253075 ], [ -39.94545572, -18.49264183 ], [ -39.9453624, -18.49279912 ], [ -39.94532648, -18.49286278 ], [ -39.94526694, -18.49296561 ], [ -39.94523419, -18.49302061 ], [ -39.94517982, -18.49311585 ], [ -39.9451193, -18.49321816 ], [ -39.94507892, -18.49328979 ], [ -39.94504183, -18.49335283 ], [ -39.94499197, -18.49344012 ], [ -39.94489016, -18.49361359 ], [ -39.94484983, -18.49368524 ], [ -39.94480782, -18.49375602 ], [ -39.9447764, -18.49381172 ], [ -39.94473045, -18.49389074 ], [ -39.94470668, -18.49392998 ] ] } },
{ "type": "Feature", "properties": { }, "geometry": { "type": "LineString", "coordinates": [ [ -39.94664071, -18.49057049 ], [ -39.94660381, -18.49063369 ], [ -39.94658154, -18.49067356 ], [ -39.94655795, -18.49071274 ], [ -39.94647496, -18.49085483 ], [ -39.94644803, -18.49090258 ], [ -39.9463925, -18.4909972 ], [ -39.94632435, -18.49111615 ], [ -39.94628716, -18.49117913 ], [ -39.94621866, -18.49129789 ], [ -39.94618592, -18.49135291 ], [ -39.94609019, -18.49151926 ], [ -39.94606663, -18.49155845 ], [ -39.94600288, -18.49166939 ], [ -39.94594725, -18.49176396 ], [ -39.94588826, -18.49186708 ], [ -39.94580488, -18.49200897 ], [ -39.94575077, -18.49210433 ], [ -39.94562135, -18.4923252 ], [ -39.94548486, -18.49256298 ], [ -39.94534603, -18.49279953 ], [ -39.94529188, -18.49289488 ], [ -39.94522715, -18.4930053 ], [ -39.94516831, -18.4931085 ], [ -39.94512587, -18.49317904 ], [ -39.94506277, -18.49329032 ], [ -39.94502987, -18.49334524 ], [ -39.94497571, -18.49344058 ], [ -39.94488764, -18.49359032 ], [ -39.9448105, -18.49372517 ], [ -39.94475041, -18.49382771 ], [ -39.94473334, -18.49385999 ], [ -39.94472305, -18.49387516 ], [ -39.94469469, -18.49392235 ] ] } },
{ "type": "Feature", "properties": { }, "geometry": { "type": "LineString", "coordinates": [ [ -39.94662382, -18.49057107 ], [ -39.94654171, -18.49071322 ], [ -39.94646292, -18.4908472 ], [ -39.94643153, -18.49090292 ], [ -39.94637574, -18.4909974 ], [ -39.94630798, -18.49111655 ], [ -39.94627975, -18.49116361 ], [ -39.94624805, -18.49121917 ], [ -39.94613718, -18.49140851 ], [ -39.94607819, -18.49151163 ], [ -39.94604083, -18.49157453 ], [ -39.9459958, -18.49165403 ], [ -39.94582991, -18.49193827 ], [ -39.94582129, -18.49195437 ], [ -39.94577954, -18.49202528 ], [ -39.94569309, -18.49217587 ], [ -39.94560497, -18.49232558 ], [ -39.94557806, -18.49237334 ], [ -39.94550886, -18.49249173 ], [ -39.94546841, -18.49256332 ], [ -39.94537615, -18.49272118 ], [ -39.94533835, -18.49278384 ], [ -39.94528009, -18.49288734 ], [ -39.94522441, -18.49298188 ], [ -39.94515655, -18.49310097 ], [ -39.94510492, -18.49318731 ], [ -39.94499517, -18.49337726 ], [ -39.94496859, -18.49342518 ], [ -39.94486649, -18.49359849 ], [ -39.94479389, -18.49372541 ], [ -39.94474298, -18.49381215 ], [ -39.94473003, -18.49383628 ], [ -39.94470185, -18.49388337 ], [ -39.94468222, -18.49391441 ] ] } },
{ "type": "Feature", "properties": { }, "geometry": { "type": "LineString", "coordinates": [ [ -39.94660675, -18.49057166 ], [ -39.94648852, -18.49077717 ], [ -39.94645554, -18.49083204 ], [ -39.94641991, -18.49089585 ], [ -39.94635466, -18.49100599 ], [ -39.94627744, -18.4911408 ], [ -39.94621257, -18.49125115 ], [ -39.94613499, -18.49138577 ], [ -39.94611614, -18.49141713 ], [ -39.9460617, -18.49151232 ], [ -39.9460242, -18.49157514 ], [ -39.94597014, -18.49167054 ], [ -39.945919, -18.49175715 ], [ -39.94588752, -18.49181282 ], [ -39.94580397, -18.49195462 ], [ -39.94569939, -18.49213695 ], [ -39.9455884, -18.49232623 ], [ -39.9455431, -18.4924056 ], [ -39.94549688, -18.49248448 ], [ -39.94546092, -18.49254811 ], [ -39.94538265, -18.49268237 ], [ -39.94536487, -18.49271429 ], [ -39.94531749, -18.49279254 ], [ -39.9451398, -18.49310154 ], [ -39.94510242, -18.49316442 ], [ -39.94506181, -18.49323593 ], [ -39.94501972, -18.49330666 ], [ -39.94489193, -18.49352838 ], [ -39.9448594, -18.49358351 ], [ -39.94483243, -18.49363124 ], [ -39.94474497, -18.4937813 ], [ -39.94472753, -18.49381339 ], [ -39.94472221, -18.49382087 ], [ -39.9446691, -18.49390606 ] ] } },
{ "type": "Feature", "properties": { }, "geometry": { "type": "LineString", "coordinates": [ [ -39.94659061, -18.49057221 ], [ -39.94651743, -18.49069823 ], [ -39.94646765, -18.49078555 ], [ -39.94643932, -18.49083256 ], [ -39.94639916, -18.4909043 ], [ -39.94634754, -18.49099065 ], [ -39.94628352, -18.49110145 ], [ -39.9462705, -18.49112554 ], [ -39.94620056, -18.49124354 ], [ -39.9461737, -18.49129132 ], [ -39.94601728, -18.4915599 ], [ -39.94596285, -18.4916551 ], [ -39.94578735, -18.49195492 ], [ -39.94576049, -18.4920027 ], [ -39.94559031, -18.492295 ], [ -39.94555864, -18.49235058 ], [ -39.94554441, -18.49237404 ], [ -39.94535283, -18.49270669 ], [ -39.94528747, -18.49281677 ], [ -39.94524213, -18.49289611 ], [ -39.9451821, -18.49299869 ], [ -39.94513243, -18.49308607 ], [ -39.94508596, -18.49316482 ], [ -39.9450592, -18.49321265 ], [ -39.9449804, -18.49334663 ], [ -39.94486165, -18.49355247 ], [ -39.94485307, -18.49356859 ], [ -39.94484345, -18.49358416 ], [ -39.94473789, -18.49376598 ], [ -39.94471562, -18.49380586 ], [ -39.94465676, -18.49389821 ] ] } },
{ "type": "Feature", "properties": { }, "geometry": { "type": "LineString", "coordinates": [ [ -39.94657446, -18.49057276 ], [ -39.94651008, -18.49068277 ], [ -39.94646035, -18.49077012 ], [ -39.94642766, -18.49082515 ], [ -39.94639171, -18.49088879 ], [ -39.94635416, -18.49095159 ], [ -39.94624908, -18.49113366 ], [ -39.94622542, -18.49117281 ], [ -39.94616185, -18.49128384 ], [ -39.94607884, -18.49142592 ], [ -39.9460656, -18.49144991 ], [ -39.94598299, -18.4915922 ], [ -39.9459228, -18.49169469 ], [ -39.94587288, -18.49178195 ], [ -39.94583087, -18.49185272 ], [ -39.94574881, -18.49199531 ], [ -39.94563803, -18.4921847 ], [ -39.94550061, -18.49242199 ], [ -39.94545539, -18.4925014 ], [ -39.94537233, -18.49264346 ], [ -39.94533159, -18.4927149 ], [ -39.94526635, -18.49282505 ], [ -39.94523022, -18.4928886 ], [ -39.9451794, -18.49297538 ], [ -39.94514792, -18.49303106 ], [ -39.94507412, -18.49315734 ], [ -39.94502441, -18.49324471 ], [ -39.94494122, -18.49338669 ], [ -39.94476754, -18.49368748 ], [ -39.94472105, -18.49376621 ], [ -39.94469914, -18.49380627 ], [ -39.94464572, -18.49389119 ] ] } },
{ "type": "Feature", "properties": { }, "geometry": { "type": "LineString", "coordinates": [ [ -39.94655791, -18.49057333 ], [ -39.94650831, -18.49066015 ], [ -39.94647548, -18.49071512 ], [ -39.9463795, -18.49088134 ], [ -39.94633287, -18.49096 ], [ -39.94626951, -18.49107114 ], [ -39.94620899, -18.49117345 ], [ -39.94614597, -18.49128476 ], [ -39.94609918, -18.49136334 ], [ -39.94605865, -18.49143489 ], [ -39.94596152, -18.4916005 ], [ -39.94594381, -18.49163246 ], [ -39.94582847, -18.49182977 ], [ -39.94573728, -18.4919882 ], [ -39.94563997, -18.49215371 ], [ -39.94560384, -18.49221726 ], [ -39.94558503, -18.49224864 ], [ -39.94557184, -18.49227265 ], [ -39.94549327, -18.49240675 ], [ -39.94543453, -18.49251 ], [ -39.94539703, -18.49257282 ], [ -39.94531034, -18.49272329 ], [ -39.94524997, -18.49282569 ], [ -39.94521384, -18.49288924 ], [ -39.94516304, -18.49297602 ], [ -39.94509975, -18.4930872 ], [ -39.94505338, -18.493166 ], [ -39.9450085, -18.49324559 ], [ -39.94494779, -18.49334779 ], [ -39.94485205, -18.49351414 ], [ -39.94471375, -18.49375098 ], [ -39.9446778, -18.49381462 ], [ -39.94463456, -18.49388408 ] ] } },
{ "type": "Feature", "properties": { }, "geometry": { "type": "LineString", "coordinates": [ [ -39.94654168, -18.49057389 ], [ -39.94639073, -18.49083442 ], [ -39.9463121, -18.49096849 ], [ -39.94626233, -18.49105582 ], [ -39.94620174, -18.4911581 ], [ -39.94613873, -18.49126942 ], [ -39.94607393, -18.4913798 ], [ -39.9457945, -18.49186231 ], [ -39.94576637, -18.49190942 ], [ -39.94572542, -18.49198075 ], [ -39.94561927, -18.49216226 ], [ -39.94558795, -18.49221802 ], [ -39.9455413, -18.49229667 ], [ -39.9454453, -18.49246288 ], [ -39.94542753, -18.49249481 ], [ -39.94540391, -18.49253397 ], [ -39.94529417, -18.49272391 ], [ -39.9451651, -18.49294496 ], [ -39.94508327, -18.49308767 ], [ -39.94505069, -18.49314276 ], [ -39.9450149, -18.49320649 ], [ -39.9449681, -18.49328505 ], [ -39.94489975, -18.49340389 ], [ -39.94478438, -18.49360119 ], [ -39.94473037, -18.49369661 ], [ -39.94471141, -18.4937279 ], [ -39.94466112, -18.49381496 ], [ -39.94462363, -18.49387713 ] ] } },
{ "type": "Feature", "properties": { }, "geometry": { "type": "LineString", "coordinates": [ [ -39.94652553, -18.49057444 ], [ -39.94650276, -18.49061346 ], [ -39.94647596, -18.49066128 ], [ -39.94641069, -18.4907714 ], [ -39.94629583, -18.49096897 ], [ -39.94626892, -18.49101673 ], [ -39.94626432, -18.49102463 ], [ -39.94620372, -18.49112689 ], [ -39.94609046, -18.4913253 ], [ -39.94606219, -18.49137234 ], [ -39.94600692, -18.4914671 ], [ -39.94598466, -18.49150698 ], [ -39.9459801, -18.4915149 ], [ -39.94590599, -18.49164103 ], [ -39.94587466, -18.49169677 ], [ -39.94577349, -18.49187059 ], [ -39.94574531, -18.49191767 ], [ -39.94570447, -18.49198907 ], [ -39.94566717, -18.49205199 ], [ -39.94558548, -18.49219478 ], [ -39.9455341, -18.49228125 ], [ -39.94551165, -18.49232104 ], [ -39.94547932, -18.49237626 ], [ -39.94545713, -18.49241618 ], [ -39.94543385, -18.49245553 ], [ -39.94541601, -18.49248742 ], [ -39.94531876, -18.49265297 ], [ -39.94528291, -18.49271666 ], [ -39.94525923, -18.49275579 ], [ -39.94521352, -18.49283494 ], [ -39.94519933, -18.49285843 ], [ -39.94513568, -18.49296942 ], [ -39.94505729, -18.49310361 ], [ -39.94500306, -18.49319892 ], [ -39.94494698, -18.49329325 ], [ -39.94488796, -18.49339635 ], [ -39.94481391, -18.49352251 ], [ -39.94472282, -18.49368098 ], [ -39.94467641, -18.49375976 ], [ -39.94465394, -18.49379954 ], [ -39.94461178, -18.49386959 ] ] } },
{ "type": "Feature", "properties": { }, "geometry": { "type": "LineString", "coordinates": [ [ -39.94650955, -18.49057499 ], [ -39.94649554, -18.49059796 ], [ -39.94643155, -18.49070878 ], [ -39.94640797, -18.49074796 ], [ -39.94636275, -18.49082737 ], [ -39.94627478, -18.49097716 ], [ -39.94622955, -18.49105656 ], [ -39.94619674, -18.49111153 ], [ -39.9460691, -18.49133333 ], [ -39.94598108, -18.4914831 ], [ -39.9458443, -18.49172073 ], [ -39.94567834, -18.49200493 ], [ -39.94557819, -18.49217928 ], [ -39.94553584, -18.49224986 ], [ -39.94539469, -18.49249552 ], [ -39.94532964, -18.49260577 ], [ -39.94526616, -18.49271685 ], [ -39.94522419, -18.49278764 ], [ -39.94508245, -18.49303299 ], [ -39.94503612, -18.49311181 ], [ -39.94497297, -18.49322306 ], [ -39.94493969, -18.49327777 ], [ -39.94487167, -18.49339678 ], [ -39.94481579, -18.49349122 ], [ -39.94477053, -18.4935706 ], [ -39.94460034, -18.49386231 ] ] } },
{ "type": "Feature", "properties": { }, "geometry": { "type": "LineString", "coordinates": [ [ -39.94649193, -18.4905756 ], [ -39.94641911, -18.49070181 ], [ -39.94639574, -18.4907411 ], [ -39.94636887, -18.49078888 ], [ -39.94631747, -18.49087535 ], [ -39.94620799, -18.49106543 ], [ -39.94615213, -18.49115987 ], [ -39.94605702, -18.49132655 ], [ -39.94597788, -18.49146034 ], [ -39.94592359, -18.49155562 ], [ -39.94588622, -18.49161851 ], [ -39.94582273, -18.49172958 ], [ -39.94579461, -18.4917767 ], [ -39.94574451, -18.49186386 ], [ -39.94571191, -18.49191894 ], [ -39.94558405, -18.49214063 ], [ -39.94552799, -18.49223497 ], [ -39.94546051, -18.49235426 ], [ -39.94540463, -18.4924487 ], [ -39.94538242, -18.4924886 ], [ -39.94531719, -18.49259876 ], [ -39.94518033, -18.49283635 ], [ -39.94512899, -18.49292285 ], [ -39.94508403, -18.49300239 ], [ -39.94504672, -18.49306531 ], [ -39.94492784, -18.49327109 ], [ -39.94492324, -18.49327899 ], [ -39.94490436, -18.49331033 ], [ -39.94485465, -18.49339769 ], [ -39.94479405, -18.49349996 ], [ -39.94475365, -18.49357158 ], [ -39.94473476, -18.49360291 ], [ -39.94466171, -18.4937296 ], [ -39.94458843, -18.49385473 ] ] } },
{ "type": "Feature", "properties": { }, "geometry": { "type": "LineString", "coordinates": [ [ -39.94647398, -18.49057621 ], [ -39.94642451, -18.4906631 ], [ -39.94637843, -18.49074206 ], [ -39.9463652, -18.49076605 ], [ -39.94624979, -18.49096332 ], [ -39.9461995, -18.49105038 ], [ -39.94618628, -18.49107438 ], [ -39.94614865, -18.49113713 ], [ -39.94600718, -18.49138262 ], [ -39.94597904, -18.49142973 ], [ -39.9459108, -18.49154863 ], [ -39.94587362, -18.49161162 ], [ -39.9458146, -18.49171473 ], [ -39.9456486, -18.4919989 ], [ -39.94560773, -18.49207028 ], [ -39.94557493, -18.49212525 ], [ -39.94552437, -18.49221217 ], [ -39.94547025, -18.49230753 ], [ -39.94530465, -18.49259192 ], [ -39.94524568, -18.49269506 ], [ -39.9452411, -18.49270296 ], [ -39.94521284, -18.49275001 ], [ -39.94514449, -18.49286885 ], [ -39.94513988, -18.49287674 ], [ -39.94512096, -18.49290806 ], [ -39.94507118, -18.49299539 ], [ -39.94503842, -18.49305039 ], [ -39.94499316, -18.49312977 ], [ -39.94496041, -18.49318477 ], [ -39.944851, -18.49337489 ], [ -39.9447765, -18.4935008 ], [ -39.94474961, -18.49354857 ], [ -39.94464857, -18.49372245 ], [ -39.94462618, -18.49376227 ], [ -39.94461182, -18.49378566 ], [ -39.94457617, -18.49384693 ] ] } },
{ "type": "Feature", "properties": { }, "geometry": { "type": "LineString", "coordinates": [ [ -39.94645806, -18.49057676 ], [ -39.94631191, -18.4908295 ], [ -39.9462193, -18.49098717 ], [ -39.94617416, -18.49106662 ], [ -39.94613193, -18.49113727 ], [ -39.94599977, -18.49136701 ], [ -39.94596697, -18.49142199 ], [ -39.94594479, -18.49146191 ], [ -39.94592148, -18.49150125 ], [ -39.94589904, -18.49154104 ], [ -39.9458663, -18.49159605 ], [ -39.94581631, -18.49168327 ], [ -39.94565012, -18.49196734 ], [ -39.94560945, -18.49203882 ], [ -39.94554914, -18.49214124 ], [ -39.9454354, -18.4923394 ], [ -39.945412, -18.49237869 ], [ -39.94537139, -18.4924502 ], [ -39.94528802, -18.49259209 ], [ -39.94517891, -18.49278236 ], [ -39.94517432, -18.49279026 ], [ -39.94515074, -18.49282945 ], [ -39.94509603, -18.49292451 ], [ -39.9450264, -18.49304267 ], [ -39.94497664, -18.49313 ], [ -39.94490713, -18.49324823 ], [ -39.94479765, -18.49343831 ], [ -39.94475119, -18.49351706 ], [ -39.94472415, -18.49356475 ], [ -39.94469146, -18.49361979 ], [ -39.94464168, -18.49370711 ], [ -39.94456437, -18.49383942 ] ] } },
{ "type": "Feature", "properties": { }, "geometry": { "type": "LineString", "coordinates": [ [ -39.94644148, -18.49057733 ], [ -39.94637809, -18.49068785 ], [ -39.94612011, -18.49113004 ], [ -39.94601544, -18.49131233 ], [ -39.94595499, -18.49141467 ], [ -39.94588718, -18.49153379 ], [ -39.94584523, -18.4916046 ], [ -39.94570333, -18.49184986 ], [ -39.94561077, -18.49200755 ], [ -39.94557916, -18.49206316 ], [ -39.94549163, -18.49221319 ], [ -39.94546027, -18.49226892 ], [ -39.94540002, -18.49237138 ], [ -39.94535494, -18.49245086 ], [ -39.94527618, -18.49258485 ], [ -39.94522191, -18.49268014 ], [ -39.94518943, -18.49273529 ], [ -39.94516252, -18.49278305 ], [ -39.94513425, -18.49283009 ], [ -39.94508417, -18.49291725 ], [ -39.9450372, -18.49299573 ], [ -39.94497427, -18.4931071 ], [ -39.94494131, -18.49316198 ], [ -39.94478125, -18.49343897 ], [ -39.94474398, -18.49350192 ], [ -39.94471225, -18.49355746 ], [ -39.94467486, -18.49362034 ], [ -39.9446073, -18.49373959 ], [ -39.94455196, -18.49383152 ] ] } },
{ "type": "Feature", "properties": { }, "geometry": { "type": "LineString", "coordinates": [ [ -39.94642519, -18.49057789 ], [ -39.94629282, -18.49080692 ], [ -39.94626001, -18.49086189 ], [ -39.94619148, -18.49098063 ], [ -39.94612657, -18.49109096 ], [ -39.94601277, -18.49128908 ], [ -39.94594784, -18.4913994 ], [ -39.94590205, -18.49147851 ], [ -39.94587522, -18.4915263 ], [ -39.9458335, -18.49159723 ], [ -39.94579715, -18.49166066 ], [ -39.94576446, -18.4917157 ], [ -39.94565486, -18.49190572 ], [ -39.94559427, -18.49200799 ], [ -39.9455673, -18.49205572 ], [ -39.94546197, -18.49223766 ], [ -39.94540639, -18.49233225 ], [ -39.9453568, -18.49241968 ], [ -39.9453056, -18.49250625 ], [ -39.94522376, -18.49264895 ], [ -39.945182, -18.49271986 ], [ -39.94515502, -18.49276758 ], [ -39.94513166, -18.49280689 ], [ -39.94509082, -18.49287828 ], [ -39.94501641, -18.49300424 ], [ -39.94496215, -18.49309953 ], [ -39.94495756, -18.49310744 ], [ -39.94493391, -18.49314659 ], [ -39.94485659, -18.49328134 ], [ -39.94481468, -18.49335217 ], [ -39.94476493, -18.49343951 ], [ -39.94476034, -18.49344742 ], [ -39.94473676, -18.4934866 ], [ -39.94469115, -18.49356581 ], [ -39.94466772, -18.49360508 ], [ -39.94460001, -18.49372424 ], [ -39.9445401, -18.49382398 ] ] } },
{ "type": "Feature", "properties": { }, "geometry": { "type": "LineString", "coordinates": [ [ -39.94640867, -18.49057845 ], [ -39.94639123, -18.49060996 ], [ -39.94634463, -18.49068864 ], [ -39.94619771, -18.49094158 ], [ -39.94618436, -18.49096551 ], [ -39.9461191, -18.49107564 ], [ -39.94604639, -18.49120251 ], [ -39.94601855, -18.49124978 ], [ -39.94598261, -18.49131342 ], [ -39.94592244, -18.49141592 ], [ -39.94584966, -18.49154275 ], [ -39.94582166, -18.49158993 ], [ -39.94573489, -18.49174036 ], [ -39.94572065, -18.49176382 ], [ -39.94565714, -18.49187488 ], [ -39.94558257, -18.49200076 ], [ -39.94547808, -18.49218314 ], [ -39.94539015, -18.49233296 ], [ -39.94533592, -18.49242826 ], [ -39.94531232, -18.49246744 ], [ -39.945276, -18.49253089 ], [ -39.94524781, -18.49257797 ], [ -39.94511562, -18.4928077 ], [ -39.94500434, -18.49299682 ], [ -39.94488178, -18.49321098 ], [ -39.94480313, -18.49334503 ], [ -39.94477149, -18.49340062 ], [ -39.94467009, -18.49357431 ], [ -39.94460664, -18.49368541 ], [ -39.94452825, -18.49381643 ] ] } },
{ "type": "Feature", "properties": { }, "geometry": { "type": "LineString", "coordinates": [ [ -39.94639168, -18.49057904 ], [ -39.94635617, -18.49064231 ], [ -39.94635158, -18.49065022 ], [ -39.9463373, -18.49067365 ], [ -39.9462178, -18.4908791 ], [ -39.94617708, -18.49095055 ], [ -39.94607948, -18.49111591 ], [ -39.94607494, -18.49112385 ], [ -39.94606178, -18.49114787 ], [ -39.94604308, -18.49117931 ], [ -39.94599332, -18.49126664 ], [ -39.9459423, -18.49135332 ], [ -39.94589262, -18.4914407 ], [ -39.94579591, -18.49160653 ], [ -39.94575542, -18.49167811 ], [ -39.94572256, -18.49173305 ], [ -39.94562198, -18.49190717 ], [ -39.94555237, -18.49202534 ], [ -39.94547976, -18.49215226 ], [ -39.94539202, -18.49230217 ], [ -39.94532853, -18.49241325 ], [ -39.94523104, -18.49257866 ], [ -39.94510839, -18.49279277 ], [ -39.94499235, -18.49298971 ], [ -39.94485161, -18.49323558 ], [ -39.94470388, -18.49348809 ], [ -39.94460821, -18.49365448 ], [ -39.94458005, -18.49370157 ], [ -39.94453874, -18.49377272 ], [ -39.94451665, -18.49380905 ] ] } },
{ "type": "Feature", "properties": { }, "geometry": { "type": "LineString", "coordinates": [ [ -39.94637485, -18.49057962 ], [ -39.94636201, -18.49060322 ], [ -39.94631171, -18.49069028 ], [ -39.94621903, -18.4908479 ], [ -39.94616932, -18.49093527 ], [ -39.94610428, -18.49104552 ], [ -39.94604947, -18.49114053 ], [ -39.94602131, -18.49118762 ], [ -39.94598112, -18.49125935 ], [ -39.94594384, -18.49132229 ], [ -39.94590305, -18.49139371 ], [ -39.94583367, -18.491512 ], [ -39.94580676, -18.49155976 ], [ -39.94575166, -18.49165461 ], [ -39.94571402, -18.49171735 ], [ -39.94532941, -18.49238188 ], [ -39.94528273, -18.49246051 ], [ -39.94518622, -18.49262645 ], [ -39.94507726, -18.4928168 ], [ -39.94504428, -18.49287168 ], [ -39.94492119, -18.49308556 ], [ -39.94487931, -18.4931564 ], [ -39.94481603, -18.49326758 ], [ -39.94474184, -18.49339366 ], [ -39.94471472, -18.49344131 ], [ -39.94471009, -18.49344919 ], [ -39.94469583, -18.49347265 ], [ -39.94460947, -18.49362329 ], [ -39.9445671, -18.49369386 ], [ -39.94453118, -18.49375752 ], [ -39.94450503, -18.49380165 ] ] } },
{ "type": "Feature", "properties": { }, "geometry": { "type": "LineString", "coordinates": [ [ -39.94635864, -18.49058017 ], [ -39.94630898, -18.49066696 ], [ -39.94626232, -18.49074561 ], [ -39.94620722, -18.49084045 ], [ -39.94617114, -18.49090403 ], [ -39.94612013, -18.49099071 ], [ -39.94603318, -18.49114104 ], [ -39.94600969, -18.49118028 ], [ -39.94596936, -18.49125193 ], [ -39.94591351, -18.49134638 ], [ -39.94581807, -18.49151288 ], [ -39.94566994, -18.49176518 ], [ -39.94559664, -18.49189174 ], [ -39.94556516, -18.4919474 ], [ -39.94544994, -18.49214478 ], [ -39.9453266, -18.49235853 ], [ -39.94525263, -18.49248473 ], [ -39.94521224, -18.49255635 ], [ -39.9450001, -18.49291945 ], [ -39.94491881, -18.49306244 ], [ -39.94486775, -18.49314909 ], [ -39.94483204, -18.49321286 ], [ -39.94478086, -18.49329944 ], [ -39.94470294, -18.49343389 ], [ -39.94468406, -18.49346522 ], [ -39.94461147, -18.49359215 ], [ -39.94455972, -18.49367843 ], [ -39.9444933, -18.49379419 ] ] } },
{ "type": "Feature", "properties": { }, "geometry": { "type": "LineString", "coordinates": [ [ -39.94634246, -18.49058073 ], [ -39.94628799, -18.49067531 ], [ -39.94625073, -18.49073826 ], [ -39.94610384, -18.49099121 ], [ -39.94608133, -18.49103097 ], [ -39.94591089, -18.49132313 ], [ -39.94587496, -18.49138678 ], [ -39.94576491, -18.49157656 ], [ -39.94570874, -18.49167084 ], [ -39.94554425, -18.49195581 ], [ -39.94550233, -18.49202664 ], [ -39.94538345, -18.49223241 ], [ -39.94534626, -18.4922954 ], [ -39.94524103, -18.49247739 ], [ -39.94520974, -18.49253316 ], [ -39.94498839, -18.49291206 ], [ -39.94490708, -18.49305503 ], [ -39.94486056, -18.49313375 ], [ -39.94482027, -18.49320543 ], [ -39.94466305, -18.49347358 ], [ -39.94461308, -18.49356081 ], [ -39.94455735, -18.49365533 ], [ -39.94453477, -18.49369505 ], [ -39.94450645, -18.49374205 ], [ -39.94448079, -18.49378623 ] ] } },
{ "type": "Feature", "properties": { }, "geometry": { "type": "LineString", "coordinates": [ [ -39.94632626, -18.49058128 ], [ -39.94629384, -18.49063586 ], [ -39.94625773, -18.49069941 ], [ -39.94619756, -18.49080192 ], [ -39.94600517, -18.49113413 ], [ -39.94593095, -18.4912602 ], [ -39.94586776, -18.49137143 ], [ -39.94579906, -18.49149008 ], [ -39.94566032, -18.49172668 ], [ -39.94557852, -18.4918694 ], [ -39.94549052, -18.49201917 ], [ -39.94536726, -18.49223296 ], [ -39.94532058, -18.4923116 ], [ -39.94528454, -18.49237519 ], [ -39.94525659, -18.4924224 ], [ -39.94517017, -18.49257301 ], [ -39.94514214, -18.49262018 ], [ -39.94504614, -18.49278639 ], [ -39.94495829, -18.49293625 ], [ -39.94489062, -18.49305544 ], [ -39.94485776, -18.49311038 ], [ -39.94480374, -18.49320579 ], [ -39.94465109, -18.49346604 ], [ -39.94459683, -18.49356133 ], [ -39.94457798, -18.49359268 ], [ -39.94456468, -18.49361664 ], [ -39.94456002, -18.4936245 ], [ -39.94455016, -18.49363994 ], [ -39.9445454, -18.49364775 ], [ -39.944486, -18.49375066 ], [ -39.94448132, -18.49375852 ], [ -39.94446888, -18.49377865 ] ] } },
{ "type": "Feature", "properties": { }, "geometry": { "type": "LineString", "coordinates": [ [ -39.94630999, -18.49058184 ], [ -39.94627744, -18.49063634 ], [ -39.94619927, -18.49077065 ], [ -39.94617682, -18.49081044 ], [ -39.94610306, -18.49093675 ], [ -39.94606724, -18.49100046 ], [ -39.94606264, -18.49100836 ], [ -39.94604362, -18.49103962 ], [ -39.94591909, -18.49125274 ], [ -39.94583734, -18.49139548 ], [ -39.94580024, -18.49145852 ], [ -39.94576879, -18.49151421 ], [ -39.94574072, -18.49156136 ], [ -39.94570438, -18.4916248 ], [ -39.94565766, -18.49170341 ], [ -39.94557104, -18.49185391 ], [ -39.94549232, -18.49198793 ], [ -39.94546088, -18.49204363 ], [ -39.94543276, -18.49209075 ], [ -39.94539201, -18.49216218 ], [ -39.94524489, -18.49241502 ], [ -39.94521349, -18.49247073 ], [ -39.94520889, -18.49247863 ], [ -39.94519463, -18.49250208 ], [ -39.94513032, -18.49261273 ], [ -39.94508511, -18.49269214 ], [ -39.9450525, -18.49274722 ], [ -39.94503009, -18.49278702 ], [ -39.94494642, -18.49292875 ], [ -39.94489239, -18.49302416 ], [ -39.94484587, -18.49310288 ], [ -39.94472731, -18.49330882 ], [ -39.94469459, -18.49336384 ], [ -39.94464454, -18.49345103 ], [ -39.94454268, -18.49362447 ], [ -39.94449271, -18.4937117 ], [ -39.94448809, -18.49371959 ], [ -39.94445705, -18.49377112 ] ] } },
{ "type": "Feature", "properties": { }, "geometry": { "type": "LineString", "coordinates": [ [ -39.94629353, -18.49058241 ], [ -39.94618707, -18.49076314 ], [ -39.94610994, -18.490898 ], [ -39.94608203, -18.49094523 ], [ -39.94605538, -18.49099312 ], [ -39.94605079, -18.49100103 ], [ -39.94601771, -18.49105585 ], [ -39.94597215, -18.49113508 ], [ -39.94590712, -18.49124533 ], [ -39.94587573, -18.49130105 ], [ -39.94583873, -18.49136415 ], [ -39.94583424, -18.4913721 ], [ -39.94582556, -18.49138817 ], [ -39.94582105, -18.49139611 ], [ -39.94578813, -18.49145103 ], [ -39.94569705, -18.4916095 ], [ -39.94563655, -18.49171182 ], [ -39.94559115, -18.49179114 ], [ -39.94547584, -18.49198847 ], [ -39.94545818, -18.49202045 ], [ -39.94543018, -18.49206763 ], [ -39.9453849, -18.49214701 ], [ -39.94530169, -18.49228898 ], [ -39.94523756, -18.49239972 ], [ -39.94521073, -18.49244752 ], [ -39.94511828, -18.49260528 ], [ -39.94508228, -18.49266889 ], [ -39.94502689, -18.49276359 ], [ -39.94498149, -18.4928429 ], [ -39.9449392, -18.49291352 ], [ -39.94493461, -18.49292143 ], [ -39.94490785, -18.49296926 ], [ -39.94485737, -18.49305622 ], [ -39.94482463, -18.49311123 ], [ -39.94472921, -18.49327774 ], [ -39.94466413, -18.49338798 ], [ -39.94460021, -18.49349883 ], [ -39.94454002, -18.49360131 ], [ -39.9444946, -18.49368062 ], [ -39.94447561, -18.49371189 ], [ -39.9444455, -18.49376377 ] ] } },
{ "type": "Feature", "properties": { }, "geometry": { "type": "LineString", "coordinates": [ [ -39.94627642, -18.49058299 ], [ -39.94624388, -18.4906375 ], [ -39.94623932, -18.49064542 ], [ -39.94622603, -18.49066938 ], [ -39.94622141, -18.49067727 ], [ -39.94620706, -18.49070068 ], [ -39.94620244, -18.49070857 ], [ -39.94618455, -18.49074043 ], [ -39.94616565, -18.49077175 ], [ -39.94609333, -18.49089882 ], [ -39.9460745, -18.49093019 ], [ -39.94606991, -18.49093809 ], [ -39.94604764, -18.49097797 ], [ -39.94604307, -18.49098589 ], [ -39.945987, -18.49108022 ], [ -39.94595094, -18.4911438 ], [ -39.94590909, -18.49121466 ], [ -39.94587305, -18.49127825 ], [ -39.94583607, -18.49134136 ], [ -39.94581369, -18.49138118 ], [ -39.94580899, -18.49138902 ], [ -39.94579931, -18.49140455 ], [ -39.94575752, -18.49147545 ], [ -39.94570294, -18.49157057 ], [ -39.94565638, -18.49164927 ], [ -39.9455788, -18.49178389 ], [ -39.94548171, -18.49194952 ], [ -39.94537696, -18.49213177 ], [ -39.94530737, -18.49224995 ], [ -39.94520285, -18.49243232 ], [ -39.94515136, -18.49251874 ], [ -39.94506078, -18.49267748 ], [ -39.94500996, -18.49276426 ], [ -39.94497371, -18.49282774 ], [ -39.94494084, -18.49288268 ], [ -39.94489475, -18.49296163 ], [ -39.94484953, -18.49304103 ], [ -39.94481242, -18.49310407 ], [ -39.94468447, -18.49332571 ], [ -39.94463787, -18.49340439 ], [ -39.94457879, -18.49350746 ], [ -39.9445276, -18.49359404 ], [ -39.94448233, -18.49367342 ], [ -39.9444337, -18.49375626 ] ] } },
{ "type": "Feature", "properties": { }, "geometry": { "type": "LineString", "coordinates": [ [ -39.94625922, -18.49058359 ], [ -39.94619959, -18.49068577 ], [ -39.94618637, -18.49070977 ], [ -39.94618183, -18.4907177 ], [ -39.94614001, -18.49078857 ], [ -39.94610399, -18.49085217 ], [ -39.94607158, -18.49090736 ], [ -39.94603535, -18.49097086 ], [ -39.94597943, -18.49106527 ], [ -39.94593449, -18.49114482 ], [ -39.94589712, -18.49120771 ], [ -39.94587476, -18.49124754 ], [ -39.94580998, -18.49135794 ], [ -39.94577369, -18.4914214 ], [ -39.94572699, -18.49150002 ], [ -39.94566801, -18.49160315 ], [ -39.94562603, -18.49167394 ], [ -39.94557606, -18.49176117 ], [ -39.94549722, -18.49189512 ], [ -39.94536479, -18.49212473 ], [ -39.94529081, -18.49225092 ], [ -39.94519524, -18.49241736 ], [ -39.94513941, -18.49251182 ], [ -39.94503912, -18.49268609 ], [ -39.94490985, -18.49290703 ], [ -39.94484191, -18.49302609 ], [ -39.94468991, -18.49328667 ], [ -39.94454392, -18.4935401 ], [ -39.94450178, -18.4936108 ], [ -39.94442263, -18.49374922 ] ] } },
{ "type": "Feature", "properties": { }, "geometry": { "type": "LineString", "coordinates": [ [ -39.94624198, -18.49058418 ], [ -39.94618814, -18.49067909 ], [ -39.94612805, -18.49078163 ], [ -39.946092, -18.49084522 ], [ -39.94604557, -18.49092399 ], [ -39.94599563, -18.49101123 ], [ -39.94596289, -18.49106624 ], [ -39.94590838, -18.4911614 ], [ -39.9458803, -18.49120854 ], [ -39.94582106, -18.49131153 ], [ -39.94580225, -18.49134291 ], [ -39.94577083, -18.49139861 ], [ -39.94571978, -18.49148527 ], [ -39.94563766, -18.49162782 ], [ -39.94561883, -18.49165919 ], [ -39.94557381, -18.4917387 ], [ -39.94540276, -18.49203054 ], [ -39.9453439, -18.49213373 ], [ -39.94526998, -18.49225995 ], [ -39.94521556, -18.49235516 ], [ -39.945132, -18.49249695 ], [ -39.9450041, -18.49271861 ], [ -39.94495291, -18.4928052 ], [ -39.94487583, -18.49294008 ], [ -39.9447883, -18.4930901 ], [ -39.94473371, -18.49318522 ], [ -39.94466878, -18.49329554 ], [ -39.94465097, -18.49332744 ], [ -39.94461856, -18.49338263 ], [ -39.94460068, -18.4934145 ], [ -39.94457271, -18.4934617 ], [ -39.94452737, -18.49354104 ], [ -39.9444761, -18.49362758 ], [ -39.94441087, -18.49374174 ] ] } },
{ "type": "Feature", "properties": { }, "geometry": { "type": "LineString", "coordinates": [ [ -39.94622621, -18.49058472 ], [ -39.94620317, -18.49062359 ], [ -39.94617186, -18.49067935 ], [ -39.94615305, -18.49071073 ], [ -39.94609804, -18.49080562 ], [ -39.94606656, -18.4908613 ], [ -39.94602011, -18.49094005 ], [ -39.94597482, -18.49101942 ], [ -39.94593708, -18.49108211 ], [ -39.94590128, -18.49114583 ], [ -39.94586393, -18.49120873 ], [ -39.94570396, -18.49148577 ], [ -39.94560714, -18.49165154 ], [ -39.94557587, -18.49170733 ], [ -39.94541909, -18.49197571 ], [ -39.94539086, -18.49202277 ], [ -39.94532317, -18.49214196 ], [ -39.94523999, -18.49228395 ], [ -39.94520386, -18.49234749 ], [ -39.94512498, -18.49248143 ], [ -39.94500154, -18.49269512 ], [ -39.9449137, -18.49284498 ], [ -39.9448506, -18.49295626 ], [ -39.94465243, -18.49329575 ], [ -39.94461174, -18.49336722 ], [ -39.94455622, -18.49346185 ], [ -39.94450163, -18.49355697 ], [ -39.94446403, -18.49361974 ], [ -39.94439892, -18.49373413 ] ] } },
{ "type": "Feature", "properties": { }, "geometry": { "type": "LineString", "coordinates": [ [ -39.94620966, -18.49058534 ], [ -39.94607741, -18.49081443 ], [ -39.94600789, -18.49093265 ], [ -39.94597636, -18.4909883 ], [ -39.94592483, -18.4910747 ], [ -39.94588444, -18.49114632 ], [ -39.94587021, -18.49116979 ], [ -39.94586559, -18.49117767 ], [ -39.94582005, -18.49125691 ], [ -39.94577832, -18.49132784 ], [ -39.94569195, -18.49147847 ], [ -39.94559521, -18.49164429 ], [ -39.9455637, -18.49169995 ], [ -39.94548476, -18.49183385 ], [ -39.94543024, -18.49192901 ], [ -39.94537928, -18.49201571 ], [ -39.94533418, -18.49209518 ], [ -39.94526549, -18.49221384 ], [ -39.94523274, -18.49226884 ], [ -39.94518263, -18.492356 ], [ -39.94511748, -18.49246619 ], [ -39.94502606, -18.49262449 ], [ -39.9449946, -18.49268018 ], [ -39.94492014, -18.49280611 ], [ -39.94486578, -18.49290135 ], [ -39.94480111, -18.4930118 ], [ -39.94469176, -18.49320195 ], [ -39.94464499, -18.49328054 ], [ -39.94457194, -18.49340722 ], [ -39.94445644, -18.49360445 ], [ -39.94442031, -18.493668 ], [ -39.94440742, -18.49369216 ], [ -39.94440286, -18.49370008 ], [ -39.94438702, -18.49372656 ] ] } },
{ "type": "Feature", "properties": { }, "geometry": { "type": "LineString", "coordinates": [ [ -39.94619325, -18.490586 ], [ -39.94613839, -18.49068037 ], [ -39.94612517, -18.49070437 ], [ -39.94612063, -18.4907123 ], [ -39.94600522, -18.49090957 ], [ -39.94596928, -18.49097322 ], [ -39.94590828, -18.49107527 ], [ -39.94587237, -18.49113893 ], [ -39.94583507, -18.49120186 ], [ -39.94582178, -18.49122582 ], [ -39.94581722, -18.49123375 ], [ -39.94576166, -18.49132835 ], [ -39.94567995, -18.49147112 ], [ -39.94563355, -18.4915499 ], [ -39.94552833, -18.4917319 ], [ -39.94546795, -18.49183429 ], [ -39.94542274, -18.4919137 ], [ -39.94536226, -18.49201603 ], [ -39.94531759, -18.49209572 ], [ -39.9451616, -18.49236453 ], [ -39.94510557, -18.49245888 ], [ -39.94496869, -18.49269647 ], [ -39.94487613, -18.49285416 ], [ -39.94469367, -18.49317096 ], [ -39.94461434, -18.49330465 ], [ -39.94455525, -18.49340772 ], [ -39.94440821, -18.4936606 ], [ -39.94439974, -18.49367677 ], [ -39.9443952, -18.4936847 ], [ -39.9443747, -18.49371872 ] ] } },
{ "type": "Feature", "properties": { }, "geometry": { "type": "LineString", "coordinates": [ [ -39.94617622, -18.49058669 ], [ -39.94614953, -18.49063396 ], [ -39.94599328, -18.49090263 ], [ -39.94597545, -18.49093453 ], [ -39.94589589, -18.49106809 ], [ -39.94582394, -18.49119535 ], [ -39.94579113, -18.49125032 ], [ -39.94573172, -18.49135322 ], [ -39.94570804, -18.49139235 ], [ -39.94564934, -18.49149562 ], [ -39.94558523, -18.49160637 ], [ -39.94556168, -18.49164557 ], [ -39.94552077, -18.49171693 ], [ -39.94544671, -18.49184308 ], [ -39.94542005, -18.49189097 ], [ -39.94535007, -18.49200894 ], [ -39.94530545, -18.49208865 ], [ -39.94522699, -18.49222281 ], [ -39.94515407, -18.49234956 ], [ -39.94508897, -18.49245978 ], [ -39.94500623, -18.49260201 ], [ -39.94497498, -18.49265781 ], [ -39.9449199, -18.49275267 ], [ -39.9448317, -18.49290233 ], [ -39.94473642, -18.49306892 ], [ -39.94471304, -18.49310822 ], [ -39.94466766, -18.49318754 ], [ -39.9446352, -18.4932427 ], [ -39.94461601, -18.49327387 ], [ -39.94461134, -18.49328173 ], [ -39.94456512, -18.49336061 ], [ -39.94450598, -18.49346365 ], [ -39.94447932, -18.49351154 ], [ -39.94447476, -18.49351946 ], [ -39.94436299, -18.49371127 ] ] } },
{ "type": "Feature", "properties": { }, "geometry": { "type": "LineString", "coordinates": [ [ -39.94615941, -18.49058736 ], [ -39.9460863, -18.49071542 ], [ -39.94599858, -18.49086535 ], [ -39.94594006, -18.49096871 ], [ -39.94588339, -18.49106272 ], [ -39.94581554, -18.49118181 ], [ -39.94577807, -18.49124466 ], [ -39.94573729, -18.49131608 ], [ -39.94569044, -18.49139462 ], [ -39.94558162, -18.49158504 ], [ -39.94553941, -18.4916557 ], [ -39.94546197, -18.4917904 ], [ -39.94543852, -18.49182966 ], [ -39.94540245, -18.49189324 ], [ -39.9453602, -18.49196388 ], [ -39.94530161, -18.49206721 ], [ -39.94525958, -18.49213797 ], [ -39.94513656, -18.49235188 ], [ -39.94509987, -18.49241514 ], [ -39.94507627, -18.49245431 ], [ -39.94501688, -18.49255723 ], [ -39.94498405, -18.49261219 ], [ -39.94492082, -18.49272339 ], [ -39.94474085, -18.49303118 ], [ -39.9446545, -18.49318183 ], [ -39.94452033, -18.49341051 ], [ -39.94446661, -18.49350608 ], [ -39.9443703, -18.49367213 ], [ -39.94435124, -18.49370379 ] ] } },
{ "type": "Feature", "properties": { }, "geometry": { "type": "LineString", "coordinates": [ [ -39.94614296, -18.49058803 ], [ -39.94612912, -18.4906131 ], [ -39.94609183, -18.49067603 ], [ -39.94601441, -18.49081074 ], [ -39.94597247, -18.49088155 ], [ -39.94594152, -18.4909375 ], [ -39.94591793, -18.49097667 ], [ -39.94584018, -18.4911112 ], [ -39.94583044, -18.49112671 ], [ -39.94579402, -18.49119011 ], [ -39.94577056, -18.49122936 ], [ -39.9457344, -18.49129289 ], [ -39.9456968, -18.49135566 ], [ -39.94558727, -18.49154571 ], [ -39.94553599, -18.49163225 ], [ -39.94550474, -18.49168804 ], [ -39.94541717, -18.49183804 ], [ -39.94538594, -18.49189385 ], [ -39.94532976, -18.49198812 ], [ -39.9453031, -18.492036 ], [ -39.9452704, -18.49209103 ], [ -39.94522056, -18.49217833 ], [ -39.9451833, -18.49224128 ], [ -39.94517491, -18.49225748 ], [ -39.945143, -18.49231293 ], [ -39.94511017, -18.49236789 ], [ -39.94508837, -18.49240801 ], [ -39.94506908, -18.49243912 ], [ -39.94497209, -18.49260481 ], [ -39.94492694, -18.49268425 ], [ -39.94483436, -18.49284194 ], [ -39.94476158, -18.49296876 ], [ -39.944715, -18.49304745 ], [ -39.9446518, -18.49315868 ], [ -39.94460032, -18.4932451 ], [ -39.94450831, -18.49340309 ], [ -39.94446361, -18.49348277 ], [ -39.94442705, -18.49354609 ], [ -39.94440803, -18.49357735 ], [ -39.94439046, -18.49360938 ], [ -39.94433958, -18.49369637 ] ] } },
{ "type": "Feature", "properties": { }, "geometry": { "type": "LineString", "coordinates": [ [ -39.94612644, -18.49058869 ], [ -39.94611266, -18.49061346 ], [ -39.9460797, -18.49066834 ], [ -39.94605718, -18.4907081 ], [ -39.9459558, -18.49088179 ], [ -39.94592916, -18.49092969 ], [ -39.94576301, -18.49121378 ], [ -39.94570389, -18.49131684 ], [ -39.94567566, -18.4913639 ], [ -39.94560282, -18.49149069 ], [ -39.94557006, -18.49154569 ], [ -39.94540489, -18.49183031 ], [ -39.94535964, -18.4919097 ], [ -39.94532219, -18.49197255 ], [ -39.94528615, -18.49203615 ], [ -39.94525797, -18.49208323 ], [ -39.9452402, -18.49211516 ], [ -39.94517114, -18.49223362 ], [ -39.94511679, -18.49232886 ], [ -39.94495086, -18.49261308 ], [ -39.9449149, -18.49267671 ], [ -39.94485897, -18.49277113 ], [ -39.9446117, -18.49319831 ], [ -39.94452829, -18.49334018 ], [ -39.94443798, -18.49349906 ], [ -39.94432766, -18.49368878 ] ] } },
{ "type": "Feature", "properties": { }, "geometry": { "type": "LineString", "coordinates": [ [ -39.94610988, -18.49058936 ], [ -39.94595319, -18.49085828 ], [ -39.94591258, -18.49092979 ], [ -39.94584761, -18.49104008 ], [ -39.94579328, -18.49113533 ], [ -39.94575576, -18.49119815 ], [ -39.94567842, -18.49133289 ], [ -39.94561823, -18.49143538 ], [ -39.94557757, -18.49150687 ], [ -39.9455585, -18.4915381 ], [ -39.94551311, -18.49161742 ], [ -39.94547108, -18.49168818 ], [ -39.94544858, -18.49172794 ], [ -39.94538848, -18.49183048 ], [ -39.9453344, -18.49192586 ], [ -39.94530606, -18.49197286 ], [ -39.94521473, -18.49213121 ], [ -39.94516838, -18.49221002 ], [ -39.94512337, -18.49228953 ], [ -39.94502609, -18.49245506 ], [ -39.94494905, -18.49258997 ], [ -39.94477794, -18.49288178 ], [ -39.94473283, -18.49296124 ], [ -39.94462233, -18.49315078 ], [ -39.94458618, -18.49321432 ], [ -39.94450726, -18.49334823 ], [ -39.94448112, -18.49339638 ], [ -39.94440278, -18.4935306 ], [ -39.94433925, -18.49364165 ], [ -39.94432439, -18.49366476 ], [ -39.94431523, -18.49368088 ] ] } },
{ "type": "Feature", "properties": { }, "geometry": { "type": "LineString", "coordinates": [ [ -39.94609461, -18.49058998 ], [ -39.94604261, -18.49067714 ], [ -39.94590045, -18.49092227 ], [ -39.94583085, -18.49104044 ], [ -39.9457771, -18.491136 ], [ -39.94572536, -18.49122228 ], [ -39.94563469, -18.49138097 ], [ -39.94559719, -18.49144379 ], [ -39.94549671, -18.49161797 ], [ -39.94544091, -18.49171244 ], [ -39.94540463, -18.49177592 ], [ -39.94535829, -18.49185473 ], [ -39.94532718, -18.49191059 ], [ -39.94522529, -18.49208402 ], [ -39.94520291, -18.49212384 ], [ -39.94510218, -18.49229789 ], [ -39.94507388, -18.49234491 ], [ -39.94504222, -18.49240049 ], [ -39.94498212, -18.49250302 ], [ -39.94490037, -18.49264577 ], [ -39.94485356, -18.49272434 ], [ -39.94475215, -18.49289802 ], [ -39.94471174, -18.49296963 ], [ -39.9446379, -18.4930959 ], [ -39.94457431, -18.49320692 ], [ -39.94449561, -18.49334095 ], [ -39.94446001, -18.49340478 ], [ -39.94438636, -18.49353114 ], [ -39.94436865, -18.4935631 ], [ -39.94435413, -18.4935864 ], [ -39.9443032, -18.49367322 ] ] } },
{ "type": "Feature", "properties": { }, "geometry": { "type": "LineString", "coordinates": [ [ -39.94607677, -18.4905907 ], [ -39.94601759, -18.49069333 ], [ -39.94595257, -18.4908036 ], [ -39.94593026, -18.49084346 ], [ -39.94587884, -18.49092992 ], [ -39.94583767, -18.49100114 ], [ -39.94582455, -18.49102518 ], [ -39.94577359, -18.49111189 ], [ -39.94575565, -18.49114373 ], [ -39.94571793, -18.49120643 ], [ -39.94570033, -18.49123844 ], [ -39.9456093, -18.49139695 ], [ -39.94556233, -18.49147542 ], [ -39.94548489, -18.49161012 ], [ -39.94544277, -18.49168083 ], [ -39.94537899, -18.49179175 ], [ -39.9453556, -18.49183104 ], [ -39.94531978, -18.49189475 ], [ -39.94522767, -18.49205269 ], [ -39.94519617, -18.49210835 ], [ -39.94518188, -18.49213178 ], [ -39.94510393, -18.49226621 ], [ -39.94509527, -18.49228229 ], [ -39.94505783, -18.49234514 ], [ -39.94491998, -18.49258221 ], [ -39.94488427, -18.49264598 ], [ -39.94483738, -18.4927245 ], [ -39.94479199, -18.49280382 ], [ -39.94474525, -18.49288242 ], [ -39.9446132, -18.49311222 ], [ -39.94448425, -18.49333333 ], [ -39.94440735, -18.49346831 ], [ -39.94437465, -18.49352334 ], [ -39.94435705, -18.49355535 ], [ -39.94434238, -18.49357857 ], [ -39.94429104, -18.49366548 ] ] } },
{ "type": "Feature", "properties": { }, "geometry": { "type": "LineString", "coordinates": [ [ -39.94606021, -18.49059136 ], [ -39.94604623, -18.49061439 ], [ -39.94600574, -18.49068596 ], [ -39.94590451, -18.49085974 ], [ -39.94587162, -18.49091467 ], [ -39.945813, -18.49101798 ], [ -39.94576151, -18.4911044 ], [ -39.94572109, -18.49117601 ], [ -39.94568373, -18.49123891 ], [ -39.94563836, -18.49131823 ], [ -39.94551369, -18.49153128 ], [ -39.94545942, -18.49162656 ], [ -39.94543115, -18.4916736 ], [ -39.94534865, -18.49181595 ], [ -39.94533087, -18.49184787 ], [ -39.9452754, -18.49194252 ], [ -39.94524862, -18.49199035 ], [ -39.94522067, -18.49203756 ], [ -39.94517077, -18.49212483 ], [ -39.94493123, -18.49253543 ], [ -39.94487722, -18.49263085 ], [ -39.9448349, -18.49270145 ], [ -39.94478503, -18.49278874 ], [ -39.94473826, -18.49286732 ], [ -39.94468426, -18.49296275 ], [ -39.94464228, -18.49303353 ], [ -39.94461092, -18.49308927 ], [ -39.94455974, -18.49317585 ], [ -39.94440455, -18.49344508 ], [ -39.94437179, -18.49350008 ], [ -39.94434064, -18.49355592 ], [ -39.9442783, -18.49365738 ] ] } },
{ "type": "Feature", "properties": { }, "geometry": { "type": "LineString", "coordinates": [ [ -39.94604319, -18.49059205 ], [ -39.94597401, -18.49070984 ], [ -39.9459607, -18.49073379 ], [ -39.94580434, -18.49100241 ], [ -39.94571315, -18.49116083 ], [ -39.94567106, -18.49123155 ], [ -39.94558015, -18.49139012 ], [ -39.94548768, -18.49154787 ], [ -39.94545652, -18.4916037 ], [ -39.9454191, -18.49166657 ], [ -39.94539228, -18.49171437 ], [ -39.94525382, -18.49195112 ], [ -39.94522259, -18.49200692 ], [ -39.94517597, -18.49208559 ], [ -39.94512665, -18.49217315 ], [ -39.94509897, -18.49222051 ], [ -39.945075, -18.49225948 ], [ -39.94502965, -18.49233882 ], [ -39.94492365, -18.49252041 ], [ -39.94486952, -18.49261576 ], [ -39.94481365, -18.4927102 ], [ -39.94477277, -18.49278157 ], [ -39.94471712, -18.49287613 ], [ -39.94466752, -18.49296355 ], [ -39.94455185, -18.49316069 ], [ -39.94439669, -18.49342994 ], [ -39.94436861, -18.49347708 ], [ -39.94433251, -18.49354064 ], [ -39.9442853, -18.49361898 ], [ -39.94426575, -18.49364939 ] ] } },
{ "type": "Feature", "properties": { }, "geometry": { "type": "LineString", "coordinates": [ [ -39.94602618, -18.49059274 ], [ -39.94598072, -18.49067141 ], [ -39.94595723, -18.49071065 ], [ -39.94593962, -18.49074265 ], [ -39.94591171, -18.49078989 ], [ -39.94589414, -18.49082191 ], [ -39.9458425, -18.49090825 ], [ -39.94581558, -18.49095601 ], [ -39.94579216, -18.49099528 ], [ -39.94571924, -18.49112203 ], [ -39.94559919, -18.49132719 ], [ -39.94550391, -18.49149378 ], [ -39.94548034, -18.49153297 ], [ -39.94543043, -18.49162023 ], [ -39.94541149, -18.49165153 ], [ -39.94535237, -18.49175459 ], [ -39.94525097, -18.49192827 ], [ -39.94521507, -18.49199194 ], [ -39.94518245, -18.49204701 ], [ -39.94510533, -18.49218188 ], [ -39.94506276, -18.49225234 ], [ -39.94494833, -18.49245014 ], [ -39.94492015, -18.49249722 ], [ -39.94486174, -18.49260065 ], [ -39.94478294, -18.49273462 ], [ -39.944724, -18.49283777 ], [ -39.94470976, -18.49286123 ], [ -39.94460943, -18.49303548 ], [ -39.94445677, -18.49329572 ], [ -39.94438432, -18.49342272 ], [ -39.94435608, -18.49346977 ], [ -39.94433858, -18.49350184 ], [ -39.94429691, -18.49357279 ], [ -39.94425402, -18.49364192 ] ] } },
{ "type": "Feature", "properties": { }, "geometry": { "type": "LineString", "coordinates": [ [ -39.94600951, -18.49059341 ], [ -39.94599572, -18.4906165 ], [ -39.94596899, -18.49066435 ], [ -39.94591318, -18.49075883 ], [ -39.94588223, -18.49081477 ], [ -39.94582591, -18.49090896 ], [ -39.94565655, -18.49120169 ], [ -39.94563313, -18.49124097 ], [ -39.94561985, -18.49126493 ], [ -39.94558271, -18.49132795 ], [ -39.94545966, -18.49154185 ], [ -39.9454182, -18.49161291 ], [ -39.94539456, -18.49165207 ], [ -39.94536321, -18.49170781 ], [ -39.94528017, -18.49184988 ], [ -39.94525791, -18.49188976 ], [ -39.94523002, -18.491937 ], [ -39.94519393, -18.49200057 ], [ -39.94517965, -18.49202401 ], [ -39.94507947, -18.49219834 ], [ -39.94503242, -18.49227678 ], [ -39.94492268, -18.49246672 ], [ -39.94489928, -18.492506 ], [ -39.94484984, -18.4925935 ], [ -39.94476647, -18.4927354 ], [ -39.94463453, -18.49296526 ], [ -39.9446157, -18.49299663 ], [ -39.94456547, -18.49308372 ], [ -39.94451844, -18.49316216 ], [ -39.94448232, -18.49322571 ], [ -39.9444632, -18.49325692 ], [ -39.94442732, -18.4933206 ], [ -39.94441762, -18.49333612 ], [ -39.9443582, -18.49343902 ], [ -39.94434401, -18.49346251 ], [ -39.94431763, -18.49351054 ], [ -39.94425671, -18.49361264 ], [ -39.94424422, -18.49363569 ] ] } },
{ "type": "Feature", "properties": { }, "geometry": { "type": "LineString", "coordinates": [ [ -39.94423383, -18.49362907 ], [ -39.94426068, -18.49358067 ], [ -39.94427025, -18.49356507 ], [ -39.94429264, -18.49352525 ], [ -39.94431623, -18.49348607 ], [ -39.94434258, -18.49343803 ], [ -39.94440247, -18.49333538 ], [ -39.94441225, -18.4933199 ], [ -39.9444343, -18.49327991 ], [ -39.94448089, -18.49320123 ], [ -39.94448545, -18.49319331 ], [ -39.94450295, -18.49316125 ], [ -39.94456826, -18.49305114 ], [ -39.94460893, -18.49297966 ], [ -39.94475097, -18.49273447 ], [ -39.94485254, -18.49256087 ], [ -39.9448931, -18.49248933 ], [ -39.94501204, -18.4922836 ], [ -39.94504969, -18.49222086 ], [ -39.94517304, -18.49200711 ], [ -39.94518266, -18.49199154 ], [ -39.94518724, -18.49198363 ], [ -39.94526444, -18.49184881 ], [ -39.94532024, -18.49175433 ], [ -39.94539682, -18.49161919 ], [ -39.94544369, -18.49154066 ], [ -39.94546615, -18.49150088 ], [ -39.94554023, -18.49137474 ], [ -39.94563141, -18.49121632 ], [ -39.94565019, -18.49118492 ], [ -39.94568166, -18.49112924 ], [ -39.94570044, -18.49109785 ], [ -39.94570909, -18.49108177 ], [ -39.94574192, -18.4910268 ], [ -39.94577344, -18.49097115 ], [ -39.94577807, -18.49096327 ], [ -39.94587109, -18.49080582 ], [ -39.94590238, -18.49075005 ], [ -39.94590696, -18.49074214 ], [ -39.94597586, -18.49062359 ], [ -39.94599376, -18.49059404 ] ] } },
{ "type": "Feature", "properties": { }, "geometry": { "type": "LineString", "coordinates": [ [ -39.94597644, -18.49059474 ], [ -39.9459407, -18.4906579 ], [ -39.94588965, -18.49074455 ], [ -39.94585826, -18.49080027 ], [ -39.94575146, -18.49098143 ], [ -39.94573357, -18.49101329 ], [ -39.9457102, -18.4910526 ], [ -39.94565581, -18.49114782 ], [ -39.94551781, -18.49138481 ], [ -39.94548155, -18.49144829 ], [ -39.94544859, -18.49150318 ], [ -39.94539813, -18.49159015 ], [ -39.94538848, -18.4916057 ], [ -39.94538378, -18.49161355 ], [ -39.94537091, -18.49163772 ], [ -39.94534402, -18.49168549 ], [ -39.94533949, -18.49169342 ], [ -39.94532538, -18.49171696 ], [ -39.9453029, -18.49175673 ], [ -39.94524241, -18.49185905 ], [ -39.94520656, -18.49192275 ], [ -39.94513298, -18.49204915 ], [ -39.9450968, -18.49211268 ], [ -39.94506849, -18.49215969 ], [ -39.94503218, -18.49222314 ], [ -39.94498552, -18.49230179 ], [ -39.94488945, -18.49246796 ], [ -39.94478966, -18.4926425 ], [ -39.94475207, -18.49270527 ], [ -39.94466953, -18.49284761 ], [ -39.94461827, -18.49293415 ], [ -39.94455518, -18.49304543 ], [ -39.94449467, -18.49314775 ], [ -39.94447704, -18.49317975 ], [ -39.94441238, -18.4932902 ], [ -39.94436281, -18.49337764 ], [ -39.94433909, -18.49341674 ], [ -39.94429409, -18.49349627 ], [ -39.9442658, -18.49354329 ], [ -39.94424394, -18.49358338 ], [ -39.94423945, -18.49359133 ], [ -39.94422979, -18.49360688 ], [ -39.94422172, -18.49362137 ] ] } },
{ "type": "Feature", "properties": { }, "geometry": { "type": "LineString", "coordinates": [ [ -39.94596033, -18.49059539 ], [ -39.9459201, -18.4906665 ], [ -39.94575357, -18.4909504 ], [ -39.94569463, -18.49105355 ], [ -39.9456345, -18.49115607 ], [ -39.94558034, -18.49125141 ], [ -39.94554722, -18.49130621 ], [ -39.94550203, -18.49138563 ], [ -39.94544137, -18.49148787 ], [ -39.945419, -18.4915277 ], [ -39.94530426, -18.49172532 ], [ -39.9452819, -18.49176515 ], [ -39.94523064, -18.4918517 ], [ -39.94521292, -18.49188365 ], [ -39.94515362, -18.49198661 ], [ -39.94512087, -18.49204162 ], [ -39.94507994, -18.49211296 ], [ -39.94504721, -18.49216797 ], [ -39.94496962, -18.49230259 ], [ -39.94494626, -18.49234189 ], [ -39.94491931, -18.49238963 ], [ -39.94487765, -18.49246059 ], [ -39.94478661, -18.49261909 ], [ -39.9447398, -18.49269766 ], [ -39.94470822, -18.49275328 ], [ -39.94465297, -18.49284805 ], [ -39.94461541, -18.49291084 ], [ -39.94453882, -18.49304597 ], [ -39.94449751, -18.49311712 ], [ -39.94446911, -18.49316409 ], [ -39.94443751, -18.4932197 ], [ -39.94440011, -18.49328258 ], [ -39.94435528, -18.49336218 ], [ -39.94432255, -18.4934172 ], [ -39.94428629, -18.49348068 ], [ -39.94425809, -18.49352776 ], [ -39.94422699, -18.49358362 ], [ -39.94420939, -18.49361352 ] ] } },
{ "type": "Feature", "properties": { }, "geometry": { "type": "LineString", "coordinates": [ [ -39.94594393, -18.49059605 ], [ -39.94581057, -18.49082456 ], [ -39.94576513, -18.49090385 ], [ -39.94571406, -18.4909905 ], [ -39.94566419, -18.49107778 ], [ -39.94558572, -18.49121193 ], [ -39.94556334, -18.49125176 ], [ -39.94553068, -18.49130681 ], [ -39.9454897, -18.49137813 ], [ -39.94543378, -18.49147254 ], [ -39.94540701, -18.49152037 ], [ -39.94533381, -18.49164697 ], [ -39.94521387, -18.49185219 ], [ -39.94514129, -18.49197912 ], [ -39.94513672, -18.49198703 ], [ -39.94510397, -18.49204204 ], [ -39.94500815, -18.49220834 ], [ -39.94492492, -18.49235031 ], [ -39.94481573, -18.49254054 ], [ -39.94476067, -18.49263541 ], [ -39.94472787, -18.49269039 ], [ -39.94470562, -18.49273027 ], [ -39.94458487, -18.49293505 ], [ -39.94452187, -18.49304638 ], [ -39.94448047, -18.49311748 ], [ -39.94446137, -18.4931487 ], [ -39.94445672, -18.49315657 ], [ -39.94444817, -18.4931727 ], [ -39.94444375, -18.49318069 ], [ -39.94442932, -18.49320405 ], [ -39.94441602, -18.49322801 ], [ -39.94438793, -18.49327514 ], [ -39.94433811, -18.49336245 ], [ -39.94429627, -18.49343331 ], [ -39.94426949, -18.49348113 ], [ -39.94423239, -18.49354417 ], [ -39.94419792, -18.49360622 ] ] } },
{ "type": "Feature", "properties": { }, "geometry": { "type": "LineString", "coordinates": [ [ -39.94592705, -18.49059674 ], [ -39.94591322, -18.4906198 ], [ -39.94582659, -18.49077031 ], [ -39.94582196, -18.49077819 ], [ -39.94580294, -18.49080945 ], [ -39.94577161, -18.49086521 ], [ -39.94570667, -18.49097551 ], [ -39.94566145, -18.49105492 ], [ -39.94558739, -18.49118107 ], [ -39.94553303, -18.49127631 ], [ -39.9454775, -18.49137092 ], [ -39.94543517, -18.49144152 ], [ -39.9453633, -18.49156882 ], [ -39.94530724, -18.49166316 ], [ -39.94526667, -18.49173469 ], [ -39.9452294, -18.49179764 ], [ -39.94516599, -18.49190875 ], [ -39.9449171, -18.49233508 ], [ -39.9448722, -18.49241465 ], [ -39.94481668, -18.49250927 ], [ -39.94476235, -18.49260453 ], [ -39.94471594, -18.49268331 ], [ -39.94471139, -18.49269123 ], [ -39.94469819, -18.49271524 ], [ -39.94457747, -18.49292003 ], [ -39.94448674, -18.4930787 ], [ -39.94444943, -18.49314162 ], [ -39.94444487, -18.49314954 ], [ -39.94442741, -18.49318162 ], [ -39.94438528, -18.49325233 ], [ -39.94434481, -18.49332391 ], [ -39.94430705, -18.49338659 ], [ -39.94422445, -18.4935289 ], [ -39.94421113, -18.49355284 ], [ -39.94420691, -18.49356093 ], [ -39.94420305, -18.49356919 ], [ -39.94419892, -18.49357732 ], [ -39.94418619, -18.49359876 ] ] } },
{ "type": "Feature", "properties": { }, "geometry": { "type": "LineString", "coordinates": [ [ -39.94591077, -18.49059739 ], [ -39.94589213, -18.49062825 ], [ -39.94586977, -18.49066808 ], [ -39.94579124, -18.4908022 ], [ -39.94576442, -18.49085 ], [ -39.94570851, -18.49094442 ], [ -39.94566361, -18.49102399 ], [ -39.94565904, -18.49103191 ], [ -39.94562616, -18.49108684 ], [ -39.94559474, -18.49114254 ], [ -39.94555738, -18.49120544 ], [ -39.94553069, -18.49125331 ], [ -39.94552613, -18.49126123 ], [ -39.94550709, -18.49129248 ], [ -39.94545666, -18.49137947 ], [ -39.94545193, -18.4913873 ], [ -39.94544203, -18.49140271 ], [ -39.94540963, -18.4914579 ], [ -39.94540506, -18.49146582 ], [ -39.94536057, -18.49154559 ], [ -39.94528192, -18.49167965 ], [ -39.94521396, -18.49179869 ], [ -39.94518603, -18.49184591 ], [ -39.94509921, -18.49199632 ], [ -39.94506183, -18.4920592 ], [ -39.94503484, -18.49210692 ], [ -39.94503022, -18.49211481 ], [ -39.94502065, -18.4921304 ], [ -39.94498888, -18.49218593 ], [ -39.94490535, -18.49232774 ], [ -39.94484678, -18.49243108 ], [ -39.94478662, -18.49253358 ], [ -39.94465391, -18.49276304 ], [ -39.94463056, -18.49280235 ], [ -39.94461278, -18.49283427 ], [ -39.94460822, -18.49284219 ], [ -39.94458431, -18.49288119 ], [ -39.94455184, -18.49293635 ], [ -39.94447975, -18.49306353 ], [ -39.94443765, -18.49313425 ], [ -39.94439719, -18.49320584 ], [ -39.94436883, -18.49325283 ], [ -39.94429087, -18.49338725 ], [ -39.94424569, -18.49346668 ], [ -39.94420837, -18.4935296 ], [ -39.94419943, -18.49354553 ], [ -39.94419511, -18.49355357 ], [ -39.94418704, -18.49356993 ], [ -39.94418285, -18.49357803 ], [ -39.94417514, -18.49359173 ] ] } },
{ "type": "Feature", "properties": { }, "geometry": { "type": "LineString", "coordinates": [ [ -39.94589363, -18.49059808 ], [ -39.94587968, -18.49062109 ], [ -39.94587507, -18.49062898 ], [ -39.9458484, -18.49067686 ], [ -39.94579719, -18.49076343 ], [ -39.9457478, -18.49085096 ], [ -39.94569623, -18.49093733 ], [ -39.94564197, -18.49103262 ], [ -39.94555404, -18.49118244 ], [ -39.94545838, -18.49134882 ], [ -39.94539302, -18.49145891 ], [ -39.94534361, -18.49154642 ], [ -39.94526964, -18.49167262 ], [ -39.94523403, -18.49173644 ], [ -39.94506819, -18.4920207 ], [ -39.94501352, -18.49211578 ], [ -39.94490251, -18.49230505 ], [ -39.94487103, -18.49236072 ], [ -39.94465109, -18.49274036 ], [ -39.94461851, -18.49279546 ], [ -39.94459588, -18.49283515 ], [ -39.94453502, -18.49293727 ], [ -39.94448124, -18.49303281 ], [ -39.94447667, -18.49304073 ], [ -39.94443911, -18.49310352 ], [ -39.94441157, -18.49315095 ], [ -39.94438944, -18.4931909 ], [ -39.9443849, -18.49319883 ], [ -39.94435662, -18.49324586 ], [ -39.94427843, -18.49338016 ], [ -39.94423803, -18.49345178 ], [ -39.94419631, -18.49352271 ], [ -39.94419181, -18.49353066 ], [ -39.94417453, -18.49356283 ], [ -39.94417004, -18.49357078 ], [ -39.94416232, -18.49358357 ] ] } },
{ "type": "Feature", "properties": { }, "geometry": { "type": "LineString", "coordinates": [ [ -39.94587708, -18.49059875 ], [ -39.94586772, -18.49061385 ], [ -39.94586305, -18.4906217 ], [ -39.94584511, -18.49065354 ], [ -39.94581712, -18.49070074 ], [ -39.94581261, -18.49070868 ], [ -39.94580385, -18.49072471 ], [ -39.94578515, -18.49075614 ], [ -39.94574032, -18.49083575 ], [ -39.94568417, -18.49093004 ], [ -39.94561123, -18.49105678 ], [ -39.94560659, -18.49106466 ], [ -39.94558757, -18.49109592 ], [ -39.94558295, -18.49110381 ], [ -39.94556513, -18.49113571 ], [ -39.94553263, -18.49119085 ], [ -39.94549646, -18.49125437 ], [ -39.94539025, -18.49143585 ], [ -39.94533597, -18.49153113 ], [ -39.94526196, -18.4916573 ], [ -39.94521712, -18.49173691 ], [ -39.94517074, -18.4918157 ], [ -39.94513453, -18.49187921 ], [ -39.94510165, -18.49193414 ], [ -39.94505564, -18.49201314 ], [ -39.94497352, -18.49215569 ], [ -39.94494074, -18.49221068 ], [ -39.94479921, -18.49245613 ], [ -39.94470682, -18.49261392 ], [ -39.94462497, -18.49275661 ], [ -39.9445366, -18.49290619 ], [ -39.94446465, -18.49303345 ], [ -39.94442721, -18.4930963 ], [ -39.94437706, -18.49318344 ], [ -39.94434434, -18.49323845 ], [ -39.94429905, -18.49331782 ], [ -39.94429442, -18.49332571 ], [ -39.94427543, -18.49335699 ], [ -39.94422137, -18.49345238 ], [ -39.94417981, -18.49352339 ], [ -39.94417532, -18.49353135 ], [ -39.94415121, -18.4935765 ] ] } },
{ "type": "Feature", "properties": { }, "geometry": { "type": "LineString", "coordinates": [ [ -39.94586011, -18.49059944 ], [ -39.94584163, -18.49063038 ], [ -39.94581913, -18.49067014 ], [ -39.94576844, -18.49075699 ], [ -39.94576405, -18.490765 ], [ -39.94575566, -18.4907812 ], [ -39.94575131, -18.49078923 ], [ -39.94574232, -18.49080514 ], [ -39.94567218, -18.49092302 ], [ -39.94562684, -18.49100237 ], [ -39.94557561, -18.49108893 ], [ -39.94555316, -18.49112871 ], [ -39.94551594, -18.49119168 ], [ -39.94546133, -18.49128679 ], [ -39.94541938, -18.49135759 ], [ -39.94532858, -18.49151622 ], [ -39.94523155, -18.49168189 ], [ -39.94519115, -18.4917535 ], [ -39.94515862, -18.49180862 ], [ -39.94512232, -18.49187209 ], [ -39.9450479, -18.49199804 ], [ -39.94497521, -18.49212492 ], [ -39.94492853, -18.49220355 ], [ -39.94485126, -18.49233834 ], [ -39.94480478, -18.49241708 ], [ -39.94476861, -18.4924806 ], [ -39.94466261, -18.49266219 ], [ -39.94458088, -18.49280495 ], [ -39.94448304, -18.49297018 ], [ -39.94447853, -18.49297813 ], [ -39.94445665, -18.4930182 ], [ -39.9444521, -18.49302613 ], [ -39.94441911, -18.493081 ], [ -39.94441452, -18.4930889 ], [ -39.94436536, -18.49317655 ], [ -39.94436075, -18.49318445 ], [ -39.94432757, -18.49323922 ], [ -39.94432299, -18.49324713 ], [ -39.94429203, -18.49330306 ], [ -39.94428741, -18.49331095 ], [ -39.94426835, -18.49334219 ], [ -39.94417203, -18.49350824 ], [ -39.94415395, -18.49354001 ], [ -39.94414959, -18.49354802 ], [ -39.94413881, -18.49356861 ] ] } },
{ "type": "Feature", "properties": { }, "geometry": { "type": "LineString", "coordinates": [ [ -39.94584313, -18.49060012 ], [ -39.94576567, -18.4907342 ], [ -39.94576124, -18.49074219 ], [ -39.945744, -18.49077438 ], [ -39.94573947, -18.49078231 ], [ -39.9456735, -18.49089207 ], [ -39.94561446, -18.49099516 ], [ -39.94558161, -18.49105011 ], [ -39.9454583, -18.49126387 ], [ -39.94540234, -18.49135826 ], [ -39.94535733, -18.49143778 ], [ -39.94531588, -18.49150884 ], [ -39.94529811, -18.49154077 ], [ -39.94523325, -18.49165112 ], [ -39.94510089, -18.49188076 ], [ -39.94502654, -18.49200676 ], [ -39.94496324, -18.49211793 ], [ -39.94492113, -18.49218865 ], [ -39.94485278, -18.49230749 ], [ -39.94474631, -18.49248882 ], [ -39.94467386, -18.49261582 ], [ -39.94465029, -18.49265501 ], [ -39.9445456, -18.49283729 ], [ -39.94447518, -18.49295502 ], [ -39.94447064, -18.49296295 ], [ -39.94444858, -18.49300294 ], [ -39.94440697, -18.49307392 ], [ -39.9443576, -18.49316146 ], [ -39.94430636, -18.49324802 ], [ -39.94421517, -18.49340644 ], [ -39.94417779, -18.49346932 ], [ -39.94414614, -18.49352491 ], [ -39.94412658, -18.49356082 ] ] } },
{ "type": "Feature", "properties": { }, "geometry": { "type": "LineString", "coordinates": [ [ -39.94582616, -18.4906008 ], [ -39.94573603, -18.49075918 ], [ -39.94566586, -18.49087705 ], [ -39.94560685, -18.49098016 ], [ -39.94556039, -18.49105891 ], [ -39.94551078, -18.49114632 ], [ -39.94547793, -18.49120127 ], [ -39.94543696, -18.4912726 ], [ -39.94539466, -18.49134321 ], [ -39.94533622, -18.49144661 ], [ -39.94522581, -18.4916362 ], [ -39.94521266, -18.49166023 ], [ -39.94513416, -18.49179437 ], [ -39.94509331, -18.49186576 ], [ -39.94503294, -18.49196815 ], [ -39.94494658, -18.49211879 ], [ -39.94489989, -18.49219742 ], [ -39.94484516, -18.49229246 ], [ -39.94477577, -18.49241075 ], [ -39.94475786, -18.49244261 ], [ -39.94471607, -18.49251349 ], [ -39.94467558, -18.49258507 ], [ -39.94462455, -18.49267173 ], [ -39.94452893, -18.49283815 ], [ -39.94447261, -18.49293234 ], [ -39.94446812, -18.4929403 ], [ -39.94445947, -18.49295637 ], [ -39.94445496, -18.49296433 ], [ -39.94439952, -18.49305899 ], [ -39.94434567, -18.49315449 ], [ -39.94428984, -18.49324895 ], [ -39.94426286, -18.49329668 ], [ -39.94415226, -18.49348616 ], [ -39.94413453, -18.49351811 ], [ -39.9441263, -18.49353439 ], [ -39.94412195, -18.49354242 ], [ -39.94411542, -18.49355372 ] ] } },
{ "type": "Feature", "properties": { }, "geometry": { "type": "LineString", "coordinates": [ [ -39.94581044, -18.49060144 ], [ -39.9457427, -18.49071999 ], [ -39.94567277, -18.49083799 ], [ -39.94562682, -18.49091701 ], [ -39.94554979, -18.49105192 ], [ -39.94551248, -18.49111485 ], [ -39.94545779, -18.49120991 ], [ -39.94538779, -18.49132788 ], [ -39.94531121, -18.49146302 ], [ -39.94525995, -18.49154956 ], [ -39.9451458, -18.4917475 ], [ -39.94502118, -18.49196057 ], [ -39.94493027, -18.49211914 ], [ -39.94476866, -18.4923953 ], [ -39.94473292, -18.49245905 ], [ -39.94469549, -18.49252192 ], [ -39.94465501, -18.49259349 ], [ -39.94463629, -18.49262492 ], [ -39.94460911, -18.49267254 ], [ -39.94456718, -18.49274335 ], [ -39.94451252, -18.49283843 ], [ -39.94447474, -18.4929011 ], [ -39.94447019, -18.49290903 ], [ -39.94443911, -18.49296491 ], [ -39.9444345, -18.4929728 ], [ -39.94441089, -18.49301197 ], [ -39.94440629, -18.49301987 ], [ -39.94434292, -18.49313101 ], [ -39.94427363, -18.49324935 ], [ -39.94425135, -18.49328922 ], [ -39.94424671, -18.4932971 ], [ -39.94422772, -18.49332838 ], [ -39.94422313, -18.49333628 ], [ -39.94417801, -18.49341574 ], [ -39.94413621, -18.49348663 ], [ -39.94410326, -18.49354582 ] ] } },
{ "type": "Feature", "properties": { }, "geometry": { "type": "LineString", "coordinates": [ [ -39.94579403, -18.4906021 ], [ -39.94573064, -18.49071262 ], [ -39.94560116, -18.49093346 ], [ -39.94557888, -18.49097333 ], [ -39.94552798, -18.49106007 ], [ -39.94549181, -18.49112359 ], [ -39.94538539, -18.49130496 ], [ -39.94530853, -18.49143995 ], [ -39.94520681, -18.49161347 ], [ -39.94516145, -18.4916928 ], [ -39.9450557, -18.49187452 ], [ -39.94500911, -18.49195321 ], [ -39.94489091, -18.49215933 ], [ -39.94476618, -18.49237235 ], [ -39.94471175, -18.49246755 ], [ -39.94466514, -18.49254622 ], [ -39.94462897, -18.49260975 ], [ -39.9445461, -18.4927519 ], [ -39.9445192, -18.49279967 ], [ -39.94447222, -18.49287814 ], [ -39.94442716, -18.49295763 ], [ -39.94437123, -18.49305203 ], [ -39.94428531, -18.49320291 ], [ -39.94420647, -18.49333686 ], [ -39.94417955, -18.49338461 ], [ -39.94413326, -18.49346345 ], [ -39.94409138, -18.49353785 ] ] } },
{ "type": "Feature", "properties": { }, "geometry": { "type": "LineString", "coordinates": [ [ -39.94577734, -18.49060277 ], [ -39.94572292, -18.49069738 ], [ -39.94567612, -18.49077594 ], [ -39.94561698, -18.49087899 ], [ -39.94558425, -18.490934 ], [ -39.94555286, -18.49098972 ], [ -39.94551131, -18.49106074 ], [ -39.94548004, -18.49111652 ], [ -39.94540084, -18.49125028 ], [ -39.94532295, -18.49138474 ], [ -39.94525046, -18.49151172 ], [ -39.94519001, -18.49161407 ], [ -39.9451313, -18.49171734 ], [ -39.94507546, -18.49181179 ], [ -39.94501619, -18.49191477 ], [ -39.94498802, -18.49196186 ], [ -39.94494285, -18.49204129 ], [ -39.94485485, -18.49219107 ], [ -39.94479111, -18.49230201 ], [ -39.94473562, -18.49239665 ], [ -39.94469041, -18.49247607 ], [ -39.94464838, -18.49254683 ], [ -39.94463058, -18.49257873 ], [ -39.94459805, -18.49263386 ], [ -39.94458939, -18.49264993 ], [ -39.94458486, -18.49265787 ], [ -39.9444513, -18.49288687 ], [ -39.94443345, -18.49291876 ], [ -39.94434988, -18.49306055 ], [ -39.9443278, -18.49310052 ], [ -39.94426897, -18.49320373 ], [ -39.94422213, -18.49328227 ], [ -39.94417673, -18.49336158 ], [ -39.9440785, -18.49352922 ] ] } },
{ "type": "Feature", "properties": { }, "geometry": { "type": "LineString", "coordinates": [ [ -39.94576045, -18.49060346 ], [ -39.94571019, -18.49069107 ], [ -39.94566331, -18.49076959 ], [ -39.94560427, -18.49087269 ], [ -39.94555347, -18.49095948 ], [ -39.9454674, -18.49111027 ], [ -39.94542024, -18.49118864 ], [ -39.94525534, -18.4914734 ], [ -39.94521483, -18.49154497 ], [ -39.94514087, -18.49167117 ], [ -39.94510018, -18.49174264 ], [ -39.94503047, -18.49186076 ], [ -39.94500818, -18.49190063 ], [ -39.94498471, -18.49193987 ], [ -39.94493919, -18.49201912 ], [ -39.94482372, -18.49221637 ], [ -39.94474625, -18.49235104 ], [ -39.94469527, -18.49243774 ], [ -39.94460897, -18.49258842 ], [ -39.94458993, -18.49261967 ], [ -39.94453091, -18.49272277 ], [ -39.94445685, -18.49284892 ], [ -39.9444167, -18.49292067 ], [ -39.94435125, -18.4930307 ], [ -39.94427485, -18.49316594 ], [ -39.94420489, -18.49328392 ], [ -39.94412258, -18.49342637 ], [ -39.94406649, -18.49352116 ] ] } },
{ "type": "Feature", "properties": { }, "geometry": { "type": "LineString", "coordinates": [ [ -39.94574376, -18.49060413 ], [ -39.94569384, -18.49069097 ], [ -39.94565139, -18.49076151 ], [ -39.94562924, -18.49080144 ], [ -39.9455735, -18.49089595 ], [ -39.9455467, -18.49094377 ], [ -39.94541336, -18.49117289 ], [ -39.94539549, -18.49120476 ], [ -39.94534885, -18.49128342 ], [ -39.94518478, -18.49156861 ], [ -39.94511987, -18.49167894 ], [ -39.94505641, -18.49179003 ], [ -39.94501432, -18.49186076 ], [ -39.94495476, -18.49196358 ], [ -39.944937, -18.49199551 ], [ -39.94489496, -18.49206626 ], [ -39.94484961, -18.4921456 ], [ -39.94478918, -18.49224796 ], [ -39.9447576, -18.49230359 ], [ -39.94469749, -18.49240612 ], [ -39.94466604, -18.49246181 ], [ -39.94462883, -18.49252479 ], [ -39.94446902, -18.49280191 ], [ -39.94443164, -18.49286479 ], [ -39.94440963, -18.4929048 ], [ -39.94436732, -18.49297541 ], [ -39.9442814, -18.49312628 ], [ -39.9442483, -18.49318109 ], [ -39.94409724, -18.49344217 ], [ -39.94405435, -18.49351302 ] ] } },
{ "type": "Feature", "properties": { }, "geometry": { "type": "LineString", "coordinates": [ [ -39.94572754, -18.49060478 ], [ -39.94569593, -18.49065979 ], [ -39.94563991, -18.49075415 ], [ -39.94560858, -18.4908099 ], [ -39.94556649, -18.49088062 ], [ -39.94547086, -18.49104703 ], [ -39.94543809, -18.49110202 ], [ -39.94537483, -18.49121322 ], [ -39.94535578, -18.49124446 ], [ -39.94531902, -18.49130768 ], [ -39.94521913, -18.49148216 ], [ -39.94519083, -18.49152918 ], [ -39.94513661, -18.4916245 ], [ -39.94510818, -18.49167145 ], [ -39.94504898, -18.49177446 ], [ -39.94495206, -18.49194018 ], [ -39.94492537, -18.49198805 ], [ -39.9448696, -18.49208255 ], [ -39.94485197, -18.49211454 ], [ -39.94480072, -18.49220109 ], [ -39.94465905, -18.49244647 ], [ -39.9446218, -18.49250943 ], [ -39.94458142, -18.49258106 ], [ -39.94442456, -18.49284941 ], [ -39.94439782, -18.49289725 ], [ -39.94435532, -18.49296776 ], [ -39.94427867, -18.49310286 ], [ -39.94422734, -18.49318937 ], [ -39.94421411, -18.49321336 ], [ -39.94416305, -18.49330002 ], [ -39.9441453, -18.49333195 ], [ -39.94408074, -18.49344246 ], [ -39.94404266, -18.49350519 ] ] } },
{ "type": "Feature", "properties": { }, "geometry": { "type": "LineString", "coordinates": [ [ -39.94571044, -18.49060547 ], [ -39.94569282, -18.49063688 ], [ -39.94563284, -18.49073948 ], [ -39.94561054, -18.49077934 ], [ -39.94554075, -18.49089742 ], [ -39.94549108, -18.4909848 ], [ -39.94539422, -18.49115056 ], [ -39.94536271, -18.49120621 ], [ -39.94531165, -18.49129287 ], [ -39.94521154, -18.49146723 ], [ -39.94517864, -18.49152216 ], [ -39.94512436, -18.49161744 ], [ -39.94507297, -18.49170391 ], [ -39.94500924, -18.49181485 ], [ -39.94498112, -18.49186197 ], [ -39.94491355, -18.49198122 ], [ -39.94489434, -18.49201238 ], [ -39.94483974, -18.49210749 ], [ -39.94474715, -18.49226517 ], [ -39.94462406, -18.49247905 ], [ -39.94449979, -18.49269231 ], [ -39.94448198, -18.49272421 ], [ -39.94442126, -18.49282641 ], [ -39.94438557, -18.49289019 ], [ -39.94436709, -18.49292174 ], [ -39.94433838, -18.49296854 ], [ -39.94427098, -18.49308787 ], [ -39.94419633, -18.49321371 ], [ -39.9441145, -18.49335641 ], [ -39.94406839, -18.49343535 ], [ -39.94406375, -18.49344323 ], [ -39.94403032, -18.49349691 ] ] } },
{ "type": "Feature", "properties": { }, "geometry": { "type": "LineString", "coordinates": [ [ -39.94569348, -18.49060616 ], [ -39.94557555, -18.49081182 ], [ -39.94550545, -18.49092973 ], [ -39.94545153, -18.49102519 ], [ -39.94541871, -18.49108016 ], [ -39.94533679, -18.49122282 ], [ -39.94528111, -18.49131736 ], [ -39.94524076, -18.491389 ], [ -39.9451664, -18.49151499 ], [ -39.94511217, -18.4916103 ], [ -39.94505171, -18.49171264 ], [ -39.94501564, -18.49177622 ], [ -39.9449737, -18.49184703 ], [ -39.94490582, -18.49196611 ], [ -39.94487306, -18.49202111 ], [ -39.944823, -18.49210829 ], [ -39.94481838, -18.49211618 ], [ -39.94480877, -18.49213176 ], [ -39.94468065, -18.49235331 ], [ -39.94462965, -18.49243999 ], [ -39.94451563, -18.492638 ], [ -39.94440884, -18.49281917 ], [ -39.94437328, -18.49288301 ], [ -39.94432174, -18.4929694 ], [ -39.9442541, -18.49308861 ], [ -39.94419311, -18.49319067 ], [ -39.94411599, -18.49332553 ], [ -39.94405158, -18.49343612 ], [ -39.94404689, -18.49344397 ], [ -39.944032, -18.49346706 ], [ -39.94401883, -18.4934892 ] ] } },
{ "type": "Feature", "properties": { }, "geometry": { "type": "LineString", "coordinates": [ [ -39.94567608, -18.49060686 ], [ -39.94565824, -18.49063815 ], [ -39.94563201, -18.49068625 ], [ -39.94558683, -18.49076567 ], [ -39.94558224, -18.49077358 ], [ -39.94556788, -18.49079698 ], [ -39.94553547, -18.49085216 ], [ -39.94549913, -18.4909156 ], [ -39.94548509, -18.49093917 ], [ -39.94540657, -18.49107329 ], [ -39.94533398, -18.49120022 ], [ -39.94528726, -18.49127883 ], [ -39.94523307, -18.49137416 ], [ -39.94520017, -18.49142908 ], [ -39.94519553, -18.49143696 ], [ -39.9451775, -18.49146875 ], [ -39.94515415, -18.49150806 ], [ -39.94509997, -18.49160339 ], [ -39.94503058, -18.49172168 ], [ -39.94499901, -18.49177731 ], [ -39.94493431, -18.49188774 ], [ -39.94480648, -18.49210944 ], [ -39.94470934, -18.49227505 ], [ -39.94451704, -18.49260732 ], [ -39.94445683, -18.49270979 ], [ -39.94442093, -18.49277346 ], [ -39.94439253, -18.49282042 ], [ -39.94436168, -18.49287642 ], [ -39.94431015, -18.49296281 ], [ -39.94429227, -18.49299468 ], [ -39.94408529, -18.49335018 ], [ -39.94403539, -18.49343745 ], [ -39.94403079, -18.49344534 ], [ -39.9440084, -18.49348221 ] ] } },
{ "type": "Feature", "properties": { }, "geometry": { "type": "LineString", "coordinates": [ [ -39.94565893, -18.49060755 ], [ -39.94562465, -18.49067144 ], [ -39.94562016, -18.4906794 ], [ -39.94558794, -18.49073469 ], [ -39.94557479, -18.49075872 ], [ -39.94557023, -18.49076664 ], [ -39.94553269, -18.49082944 ], [ -39.94548257, -18.49091659 ], [ -39.94543582, -18.49099518 ], [ -39.94532624, -18.49118521 ], [ -39.94525201, -18.49131127 ], [ -39.94519759, -18.49140648 ], [ -39.94519338, -18.49141457 ], [ -39.94518895, -18.49142256 ], [ -39.94514663, -18.49149317 ], [ -39.94509714, -18.49158064 ], [ -39.94505535, -18.49165153 ], [ -39.94499615, -18.49175454 ], [ -39.94489932, -18.49192031 ], [ -39.94485853, -18.49199173 ], [ -39.94481684, -18.49206268 ], [ -39.94479443, -18.49210248 ], [ -39.94477555, -18.49213382 ], [ -39.94475293, -18.49217352 ], [ -39.94471117, -18.49224442 ], [ -39.94461542, -18.49241077 ], [ -39.94452749, -18.49256058 ], [ -39.94449597, -18.49261623 ], [ -39.94444956, -18.49269501 ], [ -39.94442701, -18.49273474 ], [ -39.94439427, -18.49278975 ], [ -39.94438974, -18.49279769 ], [ -39.94435879, -18.49285363 ], [ -39.94435421, -18.49286154 ], [ -39.94430731, -18.49294006 ], [ -39.94428011, -18.49298767 ], [ -39.94424714, -18.49304255 ], [ -39.94424254, -18.49305045 ], [ -39.94418837, -18.49314579 ], [ -39.94406874, -18.49335116 ], [ -39.94401923, -18.49343863 ], [ -39.94401445, -18.49344643 ], [ -39.94399651, -18.49347424 ] ] } },
{ "type": "Feature", "properties": { }, "geometry": { "type": "LineString", "coordinates": [ [ -39.94564273, -18.4906082 ], [ -39.94561227, -18.49066381 ], [ -39.94557147, -18.49073522 ], [ -39.94551577, -18.49082975 ], [ -39.94547511, -18.49090123 ], [ -39.94542839, -18.49097984 ], [ -39.9453553, -18.49110651 ], [ -39.94531779, -18.49116932 ], [ -39.94526804, -18.49125667 ], [ -39.94523557, -18.49131182 ], [ -39.94516726, -18.49143068 ], [ -39.94504702, -18.49163573 ], [ -39.94497009, -18.49177069 ], [ -39.94485508, -18.49196818 ], [ -39.94478715, -18.49208724 ], [ -39.94478247, -18.4920951 ], [ -39.94476321, -18.49212622 ], [ -39.94473545, -18.49217354 ], [ -39.94463066, -18.49235576 ], [ -39.94461297, -18.49238773 ], [ -39.94460842, -18.49239565 ], [ -39.94456137, -18.49247409 ], [ -39.9445019, -18.49257696 ], [ -39.94447047, -18.49263266 ], [ -39.94440516, -18.49274276 ], [ -39.94440038, -18.49275057 ], [ -39.94438567, -18.49277376 ], [ -39.94438108, -18.49278167 ], [ -39.9443641, -18.49281398 ], [ -39.94435971, -18.49282199 ], [ -39.94431435, -18.49290132 ], [ -39.9442303, -18.49304285 ], [ -39.94413516, -18.49320951 ], [ -39.94406109, -18.49333566 ], [ -39.94400685, -18.49343096 ], [ -39.94400219, -18.49343883 ], [ -39.94398508, -18.49346657 ] ] } },
{ "type": "Feature", "properties": { }, "geometry": { "type": "LineString", "coordinates": [ [ -39.94562568, -18.49060889 ], [ -39.94560418, -18.49064948 ], [ -39.94556399, -18.4907212 ], [ -39.94550301, -18.49082327 ], [ -39.94545813, -18.49090284 ], [ -39.94541557, -18.49097332 ], [ -39.94538874, -18.49102112 ], [ -39.94530115, -18.49117111 ], [ -39.94521479, -18.49132175 ], [ -39.9451865, -18.49136878 ], [ -39.94506309, -18.49158249 ], [ -39.94498884, -18.49170854 ], [ -39.94496663, -18.49174845 ], [ -39.94485697, -18.49193843 ], [ -39.94481964, -18.49200134 ], [ -39.94476995, -18.49208872 ], [ -39.94474602, -18.49212771 ], [ -39.94472841, -18.49215972 ], [ -39.9447096, -18.4921911 ], [ -39.94461806, -18.49234934 ], [ -39.94459124, -18.49239714 ], [ -39.94455821, -18.49245199 ], [ -39.94444842, -18.4926419 ], [ -39.94440187, -18.49272061 ], [ -39.94437304, -18.49276734 ], [ -39.9443595, -18.49279117 ], [ -39.94433395, -18.4928396 ], [ -39.94431077, -18.49287901 ], [ -39.94429307, -18.49291097 ], [ -39.94426394, -18.49295752 ], [ -39.94424611, -18.49298942 ], [ -39.94414954, -18.49315533 ], [ -39.94412272, -18.49320314 ], [ -39.94402126, -18.49337679 ], [ -39.94399021, -18.49343269 ], [ -39.94397426, -18.49345932 ] ] } },
{ "type": "Feature", "properties": { }, "geometry": { "type": "LineString", "coordinates": [ [ -39.94560882, -18.49060957 ], [ -39.94560078, -18.49062537 ], [ -39.94559644, -18.4906334 ], [ -39.94554723, -18.49072102 ], [ -39.94551975, -18.49076848 ], [ -39.94549151, -18.49081553 ], [ -39.94545082, -18.490887 ], [ -39.9453951, -18.49098153 ], [ -39.94537257, -18.49102127 ], [ -39.94534894, -18.49106043 ], [ -39.94532133, -18.49110782 ], [ -39.94523062, -18.49126649 ], [ -39.94517023, -18.49136887 ], [ -39.94509288, -18.49150361 ], [ -39.94498633, -18.49168491 ], [ -39.94493653, -18.49177223 ], [ -39.94477589, -18.49204891 ], [ -39.94471691, -18.49215204 ], [ -39.94467489, -18.4922228 ], [ -39.94442725, -18.49264979 ], [ -39.94439475, -18.49270493 ], [ -39.94435153, -18.49277503 ], [ -39.94434712, -18.49278303 ], [ -39.94433053, -18.49281553 ], [ -39.94432601, -18.49282347 ], [ -39.94430224, -18.49286255 ], [ -39.94429773, -18.49287049 ], [ -39.94428033, -18.49290261 ], [ -39.94427565, -18.49291046 ], [ -39.9442561, -18.49294143 ], [ -39.94425162, -18.49294939 ], [ -39.94423897, -18.49297367 ], [ -39.94423452, -18.49298164 ], [ -39.94411938, -18.49317906 ], [ -39.94406998, -18.49326659 ], [ -39.94403723, -18.49332159 ], [ -39.94403266, -18.49332951 ], [ -39.94396356, -18.49345214 ] ] } },
{ "type": "Feature", "properties": { }, "geometry": { "type": "LineString", "coordinates": [ [ -39.94559294, -18.49061021 ], [ -39.94555766, -18.4906736 ], [ -39.94547943, -18.49080788 ], [ -39.94540211, -18.49094263 ], [ -39.94530481, -18.49110816 ], [ -39.94524134, -18.49121924 ], [ -39.94510326, -18.49145619 ], [ -39.94507628, -18.49150391 ], [ -39.94500677, -18.49162213 ], [ -39.94496088, -18.49170119 ], [ -39.94493402, -18.49174898 ], [ -39.94474963, -18.49206476 ], [ -39.94470482, -18.49214437 ], [ -39.94465347, -18.49223087 ], [ -39.94460819, -18.49231024 ], [ -39.94447451, -18.49253919 ], [ -39.94439685, -18.49267377 ], [ -39.9443442, -18.49275955 ], [ -39.94433972, -18.49276751 ], [ -39.944305, -18.49283177 ], [ -39.9443002, -18.49283957 ], [ -39.9442902, -18.49285491 ], [ -39.94428561, -18.49286282 ], [ -39.94427242, -18.49288683 ], [ -39.94424438, -18.49293399 ], [ -39.94423997, -18.49294199 ], [ -39.94422289, -18.49297426 ], [ -39.94421831, -18.49298217 ], [ -39.94419946, -18.49301353 ], [ -39.94415885, -18.49308504 ], [ -39.94410261, -18.49317928 ], [ -39.94407128, -18.49323502 ], [ -39.9440026, -18.49335369 ], [ -39.94397659, -18.4934019 ], [ -39.94395191, -18.49344433 ] ] } },
{ "type": "Feature", "properties": { }, "geometry": { "type": "LineString", "coordinates": [ [ -39.94557687, -18.49061086 ], [ -39.94553674, -18.49068202 ], [ -39.94550402, -18.49073704 ], [ -39.9454452, -18.49084025 ], [ -39.94533951, -18.491022 ], [ -39.9453206, -18.49105332 ], [ -39.94527532, -18.4911327 ], [ -39.94525652, -18.49116408 ], [ -39.94521575, -18.49123551 ], [ -39.94519226, -18.49127474 ], [ -39.94514642, -18.49135383 ], [ -39.94512874, -18.49138579 ], [ -39.94509611, -18.49144086 ], [ -39.94505984, -18.49150434 ], [ -39.94496299, -18.4916701 ], [ -39.94493139, -18.49172571 ], [ -39.94478367, -18.49197823 ], [ -39.94469322, -18.49213703 ], [ -39.94462793, -18.49224716 ], [ -39.9446012, -18.492295 ], [ -39.94457771, -18.49233424 ], [ -39.94453221, -18.4924135 ], [ -39.94447206, -18.49251601 ], [ -39.94442714, -18.49259557 ], [ -39.94437585, -18.4926821 ], [ -39.9443282, -18.4927602 ], [ -39.94432376, -18.49276818 ], [ -39.94429795, -18.49281649 ], [ -39.94429324, -18.49282433 ], [ -39.94427372, -18.49285531 ], [ -39.94426921, -18.49286326 ], [ -39.94425618, -18.49288736 ], [ -39.94425169, -18.49289531 ], [ -39.94421982, -18.49295078 ], [ -39.94420229, -18.49298283 ], [ -39.94419764, -18.4929907 ], [ -39.94417858, -18.49302194 ], [ -39.94412855, -18.49310914 ], [ -39.94410003, -18.49315604 ], [ -39.94409544, -18.49316394 ], [ -39.94400524, -18.49332288 ], [ -39.94399105, -18.49334637 ], [ -39.94396886, -18.49338629 ], [ -39.94393971, -18.49343615 ] ] } },
{ "type": "Feature", "properties": { }, "geometry": { "type": "LineString", "coordinates": [ [ -39.94556108, -18.4906115 ], [ -39.9455115, -18.49069833 ], [ -39.94541467, -18.4908641 ], [ -39.94537412, -18.49093564 ], [ -39.94535536, -18.49096705 ], [ -39.94533739, -18.49099887 ], [ -39.94530422, -18.49105364 ], [ -39.94525465, -18.49114108 ], [ -39.9451897, -18.49125138 ], [ -39.94513013, -18.4913542 ], [ -39.94511242, -18.49138616 ], [ -39.94507515, -18.4914491 ], [ -39.94492469, -18.4917105 ], [ -39.94489638, -18.49175751 ], [ -39.94485535, -18.49182881 ], [ -39.94475832, -18.49199447 ], [ -39.94473145, -18.49204225 ], [ -39.94469472, -18.49210548 ], [ -39.94467707, -18.49213747 ], [ -39.94462103, -18.49223182 ], [ -39.94458956, -18.49228749 ], [ -39.94456153, -18.49233466 ], [ -39.94452068, -18.49240605 ], [ -39.94448805, -18.49246112 ], [ -39.94436423, -18.49267461 ], [ -39.94432069, -18.49274454 ], [ -39.94431623, -18.49275251 ], [ -39.94429029, -18.49280076 ], [ -39.94428565, -18.49280863 ], [ -39.94426186, -18.4928477 ], [ -39.9442575, -18.49285572 ], [ -39.94424907, -18.49287191 ], [ -39.94424463, -18.49287989 ], [ -39.94419944, -18.49295932 ], [ -39.94417124, -18.49300639 ], [ -39.94412605, -18.49308581 ], [ -39.94406554, -18.49318813 ], [ -39.9440249, -18.49325963 ], [ -39.94401644, -18.4932758 ], [ -39.94401192, -18.49328374 ], [ -39.943984, -18.49333097 ], [ -39.94396614, -18.49336285 ], [ -39.9439612, -18.49337056 ], [ -39.94395098, -18.49338578 ], [ -39.94394549, -18.49339314 ], [ -39.94394065, -18.49340091 ], [ -39.94392583, -18.49342684 ] ] } },
{ "type": "Feature", "properties": { }, "geometry": { "type": "LineString", "coordinates": [ [ -39.94554462, -18.49061216 ], [ -39.94550351, -18.49068481 ], [ -39.9454199, -18.49082657 ], [ -39.94537966, -18.49089827 ], [ -39.94534662, -18.49095312 ], [ -39.9453334, -18.49097712 ], [ -39.94529156, -18.49104798 ], [ -39.94525084, -18.49111943 ], [ -39.94511236, -18.49135617 ], [ -39.94505828, -18.49145155 ], [ -39.94504388, -18.49147492 ], [ -39.94494329, -18.49164904 ], [ -39.94487387, -18.49176731 ], [ -39.94478763, -18.49191802 ], [ -39.94475014, -18.49198085 ], [ -39.94468594, -18.49209155 ], [ -39.94467281, -18.49211559 ], [ -39.94459854, -18.49224163 ], [ -39.9445718, -18.49228947 ], [ -39.94452573, -18.49236843 ], [ -39.94450811, -18.49240044 ], [ -39.94444227, -18.49251025 ], [ -39.944351, -18.49266863 ], [ -39.94431199, -18.49273062 ], [ -39.9442767, -18.49279459 ], [ -39.94426663, -18.4928099 ], [ -39.94425269, -18.49283353 ], [ -39.94424095, -18.49285821 ], [ -39.94422199, -18.49288951 ], [ -39.9441906, -18.49294523 ], [ -39.94416227, -18.49299223 ], [ -39.94410856, -18.49308781 ], [ -39.94405276, -18.49318229 ], [ -39.94403988, -18.49320645 ], [ -39.94400357, -18.49326991 ], [ -39.94396622, -18.49333281 ], [ -39.94395756, -18.49334888 ], [ -39.94393252, -18.49338724 ], [ -39.94391365, -18.49341867 ] ] } },
{ "type": "Feature", "properties": { }, "geometry": { "type": "LineString", "coordinates": [ [ -39.94552801, -18.49061283 ], [ -39.9454916, -18.49067705 ], [ -39.94540821, -18.49081893 ], [ -39.94536302, -18.49089835 ], [ -39.94534864, -18.49092173 ], [ -39.94522069, -18.49114337 ], [ -39.94511899, -18.4913169 ], [ -39.94504617, -18.4914437 ], [ -39.94495409, -18.49160166 ], [ -39.94492267, -18.49165736 ], [ -39.94486209, -18.49175964 ], [ -39.94480721, -18.49185461 ], [ -39.94477142, -18.49191833 ], [ -39.9445914, -18.49222609 ], [ -39.94454635, -18.49230559 ], [ -39.94451838, -18.49235279 ], [ -39.94448721, -18.49240862 ], [ -39.94443975, -18.49248682 ], [ -39.94441269, -18.49253451 ], [ -39.94436623, -18.49261326 ], [ -39.94434838, -18.49264515 ], [ -39.94430489, -18.4927151 ], [ -39.94428173, -18.49275451 ], [ -39.94425, -18.49281006 ], [ -39.94423267, -18.4928422 ], [ -39.94420449, -18.49288929 ], [ -39.94418265, -18.49292938 ], [ -39.94416384, -18.49296076 ], [ -39.94409247, -18.49308831 ], [ -39.9440367, -18.49318281 ], [ -39.94399657, -18.49325456 ], [ -39.9439682, -18.49330155 ], [ -39.94393605, -18.49335687 ], [ -39.94391688, -18.49338805 ], [ -39.94390351, -18.49341187 ] ] } },
{ "type": "Feature", "properties": { }, "geometry": { "type": "LineString", "coordinates": [ [ -39.94551153, -18.49061349 ], [ -39.94549759, -18.49063691 ], [ -39.94545726, -18.49070856 ], [ -39.94533776, -18.490914 ], [ -39.94529108, -18.49099264 ], [ -39.94515012, -18.49123839 ], [ -39.94510789, -18.49130904 ], [ -39.9450671, -18.49138046 ], [ -39.94501153, -18.49147506 ], [ -39.94498916, -18.49151489 ], [ -39.94494262, -18.4915936 ], [ -39.94491124, -18.49164932 ], [ -39.94485998, -18.49173586 ], [ -39.94475077, -18.49192609 ], [ -39.94471801, -18.49198108 ], [ -39.94467721, -18.4920525 ], [ -39.94465818, -18.49208376 ], [ -39.94459402, -18.49219448 ], [ -39.94453524, -18.49229771 ], [ -39.94450199, -18.49235244 ], [ -39.94447058, -18.49240815 ], [ -39.94441439, -18.49250241 ], [ -39.94433253, -18.4926451 ], [ -39.94429746, -18.49269879 ], [ -39.94422574, -18.49282617 ], [ -39.94419248, -18.49288089 ], [ -39.94417472, -18.49291282 ], [ -39.94415158, -18.49295225 ], [ -39.94412116, -18.49300845 ], [ -39.94407634, -18.49308807 ], [ -39.94402524, -18.49317469 ], [ -39.94399867, -18.49322263 ], [ -39.94396128, -18.49328551 ], [ -39.943925, -18.49334898 ], [ -39.9438923, -18.49340435 ] ] } },
{ "type": "Feature", "properties": { }, "geometry": { "type": "LineString", "coordinates": [ [ -39.94549475, -18.4906144 ], [ -39.94545901, -18.49067753 ], [ -39.94542174, -18.49074047 ], [ -39.94540873, -18.49076458 ], [ -39.94527895, -18.49098525 ], [ -39.94525686, -18.49102522 ], [ -39.94520132, -18.49111983 ], [ -39.94518379, -18.49115188 ], [ -39.94512902, -18.4912469 ], [ -39.94509598, -18.49130175 ], [ -39.94505062, -18.49138108 ], [ -39.94494454, -18.49156263 ], [ -39.94490379, -18.49163406 ], [ -39.94486168, -18.49170478 ], [ -39.94477993, -18.49184753 ], [ -39.94464636, -18.49207653 ], [ -39.94462417, -18.49211645 ], [ -39.9445916, -18.49217155 ], [ -39.94455537, -18.49223504 ], [ -39.94454572, -18.4922506 ], [ -39.94452327, -18.49229038 ], [ -39.94449014, -18.49234518 ], [ -39.94444027, -18.49243246 ], [ -39.94442081, -18.49246348 ], [ -39.94439759, -18.49250286 ], [ -39.9443257, -18.49263015 ], [ -39.9442855, -18.49269143 ], [ -39.94426798, -18.49272348 ], [ -39.94423951, -18.49277041 ], [ -39.94420418, -18.49283437 ], [ -39.94418987, -18.49285779 ], [ -39.94415383, -18.49292138 ], [ -39.94414397, -18.49293682 ], [ -39.94412573, -18.4929685 ], [ -39.94410485, -18.49300905 ], [ -39.9440736, -18.49306485 ], [ -39.94401772, -18.49315928 ], [ -39.94397714, -18.49323081 ], [ -39.94393079, -18.49330962 ], [ -39.94390811, -18.49334929 ], [ -39.94389549, -18.49337358 ], [ -39.94388062, -18.49339652 ] ] } },
{ "type": "Feature", "properties": { }, "geometry": { "type": "LineString", "coordinates": [ [ -39.94547726, -18.49061602 ], [ -39.94545093, -18.49066346 ], [ -39.94542737, -18.49070266 ], [ -39.94539578, -18.49075828 ], [ -39.94534938, -18.49083706 ], [ -39.94531306, -18.49090051 ], [ -39.94527104, -18.49097127 ], [ -39.9452398, -18.49102707 ], [ -39.94519342, -18.49110587 ], [ -39.94517115, -18.49114575 ], [ -39.94513386, -18.49120868 ], [ -39.94510234, -18.49126434 ], [ -39.94505556, -18.49134291 ], [ -39.94500125, -18.49143817 ], [ -39.94491802, -18.49158014 ], [ -39.94489132, -18.49162801 ], [ -39.94482622, -18.49173823 ], [ -39.94471716, -18.49192853 ], [ -39.94466121, -18.49202292 ], [ -39.94460231, -18.49212609 ], [ -39.94453298, -18.49224441 ], [ -39.94450587, -18.49229207 ], [ -39.94448221, -18.49233121 ], [ -39.94442729, -18.49242615 ], [ -39.94440358, -18.49246527 ], [ -39.94431274, -18.49262387 ], [ -39.9442985, -18.49264734 ], [ -39.9442738, -18.49268589 ], [ -39.94425061, -18.49272528 ], [ -39.94423127, -18.49275637 ], [ -39.94418679, -18.49283615 ], [ -39.94416848, -18.4928678 ], [ -39.94414258, -18.49291606 ], [ -39.94411442, -18.49296316 ], [ -39.94409707, -18.49299529 ], [ -39.94406995, -18.49304295 ], [ -39.94400949, -18.49314529 ], [ -39.94398672, -18.49318491 ], [ -39.94397365, -18.49320898 ], [ -39.94389512, -18.4933431 ], [ -39.94389065, -18.49335107 ], [ -39.94388257, -18.49336742 ], [ -39.94387835, -18.4933755 ], [ -39.94386993, -18.49338935 ] ] } },
{ "type": "Feature", "properties": { }, "geometry": { "type": "LineString", "coordinates": [ [ -39.94546095, -18.49061754 ], [ -39.94540584, -18.49071176 ], [ -39.94537895, -18.49075953 ], [ -39.94532312, -18.49085399 ], [ -39.94527797, -18.49093343 ], [ -39.94525915, -18.4909648 ], [ -39.94519985, -18.49106776 ], [ -39.9451122, -18.49121772 ], [ -39.94510767, -18.49122566 ], [ -39.94509444, -18.49124965 ], [ -39.94508988, -18.49125757 ], [ -39.94506595, -18.49129656 ], [ -39.94499332, -18.49142347 ], [ -39.94494658, -18.49150207 ], [ -39.94490551, -18.49157334 ], [ -39.94487427, -18.49162914 ], [ -39.94476794, -18.49181055 ], [ -39.94470895, -18.49191367 ], [ -39.94465332, -18.49200824 ], [ -39.94448902, -18.49229331 ], [ -39.94439101, -18.49245846 ], [ -39.94438644, -18.49246637 ], [ -39.94435983, -18.49251428 ], [ -39.94430022, -18.49261708 ], [ -39.94429555, -18.49262494 ], [ -39.94420916, -18.49276518 ], [ -39.94420452, -18.49277306 ], [ -39.94418259, -18.49281311 ], [ -39.94417806, -18.49282104 ], [ -39.94416853, -18.49283666 ], [ -39.94416397, -18.49284458 ], [ -39.94413843, -18.49289302 ], [ -39.94413403, -18.49290102 ], [ -39.94410624, -18.49294832 ], [ -39.94410174, -18.49295627 ], [ -39.94408019, -18.49299651 ], [ -39.94407576, -18.4930045 ], [ -39.94400174, -18.49313067 ], [ -39.94395212, -18.49321808 ], [ -39.94388739, -18.4933285 ], [ -39.94388288, -18.49333645 ], [ -39.94387423, -18.49335253 ], [ -39.94386975, -18.49336049 ], [ -39.94385746, -18.49338099 ] ] } },
{ "type": "Feature", "properties": { }, "geometry": { "type": "LineString", "coordinates": [ [ -39.94544359, -18.49061916 ], [ -39.94539307, -18.49070547 ], [ -39.94537087, -18.49074539 ], [ -39.94534254, -18.49079239 ], [ -39.94533795, -18.49080029 ], [ -39.94527903, -18.49090345 ], [ -39.94522799, -18.49099011 ], [ -39.9450723, -18.49125908 ], [ -39.94504875, -18.49129828 ], [ -39.9449946, -18.49139363 ], [ -39.94492041, -18.49151971 ], [ -39.94485245, -18.49163875 ], [ -39.94480123, -18.49172532 ], [ -39.94443476, -18.4923581 ], [ -39.9443879, -18.49243664 ], [ -39.94436102, -18.49248441 ], [ -39.94429229, -18.49260305 ], [ -39.94427375, -18.49263458 ], [ -39.94423963, -18.49268881 ], [ -39.94420146, -18.49275127 ], [ -39.94415527, -18.49283016 ], [ -39.94409667, -18.49293349 ], [ -39.94407559, -18.49297395 ], [ -39.94404457, -18.49302986 ], [ -39.94398934, -18.49312464 ], [ -39.94394868, -18.49319613 ], [ -39.94391121, -18.49325896 ], [ -39.94387014, -18.49333024 ], [ -39.94385728, -18.49335441 ], [ -39.94384636, -18.4933725 ] ] } },
{ "type": "Feature", "properties": { }, "geometry": { "type": "LineString", "coordinates": [ [ -39.94542636, -18.49062077 ], [ -39.94539945, -18.4906679 ], [ -39.94537606, -18.49070719 ], [ -39.94533545, -18.4907787 ], [ -39.94532579, -18.49079425 ], [ -39.94525269, -18.49092091 ], [ -39.94522012, -18.49097601 ], [ -39.94520688, -18.491 ], [ -39.94516099, -18.49107905 ], [ -39.94511436, -18.49115771 ], [ -39.94499135, -18.49137163 ], [ -39.94492181, -18.49148984 ], [ -39.94484468, -18.4916247 ], [ -39.94478882, -18.49171914 ], [ -39.94476671, -18.4917591 ], [ -39.94464251, -18.49197239 ], [ -39.94461901, -18.49201162 ], [ -39.94461028, -18.49202766 ], [ -39.94457774, -18.49208278 ], [ -39.94449104, -18.49223325 ], [ -39.94444453, -18.49231197 ], [ -39.94441766, -18.49235975 ], [ -39.94437114, -18.49243847 ], [ -39.94433039, -18.49250991 ], [ -39.94428344, -18.49258839 ], [ -39.94424704, -18.4926518 ], [ -39.94422299, -18.49269073 ], [ -39.94420456, -18.49272231 ], [ -39.94419452, -18.49273764 ], [ -39.94412454, -18.49285561 ], [ -39.94408496, -18.49292764 ], [ -39.94407111, -18.49295131 ], [ -39.9440453, -18.49299962 ], [ -39.94399587, -18.49308713 ], [ -39.94393144, -18.49319771 ], [ -39.94390308, -18.4932447 ], [ -39.9438853, -18.49327662 ], [ -39.94385301, -18.49333187 ], [ -39.94384447, -18.493348 ], [ -39.94383507, -18.49336314 ] ] } },
{ "type": "Feature", "properties": { }, "geometry": { "type": "LineString", "coordinates": [ [ -39.9454086, -18.49062242 ], [ -39.94532279, -18.49077273 ], [ -39.9452485, -18.49089875 ], [ -39.94514354, -18.49108089 ], [ -39.94509701, -18.4911596 ], [ -39.94497877, -18.49136571 ], [ -39.94490932, -18.49148397 ], [ -39.94486404, -18.49156334 ], [ -39.94480829, -18.49165784 ], [ -39.94475845, -18.49174514 ], [ -39.94471658, -18.49181599 ], [ -39.9446483, -18.49193486 ], [ -39.9445784, -18.49205288 ], [ -39.94454251, -18.49211655 ], [ -39.94445936, -18.49225856 ], [ -39.94440478, -18.49235368 ], [ -39.94435806, -18.49243229 ], [ -39.9443127, -18.49251162 ], [ -39.9442751, -18.49257439 ], [ -39.94427052, -18.4925823 ], [ -39.94424384, -18.49263018 ], [ -39.94423923, -18.49263807 ], [ -39.94420106, -18.49270052 ], [ -39.94417323, -18.4927478 ], [ -39.94416841, -18.49275558 ], [ -39.94414837, -18.49278626 ], [ -39.94414353, -18.49279403 ], [ -39.9441156, -18.49284125 ], [ -39.94411119, -18.49284925 ], [ -39.94409465, -18.49288177 ], [ -39.9440903, -18.4928898 ], [ -39.94406279, -18.49293724 ], [ -39.94405839, -18.49294525 ], [ -39.94403727, -18.49298569 ], [ -39.94401953, -18.49301763 ], [ -39.94393725, -18.4931601 ], [ -39.9438997, -18.49322289 ], [ -39.94389513, -18.49323081 ], [ -39.94387734, -18.49326273 ], [ -39.94382388, -18.49335387 ] ] } },
{ "type": "Feature", "properties": { }, "geometry": { "type": "LineString", "coordinates": [ [ -39.94539142, -18.49062402 ], [ -39.94535062, -18.49069481 ], [ -39.94533309, -18.49072685 ], [ -39.94532851, -18.49073476 ], [ -39.94523118, -18.49090026 ], [ -39.94512143, -18.4910902 ], [ -39.94509787, -18.4911294 ], [ -39.94499815, -18.49130397 ], [ -39.94488757, -18.49149347 ], [ -39.94485607, -18.49154913 ], [ -39.94477278, -18.49169107 ], [ -39.9447321, -18.49176254 ], [ -39.94466279, -18.49188087 ], [ -39.94461305, -18.49196822 ], [ -39.94459386, -18.49199939 ], [ -39.94455199, -18.49207023 ], [ -39.94452522, -18.49211806 ], [ -39.94440544, -18.49232336 ], [ -39.94439229, -18.49234739 ], [ -39.94434071, -18.49243376 ], [ -39.94428608, -18.49252887 ], [ -39.94425783, -18.49257591 ], [ -39.94422648, -18.49263165 ], [ -39.94422183, -18.49263953 ], [ -39.94416551, -18.49273372 ], [ -39.94413591, -18.49278001 ], [ -39.94411249, -18.49281928 ], [ -39.94409915, -18.49284322 ], [ -39.94407902, -18.49288412 ], [ -39.94407425, -18.49289193 ], [ -39.94406929, -18.49289963 ], [ -39.94406035, -18.49291556 ], [ -39.94404591, -18.49293891 ], [ -39.94404162, -18.49294696 ], [ -39.94402915, -18.49297133 ], [ -39.94401599, -18.49299535 ], [ -39.94390147, -18.4931931 ], [ -39.94388726, -18.49321658 ], [ -39.94385567, -18.4932722 ], [ -39.94381265, -18.49334457 ] ] } },
{ "type": "Feature", "properties": { }, "geometry": { "type": "LineString", "coordinates": [ [ -39.94537479, -18.49062557 ], [ -39.94532537, -18.49071246 ], [ -39.94514984, -18.49101226 ], [ -39.94509547, -18.49110749 ], [ -39.9450766, -18.49113884 ], [ -39.945008, -18.49125755 ], [ -39.94496292, -18.49133702 ], [ -39.94491633, -18.49141571 ], [ -39.94488937, -18.49146344 ], [ -39.944875, -18.49148683 ], [ -39.94477907, -18.49165308 ], [ -39.94474642, -18.49170814 ], [ -39.94462298, -18.49192183 ], [ -39.94460087, -18.49196179 ], [ -39.94456725, -18.49201631 ], [ -39.94454878, -18.49204787 ], [ -39.94454417, -18.49205577 ], [ -39.94450376, -18.49212738 ], [ -39.94446166, -18.4921981 ], [ -39.94436614, -18.49236457 ], [ -39.94431439, -18.49245085 ], [ -39.94429675, -18.49248284 ], [ -39.94425495, -18.49255372 ], [ -39.94421894, -18.49261733 ], [ -39.94417654, -18.49268789 ], [ -39.94413514, -18.49275899 ], [ -39.94409665, -18.49282126 ], [ -39.94408396, -18.49284552 ], [ -39.94407217, -18.49287018 ], [ -39.94405921, -18.49289431 ], [ -39.94403051, -18.49294111 ], [ -39.94400386, -18.492989 ], [ -39.94398495, -18.49302033 ], [ -39.94383851, -18.49327352 ], [ -39.94380174, -18.49333553 ] ] } },
{ "type": "Feature", "properties": { }, "geometry": { "type": "LineString", "coordinates": [ [ -39.94535712, -18.49062721 ], [ -39.94534004, -18.49065888 ], [ -39.94531759, -18.49069867 ], [ -39.94528003, -18.49076145 ], [ -39.94514162, -18.49099823 ], [ -39.94509247, -18.49108588 ], [ -39.94508789, -18.49109379 ], [ -39.9450411, -18.49117236 ], [ -39.9449455, -18.49133878 ], [ -39.94490815, -18.49140168 ], [ -39.94483046, -18.49153625 ], [ -39.94479319, -18.4915992 ], [ -39.94476614, -18.49164688 ], [ -39.94471529, -18.49173364 ], [ -39.94460115, -18.49193159 ], [ -39.94454051, -18.49203384 ], [ -39.94448622, -18.49212911 ], [ -39.94443978, -18.49220788 ], [ -39.94435772, -18.49235046 ], [ -39.94431129, -18.49242923 ], [ -39.94427964, -18.49248481 ], [ -39.94423277, -18.49256335 ], [ -39.94420124, -18.49261899 ], [ -39.94418232, -18.49265031 ], [ -39.94415059, -18.49270585 ], [ -39.94414113, -18.49272151 ], [ -39.94413657, -18.49272943 ], [ -39.94412792, -18.49274551 ], [ -39.94412337, -18.49275344 ], [ -39.94409466, -18.49280023 ], [ -39.94409014, -18.49280817 ], [ -39.94406883, -18.49284853 ], [ -39.94405548, -18.49287246 ], [ -39.94405084, -18.49288034 ], [ -39.94402691, -18.49291933 ], [ -39.94402233, -18.49292724 ], [ -39.94400489, -18.49295933 ], [ -39.94400035, -18.49296726 ], [ -39.94397677, -18.49300645 ], [ -39.94394034, -18.49306984 ], [ -39.94391222, -18.49311696 ], [ -39.94390763, -18.49312487 ], [ -39.94388077, -18.49317265 ], [ -39.94383014, -18.49325953 ], [ -39.94379023, -18.49332599 ] ] } },
{ "type": "Feature", "properties": { }, "geometry": { "type": "LineString", "coordinates": [ [ -39.94534067, -18.49062875 ], [ -39.9453043, -18.49069286 ], [ -39.94527149, -18.49074783 ], [ -39.94524896, -18.49078757 ], [ -39.94512874, -18.49099263 ], [ -39.94506117, -18.49111188 ], [ -39.94498248, -18.49124591 ], [ -39.94496951, -18.49127004 ], [ -39.94495504, -18.49129337 ], [ -39.94486728, -18.49144327 ], [ -39.94479924, -18.49156227 ], [ -39.94472524, -18.49168845 ], [ -39.94468914, -18.49175202 ], [ -39.94463356, -18.49184661 ], [ -39.94460649, -18.49189429 ], [ -39.94454117, -18.49200439 ], [ -39.94448241, -18.49210763 ], [ -39.94432109, -18.49238396 ], [ -39.94426656, -18.49247911 ], [ -39.94424812, -18.49251068 ], [ -39.94421919, -18.49255735 ], [ -39.94416933, -18.49264464 ], [ -39.94415204, -18.4926768 ], [ -39.94413795, -18.49270035 ], [ -39.94409739, -18.49277188 ], [ -39.94405452, -18.49284219 ], [ -39.94399639, -18.49294575 ], [ -39.94395882, -18.49300853 ], [ -39.94391828, -18.49308008 ], [ -39.94389454, -18.49311918 ], [ -39.9438172, -18.49325393 ], [ -39.94377927, -18.49331691 ] ] } },
{ "type": "Feature", "properties": { }, "geometry": { "type": "LineString", "coordinates": [ [ -39.94532295, -18.4906304 ], [ -39.9452826, -18.49070142 ], [ -39.94525458, -18.4907486 ], [ -39.94520916, -18.4908279 ], [ -39.94517646, -18.49088293 ], [ -39.945117, -18.4909858 ], [ -39.94511247, -18.49099374 ], [ -39.94509487, -18.49102575 ], [ -39.94504418, -18.4911126 ], [ -39.94503961, -18.49112052 ], [ -39.94502179, -18.49115242 ], [ -39.9449334, -18.49130198 ], [ -39.94487891, -18.49139715 ], [ -39.94483229, -18.49147582 ], [ -39.94478267, -18.49156323 ], [ -39.9446947, -18.49171302 ], [ -39.9446497, -18.49179254 ], [ -39.94461685, -18.49184749 ], [ -39.94456666, -18.4919346 ], [ -39.94453391, -18.4919896 ], [ -39.94448882, -18.49206908 ], [ -39.94441493, -18.49219532 ], [ -39.94441035, -18.49220323 ], [ -39.94439256, -18.49223515 ], [ -39.94433644, -18.49232945 ], [ -39.94424048, -18.49249568 ], [ -39.94421195, -18.49254257 ], [ -39.94420733, -18.49255046 ], [ -39.94419026, -18.49258273 ], [ -39.94415739, -18.49263767 ], [ -39.94413933, -18.49266945 ], [ -39.9441201, -18.4927006 ], [ -39.94410246, -18.49273259 ], [ -39.94409012, -18.49275701 ], [ -39.94408584, -18.49276507 ], [ -39.94404771, -18.49282754 ], [ -39.94399803, -18.49291492 ], [ -39.94396054, -18.49297775 ], [ -39.94391063, -18.49306501 ], [ -39.94388707, -18.4931042 ], [ -39.94381442, -18.4932311 ], [ -39.94376837, -18.49330787 ] ] } },
{ "type": "Feature", "properties": { }, "geometry": { "type": "LineString", "coordinates": [ [ -39.94530619, -18.49063196 ], [ -39.9452931, -18.49065541 ], [ -39.94523281, -18.49075784 ], [ -39.94522834, -18.49076581 ], [ -39.9452153, -18.4907899 ], [ -39.94521073, -18.49079782 ], [ -39.94519654, -18.49082131 ], [ -39.94519194, -18.4908292 ], [ -39.94515583, -18.49089276 ], [ -39.94510008, -18.49098727 ], [ -39.94498156, -18.49119323 ], [ -39.94493487, -18.49127186 ], [ -39.94487591, -18.49137499 ], [ -39.94482021, -18.49146952 ], [ -39.94477962, -18.49154104 ], [ -39.94471904, -18.49164332 ], [ -39.94464184, -18.49177815 ], [ -39.94453071, -18.49196735 ], [ -39.94449034, -18.49203898 ], [ -39.9444442, -18.49211791 ], [ -39.94441733, -18.49216568 ], [ -39.94439849, -18.49219705 ], [ -39.94435747, -18.49226835 ], [ -39.9443336, -18.49230737 ], [ -39.94432893, -18.49231523 ], [ -39.94424665, -18.4924577 ], [ -39.94419982, -18.49253625 ], [ -39.94419538, -18.49254423 ], [ -39.94418261, -18.49256845 ], [ -39.94416907, -18.49259229 ], [ -39.94414551, -18.49263148 ], [ -39.94412107, -18.49267019 ], [ -39.94411638, -18.49267804 ], [ -39.94410736, -18.49269393 ], [ -39.94410307, -18.49270199 ], [ -39.94409073, -18.49272641 ], [ -39.94408642, -18.49273446 ], [ -39.94407306, -18.49275839 ], [ -39.94404497, -18.49280552 ], [ -39.94403153, -18.49282941 ], [ -39.9440269, -18.49283729 ], [ -39.94400307, -18.49287634 ], [ -39.94399843, -18.49288422 ], [ -39.94396211, -18.49294767 ], [ -39.94393374, -18.49299465 ], [ -39.94392925, -18.49300261 ], [ -39.94391639, -18.49302678 ], [ -39.94391196, -18.49303477 ], [ -39.94384374, -18.49315368 ], [ -39.94379765, -18.49323263 ], [ -39.94375748, -18.49329885 ] ] } },
{ "type": "Feature", "properties": { }, "geometry": { "type": "LineString", "coordinates": [ [ -39.94528889, -18.49063486 ], [ -39.94522871, -18.49073659 ], [ -39.94520199, -18.49078444 ], [ -39.94516481, -18.49084744 ], [ -39.94512398, -18.49091884 ], [ -39.94510044, -18.49095804 ], [ -39.94501864, -18.49110077 ], [ -39.94498085, -18.49116343 ], [ -39.94494501, -18.49122713 ], [ -39.94490761, -18.49129001 ], [ -39.9448763, -18.49134577 ], [ -39.94481169, -18.49145625 ], [ -39.94478026, -18.49151195 ], [ -39.94470591, -18.49163795 ], [ -39.9446563, -18.49172536 ], [ -39.94459109, -18.49183553 ], [ -39.94454614, -18.49191507 ], [ -39.94451314, -18.49196994 ], [ -39.94448182, -18.49202569 ], [ -39.9444264, -18.49212037 ], [ -39.94436304, -18.49223152 ], [ -39.94427886, -18.49237297 ], [ -39.94424301, -18.49243667 ], [ -39.94422843, -18.49245994 ], [ -39.94418251, -18.49253898 ], [ -39.94415623, -18.49258705 ], [ -39.94410404, -18.49267309 ], [ -39.94406899, -18.49273718 ], [ -39.94403612, -18.49279212 ], [ -39.94400468, -18.49284782 ], [ -39.94398077, -18.49288682 ], [ -39.9439444, -18.49295025 ], [ -39.94393001, -18.49297362 ], [ -39.94389938, -18.49302973 ], [ -39.94386665, -18.49308474 ], [ -39.94384877, -18.49311661 ], [ -39.94377964, -18.49323504 ], [ -39.94374616, -18.4932896 ] ] } },
{ "type": "Feature", "properties": { }, "geometry": { "type": "LineString", "coordinates": [ [ -39.94526898, -18.49064093 ], [ -39.9452222, -18.49071969 ], [ -39.94518664, -18.49078353 ], [ -39.94515825, -18.4908305 ], [ -39.94512207, -18.49089402 ], [ -39.94507094, -18.49098064 ], [ -39.94502586, -18.49106011 ], [ -39.94499762, -18.49110717 ], [ -39.94494357, -18.49120257 ], [ -39.9449012, -18.49127314 ], [ -39.9448517, -18.49136061 ], [ -39.94479147, -18.49146308 ], [ -39.94476475, -18.49151094 ], [ -39.94469035, -18.49163691 ], [ -39.94461299, -18.49177164 ], [ -39.94457985, -18.49182643 ], [ -39.94453946, -18.49189806 ], [ -39.94450205, -18.49196093 ], [ -39.94448444, -18.49199293 ], [ -39.94437896, -18.4921748 ], [ -39.94436133, -18.4922068 ], [ -39.94426813, -18.49236415 ], [ -39.9442462, -18.4924042 ], [ -39.94421836, -18.49245147 ], [ -39.9442006, -18.4924834 ], [ -39.94417662, -18.49252236 ], [ -39.94414108, -18.49258621 ], [ -39.94409939, -18.49265716 ], [ -39.94406401, -18.49272109 ], [ -39.9440306, -18.49277573 ], [ -39.94400821, -18.49281555 ], [ -39.94398425, -18.49285452 ], [ -39.94395198, -18.49290978 ], [ -39.94393008, -18.49294985 ], [ -39.94392216, -18.49296626 ], [ -39.94390393, -18.49299795 ], [ -39.94388859, -18.49302078 ], [ -39.94386, -18.49306764 ], [ -39.94376431, -18.49323401 ], [ -39.94373461, -18.49328082 ] ] } },
{ "type": "Feature", "properties": { }, "geometry": { "type": "LineString", "coordinates": [ [ -39.9452479, -18.49064736 ], [ -39.94517062, -18.49078253 ], [ -39.94512376, -18.49086106 ], [ -39.94511061, -18.4908851 ], [ -39.94505579, -18.49098009 ], [ -39.94498637, -18.49109836 ], [ -39.94496453, -18.49113846 ], [ -39.94493266, -18.49119393 ], [ -39.94486218, -18.49131163 ], [ -39.94481748, -18.4913913 ], [ -39.94478478, -18.49144633 ], [ -39.94475339, -18.49150206 ], [ -39.94461897, -18.4917306 ], [ -39.94460163, -18.49176274 ], [ -39.94456874, -18.49181767 ], [ -39.94455105, -18.49184963 ], [ -39.94450027, -18.49193643 ], [ -39.94448717, -18.49196049 ], [ -39.94445912, -18.49200765 ], [ -39.94436789, -18.49216605 ], [ -39.94434902, -18.4921974 ], [ -39.94432221, -18.49224521 ], [ -39.94425243, -18.49236329 ], [ -39.94419819, -18.49245859 ], [ -39.94413378, -18.49256918 ], [ -39.9441207, -18.49259325 ], [ -39.94410648, -18.49261672 ], [ -39.94405283, -18.49271232 ], [ -39.9440143, -18.49277457 ], [ -39.94400108, -18.49279857 ], [ -39.94393187, -18.49291696 ], [ -39.94391897, -18.49294111 ], [ -39.94390693, -18.49296567 ], [ -39.94388367, -18.49300503 ], [ -39.9438489, -18.49305889 ], [ -39.94382654, -18.49309873 ], [ -39.94379331, -18.49315347 ], [ -39.94375746, -18.49321716 ], [ -39.9437229, -18.49327192 ] ] } },
{ "type": "Feature", "properties": { }, "geometry": { "type": "LineString", "coordinates": [ [ -39.94522769, -18.49065352 ], [ -39.94521937, -18.49066905 ], [ -39.9452147, -18.49067691 ], [ -39.94519549, -18.49070807 ], [ -39.945191, -18.49071602 ], [ -39.94516908, -18.49075608 ], [ -39.94511367, -18.49085076 ], [ -39.94509147, -18.49089067 ], [ -39.94507732, -18.49091418 ], [ -39.94505491, -18.49095399 ], [ -39.94498503, -18.49107201 ], [ -39.94492211, -18.49118339 ], [ -39.94486077, -18.49128525 ], [ -39.94476117, -18.49145989 ], [ -39.94474696, -18.49148336 ], [ -39.9446969, -18.49157054 ], [ -39.94456746, -18.49179139 ], [ -39.94448579, -18.49193418 ], [ -39.94446232, -18.49197343 ], [ -39.94443569, -18.49202133 ], [ -39.94441204, -18.49206048 ], [ -39.9443849, -18.49210811 ], [ -39.94433835, -18.49218682 ], [ -39.94431637, -18.49222684 ], [ -39.94428784, -18.49227373 ], [ -39.94423235, -18.49236838 ], [ -39.94418744, -18.49244795 ], [ -39.94410947, -18.49258236 ], [ -39.94404674, -18.49269383 ], [ -39.94400846, -18.49275622 ], [ -39.9439813, -18.49280385 ], [ -39.94392576, -18.49289846 ], [ -39.94390338, -18.49293829 ], [ -39.94388295, -18.49297905 ], [ -39.94387825, -18.4929869 ], [ -39.94383879, -18.49304862 ], [ -39.9438342, -18.49305652 ], [ -39.94382082, -18.49308044 ], [ -39.94377371, -18.49315884 ], [ -39.94374653, -18.49320646 ], [ -39.9437117, -18.49326341 ] ] } },
{ "type": "Feature", "properties": { }, "geometry": { "type": "LineString", "coordinates": [ [ -39.9452058, -18.49066186 ], [ -39.94508349, -18.49087596 ], [ -39.94499619, -18.49102611 ], [ -39.94498184, -18.49104951 ], [ -39.94490936, -18.4911765 ], [ -39.94483897, -18.49129424 ], [ -39.94475781, -18.49143729 ], [ -39.94465139, -18.49161866 ], [ -39.94459711, -18.49171394 ], [ -39.94453234, -18.49182434 ], [ -39.94451018, -18.49186427 ], [ -39.94450038, -18.49187974 ], [ -39.9444825, -18.49191161 ], [ -39.94438068, -18.49208507 ], [ -39.94436296, -18.49211703 ], [ -39.94433015, -18.492172 ], [ -39.94430799, -18.49221193 ], [ -39.94427497, -18.49226679 ], [ -39.94423856, -18.49233019 ], [ -39.9442151, -18.49236944 ], [ -39.94412513, -18.49252849 ], [ -39.94410604, -18.49255972 ], [ -39.94407029, -18.49262346 ], [ -39.94402906, -18.49269465 ], [ -39.94400031, -18.49274142 ], [ -39.94392777, -18.49286837 ], [ -39.94389077, -18.49293147 ], [ -39.943866, -18.49298027 ], [ -39.94382652, -18.49304198 ], [ -39.94380407, -18.49308176 ], [ -39.94377534, -18.49312855 ], [ -39.94375753, -18.49316045 ], [ -39.9437342, -18.49319977 ], [ -39.94370002, -18.49325454 ] ] } },
{ "type": "Feature", "properties": { }, "geometry": { "type": "LineString", "coordinates": [ [ -39.94518321, -18.49067397 ], [ -39.94516964, -18.49069678 ], [ -39.94515196, -18.49072876 ], [ -39.94511557, -18.49079216 ], [ -39.94500056, -18.49098965 ], [ -39.94493711, -18.49110075 ], [ -39.94482562, -18.49128976 ], [ -39.94475346, -18.49141691 ], [ -39.944679, -18.49154284 ], [ -39.94462866, -18.49162988 ], [ -39.9446064, -18.49166976 ], [ -39.94457845, -18.49171698 ], [ -39.94439993, -18.49202553 ], [ -39.94437627, -18.49206467 ], [ -39.94435848, -18.49209659 ], [ -39.94431231, -18.49217549 ], [ -39.94428079, -18.49223114 ], [ -39.94424309, -18.49229386 ], [ -39.94423849, -18.49230176 ], [ -39.94412933, -18.492492 ], [ -39.94409689, -18.49254717 ], [ -39.94402926, -18.49266639 ], [ -39.94398252, -18.49274499 ], [ -39.94391877, -18.49285593 ], [ -39.94389995, -18.4928873 ], [ -39.9438954, -18.49289523 ], [ -39.9438775, -18.49292709 ], [ -39.94386528, -18.49295156 ], [ -39.94385656, -18.49296761 ], [ -39.94385179, -18.49297542 ], [ -39.94382228, -18.49302175 ], [ -39.94381757, -18.49302959 ], [ -39.9438037, -18.49305325 ], [ -39.9437906, -18.49307731 ], [ -39.94378585, -18.49308513 ], [ -39.94377106, -18.49310828 ], [ -39.94376642, -18.49311616 ], [ -39.94373028, -18.4931797 ], [ -39.943695, -18.49323672 ] ] } },
{ "type": "Feature", "properties": { }, "geometry": { "type": "LineString", "coordinates": [ [ -39.94516024, -18.49068628 ], [ -39.94513757, -18.49072655 ], [ -39.9449994, -18.49096345 ], [ -39.94495002, -18.49105099 ], [ -39.94479745, -18.49131127 ], [ -39.94472987, -18.49143051 ], [ -39.94469654, -18.49148519 ], [ -39.94461852, -18.49161958 ], [ -39.94459638, -18.49165953 ], [ -39.9445683, -18.49170667 ], [ -39.94445429, -18.49190468 ], [ -39.94441713, -18.49196769 ], [ -39.9444039, -18.49199168 ], [ -39.94430207, -18.49216514 ], [ -39.94427549, -18.49221306 ], [ -39.9442561, -18.49224412 ], [ -39.94422839, -18.49229146 ], [ -39.94413274, -18.49245786 ], [ -39.94412429, -18.49247403 ], [ -39.94392195, -18.49282165 ], [ -39.94388637, -18.49288549 ], [ -39.94386294, -18.49292475 ], [ -39.94384138, -18.49296499 ], [ -39.94380758, -18.49301941 ], [ -39.94378053, -18.49306709 ], [ -39.9437611, -18.49309812 ], [ -39.94372907, -18.49315351 ], [ -39.9436912, -18.49321606 ] ] } },
{ "type": "Feature", "properties": { }, "geometry": { "type": "LineString", "coordinates": [ [ -39.94513737, -18.49069854 ], [ -39.94512365, -18.49072315 ], [ -39.94509946, -18.49076199 ], [ -39.94508643, -18.49078608 ], [ -39.9450444, -18.49085684 ], [ -39.94500874, -18.49092064 ], [ -39.94498484, -18.49095964 ], [ -39.94497172, -18.49098369 ], [ -39.94495741, -18.49100712 ], [ -39.94493572, -18.49104728 ], [ -39.94484793, -18.49119717 ], [ -39.94482402, -18.49123617 ], [ -39.94479771, -18.49128423 ], [ -39.94474214, -18.49137883 ], [ -39.94471998, -18.49141877 ], [ -39.94465925, -18.49152096 ], [ -39.94457752, -18.49166372 ], [ -39.94453997, -18.49172652 ], [ -39.94451779, -18.49176644 ], [ -39.94447587, -18.49183726 ], [ -39.94438946, -18.49198787 ], [ -39.94437502, -18.49201122 ], [ -39.94436648, -18.49202736 ], [ -39.94434723, -18.49205849 ], [ -39.94426519, -18.49220109 ], [ -39.94425518, -18.49221643 ], [ -39.94424187, -18.49224039 ], [ -39.94418625, -18.49233496 ], [ -39.94412799, -18.49243846 ], [ -39.94407748, -18.49252541 ], [ -39.94406911, -18.49254162 ], [ -39.94405918, -18.49255701 ], [ -39.94401341, -18.49263613 ], [ -39.94399585, -18.49266816 ], [ -39.94394436, -18.49275458 ], [ -39.94388588, -18.49285797 ], [ -39.94384805, -18.49292061 ], [ -39.94383058, -18.49295269 ], [ -39.94380212, -18.49299962 ], [ -39.94377508, -18.49304731 ], [ -39.94374639, -18.49309411 ], [ -39.94371504, -18.49314986 ], [ -39.94369555, -18.49318237 ] ] } },
{ "type": "Feature", "properties": { }, "geometry": { "type": "LineString", "coordinates": [ [ -39.94511, -18.4907148 ], [ -39.94509564, -18.49073901 ], [ -39.94508308, -18.49076333 ], [ -39.94503181, -18.49084987 ], [ -39.94500075, -18.49090575 ], [ -39.94497726, -18.49094499 ], [ -39.94496877, -18.49096114 ], [ -39.94494981, -18.49099245 ], [ -39.94490927, -18.49106399 ], [ -39.94485812, -18.49115059 ], [ -39.94484956, -18.49116672 ], [ -39.94482565, -18.49120572 ], [ -39.94478991, -18.49126947 ], [ -39.94473852, -18.49135595 ], [ -39.94472111, -18.49138805 ], [ -39.94471125, -18.49140348 ], [ -39.94461523, -18.49156968 ], [ -39.94461063, -18.49157758 ], [ -39.94460555, -18.49158521 ], [ -39.94460163, -18.49159344 ], [ -39.94454593, -18.49168797 ], [ -39.94448707, -18.49179115 ], [ -39.94446308, -18.49183012 ], [ -39.94441818, -18.49190969 ], [ -39.94437158, -18.49198836 ], [ -39.94435829, -18.49201233 ], [ -39.94433909, -18.49204349 ], [ -39.94431203, -18.49209117 ], [ -39.94428362, -18.49213813 ], [ -39.94425616, -18.4921856 ], [ -39.94424322, -18.49220974 ], [ -39.94423336, -18.49222517 ], [ -39.94421556, -18.49225708 ], [ -39.94418286, -18.49231211 ], [ -39.94416085, -18.49235212 ], [ -39.94411927, -18.49242312 ], [ -39.94408863, -18.49247923 ], [ -39.94406963, -18.4925105 ], [ -39.94401989, -18.49259784 ], [ -39.94401021, -18.49261338 ], [ -39.94399763, -18.49263769 ], [ -39.9439184, -18.49277144 ], [ -39.94389117, -18.49281903 ], [ -39.94388311, -18.49283538 ], [ -39.94383597, -18.49291377 ], [ -39.94379067, -18.49299313 ], [ -39.94377155, -18.49302434 ], [ -39.94375916, -18.49304874 ], [ -39.94374392, -18.49307162 ], [ -39.94372097, -18.49311114 ], [ -39.94371062, -18.49312628 ], [ -39.94370117, -18.4931421 ] ] } },
{ "type": "Feature", "properties": { }, "geometry": { "type": "LineString", "coordinates": [ [ -39.95000943, -18.48917854 ], [ -39.9500006, -18.48919402 ], [ -39.94999645, -18.48920214 ], [ -39.94999183, -18.48921002 ], [ -39.94998695, -18.48921776 ], [ -39.94998227, -18.48922562 ], [ -39.94997317, -18.48924147 ], [ -39.94994241, -18.48929751 ], [ -39.94993766, -18.48930532 ], [ -39.9499278, -18.48932076 ], [ -39.94992302, -18.48932856 ], [ -39.94989947, -18.48936776 ], [ -39.94986368, -18.48943148 ], [ -39.9498591, -18.48943939 ], [ -39.94983127, -18.48948667 ], [ -39.94979824, -18.48954152 ], [ -39.94975013, -18.48962969 ], [ -39.94972697, -18.4896691 ], [ -39.94969133, -18.4897329 ], [ -39.94967233, -18.48976417 ], [ -39.94964576, -18.4898121 ], [ -39.94961367, -18.48986746 ], [ -39.94960073, -18.48989159 ], [ -39.94957275, -18.48993878 ], [ -39.94956443, -18.48995502 ], [ -39.94955982, -18.4899629 ], [ -39.94953106, -18.49000967 ], [ -39.94951781, -18.49003365 ], [ -39.9495083, -18.49004928 ], [ -39.94950383, -18.49005724 ], [ -39.94948643, -18.49008935 ], [ -39.94944045, -18.49016836 ], [ -39.94941364, -18.49021617 ], [ -39.94939914, -18.49023948 ], [ -39.94939465, -18.49024744 ], [ -39.94937721, -18.49027953 ], [ -39.94936765, -18.49029513 ], [ -39.94934052, -18.49034277 ], [ -39.94930318, -18.49040568 ], [ -39.94929512, -18.49042019 ] ] } },
{ "type": "Feature", "properties": { }, "geometry": { "type": "LineString", "coordinates": [ [ -39.94999753, -18.48917115 ], [ -39.94997428, -18.48920999 ], [ -39.94992013, -18.48930534 ], [ -39.94987818, -18.48937614 ], [ -39.94980545, -18.48950299 ], [ -39.94977298, -18.48955815 ], [ -39.94973316, -18.48963006 ], [ -39.94965981, -18.48975659 ], [ -39.94957863, -18.48989963 ], [ -39.94952783, -18.48998642 ], [ -39.9494964, -18.49004212 ], [ -39.94944117, -18.4901369 ], [ -39.94941904, -18.49017685 ], [ -39.94940023, -18.49020823 ], [ -39.94937385, -18.49025626 ], [ -39.94934077, -18.49031108 ], [ -39.94931321, -18.4903585 ], [ -39.94927898, -18.4904208 ] ] } },
{ "type": "Feature", "properties": { }, "geometry": { "type": "LineString", "coordinates": [ [ -39.9499852, -18.48916349 ], [ -39.94996652, -18.48919442 ], [ -39.94993, -18.48925776 ], [ -39.94990799, -18.48929777 ], [ -39.94986604, -18.48936858 ], [ -39.9498252, -18.48943997 ], [ -39.9498019, -18.4894793 ], [ -39.94970295, -18.48965428 ], [ -39.94962492, -18.48978866 ], [ -39.9495893, -18.48985247 ], [ -39.94953805, -18.48993902 ], [ -39.94947525, -18.49005045 ], [ -39.94945169, -18.49008964 ], [ -39.94941115, -18.49016119 ], [ -39.94938783, -18.49020052 ], [ -39.94935712, -18.49025658 ], [ -39.94931946, -18.49031931 ], [ -39.94926203, -18.49042144 ] ] } },
{ "type": "Feature", "properties": { }, "geometry": { "type": "LineString", "coordinates": [ [ -39.94997313, -18.489156 ], [ -39.94992714, -18.48923448 ], [ -39.94989126, -18.48929815 ], [ -39.94983101, -18.48940061 ], [ -39.94977204, -18.48950375 ], [ -39.94972328, -18.48959159 ], [ -39.9496639, -18.48969451 ], [ -39.94963123, -18.48974956 ], [ -39.94958197, -18.48983715 ], [ -39.94955355, -18.4898841 ], [ -39.94951673, -18.48994729 ], [ -39.94946769, -18.490035 ], [ -39.94937569, -18.49019299 ], [ -39.94934476, -18.49024895 ], [ -39.94932594, -18.49028032 ], [ -39.94928031, -18.49035951 ], [ -39.94924546, -18.49042207 ] ] } },
{ "type": "Feature", "properties": { }, "geometry": { "type": "LineString", "coordinates": [ [ -39.94996119, -18.48914858 ], [ -39.94989685, -18.48925868 ], [ -39.94986985, -18.4893064 ], [ -39.94982274, -18.4893848 ], [ -39.94979184, -18.48944076 ], [ -39.9497284, -18.48955186 ], [ -39.9497112, -18.48958407 ], [ -39.94961, -18.48975787 ], [ -39.94957436, -18.48982167 ], [ -39.94951378, -18.48992395 ], [ -39.94946456, -18.49001156 ], [ -39.94941846, -18.49009051 ], [ -39.94935094, -18.49020977 ], [ -39.94927241, -18.49034389 ], [ -39.94922876, -18.49042271 ] ] } },
{ "type": "Feature", "properties": { }, "geometry": { "type": "LineString", "coordinates": [ [ -39.94994923, -18.48914115 ], [ -39.94981128, -18.48937765 ], [ -39.94976684, -18.48945745 ], [ -39.94971202, -18.48955245 ], [ -39.9496946, -18.48958455 ], [ -39.94964811, -18.48966328 ], [ -39.94950627, -18.48990857 ], [ -39.94950171, -18.4899165 ], [ -39.94946178, -18.48998835 ], [ -39.94939277, -18.49010685 ], [ -39.94935276, -18.49017866 ], [ -39.94928403, -18.4902973 ], [ -39.94925587, -18.4903444 ], [ -39.94921177, -18.49042335 ] ] } },
{ "type": "Feature", "properties": { }, "geometry": { "type": "LineString", "coordinates": [ [ -39.94993698, -18.48913354 ], [ -39.94990096, -18.48919663 ], [ -39.94987716, -18.4892357 ], [ -39.94985471, -18.48927548 ], [ -39.94982663, -18.48932262 ], [ -39.94979501, -18.48937822 ], [ -39.94975531, -18.48945019 ], [ -39.9497048, -18.48953714 ], [ -39.94966454, -18.48960883 ], [ -39.94958072, -18.48975048 ], [ -39.94955346, -18.48979806 ], [ -39.94954063, -18.48982225 ], [ -39.94948099, -18.48992503 ], [ -39.94944131, -18.48999701 ], [ -39.9493855, -18.49009148 ], [ -39.94934996, -18.49015533 ], [ -39.94930827, -18.49022627 ], [ -39.94926319, -18.49030576 ], [ -39.94921677, -18.49038453 ], [ -39.94919488, -18.49042399 ] ] } },
{ "type": "Feature", "properties": { }, "geometry": { "type": "LineString", "coordinates": [ [ -39.94992524, -18.48912625 ], [ -39.94988939, -18.48918943 ], [ -39.94986553, -18.48922845 ], [ -39.94984315, -18.48926828 ], [ -39.94978759, -18.48936288 ], [ -39.94975243, -18.48942692 ], [ -39.94967474, -18.48956149 ], [ -39.94965725, -18.48959355 ], [ -39.94957319, -18.48973508 ], [ -39.94954142, -18.4897906 ], [ -39.94951558, -18.48983889 ], [ -39.94948338, -18.48989419 ], [ -39.94946885, -18.48991749 ], [ -39.94945174, -18.48994974 ], [ -39.94942029, -18.49000543 ], [ -39.94937823, -18.49007617 ], [ -39.94928336, -18.49024297 ], [ -39.94919568, -18.49039292 ], [ -39.94917865, -18.49042461 ] ] } },
{ "type": "Feature", "properties": { }, "geometry": { "type": "LineString", "coordinates": [ [ -39.94991386, -18.48911918 ], [ -39.9498726, -18.48918984 ], [ -39.94985322, -18.48922089 ], [ -39.94975702, -18.489387 ], [ -39.94968143, -18.48952265 ], [ -39.9495805, -18.48969658 ], [ -39.94955684, -18.48973572 ], [ -39.94953408, -18.48977535 ], [ -39.94950786, -18.48982346 ], [ -39.94945675, -18.48991008 ], [ -39.94944422, -18.48993441 ], [ -39.94940362, -18.49000593 ], [ -39.94937979, -18.49004498 ], [ -39.94928047, -18.49021975 ], [ -39.94916158, -18.49042526 ] ] } },
{ "type": "Feature", "properties": { }, "geometry": { "type": "LineString", "coordinates": [ [ -39.94990146, -18.48911148 ], [ -39.94985048, -18.48919765 ], [ -39.94983259, -18.48922951 ], [ -39.94979998, -18.48928459 ], [ -39.94977776, -18.4893245 ], [ -39.94974508, -18.48937954 ], [ -39.94971462, -18.48943573 ], [ -39.94967399, -18.48950723 ], [ -39.94962788, -18.48958617 ], [ -39.94956898, -18.48968934 ], [ -39.94955475, -18.4897128 ], [ -39.94953719, -18.48974483 ], [ -39.94951809, -18.48977605 ], [ -39.94949622, -18.48981613 ], [ -39.94945433, -18.48988696 ], [ -39.94942392, -18.48994318 ], [ -39.94934984, -18.49006931 ], [ -39.94923247, -18.49027588 ], [ -39.94914526, -18.49042588 ] ] } },
{ "type": "Feature", "properties": { }, "geometry": { "type": "LineString", "coordinates": [ [ -39.9498893, -18.48910393 ], [ -39.94980172, -18.4892534 ], [ -39.94977973, -18.48929342 ], [ -39.94973807, -18.48936438 ], [ -39.94970342, -18.48942867 ], [ -39.94967083, -18.48948377 ], [ -39.94962611, -18.48956343 ], [ -39.94961181, -18.48958686 ], [ -39.94956607, -18.48966599 ], [ -39.94953036, -18.48972975 ], [ -39.94949727, -18.48978458 ], [ -39.94948014, -18.48981682 ], [ -39.9494381, -18.48988757 ], [ -39.94941187, -18.48993567 ], [ -39.94939296, -18.489967 ], [ -39.94931995, -18.4900937 ], [ -39.94918455, -18.49033205 ], [ -39.94915575, -18.4903788 ], [ -39.94912913, -18.49042649 ] ] } },
{ "type": "Feature", "properties": { }, "geometry": { "type": "LineString", "coordinates": [ [ -39.94987737, -18.48909651 ], [ -39.94984037, -18.48915908 ], [ -39.9498135, -18.48920686 ], [ -39.94979463, -18.48923821 ], [ -39.94976385, -18.48929424 ], [ -39.94966322, -18.48946833 ], [ -39.94957769, -18.48961941 ], [ -39.94955432, -18.48965871 ], [ -39.94952276, -18.48971434 ], [ -39.94948548, -18.48977728 ], [ -39.94943988, -18.48985649 ], [ -39.94943534, -18.48986442 ], [ -39.94941786, -18.48989649 ], [ -39.94936708, -18.48998329 ], [ -39.94933132, -18.49004703 ], [ -39.94930803, -18.49008637 ], [ -39.94926356, -18.49016616 ], [ -39.94924498, -18.49019767 ], [ -39.94918181, -18.4903089 ], [ -39.9491303, -18.49039532 ], [ -39.94911287, -18.49042711 ] ] } },
{ "type": "Feature", "properties": { }, "geometry": { "type": "LineString", "coordinates": [ [ -39.94986545, -18.48908911 ], [ -39.9497738, -18.48924677 ], [ -39.94972972, -18.48932676 ], [ -39.94966457, -18.48943695 ], [ -39.94959731, -18.48955635 ], [ -39.94958321, -18.48957989 ], [ -39.94952012, -18.48969118 ], [ -39.94949672, -18.48973046 ], [ -39.94943709, -18.48983324 ], [ -39.94941477, -18.4898731 ], [ -39.94936859, -18.489952 ], [ -39.94931481, -18.49004754 ], [ -39.94925986, -18.49014246 ], [ -39.94922432, -18.49020631 ], [ -39.94919635, -18.49025352 ], [ -39.94915097, -18.49033284 ], [ -39.94911368, -18.49039577 ], [ -39.94909597, -18.49042775 ] ] } },
{ "type": "Feature", "properties": { }, "geometry": { "type": "LineString", "coordinates": [ [ -39.94985371, -18.48908182 ], [ -39.94983133, -18.48912113 ], [ -39.94980751, -18.48916018 ], [ -39.94978055, -18.48920791 ], [ -39.94975254, -18.48925509 ], [ -39.94972618, -18.48930313 ], [ -39.94965715, -18.48942161 ], [ -39.94950356, -18.48969167 ], [ -39.94947105, -18.4897468 ], [ -39.94943532, -18.48981056 ], [ -39.94941162, -18.48984967 ], [ -39.94935655, -18.48994454 ], [ -39.94929415, -18.49005618 ], [ -39.94925692, -18.49011914 ], [ -39.94922142, -18.49018301 ], [ -39.9491887, -18.49023803 ], [ -39.94912998, -18.49034129 ], [ -39.94908813, -18.49041215 ], [ -39.9490793, -18.49042838 ] ] } },
{ "type": "Feature", "properties": { }, "geometry": { "type": "LineString", "coordinates": [ [ -39.94984201, -18.48907455 ], [ -39.94980009, -18.48914504 ], [ -39.94978685, -18.48916903 ], [ -39.94973991, -18.48924752 ], [ -39.9496999, -18.48931933 ], [ -39.94964496, -18.48941427 ], [ -39.94962303, -18.48945432 ], [ -39.94959533, -18.48950166 ], [ -39.94955521, -18.48957342 ], [ -39.94952269, -18.48962855 ], [ -39.9494823, -18.48970018 ], [ -39.9493949, -18.48985027 ], [ -39.94929561, -18.49002506 ], [ -39.94924495, -18.49011193 ], [ -39.94920931, -18.49017573 ], [ -39.94917679, -18.49023085 ], [ -39.94912723, -18.49031829 ], [ -39.94906249, -18.49042902 ] ] } },
{ "type": "Feature", "properties": { }, "geometry": { "type": "LineString", "coordinates": [ [ -39.94982955, -18.48906681 ], [ -39.94977962, -18.48915356 ], [ -39.94972805, -18.48923994 ], [ -39.94970622, -18.48928004 ], [ -39.94966573, -18.48935161 ], [ -39.94957874, -18.48950192 ], [ -39.94954347, -18.48956591 ], [ -39.94951049, -18.48962079 ], [ -39.94947927, -18.48967659 ], [ -39.94941891, -18.48977899 ], [ -39.94940153, -18.48981111 ], [ -39.94933402, -18.48993038 ], [ -39.94926946, -18.49004089 ], [ -39.9491975, -18.49016815 ], [ -39.94916471, -18.49022313 ], [ -39.94909712, -18.49034236 ], [ -39.94906897, -18.49038947 ], [ -39.94904637, -18.49042963 ] ] } },
{ "type": "Feature", "properties": { }, "geometry": { "type": "LineString", "coordinates": [ [ -39.94981743, -18.48905929 ], [ -39.94979412, -18.48909862 ], [ -39.94973965, -18.4891938 ], [ -39.94971595, -18.48923291 ], [ -39.94968978, -18.48928105 ], [ -39.94961288, -18.48941602 ], [ -39.9495756, -18.48947897 ], [ -39.94954868, -18.48952672 ], [ -39.94949799, -18.48961357 ], [ -39.94946696, -18.48966947 ], [ -39.94940706, -18.48977211 ], [ -39.94934889, -18.48987566 ], [ -39.9492617, -18.49002586 ], [ -39.94921282, -18.49011365 ], [ -39.94917636, -18.49017703 ], [ -39.94914744, -18.4902237 ], [ -39.9491075, -18.49029556 ], [ -39.94903005, -18.49043025 ] ] } },
{ "type": "Feature", "properties": { }, "geometry": { "type": "LineString", "coordinates": [ [ -39.94980573, -18.48905202 ], [ -39.94976847, -18.48911474 ], [ -39.94972309, -18.48919406 ], [ -39.94969949, -18.48923324 ], [ -39.94963699, -18.48934482 ], [ -39.94961383, -18.48938423 ], [ -39.94957787, -18.48944787 ], [ -39.9495637, -18.48947137 ], [ -39.9495325, -18.48952719 ], [ -39.94938675, -18.48978074 ], [ -39.9493542, -18.48983585 ], [ -39.94926873, -18.48998696 ], [ -39.94925008, -18.49001842 ], [ -39.94921025, -18.49009033 ], [ -39.94918656, -18.49012946 ], [ -39.94915969, -18.49017723 ], [ -39.94914042, -18.49020836 ], [ -39.94909993, -18.49027993 ], [ -39.9490915, -18.49029611 ], [ -39.94906814, -18.49033542 ], [ -39.94901387, -18.49043087 ] ] } },
{ "type": "Feature", "properties": { }, "geometry": { "type": "LineString", "coordinates": [ [ -39.94979397, -18.48904472 ], [ -39.94976586, -18.48909141 ], [ -39.94975257, -18.48911537 ], [ -39.94968325, -18.4892337 ], [ -39.94966605, -18.4892659 ], [ -39.94959285, -18.48939251 ], [ -39.94956631, -18.48944045 ], [ -39.94944681, -18.4896459 ], [ -39.94937047, -18.48978116 ], [ -39.94931518, -18.48987591 ], [ -39.94927942, -18.48993965 ], [ -39.94922905, -18.49002667 ], [ -39.94919822, -18.49008267 ], [ -39.94916501, -18.49013742 ], [ -39.94913849, -18.49018538 ], [ -39.94910151, -18.49024848 ], [ -39.94907958, -18.49028853 ], [ -39.94901981, -18.49039124 ], [ -39.94899844, -18.49043145 ] ] } },
{ "type": "Feature", "properties": { }, "geometry": { "type": "LineString", "coordinates": [ [ -39.9497818, -18.48903715 ], [ -39.94972188, -18.48913931 ], [ -39.94961412, -18.48933027 ], [ -39.94957675, -18.48939317 ], [ -39.94953163, -18.48947262 ], [ -39.94948475, -18.48955115 ], [ -39.94932681, -18.48982924 ], [ -39.94930363, -18.48986864 ], [ -39.94927236, -18.48992443 ], [ -39.94921679, -18.49001903 ], [ -39.94918157, -18.49008304 ], [ -39.94914877, -18.49013801 ], [ -39.94913565, -18.49016206 ], [ -39.94909402, -18.49023304 ], [ -39.94904041, -18.49032866 ], [ -39.94900767, -18.49038367 ], [ -39.94898094, -18.49043212 ] ] } },
{ "type": "Feature", "properties": { }, "geometry": { "type": "LineString", "coordinates": [ [ -39.94976989, -18.48902976 ], [ -39.94974608, -18.48906905 ], [ -39.94971941, -18.48911693 ], [ -39.94968271, -18.48918018 ], [ -39.94959827, -18.48933181 ], [ -39.94956969, -18.48937867 ], [ -39.949524, -18.48945784 ], [ -39.94947694, -18.48953626 ], [ -39.94935574, -18.48975112 ], [ -39.94931938, -18.48981455 ], [ -39.9492959, -18.48985379 ], [ -39.94922359, -18.48998086 ], [ -39.94921078, -18.49000506 ], [ -39.94918228, -18.49005197 ], [ -39.94915105, -18.49010777 ], [ -39.94906336, -18.49025771 ], [ -39.94902374, -18.49032973 ], [ -39.94896422, -18.49043275 ] ] } },
{ "type": "Feature", "properties": { }, "geometry": { "type": "LineString", "coordinates": [ [ -39.9497577, -18.48902219 ], [ -39.94973507, -18.48906136 ], [ -39.94970024, -18.48912557 ], [ -39.94968582, -18.48914893 ], [ -39.94964436, -18.48921999 ], [ -39.94958619, -18.48932353 ], [ -39.94956724, -18.48935484 ], [ -39.9495359, -18.48941058 ], [ -39.94945687, -18.48954444 ], [ -39.94939948, -18.48964838 ], [ -39.94936692, -18.48970348 ], [ -39.94930371, -18.4898147 ], [ -39.94927542, -18.48986173 ], [ -39.94924374, -18.4899173 ], [ -39.94919961, -18.48999726 ], [ -39.94917115, -18.49004419 ], [ -39.94915324, -18.49007605 ], [ -39.94913407, -18.49010723 ], [ -39.94909854, -18.49017108 ], [ -39.94908867, -18.49018651 ], [ -39.94907074, -18.49021835 ], [ -39.94906111, -18.49023391 ], [ -39.94899845, -18.49034542 ], [ -39.94897049, -18.49039263 ], [ -39.94894881, -18.49043334 ] ] } },
{ "type": "Feature", "properties": { }, "geometry": { "type": "LineString", "coordinates": [ [ -39.94974712, -18.48901561 ], [ -39.94970963, -18.4890784 ], [ -39.94968833, -18.48911876 ], [ -39.94963262, -18.48921328 ], [ -39.94958313, -18.48930076 ], [ -39.94957026, -18.48932493 ], [ -39.94955152, -18.48935635 ], [ -39.94953867, -18.48938053 ], [ -39.94948266, -18.48947489 ], [ -39.94939205, -18.48963361 ], [ -39.94935957, -18.48968876 ], [ -39.94932881, -18.4897448 ], [ -39.94925479, -18.48987098 ], [ -39.94917864, -18.49000634 ], [ -39.94912212, -18.49010042 ], [ -39.949083, -18.49017269 ], [ -39.94904959, -18.49022732 ], [ -39.94903666, -18.49025147 ], [ -39.94899531, -18.49032259 ], [ -39.94898664, -18.49033866 ], [ -39.94895394, -18.49039369 ], [ -39.94893208, -18.49043397 ] ] } },
{ "type": "Feature", "properties": { }, "geometry": { "type": "LineString", "coordinates": [ [ -39.94973495, -18.48900805 ], [ -39.94969755, -18.48907145 ], [ -39.94967122, -18.4891195 ], [ -39.94962078, -18.48920648 ], [ -39.9495989, -18.48924655 ], [ -39.94954861, -18.48933361 ], [ -39.94951286, -18.48939736 ], [ -39.94944774, -18.48950757 ], [ -39.94941219, -18.48957141 ], [ -39.9493848, -18.48961892 ], [ -39.94935642, -18.4896659 ], [ -39.94932585, -18.48972203 ], [ -39.94927969, -18.48980094 ], [ -39.94926239, -18.4898331 ], [ -39.94920656, -18.48992756 ], [ -39.94918, -18.4899755 ], [ -39.94910597, -18.49010166 ], [ -39.94906643, -18.49017372 ], [ -39.94903754, -18.49022041 ], [ -39.94901584, -18.49026057 ], [ -39.94894646, -18.49037887 ], [ -39.94891499, -18.49043462 ] ] } },
{ "type": "Feature", "properties": { }, "geometry": { "type": "LineString", "coordinates": [ [ -39.94972343, -18.4890009 ], [ -39.94968568, -18.48906436 ], [ -39.94966366, -18.48910437 ], [ -39.94964451, -18.48913556 ], [ -39.9495824, -18.48924734 ], [ -39.94952735, -18.48934221 ], [ -39.9495142, -18.48936625 ], [ -39.94944001, -18.48949232 ], [ -39.94939557, -18.48957213 ], [ -39.94936274, -18.48962709 ], [ -39.94933114, -18.4896827 ], [ -39.94928498, -18.48976161 ], [ -39.94924975, -18.48982562 ], [ -39.9491901, -18.4899284 ], [ -39.94917748, -18.48995269 ], [ -39.94912164, -18.49004714 ], [ -39.9490994, -18.49008703 ], [ -39.9490668, -18.49014212 ], [ -39.94904966, -18.49017436 ], [ -39.94902121, -18.49022129 ], [ -39.94898537, -18.49028499 ], [ -39.94893884, -18.49036371 ], [ -39.94889769, -18.49043528 ] ] } },
{ "type": "Feature", "properties": { }, "geometry": { "type": "LineString", "coordinates": [ [ -39.94971257, -18.48899415 ], [ -39.94969277, -18.48902599 ], [ -39.94966138, -18.48908171 ], [ -39.94962765, -18.48913617 ], [ -39.94959749, -18.48919251 ], [ -39.94957057, -18.48924026 ], [ -39.94951057, -18.48934285 ], [ -39.949479, -18.48939848 ], [ -39.9494601, -18.48942981 ], [ -39.94942817, -18.48948525 ], [ -39.94939272, -18.48954914 ], [ -39.94933236, -18.48965154 ], [ -39.9493013, -18.48970743 ], [ -39.94925494, -18.48978623 ], [ -39.94922839, -18.48983418 ], [ -39.94920944, -18.48986547 ], [ -39.94918733, -18.48990543 ], [ -39.94917485, -18.48992979 ], [ -39.94915225, -18.4899695 ], [ -39.94911456, -18.49003222 ], [ -39.94906872, -18.4901113 ], [ -39.94903347, -18.4901753 ], [ -39.94900896, -18.49021396 ], [ -39.94895978, -18.49030159 ], [ -39.94888077, -18.49043592 ] ] } },
{ "type": "Feature", "properties": { }, "geometry": { "type": "LineString", "coordinates": [ [ -39.94970156, -18.48898731 ], [ -39.94967678, -18.48902695 ], [ -39.94960636, -18.48914469 ], [ -39.94955824, -18.48923285 ], [ -39.94947164, -18.48938337 ], [ -39.94941558, -18.48947771 ], [ -39.94938506, -18.48953387 ], [ -39.94933924, -18.48961296 ], [ -39.94931567, -18.48965215 ], [ -39.9492937, -18.48969218 ], [ -39.94926144, -18.48974744 ], [ -39.9492255, -18.48981109 ], [ -39.94920215, -18.4898504 ], [ -39.94915339, -18.48993825 ], [ -39.94907449, -18.49007217 ], [ -39.9490612, -18.49009613 ], [ -39.94905308, -18.49011246 ], [ -39.94902137, -18.49016802 ], [ -39.94899252, -18.49021473 ], [ -39.94891119, -18.4903577 ], [ -39.94886479, -18.49043653 ] ] } },
{ "type": "Feature", "properties": { }, "geometry": { "type": "LineString", "coordinates": [ [ -39.94969008, -18.48898018 ], [ -39.94967955, -18.48899619 ], [ -39.94959927, -18.48912937 ], [ -39.94958186, -18.48916147 ], [ -39.94956335, -18.48919302 ], [ -39.9495459, -18.4892251 ], [ -39.94946448, -18.48936802 ], [ -39.94940807, -18.48946217 ], [ -39.94939087, -18.48949437 ], [ -39.94932827, -18.48960591 ], [ -39.94930422, -18.48964483 ], [ -39.94923218, -18.48977204 ], [ -39.94914956, -18.48991433 ], [ -39.94911349, -18.48997791 ], [ -39.94906208, -18.49006437 ], [ -39.9490329, -18.49012117 ], [ -39.94896195, -18.49023862 ], [ -39.948908, -18.49033407 ], [ -39.94889519, -18.49035827 ], [ -39.94884811, -18.49043716 ] ] } },
{ "type": "Feature", "properties": { }, "geometry": { "type": "LineString", "coordinates": [ [ -39.94967659, -18.4889718 ], [ -39.94964771, -18.48901949 ], [ -39.94955095, -18.48918529 ], [ -39.94952899, -18.48922533 ], [ -39.94948827, -18.48929678 ], [ -39.94939609, -18.48945468 ], [ -39.94935191, -18.48953462 ], [ -39.9493375, -18.48955798 ], [ -39.94929677, -18.48962943 ], [ -39.94927796, -18.48966081 ], [ -39.94916566, -18.48985971 ], [ -39.94913276, -18.48991464 ], [ -39.94911969, -18.48993871 ], [ -39.94905, -18.49005683 ], [ -39.94900584, -18.49013678 ], [ -39.94895846, -18.49021503 ], [ -39.94888712, -18.4903426 ], [ -39.94885432, -18.49039758 ], [ -39.94884123, -18.49042164 ], [ -39.9488313, -18.4904378 ] ] } },
{ "type": "Feature", "properties": { }, "geometry": { "type": "LineString", "coordinates": [ [ -39.94966346, -18.48896365 ], [ -39.94960754, -18.48905959 ], [ -39.94948494, -18.48927372 ], [ -39.94945693, -18.4893209 ], [ -39.94941652, -18.48939251 ], [ -39.94938409, -18.48944769 ], [ -39.94934428, -18.4895196 ], [ -39.94930681, -18.48958245 ], [ -39.94926111, -18.4896616 ], [ -39.94920753, -18.48975724 ], [ -39.94917953, -18.48980442 ], [ -39.94915326, -18.4898525 ], [ -39.94912554, -18.48989984 ], [ -39.94910776, -18.48993176 ], [ -39.94908856, -18.48996292 ], [ -39.94906167, -18.49001069 ], [ -39.94902872, -18.49006558 ], [ -39.94899361, -18.49012965 ], [ -39.94895055, -18.49019984 ], [ -39.94891495, -18.49026367 ], [ -39.94888703, -18.49031089 ], [ -39.94886505, -18.49035091 ], [ -39.94883257, -18.49040606 ], [ -39.94881494, -18.49043842 ] ] } },
{ "type": "Feature", "properties": { }, "geometry": { "type": "LineString", "coordinates": [ [ -39.94965153, -18.48895624 ], [ -39.94959637, -18.48905054 ], [ -39.94954251, -18.48914603 ], [ -39.94951467, -18.48919331 ], [ -39.94947416, -18.48926486 ], [ -39.94945542, -18.48929628 ], [ -39.94945086, -18.4893042 ], [ -39.94943274, -18.48933595 ], [ -39.94941988, -18.48936013 ], [ -39.94939641, -18.48939937 ], [ -39.94933337, -18.48951068 ], [ -39.94930586, -18.48955812 ], [ -39.94928685, -18.48958939 ], [ -39.94925519, -18.48964497 ], [ -39.9492411, -18.48966851 ], [ -39.94919644, -18.48974821 ], [ -39.94916387, -18.48980331 ], [ -39.94914254, -18.48984365 ], [ -39.9491193, -18.48988302 ], [ -39.94909717, -18.48992297 ], [ -39.94906405, -18.48997777 ], [ -39.94904604, -18.49000957 ], [ -39.94901803, -18.49005675 ], [ -39.94898727, -18.49011279 ], [ -39.94895875, -18.49015969 ], [ -39.94890416, -18.49025481 ], [ -39.94887603, -18.49030192 ], [ -39.94882152, -18.49039708 ], [ -39.94879845, -18.49043905 ] ] } },
{ "type": "Feature", "properties": { }, "geometry": { "type": "LineString", "coordinates": [ [ -39.94963976, -18.48894893 ], [ -39.94961691, -18.48898958 ], [ -39.94959799, -18.4890209 ], [ -39.94954316, -18.48911589 ], [ -39.94945374, -18.48927523 ], [ -39.94942994, -18.48931429 ], [ -39.94939453, -18.48937821 ], [ -39.94930287, -18.48953638 ], [ -39.94927894, -18.48957537 ], [ -39.94922106, -18.48967906 ], [ -39.94919747, -18.48971825 ], [ -39.94917553, -18.48975829 ], [ -39.94915158, -18.48979727 ], [ -39.94913001, -18.4898375 ], [ -39.94907557, -18.48993269 ], [ -39.94904745, -18.48997981 ], [ -39.94902967, -18.49001173 ], [ -39.94901051, -18.49004292 ], [ -39.94897051, -18.49011474 ], [ -39.948942, -18.49016164 ], [ -39.94890967, -18.49021687 ], [ -39.9488873, -18.4902567 ], [ -39.94886839, -18.49028802 ], [ -39.94884637, -18.49032802 ], [ -39.94880516, -18.49039923 ], [ -39.94878284, -18.49043964 ] ] } },
{ "type": "Feature", "properties": { }, "geometry": { "type": "LineString", "coordinates": [ [ -39.94962826, -18.48894179 ], [ -39.94961054, -18.48897322 ], [ -39.94958662, -18.48901222 ], [ -39.94958203, -18.48902013 ], [ -39.94952757, -18.48911531 ], [ -39.94951014, -18.48914741 ], [ -39.9494737, -18.48921079 ], [ -39.94944339, -18.48926705 ], [ -39.94940585, -18.48932986 ], [ -39.94933808, -18.489449 ], [ -39.94925482, -18.48959094 ], [ -39.94923732, -18.48962301 ], [ -39.94921886, -18.48965457 ], [ -39.94920119, -18.48968655 ], [ -39.94910929, -18.48984459 ], [ -39.94902336, -18.48999546 ], [ -39.94900413, -18.4900266 ], [ -39.94895496, -18.49011424 ], [ -39.94892629, -18.49016106 ], [ -39.94888935, -18.49022418 ], [ -39.94885287, -18.49028755 ], [ -39.94881747, -18.49035147 ], [ -39.94878966, -18.49039876 ], [ -39.94876623, -18.49044027 ] ] } },
{ "type": "Feature", "properties": { }, "geometry": { "type": "LineString", "coordinates": [ [ -39.94961648, -18.48893447 ], [ -39.94959855, -18.4889658 ], [ -39.94957485, -18.48900492 ], [ -39.94954349, -18.48906065 ], [ -39.94952021, -18.4891 ], [ -39.9494938, -18.48914801 ], [ -39.94947063, -18.48918742 ], [ -39.94943611, -18.48925178 ], [ -39.94940306, -18.48930662 ], [ -39.94932627, -18.48944165 ], [ -39.94926591, -18.48954404 ], [ -39.9492528, -18.4895681 ], [ -39.94924324, -18.48958371 ], [ -39.94923014, -18.48960776 ], [ -39.94920708, -18.48964723 ], [ -39.94911673, -18.48980609 ], [ -39.94907954, -18.48986908 ], [ -39.94904815, -18.48992479 ], [ -39.94903384, -18.48994822 ], [ -39.94902919, -18.48995609 ], [ -39.94897844, -18.49004291 ], [ -39.94896554, -18.49006706 ], [ -39.9489429, -18.49010675 ], [ -39.94891403, -18.49015345 ], [ -39.94887681, -18.49021643 ], [ -39.94881921, -18.49032026 ], [ -39.94877787, -18.49039139 ], [ -39.94875005, -18.49044089 ] ] } },
{ "type": "Feature", "properties": { }, "geometry": { "type": "LineString", "coordinates": [ [ -39.94960517, -18.48892744 ], [ -39.94956618, -18.48899078 ], [ -39.94953971, -18.48903877 ], [ -39.94951179, -18.48908599 ], [ -39.94948558, -18.4891341 ], [ -39.94945789, -18.48918145 ], [ -39.94941317, -18.48926112 ], [ -39.94937165, -18.48933215 ], [ -39.94933152, -18.48940391 ], [ -39.94925297, -18.48953801 ], [ -39.94921726, -18.48960178 ], [ -39.94917557, -18.48967272 ], [ -39.9491176, -18.48977637 ], [ -39.94908449, -18.48983118 ], [ -39.94902572, -18.48993441 ], [ -39.94897004, -18.49002895 ], [ -39.94894778, -18.49006884 ], [ -39.94887781, -18.49018681 ], [ -39.94882004, -18.49029056 ], [ -39.94878283, -18.49035354 ], [ -39.94873339, -18.49044152 ] ] } },
{ "type": "Feature", "properties": { }, "geometry": { "type": "LineString", "coordinates": [ [ -39.94959344, -18.48892016 ], [ -39.94955505, -18.48898196 ], [ -39.94954115, -18.48900561 ], [ -39.94947938, -18.48911756 ], [ -39.94943761, -18.48918846 ], [ -39.94940175, -18.48925215 ], [ -39.94937823, -18.48929137 ], [ -39.94932466, -18.48938701 ], [ -39.94929206, -18.48944209 ], [ -39.9492652, -18.48948988 ], [ -39.94923725, -18.48953709 ], [ -39.94919673, -18.48960865 ], [ -39.94916438, -18.48966386 ], [ -39.9491061, -18.48976735 ], [ -39.94905892, -18.48984571 ], [ -39.94900517, -18.48994126 ], [ -39.94897264, -18.48999638 ], [ -39.94894126, -18.49005211 ], [ -39.94888042, -18.49015425 ], [ -39.94881805, -18.4902659 ], [ -39.94878071, -18.49032881 ], [ -39.94875872, -18.49036883 ], [ -39.94871699, -18.49044214 ] ] } },
{ "type": "Feature", "properties": { }, "geometry": { "type": "LineString", "coordinates": [ [ -39.94958052, -18.48891214 ], [ -39.949571, -18.48892723 ], [ -39.94955727, -18.48895097 ], [ -39.94953346, -18.48899003 ], [ -39.94949352, -18.48906188 ], [ -39.9494797, -18.48908557 ], [ -39.94946691, -18.48910978 ], [ -39.94943915, -18.48915709 ], [ -39.94938967, -18.48924458 ], [ -39.94935674, -18.48929948 ], [ -39.94930751, -18.48938709 ], [ -39.94927928, -18.48943415 ], [ -39.94920247, -18.48956917 ], [ -39.9491653, -18.48963217 ], [ -39.94911201, -18.48972796 ], [ -39.94904657, -18.489838 ], [ -39.94897918, -18.48995733 ], [ -39.9489512, -18.49000453 ], [ -39.94893365, -18.49003656 ], [ -39.94888186, -18.49012281 ], [ -39.94883784, -18.49020283 ], [ -39.94879613, -18.49027376 ], [ -39.94878165, -18.49029709 ], [ -39.94874192, -18.49036905 ], [ -39.9487143, -18.49041644 ], [ -39.94870031, -18.49044278 ] ] } },
{ "type": "Feature", "properties": { }, "geometry": { "type": "LineString", "coordinates": [ [ -39.94956878, -18.48890484 ], [ -39.94955413, -18.48892754 ], [ -39.94952609, -18.48897471 ], [ -39.94948658, -18.48904677 ], [ -39.94944039, -18.48912567 ], [ -39.94938703, -18.48922142 ], [ -39.94926714, -18.48942666 ], [ -39.949227, -18.48949841 ], [ -39.94917697, -18.4895856 ], [ -39.94914897, -18.48963279 ], [ -39.94909983, -18.48972045 ], [ -39.94907642, -18.48975973 ], [ -39.94905835, -18.4897915 ], [ -39.94903924, -18.48982271 ], [ -39.94896722, -18.48994993 ], [ -39.94894818, -18.48998118 ], [ -39.94891271, -18.49004506 ], [ -39.94890795, -18.49005288 ], [ -39.94888843, -18.49008386 ], [ -39.94886968, -18.49011527 ], [ -39.94885229, -18.49014738 ], [ -39.94881198, -18.49021905 ], [ -39.94879769, -18.49024248 ], [ -39.94879305, -18.49025036 ], [ -39.94876095, -18.49030571 ], [ -39.94868318, -18.49044343 ] ] } },
{ "type": "Feature", "properties": { }, "geometry": { "type": "LineString", "coordinates": [ [ -39.94955687, -18.48889744 ], [ -39.9495375, -18.48892798 ], [ -39.94952348, -18.48895156 ], [ -39.94948401, -18.48902365 ], [ -39.94947949, -18.48903159 ], [ -39.94940141, -18.48916595 ], [ -39.94937958, -18.48920605 ], [ -39.94937499, -18.48921396 ], [ -39.9493561, -18.48924529 ], [ -39.94933356, -18.48928503 ], [ -39.94929648, -18.48934808 ], [ -39.94923812, -18.48945152 ], [ -39.94919158, -18.48953023 ], [ -39.94914743, -18.48961018 ], [ -39.94914278, -18.48961806 ], [ -39.94912841, -18.48964145 ], [ -39.94912378, -18.48964933 ], [ -39.94906475, -18.48975243 ], [ -39.94903202, -18.48980744 ], [ -39.94896411, -18.48992651 ], [ -39.9489408, -18.48996584 ], [ -39.94890111, -18.49003782 ], [ -39.94889643, -18.49004568 ], [ -39.94885777, -18.49010786 ], [ -39.94885331, -18.49011583 ], [ -39.94884055, -18.49014005 ], [ -39.94883609, -18.49014803 ], [ -39.94879041, -18.49022719 ], [ -39.94876827, -18.49026714 ], [ -39.94870807, -18.49036962 ], [ -39.94866614, -18.49044407 ] ] } },
{ "type": "Feature", "properties": { }, "geometry": { "type": "LineString", "coordinates": [ [ -39.9495451, -18.48889013 ], [ -39.94952084, -18.48892841 ], [ -39.94951627, -18.48893633 ], [ -39.94947672, -18.48900837 ], [ -39.94943034, -18.48908717 ], [ -39.94940798, -18.489127 ], [ -39.94938945, -18.48915853 ], [ -39.9493629, -18.48920647 ], [ -39.94933478, -18.48925359 ], [ -39.94929813, -18.48931687 ], [ -39.94925285, -18.48939624 ], [ -39.94922195, -18.48945221 ], [ -39.94921741, -18.48946014 ], [ -39.94919431, -18.48949959 ], [ -39.94917964, -18.4895228 ], [ -39.94917507, -18.48953072 ], [ -39.94913998, -18.4895948 ], [ -39.94907947, -18.48969711 ], [ -39.94906187, -18.48972912 ], [ -39.94905733, -18.48973706 ], [ -39.94898335, -18.48986325 ], [ -39.94894784, -18.48992711 ], [ -39.94892461, -18.48996649 ], [ -39.94892008, -18.48997442 ], [ -39.94887998, -18.4900462 ], [ -39.9488753, -18.49005405 ], [ -39.94885608, -18.4900852 ], [ -39.9488515, -18.49009311 ], [ -39.94882029, -18.49014893 ], [ -39.94878739, -18.49020385 ], [ -39.94878281, -18.49021176 ], [ -39.94876478, -18.49024355 ], [ -39.94875185, -18.49026769 ], [ -39.94874729, -18.49027562 ], [ -39.94871439, -18.49033053 ], [ -39.94866952, -18.49041012 ], [ -39.94864917, -18.49044472 ] ] } },
{ "type": "Feature", "properties": { }, "geometry": { "type": "LineString", "coordinates": [ [ -39.94953276, -18.48888247 ], [ -39.94950867, -18.48892085 ], [ -39.94950411, -18.48892876 ], [ -39.94946901, -18.48899284 ], [ -39.94944601, -18.48903233 ], [ -39.94942681, -18.4890635 ], [ -39.94942223, -18.48907141 ], [ -39.94937349, -18.48915927 ], [ -39.94934147, -18.48921466 ], [ -39.94932718, -18.48923809 ], [ -39.94932263, -18.48924602 ], [ -39.949305, -18.48927802 ], [ -39.94930033, -18.48928587 ], [ -39.94929065, -18.48930141 ], [ -39.94928605, -18.48930931 ], [ -39.94920571, -18.48945278 ], [ -39.94920106, -18.48946066 ], [ -39.94916301, -18.48952318 ], [ -39.94915847, -18.48953111 ], [ -39.94914081, -18.48956309 ], [ -39.94913624, -18.489571 ], [ -39.94909899, -18.48963396 ], [ -39.94904973, -18.48972155 ], [ -39.9489668, -18.48986368 ], [ -39.94893196, -18.48992788 ], [ -39.94892738, -18.48993579 ], [ -39.94890852, -18.48996714 ], [ -39.94890393, -18.48997505 ], [ -39.94886339, -18.4900466 ], [ -39.94883038, -18.49010146 ], [ -39.94879873, -18.49015704 ], [ -39.94876623, -18.49021218 ], [ -39.94873518, -18.49026807 ], [ -39.94873055, -18.49027595 ], [ -39.94869726, -18.49033066 ], [ -39.94869274, -18.49033861 ], [ -39.94867087, -18.49037869 ], [ -39.94863249, -18.49044535 ] ] } },
{ "type": "Feature", "properties": { }, "geometry": { "type": "LineString", "coordinates": [ [ -39.94952019, -18.48887466 ], [ -39.94950105, -18.48890533 ], [ -39.94949654, -18.48891328 ], [ -39.94947513, -18.48895358 ], [ -39.94946165, -18.48897745 ], [ -39.94940945, -18.48906348 ], [ -39.94940503, -18.48907147 ], [ -39.94939243, -18.48909577 ], [ -39.94938809, -18.4891038 ], [ -39.94937035, -18.48913574 ], [ -39.94931995, -18.48922275 ], [ -39.94929805, -18.48926281 ], [ -39.94929342, -18.48927069 ], [ -39.94927896, -18.48929403 ], [ -39.94927444, -18.48930197 ], [ -39.94925284, -18.48934218 ], [ -39.94924829, -18.48935011 ], [ -39.94922947, -18.48938148 ], [ -39.94922492, -18.48938941 ], [ -39.94919378, -18.48944526 ], [ -39.94918913, -18.48945313 ], [ -39.94915557, -18.48950768 ], [ -39.94915098, -18.48951559 ], [ -39.94911985, -18.48957144 ], [ -39.94911524, -18.48957934 ], [ -39.94908229, -18.48963423 ], [ -39.94907777, -18.48964217 ], [ -39.94905581, -18.48968221 ], [ -39.94905131, -18.48969016 ], [ -39.94895963, -18.48984832 ], [ -39.9489202, -18.48992043 ], [ -39.94891563, -18.48992835 ], [ -39.94889687, -18.48995975 ], [ -39.94886995, -18.4900075 ], [ -39.94886534, -18.4900154 ], [ -39.94881377, -18.49010177 ], [ -39.94880924, -18.49010971 ], [ -39.94877828, -18.49016565 ], [ -39.9487737, -18.49017356 ], [ -39.94875024, -18.49021281 ], [ -39.9487233, -18.49026055 ], [ -39.94871866, -18.49026843 ], [ -39.9486855, -18.49032321 ], [ -39.94868097, -18.49033115 ], [ -39.94865896, -18.49037116 ], [ -39.94863154, -18.49041865 ], [ -39.94861677, -18.49044595 ] ] } },
{ "type": "Feature", "properties": { }, "geometry": { "type": "LineString", "coordinates": [ [ -39.94950843, -18.48886735 ], [ -39.9494891, -18.48889792 ], [ -39.94948448, -18.48890581 ], [ -39.94945348, -18.48896173 ], [ -39.94944889, -18.48896963 ], [ -39.9494254, -18.48900887 ], [ -39.9494121, -18.48903282 ], [ -39.94936605, -18.4891118 ], [ -39.94933987, -18.48915992 ], [ -39.94933534, -18.48916785 ], [ -39.94930738, -18.48921506 ], [ -39.94929402, -18.48923899 ], [ -39.94928938, -18.48924687 ], [ -39.94927024, -18.48927806 ], [ -39.94926576, -18.48928602 ], [ -39.94924435, -18.48932633 ], [ -39.94923974, -18.48933422 ], [ -39.94921558, -18.48937309 ], [ -39.94921103, -18.48938101 ], [ -39.94918046, -18.48943714 ], [ -39.94917589, -18.48944506 ], [ -39.94914301, -18.48949999 ], [ -39.94913849, -18.48950793 ], [ -39.94910323, -18.48957193 ], [ -39.94909861, -18.48957982 ], [ -39.94907003, -18.48962668 ], [ -39.94906548, -18.48963461 ], [ -39.94903024, -18.48969861 ], [ -39.94902571, -18.48970655 ], [ -39.94894748, -18.48984082 ], [ -39.94891651, -18.48989676 ], [ -39.94888409, -18.48995194 ], [ -39.94885269, -18.49000765 ], [ -39.94880176, -18.49009438 ], [ -39.94876646, -18.49015835 ], [ -39.94876183, -18.49016623 ], [ -39.94873791, -18.49020523 ], [ -39.9487333, -18.49021312 ], [ -39.94870179, -18.49026878 ], [ -39.94867825, -18.49030799 ], [ -39.94867366, -18.49031589 ], [ -39.94859983, -18.49044659 ] ] } },
{ "type": "Feature", "properties": { }, "geometry": { "type": "LineString", "coordinates": [ [ -39.94949608, -18.48885968 ], [ -39.94943171, -18.48896978 ], [ -39.94941358, -18.48900152 ], [ -39.94940505, -18.48901766 ], [ -39.94940053, -18.4890256 ], [ -39.9493723, -18.48907265 ], [ -39.94933668, -18.48913646 ], [ -39.94927708, -18.48923927 ], [ -39.94925359, -18.4892785 ], [ -39.94924917, -18.48928649 ], [ -39.94923218, -18.4893188 ], [ -39.94922755, -18.48932669 ], [ -39.94920329, -18.48936549 ], [ -39.94919869, -18.48937339 ], [ -39.94916318, -18.48943726 ], [ -39.9491258, -18.48950015 ], [ -39.94912129, -18.48950809 ], [ -39.94909049, -18.48956411 ], [ -39.9490859, -18.48957202 ], [ -39.94905769, -18.48961909 ], [ -39.94905319, -18.48962704 ], [ -39.94902252, -18.48968312 ], [ -39.94899458, -18.48973034 ], [ -39.94894434, -18.48981742 ], [ -39.94888204, -18.48992911 ], [ -39.94879441, -18.49007908 ], [ -39.94874961, -18.49015871 ], [ -39.94872119, -18.49020566 ], [ -39.94871661, -18.49021357 ], [ -39.94868528, -18.49026932 ], [ -39.94866668, -18.49030081 ], [ -39.94864893, -18.49033274 ], [ -39.94858289, -18.49044723 ] ] } },
{ "type": "Feature", "properties": { }, "geometry": { "type": "LineString", "coordinates": [ [ -39.94948367, -18.48885198 ], [ -39.94947445, -18.48886724 ], [ -39.94945658, -18.48889912 ], [ -39.94940158, -18.48899402 ], [ -39.94939719, -18.48900203 ], [ -39.94938442, -18.48902625 ], [ -39.94937986, -18.48903417 ], [ -39.94936078, -18.4890654 ], [ -39.94935613, -18.48907327 ], [ -39.94930592, -18.48916037 ], [ -39.94928822, -18.48919233 ], [ -39.94928359, -18.48920021 ], [ -39.94926444, -18.48923141 ], [ -39.94925986, -18.48923932 ], [ -39.9492155, -18.48931916 ], [ -39.94921083, -18.48932703 ], [ -39.94918674, -18.48936593 ], [ -39.94918216, -18.48937384 ], [ -39.94914241, -18.48944579 ], [ -39.94905502, -18.48959589 ], [ -39.94900582, -18.48968351 ], [ -39.94900117, -18.48969138 ], [ -39.94898209, -18.48972261 ], [ -39.94897756, -18.48973055 ], [ -39.94895136, -18.48977867 ], [ -39.94891895, -18.48983385 ], [ -39.94885195, -18.48995339 ], [ -39.94879185, -18.49005592 ], [ -39.9487468, -18.49013542 ], [ -39.94874215, -18.49014329 ], [ -39.94870891, -18.49019803 ], [ -39.94870436, -18.49020595 ], [ -39.9486867, -18.49023793 ], [ -39.94868217, -18.49024587 ], [ -39.94864992, -18.49030114 ], [ -39.9486148, -18.4903652 ], [ -39.94861026, -18.49037313 ], [ -39.94858239, -18.49042039 ], [ -39.94856742, -18.49044782 ] ] } },
{ "type": "Feature", "properties": { }, "geometry": { "type": "LineString", "coordinates": [ [ -39.94947104, -18.48884413 ], [ -39.94943106, -18.48891545 ], [ -39.94938974, -18.48898659 ], [ -39.94938543, -18.48899464 ], [ -39.94937732, -18.48901097 ], [ -39.94937292, -18.48901897 ], [ -39.94932116, -18.48910525 ], [ -39.94931659, -18.48911316 ], [ -39.94928099, -18.48917698 ], [ -39.94927634, -18.48918486 ], [ -39.94925221, -18.48922373 ], [ -39.94924759, -18.48923162 ], [ -39.9492032, -18.48931145 ], [ -39.94919858, -18.48931934 ], [ -39.94917948, -18.48935056 ], [ -39.94917487, -18.48935846 ], [ -39.94910788, -18.489478 ], [ -39.94908937, -18.48950954 ], [ -39.94907959, -18.48952501 ], [ -39.94907494, -18.48953289 ], [ -39.94906624, -18.48954894 ], [ -39.94905811, -18.48956527 ], [ -39.94905368, -18.48957325 ], [ -39.94904403, -18.48958881 ], [ -39.94903939, -18.48959669 ], [ -39.949008, -18.48965241 ], [ -39.94900336, -18.48966029 ], [ -39.94897005, -18.48971498 ], [ -39.94896559, -18.48972295 ], [ -39.94894877, -18.48975534 ], [ -39.9489443, -18.48976331 ], [ -39.94891609, -18.48981038 ], [ -39.94891157, -18.48981832 ], [ -39.94887661, -18.48988247 ], [ -39.94881335, -18.48999365 ], [ -39.94880865, -18.4900015 ], [ -39.9487941, -18.49002479 ], [ -39.94878939, -18.49003263 ], [ -39.9487573, -18.49008799 ], [ -39.9487395, -18.4901199 ], [ -39.94870235, -18.49018291 ], [ -39.94869409, -18.49019917 ], [ -39.94864275, -18.49028567 ], [ -39.94863822, -18.49029361 ], [ -39.94860739, -18.49034961 ], [ -39.94856592, -18.49042067 ], [ -39.94855052, -18.49044846 ] ] } },
{ "type": "Feature", "properties": { }, "geometry": { "type": "LineString", "coordinates": [ [ -39.94853338, -18.49044911 ], [ -39.94855567, -18.49040864 ], [ -39.94859765, -18.49033785 ], [ -39.94862426, -18.49028995 ], [ -39.94864812, -18.49025092 ], [ -39.94868962, -18.49017987 ], [ -39.94870221, -18.49015556 ], [ -39.94875237, -18.49006843 ], [ -39.94880379, -18.48998198 ], [ -39.94888003, -18.48984666 ], [ -39.94890615, -18.48979851 ], [ -39.94893443, -18.48975147 ], [ -39.94896088, -18.48970348 ], [ -39.94899386, -18.4896486 ], [ -39.94902027, -18.48960059 ], [ -39.94904913, -18.48955388 ], [ -39.94906203, -18.48952973 ], [ -39.94908994, -18.48948249 ], [ -39.94912975, -18.48941058 ], [ -39.94915353, -18.4893715 ], [ -39.94916648, -18.48934737 ], [ -39.94918015, -18.4893236 ], [ -39.94921091, -18.48926756 ], [ -39.94921546, -18.48925963 ], [ -39.94922514, -18.4892441 ], [ -39.94922978, -18.48923622 ], [ -39.94923405, -18.48922816 ], [ -39.94923852, -18.48922019 ], [ -39.94925303, -18.48919688 ], [ -39.94927157, -18.48916536 ], [ -39.94931667, -18.48908589 ], [ -39.94935897, -18.48901527 ], [ -39.94936351, -18.48900735 ], [ -39.94938047, -18.48897502 ], [ -39.94938489, -18.48896703 ], [ -39.94940866, -18.48892794 ], [ -39.94941328, -18.48892006 ], [ -39.94945874, -18.48883649 ] ] } },
{ "type": "Feature", "properties": { }, "geometry": { "type": "LineString", "coordinates": [ [ -39.9494466, -18.48882895 ], [ -39.94941729, -18.48888519 ], [ -39.94941285, -18.48889317 ], [ -39.94937987, -18.48894805 ], [ -39.94937531, -18.48895597 ], [ -39.94934913, -18.4890041 ], [ -39.9493446, -18.48901203 ], [ -39.94932562, -18.48904331 ], [ -39.94932104, -18.48905122 ], [ -39.94929912, -18.48909128 ], [ -39.94927627, -18.48913085 ], [ -39.94924389, -18.48918606 ], [ -39.94923914, -18.48919388 ], [ -39.94922939, -18.48920937 ], [ -39.94922479, -18.48921727 ], [ -39.94922055, -18.48922535 ], [ -39.94921609, -18.48923332 ], [ -39.94919716, -18.48926464 ], [ -39.9491926, -18.48927256 ], [ -39.94914474, -18.48936085 ], [ -39.9491402, -18.48936879 ], [ -39.94911646, -18.48940788 ], [ -39.94911182, -18.48941576 ], [ -39.94907123, -18.48948729 ], [ -39.94906661, -18.48949517 ], [ -39.94904761, -18.48952645 ], [ -39.94904304, -18.48953437 ], [ -39.94903419, -18.48955035 ], [ -39.94900609, -18.48959747 ], [ -39.94900152, -18.48960539 ], [ -39.94897939, -18.48964533 ], [ -39.94897485, -18.48965327 ], [ -39.94894686, -18.48970046 ], [ -39.94891987, -18.48974817 ], [ -39.9488966, -18.48978753 ], [ -39.94889213, -18.48979549 ], [ -39.94888346, -18.48981156 ], [ -39.94886039, -18.48985102 ], [ -39.94878013, -18.48999454 ], [ -39.94870572, -18.4901205 ], [ -39.94870119, -18.49012844 ], [ -39.94867497, -18.49017654 ], [ -39.94867045, -18.49018448 ], [ -39.94865165, -18.49021587 ], [ -39.94863349, -18.49024759 ], [ -39.94862883, -18.49025546 ], [ -39.94861435, -18.49027879 ], [ -39.9486097, -18.49028666 ], [ -39.94857873, -18.4903426 ], [ -39.94857418, -18.49035052 ], [ -39.94853189, -18.49042114 ], [ -39.94852735, -18.49042907 ], [ -39.94851616, -18.49044977 ] ] } },
{ "type": "Feature", "properties": { }, "geometry": { "type": "LineString", "coordinates": [ [ -39.94943505, -18.48882178 ], [ -39.94940935, -18.48886963 ], [ -39.94940488, -18.48887759 ], [ -39.9493722, -18.48893264 ], [ -39.94936765, -18.48894056 ], [ -39.94934137, -18.48898864 ], [ -39.94933686, -18.48899658 ], [ -39.9493088, -18.48904373 ], [ -39.94925472, -18.48913911 ], [ -39.94916257, -18.48929703 ], [ -39.94915806, -18.48930497 ], [ -39.94913619, -18.48934505 ], [ -39.94913169, -18.489353 ], [ -39.94911306, -18.48938447 ], [ -39.94905931, -18.48948003 ], [ -39.94905469, -18.48948792 ], [ -39.9490308, -18.48952693 ], [ -39.94899425, -18.48959026 ], [ -39.94896755, -18.48963812 ], [ -39.94896297, -18.48964603 ], [ -39.94894398, -18.48967731 ], [ -39.94892105, -18.48971685 ], [ -39.94888084, -18.48978856 ], [ -39.94887627, -18.48979648 ], [ -39.94885273, -18.48983568 ], [ -39.94882074, -18.48989109 ], [ -39.94881626, -18.48989905 ], [ -39.94877697, -18.48997123 ], [ -39.94874544, -18.49002688 ], [ -39.94874085, -18.49003478 ], [ -39.94868905, -18.49012103 ], [ -39.94867546, -18.49014484 ], [ -39.94866257, -18.490169 ], [ -39.94865804, -18.49017693 ], [ -39.94864363, -18.4902003 ], [ -39.9485977, -18.49027933 ], [ -39.94856221, -18.49034321 ], [ -39.94855762, -18.49035111 ], [ -39.94853352, -18.49039001 ], [ -39.94852883, -18.49039786 ], [ -39.94849902, -18.49045042 ] ] } },
{ "type": "Feature", "properties": { }, "geometry": { "type": "LineString", "coordinates": [ [ -39.94942405, -18.48881494 ], [ -39.94940625, -18.48884634 ], [ -39.94935974, -18.48892506 ], [ -39.9493552, -18.488933 ], [ -39.94932436, -18.48898899 ], [ -39.94922366, -18.48916305 ], [ -39.94919251, -18.4892189 ], [ -39.94918796, -18.48922682 ], [ -39.94914571, -18.48929746 ], [ -39.94914122, -18.48930542 ], [ -39.94912854, -18.48932968 ], [ -39.94912412, -18.48933767 ], [ -39.9490963, -18.48938495 ], [ -39.94906028, -18.48944856 ], [ -39.94905569, -18.48945647 ], [ -39.94901818, -18.48951928 ], [ -39.94901371, -18.48952725 ], [ -39.94900518, -18.48954338 ], [ -39.94896003, -18.48962283 ], [ -39.94895539, -18.48963071 ], [ -39.94894104, -18.48965411 ], [ -39.94893643, -18.489662 ], [ -39.94890114, -18.48972598 ], [ -39.9488966, -18.48973391 ], [ -39.94887797, -18.48976538 ], [ -39.94885129, -18.48981326 ], [ -39.94884673, -18.48982118 ], [ -39.94879974, -18.48989964 ], [ -39.9487952, -18.48990757 ], [ -39.94876474, -18.48996376 ], [ -39.94873317, -18.49001939 ], [ -39.9486962, -18.4900825 ], [ -39.9486677, -18.4901294 ], [ -39.94866312, -18.49013732 ], [ -39.94864576, -18.49016945 ], [ -39.94864117, -18.49017735 ], [ -39.94863153, -18.49019291 ], [ -39.9486132, -18.49022455 ], [ -39.94854995, -18.49033574 ], [ -39.94854534, -18.49034363 ], [ -39.94851695, -18.49039061 ], [ -39.94851233, -18.4903985 ], [ -39.94848279, -18.49045104 ] ] } },
{ "type": "Feature", "properties": { }, "geometry": { "type": "LineString", "coordinates": [ [ -39.94941231, -18.48880765 ], [ -39.94936141, -18.48889387 ], [ -39.94932543, -18.48895749 ], [ -39.94929314, -18.48901275 ], [ -39.94926184, -18.48906851 ], [ -39.94921623, -18.48914772 ], [ -39.94918515, -18.48920359 ], [ -39.94918059, -18.48921151 ], [ -39.94913862, -18.48928231 ], [ -39.94913413, -18.48929026 ], [ -39.94911246, -18.48933044 ], [ -39.94910793, -18.48933838 ], [ -39.94908908, -18.48936973 ], [ -39.94907106, -18.48940153 ], [ -39.94900617, -18.48951186 ], [ -39.94896623, -18.48958372 ], [ -39.94896168, -18.48959164 ], [ -39.94892442, -18.48965459 ], [ -39.94891998, -18.48966258 ], [ -39.94890727, -18.48968683 ], [ -39.94890285, -18.48969481 ], [ -39.9488614, -18.48976589 ], [ -39.94885692, -18.48977385 ], [ -39.94883504, -18.48981392 ], [ -39.94883052, -18.48982186 ], [ -39.94877468, -18.48991632 ], [ -39.94877016, -18.48992426 ], [ -39.94873938, -18.48998029 ], [ -39.94873481, -18.4899882 ], [ -39.94871595, -18.49001956 ], [ -39.94868407, -18.49007502 ], [ -39.94867939, -18.49008288 ], [ -39.9486554, -18.49012184 ], [ -39.94865084, -18.49012976 ], [ -39.94862914, -18.49016992 ], [ -39.94862464, -18.49017787 ], [ -39.94859668, -18.49022508 ], [ -39.94856979, -18.49027285 ], [ -39.94855102, -18.49030425 ], [ -39.94848247, -18.49042298 ], [ -39.94847829, -18.49043109 ], [ -39.94847447, -18.49043936 ], [ -39.94847024, -18.49044744 ], [ -39.94846781, -18.4904516 ] ] } },
{ "type": "Feature", "properties": { }, "geometry": { "type": "LineString", "coordinates": [ [ -39.94940078, -18.48880049 ], [ -39.94937258, -18.48884704 ], [ -39.949368, -18.48885496 ], [ -39.94932821, -18.48892688 ], [ -39.94932362, -18.48893479 ], [ -39.94928104, -18.48900525 ], [ -39.94927643, -18.48901314 ], [ -39.94917292, -18.48919603 ], [ -39.94913599, -18.48925916 ], [ -39.94913149, -18.48926711 ], [ -39.94910955, -18.48930716 ], [ -39.949105, -18.48931508 ], [ -39.94908146, -18.48935429 ], [ -39.94907692, -18.48936222 ], [ -39.94906369, -18.48938622 ], [ -39.94905912, -18.48939413 ], [ -39.94903553, -18.48943331 ], [ -39.94903093, -18.48944121 ], [ -39.94894098, -18.48960027 ], [ -39.94891757, -18.48963955 ], [ -39.94891304, -18.48964749 ], [ -39.94889111, -18.48968754 ], [ -39.94888654, -18.48969546 ], [ -39.94886287, -18.48973459 ], [ -39.9488583, -18.48974251 ], [ -39.94881847, -18.48981442 ], [ -39.94881394, -18.48982235 ], [ -39.94876299, -18.48990906 ], [ -39.94873182, -18.48996489 ], [ -39.94872724, -18.4899728 ], [ -39.94870375, -18.49001204 ], [ -39.94868126, -18.4900518 ], [ -39.94864405, -18.49011478 ], [ -39.94863952, -18.49012272 ], [ -39.94861309, -18.49017072 ], [ -39.94860851, -18.49017863 ], [ -39.94858965, -18.49020998 ], [ -39.94858508, -18.4902179 ], [ -39.94856284, -18.49025779 ], [ -39.94855821, -18.49026567 ], [ -39.94854387, -18.49028908 ], [ -39.94853921, -18.49029695 ], [ -39.94850274, -18.49036032 ], [ -39.94846678, -18.49042395 ], [ -39.94845164, -18.49045222 ] ] } },
{ "type": "Feature", "properties": { }, "geometry": { "type": "LineString", "coordinates": [ [ -39.94938828, -18.48879272 ], [ -39.94937941, -18.48880818 ], [ -39.94936978, -18.48882375 ], [ -39.94936515, -18.48883163 ], [ -39.94932071, -18.48891143 ], [ -39.94931613, -18.48891934 ], [ -39.94928316, -18.48897423 ], [ -39.94927856, -18.48898213 ], [ -39.94924261, -18.48904577 ], [ -39.949224, -18.48907725 ], [ -39.94921948, -18.4890852 ], [ -39.94920639, -18.48910926 ], [ -39.94920187, -18.4891172 ], [ -39.94916466, -18.48918018 ], [ -39.94910189, -18.48929163 ], [ -39.94909729, -18.48929952 ], [ -39.94906422, -18.48935435 ], [ -39.94905974, -18.48936232 ], [ -39.94904702, -18.48938656 ], [ -39.94904261, -18.48939455 ], [ -39.94897369, -18.48951309 ], [ -39.94894271, -18.48956902 ], [ -39.94888406, -18.48967232 ], [ -39.94887943, -18.4896802 ], [ -39.94885094, -18.48972712 ], [ -39.94884637, -18.48973504 ], [ -39.94881113, -18.48979903 ], [ -39.94877459, -18.48986237 ], [ -39.94873252, -18.48993311 ], [ -39.94872797, -18.48994104 ], [ -39.94869698, -18.48999696 ], [ -39.94869246, -18.4900049 ], [ -39.94864616, -18.49008374 ], [ -39.94864163, -18.49009167 ], [ -39.94860181, -18.49016359 ], [ -39.94859723, -18.4901715 ], [ -39.94857368, -18.4902107 ], [ -39.94849538, -18.49034494 ], [ -39.94843506, -18.49045285 ] ] } },
{ "type": "Feature", "properties": { }, "geometry": { "type": "LineString", "coordinates": [ [ -39.9493762, -18.48878522 ], [ -39.94936233, -18.48880837 ], [ -39.94935779, -18.4888163 ], [ -39.94934036, -18.48884839 ], [ -39.94929938, -18.48891971 ], [ -39.94926209, -18.48898264 ], [ -39.94919983, -18.48909435 ], [ -39.94919527, -18.48910227 ], [ -39.94916234, -18.48915718 ], [ -39.94915775, -18.48916508 ], [ -39.94913105, -18.48921295 ], [ -39.94905276, -18.48934719 ], [ -39.94904828, -18.48935516 ], [ -39.94901811, -18.48941148 ], [ -39.94900019, -18.48944333 ], [ -39.9489956, -18.48945124 ], [ -39.94895302, -18.4895217 ], [ -39.94894841, -18.48952959 ], [ -39.94888168, -18.48964927 ], [ -39.94887713, -18.48965719 ], [ -39.94882567, -18.48974363 ], [ -39.94882112, -18.48975156 ], [ -39.94879921, -18.48979161 ], [ -39.94877202, -18.48983923 ], [ -39.94871643, -18.48993382 ], [ -39.9487119, -18.48994175 ], [ -39.94869424, -18.48997373 ], [ -39.94863849, -18.49006823 ], [ -39.94863395, -18.49007617 ], [ -39.94859441, -18.49014822 ], [ -39.9485899, -18.49015617 ], [ -39.94854341, -18.4902349 ], [ -39.94851192, -18.49029057 ], [ -39.94848863, -18.49032991 ], [ -39.94841773, -18.49045351 ] ] } },
{ "type": "Feature", "properties": { }, "geometry": { "type": "LineString", "coordinates": [ [ -39.94936449, -18.48877795 ], [ -39.94933212, -18.48883264 ], [ -39.94914168, -18.48916588 ], [ -39.94910913, -18.48922098 ], [ -39.94907802, -18.48927685 ], [ -39.94904092, -18.48933988 ], [ -39.94903639, -18.48934782 ], [ -39.94898365, -18.48944388 ], [ -39.9489791, -18.48945181 ], [ -39.94894133, -18.48951448 ], [ -39.94887795, -18.48962561 ], [ -39.94880845, -18.48974385 ], [ -39.94880393, -18.48975178 ], [ -39.94877751, -18.48979979 ], [ -39.94874112, -18.48986321 ], [ -39.9487131, -18.48991038 ], [ -39.94870857, -18.48991831 ], [ -39.94869113, -18.48995041 ], [ -39.94868664, -18.48995836 ], [ -39.94862144, -18.49006853 ], [ -39.94861693, -18.49007648 ], [ -39.94859109, -18.49012477 ], [ -39.94858662, -18.49013273 ], [ -39.94853057, -18.49022708 ], [ -39.94852599, -18.49023499 ], [ -39.94848148, -18.49031476 ], [ -39.94843073, -18.49040158 ], [ -39.94840123, -18.49045413 ] ] } },
{ "type": "Feature", "properties": { }, "geometry": { "type": "LineString", "coordinates": [ [ -39.9493525, -18.48877051 ], [ -39.94926044, -18.48892795 ], [ -39.94921567, -18.48900758 ], [ -39.94916056, -18.48910243 ], [ -39.9491296, -18.48915837 ], [ -39.94908809, -18.4892294 ], [ -39.94906616, -18.48926945 ], [ -39.94906165, -18.4892774 ], [ -39.94902428, -18.48934029 ], [ -39.9489709, -18.48943603 ], [ -39.94896635, -18.48944396 ], [ -39.94891459, -18.48953023 ], [ -39.94891004, -18.48953816 ], [ -39.94888833, -18.48957832 ], [ -39.94886119, -18.48962595 ], [ -39.94878725, -18.48975217 ], [ -39.94872406, -18.4898634 ], [ -39.94871947, -18.4898713 ], [ -39.94870059, -18.48990264 ], [ -39.948696, -18.48991055 ], [ -39.94867395, -18.48995053 ], [ -39.94865066, -18.48998988 ], [ -39.94864613, -18.48999781 ], [ -39.94862877, -18.49002995 ], [ -39.94862428, -18.4900379 ], [ -39.94860066, -18.49007706 ], [ -39.94859611, -18.49008499 ], [ -39.94857465, -18.49012527 ], [ -39.94857014, -18.49013322 ], [ -39.94854607, -18.49017213 ], [ -39.94851386, -18.49022742 ], [ -39.94846039, -18.49032312 ], [ -39.94841846, -18.49039393 ], [ -39.94838389, -18.49045479 ] ] } },
{ "type": "Feature", "properties": { }, "geometry": { "type": "LineString", "coordinates": [ [ -39.94934076, -18.48876321 ], [ -39.94925306, -18.48891263 ], [ -39.94920374, -18.48900019 ], [ -39.9491669, -18.48906336 ], [ -39.94913116, -18.48912712 ], [ -39.94909894, -18.4891824 ], [ -39.949059, -18.48925426 ], [ -39.94905446, -18.48926219 ], [ -39.94902629, -18.48930928 ], [ -39.94900395, -18.48934912 ], [ -39.94898069, -18.48938848 ], [ -39.94897616, -18.48939641 ], [ -39.94896315, -18.48942052 ], [ -39.94893603, -18.48946817 ], [ -39.94893142, -18.48947606 ], [ -39.94890753, -18.48951508 ], [ -39.9489029, -18.48952296 ], [ -39.94887214, -18.489579 ], [ -39.94884032, -18.4896345 ], [ -39.94882148, -18.48966586 ], [ -39.94880811, -18.48968978 ], [ -39.94877531, -18.48974476 ], [ -39.94870828, -18.48986428 ], [ -39.94869448, -18.48988797 ], [ -39.94867521, -18.4899191 ], [ -39.94864316, -18.48997447 ], [ -39.94863868, -18.48998243 ], [ -39.94861281, -18.49003071 ], [ -39.94860833, -18.49003868 ], [ -39.94859399, -18.49006208 ], [ -39.94858935, -18.49006996 ], [ -39.94856296, -18.49011798 ], [ -39.94855842, -18.49012591 ], [ -39.94853933, -18.49015714 ], [ -39.94851192, -18.49020464 ], [ -39.94849309, -18.490236 ], [ -39.94844385, -18.4903236 ], [ -39.9483837, -18.49042612 ], [ -39.94837916, -18.49043405 ], [ -39.94836744, -18.49045542 ] ] } },
{ "type": "Feature", "properties": { }, "geometry": { "type": "LineString", "coordinates": [ [ -39.94932907, -18.48875595 ], [ -39.94928831, -18.48882687 ], [ -39.9492462, -18.48889758 ], [ -39.94920492, -18.48896874 ], [ -39.94916942, -18.48903261 ], [ -39.94909601, -18.48915911 ], [ -39.94907834, -18.48919108 ], [ -39.94905972, -18.48922256 ], [ -39.94894223, -18.48942906 ], [ -39.94893764, -18.48943697 ], [ -39.94890464, -18.48949183 ], [ -39.94890002, -18.48949972 ], [ -39.9488467, -18.4895955 ], [ -39.94882815, -18.48962701 ], [ -39.94880895, -18.48965817 ], [ -39.94878664, -18.48969803 ], [ -39.94875837, -18.48974507 ], [ -39.94875379, -18.48975297 ], [ -39.94872754, -18.48980107 ], [ -39.94869163, -18.48986473 ], [ -39.94868706, -18.48987265 ], [ -39.94865886, -18.48991972 ], [ -39.94863178, -18.48996739 ], [ -39.94861888, -18.48999155 ], [ -39.94857723, -18.49006251 ], [ -39.94854632, -18.49011847 ], [ -39.94846244, -18.49026009 ], [ -39.94841337, -18.49034778 ], [ -39.9483719, -18.49041884 ], [ -39.94835104, -18.49045604 ] ] } },
{ "type": "Feature", "properties": { }, "geometry": { "type": "LineString", "coordinates": [ [ -39.94931705, -18.48874849 ], [ -39.94926701, -18.48883516 ], [ -39.94919254, -18.48896109 ], [ -39.94918799, -18.48896902 ], [ -39.94915286, -18.48903307 ], [ -39.94902017, -18.48926254 ], [ -39.94896674, -18.48935825 ], [ -39.94888334, -18.48950012 ], [ -39.9488788, -18.48950806 ], [ -39.94884364, -18.4895721 ], [ -39.94883912, -18.48958004 ], [ -39.9487921, -18.48965849 ], [ -39.94876016, -18.48971393 ], [ -39.94868853, -18.48984134 ], [ -39.94864696, -18.48991235 ], [ -39.94862079, -18.48996048 ], [ -39.94861629, -18.48996843 ], [ -39.94858802, -18.49001547 ], [ -39.94856976, -18.49004714 ], [ -39.94856506, -18.49005499 ], [ -39.94856011, -18.4900627 ], [ -39.94855539, -18.49007053 ], [ -39.94853355, -18.49011062 ], [ -39.94848781, -18.49018976 ], [ -39.94845493, -18.49024469 ], [ -39.94843713, -18.4902766 ], [ -39.94841864, -18.49030815 ], [ -39.94837874, -18.49038002 ], [ -39.94837421, -18.49038796 ], [ -39.94835552, -18.4904194 ], [ -39.94835096, -18.49042732 ], [ -39.948335, -18.49045665 ] ] } },
{ "type": "Feature", "properties": { }, "geometry": { "type": "LineString", "coordinates": [ [ -39.94930481, -18.48874088 ], [ -39.94925024, -18.48883549 ], [ -39.94918063, -18.48895366 ], [ -39.94917608, -18.48896159 ], [ -39.9491454, -18.48901767 ], [ -39.94909104, -18.48911291 ], [ -39.94906325, -18.4891602 ], [ -39.94904139, -18.48920029 ], [ -39.94903687, -18.48920822 ], [ -39.9490128, -18.48924714 ], [ -39.94900811, -18.48925499 ], [ -39.94895025, -18.48935869 ], [ -39.94891354, -18.48942194 ], [ -39.94887606, -18.48948477 ], [ -39.94887148, -18.48949268 ], [ -39.94883633, -18.48955673 ], [ -39.94877148, -18.48966708 ], [ -39.94871696, -18.48976224 ], [ -39.94866327, -18.48985782 ], [ -39.94865873, -18.48986575 ], [ -39.94863075, -18.48991295 ], [ -39.94860428, -18.48996092 ], [ -39.94859974, -18.48996886 ], [ -39.94857593, -18.49000792 ], [ -39.94854843, -18.49005537 ], [ -39.94847145, -18.4901903 ], [ -39.94842919, -18.49026094 ], [ -39.94837146, -18.49036471 ], [ -39.94836696, -18.49037266 ], [ -39.94834849, -18.49040422 ], [ -39.94831874, -18.49045727 ] ] } },
{ "type": "Feature", "properties": { }, "geometry": { "type": "LineString", "coordinates": [ [ -39.9492926, -18.4887333 ], [ -39.94926949, -18.48877222 ], [ -39.94924745, -18.48881221 ], [ -39.9491926, -18.48890719 ], [ -39.94918795, -18.48891507 ], [ -39.94916883, -18.48894627 ], [ -39.94916421, -18.48895416 ], [ -39.94913376, -18.48901035 ], [ -39.9490605, -18.48913693 ], [ -39.94905605, -18.4891449 ], [ -39.94904323, -18.4891691 ], [ -39.94902967, -18.48919293 ], [ -39.94902505, -18.48920081 ], [ -39.94899615, -18.4892475 ], [ -39.94899161, -18.48925543 ], [ -39.94898738, -18.48926352 ], [ -39.94896452, -18.48930309 ], [ -39.94891105, -18.48939878 ], [ -39.94885997, -18.48948543 ], [ -39.94882019, -18.48955736 ], [ -39.94881567, -18.4895653 ], [ -39.94878283, -18.48962025 ], [ -39.94867372, -18.48981053 ], [ -39.94865161, -18.48985049 ], [ -39.94861879, -18.48990545 ], [ -39.9485918, -18.48995316 ], [ -39.94856839, -18.48999244 ], [ -39.94852279, -18.49007165 ], [ -39.9484504, -18.49019868 ], [ -39.94840867, -18.4902696 ], [ -39.94835492, -18.49036516 ], [ -39.9483225, -18.49042033 ], [ -39.94831799, -18.49042828 ], [ -39.94830223, -18.49045789 ] ] } },
{ "type": "Feature", "properties": { }, "geometry": { "type": "LineString", "coordinates": [ [ -39.94928094, -18.48872605 ], [ -39.94925262, -18.48877356 ], [ -39.94922578, -18.48882136 ], [ -39.9492176, -18.48883766 ], [ -39.9491984, -18.48886882 ], [ -39.94917222, -18.48891695 ], [ -39.94914815, -18.48895586 ], [ -39.94910376, -18.48903569 ], [ -39.94908099, -18.48907531 ], [ -39.94906649, -18.48909863 ], [ -39.94900822, -18.48920212 ], [ -39.94898431, -18.48924112 ], [ -39.94897131, -18.48926523 ], [ -39.94894822, -18.48930468 ], [ -39.94893977, -18.48932086 ], [ -39.94892987, -18.48933627 ], [ -39.94887131, -18.48943961 ], [ -39.9488568, -18.48946292 ], [ -39.94881234, -18.48954271 ], [ -39.9487842, -18.48958982 ], [ -39.94873919, -18.48966934 ], [ -39.94867484, -18.48977996 ], [ -39.94863924, -18.48984378 ], [ -39.94861537, -18.48988281 ], [ -39.94858376, -18.48993841 ], [ -39.94855566, -18.48998555 ], [ -39.94852893, -18.49003339 ], [ -39.9485011, -18.49008067 ], [ -39.94847453, -18.4901286 ], [ -39.94846037, -18.4901521 ], [ -39.94842029, -18.49022389 ], [ -39.9483921, -18.49027097 ], [ -39.94838355, -18.4902871 ], [ -39.94836938, -18.4903106 ], [ -39.94833349, -18.49037427 ], [ -39.94830071, -18.49042926 ], [ -39.9482855, -18.49045853 ] ] } },
{ "type": "Feature", "properties": { }, "geometry": { "type": "LineString", "coordinates": [ [ -39.94926917, -18.48871875 ], [ -39.94925093, -18.48874991 ], [ -39.94920182, -18.48883758 ], [ -39.94912858, -18.48896417 ], [ -39.94912408, -18.48897212 ], [ -39.94910222, -18.4890122 ], [ -39.94906514, -18.48907525 ], [ -39.94904304, -18.48911521 ], [ -39.949029, -18.48913878 ], [ -39.94897479, -18.4892341 ], [ -39.94890542, -18.48935239 ], [ -39.94886562, -18.48942432 ], [ -39.94886109, -18.48943226 ], [ -39.94882801, -18.48948708 ], [ -39.94870077, -18.48970909 ], [ -39.94866801, -18.48976409 ], [ -39.94863678, -18.48981989 ], [ -39.9485907, -18.48989884 ], [ -39.94857338, -18.48993099 ], [ -39.94856892, -18.48993896 ], [ -39.94853113, -18.49000163 ], [ -39.9484318, -18.4901764 ], [ -39.9482995, -18.49040607 ], [ -39.94828529, -18.49042955 ], [ -39.94826919, -18.49045915 ] ] } },
{ "type": "Feature", "properties": { }, "geometry": { "type": "LineString", "coordinates": [ [ -39.94925723, -18.48871133 ], [ -39.9492388, -18.48874239 ], [ -39.94915811, -18.48888569 ], [ -39.94910804, -18.48897286 ], [ -39.94908584, -18.48901277 ], [ -39.94906715, -18.48904422 ], [ -39.94904956, -18.48907623 ], [ -39.94897716, -18.48920326 ], [ -39.94889871, -18.48933742 ], [ -39.94884493, -18.48943295 ], [ -39.94884036, -18.48944087 ], [ -39.94882621, -18.48946438 ], [ -39.94878997, -18.48952787 ], [ -39.94874336, -18.48960654 ], [ -39.94868455, -18.48970976 ], [ -39.94861033, -18.48983582 ], [ -39.94858331, -18.48988352 ], [ -39.94857038, -18.48990766 ], [ -39.94856595, -18.48991565 ], [ -39.94853808, -18.4899629 ], [ -39.94842017, -18.49016919 ], [ -39.94835108, -18.49028763 ], [ -39.94829716, -18.4903831 ], [ -39.94829258, -18.49039101 ], [ -39.94826907, -18.49043023 ], [ -39.94825274, -18.49045977 ] ] } },
{ "type": "Feature", "properties": { }, "geometry": { "type": "LineString", "coordinates": [ [ -39.94924432, -18.48870331 ], [ -39.94923554, -18.48871881 ], [ -39.94922596, -18.4887344 ], [ -39.94918658, -18.48880654 ], [ -39.94912735, -18.48890953 ], [ -39.94907392, -18.48900525 ], [ -39.94903719, -18.48906848 ], [ -39.94899277, -18.4891483 ], [ -39.94889598, -18.48931409 ], [ -39.94884228, -18.48940967 ], [ -39.94883774, -18.4894176 ], [ -39.94880503, -18.48947262 ], [ -39.94877825, -18.48952045 ], [ -39.94872676, -18.48960686 ], [ -39.94869, -18.48967008 ], [ -39.94868548, -18.48967802 ], [ -39.94866354, -18.48971807 ], [ -39.94857498, -18.48986754 ], [ -39.94857042, -18.48987546 ], [ -39.94855291, -18.48990752 ], [ -39.94851197, -18.48997886 ], [ -39.94848996, -18.49001887 ], [ -39.94838048, -18.49020894 ], [ -39.94834297, -18.49027176 ], [ -39.94833839, -18.49027967 ], [ -39.94830782, -18.4903358 ], [ -39.94828054, -18.49038337 ], [ -39.94825251, -18.49043054 ], [ -39.94824796, -18.49043846 ], [ -39.94823622, -18.4904604 ] ] } },
{ "type": "Feature", "properties": { }, "geometry": { "type": "LineString", "coordinates": [ [ -39.94923402, -18.48869691 ], [ -39.94921083, -18.48873579 ], [ -39.94919721, -18.48875958 ], [ -39.94918857, -18.48877567 ], [ -39.9491841, -18.48878364 ], [ -39.94916537, -18.48881505 ], [ -39.9491608, -18.48882297 ], [ -39.94914755, -18.48884695 ], [ -39.94912901, -18.48887848 ], [ -39.94907564, -18.48897422 ], [ -39.94903915, -18.48903758 ], [ -39.94902501, -18.4890611 ], [ -39.94898986, -18.48912515 ], [ -39.94898533, -18.48913308 ], [ -39.94896174, -18.48917226 ], [ -39.94892096, -18.48924368 ], [ -39.94888855, -18.48929887 ], [ -39.94883015, -18.4894023 ], [ -39.94877085, -18.48950526 ], [ -39.94873335, -18.48956808 ], [ -39.94872417, -18.48958389 ], [ -39.94869698, -18.4896315 ], [ -39.94867353, -18.48967076 ], [ -39.94864702, -18.48971872 ], [ -39.94860526, -18.48978962 ], [ -39.94857361, -18.48984521 ], [ -39.94855475, -18.48987656 ], [ -39.94853234, -18.48991636 ], [ -39.94852773, -18.48992426 ], [ -39.94851347, -18.4899477 ], [ -39.94847335, -18.49001947 ], [ -39.94841828, -18.49011433 ], [ -39.94838696, -18.49017009 ], [ -39.94833538, -18.49025646 ], [ -39.94832641, -18.49027238 ], [ -39.94830019, -18.49032048 ], [ -39.94825498, -18.4903999 ], [ -39.94823622, -18.4904313 ], [ -39.94821964, -18.49046103 ] ] } },
{ "type": "Feature", "properties": { }, "geometry": { "type": "LineString", "coordinates": [ [ -39.94922187, -18.48868937 ], [ -39.94919083, -18.48874475 ], [ -39.94915307, -18.48880743 ], [ -39.94912187, -18.48886325 ], [ -39.94910898, -18.48888741 ], [ -39.94903966, -18.48900573 ], [ -39.94897751, -18.48911749 ], [ -39.94897298, -18.48912543 ], [ -39.94894433, -18.48917225 ], [ -39.94890835, -18.48923588 ], [ -39.94887145, -18.48929903 ], [ -39.94875434, -18.48950572 ], [ -39.94871203, -18.48957633 ], [ -39.94868992, -18.48961629 ], [ -39.94866194, -18.48966348 ], [ -39.94864455, -18.48969559 ], [ -39.94859846, -18.48977454 ], [ -39.9485939, -18.48978246 ], [ -39.94857616, -18.4898144 ], [ -39.94856223, -18.48983803 ], [ -39.94855243, -18.4898535 ], [ -39.94853456, -18.48988538 ], [ -39.94849285, -18.48995631 ], [ -39.94845688, -18.49001994 ], [ -39.94841539, -18.49009099 ], [ -39.94837943, -18.49015462 ], [ -39.94831466, -18.49026502 ], [ -39.9482838, -18.49032101 ], [ -39.94823845, -18.49040035 ], [ -39.94823385, -18.49040825 ], [ -39.94821966, -18.49043174 ], [ -39.94820323, -18.49046165 ] ] } },
{ "type": "Feature", "properties": { }, "geometry": { "type": "LineString", "coordinates": [ [ -39.94921018, -18.4886821 ], [ -39.94919635, -18.48870527 ], [ -39.94916955, -18.48875308 ], [ -39.94913657, -18.48880796 ], [ -39.94909245, -18.48888793 ], [ -39.94902317, -18.48900627 ], [ -39.94896557, -18.48911011 ], [ -39.94892332, -18.48918075 ], [ -39.94889182, -18.48923641 ], [ -39.94887313, -18.48926785 ], [ -39.94880584, -18.48938724 ], [ -39.94876429, -18.48945826 ], [ -39.94874207, -18.48949816 ], [ -39.94869526, -18.48957672 ], [ -39.94866409, -18.48963255 ], [ -39.94860069, -18.48974367 ], [ -39.94857756, -18.4897831 ], [ -39.9485645, -18.48980718 ], [ -39.94848087, -18.48994893 ], [ -39.94845396, -18.48999669 ], [ -39.94843087, -18.49003614 ], [ -39.94840453, -18.49008418 ], [ -39.94837638, -18.49013129 ], [ -39.94834924, -18.49017892 ], [ -39.94829822, -18.4902656 ], [ -39.94826742, -18.49032162 ], [ -39.948217, -18.49040861 ], [ -39.94818681, -18.49046228 ] ] } },
{ "type": "Feature", "properties": { }, "geometry": { "type": "LineString", "coordinates": [ [ -39.94919818, -18.48867465 ], [ -39.94914014, -18.48877775 ], [ -39.94913558, -18.48878567 ], [ -39.9491025, -18.48884049 ], [ -39.94909791, -18.48884839 ], [ -39.94908048, -18.48888049 ], [ -39.94903486, -18.48895969 ], [ -39.94900684, -18.48900686 ], [ -39.94895797, -18.48909465 ], [ -39.94893486, -18.48913409 ], [ -39.94892046, -18.48915747 ], [ -39.94891579, -18.48916533 ], [ -39.94888022, -18.48922916 ], [ -39.94885259, -18.48927655 ], [ -39.94882163, -18.48933248 ], [ -39.9488171, -18.48934042 ], [ -39.94879822, -18.48937176 ], [ -39.948771, -18.48941936 ], [ -39.9487426, -18.48946632 ], [ -39.94873798, -18.48947421 ], [ -39.9487115, -18.48952219 ], [ -39.94867881, -18.48957722 ], [ -39.94863877, -18.48964903 ], [ -39.94857003, -18.48976766 ], [ -39.94853888, -18.4898235 ], [ -39.94846878, -18.48994141 ], [ -39.94844201, -18.48998924 ], [ -39.94842357, -18.49002081 ], [ -39.94839273, -18.49007681 ], [ -39.94836465, -18.49012395 ], [ -39.948296, -18.49024263 ], [ -39.9482725, -18.49028186 ], [ -39.94823757, -18.49034601 ], [ -39.9481867, -18.49043277 ], [ -39.9481822, -18.49044072 ], [ -39.94817052, -18.49046289 ] ] } },
{ "type": "Feature", "properties": { }, "geometry": { "type": "LineString", "coordinates": [ [ -39.94918672, -18.48866753 ], [ -39.94915907, -18.48871438 ], [ -39.94911882, -18.48878608 ], [ -39.94909551, -18.48882541 ], [ -39.94908227, -18.4888494 ], [ -39.94904073, -18.48892042 ], [ -39.94900926, -18.4889761 ], [ -39.94899047, -18.48900749 ], [ -39.94894621, -18.48908739 ], [ -39.94890388, -18.48915798 ], [ -39.94885954, -18.48923784 ], [ -39.94883676, -18.48927745 ], [ -39.94879506, -18.48934839 ], [ -39.94875874, -18.48941184 ], [ -39.94872568, -18.48946667 ], [ -39.94862235, -18.48964966 ], [ -39.94859907, -18.48968901 ], [ -39.9485795, -18.48971996 ], [ -39.94856574, -18.48974368 ], [ -39.94856122, -18.48975162 ], [ -39.94853092, -18.48980789 ], [ -39.94848951, -18.48987898 ], [ -39.94846128, -18.48992603 ], [ -39.94841658, -18.49000571 ], [ -39.94839042, -18.49005385 ], [ -39.94829696, -18.49021105 ], [ -39.94827519, -18.49025118 ], [ -39.9482615, -18.49027494 ], [ -39.9482531, -18.49029114 ], [ -39.94824876, -18.49029917 ], [ -39.94823925, -18.49031481 ], [ -39.9482077, -18.49037044 ], [ -39.9481699, -18.4904331 ], [ -39.94815344, -18.49046354 ] ] } },
{ "type": "Feature", "properties": { }, "geometry": { "type": "LineString", "coordinates": [ [ -39.94917406, -18.48865967 ], [ -39.94906091, -18.48885762 ], [ -39.94902821, -18.48891264 ], [ -39.94898815, -18.48898444 ], [ -39.9489464, -18.48905535 ], [ -39.94892897, -18.48908744 ], [ -39.94889197, -18.48915053 ], [ -39.9488472, -18.48923017 ], [ -39.94878704, -18.48933268 ], [ -39.94875597, -18.48938856 ], [ -39.94873231, -18.4894277 ], [ -39.94869612, -18.48949122 ], [ -39.94867262, -18.48953045 ], [ -39.94865086, -18.48957058 ], [ -39.94861014, -18.48964203 ], [ -39.94860557, -18.48964995 ], [ -39.9485676, -18.48971251 ], [ -39.94851397, -18.48980813 ], [ -39.9484817, -18.48986339 ], [ -39.94845799, -18.4899025 ], [ -39.94843171, -18.48995058 ], [ -39.94836873, -18.49006191 ], [ -39.94828939, -18.4901956 ], [ -39.9482762, -18.49021961 ], [ -39.94826418, -18.49024418 ], [ -39.94825085, -18.49026812 ], [ -39.94818576, -18.49037835 ], [ -39.94815727, -18.49042527 ], [ -39.94813583, -18.49046421 ] ] } },
{ "type": "Feature", "properties": { }, "geometry": { "type": "LineString", "coordinates": [ [ -39.94916189, -18.48865211 ], [ -39.94911188, -18.4887388 ], [ -39.94899042, -18.48895352 ], [ -39.94894375, -18.48903216 ], [ -39.94884442, -18.48920693 ], [ -39.94878455, -18.48930959 ], [ -39.94874455, -18.48938141 ], [ -39.94872109, -18.48942067 ], [ -39.94867147, -18.48950807 ], [ -39.94865243, -18.48953933 ], [ -39.9485891, -18.48965049 ], [ -39.94856045, -18.48969731 ], [ -39.94852937, -18.48975319 ], [ -39.9484565, -18.48987997 ], [ -39.94844222, -18.48990341 ], [ -39.94835661, -18.49005444 ], [ -39.94828225, -18.49018043 ], [ -39.94825217, -18.4902368 ], [ -39.94820177, -18.4903238 ], [ -39.94813621, -18.49043378 ], [ -39.94811898, -18.49046485 ] ] } },
{ "type": "Feature", "properties": { }, "geometry": { "type": "LineString", "coordinates": [ [ -39.94915018, -18.48864483 ], [ -39.94912302, -18.48869195 ], [ -39.94910554, -18.48872402 ], [ -39.94907759, -18.48877123 ], [ -39.94902328, -18.48886649 ], [ -39.94897902, -18.48894639 ], [ -39.94889602, -18.48908848 ], [ -39.94886937, -18.48913637 ], [ -39.94880431, -18.48924661 ], [ -39.9487684, -18.48931027 ], [ -39.94875129, -18.48934253 ], [ -39.94871397, -18.48940545 ], [ -39.9486917, -18.48944532 ], [ -39.94863667, -18.48954021 ], [ -39.94861472, -18.48958024 ], [ -39.94858631, -18.48962721 ], [ -39.9485227, -18.48973822 ], [ -39.94848538, -18.48980114 ], [ -39.9484455, -18.48987302 ], [ -39.94841711, -18.48991999 ], [ -39.94834494, -18.49004714 ], [ -39.94832088, -18.49008606 ], [ -39.94829304, -18.49013333 ], [ -39.94825336, -18.49020531 ], [ -39.94821684, -18.49026866 ], [ -39.94820388, -18.49029278 ], [ -39.94811969, -18.49043423 ], [ -39.94810203, -18.4904655 ] ] } },
{ "type": "Feature", "properties": { }, "geometry": { "type": "LineString", "coordinates": [ [ -39.94913858, -18.48863763 ], [ -39.94906617, -18.48876413 ], [ -39.94905755, -18.48878023 ], [ -39.94901585, -18.48885116 ], [ -39.94897176, -18.48893115 ], [ -39.94893995, -18.48898665 ], [ -39.94888434, -18.48908123 ], [ -39.94884816, -18.48914475 ], [ -39.94881509, -18.48919958 ], [ -39.94874408, -18.48932732 ], [ -39.9487015, -18.48939778 ], [ -39.94865232, -18.48948541 ], [ -39.94862424, -18.48953255 ], [ -39.94860275, -18.48957282 ], [ -39.94855607, -18.48965145 ], [ -39.94853405, -18.48969145 ], [ -39.94851102, -18.48973094 ], [ -39.94846398, -18.48980938 ], [ -39.94832859, -18.49004773 ], [ -39.94829937, -18.49009424 ], [ -39.94828563, -18.49011797 ], [ -39.94824618, -18.49019007 ], [ -39.94821845, -18.4902374 ], [ -39.94819209, -18.49028543 ], [ -39.94816894, -18.49032485 ], [ -39.94814959, -18.49035593 ], [ -39.94808545, -18.49046612 ] ] } },
{ "type": "Feature", "properties": { }, "geometry": { "type": "LineString", "coordinates": [ [ -39.94912651, -18.48863013 ], [ -39.94904097, -18.48878068 ], [ -39.94900858, -18.48883588 ], [ -39.94899098, -18.48886789 ], [ -39.94897652, -18.48889123 ], [ -39.94890449, -18.48901844 ], [ -39.94880761, -18.48918419 ], [ -39.94875456, -18.4892801 ], [ -39.94872214, -18.48933528 ], [ -39.9486839, -18.48939769 ], [ -39.94866146, -18.48943748 ], [ -39.94864018, -18.48947785 ], [ -39.94860737, -18.48953282 ], [ -39.94858524, -18.48957277 ], [ -39.94855725, -18.48961996 ], [ -39.94852588, -18.48967569 ], [ -39.94849777, -18.48972281 ], [ -39.94847995, -18.48975471 ], [ -39.94843791, -18.48982547 ], [ -39.94836652, -18.48995301 ], [ -39.94830643, -18.49005555 ], [ -39.94829197, -18.49007889 ], [ -39.94825104, -18.49015024 ], [ -39.9482164, -18.49021453 ], [ -39.94810578, -18.49040401 ], [ -39.94808678, -18.49043529 ], [ -39.94806941, -18.49046673 ] ] } },
{ "type": "Feature", "properties": { }, "geometry": { "type": "LineString", "coordinates": [ [ -39.94911492, -18.48862294 ], [ -39.9490371, -18.48875691 ], [ -39.94901501, -18.48879688 ], [ -39.94897863, -18.4888603 ], [ -39.94896427, -18.4888837 ], [ -39.94889663, -18.4890029 ], [ -39.94886399, -18.48905796 ], [ -39.94880006, -18.48916881 ], [ -39.94874646, -18.48926444 ], [ -39.948705, -18.4893355 ], [ -39.94868556, -18.48936653 ], [ -39.94865853, -18.48941423 ], [ -39.94864894, -18.48942981 ], [ -39.94862763, -18.48947016 ], [ -39.94859507, -18.48952527 ], [ -39.9485685, -18.4895732 ], [ -39.94854516, -18.48961252 ], [ -39.94850917, -18.48967614 ], [ -39.94848092, -18.48972319 ], [ -39.94843608, -18.48980279 ], [ -39.94841739, -18.48983423 ], [ -39.94835407, -18.48994539 ], [ -39.94832555, -18.48999229 ], [ -39.94829434, -18.49004811 ], [ -39.94826144, -18.49010302 ], [ -39.94820877, -18.49019913 ], [ -39.94814419, -18.49030962 ], [ -39.94810371, -18.4903812 ], [ -39.94807499, -18.49042799 ], [ -39.94806245, -18.49045232 ], [ -39.94805354, -18.49046734 ] ] } },
{ "type": "Feature", "properties": { }, "geometry": { "type": "LineString", "coordinates": [ [ -39.94910279, -18.4886154 ], [ -39.94907965, -18.48865431 ], [ -39.94900727, -18.48878134 ], [ -39.94895623, -18.488868 ], [ -39.94894272, -18.48889185 ], [ -39.94893441, -18.48890809 ], [ -39.94889756, -18.48897126 ], [ -39.94886165, -18.48903493 ], [ -39.94881084, -18.48912171 ], [ -39.9487613, -18.48920916 ], [ -39.94870551, -18.48930364 ], [ -39.94868336, -18.48934358 ], [ -39.94866884, -18.48936688 ], [ -39.94865096, -18.48939876 ], [ -39.94863221, -18.48943016 ], [ -39.94861922, -18.48945428 ], [ -39.94859604, -18.48949368 ], [ -39.94856058, -18.48955757 ], [ -39.94852356, -18.48962065 ], [ -39.94850166, -18.48966072 ], [ -39.94845075, -18.48974745 ], [ -39.94841543, -18.48981141 ], [ -39.94830831, -18.48999239 ], [ -39.94828143, -18.49004017 ], [ -39.94824916, -18.49009543 ], [ -39.94821873, -18.49015163 ], [ -39.94818241, -18.49021508 ], [ -39.94814052, -18.49028592 ], [ -39.94809113, -18.49037344 ], [ -39.94805832, -18.49042841 ], [ -39.94803689, -18.49046797 ] ] } },
{ "type": "Feature", "properties": { }, "geometry": { "type": "LineString", "coordinates": [ [ -39.94909104, -18.4886081 ], [ -39.94907223, -18.48863896 ], [ -39.94905029, -18.488679 ], [ -39.9489353, -18.4888765 ], [ -39.94885418, -18.48901957 ], [ -39.94879866, -18.4891142 ], [ -39.94874945, -18.48920182 ], [ -39.94871185, -18.48926459 ], [ -39.94868044, -18.48932029 ], [ -39.94865694, -18.48935953 ], [ -39.94862076, -18.48942305 ], [ -39.94860325, -18.4894551 ], [ -39.94857951, -18.4894942 ], [ -39.9485442, -18.48955817 ], [ -39.9485113, -18.48961309 ], [ -39.94846687, -18.4896929 ], [ -39.94843013, -18.48975613 ], [ -39.94839941, -18.48981219 ], [ -39.94836619, -18.48986693 ], [ -39.94834321, -18.48990644 ], [ -39.94831908, -18.48994532 ], [ -39.94827838, -18.49001679 ], [ -39.94824131, -18.49007984 ], [ -39.94822335, -18.49011167 ], [ -39.94819749, -18.49015995 ], [ -39.94812822, -18.49027831 ], [ -39.94811515, -18.49030238 ], [ -39.94807363, -18.49037341 ], [ -39.94802014, -18.4904686 ] ] } },
{ "type": "Feature", "properties": { }, "geometry": { "type": "LineString", "coordinates": [ [ -39.94907924, -18.48860077 ], [ -39.94905618, -18.48863972 ], [ -39.94901086, -18.48871907 ], [ -39.94899204, -18.48875045 ], [ -39.94893789, -18.48884579 ], [ -39.94889588, -18.48891656 ], [ -39.94886449, -18.48897228 ], [ -39.9488275, -18.48903538 ], [ -39.94881001, -18.48906744 ], [ -39.94878195, -18.4891146 ], [ -39.94875528, -18.48916248 ], [ -39.94866395, -18.48932082 ], [ -39.94863132, -18.48937589 ], [ -39.94859154, -18.48944783 ], [ -39.94857231, -18.48947897 ], [ -39.94852765, -18.48955867 ], [ -39.94849927, -18.48960564 ], [ -39.9484595, -18.48967758 ], [ -39.94843632, -18.48971698 ], [ -39.94838238, -18.48981244 ], [ -39.9483358, -18.48989113 ], [ -39.94830248, -18.48994581 ], [ -39.94826637, -18.49000937 ], [ -39.94825214, -18.49003284 ], [ -39.94822053, -18.49008845 ], [ -39.94818574, -18.49015267 ], [ -39.94812046, -18.4902628 ], [ -39.94809836, -18.49030276 ], [ -39.94807031, -18.49034992 ], [ -39.94803391, -18.49041333 ], [ -39.94800326, -18.49046925 ] ] } },
{ "type": "Feature", "properties": { }, "geometry": { "type": "LineString", "coordinates": [ [ -39.94906641, -18.4885928 ], [ -39.94895823, -18.48878304 ], [ -39.94895369, -18.48879097 ], [ -39.94893948, -18.48881445 ], [ -39.9489264, -18.48883852 ], [ -39.94890284, -18.48887772 ], [ -39.94885315, -18.48896509 ], [ -39.94881608, -18.48902814 ], [ -39.94878478, -18.48908391 ], [ -39.94876586, -18.48911523 ], [ -39.94872147, -18.48919506 ], [ -39.94868838, -18.48924988 ], [ -39.94865212, -18.48931336 ], [ -39.9486241, -18.48936053 ], [ -39.94857515, -18.48944828 ], [ -39.9484881, -18.48959856 ], [ -39.9484527, -18.48966248 ], [ -39.94841547, -18.48972545 ], [ -39.94836579, -18.48981283 ], [ -39.94827694, -18.48996215 ], [ -39.94824641, -18.4900183 ], [ -39.94819624, -18.49010542 ], [ -39.94817426, -18.49014544 ], [ -39.94812695, -18.49022374 ], [ -39.94810398, -18.49026325 ], [ -39.9480778, -18.49031138 ], [ -39.94800841, -18.49042967 ], [ -39.94798717, -18.49046986 ] ] } },
{ "type": "Feature", "properties": { }, "geometry": { "type": "LineString", "coordinates": [ [ -39.94905445, -18.48858537 ], [ -39.94901429, -18.4886566 ], [ -39.94898159, -18.48871163 ], [ -39.94887299, -18.48890217 ], [ -39.94880847, -18.4890127 ], [ -39.94877306, -18.48907662 ], [ -39.94874956, -18.48911585 ], [ -39.94869574, -18.48921136 ], [ -39.94866203, -18.48926583 ], [ -39.9486255, -18.48932917 ], [ -39.94860289, -18.48936888 ], [ -39.94859012, -18.4893931 ], [ -39.94857168, -18.48942468 ], [ -39.94855917, -18.48944902 ], [ -39.94852704, -18.48950435 ], [ -39.94849384, -18.48955911 ], [ -39.94846672, -18.48960676 ], [ -39.94844519, -18.489647 ], [ -39.94839978, -18.48972631 ], [ -39.94836677, -18.48978117 ], [ -39.94832122, -18.48986041 ], [ -39.9483023, -18.48989172 ], [ -39.94828457, -18.48992367 ], [ -39.94825693, -18.48997104 ], [ -39.94823935, -18.49000307 ], [ -39.94822496, -18.49002644 ], [ -39.94820207, -18.490066 ], [ -39.94819752, -18.49007393 ], [ -39.94817167, -18.49012222 ], [ -39.94813897, -18.49017724 ], [ -39.94811482, -18.49021611 ], [ -39.94805719, -18.49031993 ], [ -39.94799232, -18.49043028 ], [ -39.94797088, -18.49047048 ] ] } },
{ "type": "Feature", "properties": { }, "geometry": { "type": "LineString", "coordinates": [ [ -39.94904251, -18.48857796 ], [ -39.94900704, -18.48864133 ], [ -39.94897848, -18.48868821 ], [ -39.94885212, -18.48891068 ], [ -39.94883782, -18.4889341 ], [ -39.94879192, -18.48901316 ], [ -39.94876103, -18.48906913 ], [ -39.94873826, -18.48910875 ], [ -39.94871925, -18.48914001 ], [ -39.94868375, -18.48920389 ], [ -39.9486502, -18.48925845 ], [ -39.94863178, -18.48929004 ], [ -39.94860975, -18.48933003 ], [ -39.94859133, -18.48936163 ], [ -39.94857846, -18.4893858 ], [ -39.94856426, -18.48940928 ], [ -39.94853365, -18.48946539 ], [ -39.94847744, -18.48955965 ], [ -39.94838363, -18.48972699 ], [ -39.94835027, -18.48978166 ], [ -39.94827708, -18.48990827 ], [ -39.9482414, -18.48997205 ], [ -39.94819006, -18.49005855 ], [ -39.9481513, -18.49013099 ], [ -39.94810309, -18.49020878 ], [ -39.94808028, -18.49024838 ], [ -39.94806744, -18.49027256 ], [ -39.94801805, -18.49036009 ], [ -39.94797098, -18.49043851 ], [ -39.94795398, -18.49047112 ] ] } },
{ "type": "Feature", "properties": { }, "geometry": { "type": "LineString", "coordinates": [ [ -39.94903036, -18.48857041 ], [ -39.94899935, -18.48862607 ], [ -39.94894804, -18.48871259 ], [ -39.94891697, -18.48876847 ], [ -39.94890288, -18.48879202 ], [ -39.94884891, -18.48888746 ], [ -39.94877087, -18.48902184 ], [ -39.94875348, -18.48905395 ], [ -39.94873059, -18.48909351 ], [ -39.94870686, -18.48913261 ], [ -39.94866674, -18.48920437 ], [ -39.94862889, -18.489267 ], [ -39.94856631, -18.48937854 ], [ -39.94854745, -18.4894099 ], [ -39.94852599, -18.48945018 ], [ -39.94847925, -18.48952878 ], [ -39.94845265, -18.48957669 ], [ -39.9483979, -18.48967172 ], [ -39.94838047, -18.48970382 ], [ -39.94831054, -18.48982182 ], [ -39.94822914, -18.48996475 ], [ -39.9481773, -18.49005098 ], [ -39.94816859, -18.49006703 ], [ -39.94815255, -18.49009978 ], [ -39.94813934, -18.49012378 ], [ -39.94810145, -18.49018639 ], [ -39.94808348, -18.49021821 ], [ -39.94806371, -18.49024905 ], [ -39.94801468, -18.49033676 ], [ -39.94795832, -18.49043093 ], [ -39.94794164, -18.49046339 ], [ -39.94793662, -18.49047178 ] ] } },
{ "type": "Feature", "properties": { }, "geometry": { "type": "LineString", "coordinates": [ [ -39.94901852, -18.48856306 ], [ -39.94897809, -18.48863414 ], [ -39.94893133, -18.48871274 ], [ -39.94890968, -18.48875292 ], [ -39.94882209, -18.48890292 ], [ -39.94879123, -18.48895891 ], [ -39.94876806, -18.48899832 ], [ -39.94874573, -18.48903816 ], [ -39.9486707, -18.48916379 ], [ -39.94865321, -18.48919586 ], [ -39.94859379, -18.48929875 ], [ -39.94855841, -18.48936268 ], [ -39.94851283, -18.4894419 ], [ -39.94848909, -18.489481 ], [ -39.94844509, -18.48956103 ], [ -39.948413, -18.48961638 ], [ -39.94836383, -18.48970402 ], [ -39.94832117, -18.48977444 ], [ -39.94826709, -18.48986982 ], [ -39.94823452, -18.48992492 ], [ -39.94821256, -18.48996495 ], [ -39.94816998, -18.49003541 ], [ -39.94813179, -18.49010813 ], [ -39.948099, -18.49016311 ], [ -39.94807629, -18.49020276 ], [ -39.94804736, -18.49024943 ], [ -39.94798942, -18.49035309 ], [ -39.94794705, -18.49042367 ], [ -39.94792031, -18.4904724 ] ] } },
{ "type": "Feature", "properties": { }, "geometry": { "type": "LineString", "coordinates": [ [ -39.94900679, -18.48855577 ], [ -39.94899269, -18.48857879 ], [ -39.9489661, -18.48862671 ], [ -39.94892365, -18.48869724 ], [ -39.94889312, -18.48875339 ], [ -39.94888859, -18.48876133 ], [ -39.94885559, -18.4888162 ], [ -39.94882365, -18.48887163 ], [ -39.94877066, -18.48896757 ], [ -39.9486924, -18.48910183 ], [ -39.94865889, -18.48915642 ], [ -39.94862811, -18.48921244 ], [ -39.94857703, -18.48929908 ], [ -39.94850098, -18.4894345 ], [ -39.94847662, -18.48947324 ], [ -39.94844921, -18.48952074 ], [ -39.94844473, -18.48952871 ], [ -39.94841046, -18.48959319 ], [ -39.94840594, -18.48960113 ], [ -39.94837351, -18.4896563 ], [ -39.94834713, -18.48970433 ], [ -39.94829972, -18.48978256 ], [ -39.94825576, -18.48986261 ], [ -39.94825124, -18.48987055 ], [ -39.94823184, -18.4899016 ], [ -39.94822711, -18.48990943 ], [ -39.94820503, -18.4899494 ], [ -39.94820045, -18.48995732 ], [ -39.94818136, -18.48998854 ], [ -39.94817676, -18.48999644 ], [ -39.94811999, -18.49010069 ], [ -39.94807213, -18.49017868 ], [ -39.9480404, -18.49023422 ], [ -39.94803259, -18.49025069 ], [ -39.94796867, -18.49036153 ], [ -39.94793539, -18.49041624 ], [ -39.94790414, -18.49047301 ] ] } },
{ "type": "Feature", "properties": { }, "geometry": { "type": "LineString", "coordinates": [ [ -39.94899444, -18.4885481 ], [ -39.94898014, -18.48857177 ], [ -39.94894886, -18.48862755 ], [ -39.9489022, -18.48870619 ], [ -39.94887571, -18.48875416 ], [ -39.94885234, -18.48879346 ], [ -39.94879787, -18.48888864 ], [ -39.94876271, -18.48895268 ], [ -39.94873461, -18.48899981 ], [ -39.94868518, -18.48908732 ], [ -39.94863404, -18.48917393 ], [ -39.94855609, -18.48930836 ], [ -39.94853396, -18.48934831 ], [ -39.94851076, -18.4893877 ], [ -39.94848441, -18.48943574 ], [ -39.94842812, -18.48952995 ], [ -39.94838474, -18.48961028 ], [ -39.94836123, -18.48964951 ], [ -39.94833013, -18.48970538 ], [ -39.94827848, -18.48979171 ], [ -39.94823925, -18.48986392 ], [ -39.94819166, -18.48994205 ], [ -39.94817346, -18.48997375 ], [ -39.94815145, -18.49001376 ], [ -39.94813055, -18.49005431 ], [ -39.94808411, -18.49013307 ], [ -39.94806481, -18.49016418 ], [ -39.94805624, -18.4901803 ], [ -39.9480377, -18.49021182 ], [ -39.94802517, -18.49023616 ], [ -39.94799684, -18.49028316 ], [ -39.94794191, -18.4903781 ], [ -39.94792291, -18.49040937 ], [ -39.94788741, -18.49047365 ] ] } },
{ "type": "Feature", "properties": { }, "geometry": { "type": "LineString", "coordinates": [ [ -39.94898196, -18.48854035 ], [ -39.94895882, -18.48858006 ], [ -39.94892784, -18.48863599 ], [ -39.94889034, -18.48869881 ], [ -39.94883122, -18.48880187 ], [ -39.94880912, -18.48884183 ], [ -39.94879015, -18.48887312 ], [ -39.94877286, -18.48890528 ], [ -39.94875027, -18.488945 ], [ -39.94870779, -18.48901551 ], [ -39.94867718, -18.48907162 ], [ -39.94865008, -18.48911928 ], [ -39.94862666, -18.48915856 ], [ -39.94860408, -18.48919828 ], [ -39.94858045, -18.48923744 ], [ -39.94852228, -18.48934098 ], [ -39.94849449, -18.48938828 ], [ -39.94842197, -18.48951524 ], [ -39.94841226, -18.48953076 ], [ -39.94838219, -18.48958714 ], [ -39.94835396, -18.4896342 ], [ -39.94833177, -18.48967411 ], [ -39.94830313, -18.48972095 ], [ -39.94823117, -18.4898482 ], [ -39.94817503, -18.48994249 ], [ -39.948144, -18.4899984 ], [ -39.9481143, -18.49005495 ], [ -39.94809507, -18.4900861 ], [ -39.94805337, -18.49015704 ], [ -39.94803509, -18.4901887 ], [ -39.94801335, -18.49022884 ], [ -39.94797952, -18.49028325 ], [ -39.94795753, -18.49032327 ], [ -39.94793889, -18.49035474 ], [ -39.94792123, -18.49038672 ], [ -39.94789748, -18.49042581 ], [ -39.94787083, -18.49047427 ] ] } },
{ "type": "Feature", "properties": { }, "geometry": { "type": "LineString", "coordinates": [ [ -39.94896977, -18.48853278 ], [ -39.94893435, -18.48859632 ], [ -39.9489062, -18.48864343 ], [ -39.94879802, -18.48883418 ], [ -39.94877867, -18.48886526 ], [ -39.94875277, -18.48891352 ], [ -39.94869608, -18.48900751 ], [ -39.94865213, -18.48908757 ], [ -39.94861923, -18.48914249 ], [ -39.94858343, -18.48920621 ], [ -39.94856485, -18.48923771 ], [ -39.94853392, -18.48929366 ], [ -39.94846475, -18.48941207 ], [ -39.94844354, -18.48945247 ], [ -39.94840596, -18.48951525 ], [ -39.94838425, -18.48955541 ], [ -39.94835148, -18.48961039 ], [ -39.94832513, -18.48965844 ], [ -39.94828677, -18.48972079 ], [ -39.94826947, -18.48975294 ], [ -39.94821037, -18.48985601 ], [ -39.94816753, -18.48992633 ], [ -39.94815103, -18.48995887 ], [ -39.9481028, -18.49004698 ], [ -39.94807858, -18.49008581 ], [ -39.94806064, -18.49011765 ], [ -39.94804153, -18.49014886 ], [ -39.94800605, -18.49021274 ], [ -39.94797317, -18.49026767 ], [ -39.94794262, -18.49032382 ], [ -39.94793278, -18.49033926 ], [ -39.94790565, -18.49038691 ], [ -39.94788151, -18.49042578 ], [ -39.94785403, -18.49047491 ] ] } },
{ "type": "Feature", "properties": { }, "geometry": { "type": "LineString", "coordinates": [ [ -39.94895814, -18.48852555 ], [ -39.94893164, -18.48857375 ], [ -39.94889412, -18.48863656 ], [ -39.94885044, -18.48871675 ], [ -39.94882701, -18.48875602 ], [ -39.94878158, -18.48883531 ], [ -39.9487719, -18.48885085 ], [ -39.94874545, -18.48889884 ], [ -39.94871324, -18.48895413 ], [ -39.94870008, -18.48897816 ], [ -39.94867644, -18.48901731 ], [ -39.94864054, -18.48908098 ], [ -39.94862643, -18.48910451 ], [ -39.94860023, -18.48915263 ], [ -39.94857276, -18.48920009 ], [ -39.94855337, -18.48923115 ], [ -39.94854065, -18.48925539 ], [ -39.9485078, -18.48931034 ], [ -39.94849037, -18.48934244 ], [ -39.94847533, -18.48936544 ], [ -39.94846141, -18.48938907 ], [ -39.9484231, -18.48946173 ], [ -39.94840011, -18.48950123 ], [ -39.94838091, -18.48953239 ], [ -39.94836316, -18.48956433 ], [ -39.94833963, -18.48960354 ], [ -39.94831725, -18.48964336 ], [ -39.94827471, -18.48971385 ], [ -39.94825731, -18.48974596 ], [ -39.94818912, -18.48986488 ], [ -39.94815555, -18.48991943 ], [ -39.94813481, -18.48996005 ], [ -39.94809499, -18.49003197 ], [ -39.94807115, -18.49007101 ], [ -39.94802965, -18.49014205 ], [ -39.94798037, -18.49022964 ], [ -39.94794802, -18.49028486 ], [ -39.94793505, -18.49030898 ], [ -39.94789832, -18.49037221 ], [ -39.9478607, -18.49043497 ], [ -39.94783847, -18.4904755 ] ] } },
{ "type": "Feature", "properties": { }, "geometry": { "type": "LineString", "coordinates": [ [ -39.9489468, -18.48851851 ], [ -39.94890725, -18.48859005 ], [ -39.94887448, -18.48864504 ], [ -39.94884834, -18.48869318 ], [ -39.94877404, -18.48881921 ], [ -39.94872045, -18.48891484 ], [ -39.94866996, -18.48900179 ], [ -39.94863875, -18.48905761 ], [ -39.9486107, -18.48910476 ], [ -39.94857503, -18.48916855 ], [ -39.94854662, -18.48921551 ], [ -39.94852457, -18.4892555 ], [ -39.94850091, -18.48929464 ], [ -39.94847893, -18.48933466 ], [ -39.94845425, -18.48937323 ], [ -39.94841128, -18.48945376 ], [ -39.94836482, -18.48953252 ], [ -39.94828723, -18.48966713 ], [ -39.94826806, -18.48969831 ], [ -39.94824166, -18.48974633 ], [ -39.94821436, -18.48979388 ], [ -39.9481908, -18.48983308 ], [ -39.94817294, -18.48986496 ], [ -39.94814954, -18.48990424 ], [ -39.94808776, -18.49001619 ], [ -39.94805938, -18.49006317 ], [ -39.94801358, -18.49014227 ], [ -39.94798713, -18.49019026 ], [ -39.94795002, -18.49025329 ], [ -39.94792326, -18.49030113 ], [ -39.94790018, -18.49034059 ], [ -39.94786917, -18.4903965 ], [ -39.94783632, -18.49045145 ], [ -39.94782317, -18.49047608 ] ] } },
{ "type": "Feature", "properties": { }, "geometry": { "type": "LineString", "coordinates": [ [ -39.9489342, -18.48851068 ], [ -39.94889432, -18.48858308 ], [ -39.94887553, -18.48861447 ], [ -39.94878045, -18.48878116 ], [ -39.94876156, -18.48881249 ], [ -39.94874411, -18.48884458 ], [ -39.94868465, -18.48894745 ], [ -39.94864444, -18.48901917 ], [ -39.94862594, -18.48905072 ], [ -39.94861122, -18.48907391 ], [ -39.9485669, -18.48915377 ], [ -39.9485254, -18.48922482 ], [ -39.94851668, -18.48924086 ], [ -39.94848769, -18.4892875 ], [ -39.94845739, -18.48934377 ], [ -39.94843797, -18.4893748 ], [ -39.94841962, -18.48940643 ], [ -39.94839762, -18.48944644 ], [ -39.94835633, -18.4895176 ], [ -39.9483254, -18.48957355 ], [ -39.94827959, -18.48965265 ], [ -39.94825138, -18.48969972 ], [ -39.94823851, -18.48972389 ], [ -39.94817415, -18.48983451 ], [ -39.94815221, -18.48987455 ], [ -39.94812863, -18.48991373 ], [ -39.94808424, -18.48999356 ], [ -39.94806588, -18.49002519 ], [ -39.94803729, -18.49007205 ], [ -39.94801009, -18.49011965 ], [ -39.94797929, -18.49017568 ], [ -39.94794659, -18.49023071 ], [ -39.94791536, -18.49028651 ], [ -39.9478918, -18.4903257 ], [ -39.94786106, -18.49038175 ], [ -39.94783299, -18.4904289 ], [ -39.94780632, -18.49047672 ] ] } },
{ "type": "Feature", "properties": { }, "geometry": { "type": "LineString", "coordinates": [ [ -39.94892193, -18.48850306 ], [ -39.94889529, -18.4885514 ], [ -39.94880473, -18.48871015 ], [ -39.94874947, -18.48880491 ], [ -39.94869603, -18.48890063 ], [ -39.94865859, -18.48896348 ], [ -39.94862797, -18.48901959 ], [ -39.94859948, -18.4890665 ], [ -39.94855487, -18.48914622 ], [ -39.94849998, -18.48924118 ], [ -39.94847575, -18.48928001 ], [ -39.94845012, -18.4893284 ], [ -39.94842615, -18.48936737 ], [ -39.94837192, -18.48946268 ], [ -39.94834417, -18.48950999 ], [ -39.94832243, -18.48955014 ], [ -39.94829039, -18.48960552 ], [ -39.9482818, -18.48962163 ], [ -39.94825819, -18.4896608 ], [ -39.94822695, -18.48971659 ], [ -39.94819868, -18.48976363 ], [ -39.94815798, -18.4898351 ], [ -39.94814821, -18.48985058 ], [ -39.94809053, -18.48995437 ], [ -39.94802539, -18.49006458 ], [ -39.94796269, -18.49017606 ], [ -39.94793472, -18.49022326 ], [ -39.94789904, -18.49028704 ], [ -39.94787515, -18.49032605 ], [ -39.94784445, -18.49038212 ], [ -39.94781629, -18.49042922 ], [ -39.94778966, -18.49047736 ] ] } },
{ "type": "Feature", "properties": { }, "geometry": { "type": "LineString", "coordinates": [ [ -39.94891048, -18.48849595 ], [ -39.94888362, -18.48854433 ], [ -39.94884223, -18.48861543 ], [ -39.94878835, -18.48871091 ], [ -39.94875102, -18.48877383 ], [ -39.94869328, -18.48887759 ], [ -39.94867501, -18.48890926 ], [ -39.94865098, -18.4889482 ], [ -39.94861552, -18.48901209 ], [ -39.948574, -18.48908312 ], [ -39.9485429, -18.48913899 ], [ -39.94847424, -18.48925766 ], [ -39.94844762, -18.48930557 ], [ -39.94842011, -18.48935301 ], [ -39.94838201, -18.4894155 ], [ -39.94835634, -18.48946388 ], [ -39.94831903, -18.48952681 ], [ -39.94830154, -18.48955887 ], [ -39.94822471, -18.48969388 ], [ -39.94818224, -18.4897644 ], [ -39.94815536, -18.48981218 ], [ -39.94813631, -18.48984342 ], [ -39.94808743, -18.48993121 ], [ -39.94805929, -18.48997832 ], [ -39.94798695, -18.49010538 ], [ -39.94795444, -18.49016051 ], [ -39.94788699, -18.49027981 ], [ -39.94785838, -18.49032667 ], [ -39.94783217, -18.49037477 ], [ -39.94780882, -18.49041408 ], [ -39.9477725, -18.49047801 ] ] } },
{ "type": "Feature", "properties": { }, "geometry": { "type": "LineString", "coordinates": [ [ -39.94889914, -18.48848891 ], [ -39.9488584, -18.48856146 ], [ -39.94870295, -18.48883054 ], [ -39.94868113, -18.48887065 ], [ -39.94863905, -18.48894138 ], [ -39.94860327, -18.48900511 ], [ -39.94856182, -18.48907618 ], [ -39.94847668, -18.48922745 ], [ -39.94842059, -18.48932177 ], [ -39.94841208, -18.48933792 ], [ -39.94838454, -18.48938535 ], [ -39.94834059, -18.4894654 ], [ -39.94830724, -18.48952008 ], [ -39.94823558, -18.48964748 ], [ -39.94817496, -18.48974974 ], [ -39.94814387, -18.48980561 ], [ -39.94812468, -18.48983678 ], [ -39.94811615, -18.48985292 ], [ -39.94807535, -18.48992433 ], [ -39.94804689, -18.48997126 ], [ -39.9480158, -18.49002714 ], [ -39.94792837, -18.49017722 ], [ -39.94787922, -18.49026487 ], [ -39.9478511, -18.49031199 ], [ -39.94779239, -18.49041525 ], [ -39.9477691, -18.49045459 ], [ -39.94775623, -18.49047863 ] ] } },
{ "type": "Feature", "properties": { }, "geometry": { "type": "LineString", "coordinates": [ [ -39.94888674, -18.4884812 ], [ -39.94883734, -18.48856982 ], [ -39.94878154, -18.4886643 ], [ -39.9487281, -18.48876001 ], [ -39.9486953, -18.48881498 ], [ -39.94866881, -18.48886296 ], [ -39.94862692, -18.48893379 ], [ -39.94859643, -18.48898997 ], [ -39.94855913, -18.4890529 ], [ -39.94850888, -18.48913998 ], [ -39.94848216, -18.48918783 ], [ -39.94844037, -18.48925872 ], [ -39.94840415, -18.48932222 ], [ -39.94834192, -18.48943395 ], [ -39.9483322, -18.48944946 ], [ -39.94827765, -18.48954459 ], [ -39.94825425, -18.48958388 ], [ -39.9482235, -18.48963993 ], [ -39.94821327, -18.48965513 ], [ -39.94819443, -18.4896865 ], [ -39.94814553, -18.48977428 ], [ -39.94811295, -18.48982937 ], [ -39.94805839, -18.4899245 ], [ -39.94804393, -18.48994784 ], [ -39.94799028, -18.49004344 ], [ -39.94795738, -18.49009836 ], [ -39.94794425, -18.49012241 ], [ -39.94789368, -18.49020932 ], [ -39.94786715, -18.49025727 ], [ -39.94783482, -18.4903125 ], [ -39.94778052, -18.49040777 ], [ -39.94775229, -18.49045483 ], [ -39.94773902, -18.49047928 ] ] } },
{ "type": "Feature", "properties": { }, "geometry": { "type": "LineString", "coordinates": [ [ -39.94887501, -18.48847392 ], [ -39.94882073, -18.48857022 ], [ -39.94876044, -18.48867265 ], [ -39.94871616, -18.48875254 ], [ -39.94867904, -18.48881556 ], [ -39.94864777, -18.48887135 ], [ -39.94861482, -18.48892624 ], [ -39.94857992, -18.48899041 ], [ -39.94850581, -18.48911653 ], [ -39.94845658, -18.48920414 ], [ -39.94842372, -18.48925909 ], [ -39.94840126, -18.48929887 ], [ -39.94839147, -18.48931434 ], [ -39.94834749, -18.48939438 ], [ -39.94828335, -18.48950511 ], [ -39.94827031, -18.4895292 ], [ -39.94824234, -18.4895764 ], [ -39.94820628, -18.48963999 ], [ -39.94817774, -18.48968687 ], [ -39.94811993, -18.4897906 ], [ -39.94809156, -18.48983758 ], [ -39.94804631, -18.48991698 ], [ -39.94802738, -18.48994828 ], [ -39.94796932, -18.49005189 ], [ -39.94792684, -18.4901224 ], [ -39.94784599, -18.49026562 ], [ -39.94782261, -18.49030491 ], [ -39.94780047, -18.49034485 ], [ -39.94774516, -18.49043959 ], [ -39.94772251, -18.49047991 ] ] } },
{ "type": "Feature", "properties": { }, "geometry": { "type": "LineString", "coordinates": [ [ -39.94886343, -18.48846673 ], [ -39.94881874, -18.48854589 ], [ -39.9487538, -18.4886562 ], [ -39.94872728, -18.48870415 ], [ -39.94869499, -18.4887594 ], [ -39.94865046, -18.48883916 ], [ -39.94859023, -18.48894163 ], [ -39.94855484, -18.48900556 ], [ -39.94848545, -18.48912385 ], [ -39.94839465, -18.48928247 ], [ -39.94836626, -18.48932944 ], [ -39.94833557, -18.48938551 ], [ -39.94828074, -18.48948051 ], [ -39.94826307, -18.48951248 ], [ -39.94821691, -18.48959139 ], [ -39.9481902, -18.48963925 ], [ -39.94817157, -18.48967073 ], [ -39.94815847, -18.48969479 ], [ -39.94812138, -18.48975783 ], [ -39.94809438, -18.48980554 ], [ -39.94807987, -18.48982885 ], [ -39.94806608, -18.48985255 ], [ -39.94801176, -18.48994781 ], [ -39.94798553, -18.48999591 ], [ -39.94794411, -18.490067 ], [ -39.94792959, -18.4900903 ], [ -39.94788997, -18.49016232 ], [ -39.94787542, -18.49018561 ], [ -39.94787079, -18.49019349 ], [ -39.94785251, -18.49022515 ], [ -39.94783966, -18.49024933 ], [ -39.94781146, -18.4902964 ], [ -39.9477937, -18.49032834 ], [ -39.9477519, -18.49039922 ], [ -39.94770638, -18.49048052 ] ] } },
{ "type": "Feature", "properties": { }, "geometry": { "type": "LineString", "coordinates": [ [ -39.94885185, -18.48845954 ], [ -39.94882067, -18.48851485 ], [ -39.94877341, -18.48859316 ], [ -39.94870616, -18.48871257 ], [ -39.94867853, -18.48875995 ], [ -39.94863427, -18.48883985 ], [ -39.94859674, -18.48890266 ], [ -39.94852442, -18.48902972 ], [ -39.948501, -18.489069 ], [ -39.94842365, -18.48920374 ], [ -39.94840488, -18.48923513 ], [ -39.94838265, -18.48927503 ], [ -39.9483496, -18.48932987 ], [ -39.94832814, -18.48937015 ], [ -39.94832366, -18.48937811 ], [ -39.94830099, -18.48941779 ], [ -39.94827291, -18.48946492 ], [ -39.94823764, -18.48952891 ], [ -39.94820558, -18.48958428 ], [ -39.94818813, -18.48961637 ], [ -39.94817379, -18.48963977 ], [ -39.94814205, -18.48969531 ], [ -39.94811401, -18.48974248 ], [ -39.94805988, -18.48983783 ], [ -39.94802742, -18.48989299 ], [ -39.94796912, -18.48999647 ], [ -39.94792276, -18.49007528 ], [ -39.9479008, -18.49011531 ], [ -39.94785468, -18.49019424 ], [ -39.9478007, -18.49028968 ], [ -39.94774464, -18.49038401 ], [ -39.94772712, -18.49041606 ], [ -39.94768973, -18.49048115 ] ] } },
{ "type": "Feature", "properties": { }, "geometry": { "type": "LineString", "coordinates": [ [ -39.94883963, -18.48845194 ], [ -39.94880317, -18.48851636 ], [ -39.94875628, -18.48859488 ], [ -39.94870673, -18.48868232 ], [ -39.94868981, -18.48871467 ], [ -39.94866179, -18.48876184 ], [ -39.94863061, -18.48881767 ], [ -39.94858858, -18.48888843 ], [ -39.94842499, -18.48917387 ], [ -39.94834177, -18.48931584 ], [ -39.94831127, -18.48937201 ], [ -39.94826033, -18.48945873 ], [ -39.9482211, -18.48953094 ], [ -39.94819353, -18.48957835 ], [ -39.94817594, -18.48961037 ], [ -39.94813804, -18.48967297 ], [ -39.94808369, -18.48976821 ], [ -39.94806499, -18.48979965 ], [ -39.94804294, -18.48983964 ], [ -39.9479925, -18.48992662 ], [ -39.94796116, -18.48998237 ], [ -39.94788762, -18.49010879 ], [ -39.94784523, -18.49017936 ], [ -39.94781511, -18.49023571 ], [ -39.94775025, -18.49034606 ], [ -39.94771938, -18.49040205 ], [ -39.94769159, -18.49044934 ], [ -39.94767376, -18.49048176 ] ] } },
{ "type": "Feature", "properties": { }, "geometry": { "type": "LineString", "coordinates": [ [ -39.94882763, -18.48844449 ], [ -39.94879184, -18.4885077 ], [ -39.94874522, -18.48858636 ], [ -39.94874068, -18.4885943 ], [ -39.94870466, -18.4886579 ], [ -39.94868766, -18.48869021 ], [ -39.94867416, -18.48871406 ], [ -39.94865077, -18.48875335 ], [ -39.94847669, -18.48905392 ], [ -39.94841398, -18.4891654 ], [ -39.9483533, -18.48926762 ], [ -39.94833525, -18.4892994 ], [ -39.94831849, -18.48933182 ], [ -39.94827736, -18.48940306 ], [ -39.94825366, -18.48944218 ], [ -39.94819611, -18.48954604 ], [ -39.9481544, -18.48961697 ], [ -39.94813519, -18.48964813 ], [ -39.94810878, -18.48969614 ], [ -39.94804994, -18.48979934 ], [ -39.94803112, -18.48983071 ], [ -39.9479952, -18.48989437 ], [ -39.94790325, -18.49005239 ], [ -39.94789454, -18.49006844 ], [ -39.94788997, -18.49007635 ], [ -39.94782525, -18.49018678 ], [ -39.9477945, -18.49024282 ], [ -39.94775707, -18.49030568 ], [ -39.94771736, -18.49037765 ], [ -39.94767123, -18.49045658 ], [ -39.94765703, -18.49048239 ] ] } },
{ "type": "Feature", "properties": { }, "geometry": { "type": "LineString", "coordinates": [ [ -39.94881524, -18.48843679 ], [ -39.94877989, -18.48850023 ], [ -39.94870667, -18.48862682 ], [ -39.94867556, -18.48868268 ], [ -39.94861662, -18.48878583 ], [ -39.94855665, -18.48888844 ], [ -39.9485346, -18.48892843 ], [ -39.94846476, -18.48904648 ], [ -39.94837914, -18.4891975 ], [ -39.94834145, -18.48926022 ], [ -39.94830699, -18.4893246 ], [ -39.94824202, -18.4894349 ], [ -39.94821151, -18.48949106 ], [ -39.94818426, -18.48953864 ], [ -39.94812324, -18.48964068 ], [ -39.94809701, -18.48968878 ], [ -39.948065, -18.48974418 ], [ -39.94804307, -18.48978423 ], [ -39.94801466, -18.48983119 ], [ -39.94799247, -18.48987111 ], [ -39.9479368, -18.48996565 ], [ -39.94787832, -18.49006904 ], [ -39.9478547, -18.4901082 ], [ -39.9477963, -18.49021163 ], [ -39.94775414, -18.49028232 ], [ -39.94770969, -18.49036212 ], [ -39.94765938, -18.49044917 ], [ -39.94764061, -18.49048302 ] ] } },
{ "type": "Feature", "properties": { }, "geometry": { "type": "LineString", "coordinates": [ [ -39.94880381, -18.48842969 ], [ -39.94872716, -18.48856565 ], [ -39.94865381, -18.48869218 ], [ -39.94860486, -18.48877994 ], [ -39.948558, -18.48885847 ], [ -39.94850012, -18.48896216 ], [ -39.94847613, -18.48900112 ], [ -39.94844484, -18.48905689 ], [ -39.94841204, -18.48911187 ], [ -39.94835714, -18.48920682 ], [ -39.94830412, -18.48930274 ], [ -39.94823023, -18.48942899 ], [ -39.94819967, -18.48948512 ], [ -39.94817219, -18.48953258 ], [ -39.9481433, -18.48957928 ], [ -39.94810649, -18.48964247 ], [ -39.9480714, -18.48970655 ], [ -39.94803434, -18.48976961 ], [ -39.94798512, -18.48985722 ], [ -39.94791955, -18.48996719 ], [ -39.94790696, -18.4899915 ], [ -39.94788036, -18.49003941 ], [ -39.94784233, -18.49010194 ], [ -39.94781613, -18.49015006 ], [ -39.9477462, -18.49026806 ], [ -39.94772873, -18.49030013 ], [ -39.94771002, -18.49033156 ], [ -39.94764682, -18.49044279 ], [ -39.94762472, -18.49048362 ] ] } },
{ "type": "Feature", "properties": { }, "geometry": { "type": "LineString", "coordinates": [ [ -39.94879245, -18.48842264 ], [ -39.94876413, -18.48847063 ], [ -39.94871035, -18.48856617 ], [ -39.94869612, -18.48858964 ], [ -39.94866951, -18.48863755 ], [ -39.94860591, -18.48874856 ], [ -39.94857497, -18.48880451 ], [ -39.94852377, -18.48889109 ], [ -39.94849271, -18.48894698 ], [ -39.94845994, -18.48900197 ], [ -39.94841514, -18.48908159 ], [ -39.94838658, -18.48912847 ], [ -39.948369, -18.48916049 ], [ -39.94834127, -18.48920782 ], [ -39.94833295, -18.48922406 ], [ -39.94827411, -18.48932725 ], [ -39.94821352, -18.48942953 ], [ -39.94816983, -18.48950971 ], [ -39.94812232, -18.48958789 ], [ -39.94807689, -18.48966718 ], [ -39.94803686, -18.489739 ], [ -39.94799071, -18.48981791 ], [ -39.94797323, -18.48984998 ], [ -39.94795453, -18.48988142 ], [ -39.94794127, -18.4899054 ], [ -39.94790799, -18.48996011 ], [ -39.94787744, -18.49001625 ], [ -39.94783039, -18.49009469 ], [ -39.94781305, -18.49012683 ], [ -39.94778559, -18.4901743 ], [ -39.94776209, -18.49021353 ], [ -39.94774205, -18.49024421 ], [ -39.9477214, -18.49028487 ], [ -39.94765293, -18.49040364 ], [ -39.94760856, -18.49048423 ] ] } },
{ "type": "Feature", "properties": { }, "geometry": { "type": "LineString", "coordinates": [ [ -39.94878125, -18.48841568 ], [ -39.94871676, -18.48852571 ], [ -39.94854983, -18.48881971 ], [ -39.94849866, -18.4889063 ], [ -39.94845815, -18.48897787 ], [ -39.94843873, -18.4890089 ], [ -39.9484343, -18.48901689 ], [ -39.9484085, -18.4890652 ], [ -39.94838039, -18.48911233 ], [ -39.94833918, -18.48918353 ], [ -39.94832173, -18.48921561 ], [ -39.94827609, -18.4892948 ], [ -39.94823604, -18.48936659 ], [ -39.94822114, -18.48938968 ], [ -39.94820201, -18.48942088 ], [ -39.94815816, -18.48950098 ], [ -39.94812517, -18.48955585 ], [ -39.94808516, -18.48962767 ], [ -39.94805254, -18.48968274 ], [ -39.94799858, -18.48977819 ], [ -39.94797494, -18.48981734 ], [ -39.94793466, -18.48988902 ], [ -39.94791147, -18.48992842 ], [ -39.94789685, -18.48995167 ], [ -39.94789232, -18.4899596 ], [ -39.94786137, -18.49001555 ], [ -39.94782331, -18.49007806 ], [ -39.947797, -18.49012612 ], [ -39.94776962, -18.49017364 ], [ -39.94773123, -18.49023597 ], [ -39.947727, -18.49024405 ], [ -39.94771886, -18.49026037 ], [ -39.94770136, -18.49029243 ], [ -39.94767801, -18.49033174 ], [ -39.94767348, -18.49033968 ], [ -39.9475916, -18.49048488 ] ] } },
{ "type": "Feature", "properties": { }, "geometry": { "type": "LineString", "coordinates": [ [ -39.94876995, -18.48840867 ], [ -39.94874114, -18.48845487 ], [ -39.94872722, -18.48847851 ], [ -39.94870451, -18.48851816 ], [ -39.94868261, -18.48855823 ], [ -39.94863664, -18.48863724 ], [ -39.94859218, -18.48871703 ], [ -39.94856869, -18.48875627 ], [ -39.94856417, -18.48876421 ], [ -39.94853314, -18.48882011 ], [ -39.94848146, -18.48890643 ], [ -39.94844982, -18.48896202 ], [ -39.94843063, -18.48899318 ], [ -39.94842619, -18.48900117 ], [ -39.94839629, -18.48905763 ], [ -39.94839173, -18.48906555 ], [ -39.94835899, -18.48912056 ], [ -39.94830982, -18.4892082 ], [ -39.94825, -18.48931089 ], [ -39.94822359, -18.48935889 ], [ -39.94821881, -18.4893667 ], [ -39.948204, -18.48938983 ], [ -39.94818526, -18.48942125 ], [ -39.94815014, -18.48948531 ], [ -39.94811728, -18.48954025 ], [ -39.94809977, -18.48957231 ], [ -39.94807259, -18.48961993 ], [ -39.94806337, -18.48963572 ], [ -39.94804441, -18.48966701 ], [ -39.94798612, -18.48977049 ], [ -39.94796249, -18.48980965 ], [ -39.94791298, -18.48989712 ], [ -39.94788892, -18.48993604 ], [ -39.94788441, -18.48994398 ], [ -39.94785376, -18.49 ], [ -39.94784909, -18.49000794 ], [ -39.9478107, -18.49007027 ], [ -39.94780624, -18.49007825 ], [ -39.94778038, -18.49012653 ], [ -39.94777581, -18.49013445 ], [ -39.9477337, -18.49020516 ], [ -39.94769376, -18.49027701 ], [ -39.94768906, -18.49028486 ], [ -39.94766985, -18.49031601 ], [ -39.94766529, -18.49032394 ], [ -39.9476074, -18.49042762 ], [ -39.94757377, -18.49048555 ] ] } },
{ "type": "Feature", "properties": { }, "geometry": { "type": "LineString", "coordinates": [ [ -39.94875809, -18.4884013 ], [ -39.9487343, -18.48843984 ], [ -39.94870648, -18.48848712 ], [ -39.94867988, -18.48853504 ], [ -39.94862931, -18.48862195 ], [ -39.94851208, -18.48882858 ], [ -39.94846492, -18.48890696 ], [ -39.94843785, -18.48895463 ], [ -39.94841901, -18.48898599 ], [ -39.94837979, -18.4890582 ], [ -39.9483513, -18.48910512 ], [ -39.9482978, -18.4892008 ], [ -39.94825541, -18.48927137 ], [ -39.94822832, -18.48931903 ], [ -39.94821097, -18.48935116 ], [ -39.94818275, -18.48939823 ], [ -39.94817817, -18.48940614 ], [ -39.94815091, -18.48945372 ], [ -39.94813342, -18.48948578 ], [ -39.94810041, -18.48954064 ], [ -39.94808765, -18.48956487 ], [ -39.94802305, -18.48967536 ], [ -39.94798274, -18.48974702 ], [ -39.94792301, -18.48984975 ], [ -39.94790988, -18.4898738 ], [ -39.94787674, -18.48992858 ], [ -39.94784159, -18.48999263 ], [ -39.94779888, -18.49006302 ], [ -39.94778157, -18.49009518 ], [ -39.94773113, -18.49018216 ], [ -39.94772263, -18.49019831 ], [ -39.94768175, -18.49026968 ], [ -39.94765294, -18.49031642 ], [ -39.94763083, -18.49035637 ], [ -39.94761248, -18.490388 ], [ -39.9475951, -18.49042012 ], [ -39.94757233, -18.49045974 ], [ -39.94755838, -18.49048614 ] ] } },
{ "type": "Feature", "properties": { }, "geometry": { "type": "LineString", "coordinates": [ [ -39.94874561, -18.48839355 ], [ -39.94870379, -18.4884639 ], [ -39.94866344, -18.48853554 ], [ -39.94863099, -18.4885907 ], [ -39.9485998, -18.48864653 ], [ -39.94856729, -18.48870166 ], [ -39.94853617, -18.48875752 ], [ -39.94851717, -18.48878879 ], [ -39.94847725, -18.48886065 ], [ -39.94844373, -18.48891523 ], [ -39.94843911, -18.48892312 ], [ -39.94840723, -18.48897859 ], [ -39.94837632, -18.48903455 ], [ -39.94833865, -18.48909728 ], [ -39.94828909, -18.48918472 ], [ -39.94824247, -18.48926339 ], [ -39.9481896, -18.48935938 ], [ -39.94814367, -18.48943842 ], [ -39.9481338, -18.48945385 ], [ -39.94812925, -18.48946177 ], [ -39.94811159, -18.48949375 ], [ -39.94809271, -18.48952509 ], [ -39.94807542, -18.48955725 ], [ -39.94800179, -18.48968363 ], [ -39.94794341, -18.48978707 ], [ -39.94791996, -18.48982633 ], [ -39.94790217, -18.48985824 ], [ -39.94789755, -18.48986613 ], [ -39.94786478, -18.48992112 ], [ -39.94783832, -18.48996911 ], [ -39.94779134, -18.49004758 ], [ -39.94776556, -18.4900959 ], [ -39.947733, -18.49015101 ], [ -39.94770662, -18.49019903 ], [ -39.94767482, -18.49025454 ], [ -39.94763233, -18.49032505 ], [ -39.94760153, -18.49038107 ], [ -39.94756508, -18.49044445 ], [ -39.94754183, -18.49048677 ] ] } },
{ "type": "Feature", "properties": { }, "geometry": { "type": "LineString", "coordinates": [ [ -39.94873336, -18.48838593 ], [ -39.94865153, -18.48852813 ], [ -39.94862805, -18.48856736 ], [ -39.94857423, -18.48866288 ], [ -39.94855079, -18.48870214 ], [ -39.94852417, -18.48875005 ], [ -39.94850043, -18.48878915 ], [ -39.94846076, -18.48886113 ], [ -39.9484417, -18.48889237 ], [ -39.9484052, -18.48895573 ], [ -39.94838161, -18.48899491 ], [ -39.94835486, -18.48904275 ], [ -39.94830891, -18.48912177 ], [ -39.94825533, -18.48921741 ], [ -39.94822179, -18.48927198 ], [ -39.94820448, -18.48930413 ], [ -39.94816882, -18.48936792 ], [ -39.94813644, -18.48942312 ], [ -39.94811719, -18.48945426 ], [ -39.94808967, -18.48950169 ], [ -39.94805432, -18.48956564 ], [ -39.94799897, -18.48966036 ], [ -39.9479409, -18.48976395 ], [ -39.94785758, -18.48990587 ], [ -39.9478448, -18.48993009 ], [ -39.94784022, -18.48993799 ], [ -39.94778851, -18.4900243 ], [ -39.94776609, -18.4900641 ], [ -39.94775337, -18.49008834 ], [ -39.94772132, -18.49014372 ], [ -39.94766776, -18.49023937 ], [ -39.94765349, -18.49026281 ], [ -39.94760381, -18.49035019 ], [ -39.94754845, -18.4904449 ], [ -39.94752539, -18.49048739 ] ] } },
{ "type": "Feature", "properties": { }, "geometry": { "type": "LineString", "coordinates": [ [ -39.94872105, -18.48837829 ], [ -39.94871227, -18.48839379 ], [ -39.94869796, -18.48841722 ], [ -39.94869341, -18.48842514 ], [ -39.94865367, -18.48849709 ], [ -39.94860689, -18.48857567 ], [ -39.9485167, -18.48873461 ], [ -39.94849312, -18.4887738 ], [ -39.94848858, -18.48878173 ], [ -39.94844866, -18.48885359 ], [ -39.94842511, -18.48889279 ], [ -39.94838855, -18.48895612 ], [ -39.94835526, -18.48901082 ], [ -39.94835073, -18.48901876 ], [ -39.94831115, -18.48909079 ], [ -39.94827892, -18.48914608 ], [ -39.94823876, -18.48921782 ], [ -39.94823409, -18.48922568 ], [ -39.94821496, -18.48925688 ], [ -39.94821042, -18.48926481 ], [ -39.94817508, -18.48932876 ], [ -39.94812974, -18.48940811 ], [ -39.94812495, -18.48941591 ], [ -39.94810528, -18.4894468 ], [ -39.9480912, -18.48947035 ], [ -39.94808664, -18.48947827 ], [ -39.94806415, -18.48951803 ], [ -39.9480381, -18.48956622 ], [ -39.94803354, -18.48957414 ], [ -39.94800073, -18.48962911 ], [ -39.94799621, -18.48963705 ], [ -39.9479342, -18.48974889 ], [ -39.94792967, -18.48975682 ], [ -39.94790214, -18.48980426 ], [ -39.94787379, -18.48985125 ], [ -39.94782873, -18.48993074 ], [ -39.94776705, -18.49003242 ], [ -39.9477626, -18.4900404 ], [ -39.94774121, -18.49008071 ], [ -39.94773682, -18.49008872 ], [ -39.94768792, -18.4901765 ], [ -39.94768302, -18.49018423 ], [ -39.94767789, -18.49019183 ], [ -39.94767338, -18.49019977 ], [ -39.94766502, -18.49021599 ], [ -39.94766053, -18.49022395 ], [ -39.94763732, -18.49026333 ], [ -39.94758297, -18.49035858 ], [ -39.947536, -18.49043705 ], [ -39.94753151, -18.49044501 ], [ -39.94750806, -18.49048805 ] ] } },
{ "type": "Feature", "properties": { }, "geometry": { "type": "LineString", "coordinates": [ [ -39.94870937, -18.48837103 ], [ -39.94868563, -18.48841011 ], [ -39.94864662, -18.48848243 ], [ -39.94858621, -18.48858479 ], [ -39.94850934, -18.48871979 ], [ -39.94848092, -18.48876674 ], [ -39.94843632, -18.48884646 ], [ -39.94841278, -18.48888567 ], [ -39.94836741, -18.488965 ], [ -39.94834382, -18.48900418 ], [ -39.94830384, -18.48907601 ], [ -39.94827109, -18.48913102 ], [ -39.94822722, -18.48921111 ], [ -39.94819907, -18.48925821 ], [ -39.94816791, -18.48931405 ], [ -39.94811308, -18.48940904 ], [ -39.94807937, -18.48946352 ], [ -39.94805286, -18.48951147 ], [ -39.9480312, -18.48955166 ], [ -39.94801758, -18.48957545 ], [ -39.94798892, -18.48962227 ], [ -39.94798441, -18.48963022 ], [ -39.94793151, -18.4897262 ], [ -39.94792698, -18.48973414 ], [ -39.94788573, -18.48980531 ], [ -39.94786184, -18.48984433 ], [ -39.94781194, -18.48993159 ], [ -39.94776024, -18.4900179 ], [ -39.94774233, -18.49004975 ], [ -39.94772555, -18.49008216 ], [ -39.94772113, -18.49009015 ], [ -39.94767591, -18.49016956 ], [ -39.94766166, -18.49019301 ], [ -39.94764404, -18.49022502 ], [ -39.94759791, -18.49030394 ], [ -39.94756643, -18.49035962 ], [ -39.94751916, -18.49043793 ], [ -39.94749153, -18.49048868 ] ] } },
{ "type": "Feature", "properties": { }, "geometry": { "type": "LineString", "coordinates": [ [ -39.94869686, -18.48836326 ], [ -39.94867409, -18.48840237 ], [ -39.94864347, -18.48845848 ], [ -39.9485653, -18.48859279 ], [ -39.94849339, -18.48872006 ], [ -39.94845124, -18.48879075 ], [ -39.94840702, -18.48887067 ], [ -39.9484025, -18.48887861 ], [ -39.94837509, -18.48892611 ], [ -39.9483465, -18.48897297 ], [ -39.94834192, -18.48898089 ], [ -39.94829695, -18.48906042 ], [ -39.94826457, -18.48911562 ], [ -39.94823367, -18.48917159 ], [ -39.94819625, -18.48923445 ], [ -39.94817884, -18.48926656 ], [ -39.94817436, -18.48927452 ], [ -39.94811514, -18.48937752 ], [ -39.9480725, -18.48944795 ], [ -39.94806813, -18.48945597 ], [ -39.94805125, -18.48948833 ], [ -39.94804668, -18.48949625 ], [ -39.94803257, -18.48951978 ], [ -39.9480104, -18.4895597 ], [ -39.94797249, -18.4896223 ], [ -39.94795457, -18.48965415 ], [ -39.94792889, -18.48970252 ], [ -39.94792433, -18.48971044 ], [ -39.94788689, -18.4897733 ], [ -39.94786455, -18.48981314 ], [ -39.94785992, -18.48982102 ], [ -39.94782233, -18.48988379 ], [ -39.94779563, -18.48993166 ], [ -39.94779103, -18.48993956 ], [ -39.94774432, -18.49001818 ], [ -39.94768238, -18.49013004 ], [ -39.94755934, -18.49034394 ], [ -39.9475024, -18.4904378 ], [ -39.94749814, -18.49044587 ], [ -39.94748191, -18.49047854 ], [ -39.94747572, -18.49048928 ] ] } },
{ "type": "Feature", "properties": { }, "geometry": { "type": "LineString", "coordinates": [ [ -39.94868437, -18.48835551 ], [ -39.94861816, -18.48847493 ], [ -39.94855796, -18.48857741 ], [ -39.94851778, -18.48864914 ], [ -39.94847674, -18.48872043 ], [ -39.94842974, -18.48879889 ], [ -39.94840294, -18.4888467 ], [ -39.94838586, -18.48887897 ], [ -39.94838129, -18.48888689 ], [ -39.9483437, -18.48894965 ], [ -39.94830276, -18.489021 ], [ -39.94828863, -18.48904451 ], [ -39.94827528, -18.48906845 ], [ -39.9482567, -18.48909995 ], [ -39.9482522, -18.48910791 ], [ -39.94821686, -18.48917185 ], [ -39.94821215, -18.4891797 ], [ -39.94818803, -18.48921858 ], [ -39.94818357, -18.48922655 ], [ -39.94816209, -18.48926682 ], [ -39.9481442, -18.48929869 ], [ -39.94811135, -18.48935364 ], [ -39.94810269, -18.48936971 ], [ -39.94809817, -18.48937765 ], [ -39.94806117, -18.48944074 ], [ -39.94804802, -18.48946477 ], [ -39.94802496, -18.48950424 ], [ -39.94799814, -18.48955205 ], [ -39.94795625, -18.48962288 ], [ -39.94789862, -18.4897267 ], [ -39.94780988, -18.48987608 ], [ -39.94778799, -18.48991615 ], [ -39.9477328, -18.49001095 ], [ -39.9477019, -18.49006692 ], [ -39.94764776, -18.49016226 ], [ -39.94762441, -18.49020157 ], [ -39.94752882, -18.490368 ], [ -39.94749538, -18.49042262 ], [ -39.94749092, -18.4904306 ], [ -39.94745908, -18.49048991 ] ] } },
{ "type": "Feature", "properties": { }, "geometry": { "type": "LineString", "coordinates": [ [ -39.94867209, -18.48834788 ], [ -39.94860115, -18.48847514 ], [ -39.94855447, -18.48855377 ], [ -39.94853216, -18.48859362 ], [ -39.94849956, -18.48864871 ], [ -39.94847288, -18.48869658 ], [ -39.94846825, -18.48870447 ], [ -39.94843027, -18.48876703 ], [ -39.94842578, -18.48877498 ], [ -39.94838661, -18.48884722 ], [ -39.94838204, -18.48885513 ], [ -39.9483397, -18.48892573 ], [ -39.94831277, -18.48897347 ], [ -39.94830439, -18.48898968 ], [ -39.94829993, -18.48899766 ], [ -39.94825356, -18.48907646 ], [ -39.94819914, -18.48917166 ], [ -39.94817069, -18.4892186 ], [ -39.9481662, -18.48922656 ], [ -39.94813152, -18.48929084 ], [ -39.94812697, -18.48929876 ], [ -39.94810366, -18.4893381 ], [ -39.94805856, -18.48941756 ], [ -39.94802142, -18.48948058 ], [ -39.94795351, -18.48959965 ], [ -39.94792065, -18.48965459 ], [ -39.94789839, -18.48969447 ], [ -39.94788138, -18.48972677 ], [ -39.94787691, -18.48973474 ], [ -39.94784475, -18.48979006 ], [ -39.94779252, -18.48987607 ], [ -39.94778804, -18.48988403 ], [ -39.9477621, -18.48993228 ], [ -39.94775757, -18.48994022 ], [ -39.94772049, -18.49000326 ], [ -39.94765381, -18.49012296 ], [ -39.94751682, -18.49036048 ], [ -39.94749321, -18.49039965 ], [ -39.94748882, -18.49040766 ], [ -39.94748463, -18.49041576 ], [ -39.94748012, -18.49042371 ], [ -39.94746608, -18.49044728 ], [ -39.94746162, -18.49045526 ], [ -39.94744265, -18.49049053 ] ] } },
{ "type": "Feature", "properties": { }, "geometry": { "type": "LineString", "coordinates": [ [ -39.9486597, -18.48834018 ], [ -39.94862474, -18.48840381 ], [ -39.94862021, -18.48841175 ], [ -39.94852826, -18.48856977 ], [ -39.94851053, -18.48860171 ], [ -39.94846034, -18.48868883 ], [ -39.9484411, -18.48871997 ], [ -39.94841793, -18.48875937 ], [ -39.94839192, -18.48880758 ], [ -39.94835621, -18.48887135 ], [ -39.94831412, -18.48894207 ], [ -39.94828301, -18.48899794 ], [ -39.94823205, -18.48908464 ], [ -39.94820519, -18.48913242 ], [ -39.94815434, -18.48921918 ], [ -39.94810974, -18.48929891 ], [ -39.94809564, -18.48932245 ], [ -39.94809108, -18.48933037 ], [ -39.94805087, -18.48940209 ], [ -39.94798194, -18.48952062 ], [ -39.94793233, -18.48960803 ], [ -39.94789503, -18.48967096 ], [ -39.94786403, -18.48972688 ], [ -39.94785949, -18.48973481 ], [ -39.94780422, -18.48982957 ], [ -39.94778486, -18.48986064 ], [ -39.94778033, -18.48986858 ], [ -39.94774992, -18.48992479 ], [ -39.94774546, -18.48993276 ], [ -39.94771831, -18.4899804 ], [ -39.94769036, -18.49002761 ], [ -39.94765939, -18.49008354 ], [ -39.94760528, -18.49017891 ], [ -39.94754996, -18.49027364 ], [ -39.94750916, -18.49034505 ], [ -39.94747624, -18.49039996 ], [ -39.94747173, -18.49040791 ], [ -39.94742598, -18.49049117 ] ] } },
{ "type": "Feature", "properties": { }, "geometry": { "type": "LineString", "coordinates": [ [ -39.94864717, -18.4883324 ], [ -39.94863013, -18.48836417 ], [ -39.94859893, -18.48841999 ], [ -39.94851608, -18.48856216 ], [ -39.94844777, -18.48868102 ], [ -39.94840072, -18.48875945 ], [ -39.94839639, -18.48876749 ], [ -39.94838819, -18.48878378 ], [ -39.94838382, -18.4887918 ], [ -39.94836125, -18.48883152 ], [ -39.94834386, -18.48886364 ], [ -39.94833929, -18.48887155 ], [ -39.94832056, -18.48890298 ], [ -39.94826146, -18.48900604 ], [ -39.94821954, -18.48907685 ], [ -39.94815229, -18.48919626 ], [ -39.94812421, -18.4892434 ], [ -39.94811972, -18.48925136 ], [ -39.94809783, -18.48929143 ], [ -39.94806564, -18.48934673 ], [ -39.94803887, -18.48939456 ], [ -39.94797899, -18.48949722 ], [ -39.9479523, -18.48954509 ], [ -39.94787823, -18.48967123 ], [ -39.94785168, -18.48971917 ], [ -39.94784712, -18.48972709 ], [ -39.94779152, -18.48982167 ], [ -39.94776752, -18.48986063 ], [ -39.94776311, -18.48986862 ], [ -39.94775057, -18.48989295 ], [ -39.94774621, -18.48990097 ], [ -39.94768367, -18.49001254 ], [ -39.94762447, -18.49011555 ], [ -39.94759773, -18.49016339 ], [ -39.94756493, -18.49021837 ], [ -39.94756038, -18.4902263 ], [ -39.94752473, -18.49029009 ], [ -39.94752016, -18.49029801 ], [ -39.94750168, -18.49032957 ], [ -39.94746836, -18.49038425 ], [ -39.94746383, -18.49039219 ], [ -39.94740931, -18.4904918 ] ] } },
{ "type": "Feature", "properties": { }, "geometry": { "type": "LineString", "coordinates": [ [ -39.94863512, -18.48832492 ], [ -39.94857354, -18.48843645 ], [ -39.94856899, -18.48844438 ], [ -39.94850855, -18.48854673 ], [ -39.94847744, -18.48860259 ], [ -39.94844999, -18.48865007 ], [ -39.94839856, -18.48873652 ], [ -39.94839401, -18.48874445 ], [ -39.94833179, -18.48885617 ], [ -39.94822713, -18.48903847 ], [ -39.94819418, -18.48909336 ], [ -39.94818965, -18.48910129 ], [ -39.94815887, -18.48915733 ], [ -39.94813177, -18.48920499 ], [ -39.94811303, -18.4892364 ], [ -39.94810854, -18.48924436 ], [ -39.94809994, -18.48926046 ], [ -39.94809537, -18.48926838 ], [ -39.94808101, -18.48929177 ], [ -39.94807642, -18.48929968 ], [ -39.94804977, -18.48934757 ], [ -39.94798979, -18.48945017 ], [ -39.94793137, -18.48955358 ], [ -39.94787565, -18.4896481 ], [ -39.94784014, -18.48971197 ], [ -39.94783553, -18.48971986 ], [ -39.94780697, -18.48976674 ], [ -39.94777981, -18.48981437 ], [ -39.94775199, -18.48986165 ], [ -39.947739, -18.48988576 ], [ -39.94770676, -18.48994103 ], [ -39.94770229, -18.489949 ], [ -39.9476762, -18.48999717 ], [ -39.94767169, -18.49000512 ], [ -39.9476486, -18.49004457 ], [ -39.94760407, -18.49012433 ], [ -39.9475575, -18.49020302 ], [ -39.94755299, -18.49021097 ], [ -39.94753101, -18.49025099 ], [ -39.94748073, -18.49033805 ], [ -39.94745248, -18.49038511 ], [ -39.94744791, -18.49039302 ], [ -39.94739237, -18.49049244 ] ] } },
{ "type": "Feature", "properties": { }, "geometry": { "type": "LineString", "coordinates": [ [ -39.9486235, -18.4883177 ], [ -39.94856146, -18.488429 ], [ -39.94848769, -18.4885553 ], [ -39.94844305, -18.48863501 ], [ -39.94843847, -18.48864292 ], [ -39.94839706, -18.48871401 ], [ -39.94838737, -18.48872954 ], [ -39.94838291, -18.48873751 ], [ -39.94835239, -18.48879367 ], [ -39.94828344, -18.48891219 ], [ -39.94820674, -18.48904727 ], [ -39.94817856, -18.48909436 ], [ -39.94815216, -18.48914238 ], [ -39.94812876, -18.48918166 ], [ -39.94811539, -18.48920558 ], [ -39.94810107, -18.489229 ], [ -39.94808327, -18.48926091 ], [ -39.94805952, -18.4893 ], [ -39.94802849, -18.48935591 ], [ -39.94800048, -18.48940308 ], [ -39.94792385, -18.4895382 ], [ -39.94786398, -18.48964085 ], [ -39.94782875, -18.48970486 ], [ -39.94778209, -18.48978351 ], [ -39.94775563, -18.48983149 ], [ -39.94774173, -18.48985514 ], [ -39.94770602, -18.4899189 ], [ -39.94770131, -18.48992674 ], [ -39.94769157, -18.48994225 ], [ -39.94768691, -18.48995011 ], [ -39.9476644, -18.48998987 ], [ -39.94764116, -18.49002924 ], [ -39.94758295, -18.49013276 ], [ -39.94754098, -18.49020356 ], [ -39.94751431, -18.49025143 ], [ -39.94745954, -18.49034645 ], [ -39.94743602, -18.49038568 ], [ -39.94743147, -18.4903936 ], [ -39.9474004, -18.49044948 ], [ -39.94737523, -18.49049309 ] ] } },
{ "type": "Feature", "properties": { }, "geometry": { "type": "LineString", "coordinates": [ [ -39.94861157, -18.48831029 ], [ -39.94856303, -18.48839773 ], [ -39.94853539, -18.48844511 ], [ -39.94850846, -18.48849286 ], [ -39.94846669, -18.48856376 ], [ -39.94846221, -18.48857172 ], [ -39.94844927, -18.48859586 ], [ -39.94844483, -18.48860384 ], [ -39.94836703, -18.48873834 ], [ -39.94836255, -18.48874631 ], [ -39.94833638, -18.48879444 ], [ -39.94833187, -18.48880239 ], [ -39.94828525, -18.48888105 ], [ -39.94822659, -18.48898434 ], [ -39.94817122, -18.48907905 ], [ -39.94810346, -18.48919819 ], [ -39.94809885, -18.48920608 ], [ -39.94806116, -18.4892688 ], [ -39.94805657, -18.48927671 ], [ -39.94802098, -18.48934053 ], [ -39.94798913, -18.48939602 ], [ -39.94798468, -18.48940399 ], [ -39.94796738, -18.48943616 ], [ -39.94796285, -18.48944409 ], [ -39.94794379, -18.48947533 ], [ -39.94793918, -18.48948323 ], [ -39.94791242, -18.48953106 ], [ -39.94785661, -18.48962553 ], [ -39.94785209, -18.48963347 ], [ -39.94782138, -18.48968954 ], [ -39.94775798, -18.48980066 ], [ -39.94772569, -18.48985591 ], [ -39.94769878, -18.48990366 ], [ -39.94768583, -18.48992779 ], [ -39.94768133, -18.48993575 ], [ -39.94762935, -18.4900219 ], [ -39.94762477, -18.49002981 ], [ -39.94759371, -18.4900857 ], [ -39.94752893, -18.49019609 ], [ -39.94747965, -18.49028367 ], [ -39.94741923, -18.49038604 ], [ -39.9474147, -18.49039397 ], [ -39.94738819, -18.49044194 ], [ -39.94735839, -18.49049373 ] ] } },
{ "type": "Feature", "properties": { }, "geometry": { "type": "LineString", "coordinates": [ [ -39.94859964, -18.48830288 ], [ -39.94856367, -18.48836599 ], [ -39.94855059, -18.48839006 ], [ -39.94849484, -18.48848456 ], [ -39.94849032, -18.48849251 ], [ -39.94847287, -18.48852459 ], [ -39.94840508, -18.48864372 ], [ -39.94835854, -18.48872242 ], [ -39.9483045, -18.48881783 ], [ -39.94825351, -18.48890452 ], [ -39.94822192, -18.48896013 ], [ -39.94819551, -18.48900814 ], [ -39.94819099, -18.48901608 ], [ -39.94816757, -18.48905536 ], [ -39.94816304, -18.48906329 ], [ -39.94814572, -18.48909544 ], [ -39.94814124, -18.48910341 ], [ -39.94810869, -18.48915852 ], [ -39.94810416, -18.48916645 ], [ -39.94809105, -18.48919051 ], [ -39.94808651, -18.48919844 ], [ -39.94805328, -18.48925318 ], [ -39.94804866, -18.48926107 ], [ -39.94799947, -18.4893487 ], [ -39.94793565, -18.4894596 ], [ -39.94790463, -18.48951551 ], [ -39.94790009, -18.48952344 ], [ -39.94784856, -18.48960984 ], [ -39.94784401, -18.48961776 ], [ -39.94781761, -18.48966578 ], [ -39.9477679, -18.48975314 ], [ -39.94776327, -18.48976103 ], [ -39.94772517, -18.48982352 ], [ -39.94772065, -18.48983146 ], [ -39.94770799, -18.48985573 ], [ -39.94766859, -18.48992786 ], [ -39.94766411, -18.48993582 ], [ -39.94764106, -18.48997529 ], [ -39.94763623, -18.48998306 ], [ -39.94762602, -18.48999829 ], [ -39.9476211, -18.49000601 ], [ -39.94761641, -18.49001386 ], [ -39.94761185, -18.49002178 ], [ -39.9475766, -18.49008578 ], [ -39.94757209, -18.49009373 ], [ -39.94752095, -18.49018033 ], [ -39.9475164, -18.49018826 ], [ -39.9474811, -18.49025223 ], [ -39.94743535, -18.49033136 ], [ -39.94740726, -18.49037849 ], [ -39.94740269, -18.49038641 ], [ -39.94737619, -18.49043438 ], [ -39.94737165, -18.49044231 ], [ -39.94734037, -18.49049442 ] ] } },
{ "type": "Feature", "properties": { }, "geometry": { "type": "LineString", "coordinates": [ [ -39.94858766, -18.48829544 ], [ -39.9485749, -18.48831915 ], [ -39.94857037, -18.48832709 ], [ -39.94855611, -18.48835054 ], [ -39.94855153, -18.48835845 ], [ -39.94853832, -18.48838245 ], [ -39.94853378, -18.48839038 ], [ -39.9485103, -18.48842962 ], [ -39.94846446, -18.4885087 ], [ -39.94838855, -18.48864419 ], [ -39.9483376, -18.4887309 ], [ -39.94828348, -18.48882626 ], [ -39.94827885, -18.48883414 ], [ -39.94825031, -18.48888103 ], [ -39.94824571, -18.48888893 ], [ -39.94820567, -18.48896073 ], [ -39.94816435, -18.48903187 ], [ -39.94815988, -18.48903984 ], [ -39.94812939, -18.48909601 ], [ -39.94812486, -18.48910395 ], [ -39.94810124, -18.48914312 ], [ -39.94808322, -18.48917491 ], [ -39.94803224, -18.4892616 ], [ -39.9479054, -18.48948382 ], [ -39.9478313, -18.48960995 ], [ -39.9478268, -18.4896179 ], [ -39.94780492, -18.48965798 ], [ -39.94775083, -18.48975335 ], [ -39.94772328, -18.48980078 ], [ -39.94770894, -18.48982418 ], [ -39.94767741, -18.48987983 ], [ -39.94763761, -18.48995175 ], [ -39.947633, -18.48995965 ], [ -39.94760416, -18.49000637 ], [ -39.94759953, -18.49001426 ], [ -39.94755519, -18.49009411 ], [ -39.94749509, -18.49019665 ], [ -39.9474906, -18.4902046 ], [ -39.94747306, -18.49023664 ], [ -39.94738139, -18.49039481 ], [ -39.94737693, -18.49040279 ], [ -39.94736395, -18.4904269 ], [ -39.94735947, -18.49043486 ], [ -39.94734095, -18.4904664 ], [ -39.94732513, -18.490495 ] ] } },
{ "type": "Feature", "properties": { }, "geometry": { "type": "LineString", "coordinates": [ [ -39.94857576, -18.48828804 ], [ -39.94856759, -18.48830385 ], [ -39.94855341, -18.48832734 ], [ -39.94852651, -18.4883751 ], [ -39.94848016, -18.48845391 ], [ -39.94844856, -18.48850952 ], [ -39.94842968, -18.48854086 ], [ -39.94842511, -18.48854878 ], [ -39.94839905, -18.48859696 ], [ -39.94839459, -18.48860494 ], [ -39.94832536, -18.48872331 ], [ -39.94827119, -18.48881864 ], [ -39.9482431, -18.48886578 ], [ -39.94823852, -18.48887369 ], [ -39.94820307, -18.48893759 ], [ -39.94815705, -18.48901657 ], [ -39.94811258, -18.48909636 ], [ -39.94810801, -18.48910428 ], [ -39.9480844, -18.48914344 ], [ -39.94802444, -18.48924606 ], [ -39.94796168, -18.4893575 ], [ -39.94791066, -18.48944418 ], [ -39.94784761, -18.48955548 ], [ -39.94784294, -18.48956334 ], [ -39.94782836, -18.48958661 ], [ -39.94781915, -18.48960241 ], [ -39.94781467, -18.48961037 ], [ -39.94779739, -18.48964254 ], [ -39.94772509, -18.48976961 ], [ -39.94768812, -18.48983272 ], [ -39.94765226, -18.48989641 ], [ -39.94758704, -18.49000656 ], [ -39.94758251, -18.4900145 ], [ -39.94755206, -18.49007069 ], [ -39.94754756, -18.49007865 ], [ -39.94751938, -18.49012573 ], [ -39.94749248, -18.49017349 ], [ -39.9474879, -18.4901814 ], [ -39.94746907, -18.49021277 ], [ -39.94741084, -18.49031629 ], [ -39.94736918, -18.49038724 ], [ -39.94736471, -18.49039521 ], [ -39.94735194, -18.49041943 ], [ -39.94730846, -18.49049563 ] ] } },
{ "type": "Feature", "properties": { }, "geometry": { "type": "LineString", "coordinates": [ [ -39.94856392, -18.48828069 ], [ -39.94851958, -18.48836003 ], [ -39.94849601, -18.48839922 ], [ -39.94845081, -18.48847864 ], [ -39.94841334, -18.48854147 ], [ -39.94836862, -18.48862114 ], [ -39.94823127, -18.48885848 ], [ -39.94817768, -18.4889541 ], [ -39.94811787, -18.4890568 ], [ -39.94808662, -18.48911259 ], [ -39.94802624, -18.48921497 ], [ -39.94802169, -18.4892229 ], [ -39.94799993, -18.48926303 ], [ -39.94797686, -18.48930249 ], [ -39.94797235, -18.48931044 ], [ -39.94795929, -18.48933452 ], [ -39.94794065, -18.48936598 ], [ -39.94792299, -18.48939797 ], [ -39.94789019, -18.48945294 ], [ -39.94784916, -18.48952424 ], [ -39.94783146, -18.4895562 ], [ -39.94782692, -18.48956413 ], [ -39.94780758, -18.48959521 ], [ -39.94780292, -18.48960308 ], [ -39.9477815, -18.48964338 ], [ -39.9477499, -18.48969899 ], [ -39.94768534, -18.4898095 ], [ -39.9476808, -18.48981743 ], [ -39.94766305, -18.48984937 ], [ -39.94759409, -18.48996788 ], [ -39.94757521, -18.48999922 ], [ -39.94753578, -18.49007133 ], [ -39.9475313, -18.49007929 ], [ -39.94749385, -18.49014214 ], [ -39.94748936, -18.4901501 ], [ -39.94748114, -18.49016638 ], [ -39.9474768, -18.49017442 ], [ -39.94745291, -18.49021343 ], [ -39.94738559, -18.4903328 ], [ -39.94738101, -18.49034071 ], [ -39.9473668, -18.49036419 ], [ -39.94731268, -18.49045955 ], [ -39.94730811, -18.49046746 ], [ -39.94729085, -18.4904963 ] ] } },
{ "type": "Feature", "properties": { }, "geometry": { "type": "LineString", "coordinates": [ [ -39.94855183, -18.48827318 ], [ -39.94851188, -18.48834451 ], [ -39.94847902, -18.48839946 ], [ -39.94842461, -18.48849467 ], [ -39.94839191, -18.4885497 ], [ -39.94832908, -18.48866111 ], [ -39.94826425, -18.48877148 ], [ -39.94815646, -18.48896244 ], [ -39.94811047, -18.48904144 ], [ -39.94804297, -18.48916071 ], [ -39.94802412, -18.48919207 ], [ -39.94791586, -18.48938278 ], [ -39.94786952, -18.4894616 ], [ -39.94784299, -18.48950955 ], [ -39.94783324, -18.48952505 ], [ -39.94779654, -18.4895883 ], [ -39.94779198, -18.48959622 ], [ -39.94776554, -18.48964421 ], [ -39.94772426, -18.48971537 ], [ -39.94769146, -18.48977035 ], [ -39.94766496, -18.48981832 ], [ -39.94761424, -18.48990515 ], [ -39.94759639, -18.48993703 ], [ -39.94758657, -18.48995249 ], [ -39.94756821, -18.48998411 ], [ -39.9475198, -18.49007214 ], [ -39.94748684, -18.49012702 ], [ -39.94746511, -18.49016717 ], [ -39.94744527, -18.49019797 ], [ -39.94740429, -18.49026928 ], [ -39.94735993, -18.49034913 ], [ -39.94734578, -18.49037264 ], [ -39.9473004, -18.49045196 ], [ -39.9472723, -18.490497 ] ] } },
{ "type": "Feature", "properties": { }, "geometry": { "type": "LineString", "coordinates": [ [ -39.94853961, -18.48826559 ], [ -39.94852156, -18.48829815 ], [ -39.94846082, -18.48840035 ], [ -39.9484164, -18.48848016 ], [ -39.94840167, -18.48850334 ], [ -39.94836934, -18.48855857 ], [ -39.94832964, -18.48863055 ], [ -39.94828701, -18.48870098 ], [ -39.94828239, -18.48870887 ], [ -39.94823764, -18.48878852 ], [ -39.94823303, -18.48879641 ], [ -39.94821875, -18.48881984 ], [ -39.94821445, -18.4888279 ], [ -39.94821046, -18.48883609 ], [ -39.94820608, -18.48884411 ], [ -39.94818765, -18.48887569 ], [ -39.94818337, -18.48888375 ], [ -39.94817511, -18.48890002 ], [ -39.94817065, -18.48890799 ], [ -39.94816144, -18.48892378 ], [ -39.94815287, -18.4889399 ], [ -39.94814818, -18.48894776 ], [ -39.94812379, -18.48898648 ], [ -39.94807544, -18.48907454 ], [ -39.94803271, -18.48914492 ], [ -39.94802812, -18.48915282 ], [ -39.94800269, -18.48920131 ], [ -39.94798461, -18.48923308 ], [ -39.94797996, -18.48924095 ], [ -39.94797013, -18.4892564 ], [ -39.94796544, -18.48926425 ], [ -39.94795251, -18.48928839 ], [ -39.94794798, -18.48929633 ], [ -39.9479383, -18.48931187 ], [ -39.94793369, -18.48931976 ], [ -39.94792512, -18.48933588 ], [ -39.94792051, -18.48934377 ], [ -39.94791551, -18.48935145 ], [ -39.94791078, -18.48935928 ], [ -39.94789767, -18.48938333 ], [ -39.94789312, -18.48939126 ], [ -39.94786457, -18.48943814 ], [ -39.94786013, -18.48944613 ], [ -39.9478474, -18.48947036 ], [ -39.94784284, -18.48947828 ], [ -39.94782868, -18.48950179 ], [ -39.94782444, -18.48950987 ], [ -39.94781636, -18.48952622 ], [ -39.94781196, -18.48953422 ], [ -39.94777569, -18.4895977 ], [ -39.94775672, -18.48962899 ], [ -39.94775129, -18.48963639 ], [ -39.94774675, -18.48964432 ], [ -39.94773813, -18.48966042 ], [ -39.9477328, -18.48966789 ], [ -39.94772862, -18.48967599 ], [ -39.94772472, -18.48968423 ], [ -39.94771104, -18.48970799 ], [ -39.94770547, -18.4897153 ], [ -39.94770071, -18.48972311 ], [ -39.94767811, -18.48976282 ], [ -39.94762976, -18.48985088 ], [ -39.94760625, -18.4898901 ], [ -39.94759311, -18.48991414 ], [ -39.9475785, -18.48993739 ], [ -39.94751574, -18.49004884 ], [ -39.94746837, -18.4901271 ], [ -39.94745108, -18.49015926 ], [ -39.94743184, -18.4901904 ], [ -39.94739532, -18.49025375 ], [ -39.94736062, -18.49031802 ], [ -39.94732808, -18.49037313 ], [ -39.94730133, -18.49042097 ], [ -39.94725563, -18.49049763 ] ] } },
{ "type": "Feature", "properties": { }, "geometry": { "type": "LineString", "coordinates": [ [ -39.94919294, -18.49047832 ], [ -39.94911577, -18.49061255 ], [ -39.94907399, -18.49068345 ], [ -39.94902862, -18.49076278 ], [ -39.94892279, -18.49094445 ], [ -39.94890496, -18.49097635 ], [ -39.94881765, -18.49112649 ], [ -39.94878024, -18.49118936 ], [ -39.9487213, -18.49129251 ], [ -39.94863411, -18.49144272 ], [ -39.94858732, -18.49152129 ], [ -39.94854676, -18.49159282 ], [ -39.94850931, -18.49165567 ], [ -39.94840013, -18.49184591 ], [ -39.94832113, -18.49197978 ], [ -39.94828985, -18.49203555 ], [ -39.94821568, -18.49216164 ], [ -39.9481568, -18.49226482 ], [ -39.94810103, -18.49235932 ], [ -39.94806077, -18.49243101 ], [ -39.94800067, -18.49253355 ], [ -39.94788741, -18.49273195 ], [ -39.94783135, -18.49282629 ], [ -39.94780009, -18.49288207 ], [ -39.94774911, -18.49296877 ], [ -39.94768993, -18.49307179 ], [ -39.94761994, -18.49318976 ], [ -39.94752946, -18.49334855 ], [ -39.94748288, -18.49342724 ], [ -39.94733181, -18.49368832 ], [ -39.94726694, -18.49379866 ], [ -39.94721702, -18.49388592 ], [ -39.94717982, -18.4939489 ], [ -39.94713924, -18.49402043 ], [ -39.94706967, -18.49413862 ], [ -39.94701062, -18.49424171 ], [ -39.94697794, -18.49429675 ], [ -39.94688705, -18.49445533 ], [ -39.94685849, -18.49450221 ], [ -39.9468042, -18.49459748 ], [ -39.94665738, -18.49485048 ], [ -39.94660321, -18.49494582 ], [ -39.94655643, -18.4950244 ], [ -39.94653418, -18.49506443 ] ] } },
{ "type": "Feature", "properties": { }, "geometry": { "type": "LineString", "coordinates": [ [ -39.94920874, -18.49047782 ], [ -39.94918702, -18.49051739 ], [ -39.94917276, -18.49054084 ], [ -39.94913224, -18.4906124 ], [ -39.94900291, -18.4908333 ], [ -39.94894401, -18.49093648 ], [ -39.94888822, -18.49103096 ], [ -39.94884782, -18.49110258 ], [ -39.94875994, -18.49125241 ], [ -39.94873758, -18.49129224 ], [ -39.94858568, -18.49155288 ], [ -39.94854938, -18.49161634 ], [ -39.94852567, -18.49165546 ], [ -39.94841202, -18.49185366 ], [ -39.94833283, -18.49198743 ], [ -39.94829708, -18.49205117 ], [ -39.94824128, -18.49214565 ], [ -39.94818255, -18.49224891 ], [ -39.94809459, -18.4923987 ], [ -39.9480588, -18.49246242 ], [ -39.94801689, -18.49253325 ], [ -39.94795778, -18.49263631 ], [ -39.9479482, -18.4926519 ], [ -39.94789442, -18.49274744 ], [ -39.94776515, -18.49296838 ], [ -39.94770151, -18.49307938 ], [ -39.94764541, -18.49317369 ], [ -39.94759127, -18.49326904 ], [ -39.94755895, -18.49332428 ], [ -39.9475413, -18.49335627 ], [ -39.94752696, -18.49337967 ], [ -39.94741646, -18.49356921 ], [ -39.94741186, -18.49357711 ], [ -39.94739407, -18.49360903 ], [ -39.94733896, -18.49370387 ], [ -39.94728764, -18.49379039 ], [ -39.94723806, -18.49387781 ], [ -39.94719623, -18.49394868 ], [ -39.9471509, -18.49402803 ], [ -39.9470721, -18.49416201 ], [ -39.94700864, -18.4942731 ], [ -39.94698069, -18.49432031 ], [ -39.9469493, -18.49437603 ], [ -39.94693477, -18.49439933 ], [ -39.9469033, -18.49445501 ], [ -39.94684736, -18.49454941 ], [ -39.94676136, -18.49470024 ], [ -39.94673801, -18.49473955 ], [ -39.94662428, -18.49493772 ], [ -39.94658645, -18.49500036 ], [ -39.94655023, -18.49506406 ] ] } },
{ "type": "Feature", "properties": { }, "geometry": { "type": "LineString", "coordinates": [ [ -39.94917696, -18.49047882 ], [ -39.94916298, -18.4905018 ], [ -39.94915837, -18.4905097 ], [ -39.94910407, -18.49060497 ], [ -39.94903935, -18.49071539 ], [ -39.94891185, -18.49093727 ], [ -39.94878683, -18.49115012 ], [ -39.94872338, -18.49126122 ], [ -39.9486771, -18.49134007 ], [ -39.94861339, -18.49145103 ], [ -39.94843799, -18.4917509 ], [ -39.94838826, -18.49183825 ], [ -39.9482965, -18.49199637 ], [ -39.94820391, -18.49215405 ], [ -39.94814049, -18.49226516 ], [ -39.94803017, -18.4924548 ], [ -39.94798969, -18.49252637 ], [ -39.94788023, -18.49271647 ], [ -39.94781947, -18.49281865 ], [ -39.94777455, -18.49289821 ], [ -39.94773272, -18.49296908 ], [ -39.94767357, -18.49307211 ], [ -39.94759906, -18.49319802 ], [ -39.94745813, -18.49344379 ], [ -39.94740233, -18.49353827 ], [ -39.94724152, -18.49381486 ], [ -39.94720533, -18.49387838 ], [ -39.947168, -18.49394129 ], [ -39.9471229, -18.49402076 ], [ -39.94706244, -18.4941231 ], [ -39.94693457, -18.49434479 ], [ -39.94690661, -18.49439199 ], [ -39.94687528, -18.49444774 ], [ -39.94681946, -18.49454221 ], [ -39.94666895, -18.49480358 ], [ -39.94663631, -18.49485865 ], [ -39.94659575, -18.49493018 ], [ -39.94654454, -18.49501676 ], [ -39.94652047, -18.49505997 ] ] } },
{ "type": "Feature", "properties": { }, "geometry": { "type": "LineString", "coordinates": [ [ -39.94922518, -18.49047731 ], [ -39.9491486, -18.49061186 ], [ -39.94910691, -18.4906828 ], [ -39.94907518, -18.49073835 ], [ -39.94901479, -18.49084072 ], [ -39.94895577, -18.49094383 ], [ -39.94889559, -18.49104632 ], [ -39.94885485, -18.49111777 ], [ -39.94880376, -18.4912044 ], [ -39.94874469, -18.49130749 ], [ -39.94867561, -18.49142594 ], [ -39.94864866, -18.49147368 ], [ -39.94853326, -18.49167095 ], [ -39.94842388, -18.49186108 ], [ -39.94834504, -18.49199504 ], [ -39.94830002, -18.49207455 ], [ -39.94824868, -18.49216105 ], [ -39.94820829, -18.49223267 ], [ -39.94811134, -18.49239838 ], [ -39.9480844, -18.49244612 ], [ -39.9480334, -18.49253281 ], [ -39.94797883, -18.49262793 ], [ -39.94795547, -18.49266724 ], [ -39.94790154, -18.4927627 ], [ -39.94786866, -18.49281763 ], [ -39.94769939, -18.49311041 ], [ -39.94765751, -18.49318125 ], [ -39.94762159, -18.49324491 ], [ -39.94758444, -18.49330792 ], [ -39.94754824, -18.49337144 ], [ -39.94750632, -18.49344225 ], [ -39.94747944, -18.49349003 ], [ -39.94741912, -18.49359245 ], [ -39.94734613, -18.49371917 ], [ -39.94728599, -18.49382168 ], [ -39.94724975, -18.49388517 ], [ -39.94722163, -18.49393229 ], [ -39.94716281, -18.4940355 ], [ -39.9470655, -18.49420102 ], [ -39.94697019, -18.49436759 ], [ -39.94685454, -18.49456474 ], [ -39.94675959, -18.4947315 ], [ -39.94670412, -18.49482615 ], [ -39.9466728, -18.49488191 ], [ -39.94661672, -18.49497623 ], [ -39.9465941, -18.49501593 ], [ -39.94658965, -18.49502391 ], [ -39.94658109, -18.49504004 ], [ -39.94657663, -18.495048 ], [ -39.94656865, -18.49506087 ] ] } },
{ "type": "Feature", "properties": { }, "geometry": { "type": "LineString", "coordinates": [ [ -39.94924135, -18.49047986 ], [ -39.94921419, -18.49052782 ], [ -39.9491718, -18.49059839 ], [ -39.94915433, -18.49063047 ], [ -39.94910765, -18.4907091 ], [ -39.94891925, -18.49103309 ], [ -39.94886052, -18.49113635 ], [ -39.94882275, -18.49119902 ], [ -39.9487691, -18.49129463 ], [ -39.94869997, -18.49141305 ], [ -39.94868078, -18.49144422 ], [ -39.94866785, -18.49146836 ], [ -39.94864959, -18.49150003 ], [ -39.94859801, -18.49158641 ], [ -39.94845184, -18.49183974 ], [ -39.94842981, -18.49187974 ], [ -39.9483826, -18.49195808 ], [ -39.94831035, -18.49208519 ], [ -39.94825873, -18.49217154 ], [ -39.94824125, -18.49220361 ], [ -39.94820472, -18.49226695 ], [ -39.94818558, -18.49229814 ], [ -39.94809935, -18.49244885 ], [ -39.94807563, -18.49248796 ], [ -39.94805819, -18.49252005 ], [ -39.94804338, -18.49254319 ], [ -39.94799845, -18.49262275 ], [ -39.94795618, -18.49269337 ], [ -39.94792048, -18.49275715 ], [ -39.94787359, -18.49283567 ], [ -39.94775568, -18.49304195 ], [ -39.94772245, -18.49309669 ], [ -39.94768131, -18.49316792 ], [ -39.9476411, -18.49323964 ], [ -39.94761255, -18.49328652 ], [ -39.94757182, -18.49335797 ], [ -39.9475433, -18.49340487 ], [ -39.94748497, -18.49350834 ], [ -39.9474103, -18.49363416 ], [ -39.94733358, -18.49376923 ], [ -39.94729577, -18.49383188 ], [ -39.94723606, -18.49393463 ], [ -39.94721894, -18.49396687 ], [ -39.94718689, -18.49402225 ], [ -39.94704772, -18.49425862 ], [ -39.94696211, -18.49440965 ], [ -39.94685997, -18.49458294 ], [ -39.9467968, -18.49469418 ], [ -39.94675035, -18.49477294 ], [ -39.94672839, -18.49481298 ], [ -39.94667688, -18.49489938 ], [ -39.94665935, -18.49493143 ], [ -39.94663591, -18.4949707 ], [ -39.94660969, -18.4950188 ], [ -39.94659473, -18.49504185 ], [ -39.94658586, -18.49505789 ] ] } },
{ "type": "Feature", "properties": { }, "geometry": { "type": "LineString", "coordinates": [ [ -39.94916007, -18.49047934 ], [ -39.94914149, -18.49051024 ], [ -39.94910125, -18.49058194 ], [ -39.94904548, -18.49067643 ], [ -39.94895904, -18.49082703 ], [ -39.94881639, -18.49107189 ], [ -39.948765, -18.49115837 ], [ -39.94868816, -18.49129337 ], [ -39.94856819, -18.49149857 ], [ -39.94850924, -18.49160171 ], [ -39.94842119, -18.49175146 ], [ -39.94830284, -18.49195751 ], [ -39.94819165, -18.49214669 ], [ -39.94808241, -18.49233689 ], [ -39.94801319, -18.49245527 ], [ -39.94797275, -18.49252686 ], [ -39.94791231, -18.49262922 ], [ -39.94785371, -18.49273254 ], [ -39.94779815, -18.49282715 ], [ -39.94775754, -18.49289866 ], [ -39.94768318, -18.49302465 ], [ -39.94762892, -18.49311994 ], [ -39.94758223, -18.49319857 ], [ -39.94754575, -18.49326193 ], [ -39.9475146, -18.49331778 ], [ -39.94746789, -18.49339639 ], [ -39.94742262, -18.49347577 ], [ -39.9473899, -18.49353079 ], [ -39.94735358, -18.49359424 ], [ -39.94721971, -18.49382309 ], [ -39.94711544, -18.49400559 ], [ -39.94705454, -18.49410769 ], [ -39.94696773, -18.4942581 ], [ -39.9469395, -18.49430516 ], [ -39.94685812, -18.4944481 ], [ -39.94675179, -18.49462951 ], [ -39.94665212, -18.49480411 ], [ -39.94662416, -18.49485132 ], [ -39.94656951, -18.4949464 ], [ -39.94653652, -18.49500127 ], [ -39.94650606, -18.49505527 ] ] } },
{ "type": "Feature", "properties": { }, "geometry": { "type": "LineString", "coordinates": [ [ -39.94925836, -18.49050749 ], [ -39.94924131, -18.49053891 ], [ -39.94923691, -18.49054691 ], [ -39.94923232, -18.49055482 ], [ -39.94920854, -18.49059389 ], [ -39.94919049, -18.49062568 ], [ -39.94918586, -18.49063356 ], [ -39.94913354, -18.49071952 ], [ -39.94912904, -18.49072747 ], [ -39.94912038, -18.49074355 ], [ -39.94911591, -18.49075151 ], [ -39.94907458, -18.49082265 ], [ -39.94906156, -18.49084675 ], [ -39.94904782, -18.49087047 ], [ -39.94903904, -18.49088649 ], [ -39.94903448, -18.49089441 ], [ -39.94900629, -18.49094149 ], [ -39.94900185, -18.49094947 ], [ -39.94898907, -18.49097369 ], [ -39.94898457, -18.49098164 ], [ -39.94893781, -18.49106023 ], [ -39.94891529, -18.49109998 ], [ -39.94891059, -18.49110783 ], [ -39.94890093, -18.49112338 ], [ -39.94887805, -18.49116294 ], [ -39.94884979, -18.49120998 ], [ -39.94884528, -18.49121792 ], [ -39.94882351, -18.49125805 ], [ -39.94881465, -18.49127403 ], [ -39.94880088, -18.49129774 ], [ -39.94878626, -18.49132099 ], [ -39.9487538, -18.49137615 ], [ -39.94874056, -18.49140014 ], [ -39.94872202, -18.49143166 ], [ -39.9487176, -18.49143965 ], [ -39.94870907, -18.49145579 ], [ -39.94869984, -18.49147157 ], [ -39.94869096, -18.49148754 ], [ -39.94868639, -18.49149545 ], [ -39.94863418, -18.49158148 ], [ -39.94862959, -18.49158938 ], [ -39.94860266, -18.49163713 ], [ -39.94858828, -18.49166051 ], [ -39.94858376, -18.49166845 ], [ -39.94857518, -18.49168457 ], [ -39.94857064, -18.4916925 ], [ -39.94855176, -18.49172384 ], [ -39.94854247, -18.49173959 ], [ -39.94847055, -18.49186686 ], [ -39.94841864, -18.49195305 ], [ -39.94841411, -18.49196099 ], [ -39.94839209, -18.49200099 ], [ -39.94836457, -18.49204843 ], [ -39.94834277, -18.49208854 ], [ -39.94833819, -18.49209645 ], [ -39.94828596, -18.49218247 ], [ -39.94828146, -18.49219042 ], [ -39.94826845, -18.49221452 ], [ -39.94826391, -18.49222245 ], [ -39.94824515, -18.49225386 ], [ -39.9482406, -18.49226179 ], [ -39.94821384, -18.49230962 ], [ -39.94815298, -18.49241175 ], [ -39.94808954, -18.49252285 ], [ -39.9480612, -18.49256984 ], [ -39.94805667, -18.49257779 ], [ -39.94803917, -18.49260984 ], [ -39.94803458, -18.49261775 ], [ -39.94801563, -18.49264905 ], [ -39.94799319, -18.49268884 ], [ -39.94798853, -18.49269671 ], [ -39.94797418, -18.49272011 ], [ -39.9479696, -18.49272802 ], [ -39.94794742, -18.49276794 ], [ -39.94794279, -18.49277583 ], [ -39.94791418, -18.49282268 ], [ -39.94788697, -18.49287028 ], [ -39.94788227, -18.49287812 ], [ -39.94786301, -18.49290925 ], [ -39.94785838, -18.49291714 ], [ -39.94778636, -18.49304436 ], [ -39.94775342, -18.49309926 ], [ -39.94773125, -18.49313918 ], [ -39.94768102, -18.49322628 ], [ -39.94767181, -18.49324207 ], [ -39.94761561, -18.49333633 ], [ -39.9476111, -18.49334428 ], [ -39.9475847, -18.49339229 ], [ -39.94758015, -18.49340022 ], [ -39.94746862, -18.49358921 ], [ -39.94745113, -18.49362127 ], [ -39.94739613, -18.49371618 ], [ -39.94724846, -18.49396872 ], [ -39.94719934, -18.49405639 ], [ -39.94719471, -18.49406427 ], [ -39.94717099, -18.49410338 ], [ -39.94713947, -18.49415903 ], [ -39.94711129, -18.49420612 ], [ -39.94710273, -18.49422224 ], [ -39.94709805, -18.4942301 ], [ -39.94708818, -18.49424552 ], [ -39.94707397, -18.494269 ], [ -39.94706937, -18.4942769 ], [ -39.94699272, -18.49441201 ], [ -39.94693221, -18.49451432 ], [ -39.94687865, -18.49460997 ], [ -39.94687399, -18.49461784 ], [ -39.94685967, -18.49464126 ], [ -39.94685505, -18.49464915 ], [ -39.94683248, -18.49468887 ], [ -39.9468233, -18.49470468 ], [ -39.946795, -18.4947517 ], [ -39.94675445, -18.49482325 ], [ -39.94670354, -18.49490998 ], [ -39.94667646, -18.49495765 ], [ -39.9466638, -18.49498192 ], [ -39.94665943, -18.49498994 ], [ -39.94665036, -18.49500581 ], [ -39.94663954, -18.49502327 ] ] } },
{ "type": "Feature", "properties": { }, "geometry": { "type": "LineString", "coordinates": [ [ -39.94925446, -18.49048576 ], [ -39.94923688, -18.49051859 ], [ -39.94919421, -18.490589 ], [ -39.94914856, -18.49066819 ], [ -39.94911992, -18.49071502 ], [ -39.94909779, -18.49075497 ], [ -39.94904668, -18.4908416 ], [ -39.94903384, -18.49086578 ], [ -39.9489611, -18.49099262 ], [ -39.94893264, -18.49103956 ], [ -39.94887341, -18.49114256 ], [ -39.94883553, -18.49120517 ], [ -39.94878649, -18.49129288 ], [ -39.94869406, -18.49145064 ], [ -39.94868102, -18.49147473 ], [ -39.94866664, -18.49149811 ], [ -39.94864401, -18.4915378 ], [ -39.94862922, -18.49156095 ], [ -39.94861069, -18.49159249 ], [ -39.94857046, -18.49166419 ], [ -39.94856043, -18.49167953 ], [ -39.94854284, -18.49171154 ], [ -39.94846463, -18.49184583 ], [ -39.94843805, -18.49189376 ], [ -39.94838639, -18.49198008 ], [ -39.94833277, -18.49207571 ], [ -39.94827198, -18.49217787 ], [ -39.94822247, -18.49226533 ], [ -39.9482082, -18.49228878 ], [ -39.94814359, -18.49239926 ], [ -39.94811191, -18.49245483 ], [ -39.9480562, -18.49254936 ], [ -39.94801597, -18.49262107 ], [ -39.94795987, -18.49271538 ], [ -39.94793803, -18.49275547 ], [ -39.94789564, -18.49282604 ], [ -39.94786867, -18.49287376 ], [ -39.94785424, -18.49289712 ], [ -39.94782298, -18.49295291 ], [ -39.94780402, -18.49298421 ], [ -39.94778206, -18.49302424 ], [ -39.94773973, -18.49309484 ], [ -39.94772239, -18.49312698 ], [ -39.94768511, -18.49318992 ], [ -39.94765823, -18.49323769 ], [ -39.94761136, -18.49331622 ], [ -39.94758465, -18.49336408 ], [ -39.94742302, -18.49364024 ], [ -39.94737352, -18.49372771 ], [ -39.94729442, -18.49386153 ], [ -39.94717184, -18.49407567 ], [ -39.94713866, -18.49413044 ], [ -39.9471069, -18.49418597 ], [ -39.94706012, -18.49426455 ], [ -39.94702, -18.49433631 ], [ -39.94700117, -18.49436768 ], [ -39.94696977, -18.49442339 ], [ -39.94694146, -18.49447041 ], [ -39.94688665, -18.49456541 ], [ -39.94686482, -18.49460551 ], [ -39.94683645, -18.4946525 ], [ -39.94680964, -18.4947003 ], [ -39.94677218, -18.49476315 ], [ -39.94673642, -18.49482689 ], [ -39.9466943, -18.4948976 ], [ -39.94667684, -18.49492968 ], [ -39.94666262, -18.49495315 ], [ -39.94662683, -18.49501687 ], [ -39.94661075, -18.49504328 ] ] } },
{ "type": "Feature", "properties": { }, "geometry": { "type": "LineString", "coordinates": [ [ -39.94914271, -18.49047989 ], [ -39.94908395, -18.49058253 ], [ -39.94904217, -18.49065343 ], [ -39.9490152, -18.49070115 ], [ -39.9489184, -18.49086694 ], [ -39.94887297, -18.49094624 ], [ -39.94875731, -18.49114338 ], [ -39.94872131, -18.491207 ], [ -39.94862984, -18.49136527 ], [ -39.94854174, -18.49151499 ], [ -39.94851055, -18.49157081 ], [ -39.94844097, -18.491689 ], [ -39.94825366, -18.49201357 ], [ -39.94819766, -18.49210794 ], [ -39.94812036, -18.49224271 ], [ -39.94800075, -18.49244809 ], [ -39.94796032, -18.4925197 ], [ -39.9479046, -18.49261422 ], [ -39.94780958, -18.49278094 ], [ -39.94778608, -18.49282017 ], [ -39.94770359, -18.49296253 ], [ -39.94767075, -18.49301748 ], [ -39.94761635, -18.4931127 ], [ -39.94753785, -18.49324684 ], [ -39.94750665, -18.49330265 ], [ -39.94745967, -18.49338112 ], [ -39.94740104, -18.49348444 ], [ -39.94737277, -18.49353147 ], [ -39.94726758, -18.49371349 ], [ -39.94722108, -18.49379222 ], [ -39.94714804, -18.49391891 ], [ -39.94711695, -18.49397478 ], [ -39.94700533, -18.49416373 ], [ -39.94695985, -18.494243 ], [ -39.946918, -18.49431386 ], [ -39.94684592, -18.49444105 ], [ -39.94683147, -18.49446439 ], [ -39.94674386, -18.49461438 ], [ -39.94663969, -18.49479692 ], [ -39.94657091, -18.49491554 ], [ -39.94652402, -18.49499406 ], [ -39.94649272, -18.49505003 ] ] } },
{ "type": "Feature", "properties": { }, "geometry": { "type": "LineString", "coordinates": [ [ -39.94912654, -18.49048039 ], [ -39.9490629, -18.49059126 ], [ -39.94887428, -18.49091514 ], [ -39.94884273, -18.49097078 ], [ -39.94875909, -18.49111253 ], [ -39.94871852, -18.49118406 ], [ -39.9486179, -18.49135815 ], [ -39.94854893, -18.49147667 ], [ -39.94852999, -18.49150797 ], [ -39.94842509, -18.49169014 ], [ -39.94837869, -18.49176893 ], [ -39.94832881, -18.4918562 ], [ -39.94819482, -18.49208498 ], [ -39.94805811, -18.49232265 ], [ -39.94799336, -18.49243306 ], [ -39.94794831, -18.49251255 ], [ -39.94788801, -18.49261498 ], [ -39.94782445, -18.49272602 ], [ -39.94781137, -18.49275009 ], [ -39.94771405, -18.4929156 ], [ -39.94766399, -18.49300278 ], [ -39.9476222, -18.49307367 ], [ -39.9475771, -18.49315314 ], [ -39.94754445, -18.4932082 ], [ -39.94745771, -18.49335864 ], [ -39.94744332, -18.49338202 ], [ -39.94741211, -18.49343783 ], [ -39.94736538, -18.49351644 ], [ -39.94733384, -18.49357208 ], [ -39.94730117, -18.49362713 ], [ -39.94724649, -18.4937222 ], [ -39.94720909, -18.49378507 ], [ -39.94717318, -18.49384874 ], [ -39.94712694, -18.49392761 ], [ -39.94709543, -18.49398326 ], [ -39.94699797, -18.49414871 ], [ -39.94693453, -18.4942598 ], [ -39.94673641, -18.49459932 ], [ -39.94668242, -18.49469475 ], [ -39.94662761, -18.49478976 ], [ -39.94659655, -18.49484564 ], [ -39.94653561, -18.49494773 ], [ -39.94648013, -18.49504246 ] ] } },
{ "type": "Feature", "properties": { }, "geometry": { "type": "LineString", "coordinates": [ [ -39.94911042, -18.4904809 ], [ -39.94903274, -18.49061554 ], [ -39.94901375, -18.49064682 ], [ -39.948918, -18.49081316 ], [ -39.94886228, -18.49090768 ], [ -39.94883093, -18.49096342 ], [ -39.94875666, -18.49108946 ], [ -39.94870221, -18.49118465 ], [ -39.94856876, -18.49141372 ], [ -39.94849613, -18.49154062 ], [ -39.94845422, -18.49161145 ], [ -39.94835366, -18.49178558 ], [ -39.94834399, -18.49180112 ], [ -39.94828028, -18.49191208 ], [ -39.94820142, -18.49204602 ], [ -39.94814237, -18.49214911 ], [ -39.948087, -18.49224382 ], [ -39.94805557, -18.49229952 ], [ -39.9480046, -18.49238622 ], [ -39.94794563, -18.49248935 ], [ -39.94789455, -18.49257599 ], [ -39.94781704, -18.49271065 ], [ -39.94779025, -18.49275847 ], [ -39.94769739, -18.49291601 ], [ -39.94765214, -18.4929954 ], [ -39.9476059, -18.49307427 ], [ -39.94757902, -18.49312204 ], [ -39.94743591, -18.49336666 ], [ -39.94740008, -18.49343037 ], [ -39.94727547, -18.49364344 ], [ -39.94723017, -18.49372281 ], [ -39.94718826, -18.49379363 ], [ -39.94715691, -18.49384937 ], [ -39.94710139, -18.493944 ], [ -39.94707437, -18.4939917 ], [ -39.94703238, -18.49406248 ], [ -39.94699619, -18.494126 ], [ -39.94696344, -18.494181 ], [ -39.94691815, -18.49426038 ], [ -39.94680772, -18.49444995 ], [ -39.94674264, -18.49456018 ], [ -39.94667095, -18.49468758 ], [ -39.94664315, -18.49473487 ], [ -39.94660714, -18.49479848 ], [ -39.94656065, -18.49487722 ], [ -39.94654734, -18.49490117 ], [ -39.94649589, -18.49498761 ], [ -39.94646847, -18.49503546 ] ] } },
{ "type": "Feature", "properties": { }, "geometry": { "type": "LineString", "coordinates": [ [ -39.94909382, -18.49048142 ], [ -39.94892348, -18.4907739 ], [ -39.94887818, -18.49085327 ], [ -39.94884987, -18.49090028 ], [ -39.94881412, -18.49096403 ], [ -39.94875848, -18.49105859 ], [ -39.94869028, -18.49117751 ], [ -39.94867141, -18.49120885 ], [ -39.94856113, -18.49139851 ], [ -39.94853886, -18.49143838 ], [ -39.94835977, -18.49174664 ], [ -39.9483373, -18.49178642 ], [ -39.94829074, -18.49186511 ], [ -39.94817629, -18.4920629 ], [ -39.94815285, -18.49210216 ], [ -39.9481212, -18.49215774 ], [ -39.94807938, -18.49222862 ], [ -39.94803887, -18.49230018 ], [ -39.947988, -18.49238693 ], [ -39.94793364, -18.49248217 ], [ -39.94785038, -18.49262412 ], [ -39.94775056, -18.49279864 ], [ -39.94767602, -18.49292453 ], [ -39.94763088, -18.49300398 ], [ -39.94760263, -18.49305103 ], [ -39.94754297, -18.4931538 ], [ -39.94750263, -18.49322545 ], [ -39.94746513, -18.49328828 ], [ -39.94737826, -18.49343865 ], [ -39.94736407, -18.49346214 ], [ -39.94732803, -18.49352573 ], [ -39.94718075, -18.49377848 ], [ -39.94713592, -18.49385809 ], [ -39.94709848, -18.49392094 ], [ -39.94699796, -18.4940951 ], [ -39.94695125, -18.49417372 ], [ -39.94684611, -18.49435576 ], [ -39.94673052, -18.49455294 ], [ -39.9466499, -18.49469627 ], [ -39.94662647, -18.49473554 ], [ -39.94659035, -18.49479909 ], [ -39.94649275, -18.49496445 ], [ -39.94645667, -18.49502836 ] ] } },
{ "type": "Feature", "properties": { }, "geometry": { "type": "LineString", "coordinates": [ [ -39.94907786, -18.49048191 ], [ -39.94903649, -18.49055391 ], [ -39.94894835, -18.49070361 ], [ -39.94867361, -18.49117826 ], [ -39.94859491, -18.49131229 ], [ -39.9485364, -18.49141566 ], [ -39.94850819, -18.49146273 ], [ -39.94839429, -18.4916608 ], [ -39.94835681, -18.49172363 ], [ -39.94832079, -18.49178724 ], [ -39.94827877, -18.49185801 ], [ -39.94820126, -18.49199267 ], [ -39.9481318, -18.49211092 ], [ -39.9481096, -18.49215083 ], [ -39.9478522, -18.49259332 ], [ -39.94772946, -18.49280738 ], [ -39.94754917, -18.493115 ], [ -39.94750474, -18.49319481 ], [ -39.94745756, -18.49327317 ], [ -39.94742138, -18.49333669 ], [ -39.9473564, -18.49344698 ], [ -39.94732557, -18.49350298 ], [ -39.94728336, -18.49357365 ], [ -39.94726554, -18.49360555 ], [ -39.94720984, -18.49370008 ], [ -39.94711003, -18.4938746 ], [ -39.94707258, -18.49393745 ], [ -39.94698128, -18.49409582 ], [ -39.94694854, -18.49415082 ], [ -39.94691704, -18.49420649 ], [ -39.94686113, -18.4943009 ], [ -39.94682045, -18.49437238 ], [ -39.94679226, -18.49441946 ], [ -39.9467468, -18.49449874 ], [ -39.94671399, -18.49455371 ], [ -39.94663788, -18.4946891 ], [ -39.94661449, -18.49472839 ], [ -39.94658298, -18.49478405 ], [ -39.94655468, -18.49483107 ], [ -39.94652742, -18.49487865 ], [ -39.94648549, -18.49494946 ], [ -39.94644493, -18.4950213 ] ] } },
{ "type": "Feature", "properties": { }, "geometry": { "type": "LineString", "coordinates": [ [ -39.94906089, -18.49048245 ], [ -39.94900124, -18.4905863 ], [ -39.94887668, -18.4907994 ], [ -39.94884967, -18.49084711 ], [ -39.94882156, -18.49089423 ], [ -39.94879014, -18.49094993 ], [ -39.94874821, -18.49102075 ], [ -39.94861537, -18.49125014 ], [ -39.9485824, -18.49130502 ], [ -39.9485414, -18.49137633 ], [ -39.94852829, -18.49140038 ], [ -39.94844107, -18.49155057 ], [ -39.94838219, -18.49165375 ], [ -39.94826667, -18.49185097 ], [ -39.94823499, -18.49190654 ], [ -39.94805565, -18.49221466 ], [ -39.94792331, -18.49244431 ], [ -39.94778072, -18.49268921 ], [ -39.94774075, -18.49276105 ], [ -39.9476249, -18.49295809 ], [ -39.94757007, -18.49305308 ], [ -39.94754632, -18.49309217 ], [ -39.94749232, -18.4931876 ], [ -39.94746013, -18.4932429 ], [ -39.94744102, -18.49327411 ], [ -39.94742321, -18.49330602 ], [ -39.94735831, -18.49341635 ], [ -39.9473089, -18.49350386 ], [ -39.9472341, -18.49362962 ], [ -39.94718007, -18.49372503 ], [ -39.94714766, -18.49378022 ], [ -39.94709335, -18.49387547 ], [ -39.9470605, -18.49393043 ], [ -39.94690505, -18.49419952 ], [ -39.94686294, -18.49427024 ], [ -39.94680398, -18.49437337 ], [ -39.9467067, -18.49453891 ], [ -39.94663003, -18.494674 ], [ -39.94657058, -18.49477689 ], [ -39.94652828, -18.4948475 ], [ -39.94651503, -18.49487148 ], [ -39.94646409, -18.4949582 ], [ -39.94643263, -18.49501392 ] ] } },
{ "type": "Feature", "properties": { }, "geometry": { "type": "LineString", "coordinates": [ [ -39.9490451, -18.49048294 ], [ -39.9490171, -18.49052951 ], [ -39.94892586, -18.49068791 ], [ -39.94884731, -18.49082201 ], [ -39.94878851, -18.49092524 ], [ -39.94874163, -18.49100376 ], [ -39.94871011, -18.49105941 ], [ -39.94864541, -18.49116985 ], [ -39.94860919, -18.49123335 ], [ -39.94858073, -18.49128029 ], [ -39.94854884, -18.49133575 ], [ -39.94853001, -18.49136712 ], [ -39.94846727, -18.49147858 ], [ -39.9484164, -18.49156533 ], [ -39.94836197, -18.49166053 ], [ -39.94831072, -18.49174708 ], [ -39.94817364, -18.49198456 ], [ -39.94804438, -18.49220551 ], [ -39.94799916, -18.49228491 ], [ -39.94777914, -18.49266451 ], [ -39.94772048, -18.4927678 ], [ -39.94766453, -18.4928622 ], [ -39.94756363, -18.49303615 ], [ -39.94753095, -18.49309119 ], [ -39.9475035, -18.49313867 ], [ -39.94749037, -18.49316271 ], [ -39.94744892, -18.49323379 ], [ -39.94739291, -18.49332815 ], [ -39.94730262, -18.49348704 ], [ -39.94722322, -18.49362069 ], [ -39.94709161, -18.49385073 ], [ -39.94704006, -18.49393711 ], [ -39.94697185, -18.49405602 ], [ -39.94683393, -18.49429306 ], [ -39.94681153, -18.49433287 ], [ -39.94669583, -18.49452999 ], [ -39.94660082, -18.49469672 ], [ -39.94652647, -18.49482272 ], [ -39.9464204, -18.49500657 ] ] } },
{ "type": "Feature", "properties": { }, "geometry": { "type": "LineString", "coordinates": [ [ -39.94902866, -18.49048345 ], [ -39.94900089, -18.49053015 ], [ -39.94897436, -18.4905781 ], [ -39.9489415, -18.49063304 ], [ -39.94887268, -18.49075164 ], [ -39.94884902, -18.49079078 ], [ -39.94878582, -18.490902 ], [ -39.94872985, -18.49099639 ], [ -39.94861119, -18.49120228 ], [ -39.94855525, -18.49129668 ], [ -39.94839529, -18.49157371 ], [ -39.94835921, -18.49163729 ], [ -39.94826691, -18.49179513 ], [ -39.94817582, -18.4919536 ], [ -39.94812003, -18.49204808 ], [ -39.94806053, -18.49215094 ], [ -39.94803691, -18.4921901 ], [ -39.94803232, -18.49219801 ], [ -39.94790955, -18.49241205 ], [ -39.94786794, -18.49248303 ], [ -39.94779557, -18.49261008 ], [ -39.94777207, -18.49264931 ], [ -39.94769462, -18.49278399 ], [ -39.94765227, -18.49285458 ], [ -39.94762527, -18.49290229 ], [ -39.9475468, -18.49303645 ], [ -39.94747414, -18.49316334 ], [ -39.94737193, -18.49333659 ], [ -39.94728628, -18.4934876 ], [ -39.94721142, -18.49361332 ], [ -39.9471018, -18.49380333 ], [ -39.94706147, -18.49387498 ], [ -39.94700991, -18.49396137 ], [ -39.94697377, -18.49402491 ], [ -39.9469227, -18.49411155 ], [ -39.94677659, -18.49436492 ], [ -39.94671132, -18.49447505 ], [ -39.94655703, -18.49474475 ], [ -39.94651018, -18.49482329 ], [ -39.94647437, -18.49488701 ], [ -39.94644127, -18.49494182 ], [ -39.94640832, -18.4949993 ] ] } },
{ "type": "Feature", "properties": { }, "geometry": { "type": "LineString", "coordinates": [ [ -39.94901251, -18.49048396 ], [ -39.94899867, -18.49050702 ], [ -39.94895798, -18.49057849 ], [ -39.94891113, -18.49065704 ], [ -39.94886093, -18.49074414 ], [ -39.94882814, -18.49079912 ], [ -39.94875564, -18.4909261 ], [ -39.94871312, -18.49099659 ], [ -39.94865906, -18.49109198 ], [ -39.94845618, -18.49143931 ], [ -39.94837006, -18.49159008 ], [ -39.94823724, -18.49181948 ], [ -39.94819548, -18.49189039 ], [ -39.94817305, -18.49193018 ], [ -39.94800235, -18.4922222 ], [ -39.9479754, -18.49226994 ], [ -39.94795667, -18.49230136 ], [ -39.94793891, -18.49233329 ], [ -39.94793436, -18.49234122 ], [ -39.94786065, -18.49246756 ], [ -39.94781583, -18.49254717 ], [ -39.9477603, -18.49264179 ], [ -39.94772893, -18.49269752 ], [ -39.94770551, -18.49273679 ], [ -39.94769202, -18.49276065 ], [ -39.94768737, -18.49276853 ], [ -39.94764029, -18.49284694 ], [ -39.947609, -18.49290271 ], [ -39.9475444, -18.4930132 ], [ -39.94748546, -18.49311635 ], [ -39.94732372, -18.49339245 ], [ -39.9472742, -18.49347991 ], [ -39.94719519, -18.49361377 ], [ -39.9471681, -18.49366144 ], [ -39.94707142, -18.49382729 ], [ -39.94704015, -18.49388307 ], [ -39.94699309, -18.4939615 ], [ -39.94693886, -18.49405681 ], [ -39.94691532, -18.49409601 ], [ -39.9468519, -18.49420712 ], [ -39.94678235, -18.49432533 ], [ -39.94672787, -18.4944205 ], [ -39.94669473, -18.4944753 ], [ -39.94663623, -18.49457867 ], [ -39.94658562, -18.49466556 ], [ -39.94654986, -18.4947293 ], [ -39.94649832, -18.49481569 ], [ -39.94645769, -18.49488719 ], [ -39.94641994, -18.49494988 ], [ -39.94639664, -18.49499228 ] ] } },
{ "type": "Feature", "properties": { }, "geometry": { "type": "LineString", "coordinates": [ [ -39.94899545, -18.49048449 ], [ -39.94881115, -18.49079972 ], [ -39.94876145, -18.49088708 ], [ -39.94871019, -18.49097362 ], [ -39.94865579, -18.49106885 ], [ -39.94860869, -18.49114725 ], [ -39.94856347, -18.49122665 ], [ -39.94853046, -18.49128152 ], [ -39.94848935, -18.49135276 ], [ -39.94846131, -18.49139993 ], [ -39.94843004, -18.49145571 ], [ -39.94837487, -18.49155052 ], [ -39.94833921, -18.49161431 ], [ -39.94825069, -18.49176381 ], [ -39.94819638, -18.49185907 ], [ -39.94818225, -18.49188259 ], [ -39.94817769, -18.49189051 ], [ -39.94812364, -18.49198591 ], [ -39.94806296, -18.49208814 ], [ -39.9480087, -18.49218342 ], [ -39.9479489, -18.49228612 ], [ -39.94792217, -18.49233397 ], [ -39.94789888, -18.49237332 ], [ -39.94787214, -18.49242116 ], [ -39.9478303, -18.49249202 ], [ -39.94777632, -18.49258746 ], [ -39.94774834, -18.49263465 ], [ -39.94771205, -18.49269812 ], [ -39.94762368, -18.49284769 ], [ -39.94756491, -18.49295093 ], [ -39.94749562, -18.49306927 ], [ -39.94746879, -18.49311707 ], [ -39.94741722, -18.49320345 ], [ -39.94737098, -18.49328232 ], [ -39.94734396, -18.49333002 ], [ -39.94730185, -18.49340073 ], [ -39.9472435, -18.49350419 ], [ -39.9472389, -18.49351209 ], [ -39.94712753, -18.49370117 ], [ -39.94710064, -18.49374893 ], [ -39.94701786, -18.49389114 ], [ -39.94699423, -18.4939303 ], [ -39.94692663, -18.49404953 ], [ -39.94689864, -18.49409671 ], [ -39.94680729, -18.49425505 ], [ -39.9467472, -18.4943576 ], [ -39.94672505, -18.49439753 ], [ -39.94666437, -18.49449976 ], [ -39.946624, -18.4945714 ], [ -39.94657338, -18.49465828 ], [ -39.94655111, -18.49469816 ], [ -39.94650893, -18.49476884 ], [ -39.94645881, -18.49485599 ], [ -39.94640774, -18.49494263 ], [ -39.94638435, -18.4949849 ] ] } },
{ "type": "Feature", "properties": { }, "geometry": { "type": "LineString", "coordinates": [ [ -39.94897891, -18.49048501 ], [ -39.94892447, -18.49057961 ], [ -39.9488871, -18.4906425 ], [ -39.94885533, -18.49069802 ], [ -39.94877199, -18.49083993 ], [ -39.94874508, -18.49088769 ], [ -39.9486986, -18.49096643 ], [ -39.94865842, -18.49103816 ], [ -39.94858314, -18.49116365 ], [ -39.94854242, -18.49123511 ], [ -39.94844919, -18.49139244 ], [ -39.94842251, -18.49144031 ], [ -39.94837642, -18.49151926 ], [ -39.94831323, -18.49163049 ], [ -39.94824323, -18.49174845 ], [ -39.94816075, -18.49189082 ], [ -39.94814321, -18.49192286 ], [ -39.94813868, -18.49193079 ], [ -39.94803728, -18.49210449 ], [ -39.94791001, -18.49232648 ], [ -39.94788211, -18.49237372 ], [ -39.94785089, -18.49242953 ], [ -39.94781843, -18.49248468 ], [ -39.94776418, -18.49257998 ], [ -39.94766323, -18.49275391 ], [ -39.94758436, -18.49288785 ], [ -39.9475299, -18.49298303 ], [ -39.94749257, -18.49304595 ], [ -39.94745235, -18.49311766 ], [ -39.94736367, -18.49326707 ], [ -39.94730895, -18.49336212 ], [ -39.94727161, -18.49342503 ], [ -39.94720853, -18.49353631 ], [ -39.94714414, -18.49364691 ], [ -39.94711119, -18.49370181 ], [ -39.94708877, -18.49374161 ], [ -39.94705165, -18.49380464 ], [ -39.94703387, -18.49383656 ], [ -39.9470293, -18.49384447 ], [ -39.94695059, -18.4939785 ], [ -39.94690586, -18.49405816 ], [ -39.94685992, -18.49413719 ], [ -39.94683167, -18.49418423 ], [ -39.94682709, -18.49419214 ], [ -39.94674576, -18.49433511 ], [ -39.94664793, -18.49450034 ], [ -39.94660753, -18.49457196 ], [ -39.94657059, -18.49463509 ], [ -39.94653901, -18.49469071 ], [ -39.94649702, -18.49476149 ], [ -39.94644235, -18.49485657 ], [ -39.94640023, -18.49492728 ], [ -39.94637202, -18.49497749 ] ] } },
{ "type": "Feature", "properties": { }, "geometry": { "type": "LineString", "coordinates": [ [ -39.94896225, -18.49048553 ], [ -39.9489128, -18.49057243 ], [ -39.94887101, -18.49064332 ], [ -39.94884403, -18.49069104 ], [ -39.94880225, -18.49076194 ], [ -39.94878881, -18.49078583 ], [ -39.94878418, -18.49079371 ], [ -39.94876058, -18.49083289 ], [ -39.94873821, -18.49087271 ], [ -39.94870578, -18.49092788 ], [ -39.94863768, -18.49104685 ], [ -39.94857207, -18.4911568 ], [ -39.94853565, -18.4912202 ], [ -39.94847016, -18.49133021 ], [ -39.94842488, -18.49140958 ], [ -39.94840612, -18.49144099 ], [ -39.94832377, -18.49158342 ], [ -39.94829692, -18.49163121 ], [ -39.94825501, -18.49170203 ], [ -39.94821872, -18.4917655 ], [ -39.94819978, -18.49179681 ], [ -39.94819526, -18.49180475 ], [ -39.94817766, -18.49183676 ], [ -39.9481731, -18.49184468 ], [ -39.94807118, -18.49201809 ], [ -39.94800325, -18.49213715 ], [ -39.94792492, -18.49227137 ], [ -39.94790251, -18.49231118 ], [ -39.94786987, -18.49236624 ], [ -39.9478342, -18.49243003 ], [ -39.9478017, -18.49248516 ], [ -39.94774761, -18.49258054 ], [ -39.94769194, -18.49267509 ], [ -39.9476556, -18.49273853 ], [ -39.94758177, -18.4928648 ], [ -39.94750461, -18.49299964 ], [ -39.94746769, -18.49306278 ], [ -39.94743643, -18.49311857 ], [ -39.94734257, -18.49327556 ], [ -39.94733797, -18.49328346 ], [ -39.94722437, -18.49348169 ], [ -39.9471825, -18.49355253 ], [ -39.94712778, -18.49364758 ], [ -39.94709496, -18.49370255 ], [ -39.94697188, -18.49391644 ], [ -39.94694838, -18.49395566 ], [ -39.9469438, -18.49396357 ], [ -39.94690316, -18.49403507 ], [ -39.94681531, -18.49418493 ], [ -39.94678865, -18.49423281 ], [ -39.94674289, -18.49431194 ], [ -39.94664083, -18.49448527 ], [ -39.94651756, -18.49469905 ], [ -39.9464348, -18.49484127 ], [ -39.94638348, -18.49492778 ], [ -39.9463744, -18.49494365 ], [ -39.9463602, -18.49497039 ] ] } },
{ "type": "Feature", "properties": { }, "geometry": { "type": "LineString", "coordinates": [ [ -39.94667271, -18.49499278 ], [ -39.94669539, -18.49495543 ], [ -39.94671378, -18.49492383 ], [ -39.94672273, -18.4949079 ], [ -39.94674436, -18.49486771 ], [ -39.9467488, -18.49485973 ], [ -39.94675353, -18.49485189 ], [ -39.94676824, -18.4948287 ], [ -39.9467728, -18.49482078 ], [ -39.94679029, -18.49478872 ], [ -39.94681299, -18.49474906 ], [ -39.94682234, -18.49473334 ], [ -39.94683682, -18.49471002 ], [ -39.94684145, -18.49470213 ], [ -39.94686843, -18.49465441 ], [ -39.94687305, -18.49464652 ], [ -39.94688791, -18.49462342 ], [ -39.94689224, -18.49461538 ], [ -39.94689638, -18.49460726 ], [ -39.9469009, -18.49459932 ], [ -39.94691025, -18.4945836 ], [ -39.94694128, -18.4945277 ], [ -39.94696928, -18.49448052 ], [ -39.9469825, -18.49445652 ], [ -39.94700993, -18.49440903 ], [ -39.94701934, -18.49439334 ], [ -39.94703389, -18.49437006 ], [ -39.94703844, -18.49436214 ], [ -39.94706033, -18.49432207 ], [ -39.94707445, -18.49429854 ], [ -39.9470789, -18.49429056 ], [ -39.94709172, -18.49426637 ], [ -39.94710524, -18.49424253 ], [ -39.94710992, -18.49423467 ], [ -39.94711978, -18.49421924 ], [ -39.94713326, -18.49419538 ], [ -39.94714707, -18.49417168 ], [ -39.94716193, -18.49414858 ], [ -39.94717073, -18.49413258 ], [ -39.94717539, -18.49412471 ], [ -39.94718519, -18.49410925 ], [ -39.9471899, -18.49410141 ], [ -39.94720819, -18.49406975 ], [ -39.94721755, -18.49405403 ], [ -39.94722198, -18.49404605 ], [ -39.94723035, -18.49402983 ], [ -39.94723469, -18.4940218 ], [ -39.94724824, -18.49399797 ], [ -39.94732248, -18.49387192 ], [ -39.94735392, -18.49381622 ], [ -39.94737779, -18.4937772 ], [ -39.94738234, -18.49376927 ], [ -39.94740002, -18.4937373 ], [ -39.94740461, -18.4937294 ], [ -39.9474468, -18.49365873 ], [ -39.94747323, -18.49361073 ], [ -39.94748738, -18.49358722 ], [ -39.9475007, -18.49356327 ], [ -39.94750526, -18.49355535 ], [ -39.94757993, -18.49342953 ], [ -39.94761535, -18.49336562 ], [ -39.94762002, -18.49335775 ], [ -39.94764397, -18.49331877 ], [ -39.94764862, -18.4933109 ], [ -39.94774, -18.49315258 ], [ -39.94775797, -18.49312076 ], [ -39.94778692, -18.49307162 ] ] } },
{ "type": "Feature", "properties": { }, "geometry": { "type": "LineString", "coordinates": [ [ -39.94873207, -18.49049273 ], [ -39.94869412, -18.49055534 ], [ -39.94866749, -18.49060324 ], [ -39.94860652, -18.49070531 ], [ -39.94855238, -18.49080066 ], [ -39.9484826, -18.49091874 ], [ -39.94845167, -18.49097469 ], [ -39.94836359, -18.49112442 ], [ -39.94831418, -18.49121194 ], [ -39.94826706, -18.49129034 ], [ -39.94823085, -18.49135384 ], [ -39.94821382, -18.49138613 ], [ -39.94818606, -18.49143345 ], [ -39.94815226, -18.49148787 ], [ -39.9481211, -18.4915437 ], [ -39.94811576, -18.49155117 ], [ -39.94809327, -18.49159094 ], [ -39.94806954, -18.49163004 ], [ -39.94803875, -18.49168607 ], [ -39.94799689, -18.49175691 ], [ -39.94797906, -18.49178881 ], [ -39.94793668, -18.49185938 ], [ -39.9478828, -18.49195487 ], [ -39.94777625, -18.49213616 ], [ -39.94769011, -18.49228692 ], [ -39.94764355, -18.49236561 ], [ -39.94763037, -18.49238963 ], [ -39.94761588, -18.49241296 ], [ -39.94759392, -18.49245299 ], [ -39.94755602, -18.49251559 ], [ -39.94751119, -18.4925952 ], [ -39.94745552, -18.49268975 ], [ -39.94734154, -18.49288777 ], [ -39.94731341, -18.49293489 ], [ -39.94730032, -18.49295895 ], [ -39.94728127, -18.4929902 ], [ -39.94724994, -18.49304595 ], [ -39.94712063, -18.49326687 ], [ -39.947085, -18.49333068 ], [ -39.94705221, -18.49338566 ], [ -39.94701639, -18.49344937 ], [ -39.94693739, -18.49358324 ], [ -39.94691966, -18.49361519 ], [ -39.94690057, -18.49364641 ], [ -39.94683306, -18.49376568 ], [ -39.94675399, -18.49389951 ], [ -39.94671816, -18.49396322 ], [ -39.94667576, -18.49403378 ], [ -39.94660354, -18.49416089 ], [ -39.9465569, -18.49423955 ], [ -39.94652081, -18.49430312 ], [ -39.9464786, -18.49437378 ], [ -39.94643371, -18.49445336 ], [ -39.94638721, -18.49453209 ], [ -39.94630524, -18.49467472 ], [ -39.94619088, -18.49486863 ] ] } },
{ "type": "Feature", "properties": { }, "geometry": { "type": "LineString", "coordinates": [ [ -39.94871511, -18.49049326 ], [ -39.94868242, -18.49054768 ], [ -39.94864617, -18.49061117 ], [ -39.94861345, -18.49066619 ], [ -39.9485771, -18.49072962 ], [ -39.94852613, -18.49081632 ], [ -39.94843972, -18.49096694 ], [ -39.94837479, -18.49107725 ], [ -39.94830225, -18.4912042 ], [ -39.94825064, -18.49129056 ], [ -39.94819271, -18.49139423 ], [ -39.94818814, -18.49140214 ], [ -39.94813615, -18.49148829 ], [ -39.94810455, -18.4915439 ], [ -39.94804431, -18.49164636 ], [ -39.94801321, -18.49170223 ], [ -39.9479202, -18.49185968 ], [ -39.94782025, -18.49203413 ], [ -39.94771411, -18.49221564 ], [ -39.94767799, -18.4922792 ], [ -39.94765449, -18.49231843 ], [ -39.94760987, -18.49239814 ], [ -39.94754427, -18.49250809 ], [ -39.94749924, -18.4925876 ], [ -39.94744836, -18.49267435 ], [ -39.94741233, -18.49273794 ], [ -39.94740773, -18.49274585 ], [ -39.9473841, -18.492785 ], [ -39.94735192, -18.49284031 ], [ -39.94732958, -18.49288015 ], [ -39.94730146, -18.49292728 ], [ -39.94724677, -18.49302234 ], [ -39.94722903, -18.49305428 ], [ -39.9471683, -18.49315648 ], [ -39.94698598, -18.49347335 ], [ -39.94693422, -18.49355963 ], [ -39.94684341, -18.49371824 ], [ -39.94681542, -18.49376543 ], [ -39.94679755, -18.49379731 ], [ -39.94674671, -18.49388408 ], [ -39.94670593, -18.4939555 ], [ -39.94665937, -18.4940342 ], [ -39.94653624, -18.49424805 ], [ -39.94648961, -18.49432672 ], [ -39.94642175, -18.49444581 ], [ -39.94635223, -18.49456403 ], [ -39.94632083, -18.49461975 ], [ -39.94627873, -18.49469047 ], [ -39.94619597, -18.49483268 ], [ -39.94617856, -18.49486122 ] ] } },
{ "type": "Feature", "properties": { }, "geometry": { "type": "LineString", "coordinates": [ [ -39.94869829, -18.49049379 ], [ -39.94868483, -18.49051706 ], [ -39.94865622, -18.49056391 ], [ -39.94854638, -18.4907538 ], [ -39.94851366, -18.49080882 ], [ -39.94842748, -18.49095955 ], [ -39.94839473, -18.49101455 ], [ -39.94830368, -18.49117305 ], [ -39.94824261, -18.49127507 ], [ -39.94821543, -18.49132268 ], [ -39.948211, -18.49133067 ], [ -39.94820257, -18.49134686 ], [ -39.94819816, -18.49135485 ], [ -39.94818392, -18.49137831 ], [ -39.9481614, -18.49141806 ], [ -39.94812843, -18.49147295 ], [ -39.9480923, -18.49153649 ], [ -39.94805045, -18.49160735 ], [ -39.94802772, -18.49164699 ], [ -39.94801022, -18.49167905 ], [ -39.94800572, -18.491687 ], [ -39.94798212, -18.49172618 ], [ -39.94794581, -18.49178964 ], [ -39.94791739, -18.49183659 ], [ -39.94783554, -18.49197929 ], [ -39.94775695, -18.49211337 ], [ -39.9477524, -18.4921213 ], [ -39.94773469, -18.49215325 ], [ -39.94770674, -18.49220047 ], [ -39.94767503, -18.49225602 ], [ -39.94764232, -18.49231104 ], [ -39.94760201, -18.49238271 ], [ -39.94754125, -18.49248489 ], [ -39.94749609, -18.49256433 ], [ -39.9474915, -18.49257223 ], [ -39.94746798, -18.49261145 ], [ -39.94740021, -18.49273059 ], [ -39.9473956, -18.49273849 ], [ -39.94737655, -18.49276973 ], [ -39.94733505, -18.49284078 ], [ -39.9472578, -18.49297558 ], [ -39.94721554, -18.49304621 ], [ -39.94712923, -18.49319687 ], [ -39.94709664, -18.49325197 ], [ -39.94701905, -18.49338659 ], [ -39.94699089, -18.49343368 ], [ -39.94696408, -18.49348149 ], [ -39.94691725, -18.49356004 ], [ -39.94685865, -18.49366337 ], [ -39.94680739, -18.49374991 ], [ -39.94675332, -18.49384529 ], [ -39.94671634, -18.4939084 ], [ -39.94668469, -18.49396399 ], [ -39.94664261, -18.49403472 ], [ -39.94662473, -18.49406659 ], [ -39.94651901, -18.49424832 ], [ -39.94649076, -18.49429537 ], [ -39.94641355, -18.49443019 ], [ -39.94633066, -18.49457233 ], [ -39.94629002, -18.49464383 ], [ -39.94620166, -18.49479341 ], [ -39.94619709, -18.49480133 ], [ -39.94617948, -18.49483334 ], [ -39.94617494, -18.49484127 ], [ -39.94616697, -18.49485425 ] ] } },
{ "type": "Feature", "properties": { }, "geometry": { "type": "LineString", "coordinates": [ [ -39.94868202, -18.49049429 ], [ -39.94864466, -18.49055658 ], [ -39.94855706, -18.49070657 ], [ -39.94847452, -18.4908489 ], [ -39.94842527, -18.4909365 ], [ -39.94837355, -18.49102279 ], [ -39.94829649, -18.49115769 ], [ -39.94824954, -18.49123617 ], [ -39.94819913, -18.49132317 ], [ -39.94818627, -18.49134735 ], [ -39.94818156, -18.49135519 ], [ -39.94816217, -18.49138624 ], [ -39.94815756, -18.49139414 ], [ -39.94810781, -18.49148148 ], [ -39.9480292, -18.49161556 ], [ -39.94800258, -18.49166346 ], [ -39.9479747, -18.49171071 ], [ -39.94794337, -18.49176646 ], [ -39.94789646, -18.49184497 ], [ -39.94785054, -18.49192401 ], [ -39.94781946, -18.49197989 ], [ -39.94781489, -18.4919878 ], [ -39.9477539, -18.49208986 ], [ -39.94771824, -18.49215365 ], [ -39.94763492, -18.49229557 ], [ -39.94759046, -18.49237536 ], [ -39.94758207, -18.49239157 ], [ -39.94757738, -18.49239942 ], [ -39.94754328, -18.49245367 ], [ -39.94751547, -18.49250096 ], [ -39.94739754, -18.49270723 ], [ -39.94738821, -18.49272296 ], [ -39.94735979, -18.49276991 ], [ -39.94731387, -18.49284895 ], [ -39.94726924, -18.49292866 ], [ -39.94719911, -18.49304655 ], [ -39.94713584, -18.49315774 ], [ -39.9470798, -18.49325209 ], [ -39.94702559, -18.4933474 ], [ -39.94701633, -18.49336317 ], [ -39.94698817, -18.49341027 ], [ -39.9469836, -18.49341819 ], [ -39.94695224, -18.49347392 ], [ -39.9468959, -18.4935681 ], [ -39.94689135, -18.49357603 ], [ -39.94687405, -18.49360819 ], [ -39.9467954, -18.49374224 ], [ -39.94677809, -18.4937744 ], [ -39.94674517, -18.49382931 ], [ -39.94668188, -18.49394049 ], [ -39.9466584, -18.49397973 ], [ -39.94664982, -18.49399584 ], [ -39.94661256, -18.49405879 ], [ -39.94659934, -18.49408279 ], [ -39.94653397, -18.49419287 ], [ -39.94640167, -18.49442254 ], [ -39.94635515, -18.49450126 ], [ -39.94627351, -18.49464406 ], [ -39.94620334, -18.49476194 ], [ -39.9461942, -18.49477777 ], [ -39.9461898, -18.49478577 ], [ -39.94616816, -18.49482596 ], [ -39.94615532, -18.49484725 ] ] } },
{ "type": "Feature", "properties": { }, "geometry": { "type": "LineString", "coordinates": [ [ -39.94866543, -18.49049481 ], [ -39.9485487, -18.49069294 ], [ -39.94841224, -18.49093074 ], [ -39.94836081, -18.49101719 ], [ -39.94833849, -18.49105705 ], [ -39.94823709, -18.49123073 ], [ -39.94820999, -18.4912784 ], [ -39.94820617, -18.49128667 ], [ -39.94820177, -18.49129467 ], [ -39.94819709, -18.49130253 ], [ -39.94818714, -18.49131791 ], [ -39.94818248, -18.49132577 ], [ -39.94817364, -18.49134176 ], [ -39.94814076, -18.49139669 ], [ -39.94813618, -18.4914046 ], [ -39.94810048, -18.49146837 ], [ -39.9480959, -18.49147628 ], [ -39.94804411, -18.49156254 ], [ -39.94800306, -18.49163382 ], [ -39.9479808, -18.4916737 ], [ -39.94796209, -18.49170513 ], [ -39.94795755, -18.49171306 ], [ -39.94794439, -18.49173709 ], [ -39.94793988, -18.49174504 ], [ -39.94785164, -18.49189468 ], [ -39.94780206, -18.49198211 ], [ -39.94774136, -18.49208433 ], [ -39.94767726, -18.49219508 ], [ -39.94761811, -18.49229812 ], [ -39.94758746, -18.49235421 ], [ -39.94758321, -18.49236229 ], [ -39.94757502, -18.49237859 ], [ -39.94757044, -18.4923865 ], [ -39.94755021, -18.49241706 ], [ -39.94754531, -18.4924248 ], [ -39.94751236, -18.49247969 ], [ -39.94744355, -18.49259829 ], [ -39.94739389, -18.49268567 ], [ -39.94734247, -18.49277213 ], [ -39.94725182, -18.49293084 ], [ -39.94724717, -18.49293871 ], [ -39.94722806, -18.49296992 ], [ -39.94722347, -18.49297783 ], [ -39.9472102, -18.4930018 ], [ -39.94715921, -18.49308849 ], [ -39.94709095, -18.49320738 ], [ -39.94705351, -18.49327023 ], [ -39.94696713, -18.49342086 ], [ -39.94689756, -18.49353905 ], [ -39.94682922, -18.4936579 ], [ -39.94678301, -18.49373678 ], [ -39.946756, -18.49378449 ], [ -39.94670044, -18.49387909 ], [ -39.94669593, -18.49388704 ], [ -39.94667839, -18.49391908 ], [ -39.94667383, -18.493927 ], [ -39.94665495, -18.49395834 ], [ -39.94658191, -18.49408504 ], [ -39.94650767, -18.49421109 ], [ -39.94648087, -18.49425891 ], [ -39.94644425, -18.4943222 ], [ -39.94638852, -18.49441671 ], [ -39.94630654, -18.49455934 ], [ -39.94628317, -18.49459864 ], [ -39.94623824, -18.4946782 ], [ -39.94623365, -18.4946861 ], [ -39.94618677, -18.49476463 ], [ -39.94614292, -18.4948398 ] ] } },
{ "type": "Feature", "properties": { }, "geometry": { "type": "LineString", "coordinates": [ [ -39.94864821, -18.49049535 ], [ -39.94863949, -18.4905108 ], [ -39.94862046, -18.49054206 ], [ -39.94859348, -18.49058978 ], [ -39.94854693, -18.49066848 ], [ -39.94846977, -18.49080332 ], [ -39.94840961, -18.49090583 ], [ -39.94838269, -18.49095358 ], [ -39.94835451, -18.49100067 ], [ -39.94832738, -18.49104831 ], [ -39.94829483, -18.49110342 ], [ -39.94822166, -18.49123004 ], [ -39.94819986, -18.49127016 ], [ -39.94819527, -18.49127806 ], [ -39.94817155, -18.49131717 ], [ -39.94816701, -18.4913251 ], [ -39.94815374, -18.49134908 ], [ -39.94814911, -18.49135696 ], [ -39.94812051, -18.49140382 ], [ -39.94811598, -18.49141175 ], [ -39.94808965, -18.49145981 ], [ -39.94808507, -18.49146771 ], [ -39.94803325, -18.49155395 ], [ -39.9479698, -18.49166505 ], [ -39.94795107, -18.49169647 ], [ -39.94794657, -18.49170442 ], [ -39.94793344, -18.49172846 ], [ -39.94792889, -18.49173639 ], [ -39.94784971, -18.49187016 ], [ -39.94775869, -18.49202867 ], [ -39.94773045, -18.49207573 ], [ -39.94768441, -18.4921547 ], [ -39.94760291, -18.49229758 ], [ -39.94758964, -18.49232155 ], [ -39.94757718, -18.49234592 ], [ -39.94757281, -18.49235393 ], [ -39.94756375, -18.49236981 ], [ -39.94754897, -18.49239296 ], [ -39.94752008, -18.49243965 ], [ -39.94743675, -18.49258157 ], [ -39.94738279, -18.49267701 ], [ -39.94731303, -18.4927951 ], [ -39.9472588, -18.49289041 ], [ -39.94718008, -18.49302442 ], [ -39.94713012, -18.49311166 ], [ -39.94710229, -18.49315893 ], [ -39.94707993, -18.49319877 ], [ -39.94705165, -18.4932458 ], [ -39.94704712, -18.49325373 ], [ -39.94703845, -18.4932698 ], [ -39.94703398, -18.49327777 ], [ -39.94699672, -18.49334073 ], [ -39.94695623, -18.49341229 ], [ -39.94685436, -18.49358573 ], [ -39.94674486, -18.4937758 ], [ -39.94669399, -18.49386255 ], [ -39.94666243, -18.49391819 ], [ -39.94650587, -18.49418669 ], [ -39.94642401, -18.49432939 ], [ -39.94638202, -18.49440016 ], [ -39.94637745, -18.49440808 ], [ -39.94634626, -18.4944639 ], [ -39.94627671, -18.49458211 ], [ -39.94619911, -18.49471672 ], [ -39.94613089, -18.49483257 ] ] } },
{ "type": "Feature", "properties": { }, "geometry": { "type": "LineString", "coordinates": [ [ -39.9486318, -18.49049586 ], [ -39.94860451, -18.49054283 ], [ -39.94858699, -18.49057488 ], [ -39.94850338, -18.49071664 ], [ -39.94846747, -18.4907803 ], [ -39.94843939, -18.49082744 ], [ -39.94841681, -18.49086716 ], [ -39.94839315, -18.4909063 ], [ -39.9483532, -18.49097815 ], [ -39.94832501, -18.49102523 ], [ -39.94827025, -18.49112026 ], [ -39.94824235, -18.4911675 ], [ -39.94823359, -18.49118352 ], [ -39.94820555, -18.49123068 ], [ -39.94816066, -18.49131026 ], [ -39.94813756, -18.4913497 ], [ -39.9481043, -18.49140443 ], [ -39.94807278, -18.49146009 ], [ -39.9480684, -18.4914681 ], [ -39.94806433, -18.49147626 ], [ -39.94806006, -18.49148432 ], [ -39.9480313, -18.49153109 ], [ -39.94800338, -18.49157832 ], [ -39.94790805, -18.49174488 ], [ -39.94790346, -18.49175278 ], [ -39.94787509, -18.49179977 ], [ -39.94782038, -18.49189482 ], [ -39.94781578, -18.49190272 ], [ -39.94779688, -18.49193405 ], [ -39.94774719, -18.49202142 ], [ -39.94770045, -18.49210003 ], [ -39.94768284, -18.49213203 ], [ -39.94759549, -18.49228215 ], [ -39.94756063, -18.49234634 ], [ -39.94755613, -18.49235429 ], [ -39.94752216, -18.49240862 ], [ -39.94744876, -18.49253512 ], [ -39.94742057, -18.4925822 ], [ -39.94737555, -18.49266171 ], [ -39.94733338, -18.49273239 ], [ -39.94720583, -18.49295424 ], [ -39.94715923, -18.49303292 ], [ -39.9471138, -18.49311222 ], [ -39.94709509, -18.49314365 ], [ -39.94707282, -18.49318353 ], [ -39.94704474, -18.49323067 ], [ -39.94702243, -18.49327053 ], [ -39.94697578, -18.49334917 ], [ -39.94686634, -18.49353927 ], [ -39.94680585, -18.4936416 ], [ -39.94676533, -18.49371316 ], [ -39.94676074, -18.49372106 ], [ -39.94674634, -18.49374443 ], [ -39.94671965, -18.4937923 ], [ -39.94667746, -18.49386298 ], [ -39.94662715, -18.49395003 ], [ -39.94662266, -18.49395799 ], [ -39.946614, -18.49397406 ], [ -39.94656739, -18.49405273 ], [ -39.94652204, -18.49413207 ], [ -39.9464434, -18.49426614 ], [ -39.94640289, -18.4943377 ], [ -39.94637009, -18.49439267 ], [ -39.94628824, -18.49453537 ], [ -39.94625088, -18.49459827 ], [ -39.9462055, -18.49467759 ], [ -39.94611901, -18.49482543 ] ] } },
{ "type": "Feature", "properties": { }, "geometry": { "type": "LineString", "coordinates": [ [ -39.94861585, -18.49049636 ], [ -39.94857576, -18.49056755 ], [ -39.94851971, -18.49066189 ], [ -39.94844242, -18.49079666 ], [ -39.94837293, -18.4909149 ], [ -39.948342, -18.49097085 ], [ -39.94830044, -18.49104186 ], [ -39.94827655, -18.49108088 ], [ -39.9482634, -18.49110491 ], [ -39.94821791, -18.49118418 ], [ -39.94818542, -18.49123932 ], [ -39.94814029, -18.49131877 ], [ -39.94808842, -18.49140499 ], [ -39.94807022, -18.49143668 ], [ -39.94804392, -18.49148475 ], [ -39.94802048, -18.49152402 ], [ -39.94799781, -18.49156369 ], [ -39.94796939, -18.49161064 ], [ -39.94794268, -18.4916585 ], [ -39.9479381, -18.49166641 ], [ -39.94792335, -18.49168958 ], [ -39.94783615, -18.49183979 ], [ -39.94783161, -18.49184772 ], [ -39.94781841, -18.49187173 ], [ -39.94774896, -18.49198998 ], [ -39.94765788, -18.49214846 ], [ -39.94761117, -18.49222707 ], [ -39.94754412, -18.49234659 ], [ -39.94747352, -18.49246422 ], [ -39.94737328, -18.49263852 ], [ -39.9473221, -18.49272511 ], [ -39.94731751, -18.49273301 ], [ -39.94729978, -18.49276496 ], [ -39.94725307, -18.49284358 ], [ -39.94718038, -18.49297045 ], [ -39.94713385, -18.49304916 ], [ -39.94706125, -18.49317609 ], [ -39.94694557, -18.49337322 ], [ -39.94690958, -18.49343684 ], [ -39.9468634, -18.49351574 ], [ -39.94684549, -18.4935476 ], [ -39.94679407, -18.49363405 ], [ -39.94674059, -18.49372974 ], [ -39.94666578, -18.49385549 ], [ -39.94660711, -18.49395878 ], [ -39.94657855, -18.49400565 ], [ -39.94649627, -18.49414812 ], [ -39.94648299, -18.49417209 ], [ -39.94642246, -18.4942744 ], [ -39.94638665, -18.49433811 ], [ -39.94630836, -18.49447236 ], [ -39.94628172, -18.49452026 ], [ -39.94623019, -18.49460665 ], [ -39.94617609, -18.49470203 ], [ -39.94612448, -18.49478838 ], [ -39.94611985, -18.49479626 ], [ -39.94610739, -18.49481845 ] ] } },
{ "type": "Feature", "properties": { }, "geometry": { "type": "LineString", "coordinates": [ [ -39.9485992, -18.49049688 ], [ -39.94856787, -18.49055204 ], [ -39.94847994, -18.49070185 ], [ -39.94840753, -18.49082887 ], [ -39.94836053, -18.49090733 ], [ -39.94832072, -18.49097925 ], [ -39.94825936, -18.4910811 ], [ -39.94822331, -18.49114469 ], [ -39.94820141, -18.49118475 ], [ -39.94817366, -18.49123207 ], [ -39.94815442, -18.49126321 ], [ -39.94811381, -18.49133472 ], [ -39.94806733, -18.49141347 ], [ -39.94804551, -18.49145357 ], [ -39.94793795, -18.49163432 ], [ -39.94790689, -18.49169021 ], [ -39.94786495, -18.49176102 ], [ -39.94782477, -18.49183275 ], [ -39.94772739, -18.49199822 ], [ -39.94769137, -18.49206183 ], [ -39.94764475, -18.4921405 ], [ -39.94762724, -18.49217255 ], [ -39.94759401, -18.49222729 ], [ -39.94752643, -18.49234653 ], [ -39.94746536, -18.49244854 ], [ -39.94744365, -18.4924887 ], [ -39.94740705, -18.492552 ], [ -39.94734265, -18.4926626 ], [ -39.9473189, -18.49270169 ], [ -39.94726905, -18.49278898 ], [ -39.94722669, -18.49285956 ], [ -39.94718665, -18.49293137 ], [ -39.94716309, -18.49297056 ], [ -39.94709453, -18.49308929 ], [ -39.94706647, -18.49313644 ], [ -39.94698951, -18.49327139 ], [ -39.94694298, -18.49335011 ], [ -39.9468977, -18.49342948 ], [ -39.94678655, -18.49361868 ], [ -39.94675094, -18.49368249 ], [ -39.9467002, -18.49376931 ], [ -39.94668232, -18.49380118 ], [ -39.94665364, -18.493848 ], [ -39.94660821, -18.49392729 ], [ -39.94656604, -18.49399798 ], [ -39.94645687, -18.49418822 ], [ -39.94641494, -18.49425903 ], [ -39.9463791, -18.49432273 ], [ -39.94633248, -18.49440139 ], [ -39.94628676, -18.49448054 ], [ -39.94626447, -18.49452041 ], [ -39.94621799, -18.49459915 ], [ -39.946182, -18.49466277 ], [ -39.94611643, -18.49477274 ], [ -39.94611179, -18.49478062 ], [ -39.94609475, -18.49481084 ] ] } },
{ "type": "Feature", "properties": { }, "geometry": { "type": "LineString", "coordinates": [ [ -39.94894565, -18.49048605 ], [ -39.94888252, -18.49059671 ], [ -39.94874886, -18.49082567 ], [ -39.94865778, -18.49098415 ], [ -39.94856495, -18.4911417 ], [ -39.94851921, -18.49122083 ], [ -39.94846758, -18.49130718 ], [ -39.9484269, -18.49137865 ], [ -39.94838982, -18.4914417 ], [ -39.94829881, -18.49160022 ], [ -39.94823405, -18.49171062 ], [ -39.94816127, -18.49183745 ], [ -39.94804554, -18.49203455 ], [ -39.94798212, -18.49214566 ], [ -39.94778928, -18.49247764 ], [ -39.94769886, -18.49263646 ], [ -39.94767077, -18.4926836 ], [ -39.94761588, -18.49277856 ], [ -39.94755988, -18.49287293 ], [ -39.94753799, -18.492913 ], [ -39.94746487, -18.49303964 ], [ -39.94742448, -18.49311127 ], [ -39.94730776, -18.49330784 ], [ -39.94727649, -18.49336362 ], [ -39.94719879, -18.49349818 ], [ -39.94717048, -18.4935452 ], [ -39.94711583, -18.49364029 ], [ -39.94698229, -18.4938693 ], [ -39.94696, -18.49390917 ], [ -39.94693651, -18.4939484 ], [ -39.94684526, -18.49410679 ], [ -39.94680338, -18.49417764 ], [ -39.94675382, -18.49426508 ], [ -39.94659671, -18.49453329 ], [ -39.94654698, -18.49462064 ], [ -39.94649579, -18.49470723 ], [ -39.94641807, -18.49484177 ], [ -39.94638073, -18.49490469 ], [ -39.94634812, -18.49496313 ] ] } },
{ "type": "Feature", "properties": { }, "geometry": { "type": "LineString", "coordinates": [ [ -39.94892927, -18.49048656 ], [ -39.94887963, -18.49057336 ], [ -39.94879637, -18.49071531 ], [ -39.94876038, -18.49077893 ], [ -39.94866295, -18.49094438 ], [ -39.94850284, -18.49122134 ], [ -39.94844678, -18.49131568 ], [ -39.94841083, -18.49137932 ], [ -39.94833717, -18.49150569 ], [ -39.9482919, -18.49158507 ], [ -39.94811206, -18.49189292 ], [ -39.94800199, -18.49208269 ], [ -39.94796589, -18.49214625 ], [ -39.94791017, -18.49224077 ], [ -39.94781491, -18.49240737 ], [ -39.94774106, -18.49253363 ], [ -39.94770942, -18.49258922 ], [ -39.94770117, -18.49260549 ], [ -39.94769667, -18.49261345 ], [ -39.94766829, -18.49266042 ], [ -39.94755244, -18.49285746 ], [ -39.94748981, -18.49296898 ], [ -39.9474619, -18.49301621 ], [ -39.94737966, -18.4931587 ], [ -39.94731893, -18.4932609 ], [ -39.94726933, -18.49334832 ], [ -39.94721898, -18.49343535 ], [ -39.94715857, -18.49353772 ], [ -39.94705375, -18.49371993 ], [ -39.94701162, -18.49379064 ], [ -39.94691603, -18.49395707 ], [ -39.94688327, -18.49401206 ], [ -39.94683284, -18.49409905 ], [ -39.94676021, -18.49422595 ], [ -39.94660365, -18.49449446 ], [ -39.94658014, -18.49453368 ], [ -39.94653497, -18.49461312 ], [ -39.94650691, -18.49466027 ], [ -39.9464752, -18.49471583 ], [ -39.94642888, -18.49479465 ], [ -39.94639282, -18.49485823 ], [ -39.94636492, -18.49490547 ], [ -39.94633615, -18.49495593 ] ] } },
{ "type": "Feature", "properties": { }, "geometry": { "type": "LineString", "coordinates": [ [ -39.94891313, -18.49048707 ], [ -39.94889539, -18.49051841 ], [ -39.94882121, -18.4906445 ], [ -39.94874355, -18.49077908 ], [ -39.94864659, -18.49094478 ], [ -39.94859668, -18.49103204 ], [ -39.94855462, -18.49110278 ], [ -39.94849105, -18.49121382 ], [ -39.9484352, -18.49130826 ], [ -39.94839475, -18.49137986 ], [ -39.94827054, -18.49159314 ], [ -39.94822976, -18.49166457 ], [ -39.94814181, -18.49181437 ], [ -39.94797253, -18.49210714 ], [ -39.9478984, -18.49223326 ], [ -39.94785781, -18.49230478 ], [ -39.94783009, -18.49235211 ], [ -39.94779426, -18.49241582 ], [ -39.94774757, -18.49249445 ], [ -39.94771568, -18.4925499 ], [ -39.94768486, -18.49260592 ], [ -39.94768027, -18.49261382 ], [ -39.94762844, -18.49270005 ], [ -39.94754515, -18.49284199 ], [ -39.9475186, -18.49288993 ], [ -39.94747326, -18.49296927 ], [ -39.94730745, -18.49325355 ], [ -39.94725293, -18.4933487 ], [ -39.94722484, -18.49339584 ], [ -39.94716587, -18.49349898 ], [ -39.94712371, -18.49356966 ], [ -39.94707343, -18.49365673 ], [ -39.94704683, -18.49370465 ], [ -39.94704223, -18.49371254 ], [ -39.94700445, -18.49377521 ], [ -39.94699983, -18.4937831 ], [ -39.94689956, -18.49395739 ], [ -39.94681157, -18.49410717 ], [ -39.94675303, -18.49421053 ], [ -39.94671549, -18.49427332 ], [ -39.94661053, -18.49445546 ], [ -39.94655455, -18.49454984 ], [ -39.94651849, -18.49461343 ], [ -39.94648104, -18.49467628 ], [ -39.94641261, -18.49479507 ], [ -39.94639057, -18.49483507 ], [ -39.94638599, -18.49484298 ], [ -39.94635314, -18.49489793 ], [ -39.94632398, -18.49494862 ] ] } },
{ "type": "Feature", "properties": { }, "geometry": { "type": "LineString", "coordinates": [ [ -39.94889699, -18.49048757 ], [ -39.94880508, -18.49064501 ], [ -39.94879172, -18.49066894 ], [ -39.94878713, -18.49067684 ], [ -39.94875416, -18.49073172 ], [ -39.94872717, -18.49077944 ], [ -39.94869017, -18.49084253 ], [ -39.94864051, -18.49092992 ], [ -39.94860345, -18.49099298 ], [ -39.94854428, -18.49109601 ], [ -39.94844668, -18.49126137 ], [ -39.94840181, -18.49134095 ], [ -39.9483507, -18.49142758 ], [ -39.94830533, -18.4915069 ], [ -39.948268, -18.49156982 ], [ -39.94823189, -18.49163338 ], [ -39.94820376, -18.49168049 ], [ -39.94815353, -18.49176758 ], [ -39.94812094, -18.49182267 ], [ -39.94805296, -18.4919417 ], [ -39.94796582, -18.49209194 ], [ -39.94793766, -18.49213903 ], [ -39.94791062, -18.49218672 ], [ -39.94786877, -18.49225758 ], [ -39.94780933, -18.49236047 ], [ -39.9477645, -18.49244007 ], [ -39.94772706, -18.49250293 ], [ -39.94766371, -18.49261407 ], [ -39.94758853, -18.49273962 ], [ -39.94757517, -18.49276355 ], [ -39.94753788, -18.49282648 ], [ -39.9475024, -18.49289036 ], [ -39.94731418, -18.49321445 ], [ -39.94728738, -18.49326227 ], [ -39.9472828, -18.49327018 ], [ -39.94721288, -18.49338818 ], [ -39.94703036, -18.49370495 ], [ -39.94698316, -18.4937833 ], [ -39.94697855, -18.4937912 ], [ -39.94690604, -18.49391816 ], [ -39.94679961, -18.49409952 ], [ -39.94673652, -18.4942108 ], [ -39.94669916, -18.4942737 ], [ -39.94660342, -18.49444005 ], [ -39.94655679, -18.49451871 ], [ -39.9465111, -18.49459787 ], [ -39.94647374, -18.49466077 ], [ -39.94644686, -18.49470854 ], [ -39.94639116, -18.49480307 ], [ -39.94635548, -18.49486686 ], [ -39.94635088, -18.49487475 ], [ -39.94631107, -18.49494086 ] ] } },
{ "type": "Feature", "properties": { }, "geometry": { "type": "LineString", "coordinates": [ [ -39.94888147, -18.49048806 ], [ -39.94885861, -18.49052703 ], [ -39.94880433, -18.4906223 ], [ -39.94874782, -18.49071639 ], [ -39.94871598, -18.49077188 ], [ -39.94867876, -18.49083486 ], [ -39.94862018, -18.49093819 ], [ -39.94856487, -18.49103293 ], [ -39.94854269, -18.49107285 ], [ -39.94853812, -18.49108077 ], [ -39.94851453, -18.49111994 ], [ -39.94845482, -18.49122269 ], [ -39.94843131, -18.49126191 ], [ -39.94839544, -18.49132559 ], [ -39.94833505, -18.49142798 ], [ -39.94829893, -18.49149153 ], [ -39.94825196, -18.49157 ], [ -39.94824737, -18.49157791 ], [ -39.94822496, -18.49161771 ], [ -39.94818789, -18.49168077 ], [ -39.94812883, -18.49178385 ], [ -39.94810064, -18.49183094 ], [ -39.94809605, -18.49183884 ], [ -39.94805585, -18.49191056 ], [ -39.94805127, -18.49191847 ], [ -39.94800917, -18.49198919 ], [ -39.94795914, -18.49207639 ], [ -39.94792185, -18.49213933 ], [ -39.94790397, -18.4921712 ], [ -39.94783915, -18.49228157 ], [ -39.9478213, -18.49231345 ], [ -39.94781673, -18.49232137 ], [ -39.94779801, -18.49235279 ], [ -39.94775288, -18.49243224 ], [ -39.94771597, -18.49249539 ], [ -39.94768927, -18.49254325 ], [ -39.94760133, -18.49269306 ], [ -39.94752655, -18.49281882 ], [ -39.94752198, -18.49282674 ], [ -39.94748635, -18.49289054 ], [ -39.94742208, -18.49300121 ], [ -39.94738152, -18.49307274 ], [ -39.94737692, -18.49308065 ], [ -39.94732997, -18.49315913 ], [ -39.94732537, -18.49316703 ], [ -39.94727135, -18.49326244 ], [ -39.94719674, -18.4933883 ], [ -39.94706494, -18.49361823 ], [ -39.94698099, -18.49375981 ], [ -39.94696313, -18.49379169 ], [ -39.94692162, -18.49386273 ], [ -39.94685359, -18.49398174 ], [ -39.94682532, -18.49402878 ], [ -39.94676999, -18.4941235 ], [ -39.9467428, -18.49417112 ], [ -39.94672525, -18.49420315 ], [ -39.94672073, -18.49421109 ], [ -39.94668799, -18.4942661 ], [ -39.94666563, -18.49430593 ], [ -39.94663318, -18.4943611 ], [ -39.94659707, -18.49442466 ], [ -39.94646667, -18.49464499 ], [ -39.94643062, -18.49470859 ], [ -39.94637496, -18.49480313 ], [ -39.94633455, -18.49487475 ], [ -39.94632992, -18.49488264 ], [ -39.94631559, -18.49490605 ], [ -39.94631105, -18.49491398 ], [ -39.94630023, -18.49493435 ] ] } },
{ "type": "Feature", "properties": { }, "geometry": { "type": "LineString", "coordinates": [ [ -39.94886486, -18.49048858 ], [ -39.9488092, -18.49058252 ], [ -39.94872156, -18.49073249 ], [ -39.94867612, -18.49081178 ], [ -39.94864808, -18.49085894 ], [ -39.94864352, -18.49086686 ], [ -39.94860803, -18.49093074 ], [ -39.94860348, -18.49093866 ], [ -39.94855203, -18.49102511 ], [ -39.94849757, -18.49112029 ], [ -39.94845081, -18.49119888 ], [ -39.94836895, -18.49134157 ], [ -39.94824466, -18.49155481 ], [ -39.94820838, -18.49161829 ], [ -39.94811574, -18.49177594 ], [ -39.94807062, -18.49185539 ], [ -39.94799246, -18.49198971 ], [ -39.94795629, -18.49205324 ], [ -39.94786794, -18.49220283 ], [ -39.94782675, -18.49227403 ], [ -39.94776818, -18.49237737 ], [ -39.94770769, -18.4924797 ], [ -39.94770315, -18.49248764 ], [ -39.9476767, -18.49253563 ], [ -39.94767216, -18.49254356 ], [ -39.94763924, -18.49259847 ], [ -39.94758928, -18.4926857 ], [ -39.94751486, -18.49281166 ], [ -39.94745622, -18.49291496 ], [ -39.94738687, -18.49303327 ], [ -39.94735523, -18.49308886 ], [ -39.94735059, -18.49309674 ], [ -39.94731242, -18.49315919 ], [ -39.94730778, -18.49316708 ], [ -39.94725398, -18.4932626 ], [ -39.94719819, -18.49335708 ], [ -39.94710274, -18.49352358 ], [ -39.94703735, -18.49363365 ], [ -39.94703282, -18.49364158 ], [ -39.94700653, -18.49368966 ], [ -39.94700199, -18.49369758 ], [ -39.94695483, -18.49377596 ], [ -39.94690488, -18.4938632 ], [ -39.94686297, -18.49393403 ], [ -39.94685844, -18.49394196 ], [ -39.94684083, -18.49397396 ], [ -39.94679512, -18.49405312 ], [ -39.94675792, -18.4941161 ], [ -39.94672216, -18.49417984 ], [ -39.94667185, -18.49426689 ], [ -39.94661125, -18.49436916 ], [ -39.94651981, -18.49452745 ], [ -39.94645402, -18.4946373 ], [ -39.94644945, -18.49464522 ], [ -39.94640961, -18.49471712 ], [ -39.94640506, -18.49472505 ], [ -39.94635839, -18.49480368 ], [ -39.94628877, -18.49492746 ] ] } },
{ "type": "Feature", "properties": { }, "geometry": { "type": "LineString", "coordinates": [ [ -39.94884729, -18.49048913 ], [ -39.94877887, -18.49060733 ], [ -39.94870449, -18.49073331 ], [ -39.94865917, -18.49081266 ], [ -39.94860824, -18.49089938 ], [ -39.94858144, -18.4909472 ], [ -39.94854879, -18.49100225 ], [ -39.94851277, -18.49106586 ], [ -39.94846625, -18.49114458 ], [ -39.94842065, -18.49122378 ], [ -39.94838788, -18.49127878 ], [ -39.94825113, -18.49151643 ], [ -39.94823228, -18.49154779 ], [ -39.948196, -18.49161125 ], [ -39.94815866, -18.49167416 ], [ -39.94815416, -18.49168211 ], [ -39.9481455, -18.49169819 ], [ -39.94814094, -18.49170611 ], [ -39.94812183, -18.49173732 ], [ -39.94811716, -18.49174518 ], [ -39.94799432, -18.49195919 ], [ -39.94789769, -18.49212507 ], [ -39.94785542, -18.4921957 ], [ -39.94774667, -18.49238616 ], [ -39.94764945, -18.49255173 ], [ -39.94759556, -18.4926472 ], [ -39.94747977, -18.49284427 ], [ -39.94744395, -18.49290798 ], [ -39.94737447, -18.49302622 ], [ -39.94733365, -18.49309763 ], [ -39.94732897, -18.49310549 ], [ -39.94730005, -18.49315216 ], [ -39.94729541, -18.49316004 ], [ -39.94725087, -18.49323979 ], [ -39.94724632, -18.49324772 ], [ -39.94718584, -18.49335005 ], [ -39.94708598, -18.49352455 ], [ -39.94702485, -18.49362653 ], [ -39.94702026, -18.49363444 ], [ -39.94700683, -18.49365833 ], [ -39.94699405, -18.49368254 ], [ -39.94698958, -18.49369051 ], [ -39.94694239, -18.49376887 ], [ -39.94689704, -18.49384821 ], [ -39.94684631, -18.49393503 ], [ -39.94682398, -18.49397488 ], [ -39.94674552, -18.49410903 ], [ -39.94666387, -18.49425183 ], [ -39.9465667, -18.49441743 ], [ -39.94651669, -18.49450464 ], [ -39.94646486, -18.49459087 ], [ -39.94646026, -18.49459877 ], [ -39.94640654, -18.49469434 ], [ -39.94634605, -18.49479666 ], [ -39.94627657, -18.49492012 ] ] } },
{ "type": "Feature", "properties": { }, "geometry": { "type": "LineString", "coordinates": [ [ -39.94883048, -18.49048965 ], [ -39.94879036, -18.49056082 ], [ -39.94878574, -18.49056871 ], [ -39.94874795, -18.49063137 ], [ -39.94869721, -18.49071819 ], [ -39.94864305, -18.49081353 ], [ -39.94859686, -18.49089243 ], [ -39.94857014, -18.49094029 ], [ -39.94856555, -18.49094819 ], [ -39.94853257, -18.49100307 ], [ -39.948528, -18.49101098 ], [ -39.94850568, -18.49105084 ], [ -39.94846833, -18.49111374 ], [ -39.94843218, -18.49117728 ], [ -39.94838079, -18.49126375 ], [ -39.94830381, -18.49139869 ], [ -39.94825702, -18.49147726 ], [ -39.94821107, -18.49155628 ], [ -39.9481843, -18.49160411 ], [ -39.94817969, -18.491612 ], [ -39.94815594, -18.4916511 ], [ -39.94815135, -18.491659 ], [ -39.94813351, -18.49169089 ], [ -39.94810087, -18.49174596 ], [ -39.94805558, -18.49182533 ], [ -39.94801838, -18.49188831 ], [ -39.94794116, -18.49202312 ], [ -39.94784377, -18.49218859 ], [ -39.94770288, -18.49243438 ], [ -39.94762372, -18.49256817 ], [ -39.94755588, -18.49268727 ], [ -39.94750527, -18.49277416 ], [ -39.94747702, -18.49282121 ], [ -39.94747242, -18.49282911 ], [ -39.94743192, -18.49290067 ], [ -39.94738565, -18.49297953 ], [ -39.9473314, -18.49307483 ], [ -39.94732675, -18.4930827 ], [ -39.94728868, -18.4931452 ], [ -39.94728406, -18.49315309 ], [ -39.94723905, -18.49323261 ], [ -39.94718309, -18.493327 ], [ -39.94716093, -18.49336693 ], [ -39.94713362, -18.49341449 ], [ -39.94711483, -18.49344587 ], [ -39.94711026, -18.49345379 ], [ -39.94708794, -18.49349364 ], [ -39.94706031, -18.49354102 ], [ -39.94701324, -18.49361944 ], [ -39.94697738, -18.49368313 ], [ -39.94693078, -18.49376181 ], [ -39.94688542, -18.49384114 ], [ -39.94686181, -18.49388031 ], [ -39.9468572, -18.49388821 ], [ -39.9468077, -18.49397568 ], [ -39.94673337, -18.49410169 ], [ -39.94667039, -18.49421302 ], [ -39.94658702, -18.49435491 ], [ -39.94650029, -18.49450536 ], [ -39.94646753, -18.49456036 ], [ -39.94639484, -18.49468723 ], [ -39.94634331, -18.49477363 ], [ -39.94631648, -18.49482143 ], [ -39.94626399, -18.49491256 ] ] } },
{ "type": "Feature", "properties": { }, "geometry": { "type": "LineString", "coordinates": [ [ -39.94881456, -18.49049015 ], [ -39.94878305, -18.49054521 ], [ -39.94874553, -18.49060802 ], [ -39.94870909, -18.4906714 ], [ -39.94867644, -18.49072646 ], [ -39.94855834, -18.49093264 ], [ -39.9484102, -18.49118494 ], [ -39.94839238, -18.49121684 ], [ -39.94835081, -18.49128784 ], [ -39.94829658, -18.49138315 ], [ -39.94822692, -18.49150129 ], [ -39.94822241, -18.49150924 ], [ -39.94821372, -18.49152529 ], [ -39.94820912, -18.4915332 ], [ -39.94819936, -18.49154869 ], [ -39.94819472, -18.49155657 ], [ -39.94817743, -18.49158873 ], [ -39.94817292, -18.49159668 ], [ -39.94813984, -18.4916515 ], [ -39.94813523, -18.49165939 ], [ -39.94811727, -18.49169122 ], [ -39.94807541, -18.49176207 ], [ -39.9480709, -18.49177002 ], [ -39.94806223, -18.49178609 ], [ -39.94805776, -18.49179406 ], [ -39.94799295, -18.49190444 ], [ -39.94794335, -18.49199186 ], [ -39.94791053, -18.49204682 ], [ -39.94787887, -18.4921024 ], [ -39.94783666, -18.49217306 ], [ -39.94778238, -18.49226834 ], [ -39.94773642, -18.49234736 ], [ -39.94770956, -18.49239514 ], [ -39.94766732, -18.49246579 ], [ -39.94766275, -18.4924737 ], [ -39.94764505, -18.49250567 ], [ -39.9476405, -18.49251359 ], [ -39.94759349, -18.49259205 ], [ -39.94750747, -18.49274286 ], [ -39.94750283, -18.49275074 ], [ -39.94747417, -18.49279756 ], [ -39.94746952, -18.49280544 ], [ -39.94742466, -18.49288503 ], [ -39.94734649, -18.49301934 ], [ -39.94731969, -18.49306715 ], [ -39.94731511, -18.49307507 ], [ -39.94728211, -18.49312993 ], [ -39.94720456, -18.49326457 ], [ -39.94716213, -18.49333511 ], [ -39.94715755, -18.49334302 ], [ -39.94712644, -18.49339889 ], [ -39.94709392, -18.49345401 ], [ -39.94704876, -18.49353345 ], [ -39.94704414, -18.49354134 ], [ -39.94699682, -18.49361962 ], [ -39.94696446, -18.49367484 ], [ -39.94694215, -18.4937147 ], [ -39.9469375, -18.49372257 ], [ -39.94693261, -18.49373031 ], [ -39.9469279, -18.49373814 ], [ -39.94688735, -18.49380969 ], [ -39.94682731, -18.49391226 ], [ -39.94679154, -18.49397599 ], [ -39.94663968, -18.49423665 ], [ -39.94662197, -18.49426861 ], [ -39.94658989, -18.49432397 ], [ -39.94652495, -18.49443428 ], [ -39.94648904, -18.49449794 ], [ -39.94648444, -18.49450584 ], [ -39.94646076, -18.49454497 ], [ -39.9464239, -18.49460814 ], [ -39.94637873, -18.49468757 ], [ -39.94634093, -18.49475023 ], [ -39.94633632, -18.49475812 ], [ -39.94630504, -18.4948139 ], [ -39.94626814, -18.49487704 ], [ -39.94626365, -18.494885 ], [ -39.94625251, -18.49490566 ] ] } },
{ "type": "Feature", "properties": { }, "geometry": { "type": "LineString", "coordinates": [ [ -39.94879742, -18.49049069 ], [ -39.94878889, -18.49050624 ], [ -39.94878436, -18.49051417 ], [ -39.94873771, -18.49059282 ], [ -39.9485688, -18.49088579 ], [ -39.94853633, -18.49094095 ], [ -39.94851851, -18.49097285 ], [ -39.94840682, -18.49116175 ], [ -39.94837518, -18.49121734 ], [ -39.94833817, -18.49128043 ], [ -39.94829317, -18.49135994 ], [ -39.9482421, -18.49144659 ], [ -39.94821045, -18.49150218 ], [ -39.94818706, -18.49154146 ], [ -39.948151, -18.49160505 ], [ -39.94810905, -18.49167585 ], [ -39.94809567, -18.49169977 ], [ -39.94809106, -18.49170766 ], [ -39.94808142, -18.49172322 ], [ -39.94807677, -18.4917311 ], [ -39.94804533, -18.49178679 ], [ -39.94799877, -18.49186549 ], [ -39.94799422, -18.49187342 ], [ -39.94796312, -18.49192928 ], [ -39.94795853, -18.49193719 ], [ -39.94793965, -18.49196853 ], [ -39.94785709, -18.49211085 ], [ -39.94782426, -18.49216581 ], [ -39.94775204, -18.49229293 ], [ -39.94769594, -18.49238724 ], [ -39.94762294, -18.49251395 ], [ -39.94759443, -18.49256086 ], [ -39.94758982, -18.49256875 ], [ -39.94754968, -18.4926405 ], [ -39.94748605, -18.49275151 ], [ -39.9474622, -18.49279054 ], [ -39.94739864, -18.49290158 ], [ -39.94733854, -18.49300411 ], [ -39.9473117, -18.49305191 ], [ -39.94725595, -18.49314641 ], [ -39.94717832, -18.49328101 ], [ -39.94714525, -18.49333584 ], [ -39.94714069, -18.49334376 ], [ -39.94711874, -18.4933838 ], [ -39.94711423, -18.49339174 ], [ -39.94707712, -18.49345477 ], [ -39.94703192, -18.49353419 ], [ -39.94694774, -18.49367565 ], [ -39.94691579, -18.49373108 ], [ -39.94691135, -18.49373906 ], [ -39.9468984, -18.49376319 ], [ -39.94689393, -18.49377116 ], [ -39.94682436, -18.49388935 ], [ -39.94670131, -18.49410325 ], [ -39.94662267, -18.49423731 ], [ -39.94656393, -18.49434056 ], [ -39.94648956, -18.49446655 ], [ -39.94643981, -18.49455389 ], [ -39.946398, -18.49462477 ], [ -39.94637574, -18.49466465 ], [ -39.94632891, -18.49474321 ], [ -39.94628827, -18.4948147 ], [ -39.94624661, -18.49488566 ], [ -39.94623976, -18.494898 ] ] } },
{ "type": "Feature", "properties": { }, "geometry": { "type": "LineString", "coordinates": [ [ -39.94878102, -18.4904912 ], [ -39.94863851, -18.49073553 ], [ -39.94859371, -18.49081515 ], [ -39.94852396, -18.49093325 ], [ -39.94851944, -18.49094119 ], [ -39.94850192, -18.49097324 ], [ -39.94849742, -18.4909812 ], [ -39.94842346, -18.4911074 ], [ -39.94839052, -18.4911623 ], [ -39.94833114, -18.49126522 ], [ -39.94831792, -18.49128921 ], [ -39.94826709, -18.49137599 ], [ -39.94824469, -18.4914158 ], [ -39.94824008, -18.49142369 ], [ -39.94821616, -18.49146269 ], [ -39.94821154, -18.49147058 ], [ -39.94819831, -18.49149457 ], [ -39.94819376, -18.4915025 ], [ -39.94817026, -18.49154173 ], [ -39.94816575, -18.49154968 ], [ -39.94815717, -18.49156579 ], [ -39.94815272, -18.49157377 ], [ -39.94806937, -18.49171567 ], [ -39.94802878, -18.49178719 ], [ -39.94798254, -18.49186606 ], [ -39.94795118, -18.4919218 ], [ -39.94780345, -18.49217431 ], [ -39.94774015, -18.49228548 ], [ -39.94768857, -18.49237185 ], [ -39.94761101, -18.49250648 ], [ -39.94758265, -18.49255347 ], [ -39.94747443, -18.4927442 ], [ -39.94746983, -18.4927521 ], [ -39.94742745, -18.49282267 ], [ -39.94730893, -18.49302863 ], [ -39.94727623, -18.49308366 ], [ -39.94720314, -18.49321033 ], [ -39.94714254, -18.4933126 ], [ -39.94713802, -18.49332054 ], [ -39.94712059, -18.49335263 ], [ -39.94711611, -18.4933606 ], [ -39.94705619, -18.49346323 ], [ -39.94699718, -18.49356634 ], [ -39.94694102, -18.49366062 ], [ -39.94688658, -18.49375582 ], [ -39.94682168, -18.49386615 ], [ -39.94676729, -18.49396137 ], [ -39.94673464, -18.49401643 ], [ -39.94668029, -18.49411167 ], [ -39.94657923, -18.49428554 ], [ -39.94652953, -18.49437291 ], [ -39.94650144, -18.49442004 ], [ -39.94648331, -18.49445178 ], [ -39.94647859, -18.49445962 ], [ -39.94647363, -18.49446732 ], [ -39.94646886, -18.49447513 ], [ -39.94641891, -18.49456237 ], [ -39.94639086, -18.49460952 ], [ -39.94637753, -18.49463346 ], [ -39.94622768, -18.49489074 ] ] } },
{ "type": "Feature", "properties": { }, "geometry": { "type": "LineString", "coordinates": [ [ -39.94876538, -18.49049169 ], [ -39.94873257, -18.49054604 ], [ -39.94871465, -18.49057789 ], [ -39.94865885, -18.49067236 ], [ -39.94857237, -18.49082294 ], [ -39.94850216, -18.49094079 ], [ -39.94845755, -18.49102051 ], [ -39.94837891, -18.49115457 ], [ -39.94832908, -18.49124187 ], [ -39.94829616, -18.49129679 ], [ -39.94827798, -18.4913285 ], [ -39.94827332, -18.49133637 ], [ -39.94825885, -18.4913597 ], [ -39.94824521, -18.49138348 ], [ -39.94823561, -18.49139906 ], [ -39.94823095, -18.49140693 ], [ -39.94820897, -18.49144695 ], [ -39.94820445, -18.49145489 ], [ -39.94815694, -18.49153308 ], [ -39.94815242, -18.49154102 ], [ -39.94813999, -18.4915654 ], [ -39.94811772, -18.49160527 ], [ -39.94804395, -18.49173157 ], [ -39.94800368, -18.49180326 ], [ -39.94795172, -18.49188942 ], [ -39.9479024, -18.49197699 ], [ -39.94789781, -18.49198489 ], [ -39.94787411, -18.49202401 ], [ -39.94784273, -18.49207974 ], [ -39.94781011, -18.49213481 ], [ -39.94776033, -18.49222214 ], [ -39.94770043, -18.49232478 ], [ -39.94763926, -18.49242674 ], [ -39.94763466, -18.49243464 ], [ -39.94760809, -18.49248257 ], [ -39.94757082, -18.49254552 ], [ -39.94752621, -18.49262524 ], [ -39.94746254, -18.49273622 ], [ -39.94739723, -18.49284633 ], [ -39.94736115, -18.4929099 ], [ -39.9473148, -18.49298871 ], [ -39.94728322, -18.49304433 ], [ -39.94722295, -18.49314678 ], [ -39.94719172, -18.49320258 ], [ -39.94713119, -18.49330489 ], [ -39.94712663, -18.49331281 ], [ -39.94710906, -18.49334483 ], [ -39.94702178, -18.49349499 ], [ -39.9469996, -18.49353491 ], [ -39.94696628, -18.49358961 ], [ -39.94685201, -18.49378748 ], [ -39.94681033, -18.49385843 ], [ -39.94676961, -18.49392989 ], [ -39.94672293, -18.49400852 ], [ -39.94667333, -18.49409594 ], [ -39.94661838, -18.49419087 ], [ -39.9466139, -18.49419883 ], [ -39.9466096, -18.49420689 ], [ -39.94660507, -18.49421482 ], [ -39.94659528, -18.49423029 ], [ -39.94655846, -18.49429348 ], [ -39.94652281, -18.49435728 ], [ -39.94648181, -18.49442859 ], [ -39.94638864, -18.49458596 ], [ -39.94635698, -18.49464154 ], [ -39.94630118, -18.49473601 ], [ -39.9462604, -18.49480743 ], [ -39.94621584, -18.49488362 ] ] } },
{ "type": "Feature", "properties": { }, "geometry": { "type": "LineString", "coordinates": [ [ -39.9487487, -18.49049221 ], [ -39.94870184, -18.49057013 ], [ -39.94867018, -18.49062571 ], [ -39.94863749, -18.49068075 ], [ -39.94859177, -18.49075989 ], [ -39.94857854, -18.49078388 ], [ -39.94857399, -18.49079181 ], [ -39.94848111, -18.49094934 ], [ -39.94844975, -18.49100507 ], [ -39.9483622, -18.49115509 ], [ -39.94832141, -18.49122651 ], [ -39.94821941, -18.49139987 ], [ -39.9482016, -18.49143177 ], [ -39.94814546, -18.49152607 ], [ -39.94813639, -18.49154194 ], [ -39.94810065, -18.49160568 ], [ -39.94809607, -18.49161359 ], [ -39.94808194, -18.49163712 ], [ -39.94807739, -18.49164504 ], [ -39.94805985, -18.49167708 ], [ -39.94805533, -18.49168503 ], [ -39.94802743, -18.49173227 ], [ -39.9480004, -18.49177996 ], [ -39.94794452, -18.49187439 ], [ -39.94789949, -18.49195389 ], [ -39.94785747, -18.49202466 ], [ -39.94771148, -18.49227809 ], [ -39.94765142, -18.49238065 ], [ -39.94762773, -18.49241977 ], [ -39.9476231, -18.49242766 ], [ -39.94759613, -18.49247538 ], [ -39.94754993, -18.49255427 ], [ -39.94750051, -18.49264179 ], [ -39.94738977, -18.4928312 ], [ -39.94734905, -18.49290265 ], [ -39.94729804, -18.49298934 ], [ -39.94725739, -18.49306083 ], [ -39.94711469, -18.49330566 ], [ -39.94709709, -18.49333767 ], [ -39.94706073, -18.4934011 ], [ -39.94699602, -18.49351154 ], [ -39.94697798, -18.49354332 ], [ -39.94695433, -18.49358247 ], [ -39.94694976, -18.49359038 ], [ -39.9469366, -18.49361441 ], [ -39.94693209, -18.49362236 ], [ -39.94689009, -18.49369314 ], [ -39.94684504, -18.49377263 ], [ -39.94680766, -18.49383552 ], [ -39.94673474, -18.49396227 ], [ -39.94670642, -18.49400928 ], [ -39.94666583, -18.4940808 ], [ -39.94662875, -18.49414385 ], [ -39.94660648, -18.49418373 ], [ -39.94660192, -18.49419164 ], [ -39.9465785, -18.49423092 ], [ -39.9464963, -18.49437343 ], [ -39.94646057, -18.49443719 ], [ -39.94637181, -18.49458655 ], [ -39.94630813, -18.49469753 ], [ -39.9462846, -18.49473674 ], [ -39.94623418, -18.49482373 ], [ -39.94620272, -18.49487574 ] ] } },
{ "type": "Feature", "properties": { }, "geometry": { "type": "LineString", "coordinates": [ [ -39.94858231, -18.49049741 ], [ -39.9485686, -18.49052055 ], [ -39.94853759, -18.49057646 ], [ -39.94850005, -18.49063926 ], [ -39.94839949, -18.49081339 ], [ -39.94834815, -18.49089989 ], [ -39.94828523, -18.49101126 ], [ -39.94822457, -18.4911135 ], [ -39.94820656, -18.4911453 ], [ -39.94818497, -18.49118552 ], [ -39.94818048, -18.49119348 ], [ -39.94815144, -18.49124008 ], [ -39.94811417, -18.49130303 ], [ -39.94810962, -18.49131095 ], [ -39.94809228, -18.49134309 ], [ -39.94808782, -18.49135107 ], [ -39.94806894, -18.49138241 ], [ -39.94801022, -18.49148567 ], [ -39.94800558, -18.49149355 ], [ -39.94798613, -18.49152457 ], [ -39.94794904, -18.49158761 ], [ -39.94788539, -18.4916986 ], [ -39.94784379, -18.4917696 ], [ -39.94782207, -18.49180975 ], [ -39.94773365, -18.4919593 ], [ -39.94761934, -18.49215716 ], [ -39.94758189, -18.49222 ], [ -39.94753694, -18.49229955 ], [ -39.94748176, -18.49239435 ], [ -39.94745831, -18.49243361 ], [ -39.9474366, -18.49247377 ], [ -39.94737147, -18.49258397 ], [ -39.94733086, -18.49265549 ], [ -39.94730695, -18.49269449 ], [ -39.94725687, -18.49278166 ], [ -39.94721933, -18.49284446 ], [ -39.94717437, -18.492924 ], [ -39.94710969, -18.49303445 ], [ -39.94708277, -18.4930822 ], [ -39.94704978, -18.49313707 ], [ -39.94702745, -18.49317692 ], [ -39.94693612, -18.49333527 ], [ -39.94680189, -18.49356392 ], [ -39.94670211, -18.49373846 ], [ -39.94660076, -18.49391217 ], [ -39.94655858, -18.49398285 ], [ -39.94648173, -18.49411785 ], [ -39.94640294, -18.49425183 ], [ -39.94639835, -18.49425974 ], [ -39.94636248, -18.49432342 ], [ -39.9462835, -18.4944573 ], [ -39.94624317, -18.49452896 ], [ -39.94620128, -18.4945998 ], [ -39.94617435, -18.49464754 ], [ -39.94608244, -18.49480291 ] ] } },
{ "type": "Feature", "properties": { }, "geometry": { "type": "LineString", "coordinates": [ [ -39.94856507, -18.49049795 ], [ -39.94853854, -18.49054531 ], [ -39.9484374, -18.49071913 ], [ -39.94838293, -18.49081432 ], [ -39.94832683, -18.49090863 ], [ -39.94832224, -18.49091654 ], [ -39.9483001, -18.49095648 ], [ -39.94820791, -18.49111437 ], [ -39.94815422, -18.49120995 ], [ -39.94814962, -18.49121785 ], [ -39.94813024, -18.49124891 ], [ -39.94811164, -18.49128041 ], [ -39.94810705, -18.49128831 ], [ -39.94805773, -18.49137587 ], [ -39.94799754, -18.49147836 ], [ -39.94796917, -18.49152535 ], [ -39.9479142, -18.49162026 ], [ -39.94788747, -18.49166811 ], [ -39.94784514, -18.49173871 ], [ -39.94784057, -18.49174663 ], [ -39.94781922, -18.49178696 ], [ -39.9478147, -18.4917949 ], [ -39.9478048, -18.49181031 ], [ -39.94778133, -18.49184955 ], [ -39.94774894, -18.49190475 ], [ -39.94771275, -18.49196827 ], [ -39.94765677, -18.49206265 ], [ -39.94754312, -18.49226085 ], [ -39.94744148, -18.49243441 ], [ -39.94743693, -18.49244234 ], [ -39.94741043, -18.4924903 ], [ -39.94735449, -18.49258471 ], [ -39.94732812, -18.49263274 ], [ -39.94732359, -18.49264067 ], [ -39.94729956, -18.49267961 ], [ -39.94725395, -18.49275881 ], [ -39.94721652, -18.49282167 ], [ -39.94709344, -18.49303555 ], [ -39.94704671, -18.49311416 ], [ -39.94702006, -18.49316205 ], [ -39.94698756, -18.49321719 ], [ -39.94690584, -18.49335995 ], [ -39.94685413, -18.49344625 ], [ -39.94679857, -18.49354086 ], [ -39.94679406, -18.4935488 ], [ -39.94678115, -18.49357295 ], [ -39.94675371, -18.49362044 ], [ -39.94673162, -18.49366041 ], [ -39.94672706, -18.49366833 ], [ -39.94671266, -18.4936917 ], [ -39.9466533, -18.49379463 ], [ -39.94661609, -18.49385761 ], [ -39.94659809, -18.49388941 ], [ -39.94657906, -18.49392067 ], [ -39.94655197, -18.49396834 ], [ -39.9465192, -18.49402333 ], [ -39.94644644, -18.49415017 ], [ -39.94639989, -18.49422887 ], [ -39.94634552, -18.4943241 ], [ -39.94626236, -18.49446611 ], [ -39.9462354, -18.49451384 ], [ -39.94612498, -18.49470342 ], [ -39.94607057, -18.49479525 ] ] } },
{ "type": "Feature", "properties": { }, "geometry": { "type": "LineString", "coordinates": [ [ -39.94605905, -18.49478782 ], [ -39.94614655, -18.49463745 ], [ -39.9461841, -18.49457466 ], [ -39.94623453, -18.49448767 ], [ -39.94625222, -18.4944557 ], [ -39.94636268, -18.49426614 ], [ -39.94639418, -18.49421048 ], [ -39.94642698, -18.4941555 ], [ -39.94655966, -18.49392603 ], [ -39.94661956, -18.49382338 ], [ -39.94664781, -18.49377634 ], [ -39.94668858, -18.49370491 ], [ -39.94671677, -18.49365783 ], [ -39.9467801, -18.49354667 ], [ -39.94678477, -18.49353881 ], [ -39.94680706, -18.49349894 ], [ -39.94689552, -18.49334941 ], [ -39.9469774, -18.49320673 ], [ -39.94701466, -18.49314378 ], [ -39.94704087, -18.49309567 ], [ -39.94708819, -18.49301739 ], [ -39.94712413, -18.49295374 ], [ -39.94716592, -18.49288284 ], [ -39.94719287, -18.49283511 ], [ -39.94728499, -18.49267718 ], [ -39.94730874, -18.49263809 ], [ -39.94731318, -18.4926301 ], [ -39.94732605, -18.49260593 ], [ -39.94733963, -18.49258212 ], [ -39.94738159, -18.49251132 ], [ -39.94744522, -18.49240032 ], [ -39.9475149, -18.49228219 ], [ -39.94754605, -18.49222635 ], [ -39.9475506, -18.49221842 ], [ -39.94760631, -18.4921239 ], [ -39.94763752, -18.49206808 ], [ -39.94764208, -18.49206016 ], [ -39.94769335, -18.49197362 ], [ -39.94774335, -18.49188641 ], [ -39.94777649, -18.49183162 ], [ -39.94778107, -18.49182371 ], [ -39.94778995, -18.49180774 ], [ -39.94779461, -18.49179988 ], [ -39.94780434, -18.49178437 ], [ -39.94780894, -18.49177647 ], [ -39.94783074, -18.49173636 ], [ -39.94783524, -18.4917284 ], [ -39.9478953, -18.49162585 ], [ -39.947936, -18.49155438 ], [ -39.94798304, -18.49147594 ], [ -39.94800554, -18.49143618 ], [ -39.94804285, -18.49137326 ], [ -39.94804736, -18.49136531 ], [ -39.94806486, -18.49133325 ], [ -39.94806944, -18.49132534 ], [ -39.94808374, -18.49130191 ], [ -39.9480971, -18.49127799 ], [ -39.94813424, -18.49121498 ], [ -39.94819314, -18.49111181 ], [ -39.94831225, -18.49090615 ], [ -39.94836384, -18.49081979 ], [ -39.94839532, -18.49076412 ], [ -39.94841841, -18.49072467 ], [ -39.94843161, -18.49070066 ], [ -39.94854881, -18.49049846 ] ] } },
{ "type": "Feature", "properties": { }, "geometry": { "type": "LineString", "coordinates": [ [ -39.94853088, -18.49049902 ], [ -39.9484676, -18.49061072 ], [ -39.94839811, -18.49072896 ], [ -39.94834917, -18.49081671 ], [ -39.94828829, -18.49091883 ], [ -39.94823416, -18.49101419 ], [ -39.94815531, -18.49114814 ], [ -39.9481202, -18.4912122 ], [ -39.94807806, -18.4912829 ], [ -39.9480145, -18.49139394 ], [ -39.94797683, -18.49145667 ], [ -39.94794524, -18.49151229 ], [ -39.9479122, -18.49156713 ], [ -39.94789508, -18.49159938 ], [ -39.94785231, -18.49166974 ], [ -39.94782115, -18.49172557 ], [ -39.94779765, -18.4917648 ], [ -39.94775719, -18.49183639 ], [ -39.9477196, -18.49189916 ], [ -39.94768845, -18.491955 ], [ -39.94766444, -18.49199395 ], [ -39.94759652, -18.49211302 ], [ -39.94755956, -18.49217613 ], [ -39.94753099, -18.492223 ], [ -39.94750027, -18.49227906 ], [ -39.94743503, -18.49238921 ], [ -39.94737182, -18.49250043 ], [ -39.94732063, -18.49258701 ], [ -39.94729416, -18.49263499 ], [ -39.94721956, -18.49276085 ], [ -39.94715659, -18.49287219 ], [ -39.94711892, -18.49293492 ], [ -39.94706916, -18.49302226 ], [ -39.9470357, -18.49307687 ], [ -39.94701858, -18.49310912 ], [ -39.94700059, -18.49314094 ], [ -39.94695349, -18.49321934 ], [ -39.94684428, -18.49340956 ], [ -39.94681571, -18.49345643 ], [ -39.94679328, -18.49349623 ], [ -39.94677625, -18.49352852 ], [ -39.94674306, -18.49358328 ], [ -39.94670691, -18.49364682 ], [ -39.94667403, -18.49370176 ], [ -39.94664289, -18.4937576 ], [ -39.94661437, -18.4938045 ], [ -39.94648665, -18.49402627 ], [ -39.9464674, -18.4940574 ], [ -39.94644507, -18.49409725 ], [ -39.94639381, -18.49418379 ], [ -39.94631673, -18.49431867 ], [ -39.94625619, -18.49442098 ], [ -39.94616536, -18.49457959 ], [ -39.94610476, -18.49468186 ], [ -39.94607332, -18.49473755 ], [ -39.94604737, -18.4947803 ] ] } },
{ "type": "Feature", "properties": { }, "geometry": { "type": "LineString", "coordinates": [ [ -39.94851491, -18.49049952 ], [ -39.94848318, -18.49055446 ], [ -39.9484521, -18.49061034 ], [ -39.9483784, -18.49073669 ], [ -39.94833781, -18.4908082 ], [ -39.94827749, -18.49091062 ], [ -39.94815375, -18.49112416 ], [ -39.94813583, -18.49115601 ], [ -39.94812308, -18.49118024 ], [ -39.9481187, -18.49118825 ], [ -39.94810046, -18.49121993 ], [ -39.94805898, -18.49129099 ], [ -39.9480542, -18.49129879 ], [ -39.94804429, -18.49131419 ], [ -39.94803947, -18.49132197 ], [ -39.94802542, -18.49134553 ], [ -39.9480209, -18.49135348 ], [ -39.94799916, -18.49139362 ], [ -39.94799464, -18.49140156 ], [ -39.9479476, -18.49148 ], [ -39.94794302, -18.49148791 ], [ -39.94792075, -18.49152779 ], [ -39.94791612, -18.49153567 ], [ -39.94790174, -18.49155906 ], [ -39.94784658, -18.49165387 ], [ -39.94783231, -18.49167731 ], [ -39.94782773, -18.49168522 ], [ -39.94781018, -18.49171726 ], [ -39.94777377, -18.49178067 ], [ -39.94772229, -18.49186709 ], [ -39.94769086, -18.49192279 ], [ -39.94764438, -18.49200153 ], [ -39.94758079, -18.49211255 ], [ -39.94752491, -18.49220698 ], [ -39.947489, -18.49227065 ], [ -39.94741928, -18.49238875 ], [ -39.94734621, -18.49251543 ], [ -39.94733313, -18.4925395 ], [ -39.94732857, -18.49254742 ], [ -39.94731894, -18.49256298 ], [ -39.94731425, -18.49257084 ], [ -39.94730062, -18.49259462 ], [ -39.94727847, -18.49263456 ], [ -39.94727391, -18.49264249 ], [ -39.94722237, -18.49272888 ], [ -39.94715001, -18.49285592 ], [ -39.94709837, -18.49294226 ], [ -39.94706232, -18.49300585 ], [ -39.94702048, -18.49307671 ], [ -39.94701599, -18.49308467 ], [ -39.94700299, -18.49310878 ], [ -39.94699849, -18.49311673 ], [ -39.94694723, -18.49320327 ], [ -39.94686075, -18.49335385 ], [ -39.94682789, -18.49340879 ], [ -39.94680516, -18.49344844 ], [ -39.94677887, -18.49349651 ], [ -39.94677432, -18.49350443 ], [ -39.94672723, -18.49358284 ], [ -39.94667653, -18.49366969 ], [ -39.94664059, -18.49373333 ], [ -39.9466032, -18.49379621 ], [ -39.94653893, -18.49390688 ], [ -39.94650319, -18.49397063 ], [ -39.94642414, -18.49410447 ], [ -39.94636542, -18.49420773 ], [ -39.9463235, -18.49427855 ], [ -39.9462734, -18.49436571 ], [ -39.94622239, -18.49445239 ], [ -39.9461129, -18.49464247 ], [ -39.94605721, -18.494737 ], [ -39.94603545, -18.49477261 ] ] } },
{ "type": "Feature", "properties": { }, "geometry": { "type": "LineString", "coordinates": [ [ -39.94849925, -18.49050001 ], [ -39.94845892, -18.49057107 ], [ -39.94840794, -18.49065776 ], [ -39.94832629, -18.49080056 ], [ -39.94826625, -18.49090314 ], [ -39.94824392, -18.49094298 ], [ -39.94821135, -18.49099808 ], [ -39.94817955, -18.49105359 ], [ -39.94814661, -18.49110849 ], [ -39.94814202, -18.49111639 ], [ -39.94811989, -18.49115634 ], [ -39.9481031, -18.49118874 ], [ -39.94809871, -18.49119675 ], [ -39.94804304, -18.4912913 ], [ -39.94803819, -18.49129906 ], [ -39.94802812, -18.49131437 ], [ -39.94801864, -18.49133002 ], [ -39.94801413, -18.49133796 ], [ -39.94799725, -18.49137033 ], [ -39.94799288, -18.49137834 ], [ -39.94798375, -18.49139418 ], [ -39.94797907, -18.49140204 ], [ -39.94794056, -18.4914643 ], [ -39.94793593, -18.49147218 ], [ -39.94790953, -18.4915202 ], [ -39.947905, -18.49152813 ], [ -39.94787203, -18.49158302 ], [ -39.94786744, -18.49159092 ], [ -39.94785409, -18.49161486 ], [ -39.94784947, -18.49162275 ], [ -39.94783982, -18.4916383 ], [ -39.94783517, -18.49164617 ], [ -39.94781745, -18.49167812 ], [ -39.94781292, -18.49168606 ], [ -39.94778964, -18.49172541 ], [ -39.94775817, -18.49178109 ], [ -39.94775357, -18.49178899 ], [ -39.94771552, -18.49185151 ], [ -39.94771088, -18.49185939 ], [ -39.94767483, -18.49192298 ], [ -39.94763728, -18.49198577 ], [ -39.94763269, -18.49199367 ], [ -39.94759693, -18.49205742 ], [ -39.94753673, -18.4921599 ], [ -39.94749176, -18.49223943 ], [ -39.94748714, -18.49224732 ], [ -39.94745855, -18.49229418 ], [ -39.94740378, -18.49238921 ], [ -39.94736182, -18.49246001 ], [ -39.94732593, -18.49252368 ], [ -39.94730267, -18.49256304 ], [ -39.94725272, -18.49265028 ], [ -39.94721536, -18.49271317 ], [ -39.94712459, -18.49287182 ], [ -39.94706841, -18.49296609 ], [ -39.94700914, -18.49306906 ], [ -39.94696873, -18.49314067 ], [ -39.94693139, -18.49320358 ], [ -39.94690893, -18.49324336 ], [ -39.94687179, -18.49330638 ], [ -39.94684932, -18.49334615 ], [ -39.9468209, -18.49339311 ], [ -39.94681628, -18.493401 ], [ -39.94678034, -18.49346465 ], [ -39.94670109, -18.49359838 ], [ -39.94662909, -18.49372561 ], [ -39.94662449, -18.49373351 ], [ -39.94658675, -18.4937962 ], [ -39.94654605, -18.49386766 ], [ -39.94650907, -18.49393077 ], [ -39.94648674, -18.49397061 ], [ -39.94640774, -18.49410448 ], [ -39.94633988, -18.49422358 ], [ -39.94630266, -18.49428655 ], [ -39.94624804, -18.49438165 ], [ -39.94621524, -18.49443663 ], [ -39.94611038, -18.49461882 ], [ -39.94605482, -18.49471342 ], [ -39.94602355, -18.49476494 ] ] } },
{ "type": "Feature", "properties": { }, "geometry": { "type": "LineString", "coordinates": [ [ -39.94848307, -18.49050052 ], [ -39.94847476, -18.49051618 ], [ -39.94847033, -18.49052417 ], [ -39.94841465, -18.49061872 ], [ -39.94836464, -18.49070592 ], [ -39.94830925, -18.49080062 ], [ -39.94821889, -18.49095947 ], [ -39.94819078, -18.49100659 ], [ -39.94816339, -18.4910541 ], [ -39.94813021, -18.49110887 ], [ -39.94812562, -18.49111677 ], [ -39.9480905, -18.49118083 ], [ -39.94804925, -18.49125201 ], [ -39.94803969, -18.49126761 ], [ -39.94803505, -18.49127549 ], [ -39.94802641, -18.49129158 ], [ -39.94802195, -18.49129955 ], [ -39.94801704, -18.49130728 ], [ -39.9480013, -18.49132985 ], [ -39.94799662, -18.49133771 ], [ -39.94798498, -18.49136244 ], [ -39.94798083, -18.49137056 ], [ -39.94796728, -18.49139439 ], [ -39.94796265, -18.49140228 ], [ -39.94793879, -18.49144131 ], [ -39.94792034, -18.49147288 ], [ -39.94786599, -18.49156812 ], [ -39.94783321, -18.49162311 ], [ -39.94779231, -18.49169447 ], [ -39.94776435, -18.49174167 ], [ -39.94775979, -18.49174959 ], [ -39.94774218, -18.4917816 ], [ -39.94773759, -18.4917895 ], [ -39.94770856, -18.49183612 ], [ -39.94770386, -18.49184397 ], [ -39.94766325, -18.49191548 ], [ -39.94762113, -18.49198619 ], [ -39.94757594, -18.49206561 ], [ -39.94753406, -18.49213645 ], [ -39.94748457, -18.49222393 ], [ -39.94741923, -18.49233402 ], [ -39.94738764, -18.49238964 ], [ -39.94735478, -18.49244458 ], [ -39.94724554, -18.49263479 ], [ -39.94722201, -18.49267399 ], [ -39.94716277, -18.49277699 ], [ -39.94712544, -18.4928399 ], [ -39.94708941, -18.4929035 ], [ -39.94705188, -18.49296631 ], [ -39.9469019, -18.49322795 ], [ -39.94689724, -18.49323582 ], [ -39.94688289, -18.49325922 ], [ -39.94683744, -18.49333851 ], [ -39.94680912, -18.49338552 ], [ -39.94677759, -18.49344116 ], [ -39.94668928, -18.49359077 ], [ -39.9466173, -18.49371802 ], [ -39.94661268, -18.49372591 ], [ -39.94658886, -18.49376496 ], [ -39.94648411, -18.49394721 ], [ -39.94642816, -18.4940416 ], [ -39.94635973, -18.4941604 ], [ -39.94633291, -18.4942082 ], [ -39.9462588, -18.49433433 ], [ -39.94623628, -18.49437408 ], [ -39.94613491, -18.49454778 ], [ -39.94611716, -18.49457971 ], [ -39.94604312, -18.49470587 ], [ -39.94603841, -18.49471372 ], [ -39.94601149, -18.49475716 ] ] } },
{ "type": "Feature", "properties": { }, "geometry": { "type": "LineString", "coordinates": [ [ -39.94846639, -18.49050104 ], [ -39.94845365, -18.49052469 ], [ -39.94842649, -18.49057232 ], [ -39.94842185, -18.4905802 ], [ -39.94839329, -18.49062708 ], [ -39.94838866, -18.49063496 ], [ -39.94835279, -18.49069864 ], [ -39.94829252, -18.49080109 ], [ -39.94826993, -18.4908408 ], [ -39.9482526, -18.49087294 ], [ -39.94824808, -18.49088089 ], [ -39.94823388, -18.49090437 ], [ -39.94819276, -18.49097561 ], [ -39.94818839, -18.49098363 ], [ -39.94818013, -18.4909999 ], [ -39.9481757, -18.49100788 ], [ -39.94811832, -18.49110149 ], [ -39.9481137, -18.49110939 ], [ -39.94807844, -18.49117338 ], [ -39.94807381, -18.49118126 ], [ -39.94806403, -18.49119674 ], [ -39.94805931, -18.49120458 ], [ -39.94804122, -18.49123634 ], [ -39.9480105, -18.4912924 ], [ -39.94800574, -18.49130021 ], [ -39.94799015, -18.49132288 ], [ -39.94798554, -18.49133077 ], [ -39.94798165, -18.49133901 ], [ -39.94797752, -18.49134714 ], [ -39.94794671, -18.49140315 ], [ -39.94794218, -18.49141109 ], [ -39.94792347, -18.49144252 ], [ -39.94790404, -18.49147356 ], [ -39.94789935, -18.49148141 ], [ -39.94786817, -18.49153724 ], [ -39.94786358, -18.49154514 ], [ -39.94784464, -18.49157645 ], [ -39.94782188, -18.49161607 ], [ -39.94774722, -18.4917419 ], [ -39.94774267, -18.49174983 ], [ -39.94772503, -18.49178182 ], [ -39.94772047, -18.49178974 ], [ -39.94769202, -18.49183668 ], [ -39.94768741, -18.49184457 ], [ -39.9476516, -18.49190828 ], [ -39.94759551, -18.49200261 ], [ -39.94756855, -18.49205034 ], [ -39.94753583, -18.49210535 ], [ -39.94747699, -18.49220856 ], [ -39.94745826, -18.49223998 ], [ -39.9474537, -18.4922479 ], [ -39.9474404, -18.49227185 ], [ -39.94740315, -18.49233481 ], [ -39.9473714, -18.49239034 ], [ -39.94733386, -18.49245315 ], [ -39.94730217, -18.49250871 ], [ -39.94717773, -18.49272187 ], [ -39.94714157, -18.49278541 ], [ -39.9470536, -18.4929352 ], [ -39.94698135, -18.4930623 ], [ -39.94685693, -18.49327548 ], [ -39.94682536, -18.49333111 ], [ -39.94666357, -18.49360718 ], [ -39.94660097, -18.49371871 ], [ -39.94659634, -18.49372659 ], [ -39.94657241, -18.49376559 ], [ -39.94649432, -18.49389994 ], [ -39.94645365, -18.49397142 ], [ -39.94641153, -18.49404213 ], [ -39.9463116, -18.49421659 ], [ -39.94619622, -18.49441388 ], [ -39.94605429, -18.49465913 ], [ -39.94602158, -18.49471416 ], [ -39.94599963, -18.49474953 ] ] } },
{ "type": "Feature", "properties": { }, "geometry": { "type": "LineString", "coordinates": [ [ -39.94844978, -18.49050156 ], [ -39.94841916, -18.49055708 ], [ -39.9484146, -18.490565 ], [ -39.94838163, -18.49061988 ], [ -39.9483361, -18.49069913 ], [ -39.94828973, -18.49077793 ], [ -39.94825807, -18.49083351 ], [ -39.94824078, -18.49086567 ], [ -39.9482363, -18.49087364 ], [ -39.94819437, -18.49094445 ], [ -39.94818985, -18.49095239 ], [ -39.94816789, -18.49099242 ], [ -39.94816331, -18.49100034 ], [ -39.94810166, -18.49110203 ], [ -39.94809708, -18.49110994 ], [ -39.94806178, -18.49117392 ], [ -39.94805714, -18.49118179 ], [ -39.94804742, -18.49119731 ], [ -39.9480427, -18.49120514 ], [ -39.94803355, -18.49122097 ], [ -39.94799796, -18.49128479 ], [ -39.94799327, -18.49129265 ], [ -39.94798345, -18.4913081 ], [ -39.94797886, -18.491316 ], [ -39.94797457, -18.49132406 ], [ -39.94797004, -18.491332 ], [ -39.94795573, -18.49135542 ], [ -39.94795116, -18.49136334 ], [ -39.9479337, -18.49139541 ], [ -39.94792907, -18.4914033 ], [ -39.94791445, -18.49142655 ], [ -39.9479097, -18.49143437 ], [ -39.94788651, -18.49147376 ], [ -39.94784645, -18.49154555 ], [ -39.94774458, -18.49171899 ], [ -39.94772553, -18.49175024 ], [ -39.94772088, -18.49175811 ], [ -39.94763951, -18.49190105 ], [ -39.94758353, -18.49199544 ], [ -39.947579, -18.49200337 ], [ -39.9475658, -18.49202738 ], [ -39.94756122, -18.49203529 ], [ -39.94754232, -18.49206662 ], [ -39.94746488, -18.49220131 ], [ -39.9474276, -18.49226426 ], [ -39.94735962, -18.49238328 ], [ -39.94731254, -18.4924617 ], [ -39.94724423, -18.49258056 ], [ -39.94717943, -18.49269095 ], [ -39.94712502, -18.49278616 ], [ -39.94703687, -18.49293585 ], [ -39.94700106, -18.49299956 ], [ -39.94689545, -18.49318135 ], [ -39.94686393, -18.49323701 ], [ -39.94662396, -18.49364739 ], [ -39.94661946, -18.49365534 ], [ -39.9465888, -18.49371143 ], [ -39.94658424, -18.49371935 ], [ -39.94654649, -18.49378203 ], [ -39.94646845, -18.49391641 ], [ -39.94644603, -18.49395622 ], [ -39.94644143, -18.49396412 ], [ -39.94639902, -18.49403467 ], [ -39.94639445, -18.49404258 ], [ -39.94635898, -18.49410647 ], [ -39.94635442, -18.4941144 ], [ -39.94632179, -18.49416946 ], [ -39.94624908, -18.49429632 ], [ -39.94620232, -18.49437491 ], [ -39.94605153, -18.49463614 ], [ -39.94601906, -18.49469129 ], [ -39.94598783, -18.49474192 ] ] } },
{ "type": "Feature", "properties": { }, "geometry": { "type": "LineString", "coordinates": [ [ -39.94843328, -18.49050207 ], [ -39.94842484, -18.49051767 ], [ -39.94842034, -18.49052563 ], [ -39.94831834, -18.49069899 ], [ -39.9482776, -18.49077043 ], [ -39.94826454, -18.49079451 ], [ -39.94826001, -18.49080245 ], [ -39.94821769, -18.49087305 ], [ -39.9482131, -18.49088096 ], [ -39.9481546, -18.49098433 ], [ -39.94808939, -18.4910945 ], [ -39.94805823, -18.49115034 ], [ -39.94800739, -18.4912371 ], [ -39.94798071, -18.49128498 ], [ -39.9479761, -18.49129287 ], [ -39.94794278, -18.49134756 ], [ -39.94789642, -18.49142637 ], [ -39.94785557, -18.49149775 ], [ -39.94783359, -18.49153777 ], [ -39.94782904, -18.4915457 ], [ -39.94778691, -18.49161641 ], [ -39.94773196, -18.49171134 ], [ -39.94768543, -18.49179005 ], [ -39.9476541, -18.4918458 ], [ -39.94764124, -18.49186998 ], [ -39.94763673, -18.49187793 ], [ -39.94756104, -18.49200319 ], [ -39.94755641, -18.49201107 ], [ -39.94744741, -18.4922014 ], [ -39.94741043, -18.49226451 ], [ -39.94736108, -18.49235205 ], [ -39.94735646, -18.49235994 ], [ -39.94730919, -18.49243826 ], [ -39.94726325, -18.49251729 ], [ -39.9472318, -18.49257297 ], [ -39.9471713, -18.49267529 ], [ -39.9470484, -18.49288927 ], [ -39.94694707, -18.493063 ], [ -39.94686094, -18.49321376 ], [ -39.94681873, -18.49328442 ], [ -39.94672699, -18.49344256 ], [ -39.94670338, -18.49348172 ], [ -39.94661158, -18.49363983 ], [ -39.94656204, -18.49372728 ], [ -39.94651994, -18.493798 ], [ -39.94646552, -18.49389321 ], [ -39.94639114, -18.49401918 ], [ -39.94628242, -18.49420966 ], [ -39.94621371, -18.49432831 ], [ -39.94612555, -18.494478 ], [ -39.94602537, -18.49465233 ], [ -39.94599773, -18.49469971 ], [ -39.94599283, -18.49470744 ], [ -39.94598253, -18.49472261 ], [ -39.94597557, -18.49473401 ] ] } },
{ "type": "Feature", "properties": { }, "geometry": { "type": "LineString", "coordinates": [ [ -39.94841711, -18.49050258 ], [ -39.94837168, -18.49058128 ], [ -39.94832022, -18.49066771 ], [ -39.94830706, -18.49069174 ], [ -39.94827939, -18.4907391 ], [ -39.94824783, -18.49079473 ], [ -39.94820561, -18.49086539 ], [ -39.94820108, -18.49087333 ], [ -39.94817451, -18.49092126 ], [ -39.94816996, -18.49092918 ], [ -39.94809125, -18.49106321 ], [ -39.94805996, -18.49111898 ], [ -39.94800459, -18.49121368 ], [ -39.94795952, -18.49129317 ], [ -39.94785242, -18.49147417 ], [ -39.94781234, -18.49154595 ], [ -39.94780772, -18.49155384 ], [ -39.94776991, -18.49161649 ], [ -39.94772513, -18.49169612 ], [ -39.94764674, -18.49183032 ], [ -39.94764232, -18.49183831 ], [ -39.94762512, -18.49187052 ], [ -39.94762054, -18.49187843 ], [ -39.94754911, -18.4919956 ], [ -39.9475267, -18.49203541 ], [ -39.94738949, -18.49227282 ], [ -39.94734922, -18.4923445 ], [ -39.94731144, -18.49240717 ], [ -39.94724232, -18.49252561 ], [ -39.9472153, -18.49257331 ], [ -39.94721069, -18.4925812 ], [ -39.94715922, -18.49266763 ], [ -39.94710959, -18.49275504 ], [ -39.94705424, -18.49284975 ], [ -39.94697239, -18.49299245 ], [ -39.94693966, -18.49304746 ], [ -39.94689926, -18.49311908 ], [ -39.94675608, -18.49336366 ], [ -39.94672434, -18.4934192 ], [ -39.9466959, -18.49346615 ], [ -39.94669131, -18.49347405 ], [ -39.94666442, -18.49352182 ], [ -39.94661337, -18.49360848 ], [ -39.94655927, -18.49370385 ], [ -39.94652205, -18.49376682 ], [ -39.94641206, -18.49395664 ], [ -39.9463885, -18.49399583 ], [ -39.94636157, -18.49404358 ], [ -39.94630184, -18.49414632 ], [ -39.94626574, -18.49420988 ], [ -39.94619646, -18.49432823 ], [ -39.94616027, -18.49439174 ], [ -39.94607696, -18.49453367 ], [ -39.94602242, -18.49462881 ], [ -39.94598538, -18.49469188 ], [ -39.94598053, -18.49469964 ], [ -39.94596334, -18.49472613 ] ] } },
{ "type": "Feature", "properties": { }, "geometry": { "type": "LineString", "coordinates": [ [ -39.94840106, -18.49050308 ], [ -39.94837347, -18.49054988 ], [ -39.94835551, -18.49058171 ], [ -39.94831796, -18.4906445 ], [ -39.9482957, -18.49068438 ], [ -39.94825399, -18.49075532 ], [ -39.94824081, -18.49077933 ], [ -39.94823627, -18.49078726 ], [ -39.94818948, -18.49086584 ], [ -39.94814906, -18.49093745 ], [ -39.94810246, -18.49101612 ], [ -39.94805749, -18.49109566 ], [ -39.94799283, -18.49120611 ], [ -39.94794351, -18.49129368 ], [ -39.94793885, -18.49130155 ], [ -39.94792447, -18.49132493 ], [ -39.94791985, -18.49133282 ], [ -39.94790639, -18.49135669 ], [ -39.94790176, -18.49136458 ], [ -39.94788275, -18.49139585 ], [ -39.94786451, -18.49142753 ], [ -39.94784068, -18.49146658 ], [ -39.94783607, -18.49147447 ], [ -39.94780003, -18.49153806 ], [ -39.94775342, -18.49161673 ], [ -39.94774436, -18.49163261 ], [ -39.94772719, -18.49166483 ], [ -39.94772273, -18.4916728 ], [ -39.94765356, -18.49179121 ], [ -39.94762245, -18.49184707 ], [ -39.94761785, -18.49185497 ], [ -39.94755637, -18.49195676 ], [ -39.94751979, -18.49202007 ], [ -39.94747782, -18.49209087 ], [ -39.94733237, -18.49234458 ], [ -39.94729512, -18.49240753 ], [ -39.94724508, -18.49249472 ], [ -39.94714296, -18.49266803 ], [ -39.94709335, -18.49275544 ], [ -39.94703806, -18.49285019 ], [ -39.94699769, -18.49292183 ], [ -39.94695619, -18.49299287 ], [ -39.94692781, -18.49303985 ], [ -39.94692329, -18.49304779 ], [ -39.94691008, -18.49307179 ], [ -39.94677726, -18.49330119 ], [ -39.94674902, -18.49334825 ], [ -39.94670796, -18.49341952 ], [ -39.94668419, -18.4934586 ], [ -39.94667957, -18.4934665 ], [ -39.94663915, -18.4935381 ], [ -39.94659271, -18.49361686 ], [ -39.94654292, -18.49370419 ], [ -39.94651028, -18.49375925 ], [ -39.94647411, -18.49382278 ], [ -39.94639574, -18.49395698 ], [ -39.94637676, -18.49398827 ], [ -39.94637214, -18.49399616 ], [ -39.946318, -18.49409151 ], [ -39.94618909, -18.49431264 ], [ -39.94614853, -18.49438418 ], [ -39.94605148, -18.49454984 ], [ -39.9460013, -18.49463695 ], [ -39.9459966, -18.4946448 ], [ -39.94595112, -18.49471825 ] ] } },
{ "type": "Feature", "properties": { }, "geometry": { "type": "LineString", "coordinates": [ [ -39.94838451, -18.4905036 ], [ -39.94831549, -18.49062148 ], [ -39.94820607, -18.49081159 ], [ -39.94813155, -18.49093749 ], [ -39.94807239, -18.49104052 ], [ -39.94805929, -18.49106458 ], [ -39.94805478, -18.49107253 ], [ -39.94797165, -18.49121455 ], [ -39.94794035, -18.49127032 ], [ -39.94791203, -18.49131732 ], [ -39.94785702, -18.49141222 ], [ -39.94782857, -18.49145916 ], [ -39.94782396, -18.49146705 ], [ -39.94777863, -18.4915464 ], [ -39.94773686, -18.4916173 ], [ -39.94771935, -18.49164936 ], [ -39.94771486, -18.49165731 ], [ -39.94761416, -18.49183137 ], [ -39.94754899, -18.49194155 ], [ -39.9475172, -18.49199707 ], [ -39.94747965, -18.49205986 ], [ -39.94747506, -18.49206777 ], [ -39.94742534, -18.49215513 ], [ -39.94731505, -18.49234478 ], [ -39.94726066, -18.49244 ], [ -39.94713576, -18.49265292 ], [ -39.94707674, -18.49275603 ], [ -39.94703521, -18.49282706 ], [ -39.94699033, -18.49290664 ], [ -39.94690696, -18.49304853 ], [ -39.94677458, -18.49327816 ], [ -39.94667226, -18.49345135 ], [ -39.94664078, -18.49350703 ], [ -39.94657627, -18.49361757 ], [ -39.94652201, -18.49371286 ], [ -39.94650768, -18.49373627 ], [ -39.94650303, -18.49374414 ], [ -39.94643924, -18.49385506 ], [ -39.94632834, -18.49404439 ], [ -39.94623744, -18.49420296 ], [ -39.94617284, -18.49431345 ], [ -39.94613223, -18.49438496 ], [ -39.94606263, -18.49450314 ], [ -39.94597545, -18.49465335 ], [ -39.94593982, -18.49471097 ] ] } },
{ "type": "Feature", "properties": { }, "geometry": { "type": "LineString", "coordinates": [ [ -39.94836737, -18.49050413 ], [ -39.94827645, -18.4906621 ], [ -39.94824849, -18.4907093 ], [ -39.94822146, -18.490757 ], [ -39.94810115, -18.49096201 ], [ -39.94803332, -18.49108112 ], [ -39.94794991, -18.49122299 ], [ -39.94792772, -18.49126291 ], [ -39.9478995, -18.49130997 ], [ -39.9478492, -18.49139703 ], [ -39.94780708, -18.49146774 ], [ -39.94769351, -18.49166598 ], [ -39.94746337, -18.49206089 ], [ -39.9474137, -18.49214828 ], [ -39.94736253, -18.49223487 ], [ -39.9472624, -18.49240923 ], [ -39.94716516, -18.49257478 ], [ -39.94709266, -18.49270175 ], [ -39.94703232, -18.49280416 ], [ -39.94698269, -18.49289157 ], [ -39.94689499, -18.4930415 ], [ -39.94676701, -18.49326313 ], [ -39.94666084, -18.49344463 ], [ -39.94661098, -18.49353191 ], [ -39.94657836, -18.49358699 ], [ -39.94653305, -18.49366635 ], [ -39.94643212, -18.49384028 ], [ -39.94628911, -18.49408496 ], [ -39.94612526, -18.49437027 ], [ -39.94595387, -18.49466193 ], [ -39.94592825, -18.49470351 ] ] } },
{ "type": "Feature", "properties": { }, "geometry": { "type": "LineString", "coordinates": [ [ -39.94835063, -18.49050466 ], [ -39.9482138, -18.49074167 ], [ -39.94812104, -18.49089926 ], [ -39.94803474, -18.49104993 ], [ -39.94797904, -18.49114445 ], [ -39.94790617, -18.49127123 ], [ -39.94782778, -18.49140543 ], [ -39.94780408, -18.49144455 ], [ -39.94775449, -18.49153197 ], [ -39.94769914, -18.49162669 ], [ -39.94757154, -18.49184852 ], [ -39.94754328, -18.49189556 ], [ -39.94750239, -18.49196693 ], [ -39.94744204, -18.49206933 ], [ -39.94738339, -18.49217263 ], [ -39.94734135, -18.49224338 ], [ -39.94729144, -18.49233064 ], [ -39.94714857, -18.49257539 ], [ -39.9470805, -18.49269437 ], [ -39.94700651, -18.49282056 ], [ -39.94697082, -18.49288433 ], [ -39.94692885, -18.49295513 ], [ -39.94676883, -18.49323214 ], [ -39.94670398, -18.49334249 ], [ -39.94666774, -18.49340598 ], [ -39.94658934, -18.49354017 ], [ -39.94650743, -18.49368284 ], [ -39.94636441, -18.49392751 ], [ -39.94631456, -18.4940148 ], [ -39.94628182, -18.49406981 ], [ -39.94624113, -18.49414128 ], [ -39.94619484, -18.49422012 ], [ -39.94612705, -18.49433925 ], [ -39.94591706, -18.4946963 ] ] } },
{ "type": "Feature", "properties": { }, "geometry": { "type": "LineString", "coordinates": [ [ -39.94833337, -18.4905052 ], [ -39.94832079, -18.49052893 ], [ -39.94830261, -18.49056065 ], [ -39.94828382, -18.49059204 ], [ -39.94826118, -18.49063172 ], [ -39.94822823, -18.49068662 ], [ -39.9481507, -18.49082127 ], [ -39.94808576, -18.49093157 ], [ -39.94803549, -18.49101864 ], [ -39.94801334, -18.49105858 ], [ -39.94796661, -18.49113719 ], [ -39.94794424, -18.49117701 ], [ -39.94792071, -18.49121623 ], [ -39.94785708, -18.49132723 ], [ -39.94778739, -18.49144535 ], [ -39.94773308, -18.49154062 ], [ -39.94767763, -18.49163528 ], [ -39.9475545, -18.49184914 ], [ -39.94752621, -18.49189616 ], [ -39.94742048, -18.4920779 ], [ -39.94735737, -18.49218916 ], [ -39.94733386, -18.49222839 ], [ -39.9472055, -18.49244981 ], [ -39.94718629, -18.49248097 ], [ -39.94715504, -18.49253677 ], [ -39.94712725, -18.49258406 ], [ -39.94705002, -18.49271887 ], [ -39.94698973, -18.4928213 ], [ -39.94696296, -18.49286913 ], [ -39.94695838, -18.49287704 ], [ -39.94687985, -18.49301116 ], [ -39.94683937, -18.49308274 ], [ -39.94674701, -18.49324055 ], [ -39.94671991, -18.4932882 ], [ -39.94669184, -18.49333535 ], [ -39.94665554, -18.49339881 ], [ -39.94661817, -18.4934617 ], [ -39.94654944, -18.49358034 ], [ -39.94648609, -18.49369149 ], [ -39.94641661, -18.49380973 ], [ -39.94639406, -18.49384946 ], [ -39.94635205, -18.49392023 ], [ -39.94631153, -18.49399179 ], [ -39.94624266, -18.49411036 ], [ -39.946196, -18.494189 ], [ -39.94611939, -18.49432413 ], [ -39.94607734, -18.49439488 ], [ -39.9459714, -18.4945765 ], [ -39.94590469, -18.49468832 ] ] } },
{ "type": "Feature", "properties": { }, "geometry": { "type": "LineString", "coordinates": [ [ -39.94831688, -18.49050571 ], [ -39.94830332, -18.49053122 ], [ -39.94828072, -18.49057094 ], [ -39.94820595, -18.4906967 ], [ -39.94814248, -18.49080779 ], [ -39.94808199, -18.49091012 ], [ -39.9479823, -18.4910847 ], [ -39.94794483, -18.49114754 ], [ -39.94793162, -18.49117154 ], [ -39.9478252, -18.49135291 ], [ -39.94780775, -18.49138499 ], [ -39.94776077, -18.49146346 ], [ -39.94771585, -18.49154302 ], [ -39.94766471, -18.49162963 ], [ -39.94761964, -18.49170911 ], [ -39.9474994, -18.49191417 ], [ -39.94731214, -18.49223876 ], [ -39.9472381, -18.49236492 ], [ -39.94720191, -18.49242844 ], [ -39.94716442, -18.49249127 ], [ -39.94704625, -18.49269742 ], [ -39.94700406, -18.49276809 ], [ -39.94694052, -18.49287914 ], [ -39.94686216, -18.49301335 ], [ -39.9468264, -18.49307709 ], [ -39.9467382, -18.49322675 ], [ -39.94667419, -18.49333756 ], [ -39.94665646, -18.4933695 ], [ -39.94654553, -18.49355882 ], [ -39.946464, -18.49370168 ], [ -39.94642655, -18.49376453 ], [ -39.94639889, -18.49381189 ], [ -39.94637665, -18.49385179 ], [ -39.94632546, -18.49393837 ], [ -39.94629854, -18.49398612 ], [ -39.946257, -18.49405714 ], [ -39.94623927, -18.49408909 ], [ -39.94618315, -18.49418339 ], [ -39.94616127, -18.49422347 ], [ -39.94611103, -18.49431056 ], [ -39.94589355, -18.49468114 ] ] } },
{ "type": "Feature", "properties": { }, "geometry": { "type": "LineString", "coordinates": [ [ -39.94830033, -18.49050623 ], [ -39.94826427, -18.49057075 ], [ -39.94822282, -18.49064182 ], [ -39.94819435, -18.49068875 ], [ -39.94818123, -18.4907128 ], [ -39.9481488, -18.49076797 ], [ -39.94811743, -18.4908237 ], [ -39.94800685, -18.4910132 ], [ -39.94797562, -18.491069 ], [ -39.94794733, -18.49111603 ], [ -39.94787453, -18.49124285 ], [ -39.94782295, -18.49132922 ], [ -39.94774135, -18.49147204 ], [ -39.94770392, -18.4915349 ], [ -39.94768629, -18.4915669 ], [ -39.94763035, -18.4916613 ], [ -39.94761704, -18.49168525 ], [ -39.94754303, -18.49181143 ], [ -39.94740091, -18.49205657 ], [ -39.94733308, -18.49217568 ], [ -39.94722648, -18.49235695 ], [ -39.94720884, -18.49238894 ], [ -39.9471532, -18.4924835 ], [ -39.94710307, -18.49257065 ], [ -39.94708996, -18.4925947 ], [ -39.94706199, -18.4926419 ], [ -39.94702571, -18.49270538 ], [ -39.94698373, -18.49277616 ], [ -39.94694775, -18.49283979 ], [ -39.94691051, -18.49290275 ], [ -39.94686993, -18.49297428 ], [ -39.94670869, -18.49325064 ], [ -39.94661294, -18.49341699 ], [ -39.94652983, -18.49355901 ], [ -39.94643874, -18.49371749 ], [ -39.94639223, -18.49379622 ], [ -39.94632404, -18.49391513 ], [ -39.94626812, -18.49400955 ], [ -39.94623684, -18.49406533 ], [ -39.94619931, -18.49412813 ], [ -39.94609006, -18.49431833 ], [ -39.9460619, -18.49436543 ], [ -39.94601637, -18.49444467 ], [ -39.94598337, -18.49449954 ], [ -39.94590572, -18.49463413 ], [ -39.94588166, -18.49467348 ] ] } },
{ "type": "Feature", "properties": { }, "geometry": { "type": "LineString", "coordinates": [ [ -39.94828321, -18.49050677 ], [ -39.94827016, -18.49053147 ], [ -39.94824752, -18.49057116 ], [ -39.94814584, -18.49074469 ], [ -39.94804116, -18.49092698 ], [ -39.94798997, -18.49101356 ], [ -39.94797225, -18.49104551 ], [ -39.94793067, -18.49111651 ], [ -39.94792206, -18.49113261 ], [ -39.94788961, -18.49118778 ], [ -39.94786266, -18.49123551 ], [ -39.94780182, -18.49133765 ], [ -39.94776068, -18.49140889 ], [ -39.94774301, -18.49144086 ], [ -39.94770108, -18.49151168 ], [ -39.94767409, -18.49155939 ], [ -39.94764626, -18.49160667 ], [ -39.94763768, -18.49162278 ], [ -39.94760927, -18.49166974 ], [ -39.94759597, -18.4916937 ], [ -39.94752198, -18.49181989 ], [ -39.94745374, -18.49193878 ], [ -39.94734792, -18.49212047 ], [ -39.94732105, -18.49216825 ], [ -39.94722367, -18.49233372 ], [ -39.94719229, -18.49238945 ], [ -39.94697641, -18.49276091 ], [ -39.94692658, -18.49284821 ], [ -39.94690309, -18.49288744 ], [ -39.94687599, -18.4929351 ], [ -39.94683429, -18.49300605 ], [ -39.94678901, -18.49308542 ], [ -39.94674702, -18.4931562 ], [ -39.94671535, -18.49321177 ], [ -39.94668715, -18.49325885 ], [ -39.94666018, -18.49330658 ], [ -39.94651777, -18.49355157 ], [ -39.94649073, -18.49359926 ], [ -39.94646272, -18.49364644 ], [ -39.9464034, -18.49374939 ], [ -39.94637057, -18.49380435 ], [ -39.94632546, -18.49388382 ], [ -39.94626076, -18.49399425 ], [ -39.94621555, -18.49407367 ], [ -39.94617807, -18.4941365 ], [ -39.94608701, -18.49429499 ], [ -39.94601294, -18.49442113 ], [ -39.94599519, -18.49445307 ], [ -39.94594823, -18.49453155 ], [ -39.94587025, -18.49466612 ] ] } },
{ "type": "Feature", "properties": { }, "geometry": { "type": "LineString", "coordinates": [ [ -39.94731165, -18.49083076 ], [ -39.94730072, -18.490816 ], [ -39.94728931, -18.49080157 ], [ -39.94728348, -18.49079445 ], [ -39.9472772, -18.49078771 ], [ -39.94725657, -18.49076907 ], [ -39.94725037, -18.49076226 ], [ -39.94724756, -18.49075879 ] ] } },
{ "type": "Feature", "properties": { }, "geometry": { "type": "LineString", "coordinates": [ [ -39.94726446, -18.49075689 ], [ -39.94727123, -18.4907632 ], [ -39.94728529, -18.49077531 ], [ -39.94729193, -18.49078176 ], [ -39.94729813, -18.49078859 ], [ -39.947304, -18.49079568 ], [ -39.94730954, -18.49080301 ], [ -39.94731978, -18.49081822 ], [ -39.94732325, -18.49082287 ] ] } },
{ "type": "Feature", "properties": { }, "geometry": { "type": "LineString", "coordinates": [ [ -39.94733593, -18.49081441 ], [ -39.94731988, -18.49079204 ], [ -39.94731407, -18.49078491 ], [ -39.94730707, -18.49077882 ], [ -39.94729961, -18.49077325 ], [ -39.94729274, -18.49076702 ], [ -39.94727975, -18.49075388 ], [ -39.94727347, -18.49074711 ], [ -39.94726879, -18.49074118 ] ] } },
{ "type": "Feature", "properties": { }, "geometry": { "type": "LineString", "coordinates": [ [ -39.94728066, -18.49073147 ], [ -39.94729398, -18.49074432 ], [ -39.94730021, -18.49075112 ], [ -39.94731198, -18.49076528 ], [ -39.94731862, -18.49077169 ], [ -39.94732495, -18.4907784 ], [ -39.94733066, -18.49078561 ], [ -39.94734641, -18.49080758 ] ] } },
{ "type": "Feature", "properties": { }, "geometry": { "type": "LineString", "coordinates": [ [ -39.94549364, -18.4943326 ], [ -39.94548448, -18.49434842 ], [ -39.94548061, -18.49435666 ], [ -39.94547695, -18.494365 ], [ -39.94546754, -18.49438069 ], [ -39.94545701, -18.49439974 ] ] } },
{ "type": "Feature", "properties": { }, "geometry": { "type": "LineString", "coordinates": [ [ -39.94543221, -18.49438375 ], [ -39.94544184, -18.49436871 ], [ -39.94545129, -18.49435304 ], [ -39.94545573, -18.49434506 ], [ -39.94546329, -18.49432849 ], [ -39.94546762, -18.49432045 ], [ -39.94547238, -18.49431264 ], [ -39.94548042, -18.49430022 ] ] } },
{ "type": "Feature", "properties": { }, "geometry": { "type": "LineString", "coordinates": [ [ -39.94534981, -18.49433063 ], [ -39.94536398, -18.49430765 ], [ -39.94536863, -18.49429978 ], [ -39.94537732, -18.49428372 ], [ -39.94538629, -18.49426781 ], [ -39.94539219, -18.49425677 ] ] } },
{ "type": "Feature", "properties": { }, "geometry": { "type": "LineString", "coordinates": [ [ -39.94533737, -18.49432261 ], [ -39.9453607, -18.49428381 ], [ -39.94537062, -18.49426841 ], [ -39.94539251, -18.49422835 ], [ -39.94540233, -18.49421291 ], [ -39.94541542, -18.49418885 ], [ -39.94542016, -18.49418102 ], [ -39.94543354, -18.49416003 ] ] } },
{ "type": "Feature", "properties": { }, "geometry": { "type": "LineString", "coordinates": [ [ -39.94542146, -18.49415378 ], [ -39.94540669, -18.49417694 ], [ -39.94540202, -18.4941848 ], [ -39.94539347, -18.49420093 ], [ -39.94538898, -18.49420889 ], [ -39.94538384, -18.49421648 ], [ -39.94537909, -18.4942243 ], [ -39.9453748, -18.49423235 ], [ -39.94537029, -18.4942403 ], [ -39.94532489, -18.49431457 ] ] } },
{ "type": "Feature", "properties": { }, "geometry": { "type": "LineString", "coordinates": [ [ -39.94531211, -18.49430633 ], [ -39.94536068, -18.49422927 ], [ -39.94536544, -18.49422146 ], [ -39.94536987, -18.49421347 ], [ -39.94538266, -18.49418926 ], [ -39.9453871, -18.49418128 ], [ -39.94539199, -18.49417355 ], [ -39.94540214, -18.49415829 ], [ -39.94540948, -18.49414681 ] ] } },
{ "type": "Feature", "properties": { }, "geometry": { "type": "LineString", "coordinates": [ [ -39.94530053, -18.49429886 ], [ -39.94532413, -18.49426021 ], [ -39.94534407, -18.49422947 ], [ -39.94534892, -18.49422172 ], [ -39.94535346, -18.49421378 ], [ -39.94537529, -18.49417369 ], [ -39.94538464, -18.49415797 ], [ -39.94539662, -18.49413911 ] ] } },
{ "type": "Feature", "properties": { }, "geometry": { "type": "LineString", "coordinates": [ [ -39.94528914, -18.49429152 ], [ -39.94531312, -18.49425308 ], [ -39.9453179, -18.49424528 ], [ -39.94532716, -18.49422951 ], [ -39.94534177, -18.49420626 ], [ -39.94534622, -18.49419829 ], [ -39.945359, -18.49417407 ], [ -39.94536338, -18.49416606 ], [ -39.94537289, -18.49415043 ], [ -39.94538449, -18.49413214 ] ] } },
{ "type": "Feature", "properties": { }, "geometry": { "type": "LineString", "coordinates": [ [ -39.94527861, -18.49428473 ], [ -39.94530206, -18.494246 ], [ -39.94531504, -18.49422188 ], [ -39.94531987, -18.49421412 ], [ -39.94532987, -18.49419877 ], [ -39.94533864, -18.49418276 ], [ -39.94534774, -18.49416691 ], [ -39.94535599, -18.49415064 ], [ -39.94536046, -18.49414268 ], [ -39.94536985, -18.49412698 ], [ -39.94537958, -18.49411148 ], [ -39.94538344, -18.49410327 ], [ -39.94538475, -18.49409979 ] ] } },
{ "type": "Feature", "properties": { }, "geometry": { "type": "LineString", "coordinates": [ [ -39.94537001, -18.49410178 ], [ -39.94534601, -18.49414074 ], [ -39.94531985, -18.49418888 ], [ -39.94531533, -18.49419682 ], [ -39.94530522, -18.4942121 ], [ -39.94530036, -18.49421986 ], [ -39.94529197, -18.49423607 ], [ -39.9452677, -18.4942777 ] ] } },
{ "type": "Feature", "properties": { }, "geometry": { "type": "LineString", "coordinates": [ [ -39.9453572, -18.49409472 ], [ -39.94534678, -18.49410981 ], [ -39.94534222, -18.49411773 ], [ -39.94533834, -18.49412597 ], [ -39.94533411, -18.49413406 ], [ -39.9453157, -18.49416566 ], [ -39.94530732, -18.49418186 ], [ -39.94530267, -18.49418974 ], [ -39.94528753, -18.49421268 ], [ -39.94528288, -18.49422055 ], [ -39.94525595, -18.49427012 ] ] } },
{ "type": "Feature", "properties": { }, "geometry": { "type": "LineString", "coordinates": [ [ -39.94524229, -18.4942619 ], [ -39.94526544, -18.494223 ], [ -39.94526988, -18.49421502 ], [ -39.94527397, -18.49420687 ], [ -39.94527838, -18.49419888 ], [ -39.94528352, -18.4941913 ], [ -39.94528905, -18.49418397 ], [ -39.94529403, -18.49417632 ], [ -39.94530238, -18.49416009 ], [ -39.94530685, -18.49415213 ], [ -39.94532169, -18.49412902 ], [ -39.94532612, -18.49412105 ], [ -39.94532979, -18.49411272 ], [ -39.94533407, -18.4941047 ], [ -39.94534592, -18.49408754 ] ] } },
{ "type": "Feature", "properties": { }, "geometry": { "type": "LineString", "coordinates": [ [ -39.94522954, -18.49425497 ], [ -39.94525267, -18.49421606 ], [ -39.94525707, -18.49420806 ], [ -39.94526119, -18.49419993 ], [ -39.94526568, -18.49419197 ], [ -39.94527086, -18.49418441 ], [ -39.94527634, -18.49417704 ], [ -39.94528126, -18.49416932 ], [ -39.94529009, -18.49415333 ], [ -39.94529473, -18.49414545 ], [ -39.94529976, -18.4941378 ], [ -39.94530503, -18.49413029 ], [ -39.9453101, -18.49412266 ], [ -39.94531453, -18.49411469 ], [ -39.94531837, -18.49410643 ], [ -39.9453224, -18.49409826 ], [ -39.94532712, -18.49409043 ], [ -39.94533221, -18.49408281 ], [ -39.94534654, -18.4940594 ], [ -39.94536106, -18.49403611 ], [ -39.94536643, -18.49402867 ], [ -39.94537116, -18.49402086 ], [ -39.94537465, -18.49401246 ] ] } },
{ "type": "Feature", "properties": { }, "geometry": { "type": "LineString", "coordinates": [ [ -39.94536428, -18.49399852 ], [ -39.94536121, -18.49400706 ], [ -39.94535762, -18.49401542 ], [ -39.94535259, -18.49402308 ], [ -39.94534713, -18.49403047 ], [ -39.94534245, -18.49403832 ], [ -39.94533274, -18.49405385 ], [ -39.94531841, -18.49407725 ], [ -39.94530075, -18.49410924 ], [ -39.94529594, -18.49411702 ], [ -39.9452809, -18.49414003 ], [ -39.94527668, -18.49414812 ], [ -39.94527284, -18.49415638 ], [ -39.94526874, -18.49416451 ], [ -39.94526379, -18.49417221 ], [ -39.94525835, -18.49417961 ], [ -39.94525327, -18.49418723 ], [ -39.94524884, -18.49419521 ], [ -39.94524467, -18.49420333 ], [ -39.94524023, -18.49421131 ], [ -39.945218, -18.49424871 ] ] } },
{ "type": "Feature", "properties": { }, "geometry": { "type": "LineString", "coordinates": [ [ -39.94536005, -18.49398389 ], [ -39.94535417, -18.49399099 ], [ -39.94534873, -18.49399838 ], [ -39.94534424, -18.49400634 ], [ -39.94533955, -18.49401419 ], [ -39.94532939, -18.49402945 ], [ -39.94532454, -18.49403721 ], [ -39.94529398, -18.49409334 ], [ -39.94528923, -18.49410117 ], [ -39.9452783, -18.49411592 ], [ -39.94527321, -18.49412355 ], [ -39.94526911, -18.4941317 ], [ -39.9452617, -18.49414833 ], [ -39.94525775, -18.49415654 ], [ -39.94525304, -18.49416437 ], [ -39.94524256, -18.49417942 ], [ -39.94523794, -18.4941873 ], [ -39.94522933, -18.4942034 ], [ -39.94520628, -18.49424234 ] ] } },
{ "type": "Feature", "properties": { }, "geometry": { "type": "LineString", "coordinates": [ [ -39.94534719, -18.49397692 ], [ -39.94534132, -18.49398401 ], [ -39.94533588, -18.4939914 ], [ -39.94533139, -18.49399936 ], [ -39.94532124, -18.49401462 ], [ -39.94531662, -18.4940225 ], [ -39.94529464, -18.49406252 ], [ -39.94528991, -18.49407035 ], [ -39.94528015, -18.49408584 ], [ -39.94526476, -18.49410863 ], [ -39.94526018, -18.49411653 ], [ -39.94525627, -18.49412475 ], [ -39.94524507, -18.49414967 ], [ -39.94524069, -18.49415767 ], [ -39.94523591, -18.49416547 ], [ -39.94523078, -18.49417306 ], [ -39.94522619, -18.49418097 ], [ -39.94521755, -18.49419705 ], [ -39.94519451, -18.49423595 ] ] } },
{ "type": "Feature", "properties": { }, "geometry": { "type": "LineString", "coordinates": [ [ -39.94533468, -18.49397025 ], [ -39.94532881, -18.49397734 ], [ -39.94532336, -18.49398474 ], [ -39.94531887, -18.49399269 ], [ -39.94530872, -18.49400795 ], [ -39.9453042, -18.49401589 ], [ -39.94529104, -18.49403992 ], [ -39.94528644, -18.49404782 ], [ -39.94527685, -18.4940634 ], [ -39.94526784, -18.4940793 ], [ -39.94526312, -18.49408714 ], [ -39.94525792, -18.49409468 ], [ -39.94525239, -18.49410202 ], [ -39.94524739, -18.49410968 ], [ -39.94524341, -18.49411786 ], [ -39.94523314, -18.49414314 ], [ -39.94522875, -18.49415112 ], [ -39.94521862, -18.49416639 ], [ -39.94521404, -18.4941743 ], [ -39.94520539, -18.49419038 ], [ -39.94518231, -18.49422933 ] ] } },
{ "type": "Feature", "properties": { }, "geometry": { "type": "LineString", "coordinates": [ [ -39.94532283, -18.4939641 ], [ -39.94531696, -18.49397119 ], [ -39.94531151, -18.49397859 ], [ -39.94530702, -18.49398654 ], [ -39.94529693, -18.49400184 ], [ -39.94529171, -18.49400938 ], [ -39.94528712, -18.49401728 ], [ -39.94527873, -18.49403348 ], [ -39.94527423, -18.49404144 ], [ -39.94524007, -18.49409565 ], [ -39.94523565, -18.49410365 ], [ -39.94523176, -18.49411188 ], [ -39.94522754, -18.49411997 ], [ -39.9452235, -18.49412815 ], [ -39.94522012, -18.49413658 ], [ -39.94521596, -18.4941447 ], [ -39.94520592, -18.49416001 ], [ -39.94520138, -18.49416794 ], [ -39.94519269, -18.494184 ], [ -39.94516984, -18.49422255 ] ] } },
{ "type": "Feature", "properties": { }, "geometry": { "type": "LineString", "coordinates": [ [ -39.94515989, -18.49421715 ], [ -39.94517362, -18.49419393 ], [ -39.94517805, -18.49418594 ], [ -39.94518187, -18.49417767 ], [ -39.94518539, -18.49416928 ], [ -39.94518922, -18.49416102 ], [ -39.94519361, -18.49415301 ], [ -39.94520333, -18.49413749 ], [ -39.9452074, -18.49412934 ], [ -39.94521451, -18.49411259 ], [ -39.9452187, -18.49410448 ], [ -39.94522352, -18.4940967 ], [ -39.94523403, -18.49408167 ], [ -39.9452388, -18.49407386 ], [ -39.94524813, -18.49405813 ], [ -39.94525665, -18.49404199 ], [ -39.94527226, -18.49401933 ], [ -39.9452852, -18.4939952 ], [ -39.94529527, -18.4939799 ], [ -39.9452998, -18.49397196 ], [ -39.94530518, -18.49396453 ], [ -39.94531102, -18.49395741 ] ] } },
{ "type": "Feature", "properties": { }, "geometry": { "type": "LineString", "coordinates": [ [ -39.94514684, -18.49421006 ], [ -39.94516517, -18.49417894 ], [ -39.94516966, -18.49417099 ], [ -39.94518188, -18.49414652 ], [ -39.94519139, -18.49413091 ], [ -39.94519533, -18.4941227 ], [ -39.94519882, -18.4941143 ], [ -39.9452025, -18.49410597 ], [ -39.94520669, -18.49409787 ], [ -39.94521139, -18.49409003 ], [ -39.94522152, -18.49407476 ], [ -39.94522631, -18.49406697 ], [ -39.94523547, -18.49405115 ], [ -39.94524442, -18.49403522 ], [ -39.94524912, -18.49402737 ], [ -39.94526888, -18.49399653 ], [ -39.94527368, -18.49398874 ], [ -39.94528246, -18.49397273 ], [ -39.94528719, -18.49396491 ], [ -39.94529251, -18.49395744 ], [ -39.94529946, -18.49394869 ] ] } },
{ "type": "Feature", "properties": { }, "geometry": { "type": "LineString", "coordinates": [ [ -39.94826721, -18.49050727 ], [ -39.94822668, -18.49057931 ], [ -39.94817188, -18.49067432 ], [ -39.94812504, -18.49075287 ], [ -39.94806162, -18.49086398 ], [ -39.94799193, -18.49098211 ], [ -39.94794205, -18.49106938 ], [ -39.94791842, -18.49110854 ], [ -39.9478511, -18.49122791 ], [ -39.94780387, -18.49130624 ], [ -39.94777304, -18.49136225 ], [ -39.9477492, -18.49140129 ], [ -39.94772231, -18.49144906 ], [ -39.94768927, -18.49150391 ], [ -39.9476482, -18.49157518 ], [ -39.9476262, -18.49161519 ], [ -39.94756082, -18.49172526 ], [ -39.94739601, -18.49201007 ], [ -39.94734022, -18.49210455 ], [ -39.94731374, -18.49215253 ], [ -39.94723471, -18.49228638 ], [ -39.94712539, -18.49247654 ], [ -39.94694133, -18.4927925 ], [ -39.94690993, -18.49284821 ], [ -39.94683116, -18.49298221 ], [ -39.94677704, -18.49307757 ], [ -39.94673496, -18.4931483 ], [ -39.94656571, -18.4934411 ], [ -39.94650524, -18.49354344 ], [ -39.9464785, -18.49359128 ], [ -39.94635385, -18.49380434 ], [ -39.94627138, -18.49394671 ], [ -39.94624013, -18.4940025 ], [ -39.94616624, -18.49412874 ], [ -39.94614388, -18.49416857 ], [ -39.94600544, -18.49440533 ], [ -39.94597858, -18.49445312 ], [ -39.94595032, -18.49450015 ], [ -39.94585854, -18.49465857 ] ] } },
{ "type": "Feature", "properties": { }, "geometry": { "type": "LineString", "coordinates": [ [ -39.94825108, -18.49050777 ], [ -39.94821039, -18.49057989 ], [ -39.94816008, -18.49066694 ], [ -39.9481225, -18.49072972 ], [ -39.94805459, -18.49084878 ], [ -39.94802593, -18.49089561 ], [ -39.94800359, -18.49093545 ], [ -39.94795308, -18.49102239 ], [ -39.94790627, -18.49110096 ], [ -39.94786207, -18.49118089 ], [ -39.94779677, -18.491291 ], [ -39.94777001, -18.49133883 ], [ -39.94774168, -18.49138584 ], [ -39.94771933, -18.49142567 ], [ -39.94767759, -18.49149659 ], [ -39.94761001, -18.49161583 ], [ -39.94754884, -18.49171779 ], [ -39.94745285, -18.491884 ], [ -39.94736049, -18.49204181 ], [ -39.94729714, -18.49215295 ], [ -39.94722276, -18.49227893 ], [ -39.9471133, -18.49246902 ], [ -39.94693374, -18.49277703 ], [ -39.94690224, -18.49283269 ], [ -39.94679535, -18.49301381 ], [ -39.94675546, -18.49308568 ], [ -39.94672693, -18.49313258 ], [ -39.94668647, -18.49320417 ], [ -39.94664915, -18.49326708 ], [ -39.94660414, -18.4933466 ], [ -39.94658527, -18.49337794 ], [ -39.94655368, -18.49343356 ], [ -39.94649309, -18.49353584 ], [ -39.94645261, -18.49360742 ], [ -39.94639218, -18.49370977 ], [ -39.94625936, -18.49393918 ], [ -39.94622806, -18.49399494 ], [ -39.9460071, -18.49437405 ], [ -39.94596669, -18.49444566 ], [ -39.94588764, -18.4945795 ], [ -39.94584642, -18.49465076 ] ] } },
{ "type": "Feature", "properties": { }, "geometry": { "type": "LineString", "coordinates": [ [ -39.94823412, -18.4905083 ], [ -39.94817518, -18.49061163 ], [ -39.94809657, -18.4907457 ], [ -39.94804252, -18.4908411 ], [ -39.94800888, -18.49089561 ], [ -39.94797342, -18.4909595 ], [ -39.94793087, -18.49102998 ], [ -39.94786262, -18.49114887 ], [ -39.94784496, -18.49118085 ], [ -39.94771545, -18.49140167 ], [ -39.94762873, -18.49155212 ], [ -39.94759751, -18.49160792 ], [ -39.94758294, -18.4916312 ], [ -39.94753215, -18.49171799 ], [ -39.94735331, -18.49202638 ], [ -39.94730384, -18.49211387 ], [ -39.94723824, -18.49222382 ], [ -39.94709221, -18.49247723 ], [ -39.94706421, -18.49252441 ], [ -39.94704184, -18.49256424 ], [ -39.94696749, -18.49269023 ], [ -39.94687633, -18.49284867 ], [ -39.94678341, -18.49300618 ], [ -39.94676109, -18.49304603 ], [ -39.94671004, -18.49313269 ], [ -39.94660995, -18.49330706 ], [ -39.94656801, -18.49337787 ], [ -39.94654125, -18.49342571 ], [ -39.94648096, -18.49352814 ], [ -39.94642689, -18.49362353 ], [ -39.94638471, -18.49369421 ], [ -39.94621121, -18.49399509 ], [ -39.94617849, -18.49405011 ], [ -39.946092, -18.49420068 ], [ -39.94597225, -18.494406 ], [ -39.94594559, -18.49445388 ], [ -39.94590347, -18.4945246 ], [ -39.94587189, -18.49458022 ], [ -39.94585286, -18.49461147 ], [ -39.94583468, -18.49464319 ] ] } },
{ "type": "Feature", "properties": { }, "geometry": { "type": "LineString", "coordinates": [ [ -39.9482176, -18.49050882 ], [ -39.9481816, -18.49057237 ], [ -39.94808463, -18.49073807 ], [ -39.94802591, -18.49084133 ], [ -39.94801119, -18.49086452 ], [ -39.94795685, -18.49095977 ], [ -39.9479097, -18.49103814 ], [ -39.94785059, -18.4911412 ], [ -39.94782895, -18.49118139 ], [ -39.94780058, -18.49122838 ], [ -39.94773638, -18.49133908 ], [ -39.94770791, -18.49138601 ], [ -39.94769484, -18.49141008 ], [ -39.94768056, -18.49143352 ], [ -39.94766749, -18.49145759 ], [ -39.94762614, -18.49152872 ], [ -39.9476084, -18.49156065 ], [ -39.94758962, -18.49159205 ], [ -39.94757663, -18.49161616 ], [ -39.94756195, -18.49163937 ], [ -39.94752487, -18.49170242 ], [ -39.94745646, -18.49182123 ], [ -39.9474238, -18.49187628 ], [ -39.94732773, -18.49204246 ], [ -39.94728764, -18.49211423 ], [ -39.94722638, -18.49221615 ], [ -39.9471997, -18.49226402 ], [ -39.94711665, -18.49240608 ], [ -39.94699827, -18.49261212 ], [ -39.94695113, -18.4926905 ], [ -39.94684661, -18.49287287 ], [ -39.94679931, -18.49295117 ], [ -39.94672696, -18.49307821 ], [ -39.94669411, -18.49313316 ], [ -39.94659819, -18.49329942 ], [ -39.94654707, -18.49338604 ], [ -39.94640146, -18.49363966 ], [ -39.94629514, -18.49382108 ], [ -39.94626814, -18.4938688 ], [ -39.94616681, -18.49404252 ], [ -39.94613988, -18.49409027 ], [ -39.94610272, -18.49415328 ], [ -39.9460255, -18.49428809 ], [ -39.94601133, -18.49431159 ], [ -39.94600306, -18.49432785 ], [ -39.94597452, -18.49437473 ], [ -39.94592934, -18.49445416 ], [ -39.94589201, -18.49451708 ], [ -39.94586028, -18.49457262 ], [ -39.94582239, -18.49463527 ] ] } },
{ "type": "Feature", "properties": { }, "geometry": { "type": "LineString", "coordinates": [ [ -39.94820103, -18.49050934 ], [ -39.94812361, -18.49064344 ], [ -39.94808589, -18.49070615 ], [ -39.94800959, -18.49084143 ], [ -39.94798149, -18.49088856 ], [ -39.94794057, -18.49095991 ], [ -39.9479071, -18.49101452 ], [ -39.94784365, -18.49112562 ], [ -39.94782955, -18.49114915 ], [ -39.94781196, -18.49118117 ], [ -39.94772415, -18.49133104 ], [ -39.94769088, -18.49138576 ], [ -39.94768243, -18.49140194 ], [ -39.94762841, -18.49149735 ], [ -39.947582, -18.49157613 ], [ -39.9474173, -18.491861 ], [ -39.94737981, -18.49192382 ], [ -39.94732583, -18.49201926 ], [ -39.9473024, -18.49205853 ], [ -39.94727553, -18.4921063 ], [ -39.94721936, -18.49220058 ], [ -39.94700477, -18.49257272 ], [ -39.94688912, -18.49276986 ], [ -39.94684855, -18.4928414 ], [ -39.94676488, -18.49298313 ], [ -39.94669677, -18.49310209 ], [ -39.94667327, -18.49314132 ], [ -39.94659096, -18.49328378 ], [ -39.94655963, -18.49333953 ], [ -39.9465313, -18.49338653 ], [ -39.94648144, -18.49347382 ], [ -39.94645318, -18.49352086 ], [ -39.94639895, -18.49361617 ], [ -39.94629282, -18.49379769 ], [ -39.94619248, -18.49397193 ], [ -39.94614622, -18.49405079 ], [ -39.94612406, -18.49409073 ], [ -39.94610041, -18.49412988 ], [ -39.94603133, -18.49424833 ], [ -39.94600445, -18.4942961 ], [ -39.94596274, -18.49436703 ], [ -39.94590392, -18.49447024 ], [ -39.94581085, -18.49462783 ] ] } },
{ "type": "Feature", "properties": { }, "geometry": { "type": "LineString", "coordinates": [ [ -39.94818496, -18.49050984 ], [ -39.94816148, -18.49054861 ], [ -39.94812552, -18.49061225 ], [ -39.9480743, -18.49069881 ], [ -39.94800631, -18.49081784 ], [ -39.9479978, -18.49083398 ], [ -39.94797844, -18.49086506 ], [ -39.94793763, -18.49093647 ], [ -39.94789497, -18.49100688 ], [ -39.94784071, -18.49110217 ], [ -39.94782186, -18.49113352 ], [ -39.94779518, -18.4911814 ], [ -39.94778071, -18.49120473 ], [ -39.94770738, -18.49133127 ], [ -39.94767902, -18.49137826 ], [ -39.94765265, -18.49142629 ], [ -39.94758441, -18.49154519 ], [ -39.94750592, -18.49167933 ], [ -39.94741933, -18.49182985 ], [ -39.94737728, -18.4919006 ], [ -39.9473597, -18.49193262 ], [ -39.94733633, -18.49197192 ], [ -39.94726805, -18.4920908 ], [ -39.94718899, -18.49222463 ], [ -39.94716207, -18.49227238 ], [ -39.94696911, -18.4926043 ], [ -39.94693293, -18.49266782 ], [ -39.94687259, -18.49277023 ], [ -39.94683667, -18.49283389 ], [ -39.94676707, -18.49295207 ], [ -39.94672651, -18.4930236 ], [ -39.94666163, -18.49313394 ], [ -39.9464834, -18.49344265 ], [ -39.94640924, -18.49356875 ], [ -39.9463596, -18.49365615 ], [ -39.94630381, -18.49375063 ], [ -39.94624471, -18.4938537 ], [ -39.94622108, -18.49389285 ], [ -39.94618076, -18.49396452 ], [ -39.94613398, -18.4940431 ], [ -39.9461025, -18.49409877 ], [ -39.9460286, -18.49422501 ], [ -39.94599712, -18.49428068 ], [ -39.94595525, -18.49435153 ], [ -39.94588736, -18.4944706 ], [ -39.9457988, -18.49462006 ] ] } },
{ "type": "Feature", "properties": { }, "geometry": { "type": "LineString", "coordinates": [ [ -39.94816775, -18.49051038 ], [ -39.94808098, -18.4906602 ], [ -39.94805906, -18.49070025 ], [ -39.94805385, -18.4907078 ], [ -39.94799448, -18.49081073 ], [ -39.94794798, -18.49088946 ], [ -39.94793027, -18.49092141 ], [ -39.94789209, -18.49098386 ], [ -39.94785611, -18.49104748 ], [ -39.94784207, -18.49107106 ], [ -39.94782487, -18.49110326 ], [ -39.94778304, -18.49117413 ], [ -39.94776386, -18.49120531 ], [ -39.9477271, -18.49126852 ], [ -39.94772251, -18.49127643 ], [ -39.94769142, -18.4913323 ], [ -39.94760394, -18.49148235 ], [ -39.94756788, -18.49154594 ], [ -39.94755367, -18.49156941 ], [ -39.94740726, -18.49182262 ], [ -39.9473699, -18.49188553 ], [ -39.94734343, -18.4919335 ], [ -39.94726921, -18.49205957 ], [ -39.94724684, -18.49209939 ], [ -39.94711755, -18.49232033 ], [ -39.94705895, -18.49242365 ], [ -39.94699851, -18.49252601 ], [ -39.94691639, -18.49266856 ], [ -39.94686076, -18.49276313 ], [ -39.94683839, -18.49280296 ], [ -39.94673728, -18.4929768 ], [ -39.94672424, -18.49300088 ], [ -39.94664534, -18.49313481 ], [ -39.94654522, -18.49330917 ], [ -39.94650777, -18.49337202 ], [ -39.94648546, -18.49341188 ], [ -39.94639299, -18.49356962 ], [ -39.94635237, -18.49364113 ], [ -39.94627344, -18.49377504 ], [ -39.9461642, -18.49396524 ], [ -39.94612199, -18.4940359 ], [ -39.94609525, -18.49408375 ], [ -39.94603067, -18.49419425 ], [ -39.94599476, -18.49425791 ], [ -39.9459251, -18.49437606 ], [ -39.94587992, -18.49445548 ], [ -39.94585192, -18.49450267 ], [ -39.94581104, -18.49457404 ], [ -39.94578738, -18.4946127 ] ] } },
{ "type": "Feature", "properties": { }, "geometry": { "type": "LineString", "coordinates": [ [ -39.94815171, -18.49051088 ], [ -39.94812869, -18.49054976 ], [ -39.94811552, -18.49057378 ], [ -39.94800123, -18.49077165 ], [ -39.94794995, -18.49085818 ], [ -39.94791376, -18.4909217 ], [ -39.94787566, -18.49098419 ], [ -39.94786288, -18.4910084 ], [ -39.94780872, -18.49110374 ], [ -39.94775701, -18.49119005 ], [ -39.94773943, -18.49122207 ], [ -39.94771582, -18.49126123 ], [ -39.94769394, -18.49130131 ], [ -39.94767057, -18.49134061 ], [ -39.94765278, -18.49137252 ], [ -39.94763381, -18.49140382 ], [ -39.94757458, -18.49150681 ], [ -39.94754188, -18.49156184 ], [ -39.94751499, -18.49160961 ], [ -39.94745929, -18.49170414 ], [ -39.94740926, -18.49179134 ], [ -39.94737184, -18.4918542 ], [ -39.94733189, -18.49192605 ], [ -39.94731294, -18.49195735 ], [ -39.94723529, -18.49209194 ], [ -39.94710596, -18.49231285 ], [ -39.94708812, -18.49234474 ], [ -39.9469914, -18.49251057 ], [ -39.94694152, -18.49259784 ], [ -39.94674401, -18.49293769 ], [ -39.94670787, -18.49300123 ], [ -39.94661547, -18.49315901 ], [ -39.94659758, -18.49319088 ], [ -39.94644567, -18.49345151 ], [ -39.94641402, -18.4935071 ], [ -39.94636725, -18.49358568 ], [ -39.94631771, -18.49367313 ], [ -39.94623954, -18.49380745 ], [ -39.9462114, -18.49385455 ], [ -39.94616638, -18.49393406 ], [ -39.94610592, -18.49403641 ], [ -39.94605159, -18.49413166 ], [ -39.94601437, -18.49419464 ], [ -39.94593695, -18.49432934 ], [ -39.94591799, -18.49436064 ], [ -39.94587746, -18.49443219 ], [ -39.94584016, -18.49449512 ], [ -39.9458135, -18.49454301 ], [ -39.94579494, -18.49457452 ], [ -39.94577575, -18.49460521 ] ] } },
{ "type": "Feature", "properties": { }, "geometry": { "type": "LineString", "coordinates": [ [ -39.94813555, -18.49051138 ], [ -39.94810889, -18.49055867 ], [ -39.9481043, -18.49056658 ], [ -39.94808077, -18.49060579 ], [ -39.94792485, -18.49087464 ], [ -39.94790245, -18.49091445 ], [ -39.94789781, -18.49092232 ], [ -39.94787355, -18.49096113 ], [ -39.94786887, -18.49096899 ], [ -39.94783308, -18.49103271 ], [ -39.94782012, -18.49105684 ], [ -39.94781566, -18.49106481 ], [ -39.94775507, -18.49116709 ], [ -39.94768242, -18.49129398 ], [ -39.94765457, -18.49134124 ], [ -39.94763679, -18.49137316 ], [ -39.94758087, -18.49146758 ], [ -39.94746594, -18.49166511 ], [ -39.94740232, -18.49177611 ], [ -39.94736957, -18.49183112 ], [ -39.9473427, -18.49187889 ], [ -39.94733414, -18.49189502 ], [ -39.94732971, -18.49190301 ], [ -39.94727808, -18.49198935 ], [ -39.94721016, -18.49210841 ], [ -39.94719581, -18.49213181 ], [ -39.94716859, -18.4921794 ], [ -39.94711281, -18.49227389 ], [ -39.94708566, -18.49232153 ], [ -39.94698875, -18.49248726 ], [ -39.94696657, -18.49252718 ], [ -39.94682375, -18.49277195 ], [ -39.94662732, -18.49311237 ], [ -39.9465764, -18.49319909 ], [ -39.94654937, -18.49324679 ], [ -39.94633705, -18.49360979 ], [ -39.94631031, -18.49365764 ], [ -39.94627382, -18.493721 ], [ -39.94619977, -18.49384716 ], [ -39.9461545, -18.49392654 ], [ -39.94601166, -18.4941713 ], [ -39.94598925, -18.49421111 ], [ -39.94589697, -18.49436896 ], [ -39.94577815, -18.49457476 ], [ -39.94577346, -18.49458261 ], [ -39.94576407, -18.49459768 ] ] } },
{ "type": "Feature", "properties": { }, "geometry": { "type": "LineString", "coordinates": [ [ -39.94575222, -18.49459003 ], [ -39.94578454, -18.49453445 ], [ -39.94583153, -18.49445599 ], [ -39.94589015, -18.49435267 ], [ -39.94599657, -18.49417131 ], [ -39.94608764, -18.49401282 ], [ -39.94612054, -18.4939579 ], [ -39.946193, -18.49383091 ], [ -39.94624444, -18.49374446 ], [ -39.94632103, -18.49360932 ], [ -39.94647435, -18.49334944 ], [ -39.94649669, -18.4933096 ], [ -39.94653842, -18.49323868 ], [ -39.94656977, -18.49318294 ], [ -39.94660709, -18.49312002 ], [ -39.94665692, -18.49303271 ], [ -39.9466615, -18.49302481 ], [ -39.94668042, -18.49299349 ], [ -39.94668502, -18.49298559 ], [ -39.94673507, -18.4928984 ], [ -39.94673971, -18.49289053 ], [ -39.94674937, -18.49287497 ], [ -39.946754, -18.49286709 ], [ -39.94686775, -18.49266894 ], [ -39.9469144, -18.49259029 ], [ -39.94692362, -18.4925745 ], [ -39.9469691, -18.49249523 ], [ -39.94698673, -18.49246324 ], [ -39.94702893, -18.49239257 ], [ -39.94709714, -18.49227366 ], [ -39.94713446, -18.49221074 ], [ -39.94713919, -18.49220291 ], [ -39.94715372, -18.49217961 ], [ -39.94715834, -18.49217172 ], [ -39.94717188, -18.49214789 ], [ -39.94718476, -18.49212372 ], [ -39.94720356, -18.49209234 ], [ -39.94722117, -18.49206033 ], [ -39.94724, -18.49202897 ], [ -39.94724458, -18.49202105 ], [ -39.94726261, -18.49198926 ], [ -39.94727111, -18.49197311 ], [ -39.94727576, -18.49196524 ], [ -39.94728096, -18.49195768 ], [ -39.94728586, -18.49194995 ], [ -39.94730428, -18.49191836 ], [ -39.94731391, -18.4919028 ], [ -39.94731847, -18.49189488 ], [ -39.94735854, -18.49182309 ], [ -39.94739601, -18.49176025 ], [ -39.94743696, -18.49168892 ], [ -39.94745573, -18.49165752 ], [ -39.94747326, -18.49162547 ], [ -39.94747779, -18.49161754 ], [ -39.94753292, -18.4915227 ], [ -39.94759824, -18.4914126 ], [ -39.9476114, -18.49138857 ], [ -39.94763005, -18.49135711 ], [ -39.94765688, -18.49130931 ], [ -39.94769425, -18.49124642 ], [ -39.94774828, -18.49115101 ], [ -39.94780464, -18.49105684 ], [ -39.94782657, -18.49101679 ], [ -39.94785383, -18.49096921 ], [ -39.94788193, -18.49092208 ], [ -39.94801066, -18.49070085 ], [ -39.94804693, -18.49063737 ], [ -39.94809804, -18.49055075 ], [ -39.94811993, -18.49051187 ] ] } },
{ "type": "Feature", "properties": { }, "geometry": { "type": "LineString", "coordinates": [ [ -39.94810364, -18.49051238 ], [ -39.94809058, -18.49053587 ], [ -39.94791987, -18.49082789 ], [ -39.94783817, -18.49097066 ], [ -39.94780564, -18.49102578 ], [ -39.94778781, -18.49105768 ], [ -39.94774088, -18.49113617 ], [ -39.94769601, -18.49121576 ], [ -39.94763101, -18.49132604 ], [ -39.94757683, -18.49142137 ], [ -39.94753497, -18.49149222 ], [ -39.94750345, -18.49154787 ], [ -39.94746138, -18.49161861 ], [ -39.94742096, -18.49169022 ], [ -39.94735561, -18.49180031 ], [ -39.94729279, -18.49191173 ], [ -39.94722296, -18.49202978 ], [ -39.94721833, -18.49203767 ], [ -39.94720062, -18.49206962 ], [ -39.94717708, -18.49210883 ], [ -39.94714627, -18.49216484 ], [ -39.9470945, -18.49225111 ], [ -39.94701703, -18.49238579 ], [ -39.94697508, -18.49245659 ], [ -39.94691627, -18.49255981 ], [ -39.94685114, -18.49267002 ], [ -39.9467327, -18.49287602 ], [ -39.94657603, -18.49314447 ], [ -39.94644832, -18.49336623 ], [ -39.94631398, -18.49359483 ], [ -39.94623693, -18.49372973 ], [ -39.9461809, -18.49382408 ], [ -39.94612221, -18.49392736 ], [ -39.94609406, -18.49397446 ], [ -39.94596144, -18.49420397 ], [ -39.94589655, -18.4943143 ], [ -39.94581941, -18.49444915 ], [ -39.94574064, -18.49458257 ] ] } },
{ "type": "Feature", "properties": { }, "geometry": { "type": "LineString", "coordinates": [ [ -39.94808806, -18.49051287 ], [ -39.9480565, -18.49056791 ], [ -39.94801435, -18.4906386 ], [ -39.94797795, -18.49070201 ], [ -39.94790376, -18.49082809 ], [ -39.94787223, -18.49088374 ], [ -39.94779855, -18.49101009 ], [ -39.94777181, -18.49105794 ], [ -39.94774301, -18.49110468 ], [ -39.94769299, -18.49119188 ], [ -39.94766633, -18.49123977 ], [ -39.94764205, -18.49127856 ], [ -39.94762884, -18.49130256 ], [ -39.94758732, -18.4913736 ], [ -39.94756966, -18.49140558 ], [ -39.94752336, -18.49148442 ], [ -39.94748725, -18.49154797 ], [ -39.94744062, -18.49162663 ], [ -39.94740479, -18.49169034 ], [ -39.94737242, -18.49174555 ], [ -39.94733916, -18.49180027 ], [ -39.94727608, -18.49191156 ], [ -39.94721147, -18.49202204 ], [ -39.94719826, -18.49204605 ], [ -39.94716085, -18.49210892 ], [ -39.94713468, -18.49215705 ], [ -39.94710121, -18.49221165 ], [ -39.947074, -18.49225926 ], [ -39.94703215, -18.49233011 ], [ -39.94697301, -18.49243316 ], [ -39.94694048, -18.49248828 ], [ -39.94690928, -18.49254409 ], [ -39.94684419, -18.49265432 ], [ -39.94671654, -18.49287612 ], [ -39.94659642, -18.49308124 ], [ -39.94650526, -18.49323968 ], [ -39.94644484, -18.49334205 ], [ -39.94640876, -18.49340562 ], [ -39.94631626, -18.49356335 ], [ -39.94623898, -18.49369813 ], [ -39.94616013, -18.49383208 ], [ -39.94607847, -18.49397487 ], [ -39.94603182, -18.49405352 ], [ -39.94600029, -18.49410917 ], [ -39.94592179, -18.49424331 ], [ -39.94587205, -18.49433066 ], [ -39.945794, -18.49446503 ], [ -39.94572883, -18.49457496 ] ] } },
{ "type": "Feature", "properties": { }, "geometry": { "type": "LineString", "coordinates": [ [ -39.94806975, -18.49051344 ], [ -39.94804305, -18.49056071 ], [ -39.94802857, -18.49058404 ], [ -39.94800562, -18.49062356 ], [ -39.94800107, -18.49063149 ], [ -39.94798811, -18.49065562 ], [ -39.94797406, -18.49067919 ], [ -39.9479654, -18.49069526 ], [ -39.94794625, -18.49072645 ], [ -39.94793303, -18.49075044 ], [ -39.94791427, -18.49078185 ], [ -39.94785959, -18.49087692 ], [ -39.94784515, -18.49090027 ], [ -39.9477851, -18.49100283 ], [ -39.94778053, -18.49101075 ], [ -39.94775456, -18.49105898 ], [ -39.94773081, -18.49109807 ], [ -39.947699, -18.49115357 ], [ -39.94767545, -18.49119278 ], [ -39.94766218, -18.49121675 ], [ -39.94763385, -18.49126375 ], [ -39.94761152, -18.4913036 ], [ -39.94756907, -18.49137413 ], [ -39.94753797, -18.49143 ], [ -39.94748318, -18.49152501 ], [ -39.94743181, -18.4916115 ], [ -39.94735463, -18.49174633 ], [ -39.94730335, -18.49183286 ], [ -39.94724945, -18.49192834 ], [ -39.94722126, -18.49197542 ], [ -39.94719032, -18.49203137 ], [ -39.94715271, -18.49209413 ], [ -39.94712246, -18.49215042 ], [ -39.94708832, -18.49220465 ], [ -39.94706031, -18.49225183 ], [ -39.94703325, -18.49229951 ], [ -39.94695025, -18.4924416 ], [ -39.94688651, -18.49255254 ], [ -39.94685851, -18.49259972 ], [ -39.94672147, -18.49283722 ], [ -39.94668415, -18.49290014 ], [ -39.94660649, -18.49303472 ], [ -39.94658303, -18.49307398 ], [ -39.94649669, -18.49322463 ], [ -39.94644098, -18.49331915 ], [ -39.94625348, -18.49364363 ], [ -39.94619765, -18.49373808 ], [ -39.94616172, -18.49380174 ], [ -39.94607896, -18.49394395 ], [ -39.94605218, -18.49399178 ], [ -39.94592714, -18.49420462 ], [ -39.94587789, -18.49429222 ], [ -39.94584513, -18.49434722 ], [ -39.94577678, -18.49446606 ], [ -39.94571667, -18.49456712 ] ] } },
{ "type": "Feature", "properties": { }, "geometry": { "type": "LineString", "coordinates": [ [ -39.94805334, -18.49051395 ], [ -39.94801636, -18.49057645 ], [ -39.94797133, -18.49065596 ], [ -39.94778231, -18.49097962 ], [ -39.9477427, -18.49105164 ], [ -39.94770959, -18.49110644 ], [ -39.94769186, -18.49113839 ], [ -39.94766816, -18.49117751 ], [ -39.94759468, -18.49130397 ], [ -39.94756159, -18.49135879 ], [ -39.94752119, -18.49143041 ], [ -39.94746627, -18.49152535 ], [ -39.9474531, -18.49154937 ], [ -39.9474245, -18.49159623 ], [ -39.94738836, -18.49165978 ], [ -39.94728658, -18.49183326 ], [ -39.94723707, -18.49192073 ], [ -39.94719988, -18.49198371 ], [ -39.94717334, -18.49203166 ], [ -39.94713594, -18.49209454 ], [ -39.94710441, -18.49215018 ], [ -39.94704816, -18.49224442 ], [ -39.94702115, -18.49229212 ], [ -39.9469977, -18.49233138 ], [ -39.94682395, -18.49263213 ], [ -39.94662619, -18.49297184 ], [ -39.94662162, -18.49297975 ], [ -39.94660828, -18.49300369 ], [ -39.94656158, -18.49308231 ], [ -39.94647995, -18.49322512 ], [ -39.94642868, -18.49331166 ], [ -39.94640173, -18.4933594 ], [ -39.94634621, -18.49345403 ], [ -39.94626889, -18.49358878 ], [ -39.94620354, -18.49369887 ], [ -39.9461403, -18.49381008 ], [ -39.9460756, -18.49392051 ], [ -39.94604904, -18.49396845 ], [ -39.94600681, -18.4940391 ], [ -39.94595259, -18.49413441 ], [ -39.94591932, -18.49418913 ], [ -39.94587019, -18.49427679 ], [ -39.94570506, -18.49455963 ] ] } },
{ "type": "Feature", "properties": { }, "geometry": { "type": "LineString", "coordinates": [ [ -39.94803776, -18.49051444 ], [ -39.94798682, -18.49060055 ], [ -39.9479368, -18.49068775 ], [ -39.9479224, -18.49071112 ], [ -39.94785844, -18.49082195 ], [ -39.9478116, -18.4909005 ], [ -39.9477706, -18.49097181 ], [ -39.9477351, -18.49103568 ], [ -39.94768845, -18.49111432 ], [ -39.9476618, -18.49116222 ], [ -39.94759146, -18.49127999 ], [ -39.94758682, -18.49128787 ], [ -39.94757361, -18.49131187 ], [ -39.94755458, -18.49134313 ], [ -39.94747262, -18.49148577 ], [ -39.94745068, -18.49152581 ], [ -39.94739863, -18.49161193 ], [ -39.94734893, -18.49169929 ], [ -39.94725684, -18.49185724 ], [ -39.94722553, -18.49191301 ], [ -39.94718813, -18.49197588 ], [ -39.94709299, -18.49214254 ], [ -39.94706443, -18.49218942 ], [ -39.94702344, -18.49226073 ], [ -39.94698592, -18.49232354 ], [ -39.94694554, -18.49239517 ], [ -39.94690814, -18.49245805 ], [ -39.94666578, -18.4928775 ], [ -39.94661481, -18.4929642 ], [ -39.94660169, -18.49298824 ], [ -39.94651327, -18.49313779 ], [ -39.94648654, -18.49318564 ], [ -39.94644474, -18.49325653 ], [ -39.94630333, -18.49350205 ], [ -39.94625249, -18.49358881 ], [ -39.94623921, -18.49361278 ], [ -39.94619212, -18.4936912 ], [ -39.9461244, -18.49381036 ], [ -39.94605973, -18.49392081 ], [ -39.94602374, -18.49398443 ], [ -39.94599525, -18.49403135 ], [ -39.94595933, -18.49409501 ], [ -39.94589886, -18.49419735 ], [ -39.94586306, -18.49426107 ], [ -39.94576649, -18.49442698 ], [ -39.94576194, -18.49443491 ], [ -39.94575338, -18.49445103 ], [ -39.94573879, -18.49447429 ], [ -39.94569358, -18.49455224 ] ] } },
{ "type": "Feature", "properties": { }, "geometry": { "type": "LineString", "coordinates": [ [ -39.94802167, -18.49051494 ], [ -39.94798894, -18.49056935 ], [ -39.94795242, -18.49063269 ], [ -39.94791027, -18.49070339 ], [ -39.94787847, -18.4907589 ], [ -39.94785956, -18.49079022 ], [ -39.94784658, -18.49081434 ], [ -39.94779975, -18.49089288 ], [ -39.94771375, -18.49104372 ], [ -39.94768089, -18.49109866 ], [ -39.9476637, -18.49113087 ], [ -39.94764548, -18.49116256 ], [ -39.94758397, -18.49126434 ], [ -39.9475617, -18.49130422 ], [ -39.94755205, -18.49131977 ], [ -39.94748782, -18.49143045 ], [ -39.94743854, -18.49151804 ], [ -39.94737758, -18.49162011 ], [ -39.94733252, -18.4916996 ], [ -39.94729541, -18.49176263 ], [ -39.94727767, -18.49179457 ], [ -39.9472588, -18.49182592 ], [ -39.94721342, -18.49190524 ], [ -39.94719461, -18.49193662 ], [ -39.94701156, -18.49225311 ], [ -39.94700695, -18.49226101 ], [ -39.94698319, -18.49230009 ], [ -39.94693387, -18.49238765 ], [ -39.94683682, -18.49255331 ], [ -39.94676375, -18.49267999 ], [ -39.94673572, -18.49272716 ], [ -39.946718, -18.49275911 ], [ -39.94662643, -18.49291733 ], [ -39.94662181, -18.49292522 ], [ -39.94661225, -18.49294082 ], [ -39.946599, -18.49296481 ], [ -39.94651977, -18.49309855 ], [ -39.94645659, -18.49320978 ], [ -39.94642838, -18.49325685 ], [ -39.94630058, -18.49347857 ], [ -39.94618056, -18.49368375 ], [ -39.94611739, -18.49379498 ], [ -39.94606185, -18.4938896 ], [ -39.94603512, -18.49393745 ], [ -39.94597885, -18.49403167 ], [ -39.94593852, -18.49410333 ], [ -39.94587869, -18.49420601 ], [ -39.94587404, -18.49421388 ], [ -39.94586437, -18.49422943 ], [ -39.94578279, -18.49437226 ], [ -39.94571771, -18.4944825 ], [ -39.945682, -18.49454477 ] ] } },
{ "type": "Feature", "properties": { }, "geometry": { "type": "LineString", "coordinates": [ [ -39.94800367, -18.49051551 ], [ -39.94795336, -18.49060196 ], [ -39.94792979, -18.49064115 ], [ -39.94792526, -18.49064908 ], [ -39.947921, -18.49065715 ], [ -39.94783832, -18.49079941 ], [ -39.94780079, -18.49086222 ], [ -39.94771049, -18.4910211 ], [ -39.94767752, -18.49107599 ], [ -39.94764122, -18.49113945 ], [ -39.94761761, -18.49117862 ], [ -39.94761297, -18.4911865 ], [ -39.94759957, -18.4912104 ], [ -39.94756237, -18.49127338 ], [ -39.94754007, -18.49131325 ], [ -39.94746162, -18.49144741 ], [ -39.94741665, -18.49152695 ], [ -39.94734204, -18.4916528 ], [ -39.94727414, -18.49177187 ], [ -39.94722299, -18.49185848 ], [ -39.9471277, -18.49202506 ], [ -39.94712309, -18.49203295 ], [ -39.94710883, -18.4920564 ], [ -39.94700824, -18.49223052 ], [ -39.94695683, -18.49231698 ], [ -39.94684778, -18.49250729 ], [ -39.94684319, -18.49251519 ], [ -39.94681492, -18.49256223 ], [ -39.9467094, -18.49274407 ], [ -39.94665048, -18.49284723 ], [ -39.94642481, -18.49323417 ], [ -39.9463613, -18.49334524 ], [ -39.94626407, -18.49351079 ], [ -39.94625949, -18.4935187 ], [ -39.9462327, -18.49356652 ], [ -39.9460719, -18.49384312 ], [ -39.94599933, -18.49397006 ], [ -39.9459482, -18.49405667 ], [ -39.94588031, -18.49417575 ], [ -39.94585218, -18.49422286 ], [ -39.94566975, -18.49453687 ] ] } },
{ "type": "Feature", "properties": { }, "geometry": { "type": "LineString", "coordinates": [ [ -39.94798687, -18.49051603 ], [ -39.94787639, -18.49070498 ], [ -39.9478175, -18.49080815 ], [ -39.94781289, -18.49081605 ], [ -39.94778921, -18.49085518 ], [ -39.94770385, -18.49100634 ], [ -39.94769923, -18.49101423 ], [ -39.94767988, -18.4910453 ], [ -39.94760115, -18.49117932 ], [ -39.94759661, -18.49118725 ], [ -39.94757913, -18.49121932 ], [ -39.94757457, -18.49122724 ], [ -39.94755991, -18.49125046 ], [ -39.94755519, -18.4912583 ], [ -39.94752868, -18.49130626 ], [ -39.9474777, -18.49139295 ], [ -39.94745067, -18.49144065 ], [ -39.94734414, -18.49162196 ], [ -39.94732623, -18.49165381 ], [ -39.94726178, -18.49176438 ], [ -39.94721192, -18.49185166 ], [ -39.94718847, -18.49189092 ], [ -39.94709281, -18.49205731 ], [ -39.94693141, -18.49233359 ], [ -39.94686287, -18.49245233 ], [ -39.9468406, -18.4924922 ], [ -39.94680301, -18.49255498 ], [ -39.94673882, -18.49266569 ], [ -39.94672113, -18.49269765 ], [ -39.94667013, -18.49278433 ], [ -39.94663854, -18.49283995 ], [ -39.94653207, -18.49302129 ], [ -39.94647785, -18.4931166 ], [ -39.9464126, -18.49322674 ], [ -39.94640802, -18.49323465 ], [ -39.94638145, -18.49328258 ], [ -39.94628484, -18.49344847 ], [ -39.94625662, -18.49349554 ], [ -39.94625205, -18.49350345 ], [ -39.94623904, -18.49352755 ], [ -39.94620276, -18.49359102 ], [ -39.94616531, -18.49365387 ], [ -39.94611992, -18.49373319 ], [ -39.94606439, -18.49382781 ], [ -39.94601004, -18.49392306 ], [ -39.94599704, -18.49394716 ], [ -39.94597321, -18.49398621 ], [ -39.94593634, -18.49404937 ], [ -39.94593181, -18.49405731 ], [ -39.94591418, -18.4940893 ], [ -39.94588215, -18.49414469 ], [ -39.94577127, -18.49433403 ], [ -39.94570749, -18.49444495 ], [ -39.94565739, -18.4945289 ] ] } },
{ "type": "Feature", "properties": { }, "geometry": { "type": "LineString", "coordinates": [ [ -39.94796962, -18.49051657 ], [ -39.94796121, -18.49053219 ], [ -39.9479567, -18.49054013 ], [ -39.94792354, -18.49059491 ], [ -39.94787805, -18.49067418 ], [ -39.9478317, -18.49075298 ], [ -39.94781394, -18.49078492 ], [ -39.94777683, -18.49084795 ], [ -39.94769104, -18.49099889 ], [ -39.94763044, -18.49110115 ], [ -39.94760319, -18.49114874 ], [ -39.94758445, -18.49118015 ], [ -39.94757993, -18.49118809 ], [ -39.94757566, -18.49119616 ], [ -39.9475712, -18.49120413 ], [ -39.94753835, -18.49125908 ], [ -39.9474472, -18.49141752 ], [ -39.94732242, -18.49163051 ], [ -39.94724086, -18.49177335 ], [ -39.94722205, -18.49180473 ], [ -39.94721744, -18.49181263 ], [ -39.94720405, -18.49183653 ], [ -39.9471669, -18.49189955 ], [ -39.94712616, -18.49197099 ], [ -39.9471026, -18.49201019 ], [ -39.94709803, -18.4920181 ], [ -39.94708485, -18.49204212 ], [ -39.94704826, -18.49210543 ], [ -39.94702468, -18.49214461 ], [ -39.94689655, -18.49236616 ], [ -39.94679039, -18.49254766 ], [ -39.94672238, -18.49266668 ], [ -39.94663527, -18.49281693 ], [ -39.94651508, -18.49302201 ], [ -39.94645629, -18.49312523 ], [ -39.94639577, -18.49322755 ], [ -39.9462772, -18.49343348 ], [ -39.94623992, -18.49349642 ], [ -39.94619031, -18.49358384 ], [ -39.94615291, -18.49364671 ], [ -39.94611701, -18.49371038 ], [ -39.94600631, -18.49389981 ], [ -39.94590658, -18.49407438 ], [ -39.94585062, -18.49416877 ], [ -39.94582818, -18.49420856 ], [ -39.94574494, -18.49435052 ], [ -39.94571821, -18.49439837 ], [ -39.94564557, -18.49452129 ] ] } },
{ "type": "Feature", "properties": { }, "geometry": { "type": "LineString", "coordinates": [ [ -39.9456347, -18.49451428 ], [ -39.94565353, -18.49448202 ], [ -39.94566192, -18.49446582 ], [ -39.94571263, -18.49437898 ], [ -39.94573044, -18.49434708 ], [ -39.94580932, -18.49421314 ], [ -39.94586385, -18.49411799 ], [ -39.9458966, -18.49406299 ], [ -39.94600997, -18.49386464 ], [ -39.94611613, -18.49368313 ], [ -39.94614299, -18.49363535 ], [ -39.94617573, -18.49358034 ], [ -39.94631732, -18.49333492 ], [ -39.94636381, -18.49325618 ], [ -39.94638618, -18.49321635 ], [ -39.94644641, -18.49311389 ], [ -39.94650042, -18.49301847 ], [ -39.94660724, -18.49283732 ], [ -39.94671226, -18.49265521 ], [ -39.94671687, -18.49264732 ], [ -39.94672193, -18.49263968 ], [ -39.94673476, -18.49261549 ], [ -39.94677587, -18.49254424 ], [ -39.94690085, -18.49233136 ], [ -39.94695041, -18.49224392 ], [ -39.94699635, -18.49216489 ], [ -39.94702944, -18.49211007 ], [ -39.94708369, -18.49201478 ], [ -39.94713028, -18.49193609 ], [ -39.9471619, -18.49188049 ], [ -39.94723551, -18.4917541 ], [ -39.94730785, -18.49162705 ], [ -39.9474784, -18.49133494 ], [ -39.94750979, -18.49127922 ], [ -39.94755195, -18.49120853 ], [ -39.9476114, -18.49110565 ], [ -39.9476351, -18.49106653 ], [ -39.94768514, -18.49097934 ], [ -39.94770876, -18.49094018 ], [ -39.94772602, -18.490908 ], [ -39.94781229, -18.49075731 ], [ -39.94786815, -18.49066287 ], [ -39.94791821, -18.49057568 ], [ -39.94794209, -18.49053667 ], [ -39.94795293, -18.49051709 ] ] } },
{ "type": "Feature", "properties": { }, "geometry": { "type": "LineString", "coordinates": [ [ -39.9456226, -18.49450648 ], [ -39.94563194, -18.49449128 ], [ -39.94563647, -18.49448334 ], [ -39.9456407, -18.49447525 ], [ -39.94564524, -18.49446733 ], [ -39.94565019, -18.49445963 ], [ -39.94565493, -18.4944518 ], [ -39.94567263, -18.49441984 ], [ -39.94570528, -18.49436478 ], [ -39.94573698, -18.49430922 ], [ -39.94576052, -18.49427002 ], [ -39.94581473, -18.4941747 ], [ -39.94583825, -18.49413548 ], [ -39.94585628, -18.49410369 ], [ -39.94586092, -18.49409581 ], [ -39.94587527, -18.49407241 ], [ -39.94595657, -18.49392943 ], [ -39.94596117, -18.49392153 ], [ -39.94599411, -18.49386663 ], [ -39.94599867, -18.49385871 ], [ -39.94601178, -18.49383466 ], [ -39.94601627, -18.4938267 ], [ -39.94605346, -18.49376371 ], [ -39.94609882, -18.49368438 ], [ -39.94610349, -18.49367651 ], [ -39.94611794, -18.49365317 ], [ -39.94612246, -18.49364523 ], [ -39.94612662, -18.49363711 ], [ -39.94613098, -18.49362909 ], [ -39.94617289, -18.49355827 ], [ -39.94622694, -18.49346287 ], [ -39.94623161, -18.49345501 ], [ -39.94624123, -18.49343944 ], [ -39.94629599, -18.49334441 ], [ -39.94634263, -18.49326575 ], [ -39.94634721, -18.49325784 ], [ -39.94638299, -18.49319411 ], [ -39.9463876, -18.49318622 ], [ -39.94640677, -18.49315504 ], [ -39.94641145, -18.49314718 ], [ -39.94647032, -18.493044 ], [ -39.94647504, -18.49303616 ], [ -39.94647997, -18.49302845 ], [ -39.94648461, -18.49302057 ], [ -39.94648888, -18.49301251 ], [ -39.94649334, -18.49300453 ], [ -39.94650748, -18.49298102 ], [ -39.94657594, -18.49286224 ], [ -39.94660416, -18.49281517 ], [ -39.94664488, -18.49274372 ], [ -39.94668237, -18.4926809 ], [ -39.94672711, -18.49260124 ], [ -39.9467317, -18.49259334 ], [ -39.94674592, -18.49256987 ], [ -39.94675054, -18.49256197 ], [ -39.94676391, -18.49253805 ], [ -39.94676852, -18.49253016 ], [ -39.94678285, -18.49250675 ], [ -39.94682357, -18.49243529 ], [ -39.94682824, -18.49242743 ], [ -39.9468477, -18.49239642 ], [ -39.94685652, -18.49238042 ], [ -39.94687985, -18.49234111 ], [ -39.94688443, -18.49233319 ], [ -39.94692449, -18.4922614 ], [ -39.94692904, -18.49225348 ], [ -39.9469618, -18.49219848 ], [ -39.94696636, -18.49219055 ], [ -39.94697959, -18.49216656 ], [ -39.94698415, -18.49215864 ], [ -39.9470126, -18.49211171 ], [ -39.94704923, -18.49204841 ], [ -39.94705366, -18.49204043 ], [ -39.94707067, -18.49200813 ], [ -39.94707517, -18.49200018 ], [ -39.94709927, -18.49196128 ], [ -39.94710397, -18.49195343 ], [ -39.94714029, -18.49188999 ], [ -39.94715914, -18.49185863 ], [ -39.94716375, -18.49185073 ], [ -39.94718597, -18.49181083 ], [ -39.94723681, -18.49172406 ], [ -39.94729532, -18.4916207 ], [ -39.94731834, -18.4915812 ], [ -39.9473231, -18.49157339 ], [ -39.94732805, -18.49156569 ], [ -39.94733273, -18.49155783 ], [ -39.94734573, -18.49153372 ], [ -39.94735019, -18.49152575 ], [ -39.94741047, -18.49142331 ], [ -39.947433, -18.49138357 ], [ -39.94743774, -18.49137574 ], [ -39.94744779, -18.49136042 ], [ -39.9474526, -18.49135264 ], [ -39.94750683, -18.49125734 ], [ -39.94752521, -18.49122573 ], [ -39.94753957, -18.49120234 ], [ -39.94754416, -18.49119443 ], [ -39.94755698, -18.49117024 ], [ -39.94756147, -18.49116228 ], [ -39.9475852, -18.49112318 ], [ -39.94761766, -18.49106802 ], [ -39.94763993, -18.49102814 ], [ -39.94769147, -18.49094175 ], [ -39.94769593, -18.49093378 ], [ -39.94770432, -18.49091757 ], [ -39.9477087, -18.49090956 ], [ -39.94774577, -18.49084651 ], [ -39.94775024, -18.49083854 ], [ -39.94775452, -18.49083048 ], [ -39.94775904, -18.49082254 ], [ -39.94776384, -18.49081475 ], [ -39.94776834, -18.4908068 ], [ -39.94778062, -18.49078235 ], [ -39.9477849, -18.49077429 ], [ -39.94779846, -18.49075046 ], [ -39.94785436, -18.49065604 ], [ -39.94790442, -18.49056886 ], [ -39.9479236, -18.49053769 ], [ -39.9479283, -18.49052984 ], [ -39.94793511, -18.49051765 ] ] } },
{ "type": "Feature", "properties": { }, "geometry": { "type": "LineString", "coordinates": [ [ -39.94791817, -18.49051818 ], [ -39.94789437, -18.49055792 ], [ -39.94789017, -18.49056602 ], [ -39.94788401, -18.49058311 ], [ -39.9478699, -18.49060664 ], [ -39.94785229, -18.49063865 ], [ -39.94784265, -18.49065421 ], [ -39.94782676, -18.49067668 ], [ -39.9478189, -18.49069313 ], [ -39.94781461, -18.49070119 ], [ -39.94780997, -18.49070906 ], [ -39.94780504, -18.49071678 ], [ -39.9477996, -18.49072418 ], [ -39.94778784, -18.49073834 ], [ -39.94778253, -18.49074583 ], [ -39.94777767, -18.49075358 ], [ -39.94776829, -18.49076929 ], [ -39.94776423, -18.49077745 ], [ -39.9477577, -18.49079442 ], [ -39.9477537, -18.49080261 ], [ -39.94774009, -18.49082641 ], [ -39.94772298, -18.49085866 ], [ -39.94769581, -18.49090628 ], [ -39.9476865, -18.49092202 ], [ -39.94765322, -18.49097673 ], [ -39.94762651, -18.4910246 ], [ -39.9476026, -18.4910636 ], [ -39.94757959, -18.49110309 ], [ -39.94757488, -18.49111093 ], [ -39.94756504, -18.49112638 ], [ -39.94755104, -18.49114996 ], [ -39.94754652, -18.49115791 ], [ -39.94753391, -18.4911822 ], [ -39.94752953, -18.49119022 ], [ -39.94751988, -18.49120577 ], [ -39.94751519, -18.49121362 ], [ -39.94746921, -18.49129263 ], [ -39.94746467, -18.49130056 ], [ -39.94744712, -18.49133259 ], [ -39.94744261, -18.49134054 ], [ -39.94741857, -18.49137947 ], [ -39.94740497, -18.49140327 ], [ -39.94739521, -18.49141876 ], [ -39.94739104, -18.49142688 ], [ -39.94738715, -18.49143512 ], [ -39.94738275, -18.49144312 ], [ -39.94736864, -18.49146665 ], [ -39.94735523, -18.49149055 ], [ -39.94734085, -18.49151393 ], [ -39.94733189, -18.49152986 ], [ -39.94731295, -18.49156117 ], [ -39.94728097, -18.49161658 ], [ -39.94725443, -18.49166453 ], [ -39.9472402, -18.49168799 ], [ -39.94723562, -18.4916959 ], [ -39.94722724, -18.49171211 ], [ -39.94721396, -18.49173607 ], [ -39.94720545, -18.49175222 ], [ -39.94719122, -18.49177569 ], [ -39.94716368, -18.49182312 ], [ -39.94715399, -18.49183865 ], [ -39.94714929, -18.49184649 ], [ -39.94713628, -18.4918706 ], [ -39.94710779, -18.49191751 ], [ -39.94708974, -18.49194929 ], [ -39.9470661, -18.49198845 ], [ -39.94705274, -18.49201238 ], [ -39.94702042, -18.49206761 ], [ -39.94699363, -18.49211542 ], [ -39.94698906, -18.49212334 ], [ -39.9469748, -18.49214679 ], [ -39.94696144, -18.49217072 ], [ -39.94694204, -18.49220177 ], [ -39.94692806, -18.49222537 ], [ -39.94689662, -18.49228106 ], [ -39.94689221, -18.49228906 ], [ -39.94687954, -18.49231333 ], [ -39.9468752, -18.49232136 ], [ -39.94687063, -18.49232928 ], [ -39.94684256, -18.49237642 ], [ -39.94682818, -18.49239981 ], [ -39.94681504, -18.49242384 ], [ -39.94677281, -18.4924945 ], [ -39.94675083, -18.49253452 ], [ -39.94674633, -18.49254247 ], [ -39.94673216, -18.49256597 ], [ -39.94672333, -18.49258196 ], [ -39.9467044, -18.49261327 ], [ -39.94668692, -18.49264534 ], [ -39.94667793, -18.49266125 ], [ -39.94650216, -18.49296092 ], [ -39.94649761, -18.49296885 ], [ -39.94648437, -18.49299284 ], [ -39.94647035, -18.49301642 ], [ -39.94645246, -18.49304828 ], [ -39.94643829, -18.49307178 ], [ -39.94642507, -18.49309578 ], [ -39.94638299, -18.49316651 ], [ -39.94636951, -18.49319038 ], [ -39.94636094, -18.4932065 ], [ -39.94634226, -18.49323794 ], [ -39.94631055, -18.4932935 ], [ -39.94628246, -18.49334063 ], [ -39.94627789, -18.49334855 ], [ -39.94626908, -18.49336455 ], [ -39.94625037, -18.49339598 ], [ -39.94624151, -18.49341196 ], [ -39.94621777, -18.49345105 ], [ -39.94617777, -18.49352288 ], [ -39.94613566, -18.49359359 ], [ -39.94613109, -18.49360151 ], [ -39.94612245, -18.49361759 ], [ -39.94611798, -18.49362556 ], [ -39.94610357, -18.49364892 ], [ -39.94609017, -18.49367283 ], [ -39.94607589, -18.49369627 ], [ -39.94604003, -18.49375996 ], [ -39.94601172, -18.49380697 ], [ -39.94600713, -18.49381488 ], [ -39.94598985, -18.49384704 ], [ -39.94594278, -18.49392547 ], [ -39.94591625, -18.49397342 ], [ -39.94588842, -18.49402069 ], [ -39.94588393, -18.49402865 ], [ -39.94587531, -18.49404474 ], [ -39.94586096, -18.49406814 ], [ -39.94582942, -18.49412379 ], [ -39.94580102, -18.49417075 ], [ -39.94579171, -18.49418649 ], [ -39.94576883, -18.49422605 ], [ -39.94576435, -18.49423402 ], [ -39.94575575, -18.49425012 ], [ -39.9457512, -18.49425805 ], [ -39.94574165, -18.49427366 ], [ -39.94566415, -18.49440832 ], [ -39.94563588, -18.49445536 ], [ -39.94562129, -18.49447862 ], [ -39.94561015, -18.49449845 ] ] } },
{ "type": "Feature", "properties": { }, "geometry": { "type": "LineString", "coordinates": [ [ -39.94559726, -18.49449014 ], [ -39.94562285, -18.49444915 ], [ -39.94562752, -18.49444129 ], [ -39.94563646, -18.49442536 ], [ -39.94564659, -18.49441008 ], [ -39.9456514, -18.4944023 ], [ -39.94566411, -18.49437805 ], [ -39.94568721, -18.4943386 ], [ -39.94569585, -18.49432252 ], [ -39.94570059, -18.4943147 ], [ -39.94572004, -18.49428367 ], [ -39.94572464, -18.49427578 ], [ -39.94572904, -18.49426777 ], [ -39.94573322, -18.49425966 ], [ -39.94573763, -18.49425167 ], [ -39.9457476, -18.4942363 ], [ -39.94575234, -18.49422847 ], [ -39.94576524, -18.49420432 ], [ -39.94578377, -18.49417279 ], [ -39.94578817, -18.49416479 ], [ -39.94579229, -18.49415665 ], [ -39.94579668, -18.49414864 ], [ -39.94580655, -18.49413321 ], [ -39.94581129, -18.49412539 ], [ -39.94582431, -18.4941013 ], [ -39.94582881, -18.49409334 ], [ -39.94587179, -18.4940231 ], [ -39.94587636, -18.49401519 ], [ -39.94588505, -18.49399913 ], [ -39.94588965, -18.49399123 ], [ -39.94589948, -18.49397577 ], [ -39.94590413, -18.4939679 ], [ -39.94592563, -18.49392764 ], [ -39.94593009, -18.49391967 ], [ -39.94597185, -18.49384877 ], [ -39.94597604, -18.49384066 ], [ -39.94597987, -18.49383239 ], [ -39.9459841, -18.49382431 ], [ -39.94599848, -18.49380093 ], [ -39.94601177, -18.49377697 ], [ -39.9460165, -18.49376914 ], [ -39.94602991, -18.49374524 ], [ -39.94603467, -18.49373742 ], [ -39.94603917, -18.49372947 ], [ -39.94604342, -18.4937214 ], [ -39.94604796, -18.49371347 ], [ -39.94606765, -18.49368258 ], [ -39.94607229, -18.4936747 ], [ -39.946094, -18.49363454 ], [ -39.94609864, -18.49362666 ], [ -39.94611839, -18.49359582 ], [ -39.94612318, -18.49358802 ], [ -39.94614649, -18.49354869 ], [ -39.94615093, -18.49354071 ], [ -39.94616383, -18.49351655 ], [ -39.94616839, -18.49350863 ], [ -39.94618267, -18.49348519 ], [ -39.94618721, -18.49347726 ], [ -39.94620469, -18.49344519 ], [ -39.94620934, -18.49343731 ], [ -39.94622867, -18.49340623 ], [ -39.94623319, -18.49339828 ], [ -39.94624611, -18.49337414 ], [ -39.94625085, -18.49336631 ], [ -39.94625579, -18.4933586 ], [ -39.94626926, -18.49333473 ], [ -39.94628367, -18.49331137 ], [ -39.94629235, -18.4932953 ], [ -39.94629695, -18.4932874 ], [ -39.9463067, -18.49327191 ], [ -39.94631118, -18.49326395 ], [ -39.94631545, -18.49325588 ], [ -39.94631999, -18.49324795 ], [ -39.94632948, -18.49323231 ], [ -39.94633812, -18.49321622 ], [ -39.94634269, -18.49320831 ], [ -39.94635722, -18.49318501 ], [ -39.94636167, -18.49317703 ], [ -39.94637006, -18.49316082 ], [ -39.94637453, -18.49315286 ], [ -39.9463979, -18.49311356 ], [ -39.94640645, -18.49309743 ], [ -39.94641108, -18.49308955 ], [ -39.94642098, -18.49307414 ], [ -39.94642573, -18.49306632 ], [ -39.94646698, -18.49299514 ], [ -39.9464769, -18.49297974 ], [ -39.94648144, -18.49297181 ], [ -39.94648982, -18.4929556 ], [ -39.94649868, -18.49293963 ], [ -39.9465178, -18.49290842 ], [ -39.94652225, -18.49290044 ], [ -39.94653492, -18.49287618 ], [ -39.9465394, -18.49286822 ], [ -39.94656267, -18.49282886 ], [ -39.9465775, -18.49280574 ], [ -39.94658211, -18.49279784 ], [ -39.94659524, -18.4927738 ], [ -39.94660499, -18.4927583 ], [ -39.94660954, -18.49275038 ], [ -39.94661811, -18.49273426 ], [ -39.94662275, -18.49272638 ], [ -39.94663245, -18.49271085 ], [ -39.94663703, -18.49270295 ], [ -39.94665032, -18.49267898 ], [ -39.94665995, -18.49266342 ], [ -39.94666454, -18.49265551 ], [ -39.94668638, -18.49261542 ], [ -39.94669104, -18.49260755 ], [ -39.94671033, -18.49257644 ], [ -39.94671487, -18.49256851 ], [ -39.94673245, -18.49253649 ], [ -39.94674685, -18.49251312 ], [ -39.94675099, -18.49250499 ], [ -39.94675863, -18.49248845 ], [ -39.94676313, -18.4924805 ], [ -39.94677285, -18.49246498 ], [ -39.94678195, -18.49244913 ], [ -39.94678681, -18.49244138 ], [ -39.94680197, -18.49241845 ], [ -39.94680645, -18.49241048 ], [ -39.94682355, -18.49237823 ], [ -39.94682832, -18.49237042 ], [ -39.94684806, -18.49233957 ], [ -39.94689379, -18.49226043 ], [ -39.94690676, -18.4922363 ], [ -39.94692181, -18.49221331 ], [ -39.94692625, -18.49220533 ], [ -39.9469434, -18.4921731 ], [ -39.94695814, -18.49214992 ], [ -39.94697133, -18.49212591 ], [ -39.94698583, -18.4921026 ], [ -39.94699022, -18.49209458 ], [ -39.94700726, -18.4920623 ], [ -39.94702589, -18.49203082 ], [ -39.94703398, -18.49201448 ], [ -39.9470385, -18.49200654 ], [ -39.94704325, -18.49199872 ], [ -39.94705864, -18.49197593 ], [ -39.94706296, -18.49196789 ], [ -39.94707125, -18.49195164 ], [ -39.94707555, -18.49194359 ], [ -39.94708557, -18.49192825 ], [ -39.9470991, -18.49190441 ], [ -39.94711863, -18.49187343 ], [ -39.94712333, -18.49186559 ], [ -39.94713155, -18.4918493 ], [ -39.94713637, -18.49184152 ], [ -39.9471539, -18.49180948 ], [ -39.94719264, -18.49174734 ], [ -39.94719708, -18.49173936 ], [ -39.9472086, -18.49171458 ], [ -39.94721276, -18.49170646 ], [ -39.94721721, -18.49169848 ], [ -39.9472367, -18.49166748 ], [ -39.94724135, -18.49165961 ], [ -39.94725418, -18.49163542 ], [ -39.94725864, -18.49162745 ], [ -39.94727293, -18.49160402 ], [ -39.9472775, -18.4915961 ], [ -39.94728603, -18.49157996 ], [ -39.94729056, -18.49157202 ], [ -39.94729544, -18.49156428 ], [ -39.94730003, -18.49155638 ], [ -39.94730414, -18.49154823 ], [ -39.94730853, -18.49154022 ], [ -39.94732857, -18.49150955 ], [ -39.9473332, -18.49150167 ], [ -39.94734596, -18.49147744 ], [ -39.94735048, -18.4914695 ], [ -39.94736478, -18.49144608 ], [ -39.94736899, -18.49143798 ], [ -39.94737635, -18.49142133 ], [ -39.94738034, -18.49141313 ], [ -39.94739332, -18.49138901 ], [ -39.94739857, -18.49138149 ], [ -39.9474043, -18.4913743 ], [ -39.94740844, -18.49136617 ], [ -39.94741355, -18.49135856 ], [ -39.94742436, -18.49134371 ], [ -39.94742946, -18.4913361 ], [ -39.94743414, -18.49132824 ], [ -39.9474512, -18.49129597 ], [ -39.94746447, -18.49127199 ], [ -39.94748194, -18.49123992 ], [ -39.94749096, -18.49122402 ], [ -39.94750511, -18.49120052 ], [ -39.94751528, -18.49118527 ], [ -39.94752023, -18.49117756 ], [ -39.94752469, -18.49116959 ], [ -39.94753312, -18.49115341 ], [ -39.94754707, -18.49112979 ], [ -39.94755583, -18.49111376 ], [ -39.94756063, -18.49110597 ], [ -39.94757073, -18.49109068 ], [ -39.94757562, -18.49108294 ], [ -39.94761324, -18.49102019 ], [ -39.94761774, -18.49101223 ], [ -39.94764385, -18.49096408 ], [ -39.94765286, -18.49094818 ], [ -39.94766217, -18.49093244 ], [ -39.94767188, -18.49091692 ], [ -39.94767656, -18.49090906 ], [ -39.94769028, -18.49088532 ], [ -39.94770448, -18.49086184 ], [ -39.94770908, -18.49085393 ], [ -39.94771336, -18.49084588 ], [ -39.94772898, -18.49081294 ], [ -39.94773703, -18.49079658 ], [ -39.94774569, -18.49078051 ], [ -39.94775406, -18.49076429 ], [ -39.94775856, -18.49075634 ], [ -39.9477634, -18.49074858 ], [ -39.94777361, -18.49073335 ], [ -39.94777923, -18.49072607 ], [ -39.94778516, -18.49071903 ], [ -39.94779076, -18.49071174 ], [ -39.94779567, -18.49070401 ], [ -39.94780021, -18.49069608 ], [ -39.94780884, -18.49067999 ], [ -39.94781332, -18.49067203 ], [ -39.94781837, -18.49066439 ], [ -39.94782915, -18.49064952 ], [ -39.94783405, -18.49064179 ], [ -39.94784305, -18.49062589 ], [ -39.94785719, -18.49060237 ], [ -39.94786163, -18.49059439 ], [ -39.94786995, -18.49057815 ], [ -39.9478743, -18.49057012 ], [ -39.94787816, -18.4905619 ], [ -39.94788237, -18.49055381 ], [ -39.94790344, -18.49051864 ] ] } },
{ "type": "Feature", "properties": { }, "geometry": { "type": "LineString", "coordinates": [ [ -39.94558559, -18.49448262 ], [ -39.94559046, -18.49447444 ], [ -39.94559534, -18.49446669 ], [ -39.9456008, -18.49445931 ], [ -39.94560568, -18.49445157 ], [ -39.94560995, -18.4944435 ], [ -39.94562477, -18.49442037 ], [ -39.94564244, -18.49438839 ], [ -39.94565211, -18.49437285 ], [ -39.94566059, -18.49435669 ], [ -39.94566562, -18.49434904 ], [ -39.94567865, -18.49432495 ], [ -39.9456885, -18.49430951 ], [ -39.94570676, -18.49427783 ], [ -39.94571125, -18.49426988 ], [ -39.94572418, -18.49424574 ], [ -39.94575741, -18.49419099 ], [ -39.94576595, -18.49417486 ], [ -39.94577039, -18.49416688 ], [ -39.94579287, -18.49412711 ], [ -39.94580233, -18.49411145 ], [ -39.94581101, -18.49409539 ], [ -39.94587246, -18.49399358 ], [ -39.94588148, -18.49397769 ], [ -39.94588584, -18.49396966 ], [ -39.94588985, -18.49396148 ], [ -39.94589436, -18.49395353 ], [ -39.94589904, -18.49394568 ], [ -39.94591861, -18.49391472 ], [ -39.94595911, -18.49384316 ], [ -39.94596349, -18.49383514 ], [ -39.94597522, -18.49381045 ], [ -39.94597994, -18.49380261 ], [ -39.94598493, -18.49379493 ], [ -39.94598971, -18.49378713 ], [ -39.94599896, -18.49377136 ], [ -39.94600393, -18.49376367 ], [ -39.94600865, -18.49375583 ], [ -39.94601329, -18.49374795 ], [ -39.94602621, -18.49372381 ], [ -39.94604903, -18.49368421 ], [ -39.94607807, -18.49363761 ], [ -39.94610016, -18.49359764 ], [ -39.94611969, -18.49356666 ], [ -39.94614208, -18.49352685 ], [ -39.94616581, -18.49348774 ], [ -39.94617487, -18.49347187 ], [ -39.94619231, -18.49343978 ], [ -39.94619688, -18.49343187 ], [ -39.946216, -18.49340066 ], [ -39.94622052, -18.49339272 ], [ -39.94623346, -18.49336858 ], [ -39.94624749, -18.49334501 ], [ -39.9462564, -18.49332906 ], [ -39.9462706, -18.49330558 ], [ -39.94627504, -18.49329759 ], [ -39.94628353, -18.49328144 ], [ -39.94629259, -18.49326557 ], [ -39.94629725, -18.49325769 ], [ -39.94630694, -18.49324217 ], [ -39.94632066, -18.49321843 ], [ -39.94632537, -18.49321058 ], [ -39.94634917, -18.49317152 ], [ -39.94635361, -18.49316354 ], [ -39.94637524, -18.49312334 ], [ -39.9463798, -18.49311542 ], [ -39.94640778, -18.49306822 ], [ -39.94642809, -18.49303771 ], [ -39.94643257, -18.49302975 ], [ -39.94644957, -18.49299745 ], [ -39.94645426, -18.49298959 ], [ -39.94646874, -18.49296627 ], [ -39.94647339, -18.49295839 ], [ -39.94647789, -18.49295044 ], [ -39.94649055, -18.49292617 ], [ -39.94649521, -18.4929183 ], [ -39.94650961, -18.49289493 ], [ -39.94651392, -18.49288689 ], [ -39.94651798, -18.49287872 ], [ -39.94652563, -18.49286219 ], [ -39.94653026, -18.49285431 ], [ -39.94655499, -18.49281577 ], [ -39.94656828, -18.49279181 ], [ -39.94658731, -18.49276055 ], [ -39.94660493, -18.49272855 ], [ -39.94661472, -18.49271308 ], [ -39.94661913, -18.49270508 ], [ -39.94663601, -18.49267272 ], [ -39.94665498, -18.49264143 ], [ -39.94666374, -18.4926254 ], [ -39.94666858, -18.49261764 ], [ -39.94667322, -18.49260976 ], [ -39.94668667, -18.49258588 ], [ -39.94670105, -18.4925625 ], [ -39.94671395, -18.49253834 ], [ -39.94672829, -18.49251494 ], [ -39.94673729, -18.49249903 ], [ -39.94674162, -18.49249099 ], [ -39.94674982, -18.4924747 ], [ -39.94675433, -18.49246675 ], [ -39.94678843, -18.49241251 ], [ -39.94679296, -18.49240457 ], [ -39.94681009, -18.49237233 ], [ -39.94681475, -18.49236446 ], [ -39.94683961, -18.492326 ], [ -39.94684448, -18.49231825 ], [ -39.94684895, -18.49231028 ], [ -39.94686131, -18.49228587 ], [ -39.94686581, -18.49227792 ], [ -39.94688505, -18.49224678 ], [ -39.94689417, -18.49223094 ], [ -39.94690879, -18.49220769 ], [ -39.94691332, -18.49219976 ], [ -39.94692625, -18.49217562 ], [ -39.9469307, -18.49216764 ], [ -39.94694013, -18.49215196 ], [ -39.94695361, -18.4921281 ], [ -39.94696808, -18.49210476 ], [ -39.9469726, -18.49209682 ], [ -39.94698547, -18.49207265 ], [ -39.94700367, -18.49204095 ], [ -39.94700836, -18.4920331 ], [ -39.94702797, -18.49200217 ], [ -39.94703268, -18.49199433 ], [ -39.94704644, -18.49197061 ], [ -39.9470508, -18.49196259 ], [ -39.94706325, -18.49193822 ], [ -39.94707213, -18.49192225 ], [ -39.94707679, -18.49191439 ], [ -39.94709145, -18.49189117 ], [ -39.94709611, -18.4918833 ], [ -39.94710582, -18.49186778 ], [ -39.94711048, -18.49185991 ], [ -39.94712295, -18.49183555 ], [ -39.94712732, -18.49182753 ], [ -39.94713197, -18.49181966 ], [ -39.94714664, -18.49179644 ], [ -39.94716051, -18.49177278 ], [ -39.94717516, -18.49174955 ], [ -39.94717972, -18.49174163 ], [ -39.9471838, -18.49173347 ], [ -39.94719144, -18.49171693 ], [ -39.94719954, -18.4917006 ], [ -39.94720373, -18.49169249 ], [ -39.94720825, -18.49168455 ], [ -39.94721322, -18.49167686 ], [ -39.94722363, -18.49166176 ], [ -39.9472284, -18.49165395 ], [ -39.94725469, -18.49160588 ], [ -39.94726853, -18.4915822 ], [ -39.94727292, -18.4915742 ], [ -39.94728143, -18.49155805 ], [ -39.94729058, -18.49154222 ], [ -39.94730012, -18.49152661 ], [ -39.94730514, -18.49151895 ], [ -39.94731554, -18.49150384 ], [ -39.9473206, -18.4914962 ], [ -39.9473253, -18.49148835 ], [ -39.94733392, -18.49147226 ], [ -39.94734201, -18.49145592 ], [ -39.94734628, -18.49144785 ], [ -39.94735513, -18.49143187 ], [ -39.94736316, -18.4914155 ], [ -39.94737174, -18.49139939 ], [ -39.94737569, -18.49139118 ], [ -39.94737926, -18.4913828 ], [ -39.9473836, -18.49137477 ], [ -39.94738872, -18.49136717 ], [ -39.94739927, -18.49135216 ], [ -39.9474046, -18.49134469 ], [ -39.94741012, -18.49133735 ], [ -39.94741512, -18.49132967 ], [ -39.9474197, -18.49132176 ], [ -39.94743626, -18.49128925 ], [ -39.94744476, -18.4912731 ], [ -39.94744922, -18.49126512 ], [ -39.94745403, -18.49125734 ], [ -39.94746426, -18.49124213 ], [ -39.94746909, -18.49123435 ], [ -39.94749239, -18.49119501 ], [ -39.94749722, -18.49118724 ], [ -39.94750756, -18.4911721 ], [ -39.9475124, -18.49116434 ], [ -39.9475206, -18.49114804 ], [ -39.94752504, -18.49114006 ], [ -39.9475342, -18.49112424 ], [ -39.94754266, -18.49110807 ], [ -39.94754705, -18.49110006 ], [ -39.9475518, -18.49109224 ], [ -39.9475665, -18.49106904 ], [ -39.9475805, -18.49104545 ], [ -39.94759957, -18.49101422 ], [ -39.94760861, -18.49099833 ], [ -39.94762623, -18.49096633 ], [ -39.94763519, -18.49095041 ], [ -39.94765373, -18.49091888 ], [ -39.94767179, -18.49088711 ], [ -39.94769557, -18.49084803 ], [ -39.94769982, -18.49083996 ], [ -39.94770726, -18.49082334 ], [ -39.947715, -18.49080684 ], [ -39.94771911, -18.49079869 ], [ -39.94772341, -18.49079064 ], [ -39.94773682, -18.49076674 ], [ -39.94774154, -18.49075891 ], [ -39.94775607, -18.49073561 ], [ -39.94776143, -18.49072816 ], [ -39.94776728, -18.49072105 ], [ -39.94777263, -18.4907136 ], [ -39.94778141, -18.49069758 ], [ -39.94778595, -18.49068965 ], [ -39.94779461, -18.49067358 ], [ -39.94779907, -18.49066561 ], [ -39.94780407, -18.49065793 ], [ -39.94781481, -18.49064305 ], [ -39.94781976, -18.49063534 ], [ -39.9478288, -18.49061946 ], [ -39.94784292, -18.49059593 ], [ -39.94784739, -18.49058797 ], [ -39.94785574, -18.49057174 ], [ -39.94786006, -18.4905637 ], [ -39.94786399, -18.49055548 ], [ -39.94786816, -18.49054737 ], [ -39.94788496, -18.49051922 ] ] } },
{ "type": "Feature", "properties": { }, "geometry": { "type": "LineString", "coordinates": [ [ -39.94681139, -18.49162984 ], [ -39.94680517, -18.49162302 ], [ -39.94679203, -18.49161 ], [ -39.94678605, -18.49160299 ], [ -39.94677533, -18.4915881 ], [ -39.94676783, -18.49157838 ] ] } },
{ "type": "Feature", "properties": { }, "geometry": { "type": "LineString", "coordinates": [ [ -39.94679887, -18.49157158 ], [ -39.94678681, -18.49155764 ], [ -39.94678047, -18.49155092 ], [ -39.94677365, -18.49154466 ], [ -39.94676658, -18.49153864 ], [ -39.94675974, -18.49153238 ], [ -39.94675356, -18.49152554 ], [ -39.94675146, -18.49152282 ] ] } },
{ "type": "Feature", "properties": { }, "geometry": { "type": "LineString", "coordinates": [ [ -39.9470409, -18.49155621 ], [ -39.94701651, -18.4915423 ], [ -39.94700873, -18.49153714 ], [ -39.94699368, -18.49152616 ], [ -39.94698605, -18.4915208 ], [ -39.94697799, -18.49151606 ], [ -39.94696968, -18.49151173 ], [ -39.94696149, -18.49150719 ], [ -39.94695384, -18.49150186 ], [ -39.94694576, -18.49149715 ], [ -39.94693754, -18.49149266 ], [ -39.9469298, -18.49148746 ], [ -39.94691511, -18.49147605 ], [ -39.94690012, -18.491465 ], [ -39.94689288, -18.49145917 ], [ -39.94688586, -18.49145311 ], [ -39.94688227, -18.49144981 ] ] } },
{ "type": "Feature", "properties": { }, "geometry": { "type": "LineString", "coordinates": [ [ -39.94704883, -18.49154507 ], [ -39.94704106, -18.4915399 ], [ -39.94700877, -18.49152099 ], [ -39.94700088, -18.49151599 ], [ -39.94699313, -18.4915108 ], [ -39.94697699, -18.49150134 ], [ -39.94696188, -18.49149044 ], [ -39.94695376, -18.49148578 ], [ -39.94694554, -18.49148129 ], [ -39.94693783, -18.49147604 ], [ -39.94692317, -18.49146459 ], [ -39.94690817, -18.49145355 ], [ -39.94690096, -18.4914477 ], [ -39.94689394, -18.49144162 ], [ -39.94689088, -18.49143878 ] ] } },
{ "type": "Feature", "properties": { }, "geometry": { "type": "LineString", "coordinates": [ [ -39.9470584, -18.49153281 ], [ -39.94705063, -18.49152764 ], [ -39.94701835, -18.49150873 ], [ -39.94701046, -18.49150372 ], [ -39.94700271, -18.49149853 ], [ -39.94698656, -18.49148907 ], [ -39.94697141, -18.49147823 ], [ -39.94694736, -18.49146379 ], [ -39.94693948, -18.49145879 ], [ -39.94693186, -18.49145342 ], [ -39.94690949, -18.4914367 ], [ -39.9469004, -18.49142946 ] ] } },
{ "type": "Feature", "properties": { }, "geometry": { "type": "LineString", "coordinates": [ [ -39.94706637, -18.4915207 ], [ -39.94705861, -18.49151553 ], [ -39.94702632, -18.49149662 ], [ -39.94701843, -18.49149162 ], [ -39.94701068, -18.49148642 ], [ -39.94699453, -18.49147697 ], [ -39.94697938, -18.49146612 ], [ -39.94697136, -18.49146131 ], [ -39.94696323, -18.49145669 ], [ -39.94695536, -18.49145169 ], [ -39.94693258, -18.49143549 ], [ -39.94691689, -18.49142536 ], [ -39.94691151, -18.49142142 ] ] } },
{ "type": "Feature", "properties": { }, "geometry": { "type": "LineString", "coordinates": [ [ -39.94521787, -18.49399812 ], [ -39.94519441, -18.49403737 ], [ -39.94519042, -18.49404557 ], [ -39.9451835, -18.49406239 ] ] } },
{ "type": "Feature", "properties": { }, "geometry": { "type": "LineString", "coordinates": [ [ -39.94536856, -18.49375965 ], [ -39.94536322, -18.49376711 ], [ -39.94535722, -18.49377411 ], [ -39.94534235, -18.4937853 ], [ -39.94533513, -18.49379116 ], [ -39.94532181, -18.493804 ], [ -39.94531526, -18.49381053 ], [ -39.94530149, -18.49382543 ] ] } },
{ "type": "Feature", "properties": { }, "geometry": { "type": "LineString", "coordinates": [ [ -39.94567626, -18.49329121 ], [ -39.94566543, -18.49330604 ], [ -39.94565259, -18.49333022 ], [ -39.94564818, -18.49333822 ], [ -39.94564188, -18.49334813 ] ] } },
{ "type": "Feature", "properties": { }, "geometry": { "type": "LineString", "coordinates": [ [ -39.94572846, -18.49317368 ], [ -39.94572374, -18.49318152 ], [ -39.94571967, -18.49318968 ], [ -39.94571594, -18.49319798 ], [ -39.94571242, -18.49320637 ], [ -39.9457085, -18.4932146 ], [ -39.94570393, -18.49322252 ], [ -39.94569925, -18.49323037 ], [ -39.94569417, -18.493238 ], [ -39.94568883, -18.49324547 ], [ -39.94568372, -18.49325307 ], [ -39.94567881, -18.4932608 ], [ -39.9456741, -18.49326864 ], [ -39.94565916, -18.4932917 ], [ -39.94565446, -18.49329955 ], [ -39.94565011, -18.49330757 ], [ -39.94564085, -18.49332334 ], [ -39.94563674, -18.49333148 ], [ -39.94562774, -18.49334738 ], [ -39.94561893, -18.49336338 ], [ -39.94561247, -18.49337363 ] ] } },
{ "type": "Feature", "properties": { }, "geometry": { "type": "LineString", "coordinates": [ [ -39.94571495, -18.49316614 ], [ -39.94571024, -18.49317398 ], [ -39.94570617, -18.49318214 ], [ -39.94570244, -18.49319045 ], [ -39.94569891, -18.49319884 ], [ -39.945695, -18.49320706 ], [ -39.94569043, -18.49321498 ], [ -39.94568574, -18.49322283 ], [ -39.94568067, -18.49323047 ], [ -39.94567533, -18.49323793 ], [ -39.94567022, -18.49324554 ], [ -39.9456653, -18.49325326 ], [ -39.94566052, -18.49326106 ], [ -39.94565204, -18.49327722 ], [ -39.94564703, -18.49328489 ], [ -39.94564159, -18.49329229 ], [ -39.94563231, -18.49330804 ], [ -39.94562747, -18.49331581 ], [ -39.94561903, -18.49333199 ], [ -39.94561441, -18.49333988 ], [ -39.94560575, -18.49335596 ], [ -39.94559878, -18.49336704 ] ] } },
{ "type": "Feature", "properties": { }, "geometry": { "type": "LineString", "coordinates": [ [ -39.94571497, -18.49314505 ], [ -39.94569927, -18.49316764 ], [ -39.94569544, -18.49317591 ], [ -39.94569128, -18.49318403 ], [ -39.94567302, -18.4932157 ], [ -39.94566814, -18.49322345 ], [ -39.94565318, -18.4932465 ], [ -39.945649, -18.49325461 ], [ -39.9456413, -18.49327112 ], [ -39.9456366, -18.49327896 ], [ -39.94562652, -18.49329427 ], [ -39.94562165, -18.49330202 ], [ -39.9456073, -18.49332542 ], [ -39.94559398, -18.49334937 ], [ -39.94558868, -18.49335685 ], [ -39.94558662, -18.49335949 ] ] } },
{ "type": "Feature", "properties": { }, "geometry": { "type": "LineString", "coordinates": [ [ -39.94609345, -18.49260368 ], [ -39.94610076, -18.492587 ], [ -39.9461055, -18.49257918 ], [ -39.9461105, -18.4925715 ], [ -39.94612909, -18.492551 ], [ -39.94614057, -18.49253662 ], [ -39.94614761, -18.49253058 ], [ -39.94615513, -18.49252509 ], [ -39.94615768, -18.49252294 ] ] } },
{ "type": "Feature", "properties": { }, "geometry": { "type": "LineString", "coordinates": [ [ -39.94557316, -18.49447461 ], [ -39.94559748, -18.49443636 ], [ -39.94560257, -18.49442874 ], [ -39.94560795, -18.49442131 ], [ -39.94561288, -18.49441359 ], [ -39.94562116, -18.49439733 ], [ -39.94562554, -18.49438932 ], [ -39.9456351, -18.49437372 ], [ -39.9456397, -18.49436581 ], [ -39.94565255, -18.49434164 ], [ -39.94565703, -18.49433367 ], [ -39.94567617, -18.49430248 ], [ -39.94568084, -18.49429462 ], [ -39.94569428, -18.49427073 ], [ -39.94569855, -18.49426266 ], [ -39.9457025, -18.49425445 ], [ -39.94570673, -18.49424636 ], [ -39.94572553, -18.49421498 ], [ -39.94573881, -18.49419101 ], [ -39.94574342, -18.49418312 ], [ -39.94576299, -18.49415216 ], [ -39.94576759, -18.49414427 ], [ -39.94577172, -18.49413613 ], [ -39.94577604, -18.49412809 ], [ -39.94578995, -18.49410445 ], [ -39.94579442, -18.49409648 ], [ -39.94580281, -18.49408027 ], [ -39.9458073, -18.49407232 ], [ -39.94581708, -18.49405684 ], [ -39.94583528, -18.49402514 ], [ -39.94585433, -18.49399389 ], [ -39.9458593, -18.4939862 ], [ -39.94586458, -18.4939787 ], [ -39.94586969, -18.49397108 ], [ -39.94587394, -18.49396301 ], [ -39.94587793, -18.49395481 ], [ -39.94588222, -18.49394676 ], [ -39.94588674, -18.49393881 ], [ -39.94590548, -18.4939074 ], [ -39.94590988, -18.4938994 ], [ -39.94594431, -18.49383499 ], [ -39.94594842, -18.49382685 ], [ -39.94595588, -18.49381024 ], [ -39.94595984, -18.49380203 ], [ -39.94596429, -18.49379405 ], [ -39.9459736, -18.49377831 ], [ -39.9459826, -18.4937624 ], [ -39.94598888, -18.49375564 ], [ -39.94599496, -18.49374871 ], [ -39.94600045, -18.49374135 ], [ -39.94600482, -18.49373333 ], [ -39.94600856, -18.49372503 ], [ -39.94601299, -18.49371704 ], [ -39.94602743, -18.49369369 ], [ -39.94603191, -18.49368573 ], [ -39.9460405, -18.49366962 ], [ -39.94604559, -18.493662 ], [ -39.94605658, -18.49364728 ], [ -39.94606168, -18.49363966 ], [ -39.94606627, -18.49363176 ], [ -39.94607049, -18.49362367 ], [ -39.94608268, -18.49359918 ], [ -39.94608689, -18.49359108 ], [ -39.94609136, -18.49358311 ], [ -39.94609593, -18.4935752 ], [ -39.94610095, -18.49356754 ], [ -39.94611664, -18.49354493 ], [ -39.94612126, -18.49353704 ], [ -39.94612559, -18.493529 ], [ -39.94613017, -18.4935211 ], [ -39.94614902, -18.49348974 ], [ -39.94616242, -18.49346583 ], [ -39.94618005, -18.49343383 ], [ -39.94618938, -18.49341811 ], [ -39.94620379, -18.49339474 ], [ -39.94620836, -18.49338682 ], [ -39.94622151, -18.49336279 ], [ -39.94623552, -18.4933392 ], [ -39.94624458, -18.49332333 ], [ -39.94625876, -18.49329984 ], [ -39.94626325, -18.49329188 ], [ -39.94628068, -18.49325978 ], [ -39.94630781, -18.49321214 ], [ -39.94631714, -18.49319641 ], [ -39.94633185, -18.49317321 ], [ -39.94633666, -18.49316543 ], [ -39.94634123, -18.49315752 ], [ -39.94636699, -18.49310918 ], [ -39.94637143, -18.4931012 ], [ -39.94638976, -18.49306956 ], [ -39.94639444, -18.49306171 ], [ -39.94639944, -18.49305403 ], [ -39.94641036, -18.49303927 ], [ -39.94641536, -18.49303159 ], [ -39.94643721, -18.4929915 ], [ -39.94644196, -18.49298368 ], [ -39.94645204, -18.49296838 ], [ -39.94645688, -18.49296061 ], [ -39.94646091, -18.49295243 ], [ -39.94646702, -18.49293533 ], [ -39.94647138, -18.4929273 ], [ -39.946487, -18.49290465 ], [ -39.94649187, -18.4928969 ], [ -39.9465009, -18.49288102 ], [ -39.9465092, -18.49286477 ], [ -39.9465135, -18.49285672 ], [ -39.94651842, -18.492849 ], [ -39.94652375, -18.49284152 ], [ -39.94652879, -18.49283387 ], [ -39.9465333, -18.49282593 ], [ -39.94654585, -18.4928016 ], [ -39.9465501, -18.49279353 ], [ -39.94655454, -18.49278554 ], [ -39.94658679, -18.49273027 ], [ -39.94659548, -18.49271421 ], [ -39.94660482, -18.49269849 ], [ -39.94660931, -18.49269053 ], [ -39.94662238, -18.49266646 ], [ -39.94663202, -18.4926509 ], [ -39.94664599, -18.4926273 ], [ -39.94665909, -18.49260324 ], [ -39.94666369, -18.49259534 ], [ -39.94668766, -18.49255637 ], [ -39.94669227, -18.49254847 ], [ -39.94670061, -18.49253224 ], [ -39.94670506, -18.49252427 ], [ -39.94671423, -18.49250845 ], [ -39.94671855, -18.49250041 ], [ -39.94673108, -18.49247608 ], [ -39.94673574, -18.49246821 ], [ -39.94676084, -18.49242989 ], [ -39.94676565, -18.49242211 ], [ -39.94677453, -18.49240614 ], [ -39.94678266, -18.49238982 ], [ -39.9467928, -18.49237455 ], [ -39.94681699, -18.49233571 ], [ -39.94684425, -18.49228813 ], [ -39.946873, -18.49224136 ], [ -39.94688214, -18.49222553 ], [ -39.94688687, -18.4922177 ], [ -39.9468966, -18.49220219 ], [ -39.94690115, -18.49219427 ], [ -39.94691404, -18.49217011 ], [ -39.94691847, -18.49216212 ], [ -39.94692779, -18.49214638 ], [ -39.94694125, -18.49212251 ], [ -39.94695558, -18.4920991 ], [ -39.94696011, -18.49209116 ], [ -39.94697294, -18.49206697 ], [ -39.94699104, -18.49203521 ], [ -39.9470005, -18.49201955 ], [ -39.94701515, -18.49199632 ], [ -39.94701985, -18.49198848 ], [ -39.94703355, -18.49196473 ], [ -39.9470379, -18.4919567 ], [ -39.9470503, -18.49193231 ], [ -39.94705912, -18.49191631 ], [ -39.94706375, -18.49190843 ], [ -39.9470783, -18.49188514 ], [ -39.94709259, -18.49186171 ], [ -39.94709723, -18.49185383 ], [ -39.94710971, -18.49182947 ], [ -39.947114, -18.49182142 ], [ -39.94711857, -18.4918135 ], [ -39.94713839, -18.49178269 ], [ -39.94715731, -18.49175137 ], [ -39.94716179, -18.49174341 ], [ -39.94717422, -18.49171903 ], [ -39.94718296, -18.491703 ], [ -39.94718715, -18.49169489 ], [ -39.94719098, -18.49168663 ], [ -39.9471951, -18.49167849 ], [ -39.94719974, -18.49167061 ], [ -39.94720472, -18.49166292 ], [ -39.94721001, -18.49165543 ], [ -39.94721501, -18.49164775 ], [ -39.94721962, -18.49163986 ], [ -39.94724215, -18.49160011 ], [ -39.94725637, -18.49157664 ], [ -39.94726093, -18.49156872 ], [ -39.94726972, -18.49155272 ], [ -39.94727885, -18.49153688 ], [ -39.94728318, -18.49152884 ], [ -39.94728722, -18.49152067 ], [ -39.94729165, -18.49151268 ], [ -39.9473071, -18.49148992 ], [ -39.94731186, -18.49148211 ], [ -39.9473163, -18.49147413 ], [ -39.94732056, -18.49146606 ], [ -39.94732869, -18.49144974 ], [ -39.94733292, -18.49144165 ], [ -39.94734174, -18.49142566 ], [ -39.94734985, -18.49140932 ], [ -39.94735836, -18.49139318 ], [ -39.94736238, -18.491385 ], [ -39.94736602, -18.49137666 ], [ -39.94737022, -18.49136856 ], [ -39.94737521, -18.49136089 ], [ -39.94739105, -18.49133838 ], [ -39.94739654, -18.49133102 ], [ -39.94740163, -18.4913234 ], [ -39.94740628, -18.49131553 ], [ -39.94741056, -18.49130747 ], [ -39.94742713, -18.49127496 ], [ -39.94743582, -18.4912589 ], [ -39.94744058, -18.49125109 ], [ -39.94745076, -18.49123585 ], [ -39.94745563, -18.4912281 ], [ -39.94747896, -18.49118878 ], [ -39.94748376, -18.49118099 ], [ -39.94749403, -18.4911658 ], [ -39.94749894, -18.49115808 ], [ -39.9475032, -18.49115001 ], [ -39.94750727, -18.49114185 ], [ -39.94751165, -18.49113384 ], [ -39.9475208, -18.49111801 ], [ -39.94753366, -18.49109384 ], [ -39.94753836, -18.49108599 ], [ -39.94755305, -18.49106279 ], [ -39.94756706, -18.4910392 ], [ -39.94758613, -18.49100797 ], [ -39.94759522, -18.49099211 ], [ -39.94762179, -18.49094418 ], [ -39.94764031, -18.49091265 ], [ -39.94765838, -18.49088088 ], [ -39.94768213, -18.49084179 ], [ -39.94768647, -18.49083375 ], [ -39.94769783, -18.49080891 ], [ -39.94770171, -18.49080066 ], [ -39.94770577, -18.4907925 ], [ -39.94771004, -18.49078443 ], [ -39.94772344, -18.49076052 ], [ -39.9477281, -18.49075266 ], [ -39.9477426, -18.49072935 ], [ -39.94774788, -18.49072185 ], [ -39.94775365, -18.49071468 ], [ -39.94775909, -18.49070728 ], [ -39.9477637, -18.4906994 ], [ -39.94778568, -18.49065938 ], [ -39.94779058, -18.49065165 ], [ -39.94780127, -18.49063673 ], [ -39.94780629, -18.49062906 ], [ -39.9478154, -18.49061322 ], [ -39.94782949, -18.49058968 ], [ -39.947834, -18.49058173 ], [ -39.9478467, -18.49055748 ], [ -39.94785482, -18.49054116 ], [ -39.94786746, -18.49051977 ] ] } },
{ "type": "Feature", "properties": { }, "geometry": { "type": "LineString", "coordinates": [ [ -39.94556127, -18.49446694 ], [ -39.94557204, -18.49445064 ], [ -39.94557674, -18.4944428 ], [ -39.94558126, -18.49443486 ], [ -39.94558618, -18.49442713 ], [ -39.94559641, -18.49441192 ], [ -39.94560086, -18.49440394 ], [ -39.94560497, -18.4943958 ], [ -39.94560944, -18.49438783 ], [ -39.94562808, -18.49435636 ], [ -39.94563239, -18.49434832 ], [ -39.94564065, -18.49433205 ], [ -39.94564523, -18.49432414 ], [ -39.94567409, -18.49427743 ], [ -39.94567857, -18.49426947 ], [ -39.94569148, -18.49424532 ], [ -39.94570552, -18.49422175 ], [ -39.94571458, -18.49420587 ], [ -39.94571887, -18.49419782 ], [ -39.94573024, -18.49417297 ], [ -39.94573504, -18.49416518 ], [ -39.94575157, -18.49414313 ], [ -39.94575657, -18.49413545 ], [ -39.9457608, -18.49412737 ], [ -39.94576472, -18.49411914 ], [ -39.94576901, -18.49411108 ], [ -39.94578271, -18.49408733 ], [ -39.94578705, -18.4940793 ], [ -39.94579165, -18.4940714 ], [ -39.94581143, -18.49404057 ], [ -39.94581596, -18.49403263 ], [ -39.9458287, -18.4940084 ], [ -39.9458332, -18.49400045 ], [ -39.9458426, -18.49398475 ], [ -39.94585776, -18.49396183 ], [ -39.94586643, -18.49394576 ], [ -39.94587096, -18.49393782 ], [ -39.94587569, -18.49392999 ], [ -39.94588545, -18.4939145 ], [ -39.94589938, -18.49389087 ], [ -39.9459189, -18.49385989 ], [ -39.94592346, -18.49385197 ], [ -39.94593604, -18.49382766 ], [ -39.9459399, -18.49381941 ], [ -39.94594698, -18.49380264 ], [ -39.94595092, -18.49379443 ], [ -39.94596906, -18.49376269 ], [ -39.94597389, -18.49375492 ], [ -39.94598603, -18.49374104 ], [ -39.94599121, -18.49373348 ], [ -39.94599931, -18.49371714 ], [ -39.9460038, -18.49370919 ], [ -39.94601802, -18.49368571 ], [ -39.94602668, -18.49366964 ], [ -39.94603118, -18.49366169 ], [ -39.9460363, -18.49365408 ], [ -39.94604713, -18.49363926 ], [ -39.94605207, -18.49363154 ], [ -39.9460565, -18.49362355 ], [ -39.94607277, -18.49359091 ], [ -39.94607703, -18.49358284 ], [ -39.9460815, -18.49357487 ], [ -39.94608616, -18.493567 ], [ -39.94609118, -18.49355934 ], [ -39.94610158, -18.49354423 ], [ -39.9461066, -18.49353657 ], [ -39.94611548, -18.49352061 ], [ -39.94612006, -18.4935127 ], [ -39.9461387, -18.49348122 ], [ -39.9461695, -18.49342521 ], [ -39.9461741, -18.49341731 ], [ -39.94619305, -18.493386 ], [ -39.94621064, -18.49335399 ], [ -39.94621994, -18.49333824 ], [ -39.94623355, -18.49331445 ], [ -39.94624756, -18.49329086 ], [ -39.9462693, -18.49325071 ], [ -39.94629623, -18.49320297 ], [ -39.94630557, -18.49318725 ], [ -39.94631043, -18.49317949 ], [ -39.94631553, -18.49317187 ], [ -39.9463252, -18.49315633 ], [ -39.94632985, -18.49314846 ], [ -39.94633855, -18.4931324 ], [ -39.94634263, -18.49312425 ], [ -39.94634634, -18.49311593 ], [ -39.94635049, -18.49310781 ], [ -39.94635532, -18.49310004 ], [ -39.94637871, -18.49306075 ], [ -39.94639661, -18.49302889 ], [ -39.94640146, -18.49302112 ], [ -39.94641206, -18.49300614 ], [ -39.9464168, -18.49299832 ], [ -39.94642538, -18.49298221 ], [ -39.94642998, -18.49297431 ], [ -39.94643967, -18.49295878 ], [ -39.94644431, -18.4929509 ], [ -39.94644829, -18.4929427 ], [ -39.94645549, -18.49292598 ], [ -39.94645995, -18.49291801 ], [ -39.94648006, -18.49288737 ], [ -39.94648463, -18.49287946 ], [ -39.94649753, -18.4928553 ], [ -39.94650222, -18.49284745 ], [ -39.94651692, -18.49282425 ], [ -39.9465214, -18.49281629 ], [ -39.94653406, -18.49279202 ], [ -39.94653867, -18.49278412 ], [ -39.94654828, -18.49276855 ], [ -39.94655288, -18.49276065 ], [ -39.94656629, -18.49273674 ], [ -39.94657583, -18.49272113 ], [ -39.9465804, -18.49271321 ], [ -39.9465847, -18.49270516 ], [ -39.94659275, -18.4926888 ], [ -39.9466056, -18.49266462 ], [ -39.9466101, -18.49265667 ], [ -39.94661967, -18.49264107 ], [ -39.94662895, -18.49262531 ], [ -39.94663346, -18.49261737 ], [ -39.94664654, -18.4925933 ], [ -39.94665116, -18.49258541 ], [ -39.94667492, -18.49254633 ], [ -39.94667936, -18.49253834 ], [ -39.94668774, -18.49252213 ], [ -39.94670122, -18.49249827 ], [ -39.94671808, -18.4924659 ], [ -39.94672279, -18.49245806 ], [ -39.9467477, -18.49241963 ], [ -39.94675238, -18.49241177 ], [ -39.9467568, -18.49240378 ], [ -39.9467695, -18.49237953 ], [ -39.94678158, -18.49236561 ], [ -39.94678659, -18.49235794 ], [ -39.94680988, -18.49231859 ], [ -39.94682438, -18.49229528 ], [ -39.94682907, -18.49228742 ], [ -39.94683813, -18.49227155 ], [ -39.94685736, -18.49224041 ], [ -39.94686208, -18.49223257 ], [ -39.94687125, -18.49221676 ], [ -39.94688568, -18.4921934 ], [ -39.94689017, -18.49218545 ], [ -39.94690308, -18.4921613 ], [ -39.94690756, -18.49215333 ], [ -39.94691686, -18.49213759 ], [ -39.94693037, -18.49211374 ], [ -39.94694465, -18.4920903 ], [ -39.94694912, -18.49208234 ], [ -39.946962, -18.49205817 ], [ -39.94698014, -18.49202644 ], [ -39.94698482, -18.49201858 ], [ -39.94700426, -18.49198755 ], [ -39.94701807, -18.49196386 ], [ -39.94702257, -18.49195591 ], [ -39.94702686, -18.49194786 ], [ -39.94703933, -18.49192349 ], [ -39.94704821, -18.49190753 ], [ -39.94705289, -18.49189968 ], [ -39.94706263, -18.49188417 ], [ -39.94708168, -18.49185293 ], [ -39.9470862, -18.49184499 ], [ -39.94709447, -18.49182873 ], [ -39.94710308, -18.49181263 ], [ -39.94710775, -18.49180477 ], [ -39.94712265, -18.49178169 ], [ -39.94712751, -18.49177393 ], [ -39.94714636, -18.49174258 ], [ -39.94715076, -18.49173457 ], [ -39.94716323, -18.49171021 ], [ -39.94717194, -18.49169416 ], [ -39.94717604, -18.49168602 ], [ -39.94717994, -18.49167779 ], [ -39.94718419, -18.49166971 ], [ -39.94718892, -18.49166188 ], [ -39.94719919, -18.4916467 ], [ -39.94720409, -18.49163897 ], [ -39.94723125, -18.49159134 ], [ -39.94724544, -18.49156786 ], [ -39.94724996, -18.49155991 ], [ -39.94725879, -18.49154393 ], [ -39.94726787, -18.49152806 ], [ -39.94727626, -18.49151186 ], [ -39.94728086, -18.49150397 ], [ -39.94729622, -18.49148116 ], [ -39.9473009, -18.49147331 ], [ -39.9473053, -18.49146531 ], [ -39.94730952, -18.49145721 ], [ -39.94731768, -18.4914409 ], [ -39.94733071, -18.49141681 ], [ -39.94733883, -18.49140049 ], [ -39.9473473, -18.49138432 ], [ -39.94735501, -18.49136782 ], [ -39.94735941, -18.49135982 ], [ -39.94736446, -18.49135218 ], [ -39.94736972, -18.49134466 ], [ -39.94738576, -18.49132229 ], [ -39.94739074, -18.4913146 ], [ -39.9473953, -18.49130668 ], [ -39.94741614, -18.49126611 ], [ -39.94742045, -18.49125806 ], [ -39.94742496, -18.49125012 ], [ -39.94742979, -18.49124235 ], [ -39.94743992, -18.49122708 ], [ -39.94744475, -18.4912193 ], [ -39.94746811, -18.49117999 ], [ -39.94747297, -18.49117224 ], [ -39.94748321, -18.49115704 ], [ -39.94748796, -18.49114922 ], [ -39.94749632, -18.49113301 ], [ -39.94750983, -18.49110916 ], [ -39.94751835, -18.49109302 ], [ -39.94752279, -18.49108504 ], [ -39.94752754, -18.49107722 ], [ -39.94754217, -18.49105398 ], [ -39.94755621, -18.4910304 ], [ -39.94757524, -18.49099915 ], [ -39.94758428, -18.49098327 ], [ -39.94760191, -18.49095127 ], [ -39.94761089, -18.49093536 ], [ -39.9476294, -18.49090382 ], [ -39.94764751, -18.49087207 ], [ -39.94766655, -18.49084082 ], [ -39.94767117, -18.49083293 ], [ -39.94767538, -18.49082484 ], [ -39.94768676, -18.4908 ], [ -39.94769068, -18.49079177 ], [ -39.9476948, -18.49078363 ], [ -39.94769911, -18.49077559 ], [ -39.94771256, -18.49075171 ], [ -39.9477269, -18.4907283 ], [ -39.94773189, -18.49072062 ], [ -39.94773729, -18.4907132 ], [ -39.94774297, -18.49070598 ], [ -39.9477482, -18.49069845 ], [ -39.94776162, -18.49067456 ], [ -39.94777033, -18.49065851 ], [ -39.94777488, -18.49065058 ], [ -39.94777989, -18.49064291 ], [ -39.94779049, -18.49062794 ], [ -39.94779541, -18.49062022 ], [ -39.94780453, -18.49060438 ], [ -39.94781859, -18.49058082 ], [ -39.94782303, -18.49057284 ], [ -39.94784394, -18.4905323 ], [ -39.94785101, -18.49052028 ] ] } },
{ "type": "Feature", "properties": { }, "geometry": { "type": "LineString", "coordinates": [ [ -39.94554974, -18.49445951 ], [ -39.94556032, -18.4944435 ], [ -39.94556502, -18.49443565 ], [ -39.94556955, -18.49442771 ], [ -39.94557446, -18.49441999 ], [ -39.94558469, -18.49440477 ], [ -39.94558914, -18.4943968 ], [ -39.94559325, -18.49438866 ], [ -39.94559772, -18.49438069 ], [ -39.94561637, -18.49434922 ], [ -39.94562068, -18.49434117 ], [ -39.94562893, -18.4943249 ], [ -39.94563351, -18.494317 ], [ -39.94566237, -18.49427029 ], [ -39.94566685, -18.49426232 ], [ -39.94567977, -18.49423817 ], [ -39.9456938, -18.4942146 ], [ -39.94570286, -18.49419873 ], [ -39.94570715, -18.49419067 ], [ -39.94571853, -18.49416583 ], [ -39.94572333, -18.49415804 ], [ -39.94573985, -18.49413598 ], [ -39.94574486, -18.49412831 ], [ -39.94574909, -18.49412023 ], [ -39.94575301, -18.494112 ], [ -39.9457573, -18.49410394 ], [ -39.94577099, -18.49408019 ], [ -39.94577534, -18.49407216 ], [ -39.94577993, -18.49406425 ], [ -39.94579971, -18.49403343 ], [ -39.94580424, -18.49402549 ], [ -39.94581698, -18.49400126 ], [ -39.94582148, -18.4939933 ], [ -39.94583088, -18.49397761 ], [ -39.94584605, -18.49395468 ], [ -39.94585471, -18.49393861 ], [ -39.94585924, -18.49393068 ], [ -39.94586398, -18.49392285 ], [ -39.94587374, -18.49390736 ], [ -39.94588766, -18.49388373 ], [ -39.94590719, -18.49385275 ], [ -39.94591174, -18.49384482 ], [ -39.94592432, -18.49382052 ], [ -39.94592819, -18.49381226 ], [ -39.94593526, -18.4937955 ], [ -39.94593921, -18.49378728 ], [ -39.94595734, -18.49375555 ], [ -39.94596217, -18.49374777 ], [ -39.94597431, -18.4937339 ], [ -39.9459795, -18.49372634 ], [ -39.9459876, -18.49371 ], [ -39.94599209, -18.49370204 ], [ -39.94600631, -18.49367857 ], [ -39.94601496, -18.49366249 ], [ -39.94601947, -18.49365454 ], [ -39.94602458, -18.49364694 ], [ -39.94603542, -18.49363211 ], [ -39.94604035, -18.4936244 ], [ -39.94604478, -18.49361641 ], [ -39.94606105, -18.49358377 ], [ -39.94606532, -18.4935757 ], [ -39.94606978, -18.49356773 ], [ -39.94607444, -18.49355986 ], [ -39.94607946, -18.4935522 ], [ -39.94608986, -18.49353709 ], [ -39.94609488, -18.49352942 ], [ -39.94610377, -18.49351346 ], [ -39.94610835, -18.49350555 ], [ -39.94612698, -18.49347408 ], [ -39.94615779, -18.49341806 ], [ -39.94616239, -18.49341016 ], [ -39.94618133, -18.49337886 ], [ -39.94619893, -18.49334685 ], [ -39.94620822, -18.4933311 ], [ -39.94622184, -18.4933073 ], [ -39.94623584, -18.49328371 ], [ -39.94625758, -18.49324357 ], [ -39.94628452, -18.49319583 ], [ -39.94629386, -18.4931801 ], [ -39.94630364, -18.49316462 ], [ -39.94630833, -18.49315678 ], [ -39.94632159, -18.4931328 ], [ -39.94633546, -18.49310914 ], [ -39.94634427, -18.49309314 ], [ -39.94634881, -18.49308521 ], [ -39.94636741, -18.49305372 ], [ -39.94638528, -18.49302184 ], [ -39.94639014, -18.49301409 ], [ -39.94640048, -18.49299894 ], [ -39.94640516, -18.49299109 ], [ -39.94641383, -18.49297502 ], [ -39.94641841, -18.49296711 ], [ -39.94642793, -18.49295149 ], [ -39.94643237, -18.49294351 ], [ -39.94644376, -18.49291868 ], [ -39.94644821, -18.4929107 ], [ -39.9464531, -18.49290297 ], [ -39.94646316, -18.49288765 ], [ -39.946468, -18.49287989 ], [ -39.94647252, -18.49287194 ], [ -39.94648546, -18.49284781 ], [ -39.94649012, -18.49283994 ], [ -39.94649987, -18.49282445 ], [ -39.94650459, -18.49281661 ], [ -39.94650901, -18.49280862 ], [ -39.94652172, -18.49278437 ], [ -39.94652629, -18.49277646 ], [ -39.94653575, -18.4927608 ], [ -39.9465537, -18.49272897 ], [ -39.94656308, -18.49271327 ], [ -39.94656758, -18.49270531 ], [ -39.9465718, -18.49269723 ], [ -39.94658406, -18.49267277 ], [ -39.94659267, -18.49265667 ], [ -39.94659718, -18.49264872 ], [ -39.9466066, -18.49263305 ], [ -39.94661581, -18.49261725 ], [ -39.94663332, -18.4925852 ], [ -39.94663791, -18.49257729 ], [ -39.9466568, -18.49254596 ], [ -39.9466614, -18.49253806 ], [ -39.94666577, -18.49253004 ], [ -39.94667421, -18.49251386 ], [ -39.94668748, -18.49248989 ], [ -39.94670001, -18.49246556 ], [ -39.94670436, -18.49245753 ], [ -39.94670903, -18.49244967 ], [ -39.94673367, -18.49241108 ], [ -39.94673829, -18.49240319 ], [ -39.94674266, -18.49239518 ], [ -39.94675107, -18.49237898 ], [ -39.9467559, -18.49237122 ], [ -39.94676126, -18.49236377 ], [ -39.9467731, -18.49234967 ], [ -39.94677828, -18.49234212 ], [ -39.94679727, -18.49231084 ], [ -39.94682272, -18.49227273 ], [ -39.94684668, -18.49223376 ], [ -39.94686058, -18.49221011 ], [ -39.94687498, -18.49218675 ], [ -39.94687947, -18.49217879 ], [ -39.94689239, -18.49215464 ], [ -39.94689687, -18.49214668 ], [ -39.94690617, -18.49213093 ], [ -39.94691969, -18.49210709 ], [ -39.94693396, -18.49208364 ], [ -39.94693842, -18.49207567 ], [ -39.94695131, -18.49205151 ], [ -39.94696946, -18.49201978 ], [ -39.94697415, -18.49201193 ], [ -39.94699358, -18.4919809 ], [ -39.94700738, -18.4919572 ], [ -39.94701187, -18.49194924 ], [ -39.94701615, -18.49194118 ], [ -39.94702863, -18.49191683 ], [ -39.94703754, -18.49190088 ], [ -39.94704223, -18.49189302 ], [ -39.94705196, -18.49187752 ], [ -39.94707099, -18.49184626 ], [ -39.94707549, -18.49183831 ], [ -39.94708377, -18.49182205 ], [ -39.94709241, -18.49180597 ], [ -39.94709709, -18.49179811 ], [ -39.94711199, -18.49177503 ], [ -39.94711684, -18.49176727 ], [ -39.94713567, -18.4917359 ], [ -39.94714006, -18.49172789 ], [ -39.94715254, -18.49170354 ], [ -39.94716124, -18.49168748 ], [ -39.94716925, -18.4916711 ], [ -39.94717353, -18.49166304 ], [ -39.94717827, -18.49165522 ], [ -39.94718854, -18.49164004 ], [ -39.94719342, -18.49163229 ], [ -39.94722059, -18.49158467 ], [ -39.94723477, -18.49156117 ], [ -39.94724812, -18.49153724 ], [ -39.94725718, -18.49152137 ], [ -39.94726559, -18.49150518 ], [ -39.94727023, -18.4914973 ], [ -39.94728556, -18.49147447 ], [ -39.94729023, -18.49146661 ], [ -39.94729883, -18.49145051 ], [ -39.947307, -18.4914342 ], [ -39.94732002, -18.4914101 ], [ -39.94732815, -18.49139378 ], [ -39.9473366, -18.49137761 ], [ -39.94734434, -18.49136111 ], [ -39.94734879, -18.49135313 ], [ -39.94735385, -18.4913455 ], [ -39.94735911, -18.49133798 ], [ -39.94737513, -18.49131559 ], [ -39.94738009, -18.49130789 ], [ -39.94738462, -18.49129996 ], [ -39.94740547, -18.49125939 ], [ -39.9474098, -18.49125135 ], [ -39.94741433, -18.49124341 ], [ -39.94741918, -18.49123565 ], [ -39.94742929, -18.49122037 ], [ -39.94743411, -18.49121259 ], [ -39.94745748, -18.49117329 ], [ -39.94746236, -18.49116554 ], [ -39.94747258, -18.49115032 ], [ -39.94747729, -18.49114249 ], [ -39.94748567, -18.49112628 ], [ -39.94749917, -18.49110242 ], [ -39.9475077, -18.49108629 ], [ -39.94751216, -18.49107831 ], [ -39.94753153, -18.49104725 ], [ -39.94754558, -18.49102368 ], [ -39.9475646, -18.49099242 ], [ -39.94757363, -18.49097653 ], [ -39.94759126, -18.49094454 ], [ -39.94760025, -18.49092863 ], [ -39.94761875, -18.49089708 ], [ -39.94763687, -18.49086534 ], [ -39.94765591, -18.49083409 ], [ -39.94766051, -18.49082618 ], [ -39.94766468, -18.49081807 ], [ -39.94767608, -18.49079324 ], [ -39.94768001, -18.49078502 ], [ -39.94768414, -18.49077689 ], [ -39.94768847, -18.49076885 ], [ -39.94770193, -18.49074497 ], [ -39.94771629, -18.49072158 ], [ -39.94772131, -18.49071391 ], [ -39.94772673, -18.4907065 ], [ -39.94773238, -18.49069926 ], [ -39.94773757, -18.4906917 ], [ -39.94775098, -18.4906678 ], [ -39.9477597, -18.49065175 ], [ -39.94776428, -18.49064384 ], [ -39.94776931, -18.49063619 ], [ -39.94777989, -18.49062119 ], [ -39.94778478, -18.49061346 ], [ -39.94779392, -18.49059762 ], [ -39.94780796, -18.49057405 ], [ -39.94781238, -18.49056606 ], [ -39.947825, -18.49054177 ], [ -39.94782905, -18.4905336 ], [ -39.94783332, -18.49052554 ], [ -39.94783612, -18.49052075 ] ] } },
{ "type": "Feature", "properties": { }, "geometry": { "type": "LineString", "coordinates": [ [ -39.94681772, -18.49142269 ], [ -39.94681099, -18.49141633 ], [ -39.94680478, -18.4914095 ], [ -39.94678059, -18.49138168 ], [ -39.94677467, -18.49137463 ], [ -39.94676323, -18.49136022 ], [ -39.94675781, -18.49135281 ], [ -39.94675275, -18.49134517 ], [ -39.94674416, -18.49133395 ] ] } },
{ "type": "Feature", "properties": { }, "geometry": { "type": "LineString", "coordinates": [ [ -39.94690452, -18.49137304 ], [ -39.94688064, -18.49134498 ], [ -39.94687219, -18.4913343 ] ] } },
{ "type": "Feature", "properties": { }, "geometry": { "type": "LineString", "coordinates": [ [ -39.94682753, -18.49139054 ], [ -39.94681623, -18.49137604 ], [ -39.9468102, -18.49136907 ], [ -39.94679103, -18.49134906 ], [ -39.94678484, -18.49134221 ], [ -39.94675766, -18.49131041 ] ] } }
]
}
