{
"type": "FeatureCollection",
"name": "data_LINHAS",
"crs": { "type": "name", "properties": { "name": "urn:ogc:def:crs:OGC:1.3:CRS84" } },
"xy_coordinate_resolution": 1e-08,
"features": [
{ "type": "Feature", "properties": { "Field": "001", "Length": 62.705561077463855, "Image": "/home/ubuntu/bemagro/data/image/Orthomosaico.tif", "Farm": "data" }, "geometry": { "type": "LineString", "coordinates": [ [ -40.2583972, -18.17113407 ], [ -40.25836555, -18.17115235 ], [ -40.25835739, -18.17115691 ], [ -40.25834905, -18.17116118 ], [ -40.25833309, -18.17117086 ], [ -40.25831688, -18.17118016 ], [ -40.2583008, -18.17118966 ], [ -40.25826785, -18.17120739 ], [ -40.25821952, -18.17123578 ], [ -40.25814648, -18.17127749 ], [ -40.25813831, -18.17128202 ], [ -40.25808024, -18.17131236 ], [ -40.2579989, -18.17135841 ], [ -40.25796589, -18.17137604 ], [ -40.25795743, -18.17138008 ], [ -40.25794915, -18.17138443 ], [ -40.25794149, -18.17138972 ], [ -40.25792503, -18.17139862 ], [ -40.25790906, -18.1714083 ], [ -40.25788632, -18.17142113 ] ] } },
{ "type": "Feature", "properties": { "Field": "001", "Length": 66.887715555427931, "Image": "/home/ubuntu/bemagro/data/image/Orthomosaico.tif", "Farm": "data" }, "geometry": { "type": "LineString", "coordinates": [ [ -40.25786099, -18.17141828 ], [ -40.25790939, -18.1713915 ], [ -40.25793181, -18.17137982 ], [ -40.25793581, -18.17137742 ], [ -40.2579398, -18.17137461 ], [ -40.25794335, -18.17137238 ], [ -40.25795021, -18.17136886 ], [ -40.2579587, -18.17136488 ], [ -40.25796692, -18.17136041 ], [ -40.25804842, -18.17131464 ], [ -40.25813076, -18.17127023 ], [ -40.25825232, -18.17120046 ], [ -40.25829262, -18.17117862 ], [ -40.25830189, -18.17117411 ], [ -40.25830924, -18.17117002 ], [ -40.25834199, -18.1711502 ], [ -40.25835032, -18.17114593 ], [ -40.25835848, -18.17114136 ], [ -40.25840681, -18.17111345 ] ] } },
{ "type": "Feature", "properties": { "Field": "001", "Length": 69.882116615912153, "Image": "/home/ubuntu/bemagro/data/image/Orthomosaico.tif", "Farm": "data" }, "geometry": { "type": "LineString", "coordinates": [ [ -40.25840671, -18.1710985 ], [ -40.25835051, -18.17113095 ], [ -40.25834233, -18.17113547 ], [ -40.25833365, -18.17113905 ], [ -40.25832516, -18.171143 ], [ -40.25831721, -18.17114788 ], [ -40.25830887, -18.17115213 ], [ -40.25830099, -18.17115712 ], [ -40.25824375, -18.17118887 ], [ -40.25815495, -18.17124058 ], [ -40.25803169, -18.1713076 ], [ -40.25797487, -18.17134001 ], [ -40.2579411, -18.17135629 ], [ -40.25793273, -18.17136047 ], [ -40.25789275, -18.17138459 ], [ -40.25785957, -18.17140192 ], [ -40.25783566, -18.17141544 ] ] } },
{ "type": "Feature", "properties": { "Field": "001", "Length": 72.802442787241716, "Image": "/home/ubuntu/bemagro/data/image/Orthomosaico.tif", "Farm": "data" }, "geometry": { "type": "LineString", "coordinates": [ [ -40.25840502, -18.17108215 ], [ -40.25838912, -18.17109099 ], [ -40.2583327, -18.17112405 ], [ -40.25831578, -18.1711321 ], [ -40.25830754, -18.17113652 ], [ -40.25815341, -18.17122469 ], [ -40.25806344, -18.17127453 ], [ -40.25803041, -18.17129212 ], [ -40.25798176, -18.17132 ], [ -40.25795695, -18.17133313 ], [ -40.25793125, -18.17134459 ], [ -40.25792311, -18.17134919 ], [ -40.25788313, -18.17137329 ], [ -40.2578663, -18.17138153 ], [ -40.25785807, -18.17138596 ], [ -40.25781021, -18.17141258 ] ] } },
{ "type": "Feature", "properties": { "Field": "001", "Length": 75.026040952223923, "Image": "/home/ubuntu/bemagro/data/image/Orthomosaico.tif", "Farm": "data" }, "geometry": { "type": "LineString", "coordinates": [ [ -40.25840336, -18.17106614 ], [ -40.25837935, -18.17107961 ], [ -40.25834736, -18.17109888 ], [ -40.25830687, -18.17112219 ], [ -40.25826578, -18.17114452 ], [ -40.25806241, -18.17125961 ], [ -40.25801327, -18.17128668 ], [ -40.25800501, -18.17129108 ], [ -40.25795531, -18.1713172 ], [ -40.25792171, -18.17133379 ], [ -40.2579136, -18.17133842 ], [ -40.2578819, -18.17135813 ], [ -40.25787378, -18.17136277 ], [ -40.25784906, -18.17137604 ], [ -40.25779121, -18.17140823 ] ] } },
{ "type": "Feature", "properties": { "Field": "001", "Length": 77.142689071810935, "Image": "/home/ubuntu/bemagro/data/image/Orthomosaico.tif", "Farm": "data" }, "geometry": { "type": "LineString", "coordinates": [ [ -40.25840118, -18.17105186 ], [ -40.25837713, -18.17106536 ], [ -40.25828001, -18.1711214 ], [ -40.2581576, -18.1711898 ], [ -40.25804279, -18.17125273 ], [ -40.25797759, -18.17128938 ], [ -40.25792772, -18.17131519 ], [ -40.25789537, -18.17133391 ], [ -40.25783804, -18.1713655 ], [ -40.2577711, -18.17140274 ] ] } },
{ "type": "Feature", "properties": { "Field": "001", "Length": 78.68959798771165, "Image": "/home/ubuntu/bemagro/data/image/Orthomosaico.tif", "Farm": "data" }, "geometry": { "type": "LineString", "coordinates": [ [ -40.25839186, -18.17103896 ], [ -40.25826345, -18.17111451 ], [ -40.25825529, -18.17111907 ], [ -40.25799387, -18.17126457 ], [ -40.25795262, -18.17128663 ], [ -40.25792748, -18.17129918 ], [ -40.25787903, -18.17132737 ], [ -40.25785401, -18.17134012 ], [ -40.25783934, -18.17134836 ], [ -40.25783596, -18.17134997 ], [ -40.25782898, -18.17135274 ], [ -40.25782069, -18.1713571 ], [ -40.25774924, -18.17139677 ] ] } },
{ "type": "Feature", "properties": { "Field": "001", "Length": 79.595244967371301, "Image": "/home/ubuntu/bemagro/data/image/Orthomosaico.tif", "Farm": "data" }, "geometry": { "type": "LineString", "coordinates": [ [ -40.25838384, -18.17102787 ], [ -40.25836012, -18.17104188 ], [ -40.25833564, -18.17105556 ], [ -40.25832758, -18.17106028 ], [ -40.25830379, -18.17107505 ], [ -40.25829578, -18.17107985 ], [ -40.25821472, -18.17112634 ], [ -40.25820656, -18.17113089 ], [ -40.25815717, -18.17115756 ], [ -40.25796935, -18.17126226 ], [ -40.25796112, -18.1712667 ], [ -40.25791125, -18.17129254 ], [ -40.25790302, -18.17129698 ], [ -40.25787047, -18.17131538 ], [ -40.25786227, -18.17131987 ], [ -40.25783742, -18.17133293 ], [ -40.2578292, -18.17133741 ], [ -40.25781341, -18.17134734 ], [ -40.25778875, -18.17136072 ], [ -40.2577652, -18.17137582 ], [ -40.25773587, -18.17139312 ] ] } },
{ "type": "Feature", "properties": { "Field": "001", "Length": 80.840243195921289, "Image": "/home/ubuntu/bemagro/data/image/Orthomosaico.tif", "Farm": "data" }, "geometry": { "type": "LineString", "coordinates": [ [ -40.25771755, -18.17138812 ], [ -40.25775781, -18.17136442 ], [ -40.25778133, -18.17134927 ], [ -40.25779784, -18.17134047 ], [ -40.25781362, -18.17133051 ], [ -40.25784637, -18.17131245 ], [ -40.25790282, -18.17127945 ], [ -40.25795196, -18.17125236 ], [ -40.25803473, -18.1712087 ], [ -40.25823056, -18.1710992 ], [ -40.25830279, -18.17105622 ], [ -40.25837205, -18.17101153 ] ] } },
{ "type": "Feature", "properties": { "Field": "001", "Length": 82.407845517799572, "Image": "/home/ubuntu/bemagro/data/image/Orthomosaico.tif", "Farm": "data" }, "geometry": { "type": "LineString", "coordinates": [ [ -40.25836423, -18.17100071 ], [ -40.25830945, -18.17103573 ], [ -40.25830149, -18.1710406 ], [ -40.25822923, -18.17108353 ], [ -40.25822112, -18.17108818 ], [ -40.25802516, -18.17119747 ], [ -40.25788553, -18.17127352 ], [ -40.25777992, -18.17133359 ], [ -40.25773998, -18.17135776 ], [ -40.25773185, -18.17136235 ], [ -40.2576953, -18.17138204 ] ] } },
{ "type": "Feature", "properties": { "Field": "001", "Length": 83.702923423741751, "Image": "/home/ubuntu/bemagro/data/image/Orthomosaico.tif", "Farm": "data" }, "geometry": { "type": "LineString", "coordinates": [ [ -40.25835509, -18.17098806 ], [ -40.25830052, -18.17102303 ], [ -40.25820397, -18.17107996 ], [ -40.25800863, -18.17119028 ], [ -40.25788557, -18.17125761 ], [ -40.25776351, -18.1713266 ], [ -40.25775543, -18.17133129 ], [ -40.25773955, -18.17134111 ], [ -40.25771547, -18.17135542 ], [ -40.25768268, -18.17137341 ], [ -40.25767658, -18.17137693 ] ] } },
{ "type": "Feature", "properties": { "Field": "001", "Length": 85.016607183050198, "Image": "/home/ubuntu/bemagro/data/image/Orthomosaico.tif", "Farm": "data" }, "geometry": { "type": "LineString", "coordinates": [ [ -40.25834721, -18.17097715 ], [ -40.25829981, -18.17100681 ], [ -40.25820325, -18.17106371 ], [ -40.25807317, -18.17113749 ], [ -40.25774673, -18.17131992 ], [ -40.25765775, -18.17137179 ] ] } },
{ "type": "Feature", "properties": { "Field": "001", "Length": 86.386176585268856, "Image": "/home/ubuntu/bemagro/data/image/Orthomosaico.tif", "Farm": "data" }, "geometry": { "type": "LineString", "coordinates": [ [ -40.25833855, -18.17096517 ], [ -40.25829917, -18.17098932 ], [ -40.25829112, -18.17099407 ], [ -40.25816991, -18.17106441 ], [ -40.25810458, -18.17110082 ], [ -40.25805614, -18.17112903 ], [ -40.25804801, -18.17113364 ], [ -40.25796635, -18.17117917 ], [ -40.25779603, -18.17127665 ], [ -40.2577306, -18.17131291 ], [ -40.25769026, -18.17133645 ], [ -40.25767364, -18.17134507 ], [ -40.25766555, -18.17134974 ], [ -40.25763816, -18.17136644 ] ] } },
{ "type": "Feature", "properties": { "Field": "001", "Length": 87.813406770823534, "Image": "/home/ubuntu/bemagro/data/image/Orthomosaico.tif", "Farm": "data" }, "geometry": { "type": "LineString", "coordinates": [ [ -40.25833019, -18.17095359 ], [ -40.25824237, -18.17100598 ], [ -40.25816958, -18.17104807 ], [ -40.25803154, -18.17112674 ], [ -40.25792555, -18.17118619 ], [ -40.25782854, -18.1712424 ], [ -40.25782042, -18.17124703 ], [ -40.2577958, -18.17126049 ], [ -40.25775554, -18.17128416 ], [ -40.25766506, -18.17133315 ], [ -40.25761784, -18.17136089 ] ] } },
{ "type": "Feature", "properties": { "Field": "001", "Length": 89.126804515347246, "Image": "/home/ubuntu/bemagro/data/image/Orthomosaico.tif", "Farm": "data" }, "geometry": { "type": "LineString", "coordinates": [ [ -40.2583221, -18.17094239 ], [ -40.25827383, -18.17097 ], [ -40.25816957, -18.17103219 ], [ -40.25812872, -18.17105492 ], [ -40.25804785, -18.17110171 ], [ -40.25792557, -18.17117033 ], [ -40.25785277, -18.17121243 ], [ -40.25777924, -18.17125334 ], [ -40.25771515, -18.17129173 ], [ -40.25767315, -18.17131244 ], [ -40.2575992, -18.1713558 ] ] } },
{ "type": "Feature", "properties": { "Field": "001", "Length": 90.296712707314015, "Image": "/home/ubuntu/bemagro/data/image/Orthomosaico.tif", "Farm": "data" }, "geometry": { "type": "LineString", "coordinates": [ [ -40.25831386, -18.17093098 ], [ -40.25826556, -18.17095853 ], [ -40.25816124, -18.17102064 ], [ -40.25805584, -18.17108104 ], [ -40.25784426, -18.1712006 ], [ -40.2576905, -18.17128935 ], [ -40.25768229, -18.17129382 ], [ -40.25766557, -18.17130225 ], [ -40.2575822, -18.17135116 ] ] } },
{ "type": "Feature", "properties": { "Field": "001", "Length": 91.58197698062817, "Image": "/home/ubuntu/bemagro/data/image/Orthomosaico.tif", "Farm": "data" }, "geometry": { "type": "LineString", "coordinates": [ [ -40.25830539, -18.17091926 ], [ -40.25823264, -18.17096054 ], [ -40.25815245, -18.17100839 ], [ -40.25806366, -18.17106014 ], [ -40.25792529, -18.17113827 ], [ -40.25786062, -18.17117575 ], [ -40.25777907, -18.17122145 ], [ -40.25768241, -18.17127821 ], [ -40.25767418, -18.17128265 ], [ -40.25766578, -18.17128681 ], [ -40.25765749, -18.17129114 ], [ -40.25756377, -18.17134613 ] ] } },
{ "type": "Feature", "properties": { "Field": "001", "Length": 92.737924363461559, "Image": "/home/ubuntu/bemagro/data/image/Orthomosaico.tif", "Farm": "data" }, "geometry": { "type": "LineString", "coordinates": [ [ -40.25829678, -18.17090734 ], [ -40.25805541, -18.17104881 ], [ -40.25792531, -18.17112255 ], [ -40.25786884, -18.17115552 ], [ -40.25781967, -18.17118255 ], [ -40.25772218, -18.171238 ], [ -40.2577061, -18.17124751 ], [ -40.25768322, -18.17126352 ], [ -40.25767511, -18.17126816 ], [ -40.25765021, -18.17128114 ], [ -40.25754719, -18.1713416 ] ] } },
{ "type": "Feature", "properties": { "Field": "001", "Length": 93.603753504990834, "Image": "/home/ubuntu/bemagro/data/image/Orthomosaico.tif", "Farm": "data" }, "geometry": { "type": "LineString", "coordinates": [ [ -40.25828742, -18.17089438 ], [ -40.2582717, -18.1709036 ], [ -40.25825657, -18.17091441 ], [ -40.25824855, -18.17091919 ], [ -40.25822424, -18.17093316 ], [ -40.25813637, -18.17098631 ], [ -40.25807125, -18.17102306 ], [ -40.25797422, -18.17107923 ], [ -40.25790069, -18.17112015 ], [ -40.25771404, -18.17122674 ], [ -40.25768259, -18.17124681 ], [ -40.25765832, -18.17126084 ], [ -40.25764178, -18.17126958 ], [ -40.25753177, -18.17133415 ] ] } },
{ "type": "Feature", "properties": { "Field": "001", "Length": 94.346561592432323, "Image": "/home/ubuntu/bemagro/data/image/Orthomosaico.tif", "Farm": "data" }, "geometry": { "type": "LineString", "coordinates": [ [ -40.25827842, -18.17088193 ], [ -40.25826277, -18.17089124 ], [ -40.25825502, -18.17089641 ], [ -40.25823201, -18.17091226 ], [ -40.25822408, -18.17091718 ], [ -40.25812807, -18.17097493 ], [ -40.25799017, -18.17105382 ], [ -40.2578923, -18.17110865 ], [ -40.25773799, -18.17119651 ], [ -40.25764201, -18.17125431 ], [ -40.25762578, -18.17126358 ], [ -40.25751788, -18.17132696 ] ] } },
{ "type": "Feature", "properties": { "Field": "001", "Length": 93.54988425811348, "Image": "/home/ubuntu/bemagro/data/image/Orthomosaico.tif", "Farm": "data" }, "geometry": { "type": "LineString", "coordinates": [ [ -40.25826978, -18.17086997 ], [ -40.25825399, -18.17087905 ], [ -40.25822257, -18.17089917 ], [ -40.25821458, -18.17090399 ], [ -40.25806188, -18.17099439 ], [ -40.25787491, -18.17110048 ], [ -40.25781897, -18.17113427 ], [ -40.25772954, -18.171185 ], [ -40.25768162, -18.17121401 ], [ -40.25761672, -18.17125111 ], [ -40.25751523, -18.17131071 ] ] } },
{ "type": "Feature", "properties": { "Field": "001", "Length": 93.484679184122214, "Image": "/home/ubuntu/bemagro/data/image/Orthomosaico.tif", "Farm": "data" }, "geometry": { "type": "LineString", "coordinates": [ [ -40.25826316, -18.17086081 ], [ -40.25823079, -18.17087858 ], [ -40.258158, -18.17092069 ], [ -40.25804557, -18.17098745 ], [ -40.25796417, -18.17103338 ], [ -40.25790762, -18.17106624 ], [ -40.2578749, -18.17108435 ], [ -40.25778667, -18.17113696 ], [ -40.25771339, -18.17117827 ], [ -40.2576731, -18.17120191 ], [ -40.25766498, -18.17120653 ], [ -40.25764856, -18.17121548 ], [ -40.25760072, -18.17124462 ], [ -40.25750782, -18.1712992 ] ] } },
{ "type": "Feature", "properties": { "Field": "001", "Length": 93.349728000361509, "Image": "/home/ubuntu/bemagro/data/image/Orthomosaico.tif", "Farm": "data" }, "geometry": { "type": "LineString", "coordinates": [ [ -40.25825581, -18.17085063 ], [ -40.25815017, -18.17090976 ], [ -40.25802131, -18.17098547 ], [ -40.2578668, -18.17107301 ], [ -40.2577705, -18.17113032 ], [ -40.25770536, -18.17116705 ], [ -40.25760057, -18.17122842 ], [ -40.25757583, -18.17124167 ], [ -40.25750012, -18.17128615 ] ] } },
{ "type": "Feature", "properties": { "Field": "001", "Length": 97.620178573773345, "Image": "/home/ubuntu/bemagro/data/image/Orthomosaico.tif", "Farm": "data" }, "geometry": { "type": "LineString", "coordinates": [ [ -40.25824691, -18.17083831 ], [ -40.25821533, -18.17085736 ], [ -40.25812596, -18.17090817 ], [ -40.25805357, -18.17095091 ], [ -40.25798044, -18.17099246 ], [ -40.25793208, -18.1710208 ], [ -40.25785855, -18.17106171 ], [ -40.25773, -18.1711379 ], [ -40.25764055, -18.17118857 ], [ -40.25760062, -18.17121276 ], [ -40.25758432, -18.17122191 ], [ -40.25757681, -18.17122738 ], [ -40.25756886, -18.17123226 ], [ -40.25755279, -18.17124177 ], [ -40.25754442, -18.17124596 ], [ -40.25753624, -18.1712505 ], [ -40.2574582, -18.17129607 ] ] } },
{ "type": "Feature", "properties": { "Field": "001", "Length": 96.949212259047243, "Image": "/home/ubuntu/bemagro/data/image/Orthomosaico.tif", "Farm": "data" }, "geometry": { "type": "LineString", "coordinates": [ [ -40.25823736, -18.17082508 ], [ -40.25818276, -18.17086002 ], [ -40.25814194, -18.1708828 ], [ -40.25790748, -18.17101859 ], [ -40.25785842, -18.17104581 ], [ -40.25777008, -18.17109825 ], [ -40.25760028, -18.17119656 ], [ -40.25755274, -18.17122614 ], [ -40.25753593, -18.17123439 ], [ -40.25745499, -18.17128108 ] ] } },
{ "type": "Feature", "properties": { "Field": "001", "Length": 99.273793957077956, "Image": "/home/ubuntu/bemagro/data/image/Orthomosaico.tif", "Farm": "data" }, "geometry": { "type": "LineString", "coordinates": [ [ -40.25742769, -18.17128027 ], [ -40.25753091, -18.17122093 ], [ -40.25755577, -18.17120788 ], [ -40.2575638, -18.17120311 ], [ -40.25758761, -18.17118838 ], [ -40.25759565, -18.17118364 ], [ -40.25776537, -18.1710852 ], [ -40.25784559, -18.1710374 ], [ -40.25790258, -18.17100525 ], [ -40.2580317, -18.17092994 ], [ -40.25816961, -18.17085108 ], [ -40.25817754, -18.17084617 ], [ -40.25822893, -18.17081342 ] ] } },
{ "type": "Feature", "properties": { "Field": "001", "Length": 98.437224862946906, "Image": "/home/ubuntu/bemagro/data/image/Orthomosaico.tif", "Farm": "data" }, "geometry": { "type": "LineString", "coordinates": [ [ -40.25742644, -18.17126537 ], [ -40.25770126, -18.17110605 ], [ -40.25783787, -18.17102514 ], [ -40.2578788, -18.17100254 ], [ -40.2580238, -18.17091742 ], [ -40.25808092, -18.17088548 ], [ -40.25816998, -18.17083418 ], [ -40.25822051, -18.17080176 ] ] } },
{ "type": "Feature", "properties": { "Field": "001", "Length": 100.75361027168752, "Image": "/home/ubuntu/bemagro/data/image/Orthomosaico.tif", "Farm": "data" }, "geometry": { "type": "LineString", "coordinates": [ [ -40.25821117, -18.17078883 ], [ -40.25818887, -18.17080483 ], [ -40.25818108, -18.17080996 ], [ -40.25815742, -18.1708249 ], [ -40.25814939, -18.17082967 ], [ -40.25807654, -18.17087168 ], [ -40.2580113, -18.17090825 ], [ -40.25788258, -18.17098416 ], [ -40.25779326, -18.17103507 ], [ -40.25757574, -18.17116272 ], [ -40.25751077, -18.17119972 ], [ -40.25747909, -18.17121946 ], [ -40.2574552, -18.17123407 ], [ -40.25743119, -18.17124849 ], [ -40.25742276, -18.17125257 ], [ -40.25741467, -18.17125725 ], [ -40.25740037, -18.17126612 ] ] } },
{ "type": "Feature", "properties": { "Field": "001", "Length": 101.57898822037325, "Image": "/home/ubuntu/bemagro/data/image/Orthomosaico.tif", "Farm": "data" }, "geometry": { "type": "LineString", "coordinates": [ [ -40.25820407, -18.17077901 ], [ -40.25816487, -18.17080344 ], [ -40.25811675, -18.17083213 ], [ -40.25797069, -18.17091558 ], [ -40.25786633, -18.17097762 ], [ -40.25764775, -18.1711036 ], [ -40.25758376, -18.17114213 ], [ -40.25753476, -18.17116943 ], [ -40.25752666, -18.1711741 ], [ -40.2574228, -18.17123688 ], [ -40.25741437, -18.17124097 ], [ -40.25740628, -18.17124565 ], [ -40.25738523, -18.17125829 ] ] } },
{ "type": "Feature", "properties": { "Field": "001", "Length": 102.52016569659945, "Image": "/home/ubuntu/bemagro/data/image/Orthomosaico.tif", "Farm": "data" }, "geometry": { "type": "LineString", "coordinates": [ [ -40.25819576, -18.1707675 ], [ -40.25813265, -18.17080651 ], [ -40.25809241, -18.17083021 ], [ -40.25795435, -18.17090884 ], [ -40.25785726, -18.17096664 ], [ -40.2576397, -18.1710925 ], [ -40.25757586, -18.17113125 ], [ -40.25751814, -18.17116399 ], [ -40.25745456, -18.17120144 ], [ -40.25743784, -18.17121168 ], [ -40.25741462, -18.17122561 ], [ -40.25740532, -18.17123003 ], [ -40.25739155, -18.17123837 ], [ -40.25738776, -18.17124017 ], [ -40.25738051, -18.17124288 ], [ -40.2573731, -18.17124688 ], [ -40.25736848, -18.17124962 ] ] } },
{ "type": "Feature", "properties": { "Field": "001", "Length": 103.32520897417639, "Image": "/home/ubuntu/bemagro/data/image/Orthomosaico.tif", "Farm": "data" }, "geometry": { "type": "LineString", "coordinates": [ [ -40.25818773, -18.17075638 ], [ -40.2581406, -18.17078572 ], [ -40.2580924, -18.17081431 ], [ -40.25797894, -18.17087943 ], [ -40.25785013, -18.17095522 ], [ -40.25770438, -18.17103917 ], [ -40.25762376, -18.17108636 ], [ -40.25755177, -18.1711297 ], [ -40.25744622, -18.17118987 ], [ -40.25743034, -18.17119968 ], [ -40.25740632, -18.17121409 ], [ -40.25739778, -18.17121796 ], [ -40.25738585, -18.17122529 ], [ -40.25738259, -18.17122712 ], [ -40.25738005, -18.17122832 ], [ -40.25737346, -18.17123079 ], [ -40.25736967, -18.1712326 ], [ -40.25736477, -18.17123532 ], [ -40.25735377, -18.171242 ] ] } },
{ "type": "Feature", "properties": { "Field": "001", "Length": 104.03202821230552, "Image": "/home/ubuntu/bemagro/data/image/Orthomosaico.tif", "Farm": "data" }, "geometry": { "type": "LineString", "coordinates": [ [ -40.25817983, -18.17074545 ], [ -40.25811651, -18.17078414 ], [ -40.25805208, -18.170822 ], [ -40.25796215, -18.17087368 ], [ -40.2579148, -18.17090185 ], [ -40.25788946, -18.17091592 ], [ -40.25780914, -18.17096358 ], [ -40.25769565, -18.17102865 ], [ -40.25760777, -18.17108009 ], [ -40.25751954, -18.1711327 ], [ -40.25745384, -18.17117028 ], [ -40.25744581, -18.17117506 ], [ -40.25742291, -18.17118945 ], [ -40.25740046, -18.17120286 ], [ -40.25739632, -18.17120504 ], [ -40.25738948, -18.17120813 ], [ -40.25737763, -18.17121557 ], [ -40.25737518, -18.17121694 ], [ -40.25737177, -18.17121848 ], [ -40.25736709, -18.17122005 ], [ -40.25736323, -18.17122172 ], [ -40.25735655, -18.17122555 ], [ -40.25734077, -18.17123527 ] ] } },
{ "type": "Feature", "properties": { "Field": "001", "Length": 104.81195401801638, "Image": "/home/ubuntu/bemagro/data/image/Orthomosaico.tif", "Farm": "data" }, "geometry": { "type": "LineString", "coordinates": [ [ -40.25817193, -18.17073451 ], [ -40.25804402, -18.17081082 ], [ -40.25800356, -18.17083418 ], [ -40.25795453, -18.17086144 ], [ -40.25778566, -18.17096121 ], [ -40.25771259, -18.17100286 ], [ -40.25760763, -18.17106397 ], [ -40.2575034, -18.17112621 ], [ -40.25744637, -18.17115829 ], [ -40.25743835, -18.17116307 ], [ -40.2574229, -18.17117349 ], [ -40.25739242, -18.17119166 ], [ -40.25738067, -18.17119747 ], [ -40.25736794, -18.17120527 ], [ -40.25736454, -18.17120685 ], [ -40.25735791, -18.1712092 ], [ -40.25735415, -18.17121104 ], [ -40.25734131, -18.17121869 ], [ -40.25732653, -18.17122789 ] ] } },
{ "type": "Feature", "properties": { "Field": "001", "Length": 105.54883797443784, "Image": "/home/ubuntu/bemagro/data/image/Orthomosaico.tif", "Farm": "data" }, "geometry": { "type": "LineString", "coordinates": [ [ -40.25816395, -18.17072346 ], [ -40.25806022, -18.17078561 ], [ -40.25794653, -18.17085037 ], [ -40.25785819, -18.17090281 ], [ -40.25782484, -18.17092169 ], [ -40.2577849, -18.17094585 ], [ -40.25767222, -18.17101047 ], [ -40.25753543, -18.1710911 ], [ -40.2574463, -18.1711423 ], [ -40.25739864, -18.1711717 ], [ -40.25738471, -18.17118103 ], [ -40.25738059, -18.17118325 ], [ -40.25737375, -18.17118633 ], [ -40.25736272, -18.17119332 ], [ -40.25735946, -18.17119515 ], [ -40.25735693, -18.17119636 ], [ -40.25735027, -18.17119863 ], [ -40.25734832, -18.17119943 ], [ -40.25734648, -18.17120043 ], [ -40.25733367, -18.17120812 ], [ -40.25731302, -18.1712209 ] ] } },
{ "type": "Feature", "properties": { "Field": "001", "Length": 106.21292059283857, "Image": "/home/ubuntu/bemagro/data/image/Orthomosaico.tif", "Farm": "data" }, "geometry": { "type": "LineString", "coordinates": [ [ -40.25815576, -18.17071212 ], [ -40.25803633, -18.17078436 ], [ -40.25793866, -18.17083951 ], [ -40.2578176, -18.17091009 ], [ -40.25776156, -18.17094373 ], [ -40.25767221, -18.17099458 ], [ -40.25757576, -18.17105166 ], [ -40.25742203, -18.17114045 ], [ -40.25739855, -18.17115566 ], [ -40.25733409, -18.17119346 ], [ -40.25731027, -18.17120817 ], [ -40.25730016, -18.17121424 ] ] } },
{ "type": "Feature", "properties": { "Field": "001", "Length": 107.02783483465441, "Image": "/home/ubuntu/bemagro/data/image/Orthomosaico.tif", "Farm": "data" }, "geometry": { "type": "LineString", "coordinates": [ [ -40.25814811, -18.17070153 ], [ -40.25812405, -18.17071502 ], [ -40.25805222, -18.17075859 ], [ -40.25801997, -18.17077747 ], [ -40.25780921, -18.17089834 ], [ -40.25780115, -18.17090306 ], [ -40.25774536, -18.17093709 ], [ -40.25767217, -18.17097856 ], [ -40.25760001, -18.17102164 ], [ -40.25740604, -18.17113413 ], [ -40.257398, -18.17113889 ], [ -40.25736626, -18.17115854 ], [ -40.25732586, -18.17118198 ], [ -40.25730206, -18.17119672 ], [ -40.25729407, -18.17120155 ], [ -40.25728533, -18.17120657 ] ] } },
{ "type": "Feature", "properties": { "Field": "001", "Length": 107.86631661321624, "Image": "/home/ubuntu/bemagro/data/image/Orthomosaico.tif", "Farm": "data" }, "geometry": { "type": "LineString", "coordinates": [ [ -40.25814023, -18.17069083 ], [ -40.25812434, -18.17069976 ], [ -40.25811629, -18.17070449 ], [ -40.25803594, -18.1707521 ], [ -40.25796315, -18.1707942 ], [ -40.25788977, -18.17083536 ], [ -40.25780886, -18.1708821 ], [ -40.25775273, -18.17091559 ], [ -40.25767967, -18.17095727 ], [ -40.25759132, -18.1710097 ], [ -40.25743775, -18.17109874 ], [ -40.25733377, -18.17116135 ], [ -40.25731745, -18.17117048 ], [ -40.25730164, -18.17118039 ], [ -40.25728568, -18.17119008 ], [ -40.25727757, -18.17119472 ], [ -40.2572699, -18.17119858 ] ] } },
{ "type": "Feature", "properties": { "Field": "001", "Length": 108.74249245203825, "Image": "/home/ubuntu/bemagro/data/image/Orthomosaico.tif", "Farm": "data" }, "geometry": { "type": "LineString", "coordinates": [ [ -40.25813236, -18.17068017 ], [ -40.25796203, -18.17077851 ], [ -40.25789681, -18.17081512 ], [ -40.25774358, -18.17090468 ], [ -40.25766234, -18.1709509 ], [ -40.25741253, -18.17109735 ], [ -40.25734841, -18.17113568 ], [ -40.25733273, -18.17114578 ], [ -40.25732426, -18.17114978 ], [ -40.25727714, -18.17117831 ], [ -40.25726901, -18.17118293 ], [ -40.25725393, -18.17119031 ] ] } },
{ "type": "Feature", "properties": { "Field": "001", "Length": 109.54857598645505, "Image": "/home/ubuntu/bemagro/data/image/Orthomosaico.tif", "Farm": "data" }, "geometry": { "type": "LineString", "coordinates": [ [ -40.25812478, -18.1706699 ], [ -40.25808433, -18.17069238 ], [ -40.25802793, -18.17072546 ], [ -40.2579306, -18.17078116 ], [ -40.25790591, -18.1707945 ], [ -40.25789778, -18.17079911 ], [ -40.25761461, -18.17096271 ], [ -40.25746137, -18.17105227 ], [ -40.25726888, -18.17116706 ], [ -40.25726075, -18.17117167 ], [ -40.25724388, -18.17117982 ], [ -40.25723901, -18.17118259 ] ] } },
{ "type": "Feature", "properties": { "Field": "001", "Length": 110.36763568548979, "Image": "/home/ubuntu/bemagro/data/image/Orthomosaico.tif", "Farm": "data" }, "geometry": { "type": "LineString", "coordinates": [ [ -40.25811687, -18.17065918 ], [ -40.25808436, -18.17067673 ], [ -40.25807619, -18.17068128 ], [ -40.25799554, -18.17072843 ], [ -40.25788159, -18.17079277 ], [ -40.25771994, -18.1708865 ], [ -40.25767102, -18.17091393 ], [ -40.25747737, -18.17102694 ], [ -40.25732503, -18.17111788 ], [ -40.25731695, -18.17112259 ], [ -40.25728434, -18.17114088 ], [ -40.2572763, -18.17114562 ], [ -40.25726044, -18.17115546 ], [ -40.25725229, -18.17116005 ], [ -40.25723545, -18.17116814 ], [ -40.25722391, -18.17117477 ] ] } },
{ "type": "Feature", "properties": { "Field": "001", "Length": 111.22928959928458, "Image": "/home/ubuntu/bemagro/data/image/Orthomosaico.tif", "Farm": "data" }, "geometry": { "type": "LineString", "coordinates": [ [ -40.25810891, -18.1706484 ], [ -40.25806642, -18.17067111 ], [ -40.2579939, -18.17071364 ], [ -40.25784832, -18.17079609 ], [ -40.25780732, -18.17082033 ], [ -40.25758035, -18.17095051 ], [ -40.25747558, -18.17101191 ], [ -40.25738756, -18.17106483 ], [ -40.25727547, -18.17113038 ], [ -40.25724257, -18.17114821 ], [ -40.25723539, -18.17115109 ], [ -40.25723159, -18.17115289 ], [ -40.2572168, -18.17116137 ], [ -40.25720816, -18.17116662 ] ] } },
{ "type": "Feature", "properties": { "Field": "001", "Length": 112.00350304006434, "Image": "/home/ubuntu/bemagro/data/image/Orthomosaico.tif", "Farm": "data" }, "geometry": { "type": "LineString", "coordinates": [ [ -40.25810063, -18.17063717 ], [ -40.25806813, -18.17065476 ], [ -40.25805999, -18.17065935 ], [ -40.25790629, -18.17074819 ], [ -40.25782488, -18.17079411 ], [ -40.25769549, -18.17086899 ], [ -40.2576141, -18.17091495 ], [ -40.25748487, -18.17099008 ], [ -40.25734059, -18.17107632 ], [ -40.25726786, -18.17111852 ], [ -40.25725963, -18.17112296 ], [ -40.25721804, -18.17114443 ], [ -40.25720993, -18.17114906 ], [ -40.25719357, -18.17115906 ] ] } },
{ "type": "Feature", "properties": { "Field": "001", "Length": 112.68940694190087, "Image": "/home/ubuntu/bemagro/data/image/Orthomosaico.tif", "Farm": "data" }, "geometry": { "type": "LineString", "coordinates": [ [ -40.25809169, -18.17062507 ], [ -40.25791392, -18.17072738 ], [ -40.25775125, -18.17081948 ], [ -40.25768671, -18.17085716 ], [ -40.25758935, -18.17091281 ], [ -40.25754106, -18.17094126 ], [ -40.25748415, -18.17097352 ], [ -40.25729129, -18.17108774 ], [ -40.25725064, -18.1711108 ], [ -40.25722584, -18.17112396 ], [ -40.25721786, -18.1711288 ], [ -40.25721016, -18.17113404 ], [ -40.25718036, -18.17115222 ] ] } },
{ "type": "Feature", "properties": { "Field": "001", "Length": 113.46324721554251, "Image": "/home/ubuntu/bemagro/data/image/Orthomosaico.tif", "Farm": "data" }, "geometry": { "type": "LineString", "coordinates": [ [ -40.25808343, -18.17061387 ], [ -40.25805975, -18.17062796 ], [ -40.25796207, -18.17068309 ], [ -40.25788948, -18.17072552 ], [ -40.25762952, -18.17087338 ], [ -40.25757322, -18.17090662 ], [ -40.25746774, -18.1709669 ], [ -40.25729914, -18.17106709 ], [ -40.25729105, -18.17107177 ], [ -40.25721775, -18.17111304 ], [ -40.25720969, -18.17111778 ], [ -40.25716584, -18.17114471 ] ] } },
{ "type": "Feature", "properties": { "Field": "001", "Length": 114.25310361887382, "Image": "/home/ubuntu/bemagro/data/image/Orthomosaico.tif", "Farm": "data" }, "geometry": { "type": "LineString", "coordinates": [ [ -40.25807505, -18.17060252 ], [ -40.25805961, -18.17061215 ], [ -40.25805152, -18.17061682 ], [ -40.25794561, -18.17067641 ], [ -40.25784885, -18.17073302 ], [ -40.25773505, -18.17079759 ], [ -40.25749193, -18.17093717 ], [ -40.25728323, -18.17106128 ], [ -40.25722616, -18.1710933 ], [ -40.25715107, -18.17113706 ] ] } },
{ "type": "Feature", "properties": { "Field": "001", "Length": 115.06298908940676, "Image": "/home/ubuntu/bemagro/data/image/Orthomosaico.tif", "Farm": "data" }, "geometry": { "type": "LineString", "coordinates": [ [ -40.25806744, -18.17059221 ], [ -40.25794465, -18.17066075 ], [ -40.25783989, -18.17072217 ], [ -40.2575073, -18.17091241 ], [ -40.2574032, -18.17097484 ], [ -40.25729053, -18.17104122 ], [ -40.25713614, -18.17112933 ] ] } },
{ "type": "Feature", "properties": { "Field": "001", "Length": 115.82592296283292, "Image": "/home/ubuntu/bemagro/data/image/Orthomosaico.tif", "Farm": "data" }, "geometry": { "type": "LineString", "coordinates": [ [ -40.25712194, -18.17112198 ], [ -40.25713732, -18.17111237 ], [ -40.25721092, -18.17107157 ], [ -40.25729181, -18.17102481 ], [ -40.25734779, -18.17099109 ], [ -40.25740437, -18.17095829 ], [ -40.25746824, -18.17091957 ], [ -40.25753282, -18.17088196 ], [ -40.25767913, -18.17079891 ], [ -40.25769577, -18.17079033 ], [ -40.25775996, -18.17075212 ], [ -40.25784108, -18.17070571 ], [ -40.25794599, -18.17064453 ], [ -40.25805917, -18.17058101 ] ] } },
{ "type": "Feature", "properties": { "Field": "001", "Length": 116.57756587356197, "Image": "/home/ubuntu/bemagro/data/image/Orthomosaico.tif", "Farm": "data" }, "geometry": { "type": "LineString", "coordinates": [ [ -40.25805101, -18.17056995 ], [ -40.2578807, -18.17066657 ], [ -40.25776757, -18.17073223 ], [ -40.2576953, -18.17077514 ], [ -40.25768719, -18.17077978 ], [ -40.25761344, -18.17082033 ], [ -40.2575484, -18.17085722 ], [ -40.25749183, -18.17089003 ], [ -40.25741179, -18.17093811 ], [ -40.25733902, -18.17098026 ], [ -40.25727491, -18.1710186 ], [ -40.25726684, -18.17102331 ], [ -40.25715309, -18.17108797 ], [ -40.2571078, -18.17111465 ] ] } },
{ "type": "Feature", "properties": { "Field": "001", "Length": 117.31860013131376, "Image": "/home/ubuntu/bemagro/data/image/Orthomosaico.tif", "Farm": "data" }, "geometry": { "type": "LineString", "coordinates": [ [ -40.25804258, -18.17055853 ], [ -40.25788598, -18.17064798 ], [ -40.25785403, -18.17066732 ], [ -40.25779733, -18.17069992 ], [ -40.25769277, -18.17076165 ], [ -40.25760245, -18.1708109 ], [ -40.25749699, -18.17087122 ], [ -40.25746474, -18.1708901 ], [ -40.25744121, -18.17090523 ], [ -40.2574091, -18.17092432 ], [ -40.2573119, -18.17098022 ], [ -40.25720738, -18.17104201 ], [ -40.25715029, -18.171074 ], [ -40.2570939, -18.17110746 ] ] } },
{ "type": "Feature", "properties": { "Field": "001", "Length": 118.13627660298707, "Image": "/home/ubuntu/bemagro/data/image/Orthomosaico.tif", "Farm": "data" }, "geometry": { "type": "LineString", "coordinates": [ [ -40.25803422, -18.17054721 ], [ -40.25788061, -18.17063532 ], [ -40.25783253, -18.17066408 ], [ -40.25769537, -18.17074413 ], [ -40.25760529, -18.17079378 ], [ -40.25751586, -18.17084451 ], [ -40.25746741, -18.17087269 ], [ -40.25740372, -18.17091168 ], [ -40.25739567, -18.17091642 ], [ -40.25713705, -18.17106641 ], [ -40.25707862, -18.17109955 ] ] } },
{ "type": "Feature", "properties": { "Field": "001", "Length": 118.91960389722944, "Image": "/home/ubuntu/bemagro/data/image/Orthomosaico.tif", "Farm": "data" }, "geometry": { "type": "LineString", "coordinates": [ [ -40.25802538, -18.17053523 ], [ -40.25792943, -18.17059222 ], [ -40.25786459, -18.17062944 ], [ -40.25780871, -18.17066332 ], [ -40.25767887, -18.17073748 ], [ -40.25761338, -18.17077363 ], [ -40.2574995, -18.17083809 ], [ -40.25745918, -18.17086167 ], [ -40.2573793, -18.17090999 ], [ -40.25722543, -18.17099856 ], [ -40.2571611, -18.17103657 ], [ -40.25706389, -18.17109192 ] ] } },
{ "type": "Feature", "properties": { "Field": "001", "Length": 119.71210083333206, "Image": "/home/ubuntu/bemagro/data/image/Orthomosaico.tif", "Farm": "data" }, "geometry": { "type": "LineString", "coordinates": [ [ -40.25704905, -18.17108424 ], [ -40.25716224, -18.1710197 ], [ -40.25722651, -18.17098161 ], [ -40.25735628, -18.17090733 ], [ -40.25736433, -18.1709026 ], [ -40.25744426, -18.17085435 ], [ -40.25749267, -18.1708261 ], [ -40.25766386, -18.17073002 ], [ -40.25778561, -18.17066053 ], [ -40.25788193, -18.17060324 ], [ -40.25796285, -18.17055653 ], [ -40.25800261, -18.1705321 ], [ -40.25801678, -18.17052359 ] ] } },
{ "type": "Feature", "properties": { "Field": "001", "Length": 120.49761106527453, "Image": "/home/ubuntu/bemagro/data/image/Orthomosaico.tif", "Farm": "data" }, "geometry": { "type": "LineString", "coordinates": [ [ -40.25800787, -18.17051151 ], [ -40.25796576, -18.1705373 ], [ -40.2578445, -18.17060756 ], [ -40.25775638, -18.17066035 ], [ -40.25769988, -18.17069327 ], [ -40.25748012, -18.17081737 ], [ -40.25736782, -18.1708843 ], [ -40.257222, -18.17096814 ], [ -40.2571819, -18.17099206 ], [ -40.25703422, -18.17107656 ] ] } },
{ "type": "Feature", "properties": { "Field": "001", "Length": 121.32609624211787, "Image": "/home/ubuntu/bemagro/data/image/Orthomosaico.tif", "Farm": "data" }, "geometry": { "type": "LineString", "coordinates": [ [ -40.25800032, -18.17050128 ], [ -40.25783582, -18.170597 ], [ -40.25771525, -18.17066834 ], [ -40.25759363, -18.17073803 ], [ -40.2574712, -18.17080643 ], [ -40.25732668, -18.17089228 ], [ -40.25722913, -18.17094762 ], [ -40.25709196, -18.17102767 ], [ -40.25701899, -18.17106868 ] ] } },
{ "type": "Feature", "properties": { "Field": "001", "Length": 122.10794197815316, "Image": "/home/ubuntu/bemagro/data/image/Orthomosaico.tif", "Farm": "data" }, "geometry": { "type": "LineString", "coordinates": [ [ -40.25799265, -18.17049089 ], [ -40.25790366, -18.17054144 ], [ -40.25769448, -18.1706648 ], [ -40.25758092, -18.17072976 ], [ -40.25746684, -18.1707939 ], [ -40.25733023, -18.17087481 ], [ -40.25725691, -18.17091607 ], [ -40.25711148, -18.17100052 ], [ -40.2570045, -18.17106118 ] ] } },
{ "type": "Feature", "properties": { "Field": "001", "Length": 122.89634627101361, "Image": "/home/ubuntu/bemagro/data/image/Orthomosaico.tif", "Farm": "data" }, "geometry": { "type": "LineString", "coordinates": [ [ -40.25798444, -18.17047977 ], [ -40.25778265, -18.1705965 ], [ -40.25771058, -18.17063972 ], [ -40.25766213, -18.1706679 ], [ -40.25745893, -18.17078326 ], [ -40.25731398, -18.17086846 ], [ -40.25722446, -18.17091902 ], [ -40.25713594, -18.17097119 ], [ -40.25703788, -18.17102572 ], [ -40.25698981, -18.17105357 ] ] } },
{ "type": "Feature", "properties": { "Field": "001", "Length": 123.68503242289368, "Image": "/home/ubuntu/bemagro/data/image/Orthomosaico.tif", "Farm": "data" }, "geometry": { "type": "LineString", "coordinates": [ [ -40.25797629, -18.17046873 ], [ -40.25777454, -18.17058552 ], [ -40.2577104, -18.17062382 ], [ -40.25764581, -18.17066141 ], [ -40.25745884, -18.1707675 ], [ -40.25728134, -18.1708711 ], [ -40.25719992, -18.17091701 ], [ -40.25713578, -18.17095531 ], [ -40.25712769, -18.17096 ], [ -40.25703784, -18.17101003 ], [ -40.25698925, -18.171038 ], [ -40.25697512, -18.17104597 ] ] } },
{ "type": "Feature", "properties": { "Field": "001", "Length": 124.48325243315435, "Image": "/home/ubuntu/bemagro/data/image/Orthomosaico.tif", "Farm": "data" }, "geometry": { "type": "LineString", "coordinates": [ [ -40.25796839, -18.17045803 ], [ -40.2579119, -18.17049008 ], [ -40.25781517, -18.17054674 ], [ -40.25777444, -18.17056965 ], [ -40.25762152, -18.17065972 ], [ -40.25754036, -18.17070605 ], [ -40.25745876, -18.17075168 ], [ -40.25727314, -18.17085991 ], [ -40.25718357, -18.1709104 ], [ -40.2571191, -18.17094818 ], [ -40.25707013, -18.17097554 ], [ -40.25698103, -18.1710268 ], [ -40.25696033, -18.17103831 ] ] } },
{ "type": "Feature", "properties": { "Field": "001", "Length": 125.36590597631508, "Image": "/home/ubuntu/bemagro/data/image/Orthomosaico.tif", "Farm": "data" }, "geometry": { "type": "LineString", "coordinates": [ [ -40.25795965, -18.17044618 ], [ -40.2575564, -18.17068103 ], [ -40.25746675, -18.17073139 ], [ -40.25734504, -18.17080094 ], [ -40.25718288, -18.17089386 ], [ -40.25710228, -18.17094107 ], [ -40.25705311, -18.17096811 ], [ -40.25699648, -18.17100083 ], [ -40.25694396, -18.17102984 ] ] } },
{ "type": "Feature", "properties": { "Field": "001", "Length": 126.20653411888455, "Image": "/home/ubuntu/bemagro/data/image/Orthomosaico.tif", "Farm": "data" }, "geometry": { "type": "LineString", "coordinates": [ [ -40.25795217, -18.17043605 ], [ -40.25790329, -18.17046265 ], [ -40.25789519, -18.17046731 ], [ -40.25783891, -18.17050058 ], [ -40.25766901, -18.17059874 ], [ -40.2575158, -18.17068834 ], [ -40.25741796, -18.17074322 ], [ -40.25733672, -18.17078943 ], [ -40.25723978, -18.17084575 ], [ -40.25715822, -18.17089143 ], [ -40.25707767, -18.17093873 ], [ -40.25703674, -18.17096132 ], [ -40.25696364, -18.17100294 ], [ -40.25692863, -18.1710219 ] ] } },
{ "type": "Feature", "properties": { "Field": "001", "Length": 127.13175756965222, "Image": "/home/ubuntu/bemagro/data/image/Orthomosaico.tif", "Farm": "data" }, "geometry": { "type": "LineString", "coordinates": [ [ -40.25794386, -18.17042479 ], [ -40.25789383, -18.17045215 ], [ -40.25776497, -18.17052785 ], [ -40.25769988, -18.17056467 ], [ -40.25751444, -18.17067316 ], [ -40.25736772, -18.17075555 ], [ -40.25711665, -18.17090003 ], [ -40.25701106, -18.17096014 ], [ -40.25695357, -18.17099147 ], [ -40.25691173, -18.17101315 ] ] } },
{ "type": "Feature", "properties": { "Field": "001", "Length": 127.93557224709946, "Image": "/home/ubuntu/bemagro/data/image/Orthomosaico.tif", "Farm": "data" }, "geometry": { "type": "LineString", "coordinates": [ [ -40.25793549, -18.17041345 ], [ -40.25787071, -18.17044987 ], [ -40.25774178, -18.17052547 ], [ -40.25766853, -18.17056684 ], [ -40.25751541, -18.17065659 ], [ -40.25734437, -18.17075291 ], [ -40.25720694, -18.17083254 ], [ -40.25708518, -18.17090202 ], [ -40.25703618, -18.17092932 ], [ -40.25697958, -18.17096209 ], [ -40.25697143, -18.17096667 ], [ -40.25689677, -18.1710054 ] ] } },
{ "type": "Feature", "properties": { "Field": "001", "Length": 128.73564245549613, "Image": "/home/ubuntu/bemagro/data/image/Orthomosaico.tif", "Farm": "data" }, "geometry": { "type": "LineString", "coordinates": [ [ -40.25792727, -18.17040232 ], [ -40.25784649, -18.17044837 ], [ -40.25780641, -18.17047232 ], [ -40.25764441, -18.1705655 ], [ -40.25752362, -18.17063651 ], [ -40.25745062, -18.17067827 ], [ -40.25734443, -18.1707374 ], [ -40.25705278, -18.17090504 ], [ -40.25696312, -18.17095539 ], [ -40.25691332, -18.17098135 ], [ -40.25689643, -18.17098945 ], [ -40.25688192, -18.17099771 ] ] } },
{ "type": "Feature", "properties": { "Field": "001", "Length": 129.46449639834512, "Image": "/home/ubuntu/bemagro/data/image/Orthomosaico.tif", "Farm": "data" }, "geometry": { "type": "LineString", "coordinates": [ [ -40.25686809, -18.17099055 ], [ -40.25689292, -18.17097629 ], [ -40.25695927, -18.1709416 ], [ -40.25701644, -18.17090974 ], [ -40.25728404, -18.17075648 ], [ -40.25742269, -18.17067881 ], [ -40.25764122, -18.17055275 ], [ -40.257746, -18.17049136 ], [ -40.25781101, -18.17045442 ], [ -40.25791892, -18.17039101 ] ] } },
{ "type": "Feature", "properties": { "Field": "001", "Length": 130.19838533021993, "Image": "/home/ubuntu/bemagro/data/image/Orthomosaico.tif", "Farm": "data" }, "geometry": { "type": "LineString", "coordinates": [ [ -40.25791062, -18.17037976 ], [ -40.25780537, -18.17044244 ], [ -40.25773225, -18.17048401 ], [ -40.25760311, -18.17055929 ], [ -40.25742496, -18.17066186 ], [ -40.25733516, -18.17071198 ], [ -40.2571321, -18.17082755 ], [ -40.25709116, -18.17085015 ], [ -40.25700223, -18.17090166 ], [ -40.2568789, -18.17096854 ], [ -40.25686319, -18.1709786 ], [ -40.25685429, -18.17098341 ] ] } },
{ "type": "Feature", "properties": { "Field": "001", "Length": 131.0394134283554, "Image": "/home/ubuntu/bemagro/data/image/Orthomosaico.tif", "Farm": "data" }, "geometry": { "type": "LineString", "coordinates": [ [ -40.25790199, -18.17036807 ], [ -40.25783882, -18.17040699 ], [ -40.25783077, -18.17041172 ], [ -40.25749914, -18.17060348 ], [ -40.25738551, -18.17066835 ], [ -40.25732826, -18.17070007 ], [ -40.2571575, -18.17079685 ], [ -40.25712522, -18.17081567 ], [ -40.25707609, -18.17084276 ], [ -40.25700331, -18.17088489 ], [ -40.25683863, -18.1709753 ] ] } },
{ "type": "Feature", "properties": { "Field": "001", "Length": 131.97895699873254, "Image": "/home/ubuntu/bemagro/data/image/Orthomosaico.tif", "Farm": "data" }, "geometry": { "type": "LineString", "coordinates": [ [ -40.25789393, -18.17035715 ], [ -40.25783014, -18.17039625 ], [ -40.25776567, -18.17043405 ], [ -40.25773305, -18.17045233 ], [ -40.2576525, -18.17049962 ], [ -40.25746566, -18.17060591 ], [ -40.2573767, -18.17065738 ], [ -40.25725433, -18.17072586 ], [ -40.25713251, -18.17079524 ], [ -40.25707519, -18.17082686 ], [ -40.25696991, -18.17088746 ], [ -40.25690394, -18.17092279 ], [ -40.25685489, -18.17095002 ], [ -40.25682163, -18.1709665 ] ] } },
{ "type": "Feature", "properties": { "Field": "001", "Length": 132.79017365406895, "Image": "/home/ubuntu/bemagro/data/image/Orthomosaico.tif", "Farm": "data" }, "geometry": { "type": "LineString", "coordinates": [ [ -40.25788472, -18.17034467 ], [ -40.25784612, -18.17036996 ], [ -40.25776599, -18.1704179 ], [ -40.25770909, -18.1704502 ], [ -40.25763662, -18.1704928 ], [ -40.25749844, -18.17057123 ], [ -40.25738516, -18.17063665 ], [ -40.2573035, -18.17068217 ], [ -40.25720611, -18.17073778 ], [ -40.25709988, -18.17079684 ], [ -40.25697027, -18.17087137 ], [ -40.25688779, -18.17091552 ], [ -40.25684693, -18.17093823 ], [ -40.25681341, -18.17095496 ], [ -40.25680647, -18.17095865 ] ] } },
{ "type": "Feature", "properties": { "Field": "001", "Length": 133.65754454986256, "Image": "/home/ubuntu/bemagro/data/image/Orthomosaico.tif", "Farm": "data" }, "geometry": { "type": "LineString", "coordinates": [ [ -40.25787628, -18.17033324 ], [ -40.25786872, -18.17033787 ], [ -40.2578455, -18.17035343 ], [ -40.2578136, -18.17037285 ], [ -40.25769245, -18.17044328 ], [ -40.2575301, -18.17053589 ], [ -40.25744966, -18.17058337 ], [ -40.25737675, -18.17062528 ], [ -40.25727058, -18.17068444 ], [ -40.25721408, -18.17071737 ], [ -40.25711588, -18.17077165 ], [ -40.25696994, -18.1708553 ], [ -40.2568467, -18.17092234 ], [ -40.25682998, -18.17093078 ], [ -40.25682155, -18.17093487 ], [ -40.25681298, -18.17093868 ], [ -40.25680452, -18.17094272 ], [ -40.25679052, -18.1709504 ] ] } },
{ "type": "Feature", "properties": { "Field": "001", "Length": 134.44456134537015, "Image": "/home/ubuntu/bemagro/data/image/Orthomosaico.tif", "Farm": "data" }, "geometry": { "type": "LineString", "coordinates": [ [ -40.2578685, -18.17032269 ], [ -40.2578216, -18.17035238 ], [ -40.25781361, -18.17035721 ], [ -40.25737649, -18.17060924 ], [ -40.25728672, -18.17065941 ], [ -40.25720566, -18.1707059 ], [ -40.25713198, -18.17074656 ], [ -40.25704243, -18.17079709 ], [ -40.25693706, -18.17085755 ], [ -40.25684681, -18.17090692 ], [ -40.25683849, -18.17091121 ], [ -40.25680478, -18.17092758 ], [ -40.25679643, -18.17093183 ], [ -40.25677583, -18.17094279 ] ] } },
{ "type": "Feature", "properties": { "Field": "001", "Length": 135.22417147650762, "Image": "/home/ubuntu/bemagro/data/image/Orthomosaico.tif", "Farm": "data" }, "geometry": { "type": "LineString", "coordinates": [ [ -40.2578607, -18.17031213 ], [ -40.25781354, -18.17034143 ], [ -40.25774903, -18.17037916 ], [ -40.25764384, -18.17043991 ], [ -40.25758682, -18.170472 ], [ -40.25757091, -18.17048176 ], [ -40.25756285, -18.17048649 ], [ -40.25744158, -18.17055673 ], [ -40.25732788, -18.17062147 ], [ -40.25711573, -18.17074012 ], [ -40.2570835, -18.17075902 ], [ -40.2570101, -18.17080014 ], [ -40.25692093, -18.17085128 ], [ -40.25685521, -18.17088705 ], [ -40.25678004, -18.17092515 ], [ -40.25676134, -18.17093529 ] ] } },
{ "type": "Feature", "properties": { "Field": "001", "Length": 136.05516570103529, "Image": "/home/ubuntu/bemagro/data/image/Orthomosaico.tif", "Farm": "data" }, "geometry": { "type": "LineString", "coordinates": [ [ -40.25785292, -18.17030159 ], [ -40.2578136, -18.17032612 ], [ -40.25768432, -18.17040116 ], [ -40.25759493, -18.17045195 ], [ -40.25750664, -18.17050447 ], [ -40.25733614, -18.17060166 ], [ -40.25711553, -18.17072437 ], [ -40.25708333, -18.17074332 ], [ -40.25698554, -18.17079829 ], [ -40.25692083, -18.1708357 ], [ -40.25684686, -18.17087588 ], [ -40.25674609, -18.17092739 ] ] } },
{ "type": "Feature", "properties": { "Field": "001", "Length": 136.76010741514219, "Image": "/home/ubuntu/bemagro/data/image/Orthomosaico.tif", "Farm": "data" }, "geometry": { "type": "LineString", "coordinates": [ [ -40.2578448, -18.17029059 ], [ -40.2577895, -18.17032449 ], [ -40.2577492, -18.17034811 ], [ -40.25762721, -18.1704172 ], [ -40.25752278, -18.17047914 ], [ -40.25741707, -18.17053904 ], [ -40.25732809, -18.17059048 ], [ -40.25709903, -18.17071727 ], [ -40.2570103, -18.1707691 ], [ -40.25691261, -18.17082423 ], [ -40.25683049, -18.17086899 ], [ -40.25673268, -18.17092045 ] ] } },
{ "type": "Feature", "properties": { "Field": "001", "Length": 137.59909838472046, "Image": "/home/ubuntu/bemagro/data/image/Orthomosaico.tif", "Farm": "data" }, "geometry": { "type": "LineString", "coordinates": [ [ -40.25783685, -18.17027981 ], [ -40.25775672, -18.17032813 ], [ -40.25761829, -18.17040616 ], [ -40.25751402, -18.17046833 ], [ -40.25740837, -18.17052834 ], [ -40.25735203, -18.17056151 ], [ -40.2571064, -18.17069702 ], [ -40.25700168, -18.17075849 ], [ -40.25690399, -18.17081362 ], [ -40.25684653, -18.170845 ], [ -40.25673057, -18.17090597 ], [ -40.25671731, -18.17091249 ] ] } },
{ "type": "Feature", "properties": { "Field": "001", "Length": 138.48152027754864, "Image": "/home/ubuntu/bemagro/data/image/Orthomosaico.tif", "Farm": "data" }, "geometry": { "type": "LineString", "coordinates": [ [ -40.25782889, -18.17026903 ], [ -40.25775687, -18.17031148 ], [ -40.25760257, -18.17039936 ], [ -40.25752228, -18.17044706 ], [ -40.25736, -18.17053979 ], [ -40.25731073, -18.17056664 ], [ -40.25722164, -18.17061791 ], [ -40.25709085, -18.17069054 ], [ -40.25696151, -18.17076548 ], [ -40.25685525, -18.1708245 ], [ -40.256847, -18.17082891 ], [ -40.25678861, -18.17085867 ], [ -40.25673916, -18.17088522 ], [ -40.25673084, -18.17088952 ], [ -40.25670116, -18.17090413 ] ] } },
{ "type": "Feature", "properties": { "Field": "001", "Length": 139.32310307716062, "Image": "/home/ubuntu/bemagro/data/image/Orthomosaico.tif", "Farm": "data" }, "geometry": { "type": "LineString", "coordinates": [ [ -40.25782104, -18.1702584 ], [ -40.25780545, -18.1702678 ], [ -40.25761054, -18.1703788 ], [ -40.25752998, -18.17042608 ], [ -40.25740842, -18.17049587 ], [ -40.25732699, -18.17054177 ], [ -40.25728592, -18.17056414 ], [ -40.25722935, -18.17059695 ], [ -40.25707458, -18.17068408 ], [ -40.2569694, -18.17074483 ], [ -40.25689609, -18.17078611 ], [ -40.25688794, -18.17079068 ], [ -40.25683865, -18.17081752 ], [ -40.25680515, -18.17083428 ], [ -40.25671414, -18.17088236 ], [ -40.25668569, -18.17089612 ] ] } },
{ "type": "Feature", "properties": { "Field": "001", "Length": 140.23736851498441, "Image": "/home/ubuntu/bemagro/data/image/Orthomosaico.tif", "Farm": "data" }, "geometry": { "type": "LineString", "coordinates": [ [ -40.25781308, -18.17024761 ], [ -40.25775615, -18.17027896 ], [ -40.25766668, -18.17032962 ], [ -40.25757002, -18.17038637 ], [ -40.25744857, -18.17045634 ], [ -40.25728534, -18.17054753 ], [ -40.25716382, -18.17061738 ], [ -40.25704924, -18.17068069 ], [ -40.25697665, -18.17072311 ], [ -40.25687918, -18.1707786 ], [ -40.25671414, -18.17086676 ], [ -40.25669733, -18.17087504 ], [ -40.25668871, -18.17087875 ], [ -40.25667999, -18.17088223 ], [ -40.2566692, -18.17088762 ] ] } },
{ "type": "Feature", "properties": { "Field": "001", "Length": 141.08960186359303, "Image": "/home/ubuntu/bemagro/data/image/Orthomosaico.tif", "Farm": "data" }, "geometry": { "type": "LineString", "coordinates": [ [ -40.25780435, -18.17023579 ], [ -40.25771474, -18.1702873 ], [ -40.25763304, -18.17033276 ], [ -40.25762495, -18.17033742 ], [ -40.25755265, -18.17038029 ], [ -40.25745544, -18.17043618 ], [ -40.25728411, -18.17053205 ], [ -40.25715434, -18.17060631 ], [ -40.25704795, -18.17066511 ], [ -40.25687796, -18.17076312 ], [ -40.25686978, -18.17076764 ], [ -40.25669644, -18.17086014 ], [ -40.256688, -18.17086421 ], [ -40.25667082, -18.17087174 ], [ -40.2566538, -18.17088021 ] ] } },
{ "type": "Feature", "properties": { "Field": "001", "Length": 141.88375999119776, "Image": "/home/ubuntu/bemagro/data/image/Orthomosaico.tif", "Farm": "data" }, "geometry": { "type": "LineString", "coordinates": [ [ -40.25779647, -18.17022511 ], [ -40.25769131, -18.17028502 ], [ -40.25763396, -18.17031658 ], [ -40.25744021, -18.17042942 ], [ -40.25739913, -18.17045176 ], [ -40.25732608, -18.17049345 ], [ -40.25726061, -18.17052965 ], [ -40.25717957, -18.17057616 ], [ -40.25704895, -18.17064906 ], [ -40.25687881, -18.17074684 ], [ -40.25683789, -18.17076946 ], [ -40.25673845, -18.17082164 ], [ -40.25670568, -18.17083967 ], [ -40.25666418, -18.17086131 ], [ -40.25663945, -18.17087331 ] ] } },
{ "type": "Feature", "properties": { "Field": "001", "Length": 142.72970421733146, "Image": "/home/ubuntu/bemagro/data/image/Orthomosaico.tif", "Farm": "data" }, "geometry": { "type": "LineString", "coordinates": [ [ -40.25778834, -18.1702141 ], [ -40.25757723, -18.17033353 ], [ -40.25743218, -18.17041857 ], [ -40.25736647, -18.17045436 ], [ -40.25717941, -18.17056029 ], [ -40.257057, -18.17062871 ], [ -40.25687066, -18.1707358 ], [ -40.25681316, -18.17076711 ], [ -40.2567548, -18.17079693 ], [ -40.25674653, -18.1708013 ], [ -40.25672234, -18.17081545 ], [ -40.25668944, -18.17083328 ], [ -40.25662439, -18.17086607 ] ] } },
{ "type": "Feature", "properties": { "Field": "001", "Length": 143.63955901993424, "Image": "/home/ubuntu/bemagro/data/image/Orthomosaico.tif", "Farm": "data" }, "geometry": { "type": "LineString", "coordinates": [ [ -40.25777983, -18.17020256 ], [ -40.25755053, -18.17033334 ], [ -40.257478, -18.17037585 ], [ -40.25744636, -18.17039565 ], [ -40.25742211, -18.1704097 ], [ -40.2572908, -18.17048145 ], [ -40.25713588, -18.17056833 ], [ -40.25708738, -18.17059645 ], [ -40.25703815, -18.17062337 ], [ -40.25696578, -18.17066613 ], [ -40.25693304, -18.17068422 ], [ -40.25687641, -18.17071695 ], [ -40.25680242, -18.1707571 ], [ -40.25673541, -18.1707906 ], [ -40.25666991, -18.17082674 ], [ -40.25661982, -18.17085218 ], [ -40.25660832, -18.17085834 ] ] } },
{ "type": "Feature", "properties": { "Field": "001", "Length": 144.43543815243387, "Image": "/home/ubuntu/bemagro/data/image/Orthomosaico.tif", "Farm": "data" }, "geometry": { "type": "LineString", "coordinates": [ [ -40.2577719, -18.17019183 ], [ -40.25772317, -18.17021867 ], [ -40.25761769, -18.17027896 ], [ -40.25740787, -18.17040132 ], [ -40.25739973, -18.17040591 ], [ -40.25730952, -18.17045535 ], [ -40.25704042, -18.17060621 ], [ -40.25695171, -18.17065806 ], [ -40.25688671, -18.17069501 ], [ -40.25684576, -18.17071758 ], [ -40.25675452, -18.17076527 ], [ -40.25659385, -18.17085139 ] ] } },
{ "type": "Feature", "properties": { "Field": "001", "Length": 145.28211483488823, "Image": "/home/ubuntu/bemagro/data/image/Orthomosaico.tif", "Farm": "data" }, "geometry": { "type": "LineString", "coordinates": [ [ -40.25776363, -18.17018062 ], [ -40.25769839, -18.17021627 ], [ -40.25769024, -18.17022086 ], [ -40.25749538, -18.17033193 ], [ -40.25734989, -18.17041629 ], [ -40.25708026, -18.17056627 ], [ -40.2569587, -18.17063606 ], [ -40.25689306, -18.17067196 ], [ -40.25684442, -18.17069986 ], [ -40.25679494, -18.17072636 ], [ -40.25672143, -18.1707673 ], [ -40.25662227, -18.17081997 ], [ -40.25657861, -18.17084406 ] ] } },
{ "type": "Feature", "properties": { "Field": "001", "Length": 146.06130145217824, "Image": "/home/ubuntu/bemagro/data/image/Orthomosaico.tif", "Farm": "data" }, "geometry": { "type": "LineString", "coordinates": [ [ -40.2577554, -18.17016947 ], [ -40.25770599, -18.17019595 ], [ -40.25760835, -18.17025114 ], [ -40.25734112, -18.17040501 ], [ -40.25725922, -18.17045013 ], [ -40.25704713, -18.17056886 ], [ -40.25694994, -18.17062479 ], [ -40.2566801, -18.17077442 ], [ -40.25662208, -18.17080484 ], [ -40.2565645, -18.17083727 ] ] } },
{ "type": "Feature", "properties": { "Field": "001", "Length": 146.82951052287979, "Image": "/home/ubuntu/bemagro/data/image/Orthomosaico.tif", "Farm": "data" }, "geometry": { "type": "LineString", "coordinates": [ [ -40.25774686, -18.1701579 ], [ -40.25768968, -18.17018884 ], [ -40.25764928, -18.17021228 ], [ -40.25758365, -18.17024821 ], [ -40.25751051, -18.17028974 ], [ -40.25750241, -18.1702944 ], [ -40.25744645, -18.17032817 ], [ -40.25733306, -18.17039341 ], [ -40.25713685, -18.17050229 ], [ -40.25699886, -18.17058103 ], [ -40.25688468, -18.170645 ], [ -40.25673711, -18.170726 ], [ -40.25665574, -18.17077199 ], [ -40.256606, -18.17079805 ], [ -40.25655058, -18.17083058 ] ] } },
{ "type": "Feature", "properties": { "Field": "001", "Length": 147.6345169918263, "Image": "/home/ubuntu/bemagro/data/image/Orthomosaico.tif", "Farm": "data" }, "geometry": { "type": "LineString", "coordinates": [ [ -40.25773834, -18.17014636 ], [ -40.25769756, -18.17016829 ], [ -40.25763267, -18.17020542 ], [ -40.25757526, -18.17023687 ], [ -40.25747806, -18.17029277 ], [ -40.2574139, -18.17033105 ], [ -40.25721856, -18.17044135 ], [ -40.25709599, -18.17050951 ], [ -40.25699881, -18.17056545 ], [ -40.25682725, -18.17066092 ], [ -40.25673688, -18.1707101 ], [ -40.25672874, -18.17071469 ], [ -40.25671267, -18.17072421 ], [ -40.25666361, -18.17075142 ], [ -40.25660603, -18.17078258 ], [ -40.25653601, -18.17082357 ] ] } },
{ "type": "Feature", "properties": { "Field": "001", "Length": 148.4737758584813, "Image": "/home/ubuntu/bemagro/data/image/Orthomosaico.tif", "Farm": "data" }, "geometry": { "type": "LineString", "coordinates": [ [ -40.25773012, -18.17013523 ], [ -40.25768516, -18.1701591 ], [ -40.25763673, -18.17018732 ], [ -40.25751446, -18.17025596 ], [ -40.25741793, -18.17031292 ], [ -40.25732867, -18.17036392 ], [ -40.2570838, -18.17050067 ], [ -40.25701092, -18.17054263 ], [ -40.25684794, -18.17063424 ], [ -40.25671641, -18.17070563 ], [ -40.25665135, -18.17074249 ], [ -40.25656931, -18.17078737 ], [ -40.25652101, -18.17081636 ] ] } },
{ "type": "Feature", "properties": { "Field": "001", "Length": 149.3131240648074, "Image": "/home/ubuntu/bemagro/data/image/Orthomosaico.tif", "Farm": "data" }, "geometry": { "type": "LineString", "coordinates": [ [ -40.25772133, -18.17012332 ], [ -40.25768662, -18.17014226 ], [ -40.25757346, -18.17020787 ], [ -40.25751613, -18.17023947 ], [ -40.25744395, -18.17028252 ], [ -40.25733046, -18.1703476 ], [ -40.25720773, -18.17041549 ], [ -40.25714285, -18.17045263 ], [ -40.25709358, -18.17047949 ], [ -40.25694755, -18.17056298 ], [ -40.25686593, -18.17060859 ], [ -40.256743, -18.17067614 ], [ -40.25671811, -18.17068914 ], [ -40.2566039, -18.17075305 ], [ -40.25656265, -18.17077512 ], [ -40.25650589, -18.17080909 ] ] } },
{ "type": "Feature", "properties": { "Field": "001", "Length": 150.20156465888681, "Image": "/home/ubuntu/bemagro/data/image/Orthomosaico.tif", "Farm": "data" }, "geometry": { "type": "LineString", "coordinates": [ [ -40.2577126, -18.17011149 ], [ -40.25759166, -18.17018194 ], [ -40.25752625, -18.17021822 ], [ -40.25739778, -18.17029453 ], [ -40.25733279, -18.1703315 ], [ -40.25729148, -18.17035347 ], [ -40.2571608, -18.17042626 ], [ -40.25707107, -18.17047649 ], [ -40.25693307, -18.17055521 ], [ -40.25681839, -18.17061836 ], [ -40.25674511, -18.17065969 ], [ -40.25669562, -18.17068617 ], [ -40.25664676, -18.17071372 ], [ -40.25655635, -18.17076282 ], [ -40.25648998, -18.17080144 ] ] } },
{ "type": "Feature", "properties": { "Field": "001", "Length": 151.10609751548924, "Image": "/home/ubuntu/bemagro/data/image/Orthomosaico.tif", "Farm": "data" }, "geometry": { "type": "LineString", "coordinates": [ [ -40.25770363, -18.17009934 ], [ -40.25761609, -18.17015214 ], [ -40.25750221, -18.1702166 ], [ -40.25740589, -18.17027387 ], [ -40.25735731, -18.17030186 ], [ -40.25714456, -18.17041952 ], [ -40.25692494, -18.17054383 ], [ -40.25680198, -18.17061134 ], [ -40.25673698, -18.1706483 ], [ -40.25655646, -18.17074701 ], [ -40.25647377, -18.17079365 ] ] } },
{ "type": "Feature", "properties": { "Field": "001", "Length": 151.97922649958909, "Image": "/home/ubuntu/bemagro/data/image/Orthomosaico.tif", "Farm": "data" }, "geometry": { "type": "LineString", "coordinates": [ [ -40.25769599, -18.17008898 ], [ -40.2576718, -18.17010224 ], [ -40.25755918, -18.1701687 ], [ -40.25746961, -18.17021918 ], [ -40.25738905, -18.17026646 ], [ -40.25728338, -18.17032644 ], [ -40.25713586, -18.17040751 ], [ -40.25708718, -18.17043533 ], [ -40.25701347, -18.17047595 ], [ -40.25689199, -18.17054587 ], [ -40.25679361, -18.17059985 ], [ -40.25667968, -18.17066423 ], [ -40.25653191, -18.17074488 ], [ -40.25645832, -18.17078622 ] ] } },
{ "type": "Feature", "properties": { "Field": "001", "Length": 152.80867477570391, "Image": "/home/ubuntu/bemagro/data/image/Orthomosaico.tif", "Farm": "data" }, "geometry": { "type": "LineString", "coordinates": [ [ -40.25768793, -18.17007807 ], [ -40.25763937, -18.1701052 ], [ -40.25755907, -18.17015287 ], [ -40.25743716, -18.1702221 ], [ -40.25732393, -18.1702876 ], [ -40.25702149, -18.17045556 ], [ -40.25689966, -18.17052491 ], [ -40.25681772, -18.17056997 ], [ -40.25670404, -18.17063475 ], [ -40.25649908, -18.17074722 ], [ -40.25644346, -18.17077907 ] ] } },
{ "type": "Feature", "properties": { "Field": "001", "Length": 153.61834301367736, "Image": "/home/ubuntu/bemagro/data/image/Orthomosaico.tif", "Farm": "data" }, "geometry": { "type": "LineString", "coordinates": [ [ -40.25767942, -18.17006654 ], [ -40.25761492, -18.1701034 ], [ -40.25755883, -18.17013697 ], [ -40.25746127, -18.1701923 ], [ -40.25738075, -18.17023963 ], [ -40.25733204, -18.17026741 ], [ -40.25710298, -18.1703942 ], [ -40.25689973, -18.17050949 ], [ -40.25681772, -18.17055442 ], [ -40.2567529, -18.17059166 ], [ -40.25666316, -18.17064188 ], [ -40.25656482, -18.17069594 ], [ -40.25650709, -18.17072685 ], [ -40.2564989, -18.17073137 ], [ -40.25642888, -18.17077207 ] ] } },
{ "type": "Feature", "properties": { "Field": "001", "Length": 154.44590074966177, "Image": "/home/ubuntu/bemagro/data/image/Orthomosaico.tif", "Farm": "data" }, "geometry": { "type": "LineString", "coordinates": [ [ -40.25767093, -18.17005503 ], [ -40.25734821, -18.17024255 ], [ -40.25716797, -18.17034171 ], [ -40.25689962, -18.17049379 ], [ -40.25680123, -18.17054775 ], [ -40.25672843, -18.17058984 ], [ -40.25667134, -18.17062183 ], [ -40.25660536, -18.17065716 ], [ -40.25649872, -18.17071554 ], [ -40.256414, -18.17076491 ] ] } },
{ "type": "Feature", "properties": { "Field": "001", "Length": 155.26139903937496, "Image": "/home/ubuntu/bemagro/data/image/Orthomosaico.tif", "Farm": "data" }, "geometry": { "type": "LineString", "coordinates": [ [ -40.25766246, -18.17004355 ], [ -40.25758851, -18.17008755 ], [ -40.2575397, -18.17011517 ], [ -40.25747529, -18.17015305 ], [ -40.25734572, -18.17022765 ], [ -40.25709236, -18.17036842 ], [ -40.25696252, -18.17044258 ], [ -40.25680699, -18.17052846 ], [ -40.25674244, -18.17056613 ], [ -40.25669357, -18.17059364 ], [ -40.25664449, -18.17062083 ], [ -40.25659477, -18.17064692 ], [ -40.25651267, -18.17069171 ], [ -40.25644775, -18.17072879 ], [ -40.25639934, -18.17075786 ] ] } },
{ "type": "Feature", "properties": { "Field": "001", "Length": 156.15452026379714, "Image": "/home/ubuntu/bemagro/data/image/Orthomosaico.tif", "Farm": "data" }, "geometry": { "type": "LineString", "coordinates": [ [ -40.25765379, -18.17003182 ], [ -40.25760655, -18.170061 ], [ -40.25751788, -18.17011293 ], [ -40.25732327, -18.1702244 ], [ -40.25721721, -18.17028374 ], [ -40.25711865, -18.17033742 ], [ -40.25695643, -18.17043026 ], [ -40.25680086, -18.17051607 ], [ -40.25672019, -18.17056318 ], [ -40.25663831, -18.17060833 ], [ -40.25657219, -18.17064342 ], [ -40.25649009, -18.17068822 ], [ -40.25643326, -18.17072062 ], [ -40.25638344, -18.17075022 ] ] } },
{ "type": "Feature", "properties": { "Field": "001", "Length": 157.07574998603366, "Image": "/home/ubuntu/bemagro/data/image/Orthomosaico.tif", "Farm": "data" }, "geometry": { "type": "LineString", "coordinates": [ [ -40.25764525, -18.17002025 ], [ -40.25758176, -18.17005868 ], [ -40.25737146, -18.17018028 ], [ -40.25729774, -18.17022088 ], [ -40.25720867, -18.17027218 ], [ -40.25709377, -18.17033496 ], [ -40.25700488, -18.17038653 ], [ -40.25680887, -18.17049575 ], [ -40.25668726, -18.17056546 ], [ -40.25646553, -18.1706863 ], [ -40.25645737, -18.17069087 ], [ -40.25637688, -18.17073825 ], [ -40.25636714, -18.17074238 ] ] } },
{ "type": "Feature", "properties": { "Field": "001", "Length": 157.86257426852112, "Image": "/home/ubuntu/bemagro/data/image/Orthomosaico.tif", "Farm": "data" }, "geometry": { "type": "LineString", "coordinates": [ [ -40.25763646, -18.17000833 ], [ -40.25757326, -18.17004721 ], [ -40.25746789, -18.17010766 ], [ -40.25743584, -18.17012684 ], [ -40.25733037, -18.17018714 ], [ -40.25726485, -18.17022325 ], [ -40.25720026, -18.17026084 ], [ -40.25709346, -18.17031896 ], [ -40.25695576, -18.17039816 ], [ -40.25684936, -18.17045694 ], [ -40.25666264, -18.17056343 ], [ -40.25660537, -18.17059512 ], [ -40.25648998, -18.17065708 ], [ -40.25643291, -18.17068909 ], [ -40.25635273, -18.17073545 ] ] } },
{ "type": "Feature", "properties": { "Field": "001", "Length": 158.83864679672192, "Image": "/home/ubuntu/bemagro/data/image/Orthomosaico.tif", "Farm": "data" }, "geometry": { "type": "LineString", "coordinates": [ [ -40.25762742, -18.16999609 ], [ -40.25757819, -18.17002705 ], [ -40.25742478, -18.17011634 ], [ -40.25734367, -18.17016276 ], [ -40.2572458, -18.17021758 ], [ -40.25720543, -18.17024108 ], [ -40.25710696, -18.17029492 ], [ -40.25696117, -18.17037879 ], [ -40.25683035, -18.17045138 ], [ -40.25666809, -18.17054414 ], [ -40.2564709, -18.1706514 ], [ -40.25638161, -18.17070235 ], [ -40.2563354, -18.17072712 ] ] } },
{ "type": "Feature", "properties": { "Field": "001", "Length": 159.72667958395064, "Image": "/home/ubuntu/bemagro/data/image/Orthomosaico.tif", "Farm": "data" }, "geometry": { "type": "LineString", "coordinates": [ [ -40.25761911, -18.16998483 ], [ -40.25757209, -18.17001434 ], [ -40.25753941, -18.17003252 ], [ -40.25745909, -18.17008018 ], [ -40.25732931, -18.17015442 ], [ -40.25717466, -18.17024175 ], [ -40.25716651, -18.17024633 ], [ -40.25708443, -18.17029115 ], [ -40.25696325, -18.17036154 ], [ -40.25679976, -18.17045231 ], [ -40.25665383, -18.17053596 ], [ -40.25646494, -18.1706389 ], [ -40.25635893, -18.17069832 ], [ -40.25631959, -18.17071952 ] ] } },
{ "type": "Feature", "properties": { "Field": "001", "Length": 160.64610146673152, "Image": "/home/ubuntu/bemagro/data/image/Orthomosaico.tif", "Farm": "data" }, "geometry": { "type": "LineString", "coordinates": [ [ -40.25760946, -18.16997175 ], [ -40.25757054, -18.16999658 ], [ -40.25745817, -18.17006343 ], [ -40.25740964, -18.17009149 ], [ -40.25733619, -18.17013253 ], [ -40.25719857, -18.17021185 ], [ -40.25707576, -18.17027962 ], [ -40.25693009, -18.17036369 ], [ -40.25692197, -18.17036831 ], [ -40.25683166, -18.17041758 ], [ -40.25664516, -18.17052443 ], [ -40.25648924, -18.17060965 ], [ -40.25635028, -18.17068682 ], [ -40.25634207, -18.1706913 ], [ -40.25630307, -18.17071157 ] ] } },
{ "type": "Feature", "properties": { "Field": "001", "Length": 161.49788877250754, "Image": "/home/ubuntu/bemagro/data/image/Orthomosaico.tif", "Farm": "data" }, "geometry": { "type": "LineString", "coordinates": [ [ -40.25760113, -18.16996046 ], [ -40.25756604, -18.16998256 ], [ -40.25746982, -18.17004 ], [ -40.25738094, -18.1700916 ], [ -40.25735624, -18.1701049 ], [ -40.25729938, -18.17013727 ], [ -40.25720242, -18.17019355 ], [ -40.25709591, -18.17025215 ], [ -40.25690948, -18.1703591 ], [ -40.25681097, -18.17041287 ], [ -40.25664905, -18.17050618 ], [ -40.25650125, -18.17058679 ], [ -40.25633801, -18.17067795 ], [ -40.25628782, -18.17070424 ] ] } },
{ "type": "Feature", "properties": { "Field": "001", "Length": 162.80230274240824, "Image": "/home/ubuntu/bemagro/data/image/Orthomosaico.tif", "Farm": "data" }, "geometry": { "type": "LineString", "coordinates": [ [ -40.25759246, -18.16994873 ], [ -40.25753755, -18.1699832 ], [ -40.25740076, -18.17006383 ], [ -40.25739268, -18.17006853 ], [ -40.25730281, -18.17011854 ], [ -40.25719787, -18.17017967 ], [ -40.25706706, -18.17025225 ], [ -40.25692949, -18.17033166 ], [ -40.25679855, -18.17040404 ], [ -40.25666115, -18.17048371 ], [ -40.25653808, -18.17055103 ], [ -40.25649674, -18.17057294 ], [ -40.25644811, -18.17060085 ], [ -40.25639057, -18.17063209 ], [ -40.25632531, -18.17066862 ], [ -40.25626872, -18.17069876 ] ] } },
{ "type": "Feature", "properties": { "Field": "001", "Length": 164.61728788861299, "Image": "/home/ubuntu/bemagro/data/image/Orthomosaico.tif", "Farm": "data" }, "geometry": { "type": "LineString", "coordinates": [ [ -40.25758458, -18.16993805 ], [ -40.2575613, -18.16995273 ], [ -40.25738449, -18.1700574 ], [ -40.25729448, -18.17010718 ], [ -40.25717322, -18.17017743 ], [ -40.25705879, -18.170241 ], [ -40.25689665, -18.17033395 ], [ -40.25680671, -18.17038384 ], [ -40.2567417, -18.17042078 ], [ -40.25665279, -18.17047232 ], [ -40.25648861, -18.17056195 ], [ -40.25635815, -18.17063511 ], [ -40.25624573, -18.17069597 ] ] } },
{ "type": "Feature", "properties": { "Field": "001", "Length": 166.46910002507488, "Image": "/home/ubuntu/bemagro/data/image/Orthomosaico.tif", "Farm": "data" }, "geometry": { "type": "LineString", "coordinates": [ [ -40.25757648, -18.16992708 ], [ -40.2575129, -18.16996538 ], [ -40.25735159, -18.17005964 ], [ -40.25728616, -18.17009589 ], [ -40.25722158, -18.1701335 ], [ -40.25715654, -18.17017039 ], [ -40.25705838, -18.17022475 ], [ -40.25695322, -18.17028554 ], [ -40.25676573, -18.17039079 ], [ -40.25661172, -18.17047913 ], [ -40.25660357, -18.17048371 ], [ -40.25648036, -18.1705508 ], [ -40.25634187, -18.17062873 ], [ -40.25622229, -18.17069314 ] ] } },
{ "type": "Feature", "properties": { "Field": "001", "Length": 168.39402907136378, "Image": "/home/ubuntu/bemagro/data/image/Orthomosaico.tif", "Farm": "data" }, "geometry": { "type": "LineString", "coordinates": [ [ -40.25756852, -18.16991629 ], [ -40.25751215, -18.16994855 ], [ -40.2574562, -18.16998232 ], [ -40.25735934, -18.17003877 ], [ -40.25729407, -18.17007527 ], [ -40.25714002, -18.17016356 ], [ -40.25703355, -18.17022223 ], [ -40.25694484, -18.1702741 ], [ -40.25684722, -18.17032932 ], [ -40.25677356, -18.17037002 ], [ -40.25659516, -18.1704722 ], [ -40.25646374, -18.17054378 ], [ -40.25636612, -18.17059901 ], [ -40.25630027, -18.17063457 ], [ -40.25623501, -18.17067109 ], [ -40.25619806, -18.1706902 ] ] } },
{ "type": "Feature", "properties": { "Field": "001", "Length": 170.44337209158635, "Image": "/home/ubuntu/bemagro/data/image/Orthomosaico.tif", "Farm": "data" }, "geometry": { "type": "LineString", "coordinates": [ [ -40.25756009, -18.16990487 ], [ -40.25751148, -18.16993193 ], [ -40.25750338, -18.16993657 ], [ -40.2573907, -18.17000294 ], [ -40.25722881, -18.17009628 ], [ -40.25705739, -18.170192 ], [ -40.25693602, -18.17026209 ], [ -40.25683852, -18.1703175 ], [ -40.2567975, -18.17033996 ], [ -40.25651252, -18.17050065 ], [ -40.25630778, -18.17061349 ], [ -40.25625907, -18.17064127 ], [ -40.25625087, -18.17064576 ], [ -40.25617222, -18.17068708 ] ] } },
{ "type": "Feature", "properties": { "Field": "001", "Length": 172.42685674289518, "Image": "/home/ubuntu/bemagro/data/image/Orthomosaico.tif", "Farm": "data" }, "geometry": { "type": "LineString", "coordinates": [ [ -40.25755163, -18.16989341 ], [ -40.25748673, -18.16992964 ], [ -40.25747863, -18.16993429 ], [ -40.25739828, -18.16998189 ], [ -40.25726889, -18.17005678 ], [ -40.25704067, -18.17018493 ], [ -40.25683812, -18.17030134 ], [ -40.25674004, -18.17035581 ], [ -40.2565285, -18.17047544 ], [ -40.25638095, -18.17055645 ], [ -40.25625053, -18.17062968 ], [ -40.25617625, -18.17066934 ], [ -40.25614721, -18.17068405 ] ] } },
{ "type": "Feature", "properties": { "Field": "001", "Length": 174.30819495716088, "Image": "/home/ubuntu/bemagro/data/image/Orthomosaico.tif", "Farm": "data" }, "geometry": { "type": "LineString", "coordinates": [ [ -40.25754307, -18.16988181 ], [ -40.25748626, -18.16991335 ], [ -40.25737356, -18.16997968 ], [ -40.25721143, -18.17007265 ], [ -40.25702406, -18.17017809 ], [ -40.25683802, -18.17028565 ], [ -40.25662578, -18.17040414 ], [ -40.25654453, -18.17045034 ], [ -40.25638855, -18.17053546 ], [ -40.25625814, -18.1706087 ], [ -40.25612335, -18.17068116 ] ] } },
{ "type": "Feature", "properties": { "Field": "001", "Length": 176.36575566853949, "Image": "/home/ubuntu/bemagro/data/image/Orthomosaico.tif", "Farm": "data" }, "geometry": { "type": "LineString", "coordinates": [ [ -40.25753467, -18.16987044 ], [ -40.25749411, -18.16989273 ], [ -40.257486, -18.16989738 ], [ -40.25738126, -18.16995883 ], [ -40.25731616, -18.16999561 ], [ -40.25720293, -18.17006111 ], [ -40.2570482, -18.1701483 ], [ -40.25692654, -18.17021793 ], [ -40.25684586, -18.17026502 ], [ -40.25672378, -18.17033398 ], [ -40.25671547, -18.17033828 ], [ -40.25670728, -18.17034279 ], [ -40.25665877, -18.17037088 ], [ -40.25660137, -18.17040236 ], [ -40.25651988, -18.17044817 ], [ -40.25648679, -18.17046566 ], [ -40.25637193, -18.1705285 ], [ -40.25626613, -18.17058826 ], [ -40.25621678, -18.17061499 ], [ -40.25618442, -18.17063369 ], [ -40.2561762, -18.17063815 ], [ -40.25613474, -18.17065986 ], [ -40.25609859, -18.17067981 ] ] } },
{ "type": "Feature", "properties": { "Field": "001", "Length": 178.54828635551556, "Image": "/home/ubuntu/bemagro/data/image/Orthomosaico.tif", "Farm": "data" }, "geometry": { "type": "LineString", "coordinates": [ [ -40.25752558, -18.16985812 ], [ -40.25744489, -18.16990432 ], [ -40.25737278, -18.16994748 ], [ -40.25715391, -18.170073 ], [ -40.25706408, -18.17012306 ], [ -40.25682115, -18.17026295 ], [ -40.25668247, -18.17034057 ], [ -40.25664206, -18.17036401 ], [ -40.25651986, -18.17043277 ], [ -40.25637158, -18.17051257 ], [ -40.25627394, -18.17056777 ], [ -40.25621648, -18.17059914 ], [ -40.25618429, -18.1706181 ], [ -40.25610991, -18.17065759 ], [ -40.25607233, -18.17067847 ] ] } },
{ "type": "Feature", "properties": { "Field": "001", "Length": 180.57517453377051, "Image": "/home/ubuntu/bemagro/data/image/Orthomosaico.tif", "Farm": "data" }, "geometry": { "type": "LineString", "coordinates": [ [ -40.25751674, -18.16984614 ], [ -40.25736062, -18.16993856 ], [ -40.25726307, -18.1699939 ], [ -40.25715798, -18.1700548 ], [ -40.25709258, -18.17009111 ], [ -40.25697074, -18.17016045 ], [ -40.25683351, -18.17024039 ], [ -40.25675181, -18.17028585 ], [ -40.2567195, -18.17030463 ], [ -40.25665393, -18.17034065 ], [ -40.25647507, -18.17044209 ], [ -40.25636748, -18.17049885 ], [ -40.25616361, -18.17061312 ], [ -40.25608943, -18.17065296 ], [ -40.2560479, -18.17067723 ] ] } },
{ "type": "Feature", "properties": { "Field": "001", "Length": 182.5286763428409, "Image": "/home/ubuntu/bemagro/data/image/Orthomosaico.tif", "Farm": "data" }, "geometry": { "type": "LineString", "coordinates": [ [ -40.25750825, -18.16983464 ], [ -40.25746095, -18.16986373 ], [ -40.2573884, -18.16990621 ], [ -40.25722621, -18.16999909 ], [ -40.2572102, -18.1700087 ], [ -40.25720212, -18.17001338 ], [ -40.25716937, -18.17003146 ], [ -40.25716125, -18.17003608 ], [ -40.2571128, -18.17006428 ], [ -40.256934, -18.17016582 ], [ -40.25683703, -18.17022208 ], [ -40.25671513, -18.17029133 ], [ -40.25661698, -18.1703457 ], [ -40.25645405, -18.17043739 ], [ -40.25636314, -18.17048564 ], [ -40.25626527, -18.17054046 ], [ -40.25620766, -18.17057158 ], [ -40.25615891, -18.17059931 ], [ -40.25610125, -18.17063034 ], [ -40.25609313, -18.17063496 ], [ -40.25606101, -18.17065404 ], [ -40.2560528, -18.17065852 ], [ -40.25603851, -18.17066601 ], [ -40.25603323, -18.17066941 ], [ -40.25602449, -18.17067604 ] ] } },
{ "type": "Feature", "properties": { "Field": "001", "Length": 184.30194276406499, "Image": "/home/ubuntu/bemagro/data/image/Orthomosaico.tif", "Farm": "data" }, "geometry": { "type": "LineString", "coordinates": [ [ -40.25750021, -18.16982375 ], [ -40.25744478, -18.16985746 ], [ -40.25741213, -18.16987568 ], [ -40.25728275, -18.16995058 ], [ -40.25721753, -18.16998718 ], [ -40.25719351, -18.17000159 ], [ -40.2571287, -18.17003884 ], [ -40.25697427, -18.17012652 ], [ -40.25686113, -18.17019215 ], [ -40.25669073, -18.17028951 ], [ -40.25647838, -18.17040781 ], [ -40.25637113, -18.17046517 ], [ -40.25624051, -18.17053808 ], [ -40.25610935, -18.17061008 ], [ -40.25605261, -18.17064263 ], [ -40.25603605, -18.17065134 ], [ -40.25603012, -18.17065462 ], [ -40.25602491, -18.17065811 ], [ -40.25600325, -18.17067496 ] ] } },
{ "type": "Feature", "properties": { "Field": "001", "Length": 186.64810212518938, "Image": "/home/ubuntu/bemagro/data/image/Orthomosaico.tif", "Farm": "data" }, "geometry": { "type": "LineString", "coordinates": [ [ -40.25597564, -18.17067356 ], [ -40.25599039, -18.17066346 ], [ -40.25601679, -18.17064292 ], [ -40.25602222, -18.17063932 ], [ -40.25602798, -18.1706362 ], [ -40.2560365, -18.17063228 ], [ -40.25604961, -18.17062711 ], [ -40.25605535, -18.17062449 ], [ -40.25609425, -18.17060173 ], [ -40.2562258, -18.17053038 ], [ -40.25635642, -18.17045748 ], [ -40.25654536, -18.17035463 ], [ -40.2568305, -18.17019421 ], [ -40.25684671, -18.1701849 ], [ -40.25698381, -18.17010476 ], [ -40.2570815, -18.17004963 ], [ -40.25717848, -18.16999337 ], [ -40.25726801, -18.16994282 ], [ -40.2573892, -18.16987245 ], [ -40.25742994, -18.16984954 ], [ -40.25746218, -18.16983065 ], [ -40.25747017, -18.16982582 ], [ -40.25748562, -18.1698154 ], [ -40.25749147, -18.16981191 ] ] } },
{ "type": "Feature", "properties": { "Field": "001", "Length": 189.06411428626603, "Image": "/home/ubuntu/bemagro/data/image/Orthomosaico.tif", "Farm": "data" }, "geometry": { "type": "LineString", "coordinates": [ [ -40.25748391, -18.16980167 ], [ -40.2572741, -18.16992317 ], [ -40.25716009, -18.16998742 ], [ -40.2570795, -18.17003466 ], [ -40.25695745, -18.17010365 ], [ -40.25684466, -18.17016984 ], [ -40.2567228, -18.17023915 ], [ -40.25661633, -18.17029782 ], [ -40.25655963, -18.17033043 ], [ -40.25647787, -18.17037579 ], [ -40.25638713, -18.17042434 ], [ -40.25619911, -18.17052871 ], [ -40.25610043, -18.17058219 ], [ -40.2560518, -18.1706101 ], [ -40.25602641, -18.17062218 ], [ -40.25601845, -18.17062706 ], [ -40.25598727, -18.1706475 ], [ -40.25594632, -18.17067207 ] ] } },
{ "type": "Feature", "properties": { "Field": "001", "Length": 191.35737481429504, "Image": "/home/ubuntu/bemagro/data/image/Orthomosaico.tif", "Farm": "data" }, "geometry": { "type": "LineString", "coordinates": [ [ -40.25747585, -18.16979075 ], [ -40.25740261, -18.16983123 ], [ -40.25726567, -18.16991163 ], [ -40.25716755, -18.16996605 ], [ -40.25694901, -18.17009209 ], [ -40.2568606, -18.17014441 ], [ -40.2567307, -18.17021849 ], [ -40.25659978, -18.17029088 ], [ -40.25654316, -18.17032363 ], [ -40.25647788, -18.17036013 ], [ -40.25638703, -18.17040848 ], [ -40.25627228, -18.17047151 ], [ -40.25620712, -18.1705082 ], [ -40.256133, -18.17054814 ], [ -40.25604386, -18.17059933 ], [ -40.2560181, -18.17061066 ], [ -40.25600202, -18.17062016 ], [ -40.25599367, -18.17062441 ], [ -40.25598558, -18.17062906 ], [ -40.25596184, -18.17064389 ], [ -40.25595371, -18.17064849 ], [ -40.25594543, -18.17065285 ], [ -40.25593727, -18.17065741 ], [ -40.25591781, -18.17066872 ] ] } },
{ "type": "Feature", "properties": { "Field": "001", "Length": 193.20841027141583, "Image": "/home/ubuntu/bemagro/data/image/Orthomosaico.tif", "Farm": "data" }, "geometry": { "type": "LineString", "coordinates": [ [ -40.25746715, -18.16977896 ], [ -40.25739413, -18.16981981 ], [ -40.25725703, -18.16989995 ], [ -40.25716719, -18.16995 ], [ -40.25707038, -18.17000652 ], [ -40.25690023, -18.17010428 ], [ -40.2568442, -18.17013793 ], [ -40.25667331, -18.17023451 ], [ -40.25661578, -18.17026577 ], [ -40.25651869, -18.17032184 ], [ -40.25645333, -18.1703582 ], [ -40.25638698, -18.17039291 ], [ -40.25634615, -18.17041567 ], [ -40.25626373, -18.17045992 ], [ -40.25620666, -18.17049194 ], [ -40.25613276, -18.17053224 ], [ -40.25604338, -18.17058303 ], [ -40.25598498, -18.17061278 ], [ -40.25597698, -18.17061758 ], [ -40.25595324, -18.17063241 ], [ -40.25593675, -18.17064125 ], [ -40.25589422, -18.17066587 ] ] } },
{ "type": "Feature", "properties": { "Field": "001", "Length": 195.06076567107149, "Image": "/home/ubuntu/bemagro/data/image/Orthomosaico.tif", "Farm": "data" }, "geometry": { "type": "LineString", "coordinates": [ [ -40.2574588, -18.16976765 ], [ -40.25736148, -18.16982246 ], [ -40.25724065, -18.1698934 ], [ -40.25715896, -18.16993888 ], [ -40.25711044, -18.16996696 ], [ -40.25707846, -18.16998625 ], [ -40.25696472, -18.17005092 ], [ -40.25682768, -18.17013117 ], [ -40.25670586, -18.17020054 ], [ -40.25660769, -18.17025488 ], [ -40.25651036, -18.17031058 ], [ -40.25644496, -18.17034689 ], [ -40.25643675, -18.17035137 ], [ -40.25636233, -18.17039077 ], [ -40.256157, -18.17050263 ], [ -40.2560266, -18.17057588 ], [ -40.25596893, -18.1706069 ], [ -40.25594473, -18.17062104 ], [ -40.25592827, -18.17062991 ], [ -40.25592012, -18.17063449 ], [ -40.25587065, -18.17066303 ] ] } },
{ "type": "Feature", "properties": { "Field": "001", "Length": 196.85026351522973, "Image": "/home/ubuntu/bemagro/data/image/Orthomosaico.tif", "Farm": "data" }, "geometry": { "type": "LineString", "coordinates": [ [ -40.25745037, -18.16975622 ], [ -40.25734521, -18.16981613 ], [ -40.25724851, -18.16987283 ], [ -40.25715075, -18.16992783 ], [ -40.25705407, -18.16998455 ], [ -40.25694035, -18.17004927 ], [ -40.25686748, -18.17009125 ], [ -40.256787, -18.17013865 ], [ -40.25672196, -18.17017554 ], [ -40.25663209, -18.17022554 ], [ -40.25652645, -18.17028556 ], [ -40.25641198, -18.17034906 ], [ -40.25633759, -18.17038852 ], [ -40.25623928, -18.17044262 ], [ -40.25612405, -18.17050485 ], [ -40.25598565, -18.17058293 ], [ -40.25594537, -18.17060658 ], [ -40.25592855, -18.17061483 ], [ -40.25592033, -18.1706193 ], [ -40.25586365, -18.17065194 ], [ -40.25584795, -18.17066029 ] ] } },
{ "type": "Feature", "properties": { "Field": "001", "Length": 198.80970132162153, "Image": "/home/ubuntu/bemagro/data/image/Orthomosaico.tif", "Farm": "data" }, "geometry": { "type": "LineString", "coordinates": [ [ -40.25744219, -18.16974514 ], [ -40.25738553, -18.16977693 ], [ -40.25724834, -18.16985694 ], [ -40.25721551, -18.16987487 ], [ -40.25711806, -18.16993037 ], [ -40.25702988, -18.16998306 ], [ -40.25689145, -18.17006109 ], [ -40.25681861, -18.17010311 ], [ -40.25677856, -18.17012711 ], [ -40.2567053, -18.17016847 ], [ -40.25669715, -18.17017305 ], [ -40.25663955, -18.17020418 ], [ -40.25650962, -18.17027819 ], [ -40.25645209, -18.17030946 ], [ -40.25638693, -18.17034614 ], [ -40.25631272, -18.17038592 ], [ -40.25621468, -18.17044047 ], [ -40.25610755, -18.17049803 ], [ -40.25604252, -18.17053493 ], [ -40.2559932, -18.17056171 ], [ -40.25594508, -18.17059041 ], [ -40.25593699, -18.17059507 ], [ -40.25592841, -18.17059884 ], [ -40.25587974, -18.17062668 ], [ -40.25583851, -18.17064877 ], [ -40.25582334, -18.17065732 ] ] } },
{ "type": "Feature", "properties": { "Field": "001", "Length": 200.79486502703668, "Image": "/home/ubuntu/bemagro/data/image/Orthomosaico.tif", "Farm": "data" }, "geometry": { "type": "LineString", "coordinates": [ [ -40.25743387, -18.16973387 ], [ -40.25740191, -18.16975233 ], [ -40.25737713, -18.16976552 ], [ -40.2572482, -18.1698411 ], [ -40.25719091, -18.16987276 ], [ -40.2571179, -18.16991451 ], [ -40.2570538, -18.16995287 ], [ -40.25699718, -18.16998563 ], [ -40.25689119, -18.17004507 ], [ -40.25676157, -18.17011959 ], [ -40.25663092, -18.17019243 ], [ -40.25652541, -18.17025266 ], [ -40.25623079, -18.1704155 ], [ -40.25609912, -18.17048665 ], [ -40.2559196, -18.17058701 ], [ -40.25587938, -18.17061075 ], [ -40.25582968, -18.17063689 ], [ -40.25580529, -18.17065071 ], [ -40.25579823, -18.17065429 ] ] } },
{ "type": "Feature", "properties": { "Field": "001", "Length": 202.77160560303881, "Image": "/home/ubuntu/bemagro/data/image/Orthomosaico.tif", "Farm": "data" }, "geometry": { "type": "LineString", "coordinates": [ [ -40.25742493, -18.16972176 ], [ -40.25736029, -18.1697584 ], [ -40.25727989, -18.16980592 ], [ -40.25710129, -18.16990779 ], [ -40.25703719, -18.16994615 ], [ -40.25692267, -18.17000956 ], [ -40.25685809, -18.17004718 ], [ -40.25679283, -18.17008372 ], [ -40.25676069, -18.17010275 ], [ -40.25656541, -18.17021316 ], [ -40.25643424, -18.17028515 ], [ -40.25632838, -18.17034482 ], [ -40.25629534, -18.1703624 ], [ -40.25620552, -18.17041249 ], [ -40.25613158, -18.17045272 ], [ -40.25605837, -18.17049414 ], [ -40.25596804, -18.17054339 ], [ -40.25585405, -18.17060766 ], [ -40.25581284, -18.17062979 ], [ -40.25579693, -18.17063956 ], [ -40.25577323, -18.17065127 ] ] } },
{ "type": "Feature", "properties": { "Field": "001", "Length": 204.8595095462197, "Image": "/home/ubuntu/bemagro/data/image/Orthomosaico.tif", "Farm": "data" }, "geometry": { "type": "LineString", "coordinates": [ [ -40.25741639, -18.16971019 ], [ -40.25739227, -18.16972356 ], [ -40.25738416, -18.16972821 ], [ -40.25730373, -18.16977568 ], [ -40.25717371, -18.16984957 ], [ -40.25710101, -18.1698918 ], [ -40.25702875, -18.16993474 ], [ -40.25702064, -18.16993938 ], [ -40.2569224, -18.16999361 ], [ -40.25684146, -18.17004029 ], [ -40.2567924, -18.1700675 ], [ -40.2565976, -18.17017867 ], [ -40.25643387, -18.17026904 ], [ -40.25630346, -18.17034228 ], [ -40.25609845, -18.17045467 ], [ -40.25604172, -18.17048725 ], [ -40.25603355, -18.17049179 ], [ -40.25598414, -18.17051841 ], [ -40.25594346, -18.17054141 ], [ -40.25586144, -18.17058634 ], [ -40.25583725, -18.17060049 ], [ -40.25582911, -18.17060508 ], [ -40.25578795, -18.1706273 ], [ -40.25577965, -18.17063163 ], [ -40.25574695, -18.1706481 ] ] } },
{ "type": "Feature", "properties": { "Field": "001", "Length": 206.89819935007677, "Image": "/home/ubuntu/bemagro/data/image/Orthomosaico.tif", "Farm": "data" }, "geometry": { "type": "LineString", "coordinates": [ [ -40.25740774, -18.16969847 ], [ -40.25735138, -18.16973074 ], [ -40.25727084, -18.16977806 ], [ -40.25717305, -18.16983301 ], [ -40.25702054, -18.1699237 ], [ -40.25688957, -18.16999602 ], [ -40.25658093, -18.17017173 ], [ -40.25653168, -18.17019862 ], [ -40.2562951, -18.17033101 ], [ -40.25600021, -18.17049341 ], [ -40.25591896, -18.17053959 ], [ -40.25587797, -18.17056208 ], [ -40.25585304, -18.17057501 ], [ -40.25582053, -18.17059347 ], [ -40.25577942, -18.17061577 ], [ -40.25572129, -18.170645 ] ] } },
{ "type": "Feature", "properties": { "Field": "001", "Length": 208.94987834636282, "Image": "/home/ubuntu/bemagro/data/image/Orthomosaico.tif", "Farm": "data" }, "geometry": { "type": "LineString", "coordinates": [ [ -40.25739947, -18.16968727 ], [ -40.25726243, -18.16976664 ], [ -40.25716475, -18.16982177 ], [ -40.25700426, -18.1699173 ], [ -40.25699614, -18.16992194 ], [ -40.25681618, -18.17002158 ], [ -40.256597, -18.17014661 ], [ -40.25649873, -18.17020077 ], [ -40.2563687, -18.17027463 ], [ -40.25617229, -18.17038318 ], [ -40.25604078, -18.17045461 ], [ -40.25591884, -18.17052379 ], [ -40.25584515, -18.17056444 ], [ -40.25574627, -18.17061759 ], [ -40.25573786, -18.17062172 ], [ -40.25571229, -18.17063343 ], [ -40.25569555, -18.17064185 ] ] } },
{ "type": "Feature", "properties": { "Field": "001", "Length": 210.60248495690755, "Image": "/home/ubuntu/bemagro/data/image/Orthomosaico.tif", "Farm": "data" }, "geometry": { "type": "LineString", "coordinates": [ [ -40.25739161, -18.16967661 ], [ -40.25716491, -18.16980635 ], [ -40.25699608, -18.16990618 ], [ -40.25678356, -18.1700242 ], [ -40.25655632, -18.17015394 ], [ -40.25649061, -18.17018974 ], [ -40.25636054, -18.17026353 ], [ -40.25621283, -18.17034428 ], [ -40.25615588, -18.17037648 ], [ -40.25608983, -18.1704117 ], [ -40.25601605, -18.17045219 ], [ -40.25600788, -18.17045674 ], [ -40.25594345, -18.1704946 ], [ -40.25587799, -18.1705308 ], [ -40.25577124, -18.17058899 ], [ -40.25569615, -18.17062723 ], [ -40.25568785, -18.17063156 ], [ -40.25567452, -18.17063936 ] ] } },
{ "type": "Feature", "properties": { "Field": "001", "Length": 212.14101212404893, "Image": "/home/ubuntu/bemagro/data/image/Orthomosaico.tif", "Farm": "data" }, "geometry": { "type": "LineString", "coordinates": [ [ -40.2573835, -18.16966562 ], [ -40.25722069, -18.16975839 ], [ -40.25705925, -18.16985246 ], [ -40.25698704, -18.16989546 ], [ -40.25684025, -18.16997772 ], [ -40.25676643, -18.17001816 ], [ -40.25666106, -18.17007862 ], [ -40.2566038, -18.17011032 ], [ -40.25655543, -18.17013863 ], [ -40.25648146, -18.17017882 ], [ -40.25635961, -18.17024815 ], [ -40.25629373, -18.17028364 ], [ -40.25618723, -18.17034227 ], [ -40.25616297, -18.1703563 ], [ -40.25602328, -18.17043225 ], [ -40.25593439, -18.17048383 ], [ -40.25584461, -18.17053398 ], [ -40.2557623, -18.17057842 ], [ -40.2557041, -18.17060854 ], [ -40.25567965, -18.17062227 ], [ -40.25565478, -18.17063694 ] ] } },
{ "type": "Feature", "properties": { "Field": "001", "Length": 213.44393956594041, "Image": "/home/ubuntu/bemagro/data/image/Orthomosaico.tif", "Farm": "data" }, "geometry": { "type": "LineString", "coordinates": [ [ -40.25737488, -18.16965395 ], [ -40.25723767, -18.16973305 ], [ -40.25719754, -18.16975693 ], [ -40.25711629, -18.16980312 ], [ -40.25708432, -18.16982242 ], [ -40.25696313, -18.1698928 ], [ -40.25678329, -18.16999263 ], [ -40.25654776, -18.17012674 ], [ -40.25635194, -18.17023626 ], [ -40.25603197, -18.17041133 ], [ -40.25592657, -18.17047174 ], [ -40.25583685, -18.17052199 ], [ -40.25567188, -18.17061029 ], [ -40.25564776, -18.17062454 ], [ -40.25563565, -18.17063148 ] ] } },
{ "type": "Feature", "properties": { "Field": "001", "Length": 214.89833178021863, "Image": "/home/ubuntu/bemagro/data/image/Orthomosaico.tif", "Farm": "data" }, "geometry": { "type": "LineString", "coordinates": [ [ -40.25736633, -18.16964237 ], [ -40.25731046, -18.16967541 ], [ -40.25710814, -18.16979217 ], [ -40.25708422, -18.16980673 ], [ -40.25699529, -18.16985825 ], [ -40.25675855, -18.16999039 ], [ -40.25644153, -18.1701703 ], [ -40.25641683, -18.17018362 ], [ -40.25635183, -18.17022057 ], [ -40.25633515, -18.17022908 ], [ -40.25615495, -18.17032832 ], [ -40.25604802, -18.17038623 ], [ -40.25584472, -18.17050142 ], [ -40.2556633, -18.17059862 ], [ -40.25561459, -18.17062548 ] ] } },
{ "type": "Feature", "properties": { "Field": "001", "Length": 216.22612632576411, "Image": "/home/ubuntu/bemagro/data/image/Orthomosaico.tif", "Farm": "data" }, "geometry": { "type": "LineString", "coordinates": [ [ -40.25735804, -18.16963114 ], [ -40.25734211, -18.16964001 ], [ -40.25726982, -18.16968287 ], [ -40.25696238, -18.16986049 ], [ -40.25687297, -18.16991124 ], [ -40.25673385, -18.16998815 ], [ -40.25658774, -18.17007152 ], [ -40.25654706, -18.17009452 ], [ -40.25652232, -18.17010777 ], [ -40.25651417, -18.17011236 ], [ -40.25642481, -18.17016319 ], [ -40.25635139, -18.17020427 ], [ -40.25616297, -18.17030799 ], [ -40.2560561, -18.170366 ], [ -40.25591789, -18.17044438 ], [ -40.25582796, -18.17049427 ], [ -40.25564665, -18.17059167 ], [ -40.25559523, -18.17061997 ] ] } },
{ "type": "Feature", "properties": { "Field": "001", "Length": 217.5132974437586, "Image": "/home/ubuntu/bemagro/data/image/Orthomosaico.tif", "Farm": "data" }, "geometry": { "type": "LineString", "coordinates": [ [ -40.25734939, -18.16961942 ], [ -40.25723665, -18.16968583 ], [ -40.2569454, -18.16985409 ], [ -40.25684774, -18.16990926 ], [ -40.25679823, -18.16993572 ], [ -40.25675748, -18.16995861 ], [ -40.25652183, -18.17009252 ], [ -40.25646443, -18.17012399 ], [ -40.25630139, -18.1702155 ], [ -40.25626023, -18.17023771 ], [ -40.25613771, -18.17030595 ], [ -40.2560637, -18.17034606 ], [ -40.25587645, -18.17045169 ], [ -40.25577795, -18.17050549 ], [ -40.25572828, -18.17053166 ], [ -40.25558881, -18.17060799 ], [ -40.25557637, -18.17061459 ] ] } },
{ "type": "Feature", "properties": { "Field": "001", "Length": 218.90558232008206, "Image": "/home/ubuntu/bemagro/data/image/Orthomosaico.tif", "Farm": "data" }, "geometry": { "type": "LineString", "coordinates": [ [ -40.2573404, -18.16960724 ], [ -40.25711531, -18.1697395 ], [ -40.25697722, -18.16981809 ], [ -40.25692889, -18.16984647 ], [ -40.25679812, -18.16991911 ], [ -40.25669273, -18.16997954 ], [ -40.25657843, -18.17004331 ], [ -40.25651373, -18.17008074 ], [ -40.25646443, -18.17010755 ], [ -40.25635046, -18.17017187 ], [ -40.25625175, -18.1702253 ], [ -40.25618672, -18.17026219 ], [ -40.25607223, -18.17032567 ], [ -40.2560392, -18.17034326 ], [ -40.25597391, -18.17037973 ], [ -40.25586859, -18.17044028 ], [ -40.25563838, -18.17056515 ], [ -40.2555561, -18.17060881 ] ] } },
{ "type": "Feature", "properties": { "Field": "001", "Length": 220.15202365571963, "Image": "/home/ubuntu/bemagro/data/image/Orthomosaico.tif", "Farm": "data" }, "geometry": { "type": "LineString", "coordinates": [ [ -40.25733178, -18.16959556 ], [ -40.2572601, -18.16963852 ], [ -40.25724373, -18.16964757 ], [ -40.2570825, -18.16974195 ], [ -40.25689597, -18.16984874 ], [ -40.25677339, -18.16991688 ], [ -40.25671681, -18.16994969 ], [ -40.25656183, -18.17003647 ], [ -40.25649714, -18.17007391 ], [ -40.25643136, -18.17010957 ], [ -40.25634205, -18.17016049 ], [ -40.25624338, -18.17021399 ], [ -40.2561701, -18.17025531 ], [ -40.2560062, -18.1703454 ], [ -40.25594919, -18.17037752 ], [ -40.2558602, -18.17042894 ], [ -40.25553778, -18.17060359 ] ] } },
{ "type": "Feature", "properties": { "Field": "001", "Length": 221.46699142718529, "Image": "/home/ubuntu/bemagro/data/image/Orthomosaico.tif", "Farm": "data" }, "geometry": { "type": "LineString", "coordinates": [ [ -40.25732376, -18.1695847 ], [ -40.25712266, -18.16970249 ], [ -40.25692008, -18.16981885 ], [ -40.256765, -18.16990546 ], [ -40.2567004, -18.16994305 ], [ -40.25656162, -18.1700205 ], [ -40.25648052, -18.17006694 ], [ -40.25643117, -18.17009367 ], [ -40.25635804, -18.17013523 ], [ -40.25625145, -18.17019369 ], [ -40.25620278, -18.17022154 ], [ -40.25598158, -18.17034327 ], [ -40.25597342, -18.17034783 ], [ -40.25588448, -18.17039933 ], [ -40.25585184, -18.17041757 ], [ -40.25551863, -18.17059814 ] ] } },
{ "type": "Feature", "properties": { "Field": "001", "Length": 222.76240345935514, "Image": "/home/ubuntu/bemagro/data/image/Orthomosaico.tif", "Farm": "data" }, "geometry": { "type": "LineString", "coordinates": [ [ -40.25731553, -18.16957354 ], [ -40.25714671, -18.16967252 ], [ -40.25710598, -18.16969544 ], [ -40.25691986, -18.16980289 ], [ -40.25678101, -18.16988023 ], [ -40.25666751, -18.1699453 ], [ -40.25656958, -18.17 ], [ -40.2564641, -18.1700603 ], [ -40.25627577, -18.17016418 ], [ -40.25616992, -18.17022386 ], [ -40.25606316, -18.17028204 ], [ -40.25596534, -18.17033695 ], [ -40.25594065, -18.17035029 ], [ -40.25586804, -18.17039266 ], [ -40.25585989, -18.17039724 ], [ -40.25561294, -18.17053053 ], [ -40.25549974, -18.17059275 ] ] } },
{ "type": "Feature", "properties": { "Field": "001", "Length": 223.96788330660547, "Image": "/home/ubuntu/bemagro/data/image/Orthomosaico.tif", "Farm": "data" }, "geometry": { "type": "LineString", "coordinates": [ [ -40.25730686, -18.1695618 ], [ -40.25713022, -18.16966587 ], [ -40.25696784, -18.16975845 ], [ -40.25691148, -18.16979159 ], [ -40.25675621, -18.1698779 ], [ -40.25662655, -18.16995235 ], [ -40.25654484, -18.16999778 ], [ -40.25649627, -18.17002579 ], [ -40.25637394, -18.17009434 ], [ -40.25627544, -18.17014812 ], [ -40.25612042, -18.17023484 ], [ -40.25605468, -18.17027058 ], [ -40.25593219, -18.17033886 ], [ -40.25592403, -18.17034343 ], [ -40.25585137, -18.17038574 ], [ -40.25561284, -18.1705149 ], [ -40.25548195, -18.17058768 ] ] } },
{ "type": "Feature", "properties": { "Field": "001", "Length": 225.1682935793182, "Image": "/home/ubuntu/bemagro/data/image/Orthomosaico.tif", "Farm": "data" }, "geometry": { "type": "LineString", "coordinates": [ [ -40.25729866, -18.16955069 ], [ -40.25704913, -18.16969671 ], [ -40.25694327, -18.16975639 ], [ -40.25687045, -18.16979844 ], [ -40.25678861, -18.16984366 ], [ -40.25659369, -18.16995464 ], [ -40.2564145, -18.17005556 ], [ -40.25635737, -18.17008747 ], [ -40.25631606, -18.17010943 ], [ -40.25630788, -18.17011396 ], [ -40.25612015, -18.17021882 ], [ -40.25610354, -18.17022745 ], [ -40.25609534, -18.17023194 ], [ -40.25600533, -18.17028172 ], [ -40.25589944, -18.17034134 ], [ -40.25584292, -18.17037423 ], [ -40.25572749, -18.17043611 ], [ -40.25563757, -18.17048604 ], [ -40.25558798, -18.17051236 ], [ -40.25546434, -18.17058266 ] ] } },
{ "type": "Feature", "properties": { "Field": "001", "Length": 226.44251519971067, "Image": "/home/ubuntu/bemagro/data/image/Orthomosaico.tif", "Farm": "data" }, "geometry": { "type": "LineString", "coordinates": [ [ -40.2572905, -18.16953963 ], [ -40.25727451, -18.1695484 ], [ -40.25726643, -18.16955309 ], [ -40.25722643, -18.16957717 ], [ -40.25705674, -18.16967564 ], [ -40.25692639, -18.16974898 ], [ -40.25685372, -18.16979127 ], [ -40.25664134, -18.16990952 ], [ -40.25655252, -18.16996123 ], [ -40.25651176, -18.1699841 ], [ -40.2564952, -18.16999282 ], [ -40.25648701, -18.16999733 ], [ -40.25641405, -18.17003916 ], [ -40.25620097, -18.17015627 ], [ -40.25613588, -18.17019307 ], [ -40.25607029, -18.17022906 ], [ -40.25599719, -18.17027066 ], [ -40.25586634, -18.17034319 ], [ -40.25580947, -18.17037552 ], [ -40.25558762, -18.17049617 ], [ -40.25544541, -18.17057684 ] ] } },
{ "type": "Feature", "properties": { "Field": "001", "Length": 227.61808589969655, "Image": "/home/ubuntu/bemagro/data/image/Orthomosaico.tif", "Farm": "data" }, "geometry": { "type": "LineString", "coordinates": [ [ -40.25728155, -18.16952751 ], [ -40.25724155, -18.16955186 ], [ -40.25712866, -18.16961789 ], [ -40.25703135, -18.16967362 ], [ -40.25693341, -18.16972835 ], [ -40.25686077, -18.16977068 ], [ -40.25669796, -18.16986256 ], [ -40.25662428, -18.16990323 ], [ -40.25654368, -18.16995045 ], [ -40.25646176, -18.16999554 ], [ -40.25634786, -18.17005996 ], [ -40.25628195, -18.17009542 ], [ -40.25616736, -18.17015871 ], [ -40.25592303, -18.17029634 ], [ -40.2556772, -18.17043152 ], [ -40.25557015, -18.17048921 ], [ -40.25542738, -18.1705709 ] ] } },
{ "type": "Feature", "properties": { "Field": "001", "Length": 228.77317151175723, "Image": "/home/ubuntu/bemagro/data/image/Orthomosaico.tif", "Farm": "data" }, "geometry": { "type": "LineString", "coordinates": [ [ -40.25727304, -18.16951597 ], [ -40.25722487, -18.16954374 ], [ -40.25712064, -18.16960597 ], [ -40.25705516, -18.16964213 ], [ -40.25701496, -18.16966591 ], [ -40.25693349, -18.16971174 ], [ -40.25679589, -18.1697911 ], [ -40.25667383, -18.16986009 ], [ -40.2566247, -18.16988718 ], [ -40.25651965, -18.16994813 ], [ -40.25635615, -18.1700389 ], [ -40.25627397, -18.17008356 ], [ -40.25624157, -18.17010218 ], [ -40.25614299, -18.17015584 ], [ -40.25608635, -18.17018855 ], [ -40.25589064, -18.17029826 ], [ -40.25580018, -18.17034728 ], [ -40.25566927, -18.1704197 ], [ -40.25559492, -18.17045923 ], [ -40.25556215, -18.17047727 ], [ -40.255554, -18.17048184 ], [ -40.25540976, -18.17056509 ] ] } },
{ "type": "Feature", "properties": { "Field": "001", "Length": 229.89907043772266, "Image": "/home/ubuntu/bemagro/data/image/Orthomosaico.tif", "Farm": "data" }, "geometry": { "type": "LineString", "coordinates": [ [ -40.25726462, -18.16950458 ], [ -40.25722441, -18.16952745 ], [ -40.25712835, -18.16958512 ], [ -40.25698169, -18.16966761 ], [ -40.2567956, -18.16977509 ], [ -40.2566165, -18.16987615 ], [ -40.25651957, -18.16993247 ], [ -40.25628998, -18.17005839 ], [ -40.25620851, -18.17010422 ], [ -40.25614276, -18.17013994 ], [ -40.25605362, -18.17019112 ], [ -40.25597177, -18.17023634 ], [ -40.25589043, -18.17028238 ], [ -40.25580848, -18.17032743 ], [ -40.25576716, -18.17034936 ], [ -40.25566099, -18.17040852 ], [ -40.25554548, -18.17047027 ], [ -40.255416, -18.17054501 ], [ -40.25540797, -18.17054977 ], [ -40.25539255, -18.17055942 ] ] } },
{ "type": "Feature", "properties": { "Field": "001", "Length": 231.01465198178312, "Image": "/home/ubuntu/bemagro/data/image/Orthomosaico.tif", "Farm": "data" }, "geometry": { "type": "LineString", "coordinates": [ [ -40.2572561, -18.16949303 ], [ -40.2571199, -18.16957371 ], [ -40.2570141, -18.16963348 ], [ -40.2569649, -18.16966045 ], [ -40.25676272, -18.16977743 ], [ -40.25668104, -18.16982292 ], [ -40.25653549, -18.16990717 ], [ -40.25628138, -18.17004671 ], [ -40.25618378, -18.17010197 ], [ -40.25613443, -18.1701287 ], [ -40.25605349, -18.17017539 ], [ -40.25597185, -18.17022094 ], [ -40.25595521, -18.17022952 ], [ -40.25587396, -18.17027571 ], [ -40.25574233, -18.17034693 ], [ -40.25570185, -18.17037025 ], [ -40.25565275, -18.17039739 ], [ -40.25557832, -18.1704368 ], [ -40.25552916, -18.17046385 ], [ -40.25551322, -18.17047357 ], [ -40.25540783, -18.17053398 ], [ -40.25537546, -18.17055379 ] ] } },
{ "type": "Feature", "properties": { "Field": "001", "Length": 232.14184959138458, "Image": "/home/ubuntu/bemagro/data/image/Orthomosaico.tif", "Farm": "data" }, "geometry": { "type": "LineString", "coordinates": [ [ -40.25724808, -18.16948216 ], [ -40.25720799, -18.16950522 ], [ -40.25711156, -18.16956235 ], [ -40.25702206, -18.16961295 ], [ -40.25697284, -18.16963989 ], [ -40.25696474, -18.16964455 ], [ -40.25694876, -18.16965421 ], [ -40.25678674, -18.16974736 ], [ -40.25665653, -18.16982092 ], [ -40.25650267, -18.1699095 ], [ -40.25649452, -18.16991409 ], [ -40.25625667, -18.17004438 ], [ -40.25623244, -18.17005848 ], [ -40.25615098, -18.17010433 ], [ -40.256118, -18.170122 ], [ -40.25605322, -18.17015931 ], [ -40.25600406, -18.17018635 ], [ -40.25587387, -18.17025995 ], [ -40.25574227, -18.17033121 ], [ -40.25566892, -18.17037242 ], [ -40.25556202, -18.17043038 ], [ -40.25544829, -18.17049507 ], [ -40.25540812, -18.17051887 ], [ -40.25539235, -18.17052884 ], [ -40.25538434, -18.17053365 ], [ -40.25535823, -18.17054811 ] ] } },
{ "type": "Feature", "properties": { "Field": "001", "Length": 233.24938388998359, "Image": "/home/ubuntu/bemagro/data/image/Orthomosaico.tif", "Farm": "data" }, "geometry": { "type": "LineString", "coordinates": [ [ -40.25723932, -18.1694703 ], [ -40.25710303, -18.16955084 ], [ -40.25693983, -18.16964209 ], [ -40.25681834, -18.16971198 ], [ -40.25676205, -18.16974524 ], [ -40.25662355, -18.16982316 ], [ -40.25657508, -18.16985132 ], [ -40.25652599, -18.16987848 ], [ -40.25647752, -18.16990663 ], [ -40.25637936, -18.16996099 ], [ -40.25631322, -18.16999604 ], [ -40.25602859, -18.1701573 ], [ -40.25594675, -18.17020252 ], [ -40.25586538, -18.17024852 ], [ -40.25575878, -18.17030697 ], [ -40.25573389, -18.17031996 ], [ -40.2556359, -18.17037459 ], [ -40.25554553, -18.17042377 ], [ -40.2554319, -18.17048863 ], [ -40.25537622, -18.17052281 ], [ -40.25534117, -18.17054249 ] ] } },
{ "type": "Feature", "properties": { "Field": "001", "Length": 234.41849562926396, "Image": "/home/ubuntu/bemagro/data/image/Orthomosaico.tif", "Farm": "data" }, "geometry": { "type": "LineString", "coordinates": [ [ -40.2572307, -18.16945862 ], [ -40.25717523, -18.16949228 ], [ -40.257062, -18.16955777 ], [ -40.25690697, -18.16964446 ], [ -40.25672115, -18.16975238 ], [ -40.2567046, -18.16976111 ], [ -40.25655035, -18.16984908 ], [ -40.25641991, -18.16992226 ], [ -40.2562883, -18.16999351 ], [ -40.25619926, -18.17004486 ], [ -40.25607686, -18.1701133 ], [ -40.25602831, -18.17014132 ], [ -40.25593822, -18.17019097 ], [ -40.25583263, -18.17025107 ], [ -40.25571731, -18.17031314 ], [ -40.25552899, -18.17041702 ], [ -40.25543168, -18.17047275 ], [ -40.25535989, -18.1705164 ], [ -40.25532331, -18.1705366 ] ] } },
{ "type": "Feature", "properties": { "Field": "001", "Length": 235.45944758532733, "Image": "/home/ubuntu/bemagro/data/image/Orthomosaico.tif", "Farm": "data" }, "geometry": { "type": "LineString", "coordinates": [ [ -40.25722244, -18.16944743 ], [ -40.25715867, -18.16948544 ], [ -40.25715057, -18.16949009 ], [ -40.25696392, -18.1695967 ], [ -40.25687414, -18.16964685 ], [ -40.25669618, -18.16974972 ], [ -40.25655819, -18.16982846 ], [ -40.25641128, -18.16991052 ], [ -40.25634537, -18.16994597 ], [ -40.25625545, -18.16999591 ], [ -40.25611759, -18.17007485 ], [ -40.25599544, -18.1701437 ], [ -40.25591358, -18.17018888 ], [ -40.25582423, -18.17023973 ], [ -40.25567608, -18.17031974 ], [ -40.25552891, -18.17040139 ], [ -40.25538314, -18.17048529 ], [ -40.25533575, -18.17051508 ], [ -40.25530723, -18.1705313 ] ] } },
{ "type": "Feature", "properties": { "Field": "001", "Length": 236.72213215576946, "Image": "/home/ubuntu/bemagro/data/image/Orthomosaico.tif", "Farm": "data" }, "geometry": { "type": "LineString", "coordinates": [ [ -40.25721469, -18.16943692 ], [ -40.25694749, -18.16958995 ], [ -40.25684943, -18.16964447 ], [ -40.25667153, -18.16974744 ], [ -40.25656598, -18.16980761 ], [ -40.25641915, -18.16988981 ], [ -40.2562959, -18.16995684 ], [ -40.25598731, -18.17013261 ], [ -40.25579941, -18.17023719 ], [ -40.25566768, -18.17030823 ], [ -40.25556151, -18.17036739 ], [ -40.25541515, -18.17045036 ], [ -40.25536676, -18.17047865 ], [ -40.25532746, -18.17050375 ], [ -40.25531113, -18.17051286 ], [ -40.25528823, -18.17052504 ] ] } },
{ "type": "Feature", "properties": { "Field": "001", "Length": 237.92822696840744, "Image": "/home/ubuntu/bemagro/data/image/Orthomosaico.tif", "Farm": "data" }, "geometry": { "type": "LineString", "coordinates": [ [ -40.257205, -18.1694238 ], [ -40.25707661, -18.16949937 ], [ -40.25694676, -18.16957352 ], [ -40.25681632, -18.1696467 ], [ -40.25667876, -18.16972612 ], [ -40.25657267, -18.16978542 ], [ -40.25649989, -18.16982754 ], [ -40.25638554, -18.16989123 ], [ -40.25632789, -18.16992228 ], [ -40.25627073, -18.16995416 ], [ -40.2561166, -18.17004231 ], [ -40.25588035, -18.17017525 ], [ -40.25576598, -18.17023891 ], [ -40.25568338, -18.17028286 ], [ -40.2554874, -18.17039212 ], [ -40.25536596, -18.17046211 ], [ -40.25530224, -18.17050104 ], [ -40.25527746, -18.17051421 ], [ -40.25526961, -18.1705189 ] ] } },
{ "type": "Feature", "properties": { "Field": "001", "Length": 239.04130669931999, "Image": "/home/ubuntu/bemagro/data/image/Orthomosaico.tif", "Farm": "data" }, "geometry": { "type": "LineString", "coordinates": [ [ -40.25719604, -18.16941166 ], [ -40.25714061, -18.16944537 ], [ -40.25707616, -18.16948319 ], [ -40.25699478, -18.16952917 ], [ -40.25695452, -18.16955285 ], [ -40.2567916, -18.16964456 ], [ -40.25659715, -18.16975629 ], [ -40.25657243, -18.16976958 ], [ -40.25648318, -18.16982057 ], [ -40.25640971, -18.16986158 ], [ -40.25624596, -18.16995193 ], [ -40.25605922, -18.17005838 ], [ -40.25587983, -18.17015897 ], [ -40.25583054, -18.17018578 ], [ -40.25579007, -18.17020914 ], [ -40.25565853, -18.1702805 ], [ -40.2554546, -18.17039468 ], [ -40.25535746, -18.17045068 ], [ -40.2552613, -18.1705082 ], [ -40.25525243, -18.17051324 ] ] } },
{ "type": "Feature", "properties": { "Field": "001", "Length": 240.23857421370525, "Image": "/home/ubuntu/bemagro/data/image/Orthomosaico.tif", "Farm": "data" }, "geometry": { "type": "LineString", "coordinates": [ [ -40.25718741, -18.16939997 ], [ -40.25713026, -18.16943446 ], [ -40.25703356, -18.16949115 ], [ -40.25693636, -18.16954707 ], [ -40.25674917, -18.16965279 ], [ -40.25662772, -18.16972276 ], [ -40.25655412, -18.16976355 ], [ -40.25641585, -18.16984185 ], [ -40.25624421, -18.16993719 ], [ -40.25617936, -18.16997438 ], [ -40.25613825, -18.16999668 ], [ -40.25605724, -18.17004325 ], [ -40.25590183, -18.17012932 ], [ -40.25575547, -18.1702123 ], [ -40.25565674, -18.17026569 ], [ -40.25552629, -18.17033887 ], [ -40.25547701, -18.17036572 ], [ -40.2552517, -18.17049677 ], [ -40.25524274, -18.17050182 ], [ -40.25523413, -18.17050721 ] ] } },
{ "type": "Feature", "properties": { "Field": "001", "Length": 241.52341760740813, "Image": "/home/ubuntu/bemagro/data/image/Orthomosaico.tif", "Farm": "data" }, "geometry": { "type": "LineString", "coordinates": [ [ -40.25717908, -18.16938869 ], [ -40.25707512, -18.16945048 ], [ -40.25695401, -18.16952098 ], [ -40.25692942, -18.16953448 ], [ -40.25688099, -18.16956269 ], [ -40.25676719, -18.16962728 ], [ -40.2567344, -18.16964529 ], [ -40.25671036, -18.16965966 ], [ -40.25659672, -18.1697245 ], [ -40.25652305, -18.16976519 ], [ -40.2563602, -18.169857 ], [ -40.25631097, -18.16988393 ], [ -40.25614788, -18.16997536 ], [ -40.25601791, -18.17004931 ], [ -40.25588682, -18.17012143 ], [ -40.25575707, -18.17019574 ], [ -40.2557489, -18.17020027 ], [ -40.25564185, -18.17025797 ], [ -40.25546226, -18.17035822 ], [ -40.25530868, -18.17044725 ], [ -40.25526874, -18.17047141 ], [ -40.2552605, -18.17047584 ], [ -40.25524361, -18.17048396 ], [ -40.25523544, -18.17048851 ], [ -40.25522756, -18.1704935 ], [ -40.25521482, -18.17050084 ] ] } },
{ "type": "Feature", "properties": { "Field": "001", "Length": 242.61682428133068, "Image": "/home/ubuntu/bemagro/data/image/Orthomosaico.tif", "Farm": "data" }, "geometry": { "type": "LineString", "coordinates": [ [ -40.25717072, -18.16937736 ], [ -40.25703447, -18.16945796 ], [ -40.25695368, -18.16950488 ], [ -40.25671838, -18.16963934 ], [ -40.25670185, -18.16964812 ], [ -40.25661264, -18.1696992 ], [ -40.25635189, -18.16984579 ], [ -40.25608231, -18.16999586 ], [ -40.25601739, -18.17003293 ], [ -40.25586995, -18.17011414 ], [ -40.25577268, -18.17016993 ], [ -40.2556991, -18.17021076 ], [ -40.25565775, -18.17023265 ], [ -40.25553575, -18.17030174 ], [ -40.25549476, -18.17032424 ], [ -40.25530008, -18.1704356 ], [ -40.25526845, -18.17045541 ], [ -40.25524427, -18.17046957 ], [ -40.25519794, -18.17049528 ] ] } },
{ "type": "Feature", "properties": { "Field": "001", "Length": 243.75387034970436, "Image": "/home/ubuntu/bemagro/data/image/Orthomosaico.tif", "Farm": "data" }, "geometry": { "type": "LineString", "coordinates": [ [ -40.25716278, -18.16936659 ], [ -40.25700193, -18.16946072 ], [ -40.25690466, -18.16951652 ], [ -40.25689652, -18.1695211 ], [ -40.25688003, -18.16952994 ], [ -40.25671016, -18.16962814 ], [ -40.25664456, -18.16966412 ], [ -40.25652276, -18.16973352 ], [ -40.25627838, -18.16987107 ], [ -40.2560657, -18.16998883 ], [ -40.25605754, -18.16999341 ], [ -40.2560333, -18.17000747 ], [ -40.25582921, -18.17012138 ], [ -40.25578057, -18.17014928 ], [ -40.25564931, -18.17022111 ], [ -40.25550253, -18.1703034 ], [ -40.25532398, -18.17040534 ], [ -40.2553159, -18.17041002 ], [ -40.25522799, -18.17046311 ], [ -40.25518061, -18.17048957 ] ] } },
{ "type": "Feature", "properties": { "Field": "001", "Length": 244.92366438848708, "Image": "/home/ubuntu/bemagro/data/image/Orthomosaico.tif", "Farm": "data" }, "geometry": { "type": "LineString", "coordinates": [ [ -40.25715428, -18.16935509 ], [ -40.25700953, -18.16943973 ], [ -40.25685519, -18.16952754 ], [ -40.25680696, -18.16955608 ], [ -40.25670948, -18.16961153 ], [ -40.25670134, -18.16961614 ], [ -40.256644, -18.1696477 ], [ -40.25627804, -18.16985502 ], [ -40.25604886, -18.16998161 ], [ -40.25577212, -18.17013786 ], [ -40.25564911, -18.1702053 ], [ -40.25556777, -18.17025133 ], [ -40.25551839, -18.17027801 ], [ -40.25550242, -18.17028768 ], [ -40.25529943, -18.17040338 ], [ -40.2552194, -18.17045148 ], [ -40.25516273, -18.17048367 ] ] } },
{ "type": "Feature", "properties": { "Field": "001", "Length": 246.01237778145435, "Image": "/home/ubuntu/bemagro/data/image/Orthomosaico.tif", "Farm": "data" }, "geometry": { "type": "LineString", "coordinates": [ [ -40.25714635, -18.16934434 ], [ -40.2567984, -18.16954434 ], [ -40.25666017, -18.1696227 ], [ -40.25661093, -18.16964961 ], [ -40.25658678, -18.16966382 ], [ -40.25631844, -18.16981591 ], [ -40.25623701, -18.1698618 ], [ -40.2560976, -18.16993822 ], [ -40.25582079, -18.17009437 ], [ -40.25564071, -18.17019382 ], [ -40.25542089, -18.17031782 ], [ -40.25529126, -18.1703923 ], [ -40.25521916, -18.17043548 ], [ -40.2551783, -18.1704582 ], [ -40.25517031, -18.17046302 ], [ -40.2551461, -18.17047819 ] ] } },
{ "type": "Feature", "properties": { "Field": "001", "Length": 247.16497306219304, "Image": "/home/ubuntu/bemagro/data/image/Orthomosaico.tif", "Farm": "data" }, "geometry": { "type": "LineString", "coordinates": [ [ -40.25713746, -18.1693323 ], [ -40.25711373, -18.16934629 ], [ -40.25708903, -18.16935961 ], [ -40.25708093, -18.16936428 ], [ -40.25681407, -18.16951872 ], [ -40.25674864, -18.16955497 ], [ -40.256635, -18.16961981 ], [ -40.25658586, -18.16964688 ], [ -40.25642371, -18.16973983 ], [ -40.25634179, -18.16978491 ], [ -40.25617096, -18.16988159 ], [ -40.25608901, -18.16992663 ], [ -40.25590948, -18.17002698 ], [ -40.25577143, -18.17010563 ], [ -40.25561547, -18.1701908 ], [ -40.25555016, -18.17022723 ], [ -40.25546946, -18.17027429 ], [ -40.25534732, -18.17034316 ], [ -40.25528255, -18.17038048 ], [ -40.25521062, -18.17042391 ], [ -40.25516992, -18.17044689 ], [ -40.25512845, -18.17047238 ] ] } },
{ "type": "Feature", "properties": { "Field": "001", "Length": 248.31113264384555, "Image": "/home/ubuntu/bemagro/data/image/Orthomosaico.tif", "Farm": "data" }, "geometry": { "type": "LineString", "coordinates": [ [ -40.25712935, -18.16932131 ], [ -40.25681343, -18.16950209 ], [ -40.25647166, -18.16969525 ], [ -40.25639891, -18.16973742 ], [ -40.25634958, -18.16976419 ], [ -40.25616231, -18.16986977 ], [ -40.25590067, -18.17001491 ], [ -40.25574664, -18.17010323 ], [ -40.25567245, -18.17014304 ], [ -40.25554985, -18.17021114 ], [ -40.25551771, -18.17023018 ], [ -40.25531457, -18.17034564 ], [ -40.25520979, -18.17040702 ], [ -40.25511095, -18.17046661 ] ] } },
{ "type": "Feature", "properties": { "Field": "001", "Length": 249.55126226294456, "Image": "/home/ubuntu/bemagro/data/image/Orthomosaico.tif", "Farm": "data" }, "geometry": { "type": "LineString", "coordinates": [ [ -40.25712107, -18.16931009 ], [ -40.25694248, -18.16941109 ], [ -40.25689409, -18.16943937 ], [ -40.25671553, -18.16954128 ], [ -40.2564711, -18.16967875 ], [ -40.25639837, -18.16972096 ], [ -40.25632454, -18.16976137 ], [ -40.25627603, -18.16978946 ], [ -40.25619421, -18.16983473 ], [ -40.25613734, -18.16986706 ], [ -40.25607988, -18.16989844 ], [ -40.25601486, -18.16993536 ], [ -40.25590822, -18.16999375 ], [ -40.25572982, -18.17009592 ], [ -40.25555752, -18.17019018 ], [ -40.25551724, -18.17021381 ], [ -40.25545207, -18.17025049 ], [ -40.25541997, -18.17026959 ], [ -40.25532223, -18.17032463 ], [ -40.25520138, -18.17039554 ], [ -40.25515374, -18.17042496 ], [ -40.2550922, -18.17046043 ] ] } },
{ "type": "Feature", "properties": { "Field": "001", "Length": 250.68429298823995, "Image": "/home/ubuntu/bemagro/data/image/Orthomosaico.tif", "Farm": "data" }, "geometry": { "type": "LineString", "coordinates": [ [ -40.25711267, -18.16929872 ], [ -40.25706398, -18.16932563 ], [ -40.25700758, -18.16935871 ], [ -40.25690975, -18.16941361 ], [ -40.25671528, -18.16952531 ], [ -40.25651999, -18.16963569 ], [ -40.25648719, -18.16965368 ], [ -40.25647122, -18.16966334 ], [ -40.25638982, -18.16970929 ], [ -40.25631615, -18.16974997 ], [ -40.25611255, -18.16986469 ], [ -40.25592431, -18.1699687 ], [ -40.25574567, -18.1700705 ], [ -40.25562314, -18.17013872 ], [ -40.25553256, -18.17018753 ], [ -40.25547619, -18.17022066 ], [ -40.25544337, -18.17023861 ], [ -40.25542748, -18.1702484 ], [ -40.25540272, -18.17026163 ], [ -40.25532996, -18.17030378 ], [ -40.25522557, -18.17036576 ], [ -40.25517686, -18.17039355 ], [ -40.2551456, -18.17041388 ], [ -40.2550889, -18.17044649 ], [ -40.25507496, -18.17045475 ] ] } },
{ "type": "Feature", "properties": { "Field": "001", "Length": 251.86827581196553, "Image": "/home/ubuntu/bemagro/data/image/Orthomosaico.tif", "Farm": "data" }, "geometry": { "type": "LineString", "coordinates": [ [ -40.25710367, -18.16928652 ], [ -40.25706328, -18.16930911 ], [ -40.2569668, -18.16936614 ], [ -40.25679577, -18.16946248 ], [ -40.25669902, -18.16951909 ], [ -40.25666607, -18.16953682 ], [ -40.25647928, -18.16964319 ], [ -40.25631584, -18.16973404 ], [ -40.25626735, -18.16976218 ], [ -40.25614456, -18.16982996 ], [ -40.25611243, -18.16984903 ], [ -40.25590779, -18.16996203 ], [ -40.25574552, -18.17005478 ], [ -40.25569603, -18.17008127 ], [ -40.25561466, -18.17012727 ], [ -40.25555673, -18.17015783 ], [ -40.2555085, -18.17018636 ], [ -40.255467, -18.17020799 ], [ -40.25541901, -18.17023689 ], [ -40.25524912, -18.17033506 ], [ -40.25520935, -18.17035949 ], [ -40.25516862, -18.17038241 ], [ -40.25513743, -18.17040284 ], [ -40.25510479, -18.17042108 ], [ -40.25506461, -18.17044489 ], [ -40.25505696, -18.17044881 ] ] } },
{ "type": "Feature", "properties": { "Field": "001", "Length": 253.21241970325315, "Image": "/home/ubuntu/bemagro/data/image/Orthomosaico.tif", "Farm": "data" }, "geometry": { "type": "LineString", "coordinates": [ [ -40.25709546, -18.16927539 ], [ -40.25707983, -18.16928479 ], [ -40.25705509, -18.16929804 ], [ -40.25696657, -18.16935021 ], [ -40.25681184, -18.16943739 ], [ -40.25669068, -18.16950781 ], [ -40.25664157, -18.16953494 ], [ -40.25635688, -18.16969609 ], [ -40.2562016, -18.16978237 ], [ -40.25605508, -18.16986508 ], [ -40.25597291, -18.16990977 ], [ -40.25575343, -18.17003431 ], [ -40.25566318, -18.17008368 ], [ -40.25563102, -18.17010269 ], [ -40.25556474, -18.17013751 ], [ -40.25549998, -18.17017485 ], [ -40.25545063, -18.17020157 ], [ -40.25540247, -18.17023021 ], [ -40.255371, -18.17025024 ], [ -40.25531361, -18.17028173 ], [ -40.25524876, -18.17031893 ], [ -40.2551688, -18.17036713 ], [ -40.25512926, -18.17039189 ], [ -40.25506387, -18.1704282 ], [ -40.25505562, -18.17043262 ], [ -40.25503673, -18.17044215 ] ] } },
{ "type": "Feature", "properties": { "Field": "001", "Length": 254.44455247391224, "Image": "/home/ubuntu/bemagro/data/image/Orthomosaico.tif", "Farm": "data" }, "geometry": { "type": "LineString", "coordinates": [ [ -40.25708643, -18.16926317 ], [ -40.25707099, -18.16927278 ], [ -40.25696639, -18.16933445 ], [ -40.25682771, -18.16941208 ], [ -40.25672265, -18.16947301 ], [ -40.2566248, -18.16952789 ], [ -40.25657636, -18.16955608 ], [ -40.25647875, -18.16961133 ], [ -40.25639698, -18.16965667 ], [ -40.25631575, -18.16970289 ], [ -40.25620117, -18.16976621 ], [ -40.25603843, -18.16985821 ], [ -40.25594798, -18.16990724 ], [ -40.2558423, -18.1699672 ], [ -40.25580108, -18.1699893 ], [ -40.25579294, -18.1699939 ], [ -40.25572867, -18.170032 ], [ -40.25572055, -18.17003662 ], [ -40.25568781, -18.17005471 ], [ -40.25567111, -18.17006318 ], [ -40.25561416, -18.1700954 ], [ -40.25560584, -18.17009969 ], [ -40.25558904, -18.17010798 ], [ -40.25558083, -18.17011245 ], [ -40.25554851, -18.17013122 ], [ -40.25553187, -18.17013979 ], [ -40.25552367, -18.17014429 ], [ -40.25546693, -18.17017685 ], [ -40.25542601, -18.17019946 ], [ -40.25541793, -18.17020415 ], [ -40.25537839, -18.17022891 ], [ -40.25535429, -18.1702432 ], [ -40.25534618, -18.17024783 ], [ -40.25528884, -18.1702794 ], [ -40.25522393, -18.17031651 ], [ -40.25516785, -18.17035009 ], [ -40.25511243, -18.17038464 ], [ -40.2551044, -18.17038942 ], [ -40.25505551, -18.17041691 ], [ -40.25504725, -18.1704213 ], [ -40.255018, -18.17043597 ] ] } },
{ "type": "Feature", "properties": { "Field": "001", "Length": 255.67597622820739, "Image": "/home/ubuntu/bemagro/data/image/Orthomosaico.tif", "Farm": "data" }, "geometry": { "type": "LineString", "coordinates": [ [ -40.25707879, -18.16925281 ], [ -40.25702237, -18.16928498 ], [ -40.25695807, -18.16932304 ], [ -40.25680324, -18.16941007 ], [ -40.25671426, -18.16946151 ], [ -40.25647852, -18.16959527 ], [ -40.25638844, -18.16964492 ], [ -40.25629917, -18.1696959 ], [ -40.25617644, -18.1697638 ], [ -40.25609529, -18.16981014 ], [ -40.25599734, -18.16986484 ], [ -40.25591494, -18.16990914 ], [ -40.25571979, -18.17001974 ], [ -40.25567045, -18.17004649 ], [ -40.25549911, -18.17014233 ], [ -40.25541783, -18.17018847 ], [ -40.2553374, -18.17023595 ], [ -40.25523166, -18.17029581 ], [ -40.25516749, -18.17033407 ], [ -40.25515998, -18.17033956 ], [ -40.25512741, -18.17035792 ], [ -40.25511936, -18.17036266 ], [ -40.25510376, -18.17037286 ], [ -40.25509581, -18.17037775 ], [ -40.25507099, -18.17039087 ], [ -40.25506279, -18.17039537 ], [ -40.25504681, -18.17040502 ], [ -40.25503865, -18.17040959 ], [ -40.25502171, -18.17041762 ], [ -40.25499932, -18.17042982 ] ] } },
{ "type": "Feature", "properties": { "Field": "001", "Length": 256.68615484536667, "Image": "/home/ubuntu/bemagro/data/image/Orthomosaico.tif", "Farm": "data" }, "geometry": { "type": "LineString", "coordinates": [ [ -40.25706942, -18.16924012 ], [ -40.25704561, -18.16925398 ], [ -40.25702096, -18.1692674 ], [ -40.25695676, -18.1693056 ], [ -40.25690795, -18.16933322 ], [ -40.25679497, -18.16939911 ], [ -40.25669731, -18.16945427 ], [ -40.25656773, -18.16952885 ], [ -40.25646942, -18.16958296 ], [ -40.25637975, -18.16963328 ], [ -40.25629051, -18.16968432 ], [ -40.25620037, -18.16973387 ], [ -40.25603741, -18.16982551 ], [ -40.25592237, -18.16988805 ], [ -40.25581628, -18.16994734 ], [ -40.25574343, -18.16998935 ], [ -40.25557102, -18.17008341 ], [ -40.25552251, -18.17011152 ], [ -40.2554247, -18.17016644 ], [ -40.25531974, -18.17022755 ], [ -40.25527987, -18.17025182 ], [ -40.25515861, -18.17032207 ], [ -40.25511868, -18.17034625 ], [ -40.25511083, -18.17035128 ], [ -40.25509565, -18.17036206 ], [ -40.25508787, -18.17036719 ], [ -40.25504728, -18.17039035 ], [ -40.2550393, -18.17039519 ], [ -40.25503158, -18.1704004 ], [ -40.25502524, -18.17040435 ], [ -40.25502193, -18.1704061 ], [ -40.25501508, -18.17040915 ], [ -40.25500863, -18.17041136 ], [ -40.25500284, -18.17041388 ], [ -40.25499785, -18.17041646 ], [ -40.25498388, -18.17042473 ] ] } },
{ "type": "Feature", "properties": { "Field": "001", "Length": 257.81929294276898, "Image": "/home/ubuntu/bemagro/data/image/Orthomosaico.tif", "Farm": "data" }, "geometry": { "type": "LineString", "coordinates": [ [ -40.25706015, -18.16922755 ], [ -40.25694843, -18.16929453 ], [ -40.25655923, -18.16951752 ], [ -40.25637931, -18.16961724 ], [ -40.25629011, -18.16966832 ], [ -40.25600439, -18.1698278 ], [ -40.25589742, -18.16988563 ], [ -40.25575101, -18.16996852 ], [ -40.25558693, -18.1700583 ], [ -40.25541604, -18.17015488 ], [ -40.25540793, -18.17015952 ], [ -40.25527113, -18.17024014 ], [ -40.25514184, -18.17031516 ], [ -40.25510999, -18.17033466 ], [ -40.25510211, -18.17033964 ], [ -40.25507132, -18.17036062 ], [ -40.2550316, -18.17038512 ], [ -40.25502359, -18.17038991 ], [ -40.25501516, -18.17039402 ], [ -40.25500625, -18.17039701 ], [ -40.2549974, -18.17040021 ], [ -40.25498892, -18.17040419 ], [ -40.25498107, -18.17040923 ], [ -40.25497362, -18.17041479 ], [ -40.25496673, -18.17041908 ] ] } },
{ "type": "Feature", "properties": { "Field": "001", "Length": 258.76961537248508, "Image": "/home/ubuntu/bemagro/data/image/Orthomosaico.tif", "Farm": "data" }, "geometry": { "type": "LineString", "coordinates": [ [ -40.25705171, -18.16921612 ], [ -40.2570344, -18.16922631 ], [ -40.25696254, -18.16926984 ], [ -40.25691384, -18.16929763 ], [ -40.25684147, -18.1693404 ], [ -40.25671144, -18.16941425 ], [ -40.25659819, -18.16947971 ], [ -40.25648366, -18.1695431 ], [ -40.25603539, -18.16979489 ], [ -40.25587935, -18.16987992 ], [ -40.25571651, -18.16997175 ], [ -40.25556882, -18.17005254 ], [ -40.25547137, -18.17010803 ], [ -40.2554222, -18.17013506 ], [ -40.25530922, -18.17020096 ], [ -40.25525392, -18.17023402 ], [ -40.25513985, -18.17029994 ], [ -40.25497451, -18.17040332 ], [ -40.25495136, -18.17041401 ] ] } },
{ "type": "Feature", "properties": { "Field": "001", "Length": 260.04662907391173, "Image": "/home/ubuntu/bemagro/data/image/Orthomosaico.tif", "Farm": "data" }, "geometry": { "type": "LineString", "coordinates": [ [ -40.25704337, -18.16920483 ], [ -40.25701146, -18.16922335 ], [ -40.25695575, -18.1692575 ], [ -40.25683467, -18.16932804 ], [ -40.25662395, -18.16944898 ], [ -40.25641157, -18.16956724 ], [ -40.25630594, -18.16962727 ], [ -40.25602048, -18.16978718 ], [ -40.25584802, -18.16988117 ], [ -40.25569345, -18.16996862 ], [ -40.25555384, -18.1700447 ], [ -40.25546449, -18.17009554 ], [ -40.25542353, -18.1701181 ], [ -40.25512515, -18.17029255 ], [ -40.25496701, -18.1703916 ], [ -40.25493211, -18.17040767 ] ] } },
{ "type": "Feature", "properties": { "Field": "001", "Length": 261.5451137715749, "Image": "/home/ubuntu/bemagro/data/image/Orthomosaico.tif", "Farm": "data" }, "geometry": { "type": "LineString", "coordinates": [ [ -40.25703506, -18.16919357 ], [ -40.25694738, -18.16924615 ], [ -40.25667236, -18.16940516 ], [ -40.25655045, -18.16947439 ], [ -40.25641133, -18.16955128 ], [ -40.25623228, -18.16965243 ], [ -40.25610961, -18.16972041 ], [ -40.25606086, -18.16974813 ], [ -40.25584784, -18.16986533 ], [ -40.25570961, -18.16994368 ], [ -40.25564399, -18.16997961 ], [ -40.2556196, -18.16999344 ], [ -40.25560287, -18.17000186 ], [ -40.25553734, -18.17003794 ], [ -40.25540712, -18.1701115 ], [ -40.25539901, -18.17011615 ], [ -40.25512523, -18.17027709 ], [ -40.25505337, -18.17032063 ], [ -40.25504543, -18.17032553 ], [ -40.25499027, -18.17036048 ], [ -40.25496619, -18.17037479 ], [ -40.25495802, -18.17037934 ], [ -40.2549497, -18.17038364 ], [ -40.25494114, -18.17038748 ], [ -40.25493248, -18.1703911 ], [ -40.25492365, -18.17039431 ], [ -40.25490996, -18.17040037 ] ] } },
{ "type": "Feature", "properties": { "Field": "001", "Length": 262.72400163168271, "Image": "/home/ubuntu/bemagro/data/image/Orthomosaico.tif", "Farm": "data" }, "geometry": { "type": "LineString", "coordinates": [ [ -40.25702677, -18.16918234 ], [ -40.25700292, -18.16919615 ], [ -40.25698726, -18.16920627 ], [ -40.25695517, -18.16922539 ], [ -40.25677704, -18.169328 ], [ -40.25669659, -18.16937545 ], [ -40.25659072, -18.16943511 ], [ -40.25652602, -18.16947253 ], [ -40.25641116, -18.16953537 ], [ -40.25628106, -18.16960911 ], [ -40.2562073, -18.16964965 ], [ -40.25601159, -18.16975935 ], [ -40.25579879, -18.16987691 ], [ -40.25579062, -18.16988147 ], [ -40.25574217, -18.16990967 ], [ -40.255734, -18.16991421 ], [ -40.2556031, -18.16998665 ], [ -40.25555366, -18.17001322 ], [ -40.25539883, -18.17010024 ], [ -40.25510104, -18.17027562 ], [ -40.2549657, -18.17035846 ], [ -40.25493267, -18.17037604 ], [ -40.25489182, -18.17039438 ] ] } },
{ "type": "Feature", "properties": { "Field": "001", "Length": 263.69497011958731, "Image": "/home/ubuntu/bemagro/data/image/Orthomosaico.tif", "Farm": "data" }, "geometry": { "type": "LineString", "coordinates": [ [ -40.25701777, -18.16917015 ], [ -40.25694646, -18.16921367 ], [ -40.25669593, -18.16935899 ], [ -40.25657411, -18.16942836 ], [ -40.25652584, -18.16945684 ], [ -40.25631285, -18.16957408 ], [ -40.25627236, -18.16959739 ], [ -40.25614141, -18.16966975 ], [ -40.25594578, -18.16977959 ], [ -40.25586374, -18.16982447 ], [ -40.25574177, -18.16989361 ], [ -40.25565975, -18.16993854 ], [ -40.25559463, -18.1699753 ], [ -40.25554521, -18.17000191 ], [ -40.25540653, -18.17007952 ], [ -40.25530175, -18.17014091 ], [ -40.25524579, -18.17017467 ], [ -40.25514064, -18.17023548 ], [ -40.25505266, -18.17028846 ], [ -40.25496523, -18.17034227 ], [ -40.2549077, -18.17037353 ], [ -40.25487637, -18.17038929 ] ] } },
{ "type": "Feature", "properties": { "Field": "001", "Length": 264.65442301051286, "Image": "/home/ubuntu/bemagro/data/image/Orthomosaico.tif", "Farm": "data" }, "geometry": { "type": "LineString", "coordinates": [ [ -40.25700945, -18.16915887 ], [ -40.25697809, -18.16917825 ], [ -40.25690567, -18.16922092 ], [ -40.25671165, -18.16933333 ], [ -40.25657369, -18.16941213 ], [ -40.25651726, -18.16944516 ], [ -40.25641915, -18.1694996 ], [ -40.25632874, -18.1695487 ], [ -40.25618198, -18.16963102 ], [ -40.25614087, -18.16965332 ], [ -40.25605139, -18.16970395 ], [ -40.25589604, -18.16979012 ], [ -40.25582299, -18.16983182 ], [ -40.25567577, -18.16991338 ], [ -40.25559443, -18.16995943 ], [ -40.2554878, -18.17001783 ], [ -40.25538191, -18.17007744 ], [ -40.25537381, -18.17008211 ], [ -40.25524536, -18.17015845 ], [ -40.25516455, -18.17020534 ], [ -40.2550842, -18.17025294 ], [ -40.25495666, -18.17033066 ], [ -40.25494862, -18.17033541 ], [ -40.25490797, -18.17035848 ], [ -40.25489976, -18.17036294 ], [ -40.2548831, -18.17037149 ], [ -40.25487492, -18.17037603 ], [ -40.25486136, -18.17038435 ] ] } },
{ "type": "Feature", "properties": { "Field": "001", "Length": 265.82537781055618, "Image": "/home/ubuntu/bemagro/data/image/Orthomosaico.tif", "Farm": "data" }, "geometry": { "type": "LineString", "coordinates": [ [ -40.25700121, -18.16914771 ], [ -40.25684046, -18.16924197 ], [ -40.25671909, -18.16931206 ], [ -40.25654824, -18.1694087 ], [ -40.25649985, -18.16943698 ], [ -40.25636071, -18.16951385 ], [ -40.25632758, -18.16953128 ], [ -40.2563194, -18.16953581 ], [ -40.25600158, -18.16971442 ], [ -40.25591117, -18.16976352 ], [ -40.25573246, -18.1698652 ], [ -40.25569957, -18.16988304 ], [ -40.25563449, -18.16991987 ], [ -40.25549505, -18.16999623 ], [ -40.2554219, -18.17003776 ], [ -40.25528454, -18.1701175 ], [ -40.25516413, -18.17018909 ], [ -40.25509121, -18.17023099 ], [ -40.25493234, -18.17032896 ], [ -40.25484353, -18.17037847 ] ] } },
{ "type": "Feature", "properties": { "Field": "001", "Length": 266.94339663801946, "Image": "/home/ubuntu/bemagro/data/image/Orthomosaico.tif", "Farm": "data" }, "geometry": { "type": "LineString", "coordinates": [ [ -40.2569929, -18.16913645 ], [ -40.25695313, -18.16916001 ], [ -40.25690428, -18.16918757 ], [ -40.25684009, -18.16922579 ], [ -40.25646676, -18.16943893 ], [ -40.2563769, -18.16948896 ], [ -40.25629463, -18.16953347 ], [ -40.25611559, -18.16963461 ], [ -40.25608263, -18.16965232 ], [ -40.2560011, -18.16969807 ], [ -40.25588629, -18.169761 ], [ -40.25587815, -18.16976558 ], [ -40.25582166, -18.16979853 ], [ -40.25577266, -18.16982584 ], [ -40.25574034, -18.16984461 ], [ -40.25566664, -18.16988523 ], [ -40.25558534, -18.16993134 ], [ -40.25551949, -18.16996689 ], [ -40.25541362, -18.17002653 ], [ -40.25529232, -18.17009674 ], [ -40.25517195, -18.17016839 ], [ -40.25508309, -18.17022001 ], [ -40.25492341, -18.17031678 ], [ -40.25491535, -18.17032151 ], [ -40.25485006, -18.17035799 ], [ -40.254842, -18.1703627 ], [ -40.25482619, -18.17037252 ] ] } },
{ "type": "Feature", "properties": { "Field": "001", "Length": 267.92119981288113, "Image": "/home/ubuntu/bemagro/data/image/Orthomosaico.tif", "Farm": "data" }, "geometry": { "type": "LineString", "coordinates": [ [ -40.25698361, -18.16912386 ], [ -40.25696048, -18.16913875 ], [ -40.25690372, -18.16917127 ], [ -40.25683972, -18.16920979 ], [ -40.2564746, -18.16941844 ], [ -40.25640942, -18.16945511 ], [ -40.25625357, -18.16954045 ], [ -40.25610681, -18.16962276 ], [ -40.25590232, -18.16973601 ], [ -40.25563387, -18.16988791 ], [ -40.25540516, -18.17001529 ], [ -40.25525131, -18.17010388 ], [ -40.25510755, -18.17019091 ], [ -40.25505866, -18.17021838 ], [ -40.25494685, -18.17028607 ], [ -40.25485802, -18.17033775 ], [ -40.2548263, -18.17035743 ], [ -40.25481043, -18.17036677 ] ] } },
{ "type": "Feature", "properties": { "Field": "001", "Length": 268.94996397060936, "Image": "/home/ubuntu/bemagro/data/image/Orthomosaico.tif", "Farm": "data" }, "geometry": { "type": "LineString", "coordinates": [ [ -40.25697426, -18.1691112 ], [ -40.25696685, -18.16911604 ], [ -40.25695923, -18.16912139 ], [ -40.25695142, -18.16912648 ], [ -40.25691973, -18.1691462 ], [ -40.25691171, -18.16915098 ], [ -40.25672588, -18.16925889 ], [ -40.25661204, -18.16932341 ], [ -40.25649882, -18.16938892 ], [ -40.25638454, -18.16945272 ], [ -40.25624506, -18.16952901 ], [ -40.25608204, -18.16962055 ], [ -40.25601631, -18.1696563 ], [ -40.2558858, -18.16972939 ], [ -40.25582909, -18.16976199 ], [ -40.25576346, -18.16979789 ], [ -40.25573931, -18.16981211 ], [ -40.25562539, -18.1698765 ], [ -40.25548624, -18.16995336 ], [ -40.2553804, -18.17001305 ], [ -40.25530772, -18.17005533 ], [ -40.25526776, -18.17007947 ], [ -40.25523527, -18.17009795 ], [ -40.25522722, -18.17010269 ], [ -40.25514735, -18.17015104 ], [ -40.25505819, -18.17020218 ], [ -40.25492257, -18.17028459 ], [ -40.2547938, -18.17036044 ] ] } },
{ "type": "Feature", "properties": { "Field": "001", "Length": 270.01916211110358, "Image": "/home/ubuntu/bemagro/data/image/Orthomosaico.tif", "Farm": "data" }, "geometry": { "type": "LineString", "coordinates": [ [ -40.25696626, -18.16910036 ], [ -40.25691951, -18.16913026 ], [ -40.25691157, -18.16913516 ], [ -40.25685516, -18.16916823 ], [ -40.25677412, -18.16921475 ], [ -40.25670969, -18.16925259 ], [ -40.25659574, -18.16931694 ], [ -40.25648232, -18.16938214 ], [ -40.25627759, -18.16949499 ], [ -40.25606566, -18.16961398 ], [ -40.25599147, -18.16965379 ], [ -40.25581275, -18.16975545 ], [ -40.25576368, -18.16978264 ], [ -40.25570705, -18.16981536 ], [ -40.2556989, -18.16981994 ], [ -40.25565776, -18.16984219 ], [ -40.25552727, -18.16991531 ], [ -40.25544613, -18.16996167 ], [ -40.25537249, -18.1700024 ], [ -40.25536438, -18.17000704 ], [ -40.25533227, -18.17002613 ], [ -40.25527544, -18.17005854 ], [ -40.25517965, -18.17011663 ], [ -40.25505795, -18.1701862 ], [ -40.25504991, -18.17019094 ], [ -40.2549864, -18.17023019 ], [ -40.25489847, -18.17028325 ], [ -40.2548257, -18.17032539 ], [ -40.25481768, -18.17033017 ], [ -40.25479383, -18.17034484 ], [ -40.25477718, -18.17035465 ] ] } },
{ "type": "Feature", "properties": { "Field": "001", "Length": 271.11587104263936, "Image": "/home/ubuntu/bemagro/data/image/Orthomosaico.tif", "Farm": "data" }, "geometry": { "type": "LineString", "coordinates": [ [ -40.25695786, -18.16908898 ], [ -40.25690725, -18.16912148 ], [ -40.25685898, -18.16914996 ], [ -40.25670532, -18.16923885 ], [ -40.25647059, -18.16937247 ], [ -40.25628235, -18.16947648 ], [ -40.25620111, -18.16952269 ], [ -40.25612647, -18.16956357 ], [ -40.25606955, -18.16959583 ], [ -40.25596281, -18.16965405 ], [ -40.25576027, -18.16976869 ], [ -40.25568744, -18.16981073 ], [ -40.2556127, -18.16985144 ], [ -40.25528009, -18.17003988 ], [ -40.25523111, -18.17006897 ], [ -40.25517645, -18.17010299 ], [ -40.25515101, -18.1701169 ], [ -40.2550619, -18.17016814 ], [ -40.25490225, -18.17026494 ], [ -40.25475983, -18.17034832 ] ] } },
{ "type": "Feature", "properties": { "Field": "001", "Length": 272.11638040637547, "Image": "/home/ubuntu/bemagro/data/image/Orthomosaico.tif", "Farm": "data" }, "geometry": { "type": "LineString", "coordinates": [ [ -40.25474393, -18.17034253 ], [ -40.2547844, -18.1703187 ], [ -40.25483197, -18.17028918 ], [ -40.2548967, -18.1702518 ], [ -40.25492033, -18.1702368 ], [ -40.25504816, -18.17015953 ], [ -40.25516968, -18.17008967 ], [ -40.25526571, -18.17003194 ], [ -40.25530662, -18.17000932 ], [ -40.2553306, -18.16999484 ], [ -40.25542852, -18.1699401 ], [ -40.2555259, -18.16988448 ], [ -40.25567296, -18.16980264 ], [ -40.25594085, -18.16964985 ], [ -40.25623555, -18.16948715 ], [ -40.25636576, -18.16941358 ], [ -40.25643964, -18.16937326 ], [ -40.25652102, -18.16932727 ], [ -40.25656941, -18.16929899 ], [ -40.25665111, -18.16925353 ], [ -40.25686158, -18.1691322 ], [ -40.25690171, -18.16910833 ], [ -40.2569495, -18.16907765 ] ] } },
{ "type": "Feature", "properties": { "Field": "001", "Length": 273.25139431242877, "Image": "/home/ubuntu/bemagro/data/image/Orthomosaico.tif", "Farm": "data" }, "geometry": { "type": "LineString", "coordinates": [ [ -40.25694126, -18.16906649 ], [ -40.25688509, -18.16910231 ], [ -40.2568289, -18.16913572 ], [ -40.2567475, -18.16918167 ], [ -40.2566749, -18.16922407 ], [ -40.25657685, -18.1692786 ], [ -40.25652025, -18.16931138 ], [ -40.25641443, -18.1693711 ], [ -40.25633239, -18.16941599 ], [ -40.25627569, -18.16944861 ], [ -40.25607927, -18.16955714 ], [ -40.25602982, -18.1695837 ], [ -40.25595641, -18.16962482 ], [ -40.25585864, -18.16967981 ], [ -40.25580211, -18.16971269 ], [ -40.25562331, -18.16981422 ], [ -40.25549267, -18.16988709 ], [ -40.25525667, -18.17002044 ], [ -40.25515284, -18.17008328 ], [ -40.2550875, -18.17011968 ], [ -40.25504724, -18.17014334 ], [ -40.25497553, -18.17018712 ], [ -40.25491116, -18.17022506 ], [ -40.25487172, -18.17024996 ], [ -40.25483132, -18.17027342 ], [ -40.25478365, -18.17030279 ], [ -40.25474295, -18.17032578 ], [ -40.25472617, -18.17033605 ] ] } },
{ "type": "Feature", "properties": { "Field": "001", "Length": 274.31499000300232, "Image": "/home/ubuntu/bemagro/data/image/Orthomosaico.tif", "Farm": "data" }, "geometry": { "type": "LineString", "coordinates": [ [ -40.2569328, -18.16905503 ], [ -40.25682955, -18.16911789 ], [ -40.25665152, -18.16922067 ], [ -40.25642361, -18.16934933 ], [ -40.2563007, -18.16941693 ], [ -40.25623558, -18.16945368 ], [ -40.25602243, -18.16957067 ], [ -40.25590891, -18.1696357 ], [ -40.25587597, -18.16965345 ], [ -40.25576991, -18.16971279 ], [ -40.25561616, -18.16980155 ], [ -40.25548529, -18.16987404 ], [ -40.25541246, -18.16991608 ], [ -40.25533067, -18.16996138 ], [ -40.25524949, -18.17000769 ], [ -40.2552414, -18.17001236 ], [ -40.25517724, -18.17005063 ], [ -40.25513749, -18.17007508 ], [ -40.25509697, -18.17009834 ], [ -40.25506417, -18.17011633 ], [ -40.25505604, -18.17012094 ], [ -40.2550163, -18.17014539 ], [ -40.25494411, -18.17018843 ], [ -40.25486482, -18.17023764 ], [ -40.2548002, -18.1702752 ], [ -40.25476845, -18.17029482 ], [ -40.25472006, -18.1703231 ], [ -40.25470928, -18.17032989 ] ] } },
{ "type": "Feature", "properties": { "Field": "001", "Length": 275.36950926809027, "Image": "/home/ubuntu/bemagro/data/image/Orthomosaico.tif", "Farm": "data" }, "geometry": { "type": "LineString", "coordinates": [ [ -40.25692456, -18.16904386 ], [ -40.25682922, -18.16910179 ], [ -40.25682118, -18.16910653 ], [ -40.25669991, -18.16917678 ], [ -40.25660243, -18.16923224 ], [ -40.25647999, -18.1693006 ], [ -40.25639879, -18.16934688 ], [ -40.25606304, -18.16953196 ], [ -40.25590043, -18.16962418 ], [ -40.25576128, -18.16970102 ], [ -40.2557453, -18.16971068 ], [ -40.2556802, -18.16974747 ], [ -40.25561569, -18.1697852 ], [ -40.25548506, -18.16985807 ], [ -40.25523316, -18.17000123 ], [ -40.25512893, -18.17006345 ], [ -40.25503985, -18.17011474 ], [ -40.25496758, -18.17015765 ], [ -40.25486421, -18.17022119 ], [ -40.25480773, -18.17025414 ], [ -40.2547519, -18.17028811 ], [ -40.25471958, -18.17030687 ], [ -40.25469253, -18.17032378 ] ] } },
{ "type": "Feature", "properties": { "Field": "001", "Length": 276.5062893259651, "Image": "/home/ubuntu/bemagro/data/image/Orthomosaico.tif", "Farm": "data" }, "geometry": { "type": "LineString", "coordinates": [ [ -40.25691718, -18.16903387 ], [ -40.25686887, -18.16906139 ], [ -40.25676448, -18.16912338 ], [ -40.25652896, -18.16925749 ], [ -40.25644699, -18.16930252 ], [ -40.25636574, -18.1693487 ], [ -40.25624297, -18.16941653 ], [ -40.25615335, -18.16946694 ], [ -40.25603032, -18.16953433 ], [ -40.25593292, -18.16958991 ], [ -40.25581827, -18.16965312 ], [ -40.25567191, -18.16973607 ], [ -40.25557483, -18.16979218 ], [ -40.25547684, -18.1698468 ], [ -40.25531415, -18.16993888 ], [ -40.25503175, -18.17010367 ], [ -40.25493559, -18.1701612 ], [ -40.25487227, -18.17020072 ], [ -40.25486426, -18.17020552 ], [ -40.25480758, -18.17023817 ], [ -40.2547356, -18.17028154 ], [ -40.25472749, -18.17028618 ], [ -40.25471106, -18.17029512 ], [ -40.25470299, -18.17029982 ], [ -40.25467479, -18.17031731 ] ] } },
{ "type": "Feature", "properties": { "Field": "001", "Length": 277.57405895393089, "Image": "/home/ubuntu/bemagro/data/image/Orthomosaico.tif", "Farm": "data" }, "geometry": { "type": "LineString", "coordinates": [ [ -40.25690915, -18.16902298 ], [ -40.25685262, -18.16905498 ], [ -40.2567643, -18.16910746 ], [ -40.25651249, -18.16925075 ], [ -40.2564225, -18.16930054 ], [ -40.25634949, -18.1693423 ], [ -40.25621026, -18.16941901 ], [ -40.25614539, -18.16945618 ], [ -40.25604671, -18.16950966 ], [ -40.25593309, -18.16957453 ], [ -40.25579364, -18.16965089 ], [ -40.25557454, -18.16977604 ], [ -40.25546842, -18.16983528 ], [ -40.25538741, -18.16988185 ], [ -40.25526478, -18.16994992 ], [ -40.25514457, -18.17002181 ], [ -40.25500737, -18.1701018 ], [ -40.25484793, -18.17019892 ], [ -40.25477515, -18.17024105 ], [ -40.2547271, -18.17026985 ], [ -40.25470254, -18.17028342 ], [ -40.25469445, -18.17028809 ], [ -40.25465804, -18.17031121 ] ] } },
{ "type": "Feature", "properties": { "Field": "001", "Length": 278.80511036252426, "Image": "/home/ubuntu/bemagro/data/image/Orthomosaico.tif", "Farm": "data" }, "geometry": { "type": "LineString", "coordinates": [ [ -40.2569005, -18.16901126 ], [ -40.25686828, -18.16902931 ], [ -40.2568602, -18.16903399 ], [ -40.25674767, -18.16910058 ], [ -40.25654495, -18.1692167 ], [ -40.2564307, -18.16928055 ], [ -40.25635775, -18.16932241 ], [ -40.25626761, -18.16937196 ], [ -40.25615348, -18.16943601 ], [ -40.25604646, -18.16949376 ], [ -40.25603831, -18.16949834 ], [ -40.25594935, -18.1695498 ], [ -40.25582634, -18.16961723 ], [ -40.25576929, -18.16964927 ], [ -40.25563941, -18.16972337 ], [ -40.25560729, -18.16974244 ], [ -40.25559918, -18.16974709 ], [ -40.25555832, -18.1697698 ], [ -40.25553428, -18.16978419 ], [ -40.25552616, -18.16978881 ], [ -40.25545216, -18.16982894 ], [ -40.25537932, -18.16987097 ], [ -40.25524873, -18.16994392 ], [ -40.25516808, -18.16999105 ], [ -40.25509601, -18.17003427 ], [ -40.25500718, -18.17008595 ], [ -40.25483168, -18.17019261 ], [ -40.25479122, -18.17021597 ], [ -40.25472709, -18.1702543 ], [ -40.25471896, -18.1702589 ], [ -40.25468607, -18.17027673 ], [ -40.25466947, -18.17028538 ], [ -40.25466144, -18.17029016 ], [ -40.25463879, -18.17030419 ] ] } },
{ "type": "Feature", "properties": { "Field": "001", "Length": 280.00747263234848, "Image": "/home/ubuntu/bemagro/data/image/Orthomosaico.tif", "Farm": "data" }, "geometry": { "type": "LineString", "coordinates": [ [ -40.256892, -18.16899975 ], [ -40.25684377, -18.1690274 ], [ -40.25674741, -18.16908463 ], [ -40.25660164, -18.16916853 ], [ -40.25647967, -18.16923767 ], [ -40.25643867, -18.16926014 ], [ -40.25634957, -18.16931139 ], [ -40.25625937, -18.16936086 ], [ -40.25613693, -18.16942922 ], [ -40.25603809, -18.16948244 ], [ -40.25602993, -18.16948699 ], [ -40.25596524, -18.16952445 ], [ -40.2558671, -18.16957883 ], [ -40.25573677, -18.1696522 ], [ -40.25551782, -18.16977759 ], [ -40.25550965, -18.16978213 ], [ -40.25544378, -18.16981764 ], [ -40.25543562, -18.16982222 ], [ -40.25537108, -18.16985989 ], [ -40.25529791, -18.16990139 ], [ -40.25524065, -18.16993309 ], [ -40.25495866, -18.17009854 ], [ -40.25483928, -18.17017167 ], [ -40.25474298, -18.17022899 ], [ -40.25470238, -18.17025212 ], [ -40.25469417, -18.1702566 ], [ -40.25467758, -18.17026527 ], [ -40.25466943, -18.17026986 ], [ -40.25466145, -18.1702747 ], [ -40.25465325, -18.17027919 ], [ -40.25464482, -18.17028329 ], [ -40.25463655, -18.17028767 ], [ -40.25461992, -18.17029731 ] ] } },
{ "type": "Feature", "properties": { "Field": "001", "Length": 280.8896081166659, "Image": "/home/ubuntu/bemagro/data/image/Orthomosaico.tif", "Farm": "data" }, "geometry": { "type": "LineString", "coordinates": [ [ -40.25688217, -18.16898644 ], [ -40.25677075, -18.16905386 ], [ -40.25663345, -18.16913369 ], [ -40.25635721, -18.16929075 ], [ -40.25614467, -18.16940874 ], [ -40.25602962, -18.16947128 ], [ -40.25598107, -18.16949931 ], [ -40.25571202, -18.16965023 ], [ -40.25565554, -18.1696832 ], [ -40.25552546, -18.16975697 ], [ -40.25542706, -18.16981091 ], [ -40.25536256, -18.16984867 ], [ -40.25521619, -18.16993161 ], [ -40.25493398, -18.17009671 ], [ -40.25489385, -18.17012057 ], [ -40.25482244, -18.17016479 ], [ -40.2547502, -18.17020774 ], [ -40.25473407, -18.17021718 ], [ -40.25466922, -18.17025437 ], [ -40.25464555, -18.1702693 ], [ -40.25462913, -18.17027825 ], [ -40.25460534, -18.17029199 ] ] } },
{ "type": "Feature", "properties": { "Field": "001", "Length": 281.86378621760116, "Image": "/home/ubuntu/bemagro/data/image/Orthomosaico.tif", "Farm": "data" }, "geometry": { "type": "LineString", "coordinates": [ [ -40.25687373, -18.168975 ], [ -40.25684191, -18.16899368 ], [ -40.25674613, -18.16905177 ], [ -40.25668923, -18.16908407 ], [ -40.25659247, -18.16914067 ], [ -40.25651087, -18.16918629 ], [ -40.25635672, -18.1692744 ], [ -40.25611166, -18.16941085 ], [ -40.25602954, -18.16945561 ], [ -40.25598915, -18.16947907 ], [ -40.25598099, -18.16948364 ], [ -40.2558909, -18.16953328 ], [ -40.25580986, -18.1695798 ], [ -40.25567108, -18.16965726 ], [ -40.25554143, -18.16973172 ], [ -40.25542663, -18.16979467 ], [ -40.25537836, -18.16982315 ], [ -40.25528874, -18.16987355 ], [ -40.255192, -18.16993018 ], [ -40.25513518, -18.16996261 ], [ -40.25502272, -18.17002931 ], [ -40.25491761, -18.17009018 ], [ -40.25476574, -18.17018184 ], [ -40.25470883, -18.17021411 ], [ -40.25467688, -18.17023345 ], [ -40.25465244, -18.1702472 ], [ -40.25464445, -18.17025203 ], [ -40.25458983, -18.17028634 ] ] } },
{ "type": "Feature", "properties": { "Field": "001", "Length": 283.11283957613421, "Image": "/home/ubuntu/bemagro/data/image/Orthomosaico.tif", "Farm": "data" }, "geometry": { "type": "LineString", "coordinates": [ [ -40.25686484, -18.16896296 ], [ -40.25673705, -18.16903945 ], [ -40.25668815, -18.16906691 ], [ -40.25652635, -18.16916042 ], [ -40.25648533, -18.16918285 ], [ -40.25637151, -18.1692474 ], [ -40.25627319, -18.16930149 ], [ -40.25619272, -18.16934891 ], [ -40.25602859, -18.16943863 ], [ -40.25589893, -18.16951307 ], [ -40.25575986, -18.16959006 ], [ -40.25566233, -18.16964543 ], [ -40.25560486, -18.16967678 ], [ -40.25557235, -18.16969525 ], [ -40.25550802, -18.16973326 ], [ -40.25543435, -18.16977394 ], [ -40.25536162, -18.16981613 ], [ -40.25528009, -18.16986188 ], [ -40.2551836, -18.16991889 ], [ -40.2551265, -18.16995086 ], [ -40.25506238, -18.16998919 ], [ -40.25490064, -18.17008278 ], [ -40.25484491, -18.17011689 ], [ -40.25475667, -18.17016949 ], [ -40.25474862, -18.17017422 ], [ -40.25468354, -18.17021104 ], [ -40.25467547, -18.17021575 ], [ -40.25465177, -18.17023064 ], [ -40.25457022, -18.17027919 ] ] } },
{ "type": "Feature", "properties": { "Field": "001", "Length": 283.56088138693201, "Image": "/home/ubuntu/bemagro/data/image/Orthomosaico.tif", "Farm": "data" }, "geometry": { "type": "LineString", "coordinates": [ [ -40.25685616, -18.1689512 ], [ -40.25680913, -18.16898069 ], [ -40.25675289, -18.16901401 ], [ -40.25659851, -18.16910177 ], [ -40.25654207, -18.16913478 ], [ -40.2564521, -18.16918463 ], [ -40.25637917, -18.16922651 ], [ -40.25626479, -18.16929015 ], [ -40.25616788, -18.16934652 ], [ -40.25602015, -18.16942723 ], [ -40.2558986, -18.16949704 ], [ -40.25579211, -18.16955567 ], [ -40.25562948, -18.16964784 ], [ -40.25557209, -18.16967932 ], [ -40.25549956, -18.16972184 ], [ -40.25540158, -18.16977649 ], [ -40.25527982, -18.16984596 ], [ -40.2551751, -18.16990744 ], [ -40.25511806, -18.16993949 ], [ -40.25502178, -18.16999684 ], [ -40.25492458, -18.17005276 ], [ -40.25474817, -18.17015804 ], [ -40.25465092, -18.17021388 ], [ -40.2546348, -18.17022331 ], [ -40.25462681, -18.17022815 ], [ -40.25456312, -18.1702766 ] ] } },
{ "type": "Feature", "properties": { "Field": "001", "Length": 284.8772866695345, "Image": "/home/ubuntu/bemagro/data/image/Orthomosaico.tif", "Farm": "data" }, "geometry": { "type": "LineString", "coordinates": [ [ -40.25684795, -18.16894007 ], [ -40.25682434, -18.16895425 ], [ -40.25681644, -18.16895922 ], [ -40.25680869, -18.16896439 ], [ -40.25680064, -18.16896913 ], [ -40.25676815, -18.16898763 ], [ -40.25672017, -18.16901654 ], [ -40.25670405, -18.16902598 ], [ -40.25654981, -18.16911395 ], [ -40.25645168, -18.16916836 ], [ -40.25637894, -18.16921055 ], [ -40.25625646, -18.16927884 ], [ -40.25617594, -18.16932618 ], [ -40.25613514, -18.16934899 ], [ -40.25608546, -18.16937515 ], [ -40.2560035, -18.16942018 ], [ -40.25589844, -18.16948113 ], [ -40.25580016, -18.16953528 ], [ -40.25574356, -18.16956805 ], [ -40.25564575, -18.16962298 ], [ -40.25558823, -18.16965425 ], [ -40.25540993, -18.16975659 ], [ -40.25532023, -18.16980686 ], [ -40.25516696, -18.16989639 ], [ -40.25510186, -18.16993317 ], [ -40.25507025, -18.16995301 ], [ -40.25503808, -18.169972 ], [ -40.25498099, -18.17000399 ], [ -40.25494903, -18.17002331 ], [ -40.25490833, -18.17004627 ], [ -40.25478024, -18.17012317 ], [ -40.25464335, -18.17020364 ], [ -40.25454198, -18.17026889 ] ] } },
{ "type": "Feature", "properties": { "Field": "001", "Length": 286.35367166508991, "Image": "/home/ubuntu/bemagro/data/image/Orthomosaico.tif", "Farm": "data" }, "geometry": { "type": "LineString", "coordinates": [ [ -40.2568399, -18.16892917 ], [ -40.25682403, -18.16893812 ], [ -40.25681603, -18.16894294 ], [ -40.25677647, -18.16896767 ], [ -40.25676845, -18.16897245 ], [ -40.25667143, -18.16902865 ], [ -40.25653322, -18.16910702 ], [ -40.25644334, -18.16915701 ], [ -40.25637873, -18.16919458 ], [ -40.2562403, -18.16927261 ], [ -40.25616755, -18.16931479 ], [ -40.25611858, -18.16934213 ], [ -40.25607718, -18.16936394 ], [ -40.25606896, -18.1693684 ], [ -40.25597902, -18.16941829 ], [ -40.25587372, -18.16947886 ], [ -40.25581645, -18.16951054 ], [ -40.25574346, -18.16955233 ], [ -40.25567794, -18.16958842 ], [ -40.25561307, -18.16962559 ], [ -40.25555569, -18.16965709 ], [ -40.25525518, -18.16982819 ], [ -40.2551749, -18.16987589 ], [ -40.25511804, -18.16990825 ], [ -40.25510999, -18.16991299 ], [ -40.25502997, -18.1699611 ], [ -40.254981, -18.16998845 ], [ -40.25492435, -18.17002114 ], [ -40.2547159, -18.17014563 ], [ -40.25461908, -18.17020214 ], [ -40.25457912, -18.17022628 ], [ -40.25457085, -18.17023063 ], [ -40.25456268, -18.17023517 ], [ -40.254519, -18.17026051 ] ] } },
{ "type": "Feature", "properties": { "Field": "001", "Length": 287.65435854443149, "Image": "/home/ubuntu/bemagro/data/image/Orthomosaico.tif", "Farm": "data" }, "geometry": { "type": "LineString", "coordinates": [ [ -40.25683118, -18.16891735 ], [ -40.25675192, -18.16896577 ], [ -40.25659001, -18.16905908 ], [ -40.2564513, -18.16913666 ], [ -40.25639478, -18.16916956 ], [ -40.25626442, -18.16924287 ], [ -40.2561509, -18.16930791 ], [ -40.25606878, -18.16935266 ], [ -40.25595442, -18.16941633 ], [ -40.25576752, -18.16952254 ], [ -40.25565316, -18.16958621 ], [ -40.25561275, -18.16960965 ], [ -40.25553087, -18.16965482 ], [ -40.25540926, -18.16972452 ], [ -40.25532755, -18.16976996 ], [ -40.25516627, -18.16986428 ], [ -40.25512562, -18.16988733 ], [ -40.25503762, -18.16994028 ], [ -40.25496423, -18.16998142 ], [ -40.25491574, -18.17000956 ], [ -40.25482787, -18.1700627 ], [ -40.2546193, -18.170187 ], [ -40.25461123, -18.17019171 ], [ -40.25458636, -18.17020475 ], [ -40.25457803, -18.17020902 ], [ -40.25456109, -18.17021704 ], [ -40.25449883, -18.17025316 ] ] } },
{ "type": "Feature", "properties": { "Field": "001", "Length": 289.07006896166098, "Image": "/home/ubuntu/bemagro/data/image/Orthomosaico.tif", "Farm": "data" }, "geometry": { "type": "LineString", "coordinates": [ [ -40.25682288, -18.16890611 ], [ -40.25675966, -18.16894495 ], [ -40.25672705, -18.16896324 ], [ -40.25658156, -18.16904759 ], [ -40.2564998, -18.16909295 ], [ -40.2563702, -18.16916749 ], [ -40.25621524, -18.1692543 ], [ -40.25614249, -18.16929647 ], [ -40.25606857, -18.16933673 ], [ -40.25593818, -18.16941002 ], [ -40.25592163, -18.16941874 ], [ -40.25591347, -18.1694233 ], [ -40.25575102, -18.16951577 ], [ -40.25570994, -18.16953812 ], [ -40.25559616, -18.16960274 ], [ -40.25554688, -18.16962958 ], [ -40.25541702, -18.16970371 ], [ -40.25530292, -18.1697678 ], [ -40.25518232, -18.1698391 ], [ -40.255085, -18.16989481 ], [ -40.25502919, -18.1699288 ], [ -40.25498816, -18.16995123 ], [ -40.25493147, -18.16998387 ], [ -40.2546351, -18.17016142 ], [ -40.25461877, -18.17017053 ], [ -40.25461019, -18.17017432 ], [ -40.25460151, -18.17017789 ], [ -40.25459313, -18.17018207 ], [ -40.25453976, -18.17021297 ], [ -40.25453811, -18.17021386 ], [ -40.25453468, -18.17021538 ], [ -40.25453001, -18.17021696 ], [ -40.25452608, -18.17021851 ], [ -40.25451917, -18.17022195 ], [ -40.25451143, -18.17022713 ], [ -40.25450331, -18.17023176 ], [ -40.25447745, -18.17024536 ] ] } },
{ "type": "Feature", "properties": { "Field": "001", "Length": 290.03728888622732, "Image": "/home/ubuntu/bemagro/data/image/Orthomosaico.tif", "Farm": "data" }, "geometry": { "type": "LineString", "coordinates": [ [ -40.2568151, -18.16889557 ], [ -40.25660456, -18.16901767 ], [ -40.25651492, -18.16906804 ], [ -40.25629655, -18.1691926 ], [ -40.2562067, -18.16924264 ], [ -40.25614133, -18.16928075 ], [ -40.25589691, -18.16941644 ], [ -40.25576697, -18.16949044 ], [ -40.25568495, -18.16953538 ], [ -40.25561941, -18.16957322 ], [ -40.25551374, -18.1696314 ], [ -40.25544006, -18.16967385 ], [ -40.2553664, -18.16971454 ], [ -40.25522975, -18.16979366 ], [ -40.25515666, -18.16983703 ], [ -40.25508346, -18.16987847 ], [ -40.25504322, -18.16990218 ], [ -40.25501919, -18.16991657 ], [ -40.2549378, -18.16996254 ], [ -40.25487411, -18.16999982 ], [ -40.25468169, -18.17011641 ], [ -40.25463292, -18.1701441 ], [ -40.25459108, -18.17016511 ], [ -40.25456681, -18.17017913 ], [ -40.25453512, -18.17019886 ], [ -40.2545186, -18.17020763 ], [ -40.25451077, -18.1702127 ], [ -40.25450308, -18.17021795 ], [ -40.25449493, -18.17022253 ], [ -40.25447091, -18.17023516 ], [ -40.25446176, -18.17023964 ] ] } },
{ "type": "Feature", "properties": { "Field": "001", "Length": 291.23400847000858, "Image": "/home/ubuntu/bemagro/data/image/Orthomosaico.tif", "Farm": "data" }, "geometry": { "type": "LineString", "coordinates": [ [ -40.25680736, -18.16888508 ], [ -40.25668577, -18.16895394 ], [ -40.25658077, -18.16901497 ], [ -40.25648288, -18.16906976 ], [ -40.25628824, -18.16918119 ], [ -40.2561902, -18.16923574 ], [ -40.25609302, -18.16929168 ], [ -40.25604358, -18.16931826 ], [ -40.25599474, -18.16934583 ], [ -40.25593727, -18.16937718 ], [ -40.25574238, -18.16948821 ], [ -40.25565199, -18.16953735 ], [ -40.25557904, -18.16957921 ], [ -40.25551351, -18.16961528 ], [ -40.2554161, -18.16967086 ], [ -40.25535876, -18.16970243 ], [ -40.25525374, -18.16976344 ], [ -40.25523734, -18.16977243 ], [ -40.25514102, -18.16982971 ], [ -40.25497091, -18.16992753 ], [ -40.25493011, -18.16995035 ], [ -40.25484177, -18.17000279 ], [ -40.25468201, -18.17009943 ], [ -40.25461692, -18.17013624 ], [ -40.25455141, -18.17017236 ], [ -40.25452736, -18.17018673 ], [ -40.25450265, -18.17020002 ], [ -40.25447021, -18.1702186 ], [ -40.25446194, -18.17022297 ], [ -40.25445348, -18.17022701 ], [ -40.25444296, -18.17023279 ] ] } },
{ "type": "Feature", "properties": { "Field": "001", "Length": 292.15738803051022, "Image": "/home/ubuntu/bemagro/data/image/Orthomosaico.tif", "Farm": "data" }, "geometry": { "type": "LineString", "coordinates": [ [ -40.2567983, -18.16887281 ], [ -40.25678233, -18.16888161 ], [ -40.25676629, -18.16889116 ], [ -40.25675814, -18.16889574 ], [ -40.25673345, -18.16890909 ], [ -40.25672537, -18.16891378 ], [ -40.2566773, -18.16894255 ], [ -40.25656409, -18.16900807 ], [ -40.25645785, -18.16906712 ], [ -40.25629595, -18.16916046 ], [ -40.25620583, -18.16921005 ], [ -40.2560761, -18.16928438 ], [ -40.25603491, -18.16930655 ], [ -40.25592855, -18.1693654 ], [ -40.25575016, -18.16946759 ], [ -40.25561891, -18.16953945 ], [ -40.25533378, -18.16969988 ], [ -40.2550355, -18.1698745 ], [ -40.25501084, -18.16988789 ], [ -40.2550027, -18.16989248 ], [ -40.25488937, -18.16995783 ], [ -40.25467336, -18.17008779 ], [ -40.2546653, -18.17009251 ], [ -40.25462484, -18.17011586 ], [ -40.2545595, -18.17015227 ], [ -40.25451952, -18.17017637 ], [ -40.25451131, -18.17018084 ], [ -40.25450298, -18.17018513 ], [ -40.25447894, -18.1701995 ], [ -40.25446265, -18.17020868 ], [ -40.25445436, -18.17021302 ], [ -40.25444588, -18.17021701 ], [ -40.2544377, -18.17022151 ], [ -40.25442804, -18.17022735 ] ] } },
{ "type": "Feature", "properties": { "Field": "001", "Length": 293.13787883129737, "Image": "/home/ubuntu/bemagro/data/image/Orthomosaico.tif", "Farm": "data" }, "geometry": { "type": "LineString", "coordinates": [ [ -40.2567897, -18.16886115 ], [ -40.25672518, -18.16889799 ], [ -40.25665288, -18.16894085 ], [ -40.2566121, -18.16896369 ], [ -40.25654745, -18.16900121 ], [ -40.25648183, -18.16903714 ], [ -40.25643307, -18.16906483 ], [ -40.25628747, -18.16914901 ], [ -40.25618897, -18.16920281 ], [ -40.25605939, -18.16927738 ], [ -40.25600984, -18.16930376 ], [ -40.25592794, -18.16934889 ], [ -40.25586285, -18.16938569 ], [ -40.25582268, -18.16940951 ], [ -40.25574976, -18.1694514 ], [ -40.25558568, -18.16954119 ], [ -40.2554796, -18.1696005 ], [ -40.25540685, -18.16964267 ], [ -40.25531727, -18.16969315 ], [ -40.25524452, -18.16973531 ], [ -40.25517251, -18.16977863 ], [ -40.25508333, -18.16982975 ], [ -40.25502709, -18.16986308 ], [ -40.25491316, -18.16992746 ], [ -40.25490509, -18.16993216 ], [ -40.25483263, -18.16997478 ], [ -40.25467265, -18.17007109 ], [ -40.2545832, -18.17012179 ], [ -40.25453534, -18.17015089 ], [ -40.25450259, -18.17016895 ], [ -40.25449457, -18.17017372 ], [ -40.25445481, -18.17019816 ], [ -40.25444645, -18.17020238 ], [ -40.25443794, -18.17020632 ], [ -40.25442983, -18.17021096 ], [ -40.25441244, -18.17022166 ] ] } },
{ "type": "Feature", "properties": { "Field": "001", "Length": 294.11269541306939, "Image": "/home/ubuntu/bemagro/data/image/Orthomosaico.tif", "Farm": "data" }, "geometry": { "type": "LineString", "coordinates": [ [ -40.25678083, -18.16884913 ], [ -40.2567568, -18.16886266 ], [ -40.25673291, -18.16887727 ], [ -40.2567083, -18.16889075 ], [ -40.25662826, -18.16893882 ], [ -40.25660368, -18.16895234 ], [ -40.25652277, -18.16899908 ], [ -40.25639222, -18.16907208 ], [ -40.25626291, -18.16914708 ], [ -40.25616413, -18.16920041 ], [ -40.25606723, -18.16925679 ], [ -40.25590308, -18.16934646 ], [ -40.2558543, -18.16937412 ], [ -40.25579002, -18.16941221 ], [ -40.25574936, -18.16943524 ], [ -40.25552037, -18.16956215 ], [ -40.25551218, -18.16956667 ], [ -40.2554874, -18.16957985 ], [ -40.25543055, -18.16961221 ], [ -40.25522837, -18.16972919 ], [ -40.25516447, -18.16976786 ], [ -40.25509119, -18.16980919 ], [ -40.25497827, -18.16987516 ], [ -40.25491297, -18.16991163 ], [ -40.25479987, -18.16997733 ], [ -40.25464781, -18.17006871 ], [ -40.25455873, -18.17011999 ], [ -40.25450269, -18.17015363 ], [ -40.25445405, -18.17018152 ], [ -40.25443835, -18.17019159 ], [ -40.25442198, -18.17020062 ], [ -40.25440612, -18.17021046 ], [ -40.25439673, -18.17021593 ] ] } },
{ "type": "Feature", "properties": { "Field": "001", "Length": 294.97435552620499, "Image": "/home/ubuntu/bemagro/data/image/Orthomosaico.tif", "Farm": "data" }, "geometry": { "type": "LineString", "coordinates": [ [ -40.25677223, -18.16883748 ], [ -40.25659566, -18.16894167 ], [ -40.25636763, -18.16907014 ], [ -40.25627086, -18.16912673 ], [ -40.25615557, -18.16918885 ], [ -40.25605852, -18.16924499 ], [ -40.25590272, -18.16933042 ], [ -40.25589459, -18.16933503 ], [ -40.2558459, -18.16936283 ], [ -40.25576535, -18.16941014 ], [ -40.25573245, -18.16942795 ], [ -40.25565926, -18.16946941 ], [ -40.25561813, -18.16949167 ], [ -40.25556121, -18.16952393 ], [ -40.25552001, -18.16954609 ], [ -40.25542208, -18.16960081 ], [ -40.2552284, -18.16971377 ], [ -40.25514831, -18.16976177 ], [ -40.25505856, -18.16981197 ], [ -40.25495369, -18.16987321 ], [ -40.2548885, -18.16990986 ], [ -40.25484022, -18.16993831 ], [ -40.25479146, -18.16996602 ], [ -40.25463129, -18.17006205 ], [ -40.25449448, -18.17014263 ], [ -40.2543991, -18.17020134 ], [ -40.25438274, -18.17021083 ] ] } },
{ "type": "Feature", "properties": { "Field": "001", "Length": 296.01949530403965, "Image": "/home/ubuntu/bemagro/data/image/Orthomosaico.tif", "Farm": "data" }, "geometry": { "type": "LineString", "coordinates": [ [ -40.25676325, -18.16882532 ], [ -40.25661957, -18.16891161 ], [ -40.25639975, -18.16903559 ], [ -40.25628685, -18.16910162 ], [ -40.25613899, -18.16918211 ], [ -40.25606628, -18.16922434 ], [ -40.25592716, -18.16930124 ], [ -40.25578935, -18.16938026 ], [ -40.25572381, -18.16941634 ], [ -40.25568334, -18.16943967 ], [ -40.25560162, -18.1694851 ], [ -40.25554479, -18.16951751 ], [ -40.25547894, -18.16955306 ], [ -40.25539749, -18.16959892 ], [ -40.25522815, -18.16969795 ], [ -40.25514825, -18.16974625 ], [ -40.25514011, -18.16975084 ], [ -40.25509901, -18.16977315 ], [ -40.25509085, -18.16977771 ], [ -40.25500962, -18.16982394 ], [ -40.2549372, -18.16986662 ], [ -40.25488031, -18.16989893 ], [ -40.25475105, -18.16997401 ], [ -40.25469518, -18.17000791 ], [ -40.25458228, -18.17007391 ], [ -40.25449429, -18.1701269 ], [ -40.25444686, -18.17015662 ], [ -40.25443878, -18.17016131 ], [ -40.25442244, -18.17017041 ], [ -40.25441445, -18.17017523 ], [ -40.25439076, -18.17019013 ], [ -40.25437458, -18.17019949 ], [ -40.25436611, -18.17020477 ] ] } },
{ "type": "Feature", "properties": { "Field": "001", "Length": 297.08104017005149, "Image": "/home/ubuntu/bemagro/data/image/Orthomosaico.tif", "Farm": "data" }, "geometry": { "type": "LineString", "coordinates": [ [ -40.25675473, -18.16881378 ], [ -40.25670753, -18.16884301 ], [ -40.25661928, -18.16889559 ], [ -40.25638331, -18.16902898 ], [ -40.25629469, -18.16908099 ], [ -40.256106, -18.16918425 ], [ -40.25604948, -18.16921714 ], [ -40.25604134, -18.16922174 ], [ -40.25590249, -18.16929907 ], [ -40.25580535, -18.16935508 ], [ -40.25572349, -18.16940027 ], [ -40.25552014, -18.16951539 ], [ -40.25547878, -18.16953725 ], [ -40.25543793, -18.16955998 ], [ -40.25534044, -18.16961543 ], [ -40.25522755, -18.16968145 ], [ -40.25513958, -18.16973446 ], [ -40.2550416, -18.1697891 ], [ -40.25494515, -18.16984618 ], [ -40.25487194, -18.16988762 ], [ -40.2547589, -18.16995342 ], [ -40.25468682, -18.16999663 ], [ -40.25467047, -18.1700057 ], [ -40.25466239, -18.17001038 ], [ -40.25459005, -18.1700532 ], [ -40.25449421, -18.1701112 ], [ -40.25445389, -18.17013479 ], [ -40.25438233, -18.17017877 ], [ -40.25437414, -18.17018328 ], [ -40.25436608, -18.17018799 ], [ -40.25434928, -18.17019863 ] ] } },
{ "type": "Feature", "properties": { "Field": "001", "Length": 298.30069228102656, "Image": "/home/ubuntu/bemagro/data/image/Orthomosaico.tif", "Farm": "data" }, "geometry": { "type": "LineString", "coordinates": [ [ -40.25674613, -18.16880212 ], [ -40.25667493, -18.16884582 ], [ -40.25659457, -18.16889341 ], [ -40.256448, -18.16897603 ], [ -40.25631078, -18.16905598 ], [ -40.25609772, -18.16917312 ], [ -40.25604914, -18.16920111 ], [ -40.25599982, -18.16922788 ], [ -40.25578054, -18.16935274 ], [ -40.25566612, -18.16941632 ], [ -40.25562573, -18.16943979 ], [ -40.25561758, -18.16944436 ], [ -40.2554539, -18.16953482 ], [ -40.25534002, -18.16959928 ], [ -40.25524319, -18.16965577 ], [ -40.25514697, -18.16971321 ], [ -40.25504104, -18.16977275 ], [ -40.25495288, -18.16982546 ], [ -40.25482316, -18.16989982 ], [ -40.25474245, -18.16994686 ], [ -40.25470244, -18.16997091 ], [ -40.25461307, -18.17002174 ], [ -40.25452568, -18.17007561 ], [ -40.2544213, -18.17013762 ], [ -40.2543728, -18.17016573 ], [ -40.25436452, -18.17017008 ], [ -40.2543565, -18.17017487 ], [ -40.25433014, -18.17019165 ] ] } },
{ "type": "Feature", "properties": { "Field": "001", "Length": 299.4692823398812, "Image": "/home/ubuntu/bemagro/data/image/Orthomosaico.tif", "Farm": "data" }, "geometry": { "type": "LineString", "coordinates": [ [ -40.25673775, -18.16879077 ], [ -40.25667466, -18.16882981 ], [ -40.25659426, -18.16887734 ], [ -40.25642335, -18.16897387 ], [ -40.2563105, -18.16903996 ], [ -40.25630235, -18.16904455 ], [ -40.2562531, -18.16907143 ], [ -40.25618791, -18.16910807 ], [ -40.25611388, -18.16914815 ], [ -40.25604062, -18.16918951 ], [ -40.25596689, -18.16923009 ], [ -40.25575576, -18.16935037 ], [ -40.25566584, -18.16940029 ], [ -40.25560916, -18.16943293 ], [ -40.25545358, -18.16951874 ], [ -40.25534774, -18.16957843 ], [ -40.25513062, -18.16970669 ], [ -40.25501651, -18.16977077 ], [ -40.25500843, -18.16977547 ], [ -40.25493626, -18.16981854 ], [ -40.25475818, -18.16992123 ], [ -40.25470222, -18.16995498 ], [ -40.25469415, -18.16995969 ], [ -40.25461278, -18.17000569 ], [ -40.25460475, -18.17001045 ], [ -40.25452524, -18.17005933 ], [ -40.25443682, -18.17011164 ], [ -40.25438929, -18.17014123 ], [ -40.25438127, -18.17014602 ], [ -40.25436505, -18.17015531 ], [ -40.25435678, -18.17015968 ], [ -40.25433996, -18.17016794 ], [ -40.25433181, -18.17017252 ], [ -40.2543119, -18.170185 ] ] } },
{ "type": "Feature", "properties": { "Field": "001", "Length": 300.94936855482626, "Image": "/home/ubuntu/bemagro/data/image/Orthomosaico.tif", "Farm": "data" }, "geometry": { "type": "LineString", "coordinates": [ [ -40.25672849, -18.16877822 ], [ -40.25667341, -18.16881247 ], [ -40.25658552, -18.16886558 ], [ -40.25643867, -18.16894774 ], [ -40.2563018, -18.16902825 ], [ -40.25619568, -18.1690875 ], [ -40.25611311, -18.16913149 ], [ -40.25603983, -18.16917281 ], [ -40.25601504, -18.16918599 ], [ -40.25581224, -18.16930197 ], [ -40.25568965, -18.16937009 ], [ -40.25560853, -18.1694165 ], [ -40.25538793, -18.16953922 ], [ -40.25532304, -18.16957635 ], [ -40.25530689, -18.16958574 ], [ -40.25511405, -18.1697 ], [ -40.25499175, -18.16976859 ], [ -40.25491951, -18.16981155 ], [ -40.25483818, -18.16985761 ], [ -40.25474923, -18.16990909 ], [ -40.25468538, -18.16994784 ], [ -40.25463673, -18.16997571 ], [ -40.25455645, -18.17002342 ], [ -40.25434885, -18.1701492 ], [ -40.25434064, -18.17015367 ], [ -40.25428932, -18.17017675 ] ] } },
{ "type": "Feature", "properties": { "Field": "001", "Length": 301.34610848979816, "Image": "/home/ubuntu/bemagro/data/image/Orthomosaico.tif", "Farm": "data" }, "geometry": { "type": "LineString", "coordinates": [ [ -40.25672054, -18.16876745 ], [ -40.25658434, -18.16884984 ], [ -40.25651931, -18.16888674 ], [ -40.25643731, -18.1689317 ], [ -40.25639689, -18.16895512 ], [ -40.25633318, -18.16899408 ], [ -40.25629265, -18.16901732 ], [ -40.25616981, -18.16908502 ], [ -40.25608725, -18.16912904 ], [ -40.25603861, -18.16915694 ], [ -40.25598091, -18.16918789 ], [ -40.25580313, -18.16929106 ], [ -40.25577013, -18.16930871 ], [ -40.2557298, -18.16933226 ], [ -40.25567224, -18.16936347 ], [ -40.25562389, -18.16939182 ], [ -40.2555173, -18.16945028 ], [ -40.25531386, -18.16956525 ], [ -40.25510474, -18.1696887 ], [ -40.25499059, -18.16975272 ], [ -40.25478971, -18.16987 ], [ -40.25473969, -18.16989744 ], [ -40.25466808, -18.16994135 ], [ -40.25459554, -18.16998384 ], [ -40.25454005, -18.17001831 ], [ -40.25440348, -18.17009928 ], [ -40.25432524, -18.17014837 ], [ -40.2543102, -18.17015643 ], [ -40.25430666, -18.17015867 ], [ -40.25430054, -18.17016327 ], [ -40.25428199, -18.17017409 ] ] } },
{ "type": "Feature", "properties": { "Field": "001", "Length": 302.48204352134729, "Image": "/home/ubuntu/bemagro/data/image/Orthomosaico.tif", "Farm": "data" }, "geometry": { "type": "LineString", "coordinates": [ [ -40.25671205, -18.16875595 ], [ -40.25666486, -18.16878521 ], [ -40.25655209, -18.16885142 ], [ -40.25654395, -18.16885602 ], [ -40.2564865, -18.1688874 ], [ -40.2564459, -18.16891054 ], [ -40.25634949, -18.16896768 ], [ -40.25628478, -18.16900509 ], [ -40.25625213, -18.16902332 ], [ -40.25616965, -18.16906748 ], [ -40.25613708, -18.16908584 ], [ -40.25609591, -18.16910803 ], [ -40.25601446, -18.1691539 ], [ -40.25595709, -18.16918542 ], [ -40.25594895, -18.16919001 ], [ -40.2557955, -18.16927925 ], [ -40.25573816, -18.16931082 ], [ -40.25559177, -18.16939373 ], [ -40.25553424, -18.16942499 ], [ -40.25549374, -18.16944828 ], [ -40.25533064, -18.16953968 ], [ -40.25518557, -18.16962471 ], [ -40.25514574, -18.16964903 ], [ -40.2551377, -18.16965377 ], [ -40.25499119, -18.16973651 ], [ -40.25486212, -18.16981188 ], [ -40.2547162, -18.16989555 ], [ -40.2545483, -18.1699968 ], [ -40.25442787, -18.17006835 ], [ -40.25436408, -18.17010718 ], [ -40.25434054, -18.1701223 ], [ -40.2543326, -18.17012721 ], [ -40.25426382, -18.17016747 ] ] } },
{ "type": "Feature", "properties": { "Field": "001", "Length": 303.66078519669338, "Image": "/home/ubuntu/bemagro/data/image/Orthomosaico.tif", "Farm": "data" }, "geometry": { "type": "LineString", "coordinates": [ [ -40.25670328, -18.16874407 ], [ -40.25663247, -18.16878833 ], [ -40.25662448, -18.16879317 ], [ -40.25652729, -18.16884908 ], [ -40.25644566, -18.16889466 ], [ -40.25634923, -18.16895177 ], [ -40.25629245, -18.16898425 ], [ -40.25621892, -18.16902517 ], [ -40.25612824, -18.16907381 ], [ -40.25604642, -18.16911907 ], [ -40.25592458, -18.16918841 ], [ -40.25576268, -18.16928175 ], [ -40.25554213, -18.16940455 ], [ -40.25546909, -18.16944626 ], [ -40.25538726, -18.1694915 ], [ -40.25530609, -18.16953782 ], [ -40.25519326, -18.16960393 ], [ -40.25511321, -18.16965201 ], [ -40.25495045, -18.16974397 ], [ -40.25484574, -18.16980546 ], [ -40.25469984, -18.16988916 ], [ -40.25452379, -18.16999499 ], [ -40.25444335, -18.17004247 ], [ -40.25432396, -18.17011559 ], [ -40.25424521, -18.17016068 ] ] } },
{ "type": "Feature", "properties": { "Field": "001", "Length": 304.78046760221918, "Image": "/home/ubuntu/bemagro/data/image/Orthomosaico.tif", "Farm": "data" }, "geometry": { "type": "LineString", "coordinates": [ [ -40.25669534, -18.16873331 ], [ -40.25662408, -18.16877691 ], [ -40.25661603, -18.16878165 ], [ -40.25653509, -18.16882834 ], [ -40.25649411, -18.16885084 ], [ -40.2564292, -18.16888794 ], [ -40.25632436, -18.16894923 ], [ -40.25625917, -18.16898588 ], [ -40.25607046, -18.16908909 ], [ -40.25598947, -18.1691357 ], [ -40.25589984, -18.16918609 ], [ -40.25578671, -18.16925176 ], [ -40.25572124, -18.16928794 ], [ -40.25559096, -18.16936139 ], [ -40.25552529, -18.16939724 ], [ -40.25544424, -18.16944375 ], [ -40.25531396, -18.1695172 ], [ -40.25517682, -18.16959728 ], [ -40.2551127, -18.16963562 ], [ -40.25502356, -18.16968679 ], [ -40.2549257, -18.16974165 ], [ -40.25478057, -18.16982657 ], [ -40.25469149, -18.16987784 ], [ -40.25447478, -18.17000674 ], [ -40.25436309, -18.17007461 ], [ -40.25432278, -18.1700982 ], [ -40.25431486, -18.17010314 ], [ -40.25429921, -18.17011328 ], [ -40.2542912, -18.17011807 ], [ -40.25422759, -18.17015426 ] ] } },
{ "type": "Feature", "properties": { "Field": "001", "Length": 306.03674620581552, "Image": "/home/ubuntu/bemagro/data/image/Orthomosaico.tif", "Farm": "data" }, "geometry": { "type": "LineString", "coordinates": [ [ -40.25668701, -18.16872203 ], [ -40.2566559, -18.16874178 ], [ -40.25662381, -18.16876088 ], [ -40.25651044, -18.16882616 ], [ -40.25643702, -18.16886726 ], [ -40.25634834, -18.16891916 ], [ -40.2562262, -18.16898802 ], [ -40.25606197, -18.16907755 ], [ -40.25589951, -18.16916999 ], [ -40.25577007, -18.16924479 ], [ -40.25559056, -18.16934517 ], [ -40.25551645, -18.16938513 ], [ -40.25541933, -18.16944115 ], [ -40.25532167, -18.16949633 ], [ -40.2551603, -18.1695905 ], [ -40.25511234, -18.16961945 ], [ -40.25504713, -18.16965605 ], [ -40.25489309, -18.16974434 ], [ -40.25467491, -18.16987097 ], [ -40.25461908, -18.16990493 ], [ -40.25447441, -18.16999055 ], [ -40.25437068, -18.17005355 ], [ -40.254298, -18.17009582 ], [ -40.25429017, -18.17010088 ], [ -40.25428215, -18.17010567 ], [ -40.25422527, -18.170138 ], [ -40.25420801, -18.17014712 ] ] } },
{ "type": "Feature", "properties": { "Field": "001", "Length": 307.27619924293089, "Image": "/home/ubuntu/bemagro/data/image/Orthomosaico.tif", "Farm": "data" }, "geometry": { "type": "LineString", "coordinates": [ [ -40.25667819, -18.16871008 ], [ -40.25663082, -18.16873906 ], [ -40.25654209, -18.1687909 ], [ -40.25646043, -18.16883642 ], [ -40.25637189, -18.16888854 ], [ -40.25623398, -18.16896742 ], [ -40.25608663, -18.16904876 ], [ -40.25604539, -18.16907083 ], [ -40.25603722, -18.16907537 ], [ -40.25592381, -18.16914058 ], [ -40.25584233, -18.1691864 ], [ -40.25576966, -18.1692287 ], [ -40.25576152, -18.1692333 ], [ -40.25563862, -18.16930091 ], [ -40.25557346, -18.16933759 ], [ -40.25550767, -18.16937325 ], [ -40.25541829, -18.16942404 ], [ -40.25523228, -18.16953166 ], [ -40.25514286, -18.1695824 ], [ -40.25511072, -18.16960143 ], [ -40.25508642, -18.16961541 ], [ -40.25505446, -18.16963473 ], [ -40.2550464, -18.16963946 ], [ -40.25489241, -18.16972783 ], [ -40.25482004, -18.16977059 ], [ -40.2546824, -18.16984988 ], [ -40.25428973, -18.17008476 ], [ -40.25421661, -18.17012634 ], [ -40.25420832, -18.17013068 ], [ -40.25418864, -18.17014006 ] ] } },
{ "type": "Feature", "properties": { "Field": "001", "Length": 308.38556280003115, "Image": "/home/ubuntu/bemagro/data/image/Orthomosaico.tif", "Farm": "data" }, "geometry": { "type": "LineString", "coordinates": [ [ -40.25666953, -18.16869835 ], [ -40.25662199, -18.16872709 ], [ -40.25653331, -18.16877899 ], [ -40.25644369, -18.16882941 ], [ -40.25634673, -18.16888569 ], [ -40.25624922, -18.1689411 ], [ -40.25620908, -18.16896496 ], [ -40.25616016, -18.1689924 ], [ -40.25602038, -18.1690682 ], [ -40.25576904, -18.16921223 ], [ -40.25545018, -18.16938914 ], [ -40.25527189, -18.16949149 ], [ -40.25523168, -18.16951524 ], [ -40.25512591, -18.16957506 ], [ -40.25503765, -18.16962761 ], [ -40.25498875, -18.16965509 ], [ -40.25492448, -18.16969319 ], [ -40.2546657, -18.16984293 ], [ -40.25429748, -18.17006406 ], [ -40.25424056, -18.17009632 ], [ -40.25421572, -18.1701094 ], [ -40.25420772, -18.17011421 ], [ -40.2541907, -18.17012208 ], [ -40.25417113, -18.17013367 ] ] } },
{ "type": "Feature", "properties": { "Field": "001", "Length": 309.20298714952901, "Image": "/home/ubuntu/bemagro/data/image/Orthomosaico.tif", "Farm": "data" }, "geometry": { "type": "LineString", "coordinates": [ [ -40.25666124, -18.16868712 ], [ -40.25652363, -18.16876732 ], [ -40.25645015, -18.16880833 ], [ -40.25622302, -18.16893824 ], [ -40.2560268, -18.16904711 ], [ -40.25575104, -18.16920494 ], [ -40.2554569, -18.16936855 ], [ -40.25536768, -18.16941961 ], [ -40.25527896, -18.16947147 ], [ -40.25510861, -18.1695689 ], [ -40.25506044, -18.16959752 ], [ -40.25495473, -18.16965744 ], [ -40.25489836, -18.16969056 ], [ -40.25484123, -18.16972248 ], [ -40.25477745, -18.16976133 ], [ -40.25468826, -18.16981244 ], [ -40.25459979, -18.16986467 ], [ -40.25441612, -18.1699759 ], [ -40.25431975, -18.17003311 ], [ -40.25430407, -18.1700432 ], [ -40.25423101, -18.17008488 ], [ -40.25419072, -18.17010851 ], [ -40.25417507, -18.17011864 ], [ -40.2541577, -18.17012878 ] ] } },
{ "type": "Feature", "properties": { "Field": "001", "Length": 310.20098921158217, "Image": "/home/ubuntu/bemagro/data/image/Orthomosaico.tif", "Farm": "data" }, "geometry": { "type": "LineString", "coordinates": [ [ -40.25665314, -18.16867615 ], [ -40.25662884, -18.16868922 ], [ -40.25662075, -18.16869389 ], [ -40.25653221, -18.16874601 ], [ -40.25642627, -18.16880555 ], [ -40.25620718, -18.16893072 ], [ -40.2560029, -18.16904432 ], [ -40.25573505, -18.16919717 ], [ -40.25553892, -18.16930619 ], [ -40.25539242, -18.16938894 ], [ -40.25507708, -18.16957152 ], [ -40.25497947, -18.16962677 ], [ -40.25481743, -18.16971988 ], [ -40.25476151, -18.1697537 ], [ -40.25468859, -18.16979561 ], [ -40.25458403, -18.16985734 ], [ -40.25433638, -18.1700071 ], [ -40.25428027, -18.17004063 ], [ -40.25425576, -18.17005428 ], [ -40.25422409, -18.17007402 ], [ -40.2541838, -18.17009764 ], [ -40.25416815, -18.17010778 ], [ -40.25414396, -18.17012192 ], [ -40.25414187, -18.170123 ] ] } },
{ "type": "Feature", "properties": { "Field": "001", "Length": 311.31510919292606, "Image": "/home/ubuntu/bemagro/data/image/Orthomosaico.tif", "Farm": "data" }, "geometry": { "type": "LineString", "coordinates": [ [ -40.25664419, -18.16866401 ], [ -40.25651554, -18.16873918 ], [ -40.25634435, -18.16883526 ], [ -40.25629597, -18.16886357 ], [ -40.25618225, -18.16892827 ], [ -40.25601062, -18.16902364 ], [ -40.2558973, -18.16908898 ], [ -40.25581563, -18.16913449 ], [ -40.25571011, -18.16919471 ], [ -40.25557928, -18.16926726 ], [ -40.25540002, -18.16936805 ], [ -40.25530272, -18.16942381 ], [ -40.25509291, -18.16954619 ], [ -40.25499518, -18.16960123 ], [ -40.25481688, -18.16970358 ], [ -40.25475288, -18.16974208 ], [ -40.25469598, -18.16977438 ], [ -40.25454365, -18.16986535 ], [ -40.25450314, -18.16988862 ], [ -40.2543433, -18.16998515 ], [ -40.2542959, -18.17001493 ], [ -40.25424713, -18.17004261 ], [ -40.25420737, -18.17006704 ], [ -40.25419112, -18.17007628 ], [ -40.25415985, -18.1700966 ], [ -40.25413565, -18.17011073 ], [ -40.2541243, -18.1701166 ] ] } },
{ "type": "Feature", "properties": { "Field": "001", "Length": 312.45901478512212, "Image": "/home/ubuntu/bemagro/data/image/Orthomosaico.tif", "Farm": "data" }, "geometry": { "type": "LineString", "coordinates": [ [ -40.25663638, -18.16865344 ], [ -40.25659591, -18.16867588 ], [ -40.2565234, -18.16871843 ], [ -40.25651528, -18.16872305 ], [ -40.25631168, -18.16883776 ], [ -40.25622269, -18.16888917 ], [ -40.25604333, -18.1689898 ], [ -40.25599404, -18.16901664 ], [ -40.25594573, -18.16904505 ], [ -40.25571005, -18.1691789 ], [ -40.25560353, -18.16923749 ], [ -40.25539977, -18.16935194 ], [ -40.25527008, -18.16942633 ], [ -40.25511694, -18.16951605 ], [ -40.25508419, -18.16953411 ], [ -40.25501954, -18.16957162 ], [ -40.25496217, -18.16960314 ], [ -40.25495406, -18.16960778 ], [ -40.25480048, -18.16969681 ], [ -40.25474435, -18.16973031 ], [ -40.25467927, -18.16976714 ], [ -40.25454339, -18.16984917 ], [ -40.25447071, -18.16989143 ], [ -40.254359, -18.16995928 ], [ -40.2543186, -18.16998273 ], [ -40.25426307, -18.17001714 ], [ -40.2541825, -18.1700644 ], [ -40.25415124, -18.17008473 ], [ -40.25414326, -18.17008958 ], [ -40.25412719, -18.1700991 ], [ -40.25411884, -18.17010332 ], [ -40.25410645, -18.17011009 ] ] } },
{ "type": "Feature", "properties": { "Field": "001", "Length": 313.73761732068107, "Image": "/home/ubuntu/bemagro/data/image/Orthomosaico.tif", "Farm": "data" }, "geometry": { "type": "LineString", "coordinates": [ [ -40.25662685, -18.16864052 ], [ -40.25651453, -18.16870658 ], [ -40.2562304, -18.16886863 ], [ -40.25607538, -18.16895534 ], [ -40.25602672, -18.1689832 ], [ -40.2559775, -18.16901014 ], [ -40.25590473, -18.16905228 ], [ -40.25577451, -18.16912583 ], [ -40.25572599, -18.1691539 ], [ -40.25559508, -18.16922633 ], [ -40.25553822, -18.16925869 ], [ -40.2554483, -18.16930861 ], [ -40.2553264, -18.16937785 ], [ -40.25510022, -18.16950927 ], [ -40.25501898, -18.16955547 ], [ -40.25494513, -18.16959586 ], [ -40.25480009, -18.16968091 ], [ -40.25474414, -18.1697147 ], [ -40.25467072, -18.16975578 ], [ -40.25455879, -18.16982328 ], [ -40.2544459, -18.16988931 ], [ -40.25434229, -18.16995249 ], [ -40.25428599, -18.16998573 ], [ -40.25424672, -18.17001088 ], [ -40.25418215, -18.1700485 ], [ -40.25413442, -18.1700778 ], [ -40.25412614, -18.17008215 ], [ -40.25411758, -18.170086 ], [ -40.25410913, -18.17009004 ], [ -40.25408644, -18.17010286 ] ] } },
{ "type": "Feature", "properties": { "Field": "001", "Length": 315.15403405570379, "Image": "/home/ubuntu/bemagro/data/image/Orthomosaico.tif", "Farm": "data" }, "geometry": { "type": "LineString", "coordinates": [ [ -40.2566191, -18.16863003 ], [ -40.25657856, -18.16865236 ], [ -40.25648192, -18.16870914 ], [ -40.25644111, -18.16873193 ], [ -40.25636832, -18.16877404 ], [ -40.25631932, -18.16880134 ], [ -40.25627086, -18.16882952 ], [ -40.2561241, -18.16891183 ], [ -40.25605105, -18.16895353 ], [ -40.25596115, -18.16900348 ], [ -40.25569328, -18.1691563 ], [ -40.25556241, -18.16922879 ], [ -40.25534248, -18.16935261 ], [ -40.25526984, -18.16939496 ], [ -40.25521284, -18.16942709 ], [ -40.25509186, -18.16949779 ], [ -40.25492057, -18.16959371 ], [ -40.25475997, -18.16968907 ], [ -40.25466258, -18.16974468 ], [ -40.25455847, -18.1698071 ], [ -40.25448521, -18.16984844 ], [ -40.25447719, -18.16985322 ], [ -40.25432622, -18.16994624 ], [ -40.25426955, -18.1699789 ], [ -40.25423794, -18.16999874 ], [ -40.25421373, -18.17001285 ], [ -40.25417386, -18.17003713 ], [ -40.25416576, -18.17004178 ], [ -40.25410852, -18.17007351 ], [ -40.25406644, -18.17009788 ] ] } },
{ "type": "Feature", "properties": { "Field": "001", "Length": 316.54983837497599, "Image": "/home/ubuntu/bemagro/data/image/Orthomosaico.tif", "Farm": "data" }, "geometry": { "type": "LineString", "coordinates": [ [ -40.25661089, -18.1686189 ], [ -40.25658641, -18.16863166 ], [ -40.25657824, -18.16863621 ], [ -40.25650573, -18.16867875 ], [ -40.2563268, -18.16878008 ], [ -40.25625415, -18.16882241 ], [ -40.25587142, -18.16903811 ], [ -40.25574131, -18.16911184 ], [ -40.25569284, -18.16913999 ], [ -40.25539073, -18.16930848 ], [ -40.25530955, -18.16935478 ], [ -40.25524513, -18.16939265 ], [ -40.2551881, -18.16942473 ], [ -40.25510762, -18.16947213 ], [ -40.2550995, -18.16947677 ], [ -40.25495259, -18.16955883 ], [ -40.25480768, -18.16964409 ], [ -40.25468645, -18.1697144 ], [ -40.25455, -18.16979556 ], [ -40.25448495, -18.16983243 ], [ -40.25447689, -18.16983716 ], [ -40.25438897, -18.16989023 ], [ -40.25433374, -18.16992507 ], [ -40.25432572, -18.16992985 ], [ -40.25426879, -18.1699621 ], [ -40.25426074, -18.16996684 ], [ -40.25418099, -18.17001535 ], [ -40.25417292, -18.17002006 ], [ -40.25408342, -18.17007066 ], [ -40.25407538, -18.17007541 ], [ -40.25404673, -18.17009297 ] ] } },
{ "type": "Feature", "properties": { "Field": "001", "Length": 317.82716189581089, "Image": "/home/ubuntu/bemagro/data/image/Orthomosaico.tif", "Farm": "data" }, "geometry": { "type": "LineString", "coordinates": [ [ -40.25660169, -18.16860644 ], [ -40.25646471, -18.16868589 ], [ -40.25639129, -18.16872699 ], [ -40.25622919, -18.16882001 ], [ -40.25592782, -18.1689897 ], [ -40.25584652, -18.16903582 ], [ -40.25579813, -18.1690641 ], [ -40.2557572, -18.16908669 ], [ -40.2556842, -18.16912846 ], [ -40.25559438, -18.16917855 ], [ -40.25556962, -18.16919176 ], [ -40.25550469, -18.16922884 ], [ -40.25536586, -18.16930621 ], [ -40.25522023, -18.16939035 ], [ -40.25515517, -18.16942719 ], [ -40.25510705, -18.1694559 ], [ -40.25500139, -18.16951589 ], [ -40.25495218, -18.16954284 ], [ -40.25467793, -18.16970306 ], [ -40.2545738, -18.16976545 ], [ -40.25454933, -18.16977915 ], [ -40.25440445, -18.16986445 ], [ -40.25436436, -18.16988839 ], [ -40.25435639, -18.16989325 ], [ -40.25434084, -18.16990353 ], [ -40.25430087, -18.16992764 ], [ -40.25422805, -18.1699697 ], [ -40.25418041, -18.16999913 ], [ -40.2541159, -18.17003685 ], [ -40.2540833, -18.17005516 ], [ -40.25402837, -18.1700884 ] ] } },
{ "type": "Feature", "properties": { "Field": "001", "Length": 319.07180965652145, "Image": "/home/ubuntu/bemagro/data/image/Orthomosaico.tif", "Farm": "data" }, "geometry": { "type": "LineString", "coordinates": [ [ -40.25401041, -18.17008394 ], [ -40.25406619, -18.17004854 ], [ -40.25412314, -18.17001633 ], [ -40.25423503, -18.16994878 ], [ -40.25429171, -18.16991613 ], [ -40.25437905, -18.16986218 ], [ -40.2544195, -18.1698388 ], [ -40.25452361, -18.16977638 ], [ -40.25457249, -18.16974888 ], [ -40.25467673, -18.16968667 ], [ -40.2547415, -18.16964935 ], [ -40.25483804, -18.1695924 ], [ -40.25492711, -18.16954111 ], [ -40.255017, -18.16949114 ], [ -40.25529139, -18.16933114 ], [ -40.2553648, -18.16929004 ], [ -40.25544583, -18.16924349 ], [ -40.25564214, -18.16913477 ], [ -40.25585312, -18.16901425 ], [ -40.2558779, -18.16900107 ], [ -40.25595912, -18.16895483 ], [ -40.25600824, -18.16892771 ], [ -40.25608113, -18.16888577 ], [ -40.25621977, -18.16880809 ], [ -40.25637366, -18.16871955 ], [ -40.25647143, -18.16866456 ], [ -40.2565438, -18.1686218 ], [ -40.25657531, -18.16860182 ], [ -40.25659139, -18.16859249 ] ] } },
{ "type": "Feature", "properties": { "Field": "001", "Length": 320.40826239294682, "Image": "/home/ubuntu/bemagro/data/image/Orthomosaico.tif", "Farm": "data" }, "geometry": { "type": "LineString", "coordinates": [ [ -40.256583, -18.16858111 ], [ -40.25656732, -18.16859038 ], [ -40.25652765, -18.16861494 ], [ -40.25651965, -18.16861976 ], [ -40.25646324, -18.16865282 ], [ -40.25641452, -18.16868057 ], [ -40.25634906, -18.16871678 ], [ -40.25627646, -18.16875918 ], [ -40.25611399, -18.16885161 ], [ -40.25604862, -18.16888796 ], [ -40.25598384, -18.16892526 ], [ -40.25583683, -18.16900717 ], [ -40.2556339, -18.16912296 ], [ -40.25558466, -18.16914985 ], [ -40.2554788, -18.16920953 ], [ -40.2554378, -18.16923201 ], [ -40.25535672, -18.16927847 ], [ -40.25528332, -18.16931958 ], [ -40.25509751, -18.16942752 ], [ -40.25502528, -18.16947049 ], [ -40.25501719, -18.16947517 ], [ -40.25483812, -18.16957627 ], [ -40.25470934, -18.16965209 ], [ -40.25466062, -18.16967986 ], [ -40.25456434, -18.16973719 ], [ -40.25449952, -18.16977444 ], [ -40.25442752, -18.16981777 ], [ -40.25437095, -18.16985058 ], [ -40.25433106, -18.16987482 ], [ -40.25429974, -18.16989507 ], [ -40.25429178, -18.16989993 ], [ -40.2542271, -18.16993741 ], [ -40.25412302, -18.16999986 ], [ -40.25405837, -18.17003737 ], [ -40.25402659, -18.17005696 ], [ -40.25399144, -18.17007921 ] ] } },
{ "type": "Feature", "properties": { "Field": "001", "Length": 321.69882505682602, "Image": "/home/ubuntu/bemagro/data/image/Orthomosaico.tif", "Farm": "data" }, "geometry": { "type": "LineString", "coordinates": [ [ -40.25657453, -18.16856964 ], [ -40.25655894, -18.16857904 ], [ -40.25651931, -18.16860366 ], [ -40.25644668, -18.16864602 ], [ -40.25634071, -18.16870551 ], [ -40.25625998, -18.16875252 ], [ -40.25625187, -18.16875716 ], [ -40.25623538, -18.168766 ], [ -40.25613813, -18.16882183 ], [ -40.25594273, -18.16893204 ], [ -40.25593458, -18.16893661 ], [ -40.25589348, -18.16895893 ], [ -40.25569842, -18.16906969 ], [ -40.25564998, -18.16909788 ], [ -40.25556797, -18.16914284 ], [ -40.25549502, -18.16918469 ], [ -40.25542128, -18.16922525 ], [ -40.25515359, -18.16937836 ], [ -40.25496822, -18.16948698 ], [ -40.2548137, -18.16957451 ], [ -40.25466836, -18.1696591 ], [ -40.25454002, -18.16973561 ], [ -40.25448363, -18.16976871 ], [ -40.25445914, -18.16978238 ], [ -40.25441123, -18.16981139 ], [ -40.25434657, -18.16984889 ], [ -40.25425877, -18.16990214 ], [ -40.25422652, -18.16992102 ], [ -40.25417091, -18.16995531 ], [ -40.25407429, -18.17001212 ], [ -40.25401864, -18.17004635 ], [ -40.25399494, -18.17006124 ], [ -40.25397305, -18.17007463 ] ] } },
{ "type": "Feature", "properties": { "Field": "001", "Length": 323.02235535373558, "Image": "/home/ubuntu/bemagro/data/image/Orthomosaico.tif", "Farm": "data" }, "geometry": { "type": "LineString", "coordinates": [ [ -40.25656697, -18.16855939 ], [ -40.25652733, -18.16858316 ], [ -40.25642202, -18.16864371 ], [ -40.25633237, -18.16869408 ], [ -40.25622737, -18.16875511 ], [ -40.25618649, -18.16877779 ], [ -40.25612176, -18.16881518 ], [ -40.25601556, -18.16887429 ], [ -40.25592637, -18.16892539 ], [ -40.25581199, -18.16898903 ], [ -40.25573931, -18.16903131 ], [ -40.25566584, -18.16907231 ], [ -40.25561741, -18.16910053 ], [ -40.25552721, -18.16915 ], [ -40.25549489, -18.16916876 ], [ -40.25533993, -18.16925557 ], [ -40.25512118, -18.16938128 ], [ -40.25498439, -18.16946191 ], [ -40.25475698, -18.16959138 ], [ -40.25453986, -18.16971966 ], [ -40.25443488, -18.16978072 ], [ -40.2542582, -18.16988559 ], [ -40.25425019, -18.16989039 ], [ -40.25417094, -18.16993965 ], [ -40.25410624, -18.16997709 ], [ -40.25395437, -18.17006999 ] ] } },
{ "type": "Feature", "properties": { "Field": "001", "Length": 324.35213155752217, "Image": "/home/ubuntu/bemagro/data/image/Orthomosaico.tif", "Farm": "data" }, "geometry": { "type": "LineString", "coordinates": [ [ -40.25655885, -18.1685484 ], [ -40.25625953, -18.16872051 ], [ -40.25593419, -18.1689047 ], [ -40.25583616, -18.16895926 ], [ -40.25574712, -18.16901061 ], [ -40.25568176, -18.16904698 ], [ -40.25561693, -18.1690842 ], [ -40.25536411, -18.16922585 ], [ -40.25522631, -18.1693049 ], [ -40.25516991, -18.16933799 ], [ -40.25512107, -18.16936555 ], [ -40.25496808, -18.16945551 ], [ -40.25490275, -18.16949193 ], [ -40.25481352, -18.16954296 ], [ -40.25478144, -18.16956209 ], [ -40.25469229, -18.16961326 ], [ -40.25462817, -18.1696516 ], [ -40.25461177, -18.16966059 ], [ -40.25451549, -18.16971793 ], [ -40.25436224, -18.16980748 ], [ -40.25421782, -18.16989349 ], [ -40.25416236, -18.16992799 ], [ -40.25404183, -18.1699994 ], [ -40.25398651, -18.17003411 ], [ -40.25395411, -18.17005274 ], [ -40.25393878, -18.17006331 ], [ -40.2539356, -18.17006531 ] ] } },
{ "type": "Feature", "properties": { "Field": "001", "Length": 325.61683651452614, "Image": "/home/ubuntu/bemagro/data/image/Orthomosaico.tif", "Farm": "data" }, "geometry": { "type": "LineString", "coordinates": [ [ -40.25655051, -18.1685371 ], [ -40.25625929, -18.16870454 ], [ -40.25614507, -18.16876844 ], [ -40.25594203, -18.16888404 ], [ -40.25586838, -18.16892476 ], [ -40.25562487, -18.16906372 ], [ -40.25535568, -18.16921442 ], [ -40.25507256, -18.16937809 ], [ -40.25500041, -18.16942118 ], [ -40.25478107, -18.16954595 ], [ -40.25467598, -18.16960684 ], [ -40.25460361, -18.1696496 ], [ -40.25457919, -18.16966338 ], [ -40.25453126, -18.16969238 ], [ -40.25442657, -18.16975391 ], [ -40.25438599, -18.16977707 ], [ -40.25424155, -18.16986305 ], [ -40.25408221, -18.16996033 ], [ -40.25407421, -18.16996515 ], [ -40.25402584, -18.16999346 ], [ -40.25401785, -18.16999829 ], [ -40.25397862, -18.1700235 ], [ -40.25397065, -18.17002835 ], [ -40.25395422, -18.1700373 ], [ -40.25394621, -18.1700421 ], [ -40.25393864, -18.17004751 ], [ -40.25393093, -18.17005274 ], [ -40.25391765, -18.17006084 ] ] } },
{ "type": "Feature", "properties": { "Field": "001", "Length": 326.85088362233762, "Image": "/home/ubuntu/bemagro/data/image/Orthomosaico.tif", "Farm": "data" }, "geometry": { "type": "LineString", "coordinates": [ [ -40.25654162, -18.16852505 ], [ -40.25620994, -18.16871586 ], [ -40.25612821, -18.16876126 ], [ -40.25594972, -18.16886329 ], [ -40.25578639, -18.16895432 ], [ -40.2557138, -18.16899675 ], [ -40.25557526, -18.16907459 ], [ -40.25553494, -18.16909817 ], [ -40.25536334, -18.16919358 ], [ -40.25525048, -18.16925965 ], [ -40.25504817, -18.16937643 ], [ -40.25497589, -18.16941933 ], [ -40.2548456, -18.16949277 ], [ -40.25456203, -18.16965572 ], [ -40.25450603, -18.16968941 ], [ -40.25435277, -18.16977895 ], [ -40.25426473, -18.16983184 ], [ -40.25407363, -18.16994874 ], [ -40.25401743, -18.16998213 ], [ -40.25394617, -18.17002657 ], [ -40.25389996, -18.17005644 ] ] } },
{ "type": "Feature", "properties": { "Field": "001", "Length": 328.07658758585188, "Image": "/home/ubuntu/bemagro/data/image/Orthomosaico.tif", "Farm": "data" }, "geometry": { "type": "LineString", "coordinates": [ [ -40.25653337, -18.16851388 ], [ -40.25650815, -18.16852754 ], [ -40.2564761, -18.16854671 ], [ -40.25637056, -18.16860689 ], [ -40.25628985, -18.16865394 ], [ -40.25617604, -18.16871852 ], [ -40.25614313, -18.16873631 ], [ -40.25597291, -18.16883395 ], [ -40.2558747, -18.16888823 ], [ -40.25575277, -18.16895742 ], [ -40.25571268, -18.16898135 ], [ -40.25564733, -18.16901775 ], [ -40.25561506, -18.16903658 ], [ -40.25533773, -18.16919188 ], [ -40.25521707, -18.16926307 ], [ -40.2551358, -18.16930923 ], [ -40.25503885, -18.16936553 ], [ -40.25495046, -18.16941789 ], [ -40.2548444, -18.16947723 ], [ -40.25477987, -18.16951494 ], [ -40.25472275, -18.16954686 ], [ -40.25457696, -18.16963074 ], [ -40.25453701, -18.16965489 ], [ -40.25444797, -18.16970624 ], [ -40.25435141, -18.16976314 ], [ -40.25419148, -18.16985954 ], [ -40.25406445, -18.16993802 ], [ -40.25404021, -18.1699521 ], [ -40.25398452, -18.16998626 ], [ -40.25388265, -18.17005213 ] ] } },
{ "type": "Feature", "properties": { "Field": "001", "Length": 329.5008758015702, "Image": "/home/ubuntu/bemagro/data/image/Orthomosaico.tif", "Farm": "data" }, "geometry": { "type": "LineString", "coordinates": [ [ -40.25652391, -18.16850106 ], [ -40.25645128, -18.16854253 ], [ -40.256363, -18.16859506 ], [ -40.25628207, -18.16864177 ], [ -40.2560214, -18.16878848 ], [ -40.2559647, -18.1688211 ], [ -40.25588288, -18.16886636 ], [ -40.25580989, -18.16890814 ], [ -40.2557527, -18.16893996 ], [ -40.25574461, -18.16894464 ], [ -40.25571264, -18.16896394 ], [ -40.2557045, -18.16896854 ], [ -40.25567141, -18.16898602 ], [ -40.25566323, -18.16899056 ], [ -40.25557445, -18.16904232 ], [ -40.25539481, -18.16914247 ], [ -40.25511165, -18.16930608 ], [ -40.25502345, -18.16935873 ], [ -40.25494281, -18.16940588 ], [ -40.25482862, -18.16946983 ], [ -40.25478015, -18.169498 ], [ -40.25469863, -18.16954375 ], [ -40.25457711, -18.16961359 ], [ -40.25448887, -18.16966619 ], [ -40.25431943, -18.16976506 ], [ -40.2541677, -18.16985694 ], [ -40.25411194, -18.169891 ], [ -40.25405703, -18.16992631 ], [ -40.25404905, -18.16993115 ], [ -40.25403281, -18.1699404 ], [ -40.25402477, -18.16994516 ], [ -40.25400093, -18.16995984 ], [ -40.25386237, -18.17004708 ] ] } },
{ "type": "Feature", "properties": { "Field": "001", "Length": 330.8108705677277, "Image": "/home/ubuntu/bemagro/data/image/Orthomosaico.tif", "Farm": "data" }, "geometry": { "type": "LineString", "coordinates": [ [ -40.25651539, -18.16848951 ], [ -40.25642655, -18.16854029 ], [ -40.25631403, -18.16860689 ], [ -40.25617611, -18.16868575 ], [ -40.25600453, -18.1687812 ], [ -40.25592357, -18.16882785 ], [ -40.25573604, -18.16893302 ], [ -40.25570393, -18.1689521 ], [ -40.25569583, -18.16895676 ], [ -40.2555407, -18.16904329 ], [ -40.25536187, -18.16914479 ], [ -40.25528936, -18.16918734 ], [ -40.25514346, -18.16927103 ], [ -40.2549345, -18.16939472 ], [ -40.25492637, -18.16939933 ], [ -40.25481978, -18.16945781 ], [ -40.25461708, -18.16957397 ], [ -40.25455248, -18.16961155 ], [ -40.25448045, -18.16965484 ], [ -40.25432693, -18.16974395 ], [ -40.2542553, -18.16978783 ], [ -40.25419909, -18.16982121 ], [ -40.25400808, -18.16993824 ], [ -40.25392964, -18.16998868 ], [ -40.25385822, -18.17003288 ], [ -40.25385059, -18.17003819 ], [ -40.2538442, -18.17004303 ] ] } },
{ "type": "Feature", "properties": { "Field": "001", "Length": 332.22329872114352, "Image": "/home/ubuntu/bemagro/data/image/Orthomosaico.tif", "Farm": "data" }, "geometry": { "type": "LineString", "coordinates": [ [ -40.25650635, -18.16847726 ], [ -40.25646539, -18.16850195 ], [ -40.2562231, -18.16864283 ], [ -40.25610927, -18.16870737 ], [ -40.25598648, -18.16877515 ], [ -40.25584853, -18.16885396 ], [ -40.25571808, -18.16892714 ], [ -40.25566961, -18.1689553 ], [ -40.25560398, -18.16899121 ], [ -40.25546604, -18.16907004 ], [ -40.25539245, -18.16911085 ], [ -40.25528751, -18.16917199 ], [ -40.25524672, -18.16919481 ], [ -40.25513354, -18.16926038 ], [ -40.2549246, -18.16938412 ], [ -40.25484254, -18.16942898 ], [ -40.25463926, -18.16954419 ], [ -40.25448672, -18.16963484 ], [ -40.25431712, -18.16973347 ], [ -40.25426144, -18.16976766 ], [ -40.25417313, -18.16982013 ], [ -40.25409372, -18.16986916 ], [ -40.25404547, -18.16989766 ], [ -40.25391994, -18.16997832 ], [ -40.25384842, -18.17002236 ], [ -40.25383361, -18.17003359 ], [ -40.25382497, -18.17003915 ] ] } },
{ "type": "Feature", "properties": { "Field": "001", "Length": 333.92382039174714, "Image": "/home/ubuntu/bemagro/data/image/Orthomosaico.tif", "Farm": "data" }, "geometry": { "type": "LineString", "coordinates": [ [ -40.25649741, -18.16846516 ], [ -40.25646637, -18.16848499 ], [ -40.25645833, -18.16848975 ], [ -40.25617549, -18.16865386 ], [ -40.2559713, -18.16876759 ], [ -40.25585782, -18.1688327 ], [ -40.25579239, -18.16886895 ], [ -40.2556626, -18.16894318 ], [ -40.25556449, -18.16899762 ], [ -40.25551563, -18.16902515 ], [ -40.25545108, -18.16906282 ], [ -40.25539375, -18.1690944 ], [ -40.25526427, -18.16916914 ], [ -40.25522337, -18.16919179 ], [ -40.25518311, -18.16921545 ], [ -40.2551262, -18.16924774 ], [ -40.2549579, -18.16934838 ], [ -40.25480298, -18.16943525 ], [ -40.25461605, -18.1695414 ], [ -40.2544796, -18.16962256 ], [ -40.2543585, -18.16969307 ], [ -40.25423041, -18.16976996 ], [ -40.25421405, -18.16977901 ], [ -40.25420603, -18.1697838 ], [ -40.25399892, -18.16991031 ], [ -40.25394448, -18.16994627 ], [ -40.25391299, -18.16996628 ], [ -40.25380182, -18.17003449 ] ] } },
{ "type": "Feature", "properties": { "Field": "001", "Length": 335.2225903455311, "Image": "/home/ubuntu/bemagro/data/image/Orthomosaico.tif", "Farm": "data" }, "geometry": { "type": "LineString", "coordinates": [ [ -40.25649012, -18.16845529 ], [ -40.25642546, -18.16849188 ], [ -40.25615886, -18.16864673 ], [ -40.255963, -18.1687562 ], [ -40.25573572, -18.16888588 ], [ -40.25563786, -18.16894073 ], [ -40.25562181, -18.16895027 ], [ -40.25561366, -18.16895485 ], [ -40.25554818, -18.16899101 ], [ -40.25544287, -18.16905156 ], [ -40.25539374, -18.16907866 ], [ -40.25537775, -18.1690883 ], [ -40.25536963, -18.16909293 ], [ -40.2553044, -18.1691295 ], [ -40.25525594, -18.16915769 ], [ -40.2551502, -18.16921754 ], [ -40.25502171, -18.16929382 ], [ -40.25490867, -18.16935961 ], [ -40.25462372, -18.16952035 ], [ -40.25448729, -18.16960154 ], [ -40.25439031, -18.16965779 ], [ -40.25425419, -18.16973945 ], [ -40.25418969, -18.1697772 ], [ -40.25412634, -18.16981668 ], [ -40.25399851, -18.16989396 ], [ -40.2539203, -18.16994473 ], [ -40.25383326, -18.16999912 ], [ -40.25380999, -18.17001461 ], [ -40.2537842, -18.17003094 ] ] } },
{ "type": "Feature", "properties": { "Field": "001", "Length": 336.83610044644757, "Image": "/home/ubuntu/bemagro/data/image/Orthomosaico.tif", "Farm": "data" }, "geometry": { "type": "LineString", "coordinates": [ [ -40.25648172, -18.1684439 ], [ -40.25645756, -18.16845721 ], [ -40.25636871, -18.16850885 ], [ -40.2563118, -18.16854112 ], [ -40.25620723, -18.16860283 ], [ -40.25615861, -18.16863076 ], [ -40.25598711, -18.16872633 ], [ -40.25563798, -18.16892534 ], [ -40.25556427, -18.16896595 ], [ -40.25538571, -18.16906788 ], [ -40.25527166, -18.16913205 ], [ -40.25515003, -18.16920172 ], [ -40.25494878, -18.16932016 ], [ -40.25482664, -18.16938902 ], [ -40.25472127, -18.16944947 ], [ -40.25463149, -18.16949962 ], [ -40.25451916, -18.16956652 ], [ -40.25439007, -18.16964187 ], [ -40.25415727, -18.16978026 ], [ -40.2540941, -18.16982 ], [ -40.25397469, -18.16989311 ], [ -40.25393556, -18.16991846 ], [ -40.25379355, -18.17000805 ], [ -40.25378561, -18.17001296 ], [ -40.25376231, -18.17002653 ] ] } },
{ "type": "Feature", "properties": { "Field": "001", "Length": 338.50597432995636, "Image": "/home/ubuntu/bemagro/data/image/Orthomosaico.tif", "Farm": "data" }, "geometry": { "type": "LineString", "coordinates": [ [ -40.25647368, -18.168433 ], [ -40.25644093, -18.16845014 ], [ -40.25643279, -18.16845474 ], [ -40.25631131, -18.16852466 ], [ -40.25621481, -18.16858166 ], [ -40.25615, -18.16861891 ], [ -40.25592954, -18.16874186 ], [ -40.2558164, -18.1688075 ], [ -40.25575927, -18.16883941 ], [ -40.25562958, -18.16891381 ], [ -40.25555583, -18.16895437 ], [ -40.25551539, -18.16897775 ], [ -40.2553441, -18.16907368 ], [ -40.25514175, -18.16919038 ], [ -40.25492394, -18.16931757 ], [ -40.25462302, -18.169488 ], [ -40.25444629, -18.16959279 ], [ -40.25433333, -18.16965872 ], [ -40.25415682, -18.16976385 ], [ -40.25397414, -18.16987656 ], [ -40.2539192, -18.16991182 ], [ -40.25384791, -18.1699562 ], [ -40.25381696, -18.16997697 ], [ -40.25380896, -18.16998178 ], [ -40.25373989, -18.17002202 ] ] } },
{ "type": "Feature", "properties": { "Field": "001", "Length": 339.70367733144656, "Image": "/home/ubuntu/bemagro/data/image/Orthomosaico.tif", "Farm": "data" }, "geometry": { "type": "LineString", "coordinates": [ [ -40.25646472, -18.16842087 ], [ -40.25641618, -18.16844803 ], [ -40.25619, -18.16857945 ], [ -40.25610073, -18.16863043 ], [ -40.25592091, -18.16873031 ], [ -40.25582397, -18.16878662 ], [ -40.25571815, -18.16884636 ], [ -40.25561297, -18.16890711 ], [ -40.25551478, -18.16896141 ], [ -40.25530304, -18.16908072 ], [ -40.25489103, -18.16932004 ], [ -40.25482607, -18.16935706 ], [ -40.25478501, -18.16937943 ], [ -40.25458213, -18.16949531 ], [ -40.25442963, -18.16958601 ], [ -40.25436489, -18.16962337 ], [ -40.25427651, -18.16967574 ], [ -40.25410847, -18.16977679 ], [ -40.2539658, -18.16986543 ], [ -40.25392575, -18.16988942 ], [ -40.25387085, -18.16992473 ], [ -40.25386297, -18.16992972 ], [ -40.25383908, -18.16994434 ], [ -40.25376083, -18.16999504 ], [ -40.25375296, -18.17 ], [ -40.25373702, -18.17000976 ], [ -40.25372331, -18.17001868 ] ] } },
{ "type": "Feature", "properties": { "Field": "001", "Length": 341.2422539472409, "Image": "/home/ubuntu/bemagro/data/image/Orthomosaico.tif", "Farm": "data" }, "geometry": { "type": "LineString", "coordinates": [ [ -40.25645564, -18.16840857 ], [ -40.25613248, -18.16859537 ], [ -40.25590392, -18.16872299 ], [ -40.2558557, -18.16875152 ], [ -40.25572567, -18.16882538 ], [ -40.25560428, -18.16889543 ], [ -40.25548972, -18.16895879 ], [ -40.25536785, -18.16902808 ], [ -40.25529416, -18.16906872 ], [ -40.25522103, -18.16911028 ], [ -40.25508374, -18.16919013 ], [ -40.25498722, -18.16924711 ], [ -40.25482516, -18.16934018 ], [ -40.25462149, -18.16945478 ], [ -40.25454107, -18.16950227 ], [ -40.25446811, -18.16954411 ], [ -40.25433996, -18.1696209 ], [ -40.25427545, -18.16965864 ], [ -40.25423578, -18.1696832 ], [ -40.254028, -18.1698087 ], [ -40.25391688, -18.16987741 ], [ -40.2538543, -18.16991801 ], [ -40.25380692, -18.16994781 ], [ -40.25379909, -18.16995288 ], [ -40.2537837, -18.16996338 ], [ -40.25377591, -18.16996848 ], [ -40.25372801, -18.16999753 ], [ -40.2537124, -18.17000772 ], [ -40.25370242, -18.17001447 ] ] } },
{ "type": "Feature", "properties": { "Field": "001", "Length": 342.69697696615486, "Image": "/home/ubuntu/bemagro/data/image/Orthomosaico.tif", "Farm": "data" }, "geometry": { "type": "LineString", "coordinates": [ [ -40.25644691, -18.16839674 ], [ -40.256294, -18.16848595 ], [ -40.25612387, -18.16858374 ], [ -40.25606652, -18.16861529 ], [ -40.25590356, -18.16870692 ], [ -40.25562017, -18.16887015 ], [ -40.25553861, -18.16891584 ], [ -40.25541571, -18.16898345 ], [ -40.25535089, -18.1690207 ], [ -40.25522871, -18.16908949 ], [ -40.25510723, -18.16915939 ], [ -40.25490565, -18.16927732 ], [ -40.25484037, -18.16931382 ], [ -40.25471882, -18.16938361 ], [ -40.25464523, -18.16942442 ], [ -40.25463712, -18.16942907 ], [ -40.25454067, -18.16948615 ], [ -40.25443556, -18.16954702 ], [ -40.25428285, -18.16963741 ], [ -40.25405117, -18.1697775 ], [ -40.2539005, -18.16987096 ], [ -40.25380624, -18.16993129 ], [ -40.2537675, -18.16995717 ], [ -40.25375961, -18.16996215 ], [ -40.25372753, -18.16998129 ], [ -40.25371964, -18.16998627 ], [ -40.2536826, -18.17001048 ] ] } },
{ "type": "Feature", "properties": { "Field": "001", "Length": 343.94949899046196, "Image": "/home/ubuntu/bemagro/data/image/Orthomosaico.tif", "Farm": "data" }, "geometry": { "type": "LineString", "coordinates": [ [ -40.25643816, -18.16838489 ], [ -40.25618011, -18.16853491 ], [ -40.25584646, -18.16872344 ], [ -40.25562824, -18.16884998 ], [ -40.25539092, -18.16898117 ], [ -40.25524525, -18.16906524 ], [ -40.25510679, -18.16914322 ], [ -40.25489708, -18.16926574 ], [ -40.25481564, -18.16931164 ], [ -40.25474294, -18.16935388 ], [ -40.25466914, -18.16939433 ], [ -40.25461233, -18.16942678 ], [ -40.25454064, -18.16947057 ], [ -40.25437055, -18.16956842 ], [ -40.25436252, -18.1695732 ], [ -40.25412252, -18.16971762 ], [ -40.25405087, -18.16976147 ], [ -40.25400252, -18.16978983 ], [ -40.25382901, -18.16989943 ], [ -40.25369625, -18.16998598 ], [ -40.25366536, -18.17000683 ] ] } },
{ "type": "Feature", "properties": { "Field": "001", "Length": 344.8650035970557, "Image": "/home/ubuntu/bemagro/data/image/Orthomosaico.tif", "Farm": "data" }, "geometry": { "type": "LineString", "coordinates": [ [ -40.2564301, -18.16837396 ], [ -40.25633345, -18.16842987 ], [ -40.25626016, -18.16847118 ], [ -40.25617182, -18.1685236 ], [ -40.25608198, -18.16857366 ], [ -40.25582199, -18.16872148 ], [ -40.25581389, -18.16872614 ], [ -40.25577379, -18.16875005 ], [ -40.25563616, -18.16882937 ], [ -40.25539888, -18.16896061 ], [ -40.25514752, -18.16910462 ], [ -40.25513939, -18.16910925 ], [ -40.25509841, -18.16913175 ], [ -40.25495307, -18.16921634 ], [ -40.25488883, -18.16925449 ], [ -40.25483986, -18.16928183 ], [ -40.25472648, -18.1693471 ], [ -40.25462842, -18.16940161 ], [ -40.25452415, -18.16946379 ], [ -40.25437797, -18.16954703 ], [ -40.25429047, -18.16960075 ], [ -40.25418597, -18.16966256 ], [ -40.25405842, -18.16974028 ], [ -40.25397812, -18.16978795 ], [ -40.25382065, -18.16988799 ], [ -40.25375799, -18.16992846 ], [ -40.25373485, -18.16994413 ], [ -40.25371078, -18.16995847 ], [ -40.25368719, -18.16997352 ], [ -40.25368107, -18.16997774 ], [ -40.25367824, -18.16998012 ], [ -40.2536544, -18.1700048 ] ] } },
{ "type": "Feature", "properties": { "Field": "001", "Length": 347.11846866120931, "Image": "/home/ubuntu/bemagro/data/image/Orthomosaico.tif", "Farm": "data" }, "geometry": { "type": "LineString", "coordinates": [ [ -40.25642202, -18.16836301 ], [ -40.25638128, -18.16838502 ], [ -40.25617121, -18.16850698 ], [ -40.25586234, -18.16868231 ], [ -40.25582957, -18.16870035 ], [ -40.25565997, -18.16879897 ], [ -40.25550515, -18.16888602 ], [ -40.25536599, -18.16896284 ], [ -40.25517148, -18.16907447 ], [ -40.25505748, -18.16913874 ], [ -40.25488051, -18.16924317 ], [ -40.25476649, -18.16930739 ], [ -40.25471804, -18.16933559 ], [ -40.25464428, -18.16937612 ], [ -40.25456351, -18.16942307 ], [ -40.25450745, -18.16945667 ], [ -40.25438598, -18.1695266 ], [ -40.25427412, -18.16959422 ], [ -40.25416141, -18.16966052 ], [ -40.25397005, -18.16977704 ], [ -40.25387572, -18.16983727 ], [ -40.2538202, -18.16987168 ], [ -40.25381233, -18.1698767 ], [ -40.25375739, -18.16991196 ], [ -40.25373428, -18.16992766 ], [ -40.25371021, -18.169942 ], [ -40.25370252, -18.16994725 ], [ -40.25367968, -18.16996333 ], [ -40.25362272, -18.16999842 ] ] } },
{ "type": "Feature", "properties": { "Field": "001", "Length": 348.64588004148641, "Image": "/home/ubuntu/bemagro/data/image/Orthomosaico.tif", "Farm": "data" }, "geometry": { "type": "LineString", "coordinates": [ [ -40.25641389, -18.16835201 ], [ -40.25636489, -18.16837839 ], [ -40.25625128, -18.16844328 ], [ -40.25617071, -18.16849054 ], [ -40.25581304, -18.16869351 ], [ -40.25561069, -18.16881021 ], [ -40.25533291, -18.16896477 ], [ -40.25528455, -18.16899311 ], [ -40.25505708, -18.16912247 ], [ -40.25504899, -18.16912716 ], [ -40.25501704, -18.16914648 ], [ -40.25492817, -18.16919809 ], [ -40.25486392, -18.16923623 ], [ -40.25479053, -18.16927737 ], [ -40.25470155, -18.16932881 ], [ -40.2546036, -18.1693835 ], [ -40.25445869, -18.16946876 ], [ -40.25437757, -18.16951516 ], [ -40.25431327, -18.16955322 ], [ -40.25425749, -18.16958724 ], [ -40.25412886, -18.16966331 ], [ -40.25404968, -18.16971267 ], [ -40.25394607, -18.16977585 ], [ -40.25387536, -18.16982107 ], [ -40.25378818, -18.16987525 ], [ -40.25371772, -18.16992083 ], [ -40.25369486, -18.16993688 ], [ -40.25368712, -18.16994207 ], [ -40.25365503, -18.16996118 ], [ -40.25360201, -18.16999425 ] ] } },
{ "type": "Feature", "properties": { "Field": "001", "Length": 350.15239600493175, "Image": "/home/ubuntu/bemagro/data/image/Orthomosaico.tif", "Farm": "data" }, "geometry": { "type": "LineString", "coordinates": [ [ -40.25640438, -18.16833912 ], [ -40.2563802, -18.1683524 ], [ -40.25635634, -18.16836704 ], [ -40.25633983, -18.16837585 ], [ -40.25633171, -18.16838048 ], [ -40.25622664, -18.16844141 ], [ -40.2561532, -18.16848247 ], [ -40.256105, -18.16851105 ], [ -40.25609689, -18.1685157 ], [ -40.25573137, -18.1687237 ], [ -40.25560205, -18.16879869 ], [ -40.2553974, -18.16891168 ], [ -40.2553159, -18.16895746 ], [ -40.25525963, -18.16899075 ], [ -40.25504036, -18.16911563 ], [ -40.25487158, -18.16921553 ], [ -40.25482255, -18.16924279 ], [ -40.25468484, -18.16932198 ], [ -40.25460338, -18.16936783 ], [ -40.25451463, -18.16941963 ], [ -40.25443328, -18.16946565 ], [ -40.25431214, -18.1695361 ], [ -40.25425644, -18.16957026 ], [ -40.2541362, -18.1696421 ], [ -40.25396911, -18.16974457 ], [ -40.25390585, -18.16978418 ], [ -40.25386695, -18.16980985 ], [ -40.25373238, -18.16989383 ], [ -40.25369333, -18.16991928 ], [ -40.25363786, -18.16995378 ], [ -40.25358135, -18.16999009 ] ] } },
{ "type": "Feature", "properties": { "Field": "001", "Length": 351.51924463995948, "Image": "/home/ubuntu/bemagro/data/image/Orthomosaico.tif", "Farm": "data" }, "geometry": { "type": "LineString", "coordinates": [ [ -40.2563952, -18.16832668 ], [ -40.25623408, -18.16842038 ], [ -40.25613634, -18.16847542 ], [ -40.25598261, -18.1685642 ], [ -40.25588494, -18.16861935 ], [ -40.2558366, -18.16864772 ], [ -40.25570639, -18.16872127 ], [ -40.25561757, -18.16877297 ], [ -40.25551168, -18.16883259 ], [ -40.25539687, -18.16889552 ], [ -40.2553072, -18.16894584 ], [ -40.25525893, -18.16897431 ], [ -40.25512881, -18.16904802 ], [ -40.2550398, -18.16909941 ], [ -40.25484682, -18.16921345 ], [ -40.25478145, -18.1692498 ], [ -40.25463577, -18.16933385 ], [ -40.25440022, -18.16946793 ], [ -40.25431943, -18.16951483 ], [ -40.25407164, -18.1696644 ], [ -40.25395249, -18.16973788 ], [ -40.25388938, -18.16977772 ], [ -40.25383484, -18.16981354 ], [ -40.25369234, -18.16990243 ], [ -40.25359811, -18.1699628 ], [ -40.2535626, -18.16998631 ] ] } },
{ "type": "Feature", "properties": { "Field": "001", "Length": 352.99638105871679, "Image": "/home/ubuntu/bemagro/data/image/Orthomosaico.tif", "Farm": "data" }, "geometry": { "type": "LineString", "coordinates": [ [ -40.2563862, -18.16831449 ], [ -40.25636204, -18.1683278 ], [ -40.2562251, -18.1684082 ], [ -40.25615985, -18.16844473 ], [ -40.25594116, -18.16857053 ], [ -40.25586786, -18.16861182 ], [ -40.25581134, -18.16864472 ], [ -40.25577045, -18.16866739 ], [ -40.25558428, -18.16877475 ], [ -40.25550285, -18.16882064 ], [ -40.25545334, -18.1688471 ], [ -40.25532263, -18.16891984 ], [ -40.25531449, -18.16892444 ], [ -40.25524193, -18.16896691 ], [ -40.25517661, -18.16900333 ], [ -40.25508773, -18.16905494 ], [ -40.255047, -18.16907785 ], [ -40.25496674, -18.1691256 ], [ -40.25482961, -18.1692057 ], [ -40.25474819, -18.16925162 ], [ -40.25466762, -18.16929887 ], [ -40.25454588, -18.16936839 ], [ -40.25443969, -18.16942752 ], [ -40.25435902, -18.16947462 ], [ -40.25423859, -18.16954618 ], [ -40.25401498, -18.16968156 ], [ -40.25386488, -18.16977586 ], [ -40.2537627, -18.16984113 ], [ -40.2537548, -18.16984609 ], [ -40.25371475, -18.16987008 ], [ -40.25354252, -18.16998227 ] ] } },
{ "type": "Feature", "properties": { "Field": "001", "Length": 354.48990832729095, "Image": "/home/ubuntu/bemagro/data/image/Orthomosaico.tif", "Farm": "data" }, "geometry": { "type": "LineString", "coordinates": [ [ -40.25637761, -18.16830285 ], [ -40.25621661, -18.16839672 ], [ -40.25587546, -18.16859089 ], [ -40.25581899, -18.16862385 ], [ -40.25575371, -18.16866035 ], [ -40.25568904, -18.16869784 ], [ -40.2556401, -18.16872524 ], [ -40.25556756, -18.16876773 ], [ -40.25550245, -18.16880451 ], [ -40.2554203, -18.16884922 ], [ -40.25533861, -18.16889469 ], [ -40.25523344, -18.16895546 ], [ -40.25514373, -18.16900573 ], [ -40.25500616, -18.16908514 ], [ -40.25484539, -18.16918023 ], [ -40.25474779, -18.16923551 ], [ -40.25465922, -18.16928758 ], [ -40.25453746, -18.16935705 ], [ -40.25444739, -18.16940673 ], [ -40.25441495, -18.16942531 ], [ -40.25419008, -18.16955878 ], [ -40.25401439, -18.16966515 ], [ -40.25384058, -18.16977432 ], [ -40.25377789, -18.16981475 ], [ -40.2537061, -18.1698584 ], [ -40.2535222, -18.16997817 ] ] } },
{ "type": "Feature", "properties": { "Field": "001", "Length": 356.05172230595355, "Image": "/home/ubuntu/bemagro/data/image/Orthomosaico.tif", "Farm": "data" }, "geometry": { "type": "LineString", "coordinates": [ [ -40.25636879, -18.1682909 ], [ -40.25628884, -18.16833826 ], [ -40.25611081, -18.16844102 ], [ -40.25601292, -18.16849583 ], [ -40.2559322, -18.16854286 ], [ -40.25586701, -18.16857949 ], [ -40.25558316, -18.168742 ], [ -40.25543648, -18.16882444 ], [ -40.25532193, -18.1688878 ], [ -40.25520859, -18.16895312 ], [ -40.25511882, -18.16900328 ], [ -40.2549817, -18.16908341 ], [ -40.25489346, -18.16913599 ], [ -40.25477976, -18.16920074 ], [ -40.25465873, -18.16927136 ], [ -40.25441457, -18.16940926 ], [ -40.25428598, -18.1694854 ], [ -40.25423007, -18.16951922 ], [ -40.25418159, -18.16954737 ], [ -40.25406981, -18.16961509 ], [ -40.25405417, -18.16962526 ], [ -40.25399838, -18.16965926 ], [ -40.25395905, -18.16968433 ], [ -40.25390317, -18.16971821 ], [ -40.25384781, -18.16975285 ], [ -40.25380868, -18.1697782 ], [ -40.25361918, -18.16989745 ], [ -40.25350091, -18.16997389 ] ] } },
{ "type": "Feature", "properties": { "Field": "001", "Length": 357.33549421716901, "Image": "/home/ubuntu/bemagro/data/image/Orthomosaico.tif", "Farm": "data" }, "geometry": { "type": "LineString", "coordinates": [ [ -40.25636043, -18.16827957 ], [ -40.25632076, -18.1683033 ], [ -40.25623193, -18.16835497 ], [ -40.25618303, -18.16838244 ], [ -40.25606171, -18.16845261 ], [ -40.25598006, -18.16849814 ], [ -40.25568028, -18.1686704 ], [ -40.25538729, -18.16883588 ], [ -40.25529737, -18.16888581 ], [ -40.255192, -18.16894627 ], [ -40.25515101, -18.16896875 ], [ -40.25514289, -18.16897338 ], [ -40.25503784, -18.16903435 ], [ -40.25489335, -18.16912025 ], [ -40.25476326, -18.16919401 ], [ -40.25465039, -18.16926006 ], [ -40.25444674, -18.1693747 ], [ -40.25439827, -18.16940286 ], [ -40.25427762, -18.16947407 ], [ -40.25423782, -18.16949845 ], [ -40.2542298, -18.16950322 ], [ -40.25415725, -18.16954571 ], [ -40.25397425, -18.16965794 ], [ -40.25393493, -18.16968301 ], [ -40.25388688, -18.16971182 ], [ -40.253737, -18.16980643 ], [ -40.25367439, -18.16984698 ], [ -40.25358736, -18.16990139 ], [ -40.25349397, -18.16996294 ], [ -40.25348343, -18.16997036 ] ] } },
{ "type": "Feature", "properties": { "Field": "001", "Length": 358.87166820941275, "Image": "/home/ubuntu/bemagro/data/image/Orthomosaico.tif", "Farm": "data" }, "geometry": { "type": "LineString", "coordinates": [ [ -40.25635173, -18.16826779 ], [ -40.25622334, -18.16834336 ], [ -40.25604496, -18.16844556 ], [ -40.25595528, -18.16849587 ], [ -40.2556716, -18.16865865 ], [ -40.25513419, -18.16896163 ], [ -40.25498911, -18.16904662 ], [ -40.25487671, -18.16911341 ], [ -40.25477888, -18.1691683 ], [ -40.25465817, -18.16923943 ], [ -40.25460951, -18.16926729 ], [ -40.25442227, -18.16937293 ], [ -40.25434211, -18.16942082 ], [ -40.25433405, -18.16942555 ], [ -40.25430966, -18.16943938 ], [ -40.25412481, -18.1695488 ], [ -40.25393432, -18.16966661 ], [ -40.25386248, -18.16971017 ], [ -40.25365023, -18.16984569 ], [ -40.25359476, -18.16988018 ], [ -40.25352431, -18.16992578 ], [ -40.25351645, -18.16993079 ], [ -40.25349258, -18.16994544 ], [ -40.25348473, -18.16995046 ], [ -40.25346251, -18.16996615 ] ] } },
{ "type": "Feature", "properties": { "Field": "001", "Length": 360.61358606450659, "Image": "/home/ubuntu/bemagro/data/image/Orthomosaico.tif", "Farm": "data" }, "geometry": { "type": "LineString", "coordinates": [ [ -40.25634297, -18.16825592 ], [ -40.25621477, -18.16833178 ], [ -40.25614147, -18.16837307 ], [ -40.25613337, -18.16837773 ], [ -40.25610132, -18.16839691 ], [ -40.25595504, -18.16848 ], [ -40.25585799, -18.16853615 ], [ -40.25572774, -18.16860964 ], [ -40.25565502, -18.16865186 ], [ -40.25549244, -18.1687441 ], [ -40.25538618, -18.16880311 ], [ -40.25532941, -18.16883561 ], [ -40.25532125, -18.16884018 ], [ -40.25529658, -18.16885355 ], [ -40.25515009, -18.1689363 ], [ -40.25499679, -18.16902576 ], [ -40.25492467, -18.16906891 ], [ -40.25485187, -18.16911101 ], [ -40.25477857, -18.16915228 ], [ -40.25460928, -18.1692514 ], [ -40.25460117, -18.16925605 ], [ -40.25455209, -18.16928322 ], [ -40.25451987, -18.16930214 ], [ -40.25438986, -18.16937603 ], [ -40.25422942, -18.16947163 ], [ -40.25414039, -18.169523 ], [ -40.25399714, -18.16961078 ], [ -40.25393389, -18.1696504 ], [ -40.25392593, -18.16965528 ], [ -40.25389373, -18.16967423 ], [ -40.25379893, -18.16973378 ], [ -40.25368936, -18.16980474 ], [ -40.25358642, -18.16986891 ], [ -40.25346887, -18.16994472 ], [ -40.25346083, -18.16994946 ], [ -40.25345242, -18.1699536 ], [ -40.2534442, -18.16995806 ], [ -40.253439, -18.16996142 ] ] } },
{ "type": "Feature", "properties": { "Field": "001", "Length": 361.87504747035558, "Image": "/home/ubuntu/bemagro/data/image/Orthomosaico.tif", "Farm": "data" }, "geometry": { "type": "LineString", "coordinates": [ [ -40.25633435, -18.16824425 ], [ -40.25619784, -18.16832444 ], [ -40.25582498, -18.16853833 ], [ -40.25569462, -18.16861166 ], [ -40.25562183, -18.16865376 ], [ -40.25546733, -18.16874131 ], [ -40.25532888, -18.16881931 ], [ -40.25526338, -18.16885544 ], [ -40.25516586, -18.16891084 ], [ -40.2550768, -18.16896216 ], [ -40.25490782, -18.16906174 ], [ -40.25467286, -18.16919675 ], [ -40.2546006, -18.16923968 ], [ -40.25447019, -18.16931293 ], [ -40.2542289, -18.16945537 ], [ -40.25414797, -18.16950207 ], [ -40.25388518, -18.16966277 ], [ -40.25373585, -18.16975817 ], [ -40.25372801, -18.16976323 ], [ -40.25371265, -18.16977376 ], [ -40.25369607, -18.16978244 ], [ -40.2535623, -18.16986757 ], [ -40.25355444, -18.16987259 ], [ -40.25347659, -18.16992386 ], [ -40.25344467, -18.16994323 ], [ -40.25342184, -18.16995815 ] ] } },
{ "type": "Feature", "properties": { "Field": "001", "Length": 363.56639705308373, "Image": "/home/ubuntu/bemagro/data/image/Orthomosaico.tif", "Farm": "data" }, "geometry": { "type": "LineString", "coordinates": [ [ -40.25632573, -18.16823256 ], [ -40.25610835, -18.16835955 ], [ -40.25590572, -18.16847582 ], [ -40.25566988, -18.16860943 ], [ -40.25560514, -18.16864679 ], [ -40.25539321, -18.16876578 ], [ -40.2553285, -18.16880319 ], [ -40.25523842, -18.16885285 ], [ -40.25517351, -18.16888994 ], [ -40.25506003, -18.16895504 ], [ -40.25489919, -18.16905003 ], [ -40.25474523, -18.16913845 ], [ -40.25461618, -18.16921387 ], [ -40.25442933, -18.16932014 ], [ -40.25431703, -18.16938709 ], [ -40.25413169, -18.16949574 ], [ -40.25394034, -18.16961227 ], [ -40.25385316, -18.16966646 ], [ -40.25376679, -18.1697218 ], [ -40.25370338, -18.1697612 ], [ -40.25358516, -18.16983605 ], [ -40.25352241, -18.1698764 ], [ -40.25347604, -18.16990762 ], [ -40.25346816, -18.16991261 ], [ -40.25343596, -18.16993157 ], [ -40.25339947, -18.16995445 ] ] } },
{ "type": "Feature", "properties": { "Field": "001", "Length": 364.79589702348176, "Image": "/home/ubuntu/bemagro/data/image/Orthomosaico.tif", "Farm": "data" }, "geometry": { "type": "LineString", "coordinates": [ [ -40.25631622, -18.16821968 ], [ -40.25619653, -18.1682915 ], [ -40.25607515, -18.16836158 ], [ -40.25597743, -18.16841666 ], [ -40.25582395, -18.16850583 ], [ -40.25571844, -18.16856607 ], [ -40.25562017, -18.16862024 ], [ -40.25551473, -18.16868058 ], [ -40.25545711, -18.16871169 ], [ -40.2554086, -18.16873977 ], [ -40.25524558, -18.16883131 ], [ -40.25512443, -18.16890175 ], [ -40.25502673, -18.16895686 ], [ -40.25489819, -18.16903306 ], [ -40.25476053, -18.16911231 ], [ -40.25459925, -18.16920663 ], [ -40.25442868, -18.16930372 ], [ -40.2542282, -18.16942334 ], [ -40.25413122, -18.1694796 ], [ -40.25393121, -18.16959994 ], [ -40.25386812, -18.1696398 ], [ -40.25379652, -18.16968372 ], [ -40.2536945, -18.16974922 ], [ -40.25363892, -18.16978355 ], [ -40.25351342, -18.16986425 ], [ -40.25342048, -18.16992643 ], [ -40.25340595, -18.16993489 ], [ -40.25340141, -18.16993812 ], [ -40.25338979, -18.16994737 ], [ -40.25338323, -18.16995176 ] ] } },
{ "type": "Feature", "properties": { "Field": "001", "Length": 366.37011505090572, "Image": "/home/ubuntu/bemagro/data/image/Orthomosaico.tif", "Farm": "data" }, "geometry": { "type": "LineString", "coordinates": [ [ -40.25630784, -18.16820832 ], [ -40.25617172, -18.16828913 ], [ -40.25605027, -18.16835908 ], [ -40.25601745, -18.16837703 ], [ -40.25600932, -18.16838165 ], [ -40.25581531, -18.16849408 ], [ -40.25568533, -18.16856801 ], [ -40.25560338, -18.16861305 ], [ -40.25553879, -18.16865065 ], [ -40.25546504, -18.1686912 ], [ -40.25536752, -18.1687466 ], [ -40.25526951, -18.16880119 ], [ -40.25509961, -18.16889936 ], [ -40.25504253, -18.16893135 ], [ -40.2549455, -18.16898754 ], [ -40.25485712, -18.1690399 ], [ -40.25474378, -18.16910521 ], [ -40.25467961, -18.16914348 ], [ -40.25459036, -18.16919449 ], [ -40.25453393, -18.16922751 ], [ -40.25447675, -18.16925936 ], [ -40.25443631, -18.16928275 ], [ -40.25430025, -18.16936449 ], [ -40.2541796, -18.16943571 ], [ -40.25412283, -18.16946821 ], [ -40.25405082, -18.16951152 ], [ -40.2539944, -18.16954458 ], [ -40.25380375, -18.16966214 ], [ -40.25369385, -18.16973262 ], [ -40.25361475, -18.16978212 ], [ -40.25351287, -18.16984781 ], [ -40.25346606, -18.16987843 ], [ -40.25341237, -18.1699154 ], [ -40.25339653, -18.16992527 ], [ -40.25338874, -18.16993039 ], [ -40.25336241, -18.16994832 ] ] } },
{ "type": "Feature", "properties": { "Field": "001", "Length": 367.94709306161383, "Image": "/home/ubuntu/bemagro/data/image/Orthomosaico.tif", "Farm": "data" }, "geometry": { "type": "LineString", "coordinates": [ [ -40.25630026, -18.16819805 ], [ -40.25606559, -18.16833265 ], [ -40.25603347, -18.16835172 ], [ -40.25600892, -18.16836529 ], [ -40.25581512, -18.16847805 ], [ -40.25578222, -18.16849587 ], [ -40.25567678, -18.1685562 ], [ -40.25557871, -18.16861071 ], [ -40.25551397, -18.16864808 ], [ -40.25544839, -18.16868407 ], [ -40.25531002, -18.16876221 ], [ -40.25518872, -18.16883241 ], [ -40.25514778, -18.16885499 ], [ -40.25501818, -18.16892953 ], [ -40.25492852, -18.16897987 ], [ -40.25485644, -18.16902308 ], [ -40.25473534, -18.1690936 ], [ -40.25467123, -18.16913194 ], [ -40.25456545, -18.16919173 ], [ -40.25450916, -18.16922499 ], [ -40.25442802, -18.16927135 ], [ -40.25433987, -18.16932408 ], [ -40.25427532, -18.16936175 ], [ -40.25419537, -18.16940997 ], [ -40.25407411, -18.16948023 ], [ -40.25396213, -18.16954766 ], [ -40.25377183, -18.16966574 ], [ -40.25362166, -18.16975994 ], [ -40.25341891, -18.16989274 ], [ -40.25334175, -18.1699449 ] ] } },
{ "type": "Feature", "properties": { "Field": "001", "Length": 369.46990798082885, "Image": "/home/ubuntu/bemagro/data/image/Orthomosaico.tif", "Farm": "data" }, "geometry": { "type": "LineString", "coordinates": [ [ -40.25629225, -18.16818721 ], [ -40.25615437, -18.16826523 ], [ -40.25582293, -18.16845729 ], [ -40.25574938, -18.16849817 ], [ -40.25565208, -18.1685539 ], [ -40.25530178, -18.16875104 ], [ -40.25522916, -18.16879339 ], [ -40.25510698, -18.16886219 ], [ -40.25496106, -18.16894585 ], [ -40.25492017, -18.16896852 ], [ -40.25491205, -18.16897315 ], [ -40.25483995, -18.16901632 ], [ -40.25472695, -18.16908218 ], [ -40.25466279, -18.16912045 ], [ -40.25465472, -18.16912516 ], [ -40.25454893, -18.16918493 ], [ -40.25431515, -18.1693218 ], [ -40.25417089, -18.16940806 ], [ -40.25408194, -18.16945955 ], [ -40.25399372, -18.16951217 ], [ -40.25392985, -18.16955088 ], [ -40.25386673, -18.16959069 ], [ -40.25378716, -18.16963949 ], [ -40.25358988, -18.16976388 ], [ -40.25345774, -18.16985131 ], [ -40.25339486, -18.16989147 ], [ -40.25336385, -18.16991215 ], [ -40.25332172, -18.16994159 ] ] } },
{ "type": "Feature", "properties": { "Field": "001", "Length": 371.1187889495742, "Image": "/home/ubuntu/bemagro/data/image/Orthomosaico.tif", "Farm": "data" }, "geometry": { "type": "LineString", "coordinates": [ [ -40.25628381, -18.16817577 ], [ -40.25615418, -18.16824938 ], [ -40.25610587, -18.16827779 ], [ -40.25593564, -18.16837541 ], [ -40.25587942, -18.16840878 ], [ -40.25580654, -18.16845075 ], [ -40.25560258, -18.16856485 ], [ -40.25535887, -18.16870348 ], [ -40.255277, -18.16874867 ], [ -40.25517991, -18.16880475 ], [ -40.2551066, -18.16884601 ], [ -40.25503393, -18.16888832 ], [ -40.25490383, -18.16896205 ], [ -40.25476703, -18.16904266 ], [ -40.2547023, -18.16908004 ], [ -40.25465428, -18.1691089 ], [ -40.25455661, -18.16916405 ], [ -40.25449232, -18.16920213 ], [ -40.25439491, -18.16925769 ], [ -40.25431468, -18.16930549 ], [ -40.25423387, -18.16935238 ], [ -40.25413798, -18.16941031 ], [ -40.2539134, -18.16954423 ], [ -40.2537711, -18.16963341 ], [ -40.25368359, -18.16968711 ], [ -40.25353478, -18.16978325 ], [ -40.25344962, -18.16984029 ], [ -40.25338687, -18.16988064 ], [ -40.25329999, -18.169938 ] ] } },
{ "type": "Feature", "properties": { "Field": "001", "Length": 372.86090867466339, "Image": "/home/ubuntu/bemagro/data/image/Orthomosaico.tif", "Farm": "data" }, "geometry": { "type": "LineString", "coordinates": [ [ -40.25627537, -18.16816434 ], [ -40.25614578, -18.16823801 ], [ -40.25580633, -18.16843486 ], [ -40.25559416, -18.16855347 ], [ -40.25533421, -18.16870135 ], [ -40.25526851, -18.16873714 ], [ -40.25507394, -18.16884869 ], [ -40.25504179, -18.16886772 ], [ -40.25487133, -18.16896498 ], [ -40.25467792, -18.16907835 ], [ -40.25466987, -18.16908309 ], [ -40.25464596, -18.16909766 ], [ -40.25452401, -18.16916683 ], [ -40.25448388, -18.1691907 ], [ -40.25437046, -18.1692559 ], [ -40.25430632, -18.1692942 ], [ -40.25420133, -18.16935525 ], [ -40.25408943, -18.1694228 ], [ -40.25394486, -18.16950859 ], [ -40.25365937, -18.16968565 ], [ -40.25350321, -18.16978754 ], [ -40.25341038, -18.16984986 ], [ -40.25327707, -18.16993421 ] ] } },
{ "type": "Feature", "properties": { "Field": "001", "Length": 374.52829198383012, "Image": "/home/ubuntu/bemagro/data/image/Orthomosaico.tif", "Farm": "data" }, "geometry": { "type": "LineString", "coordinates": [ [ -40.25626665, -18.16815252 ], [ -40.25595931, -18.16832941 ], [ -40.25579791, -18.16842352 ], [ -40.25563475, -18.16851484 ], [ -40.25553737, -18.16857045 ], [ -40.25545562, -18.16861583 ], [ -40.25535036, -18.16867646 ], [ -40.25524406, -18.16873541 ], [ -40.25510612, -18.16881422 ], [ -40.25501728, -18.16886589 ], [ -40.2548954, -18.16893516 ], [ -40.2548307, -18.16897259 ], [ -40.2546618, -18.1690723 ], [ -40.25449134, -18.16916957 ], [ -40.25436222, -18.16924487 ], [ -40.25430607, -18.16927834 ], [ -40.25423323, -18.16932036 ], [ -40.25392047, -18.16950695 ], [ -40.25381761, -18.16957124 ], [ -40.25367466, -18.16965946 ], [ -40.25358053, -18.16971998 ], [ -40.25342489, -18.16982259 ], [ -40.25336186, -18.16986254 ], [ -40.2532994, -18.1699033 ], [ -40.25325505, -18.16993056 ] ] } },
{ "type": "Feature", "properties": { "Field": "001", "Length": 376.06603321109401, "Image": "/home/ubuntu/bemagro/data/image/Orthomosaico.tif", "Farm": "data" }, "geometry": { "type": "LineString", "coordinates": [ [ -40.25625935, -18.16814263 ], [ -40.25625113, -18.16814606 ], [ -40.25624268, -18.16815011 ], [ -40.25623461, -18.16815481 ], [ -40.25619458, -18.16817884 ], [ -40.2560482, -18.16826177 ], [ -40.25577356, -18.16842137 ], [ -40.25548, -18.16858594 ], [ -40.25535855, -18.1686559 ], [ -40.25527712, -18.16870179 ], [ -40.25521971, -18.16873325 ], [ -40.2551388, -18.16877999 ], [ -40.25508979, -18.16880728 ], [ -40.25508169, -18.16881193 ], [ -40.25499285, -18.16886358 ], [ -40.25482253, -18.16896107 ], [ -40.25468588, -18.16904192 ], [ -40.25454026, -18.16912607 ], [ -40.25448325, -18.16915818 ], [ -40.25434622, -18.16923844 ], [ -40.25429023, -18.16927215 ], [ -40.25421714, -18.16931377 ], [ -40.25420908, -18.1693185 ], [ -40.25391223, -18.16949532 ], [ -40.25384869, -18.16953453 ], [ -40.25379371, -18.16956973 ], [ -40.25365083, -18.16965806 ], [ -40.25339336, -18.16982644 ], [ -40.2532758, -18.16990223 ], [ -40.25324393, -18.16992168 ], [ -40.25323513, -18.16992727 ] ] } },
{ "type": "Feature", "properties": { "Field": "001", "Length": 377.44388998155358, "Image": "/home/ubuntu/bemagro/data/image/Orthomosaico.tif", "Farm": "data" }, "geometry": { "type": "LineString", "coordinates": [ [ -40.25321653, -18.16992419 ], [ -40.25333429, -18.16984814 ], [ -40.25341976, -18.16979152 ], [ -40.25349837, -18.16974134 ], [ -40.25358376, -18.16968461 ], [ -40.2536308, -18.16965431 ], [ -40.25368637, -18.16961997 ], [ -40.25373343, -18.16958971 ], [ -40.25380525, -18.16954611 ], [ -40.25390802, -18.16948169 ], [ -40.25405215, -18.16939523 ], [ -40.254133, -18.1693484 ], [ -40.25418886, -18.1693145 ], [ -40.25427806, -18.1692634 ], [ -40.25432595, -18.16923435 ], [ -40.25441482, -18.16918274 ], [ -40.25447077, -18.16914897 ], [ -40.2546089, -18.16907046 ], [ -40.25492348, -18.16888669 ], [ -40.25519897, -18.16872842 ], [ -40.25526469, -18.16869266 ], [ -40.25534621, -18.16864691 ], [ -40.25544295, -18.16859027 ], [ -40.25551648, -18.16854936 ], [ -40.25558922, -18.16850717 ], [ -40.25575269, -18.16841638 ], [ -40.25601944, -18.16826176 ], [ -40.25623016, -18.16814083 ], [ -40.25624934, -18.16812906 ] ] } },
{ "type": "Feature", "properties": { "Field": "001", "Length": 379.01205232397223, "Image": "/home/ubuntu/bemagro/data/image/Orthomosaico.tif", "Farm": "data" }, "geometry": { "type": "LineString", "coordinates": [ [ -40.25624096, -18.16811772 ], [ -40.25621746, -18.16813207 ], [ -40.25619292, -18.16814565 ], [ -40.25612838, -18.16818334 ], [ -40.25599036, -18.16826203 ], [ -40.25592604, -18.16830005 ], [ -40.25579655, -18.16837477 ], [ -40.25571537, -18.16842106 ], [ -40.25557623, -18.16849792 ], [ -40.25552788, -18.16852628 ], [ -40.25543832, -18.16857678 ], [ -40.25534149, -18.16863327 ], [ -40.25528462, -18.16866562 ], [ -40.25527647, -18.16867019 ], [ -40.25521883, -18.16870126 ], [ -40.2551699, -18.16872867 ], [ -40.25491086, -18.16887802 ], [ -40.25465297, -18.16902916 ], [ -40.25445827, -18.1691405 ], [ -40.25432151, -18.16922117 ], [ -40.25428964, -18.16924062 ], [ -40.25419259, -18.16929677 ], [ -40.25410437, -18.16934939 ], [ -40.25406379, -18.16937255 ], [ -40.25396731, -18.16942958 ], [ -40.25395929, -18.16943437 ], [ -40.25374474, -18.16956654 ], [ -40.25373682, -18.16957147 ], [ -40.25368185, -18.16960669 ], [ -40.25361054, -18.16965104 ], [ -40.25345492, -18.16975367 ], [ -40.25340748, -18.16978339 ], [ -40.25329054, -18.16986006 ], [ -40.25319584, -18.16992077 ] ] } },
{ "type": "Feature", "properties": { "Field": "001", "Length": 380.50269481829019, "Image": "/home/ubuntu/bemagro/data/image/Orthomosaico.tif", "Farm": "data" }, "geometry": { "type": "LineString", "coordinates": [ [ -40.25623347, -18.16810756 ], [ -40.25617311, -18.16814088 ], [ -40.25601108, -18.168234 ], [ -40.25592261, -18.16828623 ], [ -40.25587376, -18.16831378 ], [ -40.25580931, -18.16835161 ], [ -40.25568726, -18.16842061 ], [ -40.25558886, -18.16847456 ], [ -40.25541859, -18.16857213 ], [ -40.25532169, -18.16862851 ], [ -40.25525638, -18.16866495 ], [ -40.25519059, -18.16870061 ], [ -40.25510947, -18.16874701 ], [ -40.25489964, -18.16886935 ], [ -40.25478625, -18.16893458 ], [ -40.25466586, -18.1690062 ], [ -40.25444686, -18.16913151 ], [ -40.25441491, -18.16915085 ], [ -40.25433392, -18.16919746 ], [ -40.25426989, -18.16923593 ], [ -40.25413271, -18.16931594 ], [ -40.25390824, -18.16945002 ], [ -40.25371762, -18.16956764 ], [ -40.25356029, -18.16966786 ], [ -40.25344379, -18.16974513 ], [ -40.25338075, -18.16978507 ], [ -40.25327148, -18.16985644 ], [ -40.25317627, -18.16991753 ] ] } },
{ "type": "Feature", "properties": { "Field": "001", "Length": 381.94344146343911, "Image": "/home/ubuntu/bemagro/data/image/Orthomosaico.tif", "Farm": "data" }, "geometry": { "type": "LineString", "coordinates": [ [ -40.25622561, -18.16809692 ], [ -40.25620108, -18.16810959 ], [ -40.25613582, -18.16814612 ], [ -40.25598993, -18.16822984 ], [ -40.25594193, -18.16825872 ], [ -40.25582091, -18.16832936 ], [ -40.25574779, -18.16837094 ], [ -40.25557607, -18.16846615 ], [ -40.25549521, -18.16851297 ], [ -40.2554219, -18.16855424 ], [ -40.25534122, -18.16860132 ], [ -40.25525966, -18.16864702 ], [ -40.25520202, -18.16867807 ], [ -40.25514507, -18.1687103 ], [ -40.25491077, -18.16884635 ], [ -40.25488689, -18.16886098 ], [ -40.25478159, -18.16892153 ], [ -40.2546773, -18.16898367 ], [ -40.25458807, -18.16903472 ], [ -40.25453174, -18.1690679 ], [ -40.25445838, -18.16910909 ], [ -40.2543049, -18.16919829 ], [ -40.25412825, -18.16930321 ], [ -40.25410384, -18.16931701 ], [ -40.2540402, -18.16935605 ], [ -40.25394361, -18.16941292 ], [ -40.25370501, -18.16955945 ], [ -40.25353994, -18.16966487 ], [ -40.25341559, -18.16974718 ], [ -40.25334472, -18.16979218 ], [ -40.25329042, -18.16982833 ], [ -40.25319592, -18.16988831 ], [ -40.25315741, -18.16991442 ] ] } },
{ "type": "Feature", "properties": { "Field": "001", "Length": 383.55596366116345, "Image": "/home/ubuntu/bemagro/data/image/Orthomosaico.tif", "Farm": "data" }, "geometry": { "type": "LineString", "coordinates": [ [ -40.2562178, -18.16808634 ], [ -40.25620996, -18.16809052 ], [ -40.25619308, -18.16809866 ], [ -40.25618475, -18.16810293 ], [ -40.25613557, -18.16812994 ], [ -40.25586043, -18.16828875 ], [ -40.25577985, -18.16833599 ], [ -40.25555141, -18.16846381 ], [ -40.25541339, -18.16854249 ], [ -40.25534894, -18.16858031 ], [ -40.25534081, -18.16858492 ], [ -40.25529154, -18.16861179 ], [ -40.25524295, -18.16863976 ], [ -40.25514495, -18.16869437 ], [ -40.25493474, -18.16881611 ], [ -40.25488671, -18.16884495 ], [ -40.25476548, -18.16891527 ], [ -40.25465285, -18.1689817 ], [ -40.25451535, -18.1690612 ], [ -40.25444206, -18.16910252 ], [ -40.25426448, -18.16920599 ], [ -40.25411218, -18.16929701 ], [ -40.25407181, -18.1693205 ], [ -40.25403216, -18.16934509 ], [ -40.25402415, -18.1693499 ], [ -40.25395149, -18.1693922 ], [ -40.25370472, -18.16954329 ], [ -40.2535555, -18.16963885 ], [ -40.2534621, -18.1697004 ], [ -40.25334461, -18.16977628 ], [ -40.25328233, -18.1698173 ], [ -40.25313623, -18.16991091 ] ] } },
{ "type": "Feature", "properties": { "Field": "001", "Length": 385.16647007049221, "Image": "/home/ubuntu/bemagro/data/image/Orthomosaico.tif", "Farm": "data" }, "geometry": { "type": "LineString", "coordinates": [ [ -40.25620919, -18.16807467 ], [ -40.256168, -18.16809589 ], [ -40.25608641, -18.16814153 ], [ -40.25590914, -18.16824549 ], [ -40.25586822, -18.1682681 ], [ -40.25572253, -18.16835213 ], [ -40.25546986, -18.16849403 ], [ -40.25542953, -18.16851759 ], [ -40.25538868, -18.16854031 ], [ -40.25534036, -18.16856872 ], [ -40.25526674, -18.16860947 ], [ -40.25519371, -18.1686512 ], [ -40.25514464, -18.16867838 ], [ -40.25504786, -18.16873496 ], [ -40.25498292, -18.168772 ], [ -40.25454754, -18.16902676 ], [ -40.25444174, -18.16908653 ], [ -40.25424794, -18.16919928 ], [ -40.25407968, -18.16929999 ], [ -40.25402398, -18.16933414 ], [ -40.2539432, -18.16938108 ], [ -40.25375993, -18.1694929 ], [ -40.25356289, -18.16961764 ], [ -40.25345398, -18.16968951 ], [ -40.25318009, -18.16986695 ], [ -40.25311494, -18.16990739 ] ] } },
{ "type": "Feature", "properties": { "Field": "001", "Length": 386.87877087688946, "Image": "/home/ubuntu/bemagro/data/image/Orthomosaico.tif", "Farm": "data" }, "geometry": { "type": "LineString", "coordinates": [ [ -40.2562005, -18.1680629 ], [ -40.25616759, -18.16807975 ], [ -40.25606174, -18.16813944 ], [ -40.25605362, -18.16814406 ], [ -40.25588423, -18.16824302 ], [ -40.2557382, -18.16832652 ], [ -40.2551038, -18.16868573 ], [ -40.25501506, -18.16873755 ], [ -40.2549256, -18.16878822 ], [ -40.25486161, -18.16882674 ], [ -40.25482098, -18.16884984 ], [ -40.2547003, -18.16892101 ], [ -40.25462738, -18.16896291 ], [ -40.25456321, -18.16900116 ], [ -40.25441683, -18.16908409 ], [ -40.25419147, -18.16921679 ], [ -40.25412673, -18.16925416 ], [ -40.25382329, -18.16943794 ], [ -40.25376704, -18.16947127 ], [ -40.25373541, -18.16949108 ], [ -40.25364917, -18.16954661 ], [ -40.25355444, -18.16960627 ], [ -40.25349209, -18.16964717 ], [ -40.25342912, -18.16968722 ], [ -40.25316357, -18.16986031 ], [ -40.25309238, -18.16990366 ] ] } },
{ "type": "Feature", "properties": { "Field": "001", "Length": 388.33962183447477, "Image": "/home/ubuntu/bemagro/data/image/Orthomosaico.tif", "Farm": "data" }, "geometry": { "type": "LineString", "coordinates": [ [ -40.25619186, -18.16805119 ], [ -40.25615099, -18.16807298 ], [ -40.25606989, -18.1681194 ], [ -40.25601272, -18.16815125 ], [ -40.25595607, -18.16818394 ], [ -40.2558838, -18.16822686 ], [ -40.25581058, -18.16826827 ], [ -40.255681, -18.16834285 ], [ -40.25561574, -18.16837937 ], [ -40.25550243, -18.16844474 ], [ -40.25520879, -18.16860918 ], [ -40.25516054, -18.16863768 ], [ -40.2550712, -18.16868854 ], [ -40.2550149, -18.16872178 ], [ -40.25490918, -18.16878168 ], [ -40.25484506, -18.16882 ], [ -40.25465126, -18.16893276 ], [ -40.2545387, -18.16899931 ], [ -40.25445711, -18.16904493 ], [ -40.25441682, -18.16906856 ], [ -40.25439229, -18.16908216 ], [ -40.25433618, -18.1691157 ], [ -40.25426334, -18.16915773 ], [ -40.25418321, -18.16920567 ], [ -40.25412663, -18.16923846 ], [ -40.2539743, -18.16932944 ], [ -40.25391078, -18.16936866 ], [ -40.25373507, -18.16947502 ], [ -40.25372717, -18.16947998 ], [ -40.2535147, -18.16961518 ], [ -40.2534446, -18.16966126 ], [ -40.2533272, -18.16973728 ], [ -40.2532799, -18.16976721 ], [ -40.25319413, -18.16982341 ], [ -40.25314689, -18.16985342 ], [ -40.25310697, -18.1698776 ], [ -40.25309928, -18.16988286 ], [ -40.25309173, -18.16988829 ], [ -40.25307307, -18.16990047 ] ] } },
{ "type": "Feature", "properties": { "Field": "001", "Length": 390.00092595225658, "Image": "/home/ubuntu/bemagro/data/image/Orthomosaico.tif", "Farm": "data" }, "geometry": { "type": "LineString", "coordinates": [ [ -40.25618287, -18.16803901 ], [ -40.25614211, -18.16806099 ], [ -40.25608528, -18.16809339 ], [ -40.25562388, -18.16835941 ], [ -40.25538807, -18.16849307 ], [ -40.25516787, -18.16861643 ], [ -40.25500654, -18.16871067 ], [ -40.25490083, -18.16877057 ], [ -40.25471598, -18.16887999 ], [ -40.25457036, -18.16896414 ], [ -40.25453032, -18.16898816 ], [ -40.25444033, -18.16903796 ], [ -40.2542957, -18.16912365 ], [ -40.2542632, -18.16914214 ], [ -40.25418337, -18.16919053 ], [ -40.25410274, -18.1692377 ], [ -40.25395026, -18.16932844 ], [ -40.25388691, -18.16936793 ], [ -40.2538227, -18.16940611 ], [ -40.25367954, -18.16949404 ], [ -40.2535622, -18.16957013 ], [ -40.2534673, -18.16962954 ], [ -40.25332677, -18.16972125 ], [ -40.2532558, -18.16976611 ], [ -40.25320937, -18.16979725 ], [ -40.25316182, -18.16982681 ], [ -40.25313067, -18.1698473 ], [ -40.25310665, -18.16986171 ], [ -40.25308345, -18.16987731 ], [ -40.25305105, -18.16989683 ] ] } },
{ "type": "Feature", "properties": { "Field": "001", "Length": 391.60435792098826, "Image": "/home/ubuntu/bemagro/data/image/Orthomosaico.tif", "Farm": "data" }, "geometry": { "type": "LineString", "coordinates": [ [ -40.25617448, -18.16802765 ], [ -40.25614206, -18.16804535 ], [ -40.25596354, -18.16814733 ], [ -40.25585856, -18.1682084 ], [ -40.25576083, -18.16826346 ], [ -40.25575278, -18.1682682 ], [ -40.25572893, -18.16828286 ], [ -40.25564001, -18.16833439 ], [ -40.25545265, -18.16843984 ], [ -40.25536345, -18.16849092 ], [ -40.25528179, -18.16853646 ], [ -40.25523325, -18.16856449 ], [ -40.25513525, -18.16861911 ], [ -40.2550062, -18.16869452 ], [ -40.2549005, -18.16875445 ], [ -40.25474761, -18.16884455 ], [ -40.25469179, -18.16887853 ], [ -40.25461917, -18.16892089 ], [ -40.25450585, -18.16898624 ], [ -40.25449771, -18.16899084 ], [ -40.2544321, -18.16902679 ], [ -40.25442398, -18.16903142 ], [ -40.25434383, -18.16907934 ], [ -40.25425512, -18.1691312 ], [ -40.25415914, -18.16918899 ], [ -40.2540223, -18.16926955 ], [ -40.25395022, -18.16931275 ], [ -40.25386305, -18.16936695 ], [ -40.25385507, -18.1693718 ], [ -40.25381483, -18.1693955 ], [ -40.25367961, -18.16947851 ], [ -40.25367171, -18.16948346 ], [ -40.25355402, -18.16955907 ], [ -40.25345899, -18.16961829 ], [ -40.25335765, -18.16968475 ], [ -40.25325516, -18.16974957 ], [ -40.2531222, -18.16983585 ], [ -40.25311431, -18.16984083 ], [ -40.25305841, -18.16987469 ], [ -40.25305052, -18.16987966 ], [ -40.2530299, -18.16989333 ] ] } },
{ "type": "Feature", "properties": { "Field": "001", "Length": 393.19895409013156, "Image": "/home/ubuntu/bemagro/data/image/Orthomosaico.tif", "Farm": "data" }, "geometry": { "type": "LineString", "coordinates": [ [ -40.2530088, -18.16988984 ], [ -40.25305628, -18.16985974 ], [ -40.25311204, -18.16982567 ], [ -40.2531742, -18.16978451 ], [ -40.25327645, -18.16971933 ], [ -40.25332412, -18.16968995 ], [ -40.2534333, -18.16961844 ], [ -40.25356769, -18.16953422 ], [ -40.25365405, -18.16947884 ], [ -40.25372565, -18.16943492 ], [ -40.2537419, -18.16942567 ], [ -40.25400425, -18.16926432 ], [ -40.25413302, -18.16918849 ], [ -40.25426914, -18.16910683 ], [ -40.25432575, -18.16907407 ], [ -40.25442206, -18.16901677 ], [ -40.2545291, -18.16895724 ], [ -40.25467363, -18.16887312 ], [ -40.25475352, -18.16882482 ], [ -40.25490638, -18.16873467 ], [ -40.25501226, -18.16867503 ], [ -40.25506842, -18.16864158 ], [ -40.25514936, -18.1685949 ], [ -40.25523117, -18.16854961 ], [ -40.25532025, -18.16849834 ], [ -40.25562983, -18.16832417 ], [ -40.25577516, -18.16823956 ], [ -40.25593711, -18.16814631 ], [ -40.25610775, -18.16804933 ], [ -40.256148, -18.16802565 ], [ -40.25616585, -18.16801596 ] ] } },
{ "type": "Feature", "properties": { "Field": "001", "Length": 394.81051370886382, "Image": "/home/ubuntu/bemagro/data/image/Orthomosaico.tif", "Farm": "data" }, "geometry": { "type": "LineString", "coordinates": [ [ -40.25615706, -18.16800405 ], [ -40.25610127, -18.1680372 ], [ -40.25590627, -18.16814807 ], [ -40.25585801, -18.16817655 ], [ -40.25576051, -18.16823198 ], [ -40.25572043, -18.16825593 ], [ -40.2556234, -18.1683121 ], [ -40.25537107, -18.16845454 ], [ -40.25528934, -18.16849997 ], [ -40.25506994, -18.16862463 ], [ -40.25501379, -18.1686581 ], [ -40.25487569, -18.16873667 ], [ -40.2547551, -18.16880796 ], [ -40.25469125, -18.1688467 ], [ -40.25453795, -18.16893618 ], [ -40.25452987, -18.16894087 ], [ -40.25442403, -18.16900057 ], [ -40.25422239, -18.16911839 ], [ -40.25415062, -18.16916206 ], [ -40.25398988, -18.16925721 ], [ -40.25388639, -18.16932056 ], [ -40.2537677, -18.16939473 ], [ -40.25369554, -18.16943782 ], [ -40.25361606, -18.16948673 ], [ -40.25353751, -18.16953702 ], [ -40.25342678, -18.1696063 ], [ -40.25334888, -18.16965749 ], [ -40.25320692, -18.16974718 ], [ -40.25311316, -18.16980821 ], [ -40.25304959, -18.16984737 ], [ -40.25301839, -18.1698678 ], [ -40.25298746, -18.16988631 ] ] } },
{ "type": "Feature", "properties": { "Field": "001", "Length": 396.34011837113911, "Image": "/home/ubuntu/bemagro/data/image/Orthomosaico.tif", "Farm": "data" }, "geometry": { "type": "LineString", "coordinates": [ [ -40.25614928, -18.1679935 ], [ -40.25610957, -18.16801717 ], [ -40.25607682, -18.16803523 ], [ -40.25593871, -18.16811378 ], [ -40.2557606, -18.16821642 ], [ -40.25564766, -18.16828236 ], [ -40.25553362, -18.16834655 ], [ -40.25547623, -18.16837804 ], [ -40.25538721, -18.16842942 ], [ -40.2553056, -18.16847502 ], [ -40.25518387, -18.16854453 ], [ -40.25514286, -18.168567 ], [ -40.25502914, -18.16863171 ], [ -40.25495654, -18.16867411 ], [ -40.25485919, -18.16872979 ], [ -40.25485114, -18.16873452 ], [ -40.25467495, -18.16884015 ], [ -40.25452152, -18.16892941 ], [ -40.25442398, -18.16898477 ], [ -40.2542224, -18.16910268 ], [ -40.25416652, -18.16913656 ], [ -40.25404582, -18.1692077 ], [ -40.2539578, -18.16926063 ], [ -40.25381524, -18.16934943 ], [ -40.25360801, -18.16947577 ], [ -40.25343428, -18.16958505 ], [ -40.25333262, -18.16965105 ], [ -40.25320638, -18.16973069 ], [ -40.25309683, -18.16980167 ], [ -40.25304907, -18.16983091 ], [ -40.25296733, -18.16988298 ] ] } },
{ "type": "Feature", "properties": { "Field": "001", "Length": 398.00616743069014, "Image": "/home/ubuntu/bemagro/data/image/Orthomosaico.tif", "Farm": "data" }, "geometry": { "type": "LineString", "coordinates": [ [ -40.25614112, -18.16798245 ], [ -40.25610109, -18.16800624 ], [ -40.256003, -18.16806071 ], [ -40.25562279, -18.16828045 ], [ -40.25548389, -18.16835771 ], [ -40.25541112, -18.16839985 ], [ -40.25528892, -18.16846861 ], [ -40.25520792, -18.16851519 ], [ -40.25502845, -18.16861564 ], [ -40.25482659, -18.16873312 ], [ -40.25465023, -18.16883848 ], [ -40.25452913, -18.168909 ], [ -40.25442336, -18.16896881 ], [ -40.25427825, -18.16905376 ], [ -40.25411789, -18.16914949 ], [ -40.25402908, -18.16920121 ], [ -40.25394138, -18.16925461 ], [ -40.25384674, -18.16931439 ], [ -40.25373477, -18.16938184 ], [ -40.25360753, -18.16946001 ], [ -40.25352087, -18.16951494 ], [ -40.2534099, -18.16958389 ], [ -40.2533319, -18.16963495 ], [ -40.2532213, -18.16970443 ], [ -40.2530882, -18.16979051 ], [ -40.25294545, -18.16987936 ] ] } },
{ "type": "Feature", "properties": { "Field": "001", "Length": 399.81543450275933, "Image": "/home/ubuntu/bemagro/data/image/Orthomosaico.tif", "Farm": "data" }, "geometry": { "type": "LineString", "coordinates": [ [ -40.25613198, -18.16797006 ], [ -40.25610867, -18.16798469 ], [ -40.25609254, -18.16799412 ], [ -40.25608444, -18.16799879 ], [ -40.25602715, -18.16803044 ], [ -40.25588922, -18.16810927 ], [ -40.25576028, -18.16818485 ], [ -40.25565495, -18.16824537 ], [ -40.25547561, -18.16834603 ], [ -40.25537866, -18.16840232 ], [ -40.25530513, -18.16844325 ], [ -40.2551916, -18.16850825 ], [ -40.25507729, -18.16857201 ], [ -40.25501274, -18.16860968 ], [ -40.25498814, -18.16862317 ], [ -40.25480248, -18.16873134 ], [ -40.25465031, -18.16882255 ], [ -40.25452919, -18.16889303 ], [ -40.25439126, -18.16897186 ], [ -40.25419783, -18.1690852 ], [ -40.25412595, -18.16912871 ], [ -40.25394124, -18.16923835 ], [ -40.25386228, -18.16928803 ], [ -40.25371864, -18.16937523 ], [ -40.2536074, -18.16944377 ], [ -40.25339396, -18.16957757 ], [ -40.25332368, -18.1696234 ], [ -40.25326847, -18.16965827 ], [ -40.25326054, -18.16966319 ], [ -40.25324449, -18.16967275 ], [ -40.25317417, -18.16971852 ], [ -40.25306391, -18.16978849 ], [ -40.25298441, -18.16983739 ], [ -40.25293622, -18.16986598 ], [ -40.25292161, -18.16987542 ] ] } },
{ "type": "Feature", "properties": { "Field": "001", "Length": 401.35107924888314, "Image": "/home/ubuntu/bemagro/data/image/Orthomosaico.tif", "Farm": "data" }, "geometry": { "type": "LineString", "coordinates": [ [ -40.25612332, -18.16795834 ], [ -40.25610799, -18.16796812 ], [ -40.2561, -18.16797295 ], [ -40.25606777, -18.16799185 ], [ -40.25598621, -18.16803754 ], [ -40.25591357, -18.16807988 ], [ -40.2557919, -18.16814949 ], [ -40.25569518, -18.16820614 ], [ -40.25553256, -18.16829834 ], [ -40.25547525, -18.16832996 ], [ -40.25534568, -18.16840455 ], [ -40.25522381, -18.16847383 ], [ -40.25511771, -18.16853311 ], [ -40.25497177, -18.16861675 ], [ -40.25482638, -18.16870125 ], [ -40.25462589, -18.16882085 ], [ -40.25437491, -18.16896547 ], [ -40.25414948, -18.16909808 ], [ -40.25407762, -18.16914161 ], [ -40.25394097, -18.16922246 ], [ -40.25380616, -18.16930608 ], [ -40.25358318, -18.1694424 ], [ -40.25338575, -18.16956658 ], [ -40.25327592, -18.16963716 ], [ -40.25322837, -18.16966672 ], [ -40.25316593, -18.16970752 ], [ -40.25315804, -18.16971249 ], [ -40.25311832, -18.16973698 ], [ -40.25305541, -18.16977711 ], [ -40.25304748, -18.16978201 ], [ -40.25293569, -18.16984973 ], [ -40.25290125, -18.16987205 ] ] } },
{ "type": "Feature", "properties": { "Field": "001", "Length": 403.03462839997047, "Image": "/home/ubuntu/bemagro/data/image/Orthomosaico.tif", "Farm": "data" }, "geometry": { "type": "LineString", "coordinates": [ [ -40.25611477, -18.16794674 ], [ -40.25607546, -18.16797102 ], [ -40.25606737, -18.1679757 ], [ -40.25596959, -18.16803066 ], [ -40.25592929, -18.16805427 ], [ -40.25585612, -18.16809577 ], [ -40.25569464, -18.16818977 ], [ -40.25557243, -18.1682585 ], [ -40.25550771, -18.1682959 ], [ -40.25543411, -18.16833669 ], [ -40.25525611, -18.16843951 ], [ -40.25517447, -18.16848507 ], [ -40.25514968, -18.16849824 ], [ -40.25514152, -18.16850279 ], [ -40.25497103, -18.16860001 ], [ -40.25475359, -18.16872778 ], [ -40.25462543, -18.16880457 ], [ -40.25434987, -18.16896271 ], [ -40.25423739, -18.16902937 ], [ -40.25408538, -18.16912082 ], [ -40.25392455, -18.16921583 ], [ -40.25383764, -18.16927041 ], [ -40.25355908, -18.16944107 ], [ -40.25348786, -18.16948556 ], [ -40.25344869, -18.16951085 ], [ -40.25338509, -18.16954997 ], [ -40.25337721, -18.16955496 ], [ -40.25314956, -18.16970097 ], [ -40.25302311, -18.1697803 ], [ -40.25287912, -18.16986839 ] ] } },
{ "type": "Feature", "properties": { "Field": "001", "Length": 404.71986332566689, "Image": "/home/ubuntu/bemagro/data/image/Orthomosaico.tif", "Farm": "data" }, "geometry": { "type": "LineString", "coordinates": [ [ -40.25610695, -18.16793615 ], [ -40.25605091, -18.16796893 ], [ -40.25593678, -18.16803298 ], [ -40.2556699, -18.16818739 ], [ -40.25540138, -18.16833917 ], [ -40.25524779, -18.16842818 ], [ -40.25514939, -18.16848213 ], [ -40.25502764, -18.16855163 ], [ -40.2549065, -18.16862206 ], [ -40.25476984, -18.1687029 ], [ -40.2546809, -18.1687544 ], [ -40.25457658, -18.16881649 ], [ -40.25442231, -18.16890443 ], [ -40.25430922, -18.16897014 ], [ -40.25412488, -18.16908035 ], [ -40.25405312, -18.16912404 ], [ -40.25398825, -18.16916119 ], [ -40.25394822, -18.16918522 ], [ -40.25390044, -18.16921443 ], [ -40.25383738, -18.16925435 ], [ -40.25378128, -18.16928788 ], [ -40.25371808, -18.16932758 ], [ -40.25355074, -18.16942968 ], [ -40.25354279, -18.16943458 ], [ -40.25344038, -18.1694995 ], [ -40.25335299, -18.16955339 ], [ -40.25331402, -18.16957895 ], [ -40.25304645, -18.16974917 ], [ -40.25297526, -18.16979371 ], [ -40.25296729, -18.16979857 ], [ -40.25293484, -18.16981712 ], [ -40.25285707, -18.16986475 ] ] } },
{ "type": "Feature", "properties": { "Field": "001", "Length": 406.67893994440118, "Image": "/home/ubuntu/bemagro/data/image/Orthomosaico.tif", "Farm": "data" }, "geometry": { "type": "LineString", "coordinates": [ [ -40.25609763, -18.16792352 ], [ -40.25605826, -18.16794771 ], [ -40.25605024, -18.16795248 ], [ -40.25575844, -18.16811989 ], [ -40.25566968, -18.16817167 ], [ -40.2554417, -18.16830023 ], [ -40.25523953, -18.16841721 ], [ -40.25519872, -18.16844 ], [ -40.25515745, -18.16846203 ], [ -40.25514928, -18.16846658 ], [ -40.25510087, -18.16849483 ], [ -40.25501948, -18.16854079 ], [ -40.25469669, -18.16872906 ], [ -40.25461658, -18.16877703 ], [ -40.2543247, -18.16894431 ], [ -40.25431665, -18.16894904 ], [ -40.25408502, -18.16908921 ], [ -40.25396396, -18.16915979 ], [ -40.25395597, -18.16916462 ], [ -40.25392436, -18.16918446 ], [ -40.25385224, -18.1692276 ], [ -40.25384429, -18.16923249 ], [ -40.25379703, -18.16926247 ], [ -40.25370116, -18.16932043 ], [ -40.25360625, -18.16937982 ], [ -40.25351828, -18.16943282 ], [ -40.25351034, -18.16943773 ], [ -40.25342387, -18.16949295 ], [ -40.25336826, -18.16952722 ], [ -40.25331354, -18.16956279 ], [ -40.25323456, -18.16961246 ], [ -40.25309333, -18.16970318 ], [ -40.25299817, -18.16976221 ], [ -40.25296691, -18.16978255 ], [ -40.25295896, -18.16978743 ], [ -40.25290213, -18.16981983 ], [ -40.25283143, -18.1698605 ] ] } },
{ "type": "Feature", "properties": { "Field": "001", "Length": 407.86271997025, "Image": "/home/ubuntu/bemagro/data/image/Orthomosaico.tif", "Farm": "data" }, "geometry": { "type": "LineString", "coordinates": [ [ -40.25608912, -18.167912 ], [ -40.25604991, -18.16793641 ], [ -40.2558964, -18.16802554 ], [ -40.25587978, -18.16803416 ], [ -40.25585595, -18.16804886 ], [ -40.25577482, -18.16809523 ], [ -40.25574281, -18.16811447 ], [ -40.25566147, -18.16816053 ], [ -40.25562858, -18.16817835 ], [ -40.25549077, -18.16825737 ], [ -40.25547415, -18.16826599 ], [ -40.25533692, -18.16834592 ], [ -40.2552637, -18.16838735 ], [ -40.25523165, -18.16840653 ], [ -40.25514954, -18.16845131 ], [ -40.25502748, -18.16852029 ], [ -40.25489858, -18.16859593 ], [ -40.25486591, -18.16861414 ], [ -40.25480976, -18.16864761 ], [ -40.25473691, -18.16868962 ], [ -40.25465637, -18.16873692 ], [ -40.25460849, -18.16876599 ], [ -40.25454327, -18.16880258 ], [ -40.25430824, -18.16893749 ], [ -40.25408487, -18.16907324 ], [ -40.25395581, -18.16914862 ], [ -40.2538924, -18.16918802 ], [ -40.25383599, -18.16922109 ], [ -40.25379683, -18.16924639 ], [ -40.25367711, -18.16931902 ], [ -40.2535902, -18.1693736 ], [ -40.25354978, -18.16939702 ], [ -40.25349405, -18.16943112 ], [ -40.25340804, -18.169487 ], [ -40.25336036, -18.16951635 ], [ -40.25332126, -18.16954175 ], [ -40.25326576, -18.1695762 ], [ -40.2530853, -18.16969212 ], [ -40.25296655, -18.16976619 ], [ -40.25293423, -18.16978495 ], [ -40.2529027, -18.16980491 ], [ -40.25288656, -18.16981432 ], [ -40.2528157, -18.1698579 ] ] } },
{ "type": "Feature", "properties": { "Field": "001", "Length": 409.28742723738276, "Image": "/home/ubuntu/bemagro/data/image/Orthomosaico.tif", "Farm": "data" }, "geometry": { "type": "LineString", "coordinates": [ [ -40.25608076, -18.16790067 ], [ -40.25601741, -18.16793932 ], [ -40.25591155, -18.16799899 ], [ -40.25573449, -18.16810327 ], [ -40.25562023, -18.16816711 ], [ -40.25538505, -18.16830176 ], [ -40.25525584, -18.16837693 ], [ -40.2552151, -18.16839983 ], [ -40.25515739, -18.16843078 ], [ -40.25506022, -18.16848674 ], [ -40.25502745, -18.16850477 ], [ -40.25495469, -18.16854691 ], [ -40.2548986, -18.16858048 ], [ -40.25487393, -18.16859384 ], [ -40.2548335, -18.16861725 ], [ -40.25477743, -18.16865085 ], [ -40.25463193, -18.16873518 ], [ -40.25455977, -18.16877826 ], [ -40.25431616, -18.16891707 ], [ -40.25407632, -18.16906172 ], [ -40.25397128, -18.16912271 ], [ -40.25388422, -18.16917707 ], [ -40.25381989, -18.16921507 ], [ -40.25376477, -18.16925007 ], [ -40.25370868, -18.16928364 ], [ -40.25358967, -18.16935732 ], [ -40.25350111, -18.16940942 ], [ -40.25344656, -18.16944523 ], [ -40.25328081, -18.16954967 ], [ -40.25320271, -18.16960059 ], [ -40.25307693, -18.16968088 ], [ -40.25296598, -18.16974985 ], [ -40.25293363, -18.16976856 ], [ -40.25287014, -18.16980784 ], [ -40.25286222, -18.16981277 ], [ -40.25285474, -18.16981829 ], [ -40.25284692, -18.16982337 ], [ -40.25283111, -18.16983327 ], [ -40.25281491, -18.16984259 ], [ -40.25279686, -18.16985479 ] ] } },
{ "type": "Feature", "properties": { "Field": "001", "Length": 410.71707096892862, "Image": "/home/ubuntu/bemagro/data/image/Orthomosaico.tif", "Farm": "data" }, "geometry": { "type": "LineString", "coordinates": [ [ -40.25277811, -18.16985153 ], [ -40.25280373, -18.16983397 ], [ -40.25281995, -18.16982469 ], [ -40.25284366, -18.16980982 ], [ -40.25285126, -18.16980445 ], [ -40.25285697, -18.16979939 ], [ -40.25285867, -18.16979819 ], [ -40.25286042, -18.16979704 ], [ -40.25286638, -18.16979385 ], [ -40.25288179, -18.16978338 ], [ -40.25291357, -18.16976378 ], [ -40.25299389, -18.16971614 ], [ -40.25304935, -18.16968163 ], [ -40.25319885, -18.16958646 ], [ -40.25324555, -18.16955569 ], [ -40.25333199, -18.16950045 ], [ -40.25344268, -18.1694311 ], [ -40.25348942, -18.16940038 ], [ -40.25358586, -18.16934329 ], [ -40.25362619, -18.16931803 ], [ -40.25376106, -18.16923618 ], [ -40.25382425, -18.16919646 ], [ -40.25389623, -18.16915311 ], [ -40.25395157, -18.16911843 ], [ -40.25404849, -18.16906207 ], [ -40.25408825, -18.16903764 ], [ -40.25416058, -18.16899481 ], [ -40.25420816, -18.16896531 ], [ -40.25423338, -18.16895103 ], [ -40.25432085, -18.16889897 ], [ -40.25451557, -18.16878767 ], [ -40.25477346, -18.16863653 ], [ -40.2549031, -18.16856206 ], [ -40.25500789, -18.16850069 ], [ -40.25505683, -18.16847328 ], [ -40.2551456, -18.1684215 ], [ -40.25525288, -18.16836238 ], [ -40.25557602, -18.16817641 ], [ -40.2557147, -18.16809879 ], [ -40.25588372, -18.16799926 ], [ -40.25594049, -18.16796676 ], [ -40.25598167, -18.16794459 ], [ -40.25605422, -18.16790211 ], [ -40.25607325, -18.1678905 ] ] } },
{ "type": "Feature", "properties": { "Field": "001", "Length": 412.02266462997926, "Image": "/home/ubuntu/bemagro/data/image/Orthomosaico.tif", "Farm": "data" }, "geometry": { "type": "LineString", "coordinates": [ [ -40.25606469, -18.1678789 ], [ -40.25599281, -18.16792156 ], [ -40.25597709, -18.16793159 ], [ -40.25592762, -18.16795813 ], [ -40.25573337, -18.16807017 ], [ -40.25568524, -18.16809885 ], [ -40.25550613, -18.1681999 ], [ -40.25525532, -18.16834478 ], [ -40.25511658, -18.1684223 ], [ -40.25501976, -18.1684788 ], [ -40.25497886, -18.16850145 ], [ -40.25479331, -18.16860979 ], [ -40.25458284, -18.16873112 ], [ -40.25450244, -18.16877865 ], [ -40.25432401, -18.16888078 ], [ -40.25423531, -18.16893265 ], [ -40.25417914, -18.1689661 ], [ -40.25408354, -18.16902448 ], [ -40.25394664, -18.16910492 ], [ -40.2538754, -18.16914938 ], [ -40.25381154, -18.1691881 ], [ -40.25374049, -18.16923285 ], [ -40.25349287, -18.16938267 ], [ -40.25322475, -18.1695521 ], [ -40.25303627, -18.16967282 ], [ -40.25298088, -18.16970742 ], [ -40.25286884, -18.16977477 ], [ -40.25283803, -18.16979572 ], [ -40.25282252, -18.16980606 ], [ -40.25279081, -18.16982575 ], [ -40.25275928, -18.16984687 ] ] } },
{ "type": "Feature", "properties": { "Field": "001", "Length": 413.41007844608919, "Image": "/home/ubuntu/bemagro/data/image/Orthomosaico.tif", "Farm": "data" }, "geometry": { "type": "LineString", "coordinates": [ [ -40.25273966, -18.169842 ], [ -40.25274716, -18.1698376 ], [ -40.25275503, -18.16983261 ], [ -40.25277036, -18.16982204 ], [ -40.25279378, -18.16980674 ], [ -40.25280949, -18.16979669 ], [ -40.25283274, -18.16978118 ], [ -40.25289602, -18.16974159 ], [ -40.25299991, -18.16967884 ], [ -40.25300783, -18.16967391 ], [ -40.25335392, -18.16945337 ], [ -40.25348061, -18.16937438 ], [ -40.25363989, -18.16927701 ], [ -40.253752, -18.16920978 ], [ -40.2539341, -18.16909622 ], [ -40.25409491, -18.16900119 ], [ -40.2541986, -18.16893813 ], [ -40.2543032, -18.16887647 ], [ -40.25442481, -18.16880676 ], [ -40.25465898, -18.1686705 ], [ -40.25479694, -18.16859172 ], [ -40.2548532, -18.16855842 ], [ -40.25490198, -18.16853076 ], [ -40.25495012, -18.16850209 ], [ -40.25502335, -18.16846069 ], [ -40.25510388, -18.16841337 ], [ -40.25511203, -18.16840878 ], [ -40.25516949, -18.16837741 ], [ -40.25525076, -18.16833126 ], [ -40.25534747, -18.16827459 ], [ -40.25538833, -18.16825188 ], [ -40.25547711, -18.16820013 ], [ -40.25567239, -18.16808973 ], [ -40.25572865, -18.16805643 ], [ -40.2558261, -18.16800092 ], [ -40.25589054, -18.16796309 ], [ -40.25599653, -18.16790363 ], [ -40.25603659, -18.16787966 ], [ -40.25605659, -18.16786792 ] ] } },
{ "type": "Feature", "properties": { "Field": "001", "Length": 414.63000475007692, "Image": "/home/ubuntu/bemagro/data/image/Orthomosaico.tif", "Farm": "data" }, "geometry": { "type": "LineString", "coordinates": [ [ -40.2527226, -18.16983778 ], [ -40.25273352, -18.16982858 ], [ -40.25273797, -18.16982524 ], [ -40.2527683, -18.16980685 ], [ -40.25278342, -18.169796 ], [ -40.25279957, -18.1697866 ], [ -40.25283837, -18.1697608 ], [ -40.25301364, -18.16965378 ], [ -40.2533596, -18.16943305 ], [ -40.25364592, -18.16925722 ], [ -40.2537664, -18.16918573 ], [ -40.25381397, -18.1691562 ], [ -40.25387647, -18.16911551 ], [ -40.25392412, -18.1690861 ], [ -40.25405304, -18.16901049 ], [ -40.25411653, -18.16897121 ], [ -40.25419657, -18.16892312 ], [ -40.2543172, -18.16885188 ], [ -40.25443893, -18.16878237 ], [ -40.25464865, -18.16865985 ], [ -40.25481106, -18.16856733 ], [ -40.25510179, -18.16839823 ], [ -40.25515102, -18.1683713 ], [ -40.25527309, -18.16830234 ], [ -40.25532927, -18.16826891 ], [ -40.25536194, -18.16825072 ], [ -40.25545873, -18.16819416 ], [ -40.25564585, -18.16808832 ], [ -40.25574261, -18.16803173 ], [ -40.25582409, -18.1679859 ], [ -40.25594505, -18.16791518 ], [ -40.25598598, -18.16789258 ], [ -40.2560261, -18.16786869 ], [ -40.25604793, -18.1678562 ] ] } },
{ "type": "Feature", "properties": { "Field": "001", "Length": 416.16254794520552, "Image": "/home/ubuntu/bemagro/data/image/Orthomosaico.tif", "Farm": "data" }, "geometry": { "type": "LineString", "coordinates": [ [ -40.25603956, -18.16784485 ], [ -40.25591014, -18.1679188 ], [ -40.25580548, -18.16798037 ], [ -40.25574028, -18.16801699 ], [ -40.25561916, -18.16808748 ], [ -40.25544017, -18.16818871 ], [ -40.25526258, -18.16829216 ], [ -40.25512415, -18.1683702 ], [ -40.25509942, -18.16838346 ], [ -40.25501088, -18.16843559 ], [ -40.25490542, -18.1684959 ], [ -40.25484906, -18.16852904 ], [ -40.25464628, -18.16864506 ], [ -40.25452548, -18.16871604 ], [ -40.25437146, -18.16880438 ], [ -40.25421832, -18.16889408 ], [ -40.25405057, -18.16899557 ], [ -40.25390609, -18.16908148 ], [ -40.2537563, -18.16917622 ], [ -40.25371627, -18.16920026 ], [ -40.25365959, -18.16923289 ], [ -40.25349211, -18.16933479 ], [ -40.25330996, -18.16944827 ], [ -40.25299541, -18.16964888 ], [ -40.25282818, -18.16975114 ], [ -40.25277331, -18.16978649 ], [ -40.25275706, -18.16979574 ], [ -40.25272615, -18.16981655 ], [ -40.25270066, -18.16983234 ] ] } },
{ "type": "Feature", "properties": { "Field": "001", "Length": 417.42985224563006, "Image": "/home/ubuntu/bemagro/data/image/Orthomosaico.tif", "Farm": "data" }, "geometry": { "type": "LineString", "coordinates": [ [ -40.25268315, -18.169828 ], [ -40.25269052, -18.16982338 ], [ -40.25269823, -18.16981816 ], [ -40.25270563, -18.16981253 ], [ -40.25272097, -18.16980205 ], [ -40.25272852, -18.16979668 ], [ -40.25274497, -18.16978776 ], [ -40.25275306, -18.1697831 ], [ -40.25285549, -18.1697182 ], [ -40.25286345, -18.16971332 ], [ -40.2529038, -18.16968979 ], [ -40.25295938, -18.16965546 ], [ -40.25310868, -18.16956002 ], [ -40.25311659, -18.16955507 ], [ -40.25315653, -18.16953092 ], [ -40.2532822, -18.16945045 ], [ -40.25332176, -18.16942573 ], [ -40.25334507, -18.1694103 ], [ -40.25344057, -18.16935177 ], [ -40.25344846, -18.16934679 ], [ -40.25347187, -18.1693315 ], [ -40.25364728, -18.1692247 ], [ -40.25365532, -18.16921994 ], [ -40.25370407, -18.16919224 ], [ -40.25376005, -18.16915851 ], [ -40.25381533, -18.16912374 ], [ -40.25387787, -18.16908309 ], [ -40.25388576, -18.16907812 ], [ -40.25425386, -18.16885681 ], [ -40.25435062, -18.16880022 ], [ -40.25443215, -18.16875449 ], [ -40.25444023, -18.1687498 ], [ -40.2544721, -18.16873034 ], [ -40.2545614, -18.16867942 ], [ -40.2546577, -18.16862211 ], [ -40.25466581, -18.16861746 ], [ -40.2546987, -18.16859965 ], [ -40.25481222, -18.16853461 ], [ -40.25487645, -18.16849645 ], [ -40.2549578, -18.16845043 ], [ -40.25507848, -18.16837926 ], [ -40.25525808, -18.16827903 ], [ -40.2553795, -18.16820902 ], [ -40.25545982, -18.16816136 ], [ -40.25561477, -18.16807454 ], [ -40.25568701, -18.16803159 ], [ -40.25581701, -18.16795768 ], [ -40.25588913, -18.16791453 ], [ -40.25603195, -18.16783454 ] ] } },
{ "type": "Feature", "properties": { "Field": "001", "Length": 418.55391268997204, "Image": "/home/ubuntu/bemagro/data/image/Orthomosaico.tif", "Farm": "data" }, "geometry": { "type": "LineString", "coordinates": [ [ -40.2526668, -18.16982366 ], [ -40.25270451, -18.16979718 ], [ -40.25272078, -18.169788 ], [ -40.25272864, -18.16978298 ], [ -40.25275204, -18.16976766 ], [ -40.25277488, -18.16975159 ], [ -40.25281488, -18.16972752 ], [ -40.25283818, -18.16971207 ], [ -40.25287879, -18.16968896 ], [ -40.25296628, -18.16963524 ], [ -40.25309189, -18.1695547 ], [ -40.25318729, -18.16949603 ], [ -40.2533678, -18.16938017 ], [ -40.25337573, -18.16937524 ], [ -40.25346303, -18.16932124 ], [ -40.25363837, -18.16921434 ], [ -40.25372705, -18.16916243 ], [ -40.25387692, -18.16906781 ], [ -40.25426094, -18.16883675 ], [ -40.25432539, -18.16879893 ], [ -40.25440692, -18.1687532 ], [ -40.25448721, -18.1687055 ], [ -40.25456048, -18.16866417 ], [ -40.25464064, -18.16861627 ], [ -40.25482743, -18.1685099 ], [ -40.2548673, -18.16848563 ], [ -40.25495675, -18.16843495 ], [ -40.25509375, -18.16835464 ], [ -40.25514312, -18.16832795 ], [ -40.25527319, -18.16825416 ], [ -40.25550742, -18.16811801 ], [ -40.25560567, -18.1680638 ], [ -40.25565371, -18.16803497 ], [ -40.25580791, -18.16794694 ], [ -40.25585596, -18.16791813 ], [ -40.25596924, -18.16785273 ], [ -40.2560233, -18.16782283 ] ] } },
{ "type": "Feature", "properties": { "Field": "001", "Length": 418.36664772154063, "Image": "/home/ubuntu/bemagro/data/image/Orthomosaico.tif", "Farm": "data" }, "geometry": { "type": "LineString", "coordinates": [ [ -40.25265859, -18.16980981 ], [ -40.25269881, -18.16978556 ], [ -40.25271367, -18.16977437 ], [ -40.25274477, -18.16975381 ], [ -40.25281665, -18.1697103 ], [ -40.25283961, -18.16969439 ], [ -40.2528882, -18.16966642 ], [ -40.25295994, -18.1696227 ], [ -40.25306208, -18.16955738 ], [ -40.25320447, -18.16946833 ], [ -40.25333799, -18.16938283 ], [ -40.2534569, -18.16930899 ], [ -40.25353683, -18.16926074 ], [ -40.25359227, -18.16922621 ], [ -40.25366444, -18.16918314 ], [ -40.25368797, -18.16916801 ], [ -40.2537038, -18.16915813 ], [ -40.25373622, -18.16913952 ], [ -40.25392673, -18.16902176 ], [ -40.25430327, -18.16879631 ], [ -40.25431133, -18.16879158 ], [ -40.25437639, -18.16875473 ], [ -40.25466696, -18.16858539 ], [ -40.25479698, -18.16851151 ], [ -40.2548773, -18.16846387 ], [ -40.25495852, -18.16841762 ], [ -40.25506334, -18.16835632 ], [ -40.2550958, -18.16833778 ], [ -40.25513695, -18.16831554 ], [ -40.25516134, -18.1683017 ], [ -40.25533944, -18.16819906 ], [ -40.2553721, -18.16818083 ], [ -40.25542837, -18.16814756 ], [ -40.2555177, -18.16809667 ], [ -40.25559935, -18.16805113 ], [ -40.25598721, -18.16782602 ], [ -40.2559953, -18.16782136 ], [ -40.25601441, -18.16781078 ] ] } },
{ "type": "Feature", "properties": { "Field": "001", "Length": 418.04173637022615, "Image": "/home/ubuntu/bemagro/data/image/Orthomosaico.tif", "Farm": "data" }, "geometry": { "type": "LineString", "coordinates": [ [ -40.25264354, -18.1697844 ], [ -40.25281082, -18.16968168 ], [ -40.2528338, -18.16966581 ], [ -40.2528741, -18.16964219 ], [ -40.25296946, -18.16958345 ], [ -40.25319758, -18.16943811 ], [ -40.25336407, -18.16933476 ], [ -40.25343505, -18.16928992 ], [ -40.2535151, -18.16924186 ], [ -40.25361835, -18.16917815 ], [ -40.25373844, -18.16910608 ], [ -40.25384063, -18.16904082 ], [ -40.25392856, -18.16898776 ], [ -40.25401707, -18.1689356 ], [ -40.25410454, -18.16888184 ], [ -40.25422461, -18.16880974 ], [ -40.25434586, -18.16873946 ], [ -40.25437043, -18.16872591 ], [ -40.25453199, -18.16863204 ], [ -40.25455578, -18.16861729 ], [ -40.25466096, -18.16855653 ], [ -40.25476683, -18.16849687 ], [ -40.2548634, -18.16843999 ], [ -40.2549366, -18.16839853 ], [ -40.25502501, -18.16834621 ], [ -40.25507369, -18.16831838 ], [ -40.25514737, -18.16827772 ], [ -40.25536572, -18.16815138 ], [ -40.25538222, -18.16814255 ], [ -40.25541429, -18.1681234 ], [ -40.25558526, -18.16802696 ], [ -40.25569053, -18.16796635 ], [ -40.25577103, -18.16791899 ], [ -40.25579556, -18.16790537 ], [ -40.25590812, -18.16783884 ], [ -40.25597295, -18.1678016 ], [ -40.25599751, -18.16778788 ] ] } },
{ "type": "Feature", "properties": { "Field": "001", "Length": 417.87576527854878, "Image": "/home/ubuntu/bemagro/data/image/Orthomosaico.tif", "Farm": "data" }, "geometry": { "type": "LineString", "coordinates": [ [ -40.25598846, -18.16777562 ], [ -40.25595708, -18.16779497 ], [ -40.25588392, -18.16783648 ], [ -40.25581182, -18.16787965 ], [ -40.25574697, -18.16791684 ], [ -40.25567463, -18.16795965 ], [ -40.25549626, -18.16806188 ], [ -40.25542288, -18.16810302 ], [ -40.25514747, -18.16826141 ], [ -40.25503332, -18.16832543 ], [ -40.25488827, -18.16841047 ], [ -40.25457222, -18.16859193 ], [ -40.25440288, -18.16869095 ], [ -40.25424082, -18.16878404 ], [ -40.25382488, -18.16903447 ], [ -40.25371455, -18.16910434 ], [ -40.25360256, -18.16917175 ], [ -40.25356306, -18.16919657 ], [ -40.2533954, -18.16929817 ], [ -40.25317379, -18.16943654 ], [ -40.25304005, -18.16952172 ], [ -40.25289779, -18.16961096 ], [ -40.25288987, -18.1696159 ], [ -40.25281754, -18.16965872 ], [ -40.25274724, -18.16970452 ], [ -40.25265223, -18.16976378 ], [ -40.25263652, -18.16977257 ] ] } },
{ "type": "Feature", "properties": { "Field": "001", "Length": 417.7321916898162, "Image": "/home/ubuntu/bemagro/data/image/Orthomosaico.tif", "Farm": "data" }, "geometry": { "type": "LineString", "coordinates": [ [ -40.25598035, -18.16776464 ], [ -40.25593266, -18.16779314 ], [ -40.25587551, -18.16782502 ], [ -40.25580344, -18.16786825 ], [ -40.25571406, -18.16791905 ], [ -40.25562567, -18.1679714 ], [ -40.25552012, -18.16803156 ], [ -40.25547175, -18.16805988 ], [ -40.25526845, -18.16817508 ], [ -40.2551309, -18.16825451 ], [ -40.25499254, -18.16833265 ], [ -40.25481509, -18.16843632 ], [ -40.25470137, -18.16850104 ], [ -40.25462072, -18.16854818 ], [ -40.25454749, -18.16858957 ], [ -40.25445938, -18.16864237 ], [ -40.25434613, -18.16870782 ], [ -40.25428104, -18.16874464 ], [ -40.2541286, -18.16883543 ], [ -40.25412054, -18.16884015 ], [ -40.25409613, -18.16885396 ], [ -40.25400063, -18.16891248 ], [ -40.25390453, -18.16897009 ], [ -40.25372214, -18.16908322 ], [ -40.25330742, -18.16933549 ], [ -40.25314142, -18.16943958 ], [ -40.25302369, -18.16951512 ], [ -40.25280904, -18.16964714 ], [ -40.25280114, -18.1696521 ], [ -40.25274683, -18.16968823 ], [ -40.2526441, -18.16975271 ], [ -40.25263614, -18.16975757 ], [ -40.25262975, -18.16976114 ] ] } },
{ "type": "Feature", "properties": { "Field": "001", "Length": 402.27692417530352, "Image": "/home/ubuntu/bemagro/data/image/Orthomosaico.tif", "Farm": "data" }, "geometry": { "type": "LineString", "coordinates": [ [ -40.25277517, -18.16971569 ], [ -40.25288812, -18.16964976 ], [ -40.25298366, -18.16959128 ], [ -40.25299941, -18.1695813 ], [ -40.25304628, -18.16955076 ], [ -40.2531172, -18.16950584 ], [ -40.25345702, -18.1692926 ], [ -40.25352111, -18.16925424 ], [ -40.25360035, -18.16920495 ], [ -40.25366452, -18.1691667 ], [ -40.25367251, -18.16916187 ], [ -40.25369623, -18.16914701 ], [ -40.25372861, -18.16912835 ], [ -40.25383932, -18.16905903 ], [ -40.25393481, -18.16900049 ], [ -40.2540152, -18.16895295 ], [ -40.25418311, -18.16885172 ], [ -40.25428746, -18.16878967 ], [ -40.25430361, -18.16878026 ], [ -40.25441718, -18.16871531 ], [ -40.25457011, -18.16862528 ], [ -40.25466708, -18.16856901 ], [ -40.25468334, -18.16855978 ], [ -40.25477313, -18.16850966 ], [ -40.25485323, -18.16846166 ], [ -40.25494269, -18.16841099 ], [ -40.2549827, -18.16838693 ], [ -40.2550393, -18.16835416 ], [ -40.25505556, -18.16834495 ], [ -40.25515363, -18.16829045 ], [ -40.25542851, -18.16813123 ], [ -40.25561576, -18.1680256 ], [ -40.25581788, -18.16790852 ], [ -40.25590632, -18.16785625 ], [ -40.25597907, -18.16781407 ], [ -40.2560058, -18.16779912 ] ] } },
{ "type": "Feature", "properties": { "Field": "001", "Length": 417.57906830871332, "Image": "/home/ubuntu/bemagro/data/image/Orthomosaico.tif", "Farm": "data" }, "geometry": { "type": "LineString", "coordinates": [ [ -40.25597105, -18.16775203 ], [ -40.25593171, -18.16777625 ], [ -40.25588312, -18.16780422 ], [ -40.25581923, -18.16784291 ], [ -40.25572164, -18.16789818 ], [ -40.25564937, -18.1679411 ], [ -40.25556851, -18.16798791 ], [ -40.25544698, -18.16805774 ], [ -40.25539796, -18.16808501 ], [ -40.25530891, -18.16813634 ], [ -40.25521127, -18.16819155 ], [ -40.25510618, -18.16825243 ], [ -40.25500027, -18.16831202 ], [ -40.25479841, -18.16842951 ], [ -40.25454718, -18.16857372 ], [ -40.25448313, -18.16861215 ], [ -40.25438636, -18.16866875 ], [ -40.25425637, -18.16874266 ], [ -40.25415242, -18.16880532 ], [ -40.25406374, -18.16885723 ], [ -40.25404805, -18.16886731 ], [ -40.25388042, -18.16896896 ], [ -40.25384093, -18.16899379 ], [ -40.25380081, -18.16901769 ], [ -40.25372952, -18.16906207 ], [ -40.25365751, -18.16910539 ], [ -40.25351456, -18.16919361 ], [ -40.25341048, -18.16925608 ], [ -40.25329903, -18.1693243 ], [ -40.25323596, -18.16936419 ], [ -40.25312481, -18.16943287 ], [ -40.25302275, -18.16949831 ], [ -40.25293519, -18.16955193 ], [ -40.2528484, -18.16960667 ], [ -40.25278462, -18.16964551 ], [ -40.25262331, -18.16975028 ] ] } },
{ "type": "Feature", "properties": { "Field": "001", "Length": 417.08324375172231, "Image": "/home/ubuntu/bemagro/data/image/Orthomosaico.tif", "Farm": "data" }, "geometry": { "type": "LineString", "coordinates": [ [ -40.25596216, -18.16773999 ], [ -40.25591492, -18.16776917 ], [ -40.25581874, -18.16782667 ], [ -40.25581068, -18.16783139 ], [ -40.25572112, -18.1678819 ], [ -40.25560857, -18.16794845 ], [ -40.25547089, -18.16802769 ], [ -40.25538112, -18.16807784 ], [ -40.25526812, -18.1681437 ], [ -40.25517843, -18.168194 ], [ -40.25509781, -18.16824117 ], [ -40.25501625, -18.16828687 ], [ -40.2547253, -18.16845561 ], [ -40.25454687, -18.16855774 ], [ -40.2545388, -18.16856245 ], [ -40.25446675, -18.16860569 ], [ -40.25441804, -18.16863348 ], [ -40.25436983, -18.16866203 ], [ -40.25423185, -18.16874078 ], [ -40.2539517, -18.16890906 ], [ -40.25387236, -18.16895818 ], [ -40.25380832, -18.16899663 ], [ -40.25374504, -18.16903621 ], [ -40.25364917, -18.16909419 ], [ -40.25349841, -18.1691875 ], [ -40.25340222, -18.16924499 ], [ -40.25332274, -18.16929392 ], [ -40.25327467, -18.16932269 ], [ -40.25314009, -18.16940664 ], [ -40.25302199, -18.16948167 ], [ -40.25291067, -18.16955008 ], [ -40.25283204, -18.16960025 ], [ -40.25275247, -18.16964903 ], [ -40.25265029, -18.1697143 ], [ -40.25264228, -18.16971909 ], [ -40.2526164, -18.16973289 ] ] } },
{ "type": "Feature", "properties": { "Field": "001", "Length": 416.52850707152464, "Image": "/home/ubuntu/bemagro/data/image/Orthomosaico.tif", "Farm": "data" }, "geometry": { "type": "LineString", "coordinates": [ [ -40.25595368, -18.1677285 ], [ -40.25591452, -18.16775299 ], [ -40.25581824, -18.16781032 ], [ -40.25581019, -18.16781506 ], [ -40.25572082, -18.16786588 ], [ -40.25560831, -18.16793249 ], [ -40.25545432, -18.16802087 ], [ -40.2553889, -18.16805713 ], [ -40.25538082, -18.16806182 ], [ -40.25537294, -18.16806681 ], [ -40.25531614, -18.16809928 ], [ -40.25525981, -18.16813247 ], [ -40.25517822, -18.1681781 ], [ -40.25512199, -18.16821144 ], [ -40.25501593, -18.16827078 ], [ -40.25477358, -18.16841158 ], [ -40.25453863, -18.1685466 ], [ -40.25433711, -18.16866462 ], [ -40.25420735, -18.16873891 ], [ -40.25413561, -18.16878263 ], [ -40.25394333, -18.16889774 ], [ -40.25389576, -18.16892727 ], [ -40.25379193, -18.16899011 ], [ -40.25374468, -18.1690201 ], [ -40.25363295, -18.16908791 ], [ -40.253522, -18.16915688 ], [ -40.25327438, -18.16930669 ], [ -40.25313959, -18.16939035 ], [ -40.25307697, -18.16943088 ], [ -40.25301369, -18.16947046 ], [ -40.25287825, -18.16955314 ], [ -40.25282337, -18.16958849 ], [ -40.25277561, -18.16961773 ], [ -40.25264198, -18.16970306 ], [ -40.25263395, -18.16970783 ], [ -40.2526257, -18.16971223 ], [ -40.25261759, -18.16971687 ], [ -40.25261302, -18.16971976 ] ] } },
{ "type": "Feature", "properties": { "Field": "001", "Length": 415.94975802033264, "Image": "/home/ubuntu/bemagro/data/image/Orthomosaico.tif", "Farm": "data" }, "geometry": { "type": "LineString", "coordinates": [ [ -40.2559456, -18.16771755 ], [ -40.25585809, -18.16777041 ], [ -40.2558014, -18.16780303 ], [ -40.25561617, -18.16791187 ], [ -40.25542978, -18.16801887 ], [ -40.25533214, -18.16807407 ], [ -40.2552677, -18.1681119 ], [ -40.2551782, -18.16816251 ], [ -40.25510589, -18.16820538 ], [ -40.2549916, -18.16826916 ], [ -40.25491922, -18.1683119 ], [ -40.25478933, -18.16838599 ], [ -40.25474118, -18.16841464 ], [ -40.25467594, -18.1684512 ], [ -40.2546116, -18.16848919 ], [ -40.25453847, -18.16853075 ], [ -40.25445003, -18.16858304 ], [ -40.25441738, -18.16860127 ], [ -40.25432065, -18.16865791 ], [ -40.25420712, -18.16872292 ], [ -40.25413542, -18.16876671 ], [ -40.25399066, -18.16885219 ], [ -40.2538636, -18.16893063 ], [ -40.25378356, -18.16897871 ], [ -40.25356956, -18.16911168 ], [ -40.25344192, -18.16918925 ], [ -40.25336966, -18.16923218 ], [ -40.25331432, -18.16926686 ], [ -40.25321861, -18.16932508 ], [ -40.25319512, -18.16934027 ], [ -40.25313152, -18.16937938 ], [ -40.25305289, -18.16942953 ], [ -40.25295777, -18.16948863 ], [ -40.25285404, -18.16955162 ], [ -40.25279909, -18.16958687 ], [ -40.25273541, -18.16962586 ], [ -40.2526808, -18.16966158 ], [ -40.25265001, -18.16968256 ], [ -40.25263429, -18.1696926 ], [ -40.25262625, -18.16969735 ], [ -40.252618, -18.16970176 ], [ -40.25260989, -18.16970642 ] ] } },
{ "type": "Feature", "properties": { "Field": "001", "Length": 415.39011139112642, "Image": "/home/ubuntu/bemagro/data/image/Orthomosaico.tif", "Farm": "data" }, "geometry": { "type": "LineString", "coordinates": [ [ -40.25593708, -18.16770602 ], [ -40.2558979, -18.16773047 ], [ -40.25586586, -18.16774967 ], [ -40.25576086, -18.16781071 ], [ -40.25564031, -18.16788207 ], [ -40.25555093, -18.16793286 ], [ -40.25541338, -18.1680123 ], [ -40.25533182, -18.168058 ], [ -40.25525128, -18.16810531 ], [ -40.25516184, -18.168156 ], [ -40.25509759, -18.16819414 ], [ -40.2550895, -18.16819881 ], [ -40.25496715, -18.16826731 ], [ -40.25495906, -18.168272 ], [ -40.25491898, -18.16829594 ], [ -40.25477281, -18.16837921 ], [ -40.25472456, -18.16840772 ], [ -40.25466757, -18.16843986 ], [ -40.2546033, -18.16847795 ], [ -40.25453015, -18.16851948 ], [ -40.25445781, -18.16856228 ], [ -40.25439295, -18.16859946 ], [ -40.25432855, -18.16863736 ], [ -40.25423114, -18.16869294 ], [ -40.25422308, -18.16869766 ], [ -40.25409508, -18.16877468 ], [ -40.25400633, -18.16882648 ], [ -40.25394238, -18.16886506 ], [ -40.25384732, -18.16892425 ], [ -40.25375955, -18.16897755 ], [ -40.25363249, -18.16905599 ], [ -40.25358517, -18.16908587 ], [ -40.25346522, -18.16915816 ], [ -40.25340161, -18.16919726 ], [ -40.25335341, -18.16922585 ], [ -40.25334548, -18.16923076 ], [ -40.25331409, -18.16925092 ], [ -40.253163, -18.16934375 ], [ -40.25309209, -18.16938869 ], [ -40.25301264, -18.16943765 ], [ -40.25295745, -18.16947256 ], [ -40.25285383, -18.16953571 ], [ -40.25279096, -18.16957589 ], [ -40.25271111, -18.16962425 ], [ -40.25268756, -18.16963936 ], [ -40.2526336, -18.16967598 ], [ -40.25262581, -18.16968109 ], [ -40.25261777, -18.16968584 ], [ -40.25260595, -18.1696923 ] ] } },
{ "type": "Feature", "properties": { "Field": "001", "Length": 414.8374072778542, "Image": "/home/ubuntu/bemagro/data/image/Orthomosaico.tif", "Farm": "data" }, "geometry": { "type": "LineString", "coordinates": [ [ -40.25592902, -18.16769509 ], [ -40.25585754, -18.16773836 ], [ -40.25575224, -18.16779892 ], [ -40.25555894, -18.16791246 ], [ -40.25550198, -18.16794466 ], [ -40.25544562, -18.1679778 ], [ -40.25533104, -18.16804112 ], [ -40.25525064, -18.16808865 ], [ -40.25514497, -18.16814861 ], [ -40.25507284, -18.16819174 ], [ -40.25495865, -18.16825569 ], [ -40.25486177, -18.1683121 ], [ -40.2547966, -18.16834879 ], [ -40.25467539, -18.16841912 ], [ -40.25465077, -18.16843258 ], [ -40.25457042, -18.16848018 ], [ -40.25422309, -18.16868205 ], [ -40.25410285, -18.16875389 ], [ -40.25398202, -18.16882482 ], [ -40.25342505, -18.16916639 ], [ -40.25336093, -18.16920471 ], [ -40.25330567, -18.1692395 ], [ -40.25316244, -18.16932732 ], [ -40.25307573, -18.16938219 ], [ -40.2529725, -18.16944593 ], [ -40.25290153, -18.16949079 ], [ -40.25282956, -18.16953415 ], [ -40.25277445, -18.16956917 ], [ -40.25270249, -18.16961256 ], [ -40.25260258, -18.1696792 ] ] } },
{ "type": "Feature", "properties": { "Field": "001", "Length": 414.2473403125112, "Image": "/home/ubuntu/bemagro/data/image/Orthomosaico.tif", "Farm": "data" }, "geometry": { "type": "LineString", "coordinates": [ [ -40.25592055, -18.16768372 ], [ -40.2559047, -18.16769272 ], [ -40.2558967, -18.16769754 ], [ -40.25584902, -18.1677269 ], [ -40.25573552, -18.16779196 ], [ -40.25561499, -18.16786336 ], [ -40.25551761, -18.16791898 ], [ -40.25544526, -18.16796177 ], [ -40.25531424, -18.168034 ], [ -40.25524198, -18.16807694 ], [ -40.25518496, -18.16810904 ], [ -40.25506421, -18.16818009 ], [ -40.25497445, -18.16823028 ], [ -40.25487757, -18.16828669 ], [ -40.25463407, -18.16842565 ], [ -40.2545377, -18.16848286 ], [ -40.25449702, -18.16850586 ], [ -40.25430338, -18.16861888 ], [ -40.25398167, -18.16880881 ], [ -40.25390958, -18.168852 ], [ -40.25386212, -18.16888169 ], [ -40.2537983, -18.16892048 ], [ -40.25375105, -18.16895047 ], [ -40.2537431, -18.16895536 ], [ -40.25352772, -18.16908628 ], [ -40.2531382, -18.1693259 ], [ -40.25303567, -18.16939067 ], [ -40.25295613, -18.16943949 ], [ -40.25290106, -18.16947457 ], [ -40.25281311, -18.1695276 ], [ -40.25269421, -18.16960146 ], [ -40.25266284, -18.16962163 ], [ -40.25259896, -18.16966516 ] ] } },
{ "type": "Feature", "properties": { "Field": "001", "Length": 413.71108570788789, "Image": "/home/ubuntu/bemagro/data/image/Orthomosaico.tif", "Farm": "data" }, "geometry": { "type": "LineString", "coordinates": [ [ -40.25591224, -18.16767263 ], [ -40.25588827, -18.16768625 ], [ -40.25583221, -18.16771985 ], [ -40.25575095, -18.16776604 ], [ -40.25560646, -18.16785194 ], [ -40.25549278, -18.16791671 ], [ -40.25543652, -18.16795001 ], [ -40.25528145, -18.16803664 ], [ -40.25514408, -18.16811637 ], [ -40.25506369, -18.16816391 ], [ -40.25493345, -18.16823742 ], [ -40.25473945, -18.16834987 ], [ -40.25464188, -18.16840517 ], [ -40.2545696, -18.16844807 ], [ -40.25438356, -18.16855564 ], [ -40.2542309, -18.1686461 ], [ -40.2541258, -18.16870698 ], [ -40.25404565, -18.16875489 ], [ -40.25400519, -18.16877826 ], [ -40.25391713, -18.16883111 ], [ -40.25380562, -18.16889926 ], [ -40.25379766, -18.16890414 ], [ -40.25371882, -18.168954 ], [ -40.2535431, -18.16906032 ], [ -40.25344813, -18.16911963 ], [ -40.25333626, -18.16918722 ], [ -40.25312154, -18.16931914 ], [ -40.25301121, -18.169389 ], [ -40.25293159, -18.16943772 ], [ -40.25288438, -18.16946778 ], [ -40.25280454, -18.16951616 ], [ -40.25272549, -18.1695657 ], [ -40.25268549, -18.16958977 ], [ -40.25263854, -18.1696202 ], [ -40.252624, -18.16963175 ], [ -40.25259564, -18.16965226 ] ] } },
{ "type": "Feature", "properties": { "Field": "001", "Length": 413.10316140387869, "Image": "/home/ubuntu/bemagro/data/image/Orthomosaico.tif", "Farm": "data" }, "geometry": { "type": "LineString", "coordinates": [ [ -40.2559043, -18.16766202 ], [ -40.25586378, -18.1676844 ], [ -40.25580744, -18.16771758 ], [ -40.25572637, -18.16776405 ], [ -40.25562207, -18.16782618 ], [ -40.25553287, -18.16787725 ], [ -40.25543611, -18.16793385 ], [ -40.25526496, -18.16803 ], [ -40.25520853, -18.16806304 ], [ -40.25514358, -18.16810007 ], [ -40.25504696, -18.16815688 ], [ -40.25490881, -18.16823537 ], [ -40.25474724, -18.16832922 ], [ -40.25464967, -18.16838453 ], [ -40.25456129, -18.16843691 ], [ -40.25445575, -18.16849708 ], [ -40.25422255, -18.16863486 ], [ -40.25411757, -18.16869593 ], [ -40.25404553, -18.16873919 ], [ -40.25398086, -18.16877667 ], [ -40.25397284, -18.16878145 ], [ -40.25393295, -18.1688057 ], [ -40.25390869, -18.16881973 ], [ -40.25390067, -18.16882452 ], [ -40.25378151, -18.16889799 ], [ -40.25370251, -18.16894762 ], [ -40.25352675, -18.16905389 ], [ -40.25343194, -18.16911343 ], [ -40.25321631, -18.16924397 ], [ -40.25287579, -18.16945618 ], [ -40.25279619, -18.16950492 ], [ -40.2527251, -18.1695496 ], [ -40.25269294, -18.16956861 ], [ -40.25268502, -18.16957354 ], [ -40.25263029, -18.16960911 ], [ -40.25261578, -18.16962068 ], [ -40.25259191, -18.16963776 ] ] } },
{ "type": "Feature", "properties": { "Field": "001", "Length": 412.52910024302338, "Image": "/home/ubuntu/bemagro/data/image/Orthomosaico.tif", "Farm": "data" }, "geometry": { "type": "LineString", "coordinates": [ [ -40.25589584, -18.16765073 ], [ -40.25583913, -18.16768244 ], [ -40.25579902, -18.16770635 ], [ -40.25570188, -18.16776234 ], [ -40.25562167, -18.16781016 ], [ -40.25543536, -18.16791729 ], [ -40.25540325, -18.16793639 ], [ -40.25526457, -18.168014 ], [ -40.25516784, -18.16807065 ], [ -40.25503003, -18.16814968 ], [ -40.25497373, -18.16818292 ], [ -40.25490862, -18.16821969 ], [ -40.2548442, -18.16825756 ], [ -40.25480338, -18.16828033 ], [ -40.25474697, -18.1683134 ], [ -40.25462509, -18.16838268 ], [ -40.25456881, -18.16841594 ], [ -40.25446344, -18.16847639 ], [ -40.2542302, -18.1686141 ], [ -40.25411712, -18.16867983 ], [ -40.25394856, -18.16878008 ], [ -40.25389197, -18.16881287 ], [ -40.25382844, -18.16885208 ], [ -40.25379722, -18.16887248 ], [ -40.25370991, -18.16892646 ], [ -40.25363787, -18.16896972 ], [ -40.25361433, -18.16898484 ], [ -40.25351849, -18.16904286 ], [ -40.25338359, -18.16912635 ], [ -40.25331982, -18.16916521 ], [ -40.25324754, -18.1692081 ], [ -40.25315206, -18.16926665 ], [ -40.2530021, -18.16936115 ], [ -40.25292241, -18.16940977 ], [ -40.25284353, -18.16945956 ], [ -40.25277975, -18.16949841 ], [ -40.25273243, -18.16952831 ], [ -40.25269238, -18.1695523 ], [ -40.25262244, -18.16959861 ], [ -40.25260798, -18.16961024 ], [ -40.25258842, -18.16962417 ] ] } },
{ "type": "Feature", "properties": { "Field": "001", "Length": 411.93367218182897, "Image": "/home/ubuntu/bemagro/data/image/Orthomosaico.tif", "Farm": "data" }, "geometry": { "type": "LineString", "coordinates": [ [ -40.25588728, -18.1676393 ], [ -40.2558388, -18.16766656 ], [ -40.25577462, -18.1677048 ], [ -40.25569356, -18.1677513 ], [ -40.25565362, -18.16777546 ], [ -40.25549215, -18.16786947 ], [ -40.25545135, -18.16789228 ], [ -40.2553787, -18.1679346 ], [ -40.25526429, -18.1679982 ], [ -40.25513535, -18.16807377 ], [ -40.25502159, -18.16813842 ], [ -40.25493294, -18.16819038 ], [ -40.25454377, -18.1684134 ], [ -40.25431804, -18.16854554 ], [ -40.25422987, -18.16859823 ], [ -40.2541328, -18.16865435 ], [ -40.25400449, -18.1687309 ], [ -40.25389162, -18.16879697 ], [ -40.25382793, -18.16883594 ], [ -40.25377298, -18.16887119 ], [ -40.25370958, -18.16891059 ], [ -40.25363752, -18.16895383 ], [ -40.25332734, -18.16914431 ], [ -40.25323108, -18.1692017 ], [ -40.2531916, -18.16922654 ], [ -40.25313568, -18.16926036 ], [ -40.25300156, -18.16934499 ], [ -40.25292183, -18.16939353 ], [ -40.25281129, -18.1694631 ], [ -40.25269196, -18.16953633 ], [ -40.2526142, -18.16958771 ], [ -40.25259986, -18.16959949 ], [ -40.25258482, -18.1696102 ] ] } },
{ "type": "Feature", "properties": { "Field": "001", "Length": 411.18391922156076, "Image": "/home/ubuntu/bemagro/data/image/Orthomosaico.tif", "Farm": "data" }, "geometry": { "type": "LineString", "coordinates": [ [ -40.25587837, -18.16762741 ], [ -40.25579028, -18.16767937 ], [ -40.25558808, -18.16779631 ], [ -40.25556423, -18.16781098 ], [ -40.25555619, -18.16781573 ], [ -40.25547549, -18.1678628 ], [ -40.25536208, -18.16792801 ], [ -40.25526408, -18.16798262 ], [ -40.25525597, -18.16798727 ], [ -40.25517509, -18.16803403 ], [ -40.25511887, -18.16806739 ], [ -40.25497295, -18.16815107 ], [ -40.25489248, -18.16819849 ], [ -40.25480278, -18.16824877 ], [ -40.25474633, -18.16828177 ], [ -40.25456769, -18.16838357 ], [ -40.25439031, -18.16848735 ], [ -40.25434228, -18.16851619 ], [ -40.25430176, -18.16853945 ], [ -40.25422966, -18.16858263 ], [ -40.2541971, -18.16860101 ], [ -40.25409226, -18.1686623 ], [ -40.25401228, -18.16871047 ], [ -40.25389958, -18.1687768 ], [ -40.25381953, -18.16882486 ], [ -40.25378046, -18.16885029 ], [ -40.25369333, -18.16890454 ], [ -40.25364511, -18.16893309 ], [ -40.25340649, -18.16907958 ], [ -40.25335826, -18.16910812 ], [ -40.25329478, -18.16914741 ], [ -40.25319873, -18.16920511 ], [ -40.2531908, -18.16921002 ], [ -40.25296113, -18.16935311 ], [ -40.25276265, -18.16947574 ], [ -40.25262074, -18.16956549 ], [ -40.25258034, -18.1695928 ] ] } },
{ "type": "Feature", "properties": { "Field": "001", "Length": 410.5816734692072, "Image": "/home/ubuntu/bemagro/data/image/Orthomosaico.tif", "Farm": "data" }, "geometry": { "type": "LineString", "coordinates": [ [ -40.25587011, -18.16761638 ], [ -40.25582186, -18.16764402 ], [ -40.2557576, -18.16768212 ], [ -40.25561993, -18.16776137 ], [ -40.25549134, -18.16783749 ], [ -40.25537814, -18.16790303 ], [ -40.25527207, -18.16796236 ], [ -40.25514244, -18.16803684 ], [ -40.2550538, -18.16808881 ], [ -40.25496468, -18.16814004 ], [ -40.25488422, -18.16818746 ], [ -40.25481085, -18.16822864 ], [ -40.25476255, -18.16825706 ], [ -40.2546647, -18.16831192 ], [ -40.25454311, -18.16838165 ], [ -40.25447895, -18.16841993 ], [ -40.25435785, -18.16849044 ], [ -40.25426172, -18.168548 ], [ -40.25414027, -18.16861798 ], [ -40.25406797, -18.16866083 ], [ -40.25400414, -18.16869961 ], [ -40.25382751, -18.16880455 ], [ -40.25381954, -18.16880942 ], [ -40.25374865, -18.16885438 ], [ -40.253693, -18.16888861 ], [ -40.25363682, -18.16892203 ], [ -40.25347746, -18.16901928 ], [ -40.25339018, -18.16907332 ], [ -40.25338218, -18.16907812 ], [ -40.25335788, -18.1690921 ], [ -40.25313476, -18.16922822 ], [ -40.25299198, -18.1693167 ], [ -40.2529448, -18.1693468 ], [ -40.25279375, -18.1694397 ], [ -40.25267577, -18.16951488 ], [ -40.2526197, -18.16954848 ], [ -40.2526119, -18.16955356 ], [ -40.25259693, -18.1695646 ], [ -40.25258933, -18.16956996 ], [ -40.25257663, -18.16957838 ] ] } },
{ "type": "Feature", "properties": { "Field": "001", "Length": 409.96392209943036, "Image": "/home/ubuntu/bemagro/data/image/Orthomosaico.tif", "Farm": "data" }, "geometry": { "type": "LineString", "coordinates": [ [ -40.25586119, -18.16760448 ], [ -40.25570832, -18.16769408 ], [ -40.25561099, -18.16774977 ], [ -40.25549856, -18.16781651 ], [ -40.2553695, -18.1678919 ], [ -40.25531215, -18.16792345 ], [ -40.25511736, -18.16803465 ], [ -40.25506119, -18.16806808 ], [ -40.25497995, -18.16811429 ], [ -40.25485939, -18.16818565 ], [ -40.25475386, -18.16824585 ], [ -40.25468848, -18.16828218 ], [ -40.25464822, -18.16830585 ], [ -40.25451021, -18.16838456 ], [ -40.25441393, -18.16844191 ], [ -40.25430895, -18.16850297 ], [ -40.25426112, -18.16853211 ], [ -40.25418815, -18.16857392 ], [ -40.25405948, -18.16864992 ], [ -40.25397167, -18.16870317 ], [ -40.25391516, -18.16873608 ], [ -40.25381916, -18.16879386 ], [ -40.25373216, -18.1688483 ], [ -40.25356454, -18.16894997 ], [ -40.25352431, -18.16897369 ], [ -40.25336561, -18.16907191 ], [ -40.25322165, -18.16915864 ], [ -40.25304666, -18.16926607 ], [ -40.25291228, -18.16935032 ], [ -40.25272961, -18.16946304 ], [ -40.25271428, -18.16947362 ], [ -40.25261916, -18.16953271 ], [ -40.25261177, -18.16953834 ], [ -40.25257293, -18.16956399 ] ] } },
{ "type": "Feature", "properties": { "Field": "001", "Length": 409.32120960425175, "Image": "/home/ubuntu/bemagro/data/image/Orthomosaico.tif", "Farm": "data" }, "geometry": { "type": "LineString", "coordinates": [ [ -40.25585272, -18.16759317 ], [ -40.25570824, -18.16767822 ], [ -40.25558659, -18.16774786 ], [ -40.25538534, -18.1678663 ], [ -40.25529589, -18.16791699 ], [ -40.25523938, -18.1679499 ], [ -40.2550929, -18.16803266 ], [ -40.25484294, -18.16817888 ], [ -40.25470458, -18.16825701 ], [ -40.25464009, -18.16829477 ], [ -40.25448594, -18.1683829 ], [ -40.25441379, -18.16842599 ], [ -40.25430067, -18.16849167 ], [ -40.25425276, -18.16852068 ], [ -40.25418802, -18.16855805 ], [ -40.25408348, -18.1686198 ], [ -40.25382712, -18.16877331 ], [ -40.25374788, -18.16882259 ], [ -40.25367566, -18.16886558 ], [ -40.25356427, -18.16893389 ], [ -40.25347632, -18.16898693 ], [ -40.25332553, -18.1690802 ], [ -40.25315761, -18.16918143 ], [ -40.25280829, -18.16939726 ], [ -40.25268957, -18.16947139 ], [ -40.25264263, -18.16950182 ], [ -40.25260412, -18.16952802 ], [ -40.25259619, -18.16953294 ], [ -40.25256904, -18.16954889 ] ] } },
{ "type": "Feature", "properties": { "Field": "001", "Length": 408.82054524603245, "Image": "/home/ubuntu/bemagro/data/image/Orthomosaico.tif", "Farm": "data" }, "geometry": { "type": "LineString", "coordinates": [ [ -40.25584457, -18.16758228 ], [ -40.25568361, -18.16767623 ], [ -40.25557814, -18.16773651 ], [ -40.25540928, -18.1678363 ], [ -40.25527118, -18.16791485 ], [ -40.25523089, -18.16793848 ], [ -40.25514924, -18.16798402 ], [ -40.25506819, -18.16803052 ], [ -40.25491527, -18.16812058 ], [ -40.25481829, -18.16817683 ], [ -40.25472844, -18.16822688 ], [ -40.25462356, -18.16828809 ], [ -40.25454178, -18.16833342 ], [ -40.25440531, -18.16841455 ], [ -40.25430838, -18.16847088 ], [ -40.2540511, -18.16862297 ], [ -40.2538589, -18.1687382 ], [ -40.25375559, -18.16880183 ], [ -40.25365914, -18.16885891 ], [ -40.25357983, -18.16890807 ], [ -40.25332434, -18.16906291 ], [ -40.25320543, -18.16913675 ], [ -40.25310953, -18.16919466 ], [ -40.25287167, -18.16934229 ], [ -40.25280784, -18.16938107 ], [ -40.25272908, -18.16943104 ], [ -40.2526811, -18.16945996 ], [ -40.25261078, -18.16950574 ], [ -40.25260304, -18.16951092 ], [ -40.25258824, -18.16952217 ], [ -40.25258075, -18.16952768 ], [ -40.25256597, -18.16953696 ] ] } },
{ "type": "Feature", "properties": { "Field": "001", "Length": 408.13944532551341, "Image": "/home/ubuntu/bemagro/data/image/Orthomosaico.tif", "Farm": "data" }, "geometry": { "type": "LineString", "coordinates": [ [ -40.25583623, -18.16757115 ], [ -40.25579605, -18.16759407 ], [ -40.2556752, -18.16766498 ], [ -40.25558577, -18.16771569 ], [ -40.25537658, -18.16783904 ], [ -40.25528708, -18.16788963 ], [ -40.25522242, -18.16792713 ], [ -40.25515694, -18.16796329 ], [ -40.2550437, -18.16802878 ], [ -40.25502727, -18.16803772 ], [ -40.25501142, -18.16804757 ], [ -40.2550034, -18.16805234 ], [ -40.2548423, -18.16814694 ], [ -40.25474433, -18.16820161 ], [ -40.25464748, -18.16825807 ], [ -40.25454155, -18.16831762 ], [ -40.25440502, -18.16839865 ], [ -40.25426763, -18.16847833 ], [ -40.25402666, -18.16862127 ], [ -40.25383449, -18.16873656 ], [ -40.25376316, -18.16878088 ], [ -40.25364279, -18.16885254 ], [ -40.2535795, -18.16889211 ], [ -40.25346778, -18.16895993 ], [ -40.25341147, -18.16899315 ], [ -40.25337995, -18.16901311 ], [ -40.25330797, -18.16905648 ], [ -40.25316534, -18.16914518 ], [ -40.25299782, -18.16924699 ], [ -40.25284746, -18.16934091 ], [ -40.25279149, -18.16937466 ], [ -40.25268098, -18.16944427 ], [ -40.25256183, -18.16952086 ] ] } },
{ "type": "Feature", "properties": { "Field": "001", "Length": 407.54037402587102, "Image": "/home/ubuntu/bemagro/data/image/Orthomosaico.tif", "Farm": "data" }, "geometry": { "type": "LineString", "coordinates": [ [ -40.25582783, -18.16755993 ], [ -40.25581186, -18.16756873 ], [ -40.25580376, -18.16757338 ], [ -40.25575575, -18.16760226 ], [ -40.25565874, -18.16765847 ], [ -40.25556939, -18.16770931 ], [ -40.25536801, -18.16782755 ], [ -40.25519758, -18.16792485 ], [ -40.25510785, -18.16797508 ], [ -40.25500259, -18.1680357 ], [ -40.25489825, -18.16809777 ], [ -40.25483364, -18.16813534 ], [ -40.2547359, -18.16819037 ], [ -40.25454139, -18.16830201 ], [ -40.25434759, -18.16841478 ], [ -40.25401035, -18.16861507 ], [ -40.25392256, -18.16866834 ], [ -40.25381023, -18.16873524 ], [ -40.25373876, -18.16877936 ], [ -40.25365039, -18.16883175 ], [ -40.25356321, -18.16888594 ], [ -40.25339518, -18.16898698 ], [ -40.25319671, -18.16910962 ], [ -40.25298121, -18.16924037 ], [ -40.25273569, -18.16939332 ], [ -40.25255822, -18.16950686 ] ] } },
{ "type": "Feature", "properties": { "Field": "001", "Length": 406.93705140366717, "Image": "/home/ubuntu/bemagro/data/image/Orthomosaico.tif", "Farm": "data" }, "geometry": { "type": "LineString", "coordinates": [ [ -40.25581923, -18.16754844 ], [ -40.25575548, -18.16758648 ], [ -40.25557707, -18.16768864 ], [ -40.25534327, -18.16782549 ], [ -40.25519723, -18.16790897 ], [ -40.25510747, -18.16795914 ], [ -40.25496994, -18.16803861 ], [ -40.25488984, -18.1680866 ], [ -40.25480901, -18.16813346 ], [ -40.25450077, -18.16830979 ], [ -40.2543393, -18.1684038 ], [ -40.25418696, -18.16849475 ], [ -40.25414651, -18.16851812 ], [ -40.2538739, -18.16868087 ], [ -40.25377802, -18.16873883 ], [ -40.25373842, -18.16876351 ], [ -40.25364214, -18.16882085 ], [ -40.25357078, -18.16886512 ], [ -40.25349046, -18.16891278 ], [ -40.25339475, -18.16897099 ], [ -40.25331564, -18.16902045 ], [ -40.25318795, -18.16909796 ], [ -40.25308474, -18.16916172 ], [ -40.25298855, -18.1692192 ], [ -40.25266416, -18.16942197 ], [ -40.25260917, -18.16945715 ], [ -40.25255483, -18.16949304 ] ] } },
{ "type": "Feature", "properties": { "Field": "001", "Length": 406.31876315505798, "Image": "/home/ubuntu/bemagro/data/image/Orthomosaico.tif", "Farm": "data" }, "geometry": { "type": "LineString", "coordinates": [ [ -40.25581016, -18.16753634 ], [ -40.25573876, -18.16757973 ], [ -40.25556848, -18.16767727 ], [ -40.25543969, -18.16775309 ], [ -40.25535044, -18.16780409 ], [ -40.25525378, -18.16786084 ], [ -40.25514778, -18.16792028 ], [ -40.25513184, -18.16793 ], [ -40.25512374, -18.16793466 ], [ -40.25502612, -18.1679899 ], [ -40.25477642, -18.16813652 ], [ -40.25449249, -18.1682989 ], [ -40.25435563, -18.16837941 ], [ -40.25432312, -18.16839788 ], [ -40.25422696, -18.1684554 ], [ -40.25413812, -18.16850706 ], [ -40.25409831, -18.1685314 ], [ -40.25381754, -18.16869872 ], [ -40.25372214, -18.16875741 ], [ -40.25364968, -18.16880002 ], [ -40.25357055, -18.16884946 ], [ -40.25347422, -18.16890672 ], [ -40.25337066, -18.16896997 ], [ -40.25331531, -18.16900464 ], [ -40.25319581, -18.1690776 ], [ -40.25317156, -18.16909166 ], [ -40.25316359, -18.16909652 ], [ -40.25307624, -18.16915044 ], [ -40.2529798, -18.16920755 ], [ -40.25290125, -18.16925783 ], [ -40.25278984, -18.16932611 ], [ -40.2526877, -18.16939143 ], [ -40.25261636, -18.16943575 ], [ -40.25257786, -18.16946196 ], [ -40.25256203, -18.16947184 ], [ -40.25255136, -18.16947883 ] ] } },
{ "type": "Feature", "properties": { "Field": "001", "Length": 405.71646854385244, "Image": "/home/ubuntu/bemagro/data/image/Orthomosaico.tif", "Farm": "data" }, "geometry": { "type": "LineString", "coordinates": [ [ -40.25580188, -18.16752528 ], [ -40.25573045, -18.16756863 ], [ -40.25556011, -18.16766608 ], [ -40.25543119, -18.16774169 ], [ -40.2553257, -18.16780195 ], [ -40.25526952, -18.16783537 ], [ -40.25520475, -18.16787269 ], [ -40.25501767, -18.16797859 ], [ -40.25475989, -18.16812991 ], [ -40.2545975, -18.16822246 ], [ -40.25442772, -18.1683208 ], [ -40.25425869, -18.16842032 ], [ -40.25421878, -18.16844453 ], [ -40.25410581, -18.16851043 ], [ -40.25392974, -18.16861623 ], [ -40.25379321, -18.16869726 ], [ -40.25378523, -18.1687021 ], [ -40.25372191, -18.16874164 ], [ -40.25371393, -18.16874647 ], [ -40.25365743, -18.1687794 ], [ -40.25364942, -18.1687842 ], [ -40.25356227, -18.16883842 ], [ -40.25345004, -18.16890547 ], [ -40.25335482, -18.16896441 ], [ -40.25326687, -18.16901744 ], [ -40.2531715, -18.16907616 ], [ -40.25310745, -18.1691146 ], [ -40.25305183, -18.16914886 ], [ -40.25297938, -18.16919151 ], [ -40.25297141, -18.16919635 ], [ -40.25286891, -18.16926117 ], [ -40.25277343, -18.16931971 ], [ -40.25267936, -18.16938033 ], [ -40.25261606, -18.16941988 ], [ -40.25260822, -18.16942493 ], [ -40.25256179, -18.16945607 ], [ -40.25254799, -18.16946505 ] ] } },
{ "type": "Feature", "properties": { "Field": "001", "Length": 405.1805500091196, "Image": "/home/ubuntu/bemagro/data/image/Orthomosaico.tif", "Farm": "data" }, "geometry": { "type": "LineString", "coordinates": [ [ -40.25579372, -18.16751439 ], [ -40.2557219, -18.16755713 ], [ -40.25559211, -18.16763138 ], [ -40.25551162, -18.16767876 ], [ -40.25540642, -18.16773948 ], [ -40.25534939, -18.16777156 ], [ -40.25524464, -18.167833 ], [ -40.25519575, -18.16786048 ], [ -40.25513921, -18.16789336 ], [ -40.25509011, -18.16792049 ], [ -40.25500076, -18.16797134 ], [ -40.25484827, -18.16806205 ], [ -40.25459732, -18.16820672 ], [ -40.25450054, -18.16826328 ], [ -40.25443554, -18.16830024 ], [ -40.25432317, -18.16836707 ], [ -40.25428257, -18.16839021 ], [ -40.25421044, -18.16843333 ], [ -40.25414571, -18.16847071 ], [ -40.25393736, -18.16859536 ], [ -40.25388894, -18.16862359 ], [ -40.2537768, -18.16869077 ], [ -40.2537133, -18.16873003 ], [ -40.25365701, -18.16876328 ], [ -40.25353762, -18.16883642 ], [ -40.25348118, -18.16886944 ], [ -40.25338613, -18.16892863 ], [ -40.25295504, -18.16918997 ], [ -40.25284466, -18.16925977 ], [ -40.25275693, -18.16931313 ], [ -40.25266254, -18.16937328 ], [ -40.25263076, -18.16939286 ], [ -40.25257627, -18.16942875 ], [ -40.25256888, -18.16943439 ], [ -40.25255436, -18.16944596 ], [ -40.2525449, -18.16945243 ] ] } },
{ "type": "Feature", "properties": { "Field": "001", "Length": 30.949163192009124, "Image": "/home/ubuntu/bemagro/data/image/Orthomosaico.tif", "Farm": "data" }, "geometry": { "type": "LineString", "coordinates": [ [ -40.2526502, -18.16979565 ], [ -40.25267484, -18.16978317 ], [ -40.25271391, -18.16975774 ], [ -40.25276972, -18.16972376 ], [ -40.25279279, -18.16970799 ], [ -40.2528979, -18.16964714 ] ] } },
{ "type": "Feature", "properties": { "Field": "001", "Length": 31.334312418091127, "Image": "/home/ubuntu/bemagro/data/image/Orthomosaico.tif", "Farm": "data" }, "geometry": { "type": "LineString", "coordinates": [ [ -40.25258558, -18.16830649 ], [ -40.25250335, -18.16835558 ], [ -40.25239836, -18.16841663 ], [ -40.25233374, -18.16845554 ] ] } },
{ "type": "Feature", "properties": { "Field": "001", "Length": 74.890657235004412, "Image": "/home/ubuntu/bemagro/data/image/Orthomosaico.tif", "Farm": "data" }, "geometry": { "type": "LineString", "coordinates": [ [ -40.25292982, -18.16812232 ], [ -40.25289166, -18.168145 ], [ -40.2528758, -18.16815484 ], [ -40.25283553, -18.16817849 ], [ -40.25280291, -18.16819677 ], [ -40.2527787, -18.16821089 ], [ -40.2526489, -18.16828511 ], [ -40.25258488, -18.1683236 ], [ -40.25245551, -18.16839849 ], [ -40.25239979, -18.16843262 ], [ -40.25232622, -18.16847589 ] ] } },
{ "type": "Feature", "properties": { "Field": "001", "Length": 394.77809406833677, "Image": "/home/ubuntu/bemagro/data/image/Orthomosaico.tif", "Farm": "data" }, "geometry": { "type": "LineString", "coordinates": [ [ -40.25565631, -18.16733093 ], [ -40.25559997, -18.16736495 ], [ -40.25537558, -18.16749745 ], [ -40.25528565, -18.16754912 ], [ -40.25519725, -18.16760147 ], [ -40.25509987, -18.16765709 ], [ -40.25502732, -18.16769957 ], [ -40.25492131, -18.16775899 ], [ -40.25484902, -18.16780187 ], [ -40.25480013, -18.16782936 ], [ -40.25472793, -18.16787238 ], [ -40.25455799, -18.16797047 ], [ -40.25442119, -18.16805109 ], [ -40.25426837, -18.16813956 ], [ -40.25419551, -18.16818327 ], [ -40.2540018, -18.16829618 ], [ -40.25377737, -18.16843031 ], [ -40.25364827, -18.16850564 ], [ -40.25344891, -18.16862697 ], [ -40.25325686, -18.16874243 ], [ -40.25315341, -18.16880585 ], [ -40.2530651, -18.16885833 ], [ -40.25296946, -18.16891664 ], [ -40.2528653, -18.16897898 ], [ -40.25277, -18.1690378 ], [ -40.25267414, -18.16909578 ], [ -40.25250076, -18.16920392 ], [ -40.25248636, -18.16921307 ] ] } },
{ "type": "Feature", "properties": { "Field": "001", "Length": 394.1535120070497, "Image": "/home/ubuntu/bemagro/data/image/Orthomosaico.tif", "Farm": "data" }, "geometry": { "type": "LineString", "coordinates": [ [ -40.25564746, -18.16731911 ], [ -40.25556757, -18.16736798 ], [ -40.25537463, -18.16748208 ], [ -40.25522079, -18.1675707 ], [ -40.25517274, -18.16759951 ], [ -40.254905, -18.16775254 ], [ -40.25467108, -18.16788919 ], [ -40.25460597, -18.16792597 ], [ -40.2544289, -18.16803024 ], [ -40.25426731, -18.16812406 ], [ -40.25409853, -18.16822397 ], [ -40.25400947, -18.16827527 ], [ -40.25392952, -18.16832349 ], [ -40.25388905, -18.16834683 ], [ -40.25378518, -18.16840961 ], [ -40.25361602, -18.16850893 ], [ -40.25316906, -18.1687801 ], [ -40.25303285, -18.16886162 ], [ -40.25295327, -18.16891038 ], [ -40.25280918, -18.16899691 ], [ -40.25274573, -18.16903624 ], [ -40.25264989, -18.16909425 ], [ -40.25248288, -18.16919883 ] ] } },
{ "type": "Feature", "properties": { "Field": "001", "Length": 98.172182882405224, "Image": "/home/ubuntu/bemagro/data/image/Orthomosaico.tif", "Farm": "data" }, "geometry": { "type": "LineString", "coordinates": [ [ -40.25232229, -18.16849557 ], [ -40.25240245, -18.16844884 ], [ -40.25251409, -18.16838091 ], [ -40.25252215, -18.16837618 ], [ -40.25269156, -18.16827725 ], [ -40.25274036, -18.16824962 ], [ -40.25280451, -18.16821135 ], [ -40.25283727, -18.16819329 ], [ -40.25288573, -18.16816511 ], [ -40.25297285, -18.16811085 ], [ -40.25298859, -18.16810084 ], [ -40.25311058, -18.16802758 ] ] } },
{ "type": "Feature", "properties": { "Field": "001", "Length": 393.50877090945158, "Image": "/home/ubuntu/bemagro/data/image/Orthomosaico.tif", "Farm": "data" }, "geometry": { "type": "LineString", "coordinates": [ [ -40.25563835, -18.16730695 ], [ -40.25561493, -18.16732143 ], [ -40.25558272, -18.16734035 ], [ -40.25548738, -18.16739911 ], [ -40.25537484, -18.16746568 ], [ -40.2552613, -18.16753068 ], [ -40.25519669, -18.16756824 ], [ -40.25515666, -18.16759227 ], [ -40.25488897, -18.16774539 ], [ -40.25470354, -18.16785392 ], [ -40.25458197, -18.16792368 ], [ -40.25434853, -18.16806109 ], [ -40.2541787, -18.16815935 ], [ -40.25406639, -18.16822627 ], [ -40.25401786, -18.16825434 ], [ -40.25392197, -18.16831226 ], [ -40.25387348, -18.16834039 ], [ -40.25375348, -18.16841261 ], [ -40.25359218, -18.16850688 ], [ -40.25346448, -18.16858436 ], [ -40.25342489, -18.16860904 ], [ -40.25333664, -18.16866163 ], [ -40.25318542, -18.16875427 ], [ -40.25301716, -18.16885497 ], [ -40.25295339, -18.16889382 ], [ -40.25289711, -18.16892709 ], [ -40.25269029, -18.16905403 ], [ -40.25259434, -18.16911188 ], [ -40.25247927, -18.16918405 ] ] } },
{ "type": "Feature", "properties": { "Field": "001", "Length": 392.8884436120149, "Image": "/home/ubuntu/bemagro/data/image/Orthomosaico.tif", "Farm": "data" }, "geometry": { "type": "LineString", "coordinates": [ [ -40.25563007, -18.16729589 ], [ -40.25549489, -18.16737814 ], [ -40.25538267, -18.16744519 ], [ -40.25526074, -18.16751439 ], [ -40.25516426, -18.16757142 ], [ -40.25505857, -18.16763136 ], [ -40.25496978, -18.1676831 ], [ -40.2548723, -18.16773854 ], [ -40.25469506, -18.16784255 ], [ -40.25461388, -18.16788885 ], [ -40.25448508, -18.16796464 ], [ -40.25442022, -18.16800182 ], [ -40.2543239, -18.1680591 ], [ -40.25415399, -18.16815725 ], [ -40.2540659, -18.16821006 ], [ -40.25400947, -18.16824309 ], [ -40.25391363, -18.16830111 ], [ -40.25383306, -18.16834836 ], [ -40.25374531, -18.1684017 ], [ -40.25367292, -18.16844443 ], [ -40.25355961, -18.1685098 ], [ -40.25355161, -18.16851462 ], [ -40.25341665, -18.16859802 ], [ -40.25333623, -18.16864551 ], [ -40.25324887, -18.16869943 ], [ -40.25317677, -18.16874259 ], [ -40.25311323, -18.16878179 ], [ -40.25289658, -18.16891078 ], [ -40.25276966, -18.16898944 ], [ -40.25257006, -18.16911039 ], [ -40.25247574, -18.16916964 ] ] } },
{ "type": "Feature", "properties": { "Field": "001", "Length": 392.29393502544264, "Image": "/home/ubuntu/bemagro/data/image/Orthomosaico.tif", "Farm": "data" }, "geometry": { "type": "LineString", "coordinates": [ [ -40.25562122, -18.16728407 ], [ -40.2556059, -18.16729388 ], [ -40.25556577, -18.16731775 ], [ -40.25549427, -18.16736183 ], [ -40.25536606, -18.16743854 ], [ -40.25523604, -18.16751239 ], [ -40.25514753, -18.16756457 ], [ -40.25504991, -18.1676198 ], [ -40.25486386, -18.16772735 ], [ -40.25474316, -18.16779848 ], [ -40.25458114, -18.16789163 ], [ -40.25433944, -18.16803344 ], [ -40.2542906, -18.16806101 ], [ -40.25422649, -18.16809935 ], [ -40.25412926, -18.16815522 ], [ -40.25403339, -18.16821319 ], [ -40.25397699, -18.16824627 ], [ -40.25387302, -18.16830889 ], [ -40.25383263, -18.16833236 ], [ -40.25378484, -18.16836156 ], [ -40.25373643, -18.16838982 ], [ -40.2536645, -18.16843324 ], [ -40.25353521, -18.16850827 ], [ -40.25340033, -18.16859179 ], [ -40.25333586, -18.16862959 ], [ -40.25323252, -18.16869316 ], [ -40.2531048, -18.16877061 ], [ -40.25288786, -18.16889916 ], [ -40.25276109, -18.16897802 ], [ -40.25256141, -18.16909886 ], [ -40.25250602, -18.16913346 ], [ -40.25247241, -18.16915602 ] ] } },
{ "type": "Feature", "properties": { "Field": "001", "Length": 391.64972330284354, "Image": "/home/ubuntu/bemagro/data/image/Orthomosaico.tif", "Farm": "data" }, "geometry": { "type": "LineString", "coordinates": [ [ -40.25561356, -18.16727385 ], [ -40.25555741, -18.16730647 ], [ -40.25548603, -18.16735072 ], [ -40.25537364, -18.16741752 ], [ -40.25522765, -18.16750107 ], [ -40.25513097, -18.16755779 ], [ -40.25509822, -18.16757586 ], [ -40.25505797, -18.16759955 ], [ -40.25497668, -18.16764567 ], [ -40.25491235, -18.16768368 ], [ -40.2548394, -18.16772553 ], [ -40.254719, -18.16779712 ], [ -40.25454852, -18.16789436 ], [ -40.25450858, -18.16791852 ], [ -40.25442751, -18.167965 ], [ -40.25435523, -18.16800789 ], [ -40.25427397, -18.16805406 ], [ -40.25420983, -18.16809237 ], [ -40.25415302, -18.1681248 ], [ -40.25409678, -18.16815814 ], [ -40.25401705, -18.16820669 ], [ -40.25389636, -18.16827783 ], [ -40.25387182, -18.16829315 ], [ -40.25368025, -18.16840764 ], [ -40.25350312, -18.16851181 ], [ -40.25339994, -18.16857562 ], [ -40.25330351, -18.16863274 ], [ -40.25310448, -18.16875455 ], [ -40.2528795, -18.16888785 ], [ -40.25274464, -18.1689714 ], [ -40.25261588, -18.16904897 ], [ -40.25248957, -18.16912685 ], [ -40.25246872, -18.16914092 ] ] } },
{ "type": "Feature", "properties": { "Field": "001", "Length": 404.43398713842055, "Image": "/home/ubuntu/bemagro/data/image/Orthomosaico.tif", "Farm": "data" }, "geometry": { "type": "LineString", "coordinates": [ [ -40.25578545, -18.16750335 ], [ -40.2557134, -18.16754574 ], [ -40.2555676, -18.16762959 ], [ -40.25544673, -18.16770047 ], [ -40.25534926, -18.16775595 ], [ -40.2552848, -18.16779375 ], [ -40.25519523, -18.16784424 ], [ -40.25512246, -18.16788638 ], [ -40.25505716, -18.16792284 ], [ -40.25499236, -18.16796011 ], [ -40.25483177, -18.16805549 ], [ -40.25441917, -18.16829387 ], [ -40.25433096, -18.16834651 ], [ -40.2542582, -18.16838866 ], [ -40.2540651, -18.16850252 ], [ -40.25393697, -18.16857935 ], [ -40.25388044, -18.16861223 ], [ -40.25380073, -18.16866081 ], [ -40.25366453, -18.16874233 ], [ -40.25352904, -18.16882495 ], [ -40.25347259, -18.16885795 ], [ -40.25346459, -18.16886277 ], [ -40.25334578, -18.16893676 ], [ -40.25324161, -18.16899909 ], [ -40.25316213, -18.169048 ], [ -40.25308995, -18.16909106 ], [ -40.25294654, -18.16917861 ], [ -40.25284401, -18.16924336 ], [ -40.2527405, -18.16930669 ], [ -40.25260661, -18.16939165 ], [ -40.25258333, -18.16940712 ], [ -40.25256746, -18.16941696 ], [ -40.25255975, -18.16942218 ], [ -40.25255225, -18.16942768 ], [ -40.25254454, -18.16943291 ], [ -40.25254071, -18.16943531 ] ] } },
{ "type": "Feature", "properties": { "Field": "001", "Length": 403.76169453117308, "Image": "/home/ubuntu/bemagro/data/image/Orthomosaico.tif", "Farm": "data" }, "geometry": { "type": "LineString", "coordinates": [ [ -40.25577607, -18.16749082 ], [ -40.25542207, -18.16769871 ], [ -40.25534887, -18.16774017 ], [ -40.25525201, -18.1677966 ], [ -40.25514608, -18.16785616 ], [ -40.25509778, -18.16788457 ], [ -40.2549917, -18.16794389 ], [ -40.25476694, -18.16807751 ], [ -40.25451531, -18.1682211 ], [ -40.25439435, -18.16829183 ], [ -40.2542177, -18.16839675 ], [ -40.25412865, -18.16844807 ], [ -40.25392826, -18.16856783 ], [ -40.25386356, -18.16860527 ], [ -40.25372011, -18.16869274 ], [ -40.25363996, -18.16874066 ], [ -40.2535525, -18.16879443 ], [ -40.25344826, -18.16885665 ], [ -40.25337684, -18.16890085 ], [ -40.25324889, -18.16897795 ], [ -40.25318532, -18.16901711 ], [ -40.25297727, -18.1691422 ], [ -40.25259743, -18.16937948 ], [ -40.25258955, -18.16938447 ], [ -40.25253697, -18.16942 ] ] } },
{ "type": "Feature", "properties": { "Field": "001", "Length": 403.15367522887868, "Image": "/home/ubuntu/bemagro/data/image/Orthomosaico.tif", "Farm": "data" }, "geometry": { "type": "LineString", "coordinates": [ [ -40.2557676, -18.16747951 ], [ -40.25570342, -18.16751689 ], [ -40.25563136, -18.16756013 ], [ -40.25555855, -18.1676022 ], [ -40.25539748, -18.16769683 ], [ -40.25524343, -18.16778511 ], [ -40.25516191, -18.16783087 ], [ -40.2550894, -18.16787341 ], [ -40.25508128, -18.16787803 ], [ -40.25499947, -18.1679233 ], [ -40.25499138, -18.16792798 ], [ -40.25491927, -18.16797114 ], [ -40.25480642, -18.16803724 ], [ -40.25473452, -18.16808071 ], [ -40.25472645, -18.16808542 ], [ -40.2544987, -18.16821434 ], [ -40.25441852, -18.1682622 ], [ -40.2543941, -18.16827599 ], [ -40.25427352, -18.16834731 ], [ -40.2542177, -18.16838128 ], [ -40.25420964, -18.168386 ], [ -40.25412837, -18.16843216 ], [ -40.25385525, -18.16859413 ], [ -40.25375965, -18.1686525 ], [ -40.25361562, -18.16873911 ], [ -40.25354416, -18.16878325 ], [ -40.25341594, -18.16885994 ], [ -40.25319286, -18.16899612 ], [ -40.25296088, -18.16913576 ], [ -40.25262848, -18.16934333 ], [ -40.25260517, -18.16935877 ], [ -40.25259724, -18.16936368 ], [ -40.25258109, -18.16937308 ], [ -40.25257333, -18.16937824 ], [ -40.25255837, -18.16938929 ], [ -40.25255069, -18.16939456 ], [ -40.2525335, -18.16940581 ] ] } },
{ "type": "Feature", "properties": { "Field": "001", "Length": 402.51817309681149, "Image": "/home/ubuntu/bemagro/data/image/Orthomosaico.tif", "Farm": "data" }, "geometry": { "type": "LineString", "coordinates": [ [ -40.25575916, -18.16746825 ], [ -40.25574359, -18.16747768 ], [ -40.25573551, -18.16748237 ], [ -40.25571092, -18.16749587 ], [ -40.2557028, -18.1675005 ], [ -40.25559869, -18.16756292 ], [ -40.25542126, -18.16766663 ], [ -40.25497519, -18.16792195 ], [ -40.25471811, -18.16807434 ], [ -40.25449038, -18.1682033 ], [ -40.25428088, -18.16832616 ], [ -40.25420108, -18.1683746 ], [ -40.25412003, -18.16842112 ], [ -40.25402352, -18.1684781 ], [ -40.25397565, -18.16850718 ], [ -40.25393523, -18.16853061 ], [ -40.25367102, -18.16868916 ], [ -40.25349575, -18.16879616 ], [ -40.25339144, -18.16885828 ], [ -40.25326414, -18.16893636 ], [ -40.2529687, -18.16911533 ], [ -40.25280976, -18.1692132 ], [ -40.25262007, -18.16933217 ], [ -40.25257288, -18.16936226 ], [ -40.25256514, -18.16936745 ], [ -40.25255002, -18.1693783 ], [ -40.25254232, -18.16938354 ], [ -40.25252997, -18.16939138 ] ] } },
{ "type": "Feature", "properties": { "Field": "001", "Length": 401.86480645367413, "Image": "/home/ubuntu/bemagro/data/image/Orthomosaico.tif", "Farm": "data" }, "geometry": { "type": "LineString", "coordinates": [ [ -40.2557504, -18.16745656 ], [ -40.25573487, -18.16746604 ], [ -40.25570227, -18.16748437 ], [ -40.25561438, -18.16753748 ], [ -40.25548554, -18.16761322 ], [ -40.2553723, -18.16767868 ], [ -40.25533959, -18.16769683 ], [ -40.25529131, -18.16772529 ], [ -40.25504779, -18.16786421 ], [ -40.25489495, -18.16795439 ], [ -40.25483817, -18.16798687 ], [ -40.25470165, -18.16806792 ], [ -40.25459567, -18.1681274 ], [ -40.25444175, -18.16821588 ], [ -40.25440172, -18.1682399 ], [ -40.25429674, -18.16830097 ], [ -40.25420889, -18.16835416 ], [ -40.25414392, -18.16839115 ], [ -40.25390286, -18.16853395 ], [ -40.25364657, -18.16868756 ], [ -40.25356724, -18.16873671 ], [ -40.25335891, -18.16886138 ], [ -40.25285678, -18.16916749 ], [ -40.25284882, -18.16917237 ], [ -40.25282523, -18.16918741 ], [ -40.25279316, -18.16920656 ], [ -40.25266715, -18.16928653 ], [ -40.25258784, -18.1693357 ], [ -40.25254924, -18.16936179 ], [ -40.2525263, -18.16937638 ] ] } },
{ "type": "Feature", "properties": { "Field": "001", "Length": 401.20553832971245, "Image": "/home/ubuntu/bemagro/data/image/Orthomosaico.tif", "Farm": "data" }, "geometry": { "type": "LineString", "coordinates": [ [ -40.25574238, -18.16744584 ], [ -40.25570197, -18.1674684 ], [ -40.25560594, -18.16752612 ], [ -40.2553801, -18.16765807 ], [ -40.2553312, -18.16768555 ], [ -40.2552505, -18.16773261 ], [ -40.25512035, -18.16780626 ], [ -40.25498269, -18.16788554 ], [ -40.25486992, -18.16795174 ], [ -40.25477377, -18.16800928 ], [ -40.2546769, -18.16806571 ], [ -40.25457907, -18.1681206 ], [ -40.25449814, -18.1681673 ], [ -40.25440959, -18.16821941 ], [ -40.25432041, -18.16827054 ], [ -40.25421652, -18.16833328 ], [ -40.25412749, -18.16838464 ], [ -40.25409548, -18.16840389 ], [ -40.25404692, -18.16843189 ], [ -40.25397493, -18.16847524 ], [ -40.25391028, -18.16851275 ], [ -40.25363007, -18.16868092 ], [ -40.25355074, -18.16873006 ], [ -40.25349433, -18.16876313 ], [ -40.25340672, -18.16881668 ], [ -40.25333445, -18.1688596 ], [ -40.25303205, -18.16904494 ], [ -40.2528483, -18.16915605 ], [ -40.25276869, -18.16920477 ], [ -40.25269751, -18.16924931 ], [ -40.25264265, -18.16928469 ], [ -40.25257914, -18.16932394 ], [ -40.25252253, -18.16936096 ] ] } },
{ "type": "Feature", "properties": { "Field": "001", "Length": 400.54939266873646, "Image": "/home/ubuntu/bemagro/data/image/Orthomosaico.tif", "Farm": "data" }, "geometry": { "type": "LineString", "coordinates": [ [ -40.25573418, -18.16743489 ], [ -40.25568558, -18.16746195 ], [ -40.25567747, -18.16746661 ], [ -40.25551695, -18.16756208 ], [ -40.25537152, -18.16764653 ], [ -40.25530655, -18.16768353 ], [ -40.25525028, -18.16771681 ], [ -40.25496611, -18.1678788 ], [ -40.25485339, -18.16794509 ], [ -40.25475728, -18.16800269 ], [ -40.25465221, -18.16806362 ], [ -40.25455439, -18.16811854 ], [ -40.25445778, -18.16817536 ], [ -40.2543283, -18.1682501 ], [ -40.25416792, -18.1683458 ], [ -40.25407882, -18.16839704 ], [ -40.25400639, -18.16843972 ], [ -40.25393442, -18.16848309 ], [ -40.25386979, -18.16852062 ], [ -40.25380609, -18.16855959 ], [ -40.2536137, -18.16867453 ], [ -40.25355036, -18.16871402 ], [ -40.25346183, -18.16876617 ], [ -40.25345384, -18.168771 ], [ -40.25339049, -18.16881048 ], [ -40.25332642, -18.16884889 ], [ -40.2533021, -18.16886283 ], [ -40.25321439, -18.16891623 ], [ -40.25307163, -18.16900474 ], [ -40.25284782, -18.16913982 ], [ -40.25273646, -18.16920819 ], [ -40.25259444, -18.16929777 ], [ -40.25255539, -18.16932323 ], [ -40.25251879, -18.16934567 ] ] } },
{ "type": "Feature", "properties": { "Field": "001", "Length": 399.92700008528521, "Image": "/home/ubuntu/bemagro/data/image/Orthomosaico.tif", "Farm": "data" }, "geometry": { "type": "LineString", "coordinates": [ [ -40.25572599, -18.16742396 ], [ -40.25566924, -18.1674556 ], [ -40.25551636, -18.16754572 ], [ -40.25546765, -18.16757349 ], [ -40.25529021, -18.16767719 ], [ -40.25497378, -18.16785804 ], [ -40.25486887, -18.16791922 ], [ -40.25475642, -18.16798593 ], [ -40.25465139, -18.16804692 ], [ -40.25458615, -18.16808347 ], [ -40.25426337, -18.16827175 ], [ -40.25416719, -18.16832925 ], [ -40.25406223, -18.16839035 ], [ -40.25393398, -18.16846699 ], [ -40.25386942, -18.16850465 ], [ -40.25380562, -18.16854346 ], [ -40.25363706, -18.16864371 ], [ -40.25353396, -18.16870763 ], [ -40.2534533, -18.16875476 ], [ -40.25337397, -18.1688039 ], [ -40.25328552, -18.16885617 ], [ -40.25311893, -18.16895937 ], [ -40.25276748, -18.16917203 ], [ -40.25267256, -18.16923141 ], [ -40.25263344, -18.16925677 ], [ -40.25258572, -18.16928607 ], [ -40.25251528, -18.16933132 ] ] } },
{ "type": "Feature", "properties": { "Field": "001", "Length": 399.28703265824203, "Image": "/home/ubuntu/bemagro/data/image/Orthomosaico.tif", "Farm": "data" }, "geometry": { "type": "LineString", "coordinates": [ [ -40.2557175, -18.16741262 ], [ -40.25566883, -18.16743957 ], [ -40.25566074, -18.16744425 ], [ -40.25549991, -18.16753926 ], [ -40.25543498, -18.16757632 ], [ -40.25517664, -18.16772676 ], [ -40.25509504, -18.16777237 ], [ -40.25493306, -18.16786559 ], [ -40.25483624, -18.16792208 ], [ -40.25475603, -18.16796991 ], [ -40.25465104, -18.16803096 ], [ -40.25460218, -18.1680585 ], [ -40.25452968, -18.16810106 ], [ -40.25442424, -18.1681614 ], [ -40.25423072, -18.1682746 ], [ -40.25415873, -18.16831794 ], [ -40.25401342, -18.16840258 ], [ -40.25392561, -18.16845582 ], [ -40.25383693, -18.16850772 ], [ -40.25376522, -18.16855149 ], [ -40.25364474, -18.16862296 ], [ -40.25352556, -18.16869641 ], [ -40.2534531, -18.16873902 ], [ -40.25338943, -18.16877804 ], [ -40.25328516, -18.16884021 ], [ -40.25312631, -18.16893822 ], [ -40.25298225, -18.16902478 ], [ -40.25286258, -18.16909749 ], [ -40.25283894, -18.16911247 ], [ -40.25283098, -18.16911734 ], [ -40.25275892, -18.16916058 ], [ -40.25251167, -18.16931656 ] ] } },
{ "type": "Feature", "properties": { "Field": "001", "Length": 398.62948156742777, "Image": "/home/ubuntu/bemagro/data/image/Orthomosaico.tif", "Farm": "data" }, "geometry": { "type": "LineString", "coordinates": [ [ -40.25570837, -18.16740044 ], [ -40.25565976, -18.16742748 ], [ -40.2555555, -18.16748967 ], [ -40.2554346, -18.1675605 ], [ -40.25526466, -18.16765858 ], [ -40.25516818, -18.16771562 ], [ -40.2550704, -18.16777059 ], [ -40.25492447, -18.16785424 ], [ -40.25486791, -18.16788708 ], [ -40.25476358, -18.16794915 ], [ -40.25460162, -18.16804239 ], [ -40.25452129, -18.16809003 ], [ -40.2544158, -18.16815029 ], [ -40.25434328, -18.16819282 ], [ -40.25429441, -18.16822033 ], [ -40.25415825, -18.16830193 ], [ -40.25400496, -18.16839141 ], [ -40.25393315, -18.16843502 ], [ -40.25387673, -18.16846807 ], [ -40.25374077, -18.16854997 ], [ -40.25361216, -18.16862606 ], [ -40.25352477, -18.16867995 ], [ -40.25330064, -18.16881453 ], [ -40.25314956, -18.16890739 ], [ -40.2530137, -18.16898943 ], [ -40.25293342, -18.16903715 ], [ -40.25283841, -18.1690964 ], [ -40.25275825, -18.1691443 ], [ -40.25271055, -18.16917363 ], [ -40.25260036, -18.16924371 ], [ -40.252508, -18.16930154 ] ] } },
{ "type": "Feature", "properties": { "Field": "001", "Length": 398.02938774196116, "Image": "/home/ubuntu/bemagro/data/image/Orthomosaico.tif", "Farm": "data" }, "geometry": { "type": "LineString", "coordinates": [ [ -40.25569951, -18.16738861 ], [ -40.25565904, -18.16741147 ], [ -40.25554684, -18.16747856 ], [ -40.25541779, -18.16755397 ], [ -40.25537701, -18.16757681 ], [ -40.25515145, -18.16770921 ], [ -40.25489967, -18.16785254 ], [ -40.25474682, -18.16794271 ], [ -40.25457674, -18.16804058 ], [ -40.25450453, -18.16808358 ], [ -40.25439139, -18.16814922 ], [ -40.25429375, -18.16820442 ], [ -40.2542535, -18.16822811 ], [ -40.25418184, -18.16827195 ], [ -40.25409283, -18.16832333 ], [ -40.25398045, -18.16839015 ], [ -40.25392467, -18.16842419 ], [ -40.25387615, -18.16845226 ], [ -40.25379626, -18.16850057 ], [ -40.25358748, -18.16862454 ], [ -40.25343642, -18.16871742 ], [ -40.25335592, -18.16876481 ], [ -40.25327593, -18.16881296 ], [ -40.25317294, -18.16887705 ], [ -40.25309271, -18.16892483 ], [ -40.25302131, -18.16896907 ], [ -40.25297279, -18.16899715 ], [ -40.25290873, -18.16903557 ], [ -40.25279781, -18.16910458 ], [ -40.25270171, -18.1691622 ], [ -40.25250464, -18.16928782 ] ] } },
{ "type": "Feature", "properties": { "Field": "001", "Length": 397.41355184182441, "Image": "/home/ubuntu/bemagro/data/image/Orthomosaico.tif", "Farm": "data" }, "geometry": { "type": "LineString", "coordinates": [ [ -40.25569087, -18.16737708 ], [ -40.25566678, -18.16739049 ], [ -40.25565868, -18.16739516 ], [ -40.25561044, -18.16742367 ], [ -40.25553065, -18.16747212 ], [ -40.2555226, -18.16747687 ], [ -40.25536072, -18.16757023 ], [ -40.25532067, -18.16759422 ], [ -40.2552478, -18.1676362 ], [ -40.25516741, -18.16768374 ], [ -40.25507031, -18.16773981 ], [ -40.25495634, -18.16780411 ], [ -40.25491609, -18.16782781 ], [ -40.25485911, -18.16785997 ], [ -40.25475473, -18.16792197 ], [ -40.25459267, -18.16801504 ], [ -40.25444799, -18.16810066 ], [ -40.25426962, -18.16820288 ], [ -40.25417377, -18.16826088 ], [ -40.25410073, -18.16830258 ], [ -40.25402885, -18.16834609 ], [ -40.25384395, -18.16845544 ], [ -40.25374023, -18.16851845 ], [ -40.25368346, -18.16855094 ], [ -40.253603, -18.16859837 ], [ -40.25349199, -18.16866725 ], [ -40.25340416, -18.16872047 ], [ -40.25336375, -18.16874391 ], [ -40.25327582, -18.16879696 ], [ -40.25322048, -18.16883165 ], [ -40.25312476, -18.16888984 ], [ -40.25307656, -18.16891841 ], [ -40.25300495, -18.16896233 ], [ -40.25289231, -18.16902875 ], [ -40.25288434, -18.1690336 ], [ -40.25281305, -18.169078 ], [ -40.25270136, -18.16914585 ], [ -40.25269345, -18.1691508 ], [ -40.25250118, -18.16927365 ] ] } },
{ "type": "Feature", "properties": { "Field": "001", "Length": 396.73878273211835, "Image": "/home/ubuntu/bemagro/data/image/Orthomosaico.tif", "Farm": "data" }, "geometry": { "type": "LineString", "coordinates": [ [ -40.25568235, -18.1673657 ], [ -40.2556181, -18.16740296 ], [ -40.25551418, -18.16746566 ], [ -40.25532805, -18.16757309 ], [ -40.2551347, -18.16768655 ], [ -40.25495612, -18.16778844 ], [ -40.25489161, -18.16782617 ], [ -40.25484255, -18.16785337 ], [ -40.25473033, -18.16792042 ], [ -40.25457616, -18.16800851 ], [ -40.25443982, -18.16808984 ], [ -40.25434273, -18.16814591 ], [ -40.25429374, -18.16817325 ], [ -40.25416541, -18.16824977 ], [ -40.25409246, -18.16829162 ], [ -40.25401257, -18.16833992 ], [ -40.25386767, -18.1684252 ], [ -40.25373988, -18.16850253 ], [ -40.25361057, -18.16857753 ], [ -40.25353085, -18.1686261 ], [ -40.2534597, -18.1686707 ], [ -40.25327541, -18.16878098 ], [ -40.2531802, -18.16883993 ], [ -40.25305996, -18.16891178 ], [ -40.25299648, -18.16895107 ], [ -40.25292387, -18.16899345 ], [ -40.2528519, -18.16903683 ], [ -40.2527806, -18.1690812 ], [ -40.25266109, -18.16915416 ], [ -40.25258232, -18.16920411 ], [ -40.25257449, -18.16920918 ], [ -40.25255908, -18.16921965 ], [ -40.25249736, -18.16925803 ] ] } },
{ "type": "Feature", "properties": { "Field": "001", "Length": 396.08105571606711, "Image": "/home/ubuntu/bemagro/data/image/Orthomosaico.tif", "Farm": "data" }, "geometry": { "type": "LineString", "coordinates": [ [ -40.25567338, -18.16735372 ], [ -40.25560049, -18.16739659 ], [ -40.25552075, -18.16744512 ], [ -40.25544782, -18.167487 ], [ -40.25533504, -18.16755319 ], [ -40.25530243, -18.16757149 ], [ -40.25519806, -18.16763351 ], [ -40.25508451, -18.16769849 ], [ -40.25504443, -18.16772244 ], [ -40.25495467, -18.16777263 ], [ -40.25488212, -18.1678151 ], [ -40.25484124, -18.16783778 ], [ -40.25474509, -18.16789533 ], [ -40.25457506, -18.16799327 ], [ -40.25440611, -18.16809291 ], [ -40.25429223, -18.16815736 ], [ -40.25419614, -18.168215 ], [ -40.25407509, -18.16828559 ], [ -40.2539229, -18.16837678 ], [ -40.25385823, -18.16841425 ], [ -40.25371396, -18.16850048 ], [ -40.25367345, -18.16852376 ], [ -40.2535375, -18.16860568 ], [ -40.25344218, -18.16866447 ], [ -40.25331391, -18.16874109 ], [ -40.25313843, -18.16884779 ], [ -40.25305807, -18.16889537 ], [ -40.2529945, -18.16893453 ], [ -40.25286624, -18.16901117 ], [ -40.25280288, -18.16905063 ], [ -40.2527388, -18.16908903 ], [ -40.25258018, -18.16918738 ], [ -40.25249369, -18.16924301 ] ] } },
{ "type": "Feature", "properties": { "Field": "001", "Length": 395.43304400045554, "Image": "/home/ubuntu/bemagro/data/image/Orthomosaico.tif", "Farm": "data" }, "geometry": { "type": "LineString", "coordinates": [ [ -40.2556649, -18.1673424 ], [ -40.25557596, -18.1673949 ], [ -40.25549621, -18.1674434 ], [ -40.25526972, -18.16757434 ], [ -40.25520572, -18.16761286 ], [ -40.25507593, -18.1676871 ], [ -40.25502777, -18.16771573 ], [ -40.25494594, -18.16776098 ], [ -40.25488167, -18.16779908 ], [ -40.2548165, -18.16783576 ], [ -40.25475248, -18.16787423 ], [ -40.25454242, -18.16799622 ], [ -40.25442983, -18.16806271 ], [ -40.25426779, -18.16815582 ], [ -40.25421188, -18.16818965 ], [ -40.25405854, -18.16827905 ], [ -40.25371339, -18.16848431 ], [ -40.25367275, -18.16850738 ], [ -40.25339369, -18.1686773 ], [ -40.25328136, -18.1687442 ], [ -40.25311392, -18.16884614 ], [ -40.25305755, -18.16887926 ], [ -40.25296993, -18.16893279 ], [ -40.2528497, -18.16900466 ], [ -40.25263502, -18.16913662 ], [ -40.25250083, -18.16922115 ], [ -40.25249004, -18.16922809 ] ] } },
{ "type": "Feature", "properties": { "Field": "001", "Length": 127.2316828307835, "Image": "/home/ubuntu/bemagro/data/image/Orthomosaico.tif", "Farm": "data" }, "geometry": { "type": "LineString", "coordinates": [ [ -40.25334157, -18.16791079 ], [ -40.25322639, -18.16797311 ], [ -40.25319469, -18.16799281 ], [ -40.25314626, -18.16802102 ], [ -40.25312298, -18.16803651 ], [ -40.25306637, -18.16806926 ], [ -40.25304309, -18.16808474 ], [ -40.25299468, -18.16811301 ], [ -40.2529236, -18.1681577 ], [ -40.25285934, -18.16819581 ], [ -40.25281061, -18.16822355 ], [ -40.2527627, -18.16825257 ], [ -40.2527059, -18.16828503 ], [ -40.25265796, -18.168314 ], [ -40.25252825, -18.16838837 ], [ -40.25241693, -18.1684568 ], [ -40.25231846, -18.16851472 ] ] } },
{ "type": "Feature", "properties": { "Field": "001", "Length": 390.9558733742607, "Image": "/home/ubuntu/bemagro/data/image/Orthomosaico.tif", "Farm": "data" }, "geometry": { "type": "LineString", "coordinates": [ [ -40.25560527, -18.16726279 ], [ -40.25558091, -18.16727682 ], [ -40.25548527, -18.16733512 ], [ -40.25534021, -18.16742015 ], [ -40.25520252, -18.16749936 ], [ -40.25514621, -18.16753259 ], [ -40.25487062, -18.16769068 ], [ -40.25472639, -18.16777698 ], [ -40.25453159, -18.16788815 ], [ -40.2544184, -18.16795371 ], [ -40.25434618, -18.16799671 ], [ -40.25426478, -18.16804264 ], [ -40.25421676, -18.1680715 ], [ -40.25413567, -18.16811794 ], [ -40.2539198, -18.16824813 ], [ -40.25377498, -18.16833352 ], [ -40.25372718, -18.1683627 ], [ -40.25367876, -18.16839095 ], [ -40.25348638, -18.16850591 ], [ -40.25339901, -18.16855981 ], [ -40.25332668, -18.16860263 ], [ -40.25310356, -18.16873875 ], [ -40.25302305, -18.16878611 ], [ -40.2529351, -18.16883914 ], [ -40.25287057, -18.16887684 ], [ -40.25282309, -18.16890649 ], [ -40.25271117, -18.16897401 ], [ -40.25263168, -18.16902292 ], [ -40.25255937, -18.16906577 ], [ -40.25246477, -18.16912476 ] ] } },
{ "type": "Feature", "properties": { "Field": "001", "Length": 142.70668672967017, "Image": "/home/ubuntu/bemagro/data/image/Orthomosaico.tif", "Farm": "data" }, "geometry": { "type": "LineString", "coordinates": [ [ -40.25346062, -18.1678481 ], [ -40.25343172, -18.16786664 ], [ -40.25341537, -18.16787571 ], [ -40.25339245, -18.16789167 ], [ -40.25337624, -18.16790098 ], [ -40.25331279, -18.16794032 ], [ -40.25328034, -18.16795887 ], [ -40.25314404, -18.16804026 ], [ -40.2531197, -18.16805417 ], [ -40.25307194, -18.16808341 ], [ -40.25304755, -18.16809725 ], [ -40.252952, -18.1681557 ], [ -40.25276765, -18.16826588 ], [ -40.25273504, -18.16828418 ], [ -40.25265494, -18.16833217 ], [ -40.25257392, -18.16837873 ], [ -40.25247036, -18.16844197 ], [ -40.25231748, -18.16853252 ] ] } },
{ "type": "Feature", "properties": { "Field": "001", "Length": 390.30051189106513, "Image": "/home/ubuntu/bemagro/data/image/Orthomosaico.tif", "Farm": "data" }, "geometry": { "type": "LineString", "coordinates": [ [ -40.25559658, -18.16725119 ], [ -40.25543694, -18.16734716 ], [ -40.25537206, -18.1673843 ], [ -40.25531582, -18.16741764 ], [ -40.25513812, -18.16752091 ], [ -40.25498392, -18.16760895 ], [ -40.25488721, -18.16766564 ], [ -40.25484659, -18.16768872 ], [ -40.25483854, -18.16769346 ], [ -40.25477487, -18.16773248 ], [ -40.25471852, -18.16776564 ], [ -40.25453176, -18.16787206 ], [ -40.254322, -18.16799451 ], [ -40.2542568, -18.16803113 ], [ -40.25420048, -18.16806434 ], [ -40.25412753, -18.1681062 ], [ -40.25411949, -18.16811095 ], [ -40.25401592, -18.16817417 ], [ -40.25394356, -18.16821696 ], [ -40.25388775, -18.16825093 ], [ -40.25379105, -18.16830763 ], [ -40.25370308, -18.16836063 ], [ -40.25357441, -18.16843662 ], [ -40.25328692, -18.1686107 ], [ -40.25319945, -18.16866446 ], [ -40.25300695, -18.16877924 ], [ -40.25295119, -18.1688133 ], [ -40.25286263, -18.16886539 ], [ -40.2527274, -18.16894839 ], [ -40.25267118, -18.16898175 ], [ -40.25255147, -18.16905441 ], [ -40.25250393, -18.16908398 ], [ -40.25247183, -18.16910308 ], [ -40.25246108, -18.16910966 ] ] } },
{ "type": "Feature", "properties": { "Field": "001", "Length": 389.66158620135371, "Image": "/home/ubuntu/bemagro/data/image/Orthomosaico.tif", "Farm": "data" }, "geometry": { "type": "LineString", "coordinates": [ [ -40.25558812, -18.16723989 ], [ -40.25550045, -18.1672925 ], [ -40.2553633, -18.16737255 ], [ -40.25526693, -18.16742976 ], [ -40.25503252, -18.16756564 ], [ -40.25495927, -18.16760701 ], [ -40.25488689, -18.16764975 ], [ -40.25483819, -18.16767755 ], [ -40.25483015, -18.16768231 ], [ -40.25478257, -18.16771181 ], [ -40.25474235, -18.16773555 ], [ -40.25468552, -18.16776795 ], [ -40.25462919, -18.16780114 ], [ -40.25453962, -18.16785164 ], [ -40.25442683, -18.16791782 ], [ -40.2540947, -18.16810877 ], [ -40.25405471, -18.16813287 ], [ -40.2539914, -18.1681724 ], [ -40.25398342, -18.16817725 ], [ -40.25393509, -18.16820562 ], [ -40.25383916, -18.1682635 ], [ -40.25375845, -18.16831055 ], [ -40.25358197, -18.16841572 ], [ -40.25350227, -18.16846432 ], [ -40.25338997, -18.16853126 ], [ -40.25319902, -18.16864837 ], [ -40.25299002, -18.16877201 ], [ -40.25272672, -18.16893194 ], [ -40.2525744, -18.16902292 ], [ -40.25245746, -18.16909487 ] ] } },
{ "type": "Feature", "properties": { "Field": "001", "Length": 389.0487712838376, "Image": "/home/ubuntu/bemagro/data/image/Orthomosaico.tif", "Farm": "data" }, "geometry": { "type": "LineString", "coordinates": [ [ -40.25557947, -18.16722834 ], [ -40.25551537, -18.16726724 ], [ -40.25539408, -18.16733745 ], [ -40.25524961, -18.16742338 ], [ -40.25519263, -18.16745555 ], [ -40.25512861, -18.16749404 ], [ -40.25506397, -18.16753156 ], [ -40.25491795, -18.16761506 ], [ -40.25487792, -18.16763909 ], [ -40.2548131, -18.16767633 ], [ -40.25474113, -18.1677197 ], [ -40.25461186, -18.16779476 ], [ -40.25457092, -18.16781733 ], [ -40.25440165, -18.16791648 ], [ -40.2540935, -18.16809296 ], [ -40.25399011, -18.16815646 ], [ -40.25383803, -18.1682478 ], [ -40.25374121, -18.1683043 ], [ -40.25365309, -18.16835708 ], [ -40.25359744, -18.16839131 ], [ -40.25336473, -18.16852983 ], [ -40.25320578, -18.1686277 ], [ -40.25300479, -18.16874654 ], [ -40.25274128, -18.16890614 ], [ -40.2527017, -18.16893084 ], [ -40.25260514, -18.16898775 ], [ -40.25247826, -18.16906645 ], [ -40.25245402, -18.16908082 ] ] } },
{ "type": "Feature", "properties": { "Field": "001", "Length": 388.39889429597946, "Image": "/home/ubuntu/bemagro/data/image/Orthomosaico.tif", "Farm": "data" }, "geometry": { "type": "LineString", "coordinates": [ [ -40.2555698, -18.16721543 ], [ -40.25549093, -18.16726442 ], [ -40.25540976, -18.16731073 ], [ -40.25531385, -18.16736864 ], [ -40.25516017, -18.16745751 ], [ -40.25507213, -18.1675104 ], [ -40.25499923, -18.16755233 ], [ -40.25495833, -18.16757497 ], [ -40.25486186, -18.16763203 ], [ -40.25481304, -18.16765961 ], [ -40.25468441, -18.16773568 ], [ -40.25455451, -18.16780975 ], [ -40.25443402, -18.16788121 ], [ -40.25435245, -18.16792688 ], [ -40.25423963, -18.16799302 ], [ -40.25410168, -18.16807182 ], [ -40.25403724, -18.16810965 ], [ -40.25396596, -18.16815405 ], [ -40.25385407, -18.16822161 ], [ -40.25370094, -18.16831135 ], [ -40.2536372, -18.16835025 ], [ -40.25354879, -18.16840258 ], [ -40.25343732, -18.16847078 ], [ -40.2533648, -18.16851329 ], [ -40.2531979, -18.16861605 ], [ -40.25294061, -18.16876813 ], [ -40.25271749, -18.16890425 ], [ -40.25257337, -18.16899073 ], [ -40.25247816, -18.16904968 ], [ -40.25245041, -18.16906603 ] ] } },
{ "type": "Feature", "properties": { "Field": "001", "Length": 387.76980460629301, "Image": "/home/ubuntu/bemagro/data/image/Orthomosaico.tif", "Farm": "data" }, "geometry": { "type": "LineString", "coordinates": [ [ -40.25556143, -18.16720425 ], [ -40.25549032, -18.16724807 ], [ -40.25539319, -18.16730409 ], [ -40.25532896, -18.16734226 ], [ -40.25529724, -18.16736192 ], [ -40.25524887, -18.16739024 ], [ -40.2551838, -18.16742707 ], [ -40.25507178, -18.16749444 ], [ -40.2549989, -18.1675364 ], [ -40.25493365, -18.16757295 ], [ -40.25488558, -18.16760172 ], [ -40.25472386, -18.16769534 ], [ -40.25465967, -18.16773357 ], [ -40.25452989, -18.16780782 ], [ -40.25444178, -18.16786061 ], [ -40.25429533, -18.16794342 ], [ -40.25420704, -18.16799594 ], [ -40.25405294, -18.16808413 ], [ -40.25383744, -18.16821487 ], [ -40.25370037, -18.16829506 ], [ -40.25366876, -18.1683149 ], [ -40.25353236, -18.16839612 ], [ -40.2534368, -18.16845455 ], [ -40.25336427, -18.16849707 ], [ -40.25318947, -18.16860478 ], [ -40.2529725, -18.16873329 ], [ -40.25294814, -18.16874716 ], [ -40.25285244, -18.16880539 ], [ -40.25276522, -18.1688595 ], [ -40.25256494, -18.16897944 ], [ -40.25247777, -18.16903363 ], [ -40.25244684, -18.16905144 ] ] } },
{ "type": "Feature", "properties": { "Field": "001", "Length": 387.18917308852025, "Image": "/home/ubuntu/bemagro/data/image/Orthomosaico.tif", "Farm": "data" }, "geometry": { "type": "LineString", "coordinates": [ [ -40.25555332, -18.16719343 ], [ -40.25549015, -18.16723235 ], [ -40.25534473, -18.16731681 ], [ -40.25525669, -18.1673697 ], [ -40.25515939, -18.16742544 ], [ -40.25506341, -18.16748323 ], [ -40.25498246, -18.16752991 ], [ -40.25490098, -18.16757573 ], [ -40.25483679, -18.16761395 ], [ -40.25473966, -18.16766995 ], [ -40.25465129, -18.16772234 ], [ -40.2545459, -18.16778277 ], [ -40.25442532, -18.16785409 ], [ -40.25429506, -18.16792758 ], [ -40.25422306, -18.1679709 ], [ -40.25421499, -18.16797561 ], [ -40.25411791, -18.16803171 ], [ -40.25409327, -18.16804513 ], [ -40.25402878, -18.16808288 ], [ -40.25394081, -18.16813588 ], [ -40.25390916, -18.16815566 ], [ -40.25390117, -18.16816049 ], [ -40.25379695, -18.16822274 ], [ -40.25370017, -18.16827931 ], [ -40.25365267, -18.16830893 ], [ -40.25350817, -18.16839482 ], [ -40.25314094, -18.16861745 ], [ -40.25305272, -18.16867006 ], [ -40.25297191, -18.16871694 ], [ -40.25296389, -18.16872174 ], [ -40.25285202, -18.16878934 ], [ -40.25281273, -18.16881445 ], [ -40.25275699, -18.16884854 ], [ -40.25272466, -18.16886728 ], [ -40.25262899, -18.16892555 ], [ -40.25254076, -18.16897816 ], [ -40.25247762, -18.16901795 ], [ -40.2524436, -18.16903819 ] ] } },
{ "type": "Feature", "properties": { "Field": "001", "Length": 178.39665725355135, "Image": "/home/ubuntu/bemagro/data/image/Orthomosaico.tif", "Farm": "data" }, "geometry": { "type": "LineString", "coordinates": [ [ -40.25375471, -18.1676973 ], [ -40.25364385, -18.16775863 ], [ -40.25360376, -18.16778255 ], [ -40.25356316, -18.16780568 ], [ -40.2535555, -18.16781098 ], [ -40.25353881, -18.16781947 ], [ -40.25349856, -18.16784316 ], [ -40.25336315, -18.16792589 ], [ -40.25302561, -18.16812573 ], [ -40.25298609, -18.16815051 ], [ -40.25281829, -18.1682519 ], [ -40.25277099, -18.16828015 ], [ -40.25270537, -18.16831788 ], [ -40.25264939, -18.1683516 ], [ -40.25260076, -18.16837951 ], [ -40.2525139, -18.1684325 ], [ -40.25250478, -18.16843727 ], [ -40.25244046, -18.16847529 ], [ -40.25238548, -18.16850885 ], [ -40.25232104, -18.16854576 ] ] } },
{ "type": "Feature", "properties": { "Field": "001", "Length": 386.5921860319184, "Image": "/home/ubuntu/bemagro/data/image/Orthomosaico.tif", "Farm": "data" }, "geometry": { "type": "LineString", "coordinates": [ [ -40.25554493, -18.16718222 ], [ -40.25549799, -18.16721185 ], [ -40.25549002, -18.16721671 ], [ -40.25538477, -18.16727735 ], [ -40.25524831, -18.16735848 ], [ -40.25515107, -18.16741432 ], [ -40.255055, -18.16747199 ], [ -40.25496596, -18.16752332 ], [ -40.25487645, -18.16757391 ], [ -40.25479613, -18.16762157 ], [ -40.2547313, -18.16765879 ], [ -40.25443314, -18.16783359 ], [ -40.25436834, -18.16787085 ], [ -40.2542949, -18.16791192 ], [ -40.25420681, -18.16796474 ], [ -40.25400442, -18.16808138 ], [ -40.25394058, -18.16812013 ], [ -40.25391697, -18.16813515 ], [ -40.25382893, -18.16818804 ], [ -40.25371629, -18.16825447 ], [ -40.25362049, -18.16831253 ], [ -40.25346791, -18.16840311 ], [ -40.25337201, -18.16846103 ], [ -40.25330876, -18.16850066 ], [ -40.25330077, -18.16850549 ], [ -40.25328455, -18.16851477 ], [ -40.25305253, -18.16865436 ], [ -40.25296375, -18.1687061 ], [ -40.25285192, -18.16877376 ], [ -40.25278066, -18.1688182 ], [ -40.2527083, -18.16886096 ], [ -40.25260463, -18.16892406 ], [ -40.25252449, -18.16897198 ], [ -40.25244027, -18.16902458 ] ] } },
{ "type": "Feature", "properties": { "Field": "001", "Length": 385.95781897185316, "Image": "/home/ubuntu/bemagro/data/image/Orthomosaico.tif", "Farm": "data" }, "geometry": { "type": "LineString", "coordinates": [ [ -40.255536, -18.1671703 ], [ -40.25552846, -18.16717496 ], [ -40.25549744, -18.16719563 ], [ -40.25548951, -18.16720056 ], [ -40.25538422, -18.16726114 ], [ -40.25523173, -18.16735186 ], [ -40.25515873, -18.16739362 ], [ -40.25507063, -18.16744642 ], [ -40.25485174, -18.1675719 ], [ -40.25477962, -18.16761505 ], [ -40.25469871, -18.16766178 ], [ -40.25442469, -18.16782235 ], [ -40.2543107, -18.16788662 ], [ -40.25430261, -18.1678913 ], [ -40.25419836, -18.16795351 ], [ -40.25401186, -18.16806033 ], [ -40.25400382, -18.16806509 ], [ -40.25393225, -18.16810906 ], [ -40.25385201, -18.16815683 ], [ -40.25381229, -18.16818133 ], [ -40.25375579, -18.16821425 ], [ -40.25346793, -18.16838777 ], [ -40.2534516, -18.16839688 ], [ -40.25342757, -18.16841128 ], [ -40.25331623, -18.16847967 ], [ -40.25325992, -18.16851289 ], [ -40.2531803, -18.16856161 ], [ -40.25287536, -18.1687431 ], [ -40.25278009, -18.16880196 ], [ -40.25270772, -18.16884473 ], [ -40.25262011, -18.16889827 ], [ -40.25250791, -18.16896536 ], [ -40.25243671, -18.16901 ] ] } },
{ "type": "Feature", "properties": { "Field": "001", "Length": 385.35533022738019, "Image": "/home/ubuntu/bemagro/data/image/Orthomosaico.tif", "Farm": "data" }, "geometry": { "type": "LineString", "coordinates": [ [ -40.25552821, -18.1671599 ], [ -40.25547819, -18.16719094 ], [ -40.25540512, -18.1672326 ], [ -40.25526873, -18.16731385 ], [ -40.25513936, -18.16738876 ], [ -40.25507533, -18.16742723 ], [ -40.25484833, -18.16755734 ], [ -40.25476835, -18.16760551 ], [ -40.25471962, -18.16763325 ], [ -40.25464726, -18.16767604 ], [ -40.25454209, -18.16773681 ], [ -40.25440533, -18.16781748 ], [ -40.25433176, -18.16785832 ], [ -40.25411419, -18.16798589 ], [ -40.25400847, -18.16804579 ], [ -40.25390499, -18.16810915 ], [ -40.2536244, -18.16827674 ], [ -40.25357673, -18.16830613 ], [ -40.25352044, -18.16833939 ], [ -40.25331277, -18.16846505 ], [ -40.25324051, -18.16850797 ], [ -40.25319297, -18.16853755 ], [ -40.25310464, -18.16859 ], [ -40.2530008, -18.16865283 ], [ -40.25293628, -18.16869054 ], [ -40.25284835, -18.1687436 ], [ -40.25278484, -18.16878285 ], [ -40.25269638, -18.1688351 ], [ -40.25258492, -18.16890331 ], [ -40.25249654, -18.16895568 ], [ -40.2524333, -18.1689961 ] ] } },
{ "type": "Feature", "properties": { "Field": "001", "Length": 203.8558481719881, "Image": "/home/ubuntu/bemagro/data/image/Orthomosaico.tif", "Farm": "data" }, "geometry": { "type": "LineString", "coordinates": [ [ -40.25396259, -18.16758922 ], [ -40.25393609, -18.16760521 ], [ -40.25391133, -18.16761842 ], [ -40.25387155, -18.16764111 ], [ -40.25383961, -18.16766209 ], [ -40.25379301, -18.16769139 ], [ -40.25377555, -18.16770041 ], [ -40.25374297, -18.16771875 ], [ -40.25360655, -18.16779824 ], [ -40.25357291, -18.16781664 ], [ -40.25351634, -18.16784945 ], [ -40.25330863, -18.16797505 ], [ -40.25304342, -18.16813207 ], [ -40.25282888, -18.16826256 ], [ -40.25273176, -18.16831861 ], [ -40.25265915, -18.1683627 ], [ -40.25253135, -18.16843833 ], [ -40.25251621, -18.16844621 ], [ -40.25251263, -18.1684484 ], [ -40.25250638, -18.16845284 ], [ -40.25245053, -18.16848506 ], [ -40.25241816, -18.16850544 ], [ -40.25237891, -18.16852895 ], [ -40.25232463, -18.16855914 ] ] } },
{ "type": "Feature", "properties": { "Field": "001", "Length": 384.74595673214043, "Image": "/home/ubuntu/bemagro/data/image/Orthomosaico.tif", "Farm": "data" }, "geometry": { "type": "LineString", "coordinates": [ [ -40.25552047, -18.16714957 ], [ -40.25546462, -18.16718264 ], [ -40.2553755, -18.16723385 ], [ -40.25522295, -18.16732449 ], [ -40.25515002, -18.16736636 ], [ -40.25506972, -18.16741404 ], [ -40.25486702, -18.16753019 ], [ -40.25477073, -18.16758752 ], [ -40.25461751, -18.1676771 ], [ -40.25454455, -18.16771894 ], [ -40.25443189, -18.16778533 ], [ -40.25428591, -18.1678689 ], [ -40.25397912, -18.16804752 ], [ -40.25387533, -18.16811042 ], [ -40.25369069, -18.16822016 ], [ -40.25355525, -18.16830286 ], [ -40.25334679, -18.16842732 ], [ -40.25315537, -18.16854373 ], [ -40.25304285, -18.16861034 ], [ -40.25269076, -18.16882203 ], [ -40.25257936, -18.16889033 ], [ -40.25249107, -18.16894284 ], [ -40.25248313, -18.16894774 ], [ -40.25242988, -18.1689821 ] ] } },
{ "type": "Feature", "properties": { "Field": "001", "Length": 384.10264937820159, "Image": "/home/ubuntu/bemagro/data/image/Orthomosaico.tif", "Farm": "data" }, "geometry": { "type": "LineString", "coordinates": [ [ -40.25551255, -18.16713899 ], [ -40.25536595, -18.16722345 ], [ -40.25530994, -18.16725712 ], [ -40.2551971, -18.16732323 ], [ -40.25516445, -18.16734146 ], [ -40.25505191, -18.16740802 ], [ -40.25486537, -18.1675148 ], [ -40.25469647, -18.16761451 ], [ -40.25454298, -18.16770368 ], [ -40.25444664, -18.16776093 ], [ -40.25435723, -18.16781168 ], [ -40.25422003, -18.16789167 ], [ -40.254155, -18.16792857 ], [ -40.25395367, -18.16804688 ], [ -40.25365704, -18.16822404 ], [ -40.2535616, -18.16828265 ], [ -40.25336897, -18.16839723 ], [ -40.25318523, -18.16850835 ], [ -40.25313766, -18.16853787 ], [ -40.25303312, -18.16859963 ], [ -40.25286516, -18.16870079 ], [ -40.25281684, -18.16872919 ], [ -40.25260963, -18.16885555 ], [ -40.2524896, -18.16892771 ], [ -40.25242621, -18.16896707 ] ] } },
{ "type": "Feature", "properties": { "Field": "001", "Length": 383.47873061063422, "Image": "/home/ubuntu/bemagro/data/image/Orthomosaico.tif", "Farm": "data" }, "geometry": { "type": "LineString", "coordinates": [ [ -40.25550384, -18.16712737 ], [ -40.25534254, -18.16722078 ], [ -40.25527044, -18.16726394 ], [ -40.25514101, -18.16733875 ], [ -40.25505272, -18.16739126 ], [ -40.2549309, -18.16746063 ], [ -40.25474504, -18.16756848 ], [ -40.25464067, -18.1676305 ], [ -40.25454368, -18.16768674 ], [ -40.25451183, -18.16770622 ], [ -40.25443948, -18.16774901 ], [ -40.25436615, -18.16779025 ], [ -40.25427758, -18.16784233 ], [ -40.25412351, -18.16793058 ], [ -40.25393851, -18.16803976 ], [ -40.25385868, -18.16808816 ], [ -40.25378611, -18.1681306 ], [ -40.25369019, -18.1681885 ], [ -40.25359379, -18.16824566 ], [ -40.25345826, -18.1683282 ], [ -40.25333769, -18.16839954 ], [ -40.25313033, -18.16852568 ], [ -40.25269782, -18.16878487 ], [ -40.25255456, -18.16887263 ], [ -40.25248237, -18.16891567 ], [ -40.25242271, -18.16895277 ] ] } },
{ "type": "Feature", "properties": { "Field": "001", "Length": 382.82977190860601, "Image": "/home/ubuntu/bemagro/data/image/Orthomosaico.tif", "Farm": "data" }, "geometry": { "type": "LineString", "coordinates": [ [ -40.25549577, -18.16711659 ], [ -40.25545536, -18.16713913 ], [ -40.25535839, -18.1671954 ], [ -40.25519761, -18.16729049 ], [ -40.25513271, -18.1673276 ], [ -40.25505244, -18.16737533 ], [ -40.25493874, -18.16744007 ], [ -40.25472848, -18.16756174 ], [ -40.25464831, -18.16760962 ], [ -40.25454333, -18.1676707 ], [ -40.25445534, -18.16772366 ], [ -40.2543012, -18.16781179 ], [ -40.2542127, -18.16786398 ], [ -40.25413925, -18.16790503 ], [ -40.25403513, -18.16796743 ], [ -40.25390593, -18.16804261 ], [ -40.25382626, -18.16809124 ], [ -40.25377782, -18.16811944 ], [ -40.2537138, -18.16815792 ], [ -40.25370581, -18.16816275 ], [ -40.25368211, -18.16817765 ], [ -40.25356932, -18.16824383 ], [ -40.25340984, -18.16834089 ], [ -40.25329719, -18.16840729 ], [ -40.25313801, -18.16850482 ], [ -40.25312176, -18.16851405 ], [ -40.25294579, -18.16862 ], [ -40.25292145, -18.16863392 ], [ -40.25285788, -18.16867308 ], [ -40.25268939, -18.16877342 ], [ -40.25252224, -18.1688758 ], [ -40.25241896, -18.16893745 ] ] } },
{ "type": "Feature", "properties": { "Field": "001", "Length": 382.19878725563802, "Image": "/home/ubuntu/bemagro/data/image/Orthomosaico.tif", "Farm": "data" }, "geometry": { "type": "LineString", "coordinates": [ [ -40.25548751, -18.16710557 ], [ -40.25544707, -18.16712806 ], [ -40.2552775, -18.16722672 ], [ -40.25516518, -18.16729363 ], [ -40.25501198, -18.16738326 ], [ -40.25493052, -18.16742911 ], [ -40.25471194, -18.16755508 ], [ -40.25453489, -18.16765938 ], [ -40.25443079, -18.16772181 ], [ -40.25442273, -18.16772653 ], [ -40.25434961, -18.16776811 ], [ -40.25428526, -18.16780608 ], [ -40.25417978, -18.16786636 ], [ -40.25409149, -18.16791888 ], [ -40.25405103, -18.16794223 ], [ -40.2540112, -18.16796656 ], [ -40.2538979, -18.16803193 ], [ -40.2536819, -18.16816192 ], [ -40.25354483, -18.16824211 ], [ -40.25339334, -18.16833435 ], [ -40.25324879, -18.16842016 ], [ -40.25314557, -18.16848391 ], [ -40.25308925, -18.16851711 ], [ -40.2530176, -18.16856097 ], [ -40.2529051, -18.16862761 ], [ -40.2528335, -18.16867154 ], [ -40.2527531, -18.16871905 ], [ -40.25260152, -18.16881117 ], [ -40.25252131, -18.16885898 ], [ -40.25247365, -18.16888838 ], [ -40.2524154, -18.16892288 ] ] } },
{ "type": "Feature", "properties": { "Field": "001", "Length": 381.54200445872914, "Image": "/home/ubuntu/bemagro/data/image/Orthomosaico.tif", "Farm": "data" }, "geometry": { "type": "LineString", "coordinates": [ [ -40.25547915, -18.16709441 ], [ -40.25543052, -18.16712141 ], [ -40.25538202, -18.16714953 ], [ -40.2552697, -18.16721642 ], [ -40.25506033, -18.16733949 ], [ -40.25471972, -18.16753451 ], [ -40.25442235, -18.16771053 ], [ -40.25433313, -18.16776159 ], [ -40.25427676, -18.16779472 ], [ -40.25424415, -18.16781301 ], [ -40.25413129, -18.16787907 ], [ -40.25397873, -18.16796969 ], [ -40.25389773, -18.16801628 ], [ -40.25376136, -18.16809755 ], [ -40.25366553, -18.16815559 ], [ -40.25353649, -18.16823101 ], [ -40.25337686, -18.16832784 ], [ -40.25325637, -18.16839931 ], [ -40.25314524, -18.16846801 ], [ -40.25306497, -18.16851574 ], [ -40.25300925, -18.16854985 ], [ -40.25289667, -18.16861637 ], [ -40.25283306, -18.16865547 ], [ -40.25274466, -18.1687078 ], [ -40.25248104, -18.16886726 ], [ -40.25241168, -18.16890765 ] ] } },
{ "type": "Feature", "properties": { "Field": "001", "Length": 243.68381103650424, "Image": "/home/ubuntu/bemagro/data/image/Orthomosaico.tif", "Farm": "data" }, "geometry": { "type": "LineString", "coordinates": [ [ -40.25429034, -18.16742085 ], [ -40.25420733, -18.1674641 ], [ -40.25418319, -18.16747832 ], [ -40.25415012, -18.16749586 ], [ -40.25411762, -18.16751433 ], [ -40.25407789, -18.1675388 ], [ -40.25406986, -18.16754357 ], [ -40.25401254, -18.16757517 ], [ -40.25400443, -18.16757981 ], [ -40.25394869, -18.1676139 ], [ -40.2539003, -18.16764219 ], [ -40.25381221, -18.16769501 ], [ -40.25375518, -18.16772709 ], [ -40.25363405, -18.16779755 ], [ -40.25358515, -18.16782503 ], [ -40.25352094, -18.16786321 ], [ -40.25351295, -18.16786805 ], [ -40.25347337, -18.16789274 ], [ -40.25342528, -18.16792149 ], [ -40.25332099, -18.16798363 ], [ -40.25326439, -18.16801639 ], [ -40.25308797, -18.16812166 ], [ -40.25293601, -18.16821319 ], [ -40.2528325, -18.16827652 ], [ -40.2527273, -18.16833725 ], [ -40.25258327, -18.16842385 ], [ -40.2524944, -18.16847547 ], [ -40.25239064, -18.16853841 ], [ -40.25232887, -18.16857494 ] ] } },
{ "type": "Feature", "properties": { "Field": "001", "Length": 380.93307881243419, "Image": "/home/ubuntu/bemagro/data/image/Orthomosaico.tif", "Farm": "data" }, "geometry": { "type": "LineString", "coordinates": [ [ -40.25547143, -18.16708409 ], [ -40.25543062, -18.16710598 ], [ -40.25542244, -18.16711051 ], [ -40.25535764, -18.16714778 ], [ -40.25525325, -18.16720976 ], [ -40.25517239, -18.16725657 ], [ -40.25507634, -18.16731426 ], [ -40.25490616, -18.16741196 ], [ -40.25488221, -18.16742648 ], [ -40.25480914, -18.16746813 ], [ -40.25476091, -18.16749666 ], [ -40.25465541, -18.16755691 ], [ -40.25447873, -18.16766178 ], [ -40.25422772, -18.16780635 ], [ -40.25397823, -18.16795329 ], [ -40.25390543, -18.16799539 ], [ -40.25365717, -18.16814422 ], [ -40.25352002, -18.16822429 ], [ -40.25343232, -18.1682777 ], [ -40.25339283, -18.16830253 ], [ -40.25338487, -18.1683074 ], [ -40.25328023, -18.168369 ], [ -40.25303307, -18.16851951 ], [ -40.25290428, -18.16859532 ], [ -40.25281669, -18.16864889 ], [ -40.25272024, -18.16870597 ], [ -40.25248059, -18.16885093 ], [ -40.25240817, -18.16889333 ] ] } },
{ "type": "Feature", "properties": { "Field": "001", "Length": 380.30308793125874, "Image": "/home/ubuntu/bemagro/data/image/Orthomosaico.tif", "Farm": "data" }, "geometry": { "type": "LineString", "coordinates": [ [ -40.25546354, -18.16707356 ], [ -40.25541424, -18.16709944 ], [ -40.25534131, -18.16714132 ], [ -40.25525292, -18.16719367 ], [ -40.25518814, -18.16723098 ], [ -40.25504376, -18.16731705 ], [ -40.25497883, -18.16735411 ], [ -40.25474482, -18.16749061 ], [ -40.25463119, -18.16755547 ], [ -40.2544704, -18.16765055 ], [ -40.254381, -18.16770131 ], [ -40.25428431, -18.16775802 ], [ -40.25417097, -18.16782334 ], [ -40.25401009, -18.16791826 ], [ -40.25393725, -18.1679603 ], [ -40.25384126, -18.16801807 ], [ -40.25376871, -18.16806055 ], [ -40.25368907, -18.16810923 ], [ -40.25352768, -18.16820337 ], [ -40.25344786, -18.16825179 ], [ -40.25336857, -18.168301 ], [ -40.25320795, -18.16839633 ], [ -40.25303269, -18.16850335 ], [ -40.25294402, -18.16855528 ], [ -40.2528402, -18.16861814 ], [ -40.25273581, -18.16868012 ], [ -40.25260036, -18.16876279 ], [ -40.25249594, -18.16882474 ], [ -40.25247227, -18.16883966 ], [ -40.25246428, -18.1688445 ], [ -40.25244822, -18.16885403 ], [ -40.25240454, -18.16887845 ] ] } },
{ "type": "Feature", "properties": { "Field": "001", "Length": 379.67841644285551, "Image": "/home/ubuntu/bemagro/data/image/Orthomosaico.tif", "Farm": "data" }, "geometry": { "type": "LineString", "coordinates": [ [ -40.25545461, -18.16706163 ], [ -40.25540555, -18.16708794 ], [ -40.25534887, -18.16712057 ], [ -40.25525244, -18.16717768 ], [ -40.25516321, -18.16722873 ], [ -40.25510736, -18.16726265 ], [ -40.2550109, -18.16731971 ], [ -40.25500282, -18.16732439 ], [ -40.25497017, -18.16734263 ], [ -40.25485745, -18.16740892 ], [ -40.25478422, -18.16745032 ], [ -40.25463867, -18.16753457 ], [ -40.2543486, -18.16770469 ], [ -40.25427554, -18.16774637 ], [ -40.25418698, -18.16779847 ], [ -40.25412217, -18.16783572 ], [ -40.25402546, -18.16789239 ], [ -40.25397749, -18.16792132 ], [ -40.25389675, -18.16796832 ], [ -40.25380871, -18.16802122 ], [ -40.2537601, -18.16804915 ], [ -40.25361612, -18.16813584 ], [ -40.25350342, -18.16820215 ], [ -40.25342337, -18.16825023 ], [ -40.25337571, -18.16827962 ], [ -40.25321541, -18.16837545 ], [ -40.25314399, -18.16841965 ], [ -40.25303209, -18.16848719 ], [ -40.25293538, -18.16854387 ], [ -40.25279911, -18.1686253 ], [ -40.25249564, -18.16880904 ], [ -40.25243947, -18.16884248 ], [ -40.2524011, -18.1688644 ] ] } },
{ "type": "Feature", "properties": { "Field": "001", "Length": 379.06693937629734, "Image": "/home/ubuntu/bemagro/data/image/Orthomosaico.tif", "Farm": "data" }, "geometry": { "type": "LineString", "coordinates": [ [ -40.25544587, -18.16704996 ], [ -40.2553883, -18.16708177 ], [ -40.25533964, -18.16710962 ], [ -40.2552513, -18.16716204 ], [ -40.25513802, -18.16722746 ], [ -40.2551143, -18.16724232 ], [ -40.25500969, -18.16730397 ], [ -40.25494468, -18.1673409 ], [ -40.25488864, -18.16737454 ], [ -40.25473431, -18.16746236 ], [ -40.25446822, -18.16761801 ], [ -40.25434776, -18.16768952 ], [ -40.25429874, -18.16771679 ], [ -40.25419413, -18.16777845 ], [ -40.25413722, -18.16781071 ], [ -40.25393592, -18.16792908 ], [ -40.25392013, -18.16793901 ], [ -40.25373496, -18.16804794 ], [ -40.25367923, -18.16808204 ], [ -40.25342227, -18.16823463 ], [ -40.25333423, -18.16828752 ], [ -40.25330263, -18.16830737 ], [ -40.25320632, -18.16836467 ], [ -40.25317472, -18.16838452 ], [ -40.25310258, -18.16842763 ], [ -40.25307093, -18.16844741 ], [ -40.25274977, -18.1686382 ], [ -40.25266232, -18.168692 ], [ -40.25244656, -18.16882234 ], [ -40.25239769, -18.16885045 ] ] } },
{ "type": "Feature", "properties": { "Field": "001", "Length": 268.14453155109197, "Image": "/home/ubuntu/bemagro/data/image/Orthomosaico.tif", "Farm": "data" }, "geometry": { "type": "LineString", "coordinates": [ [ -40.25233289, -18.16858989 ], [ -40.2524529, -18.1685169 ], [ -40.25251717, -18.1684788 ], [ -40.25257397, -18.16844634 ], [ -40.25264588, -18.16840288 ], [ -40.25267035, -18.16838917 ], [ -40.25276635, -18.16833141 ], [ -40.2528309, -18.16829375 ], [ -40.2529345, -18.16823055 ], [ -40.25307119, -18.16814977 ], [ -40.25320679, -18.16806733 ], [ -40.25335176, -18.16798216 ], [ -40.25348763, -18.16790012 ], [ -40.25352714, -18.16787533 ], [ -40.25359191, -18.16783802 ], [ -40.25365606, -18.16779973 ], [ -40.25370498, -18.16777229 ], [ -40.25388303, -18.16766956 ], [ -40.25399448, -18.16760133 ], [ -40.25401867, -18.16758719 ], [ -40.25404371, -18.16757445 ], [ -40.25412374, -18.16752636 ], [ -40.25416465, -18.16750374 ], [ -40.25422131, -18.16747105 ], [ -40.25425462, -18.16745395 ], [ -40.2542791, -18.16744027 ], [ -40.25430431, -18.16742784 ], [ -40.25432052, -18.16741855 ], [ -40.2543253, -18.16741562 ], [ -40.25432875, -18.16741327 ], [ -40.25433203, -18.16741069 ], [ -40.25434267, -18.16740173 ], [ -40.25435039, -18.16739651 ], [ -40.25439032, -18.16737234 ], [ -40.25440674, -18.16736339 ], [ -40.25443846, -18.1673437 ], [ -40.25445443, -18.16733403 ], [ -40.25447864, -18.16731992 ], [ -40.25448766, -18.16731498 ] ] } },
{ "type": "Feature", "properties": { "Field": "001", "Length": 378.45771128868137, "Image": "/home/ubuntu/bemagro/data/image/Orthomosaico.tif", "Farm": "data" }, "geometry": { "type": "LineString", "coordinates": [ [ -40.25543653, -18.1670375 ], [ -40.25540422, -18.16705538 ], [ -40.25531501, -18.16710646 ], [ -40.25525111, -18.16714512 ], [ -40.25513822, -18.16721115 ], [ -40.25508227, -18.16724491 ], [ -40.2550015, -18.16729186 ], [ -40.25491188, -18.16734228 ], [ -40.25483133, -18.16738958 ], [ -40.25473404, -18.16744533 ], [ -40.25468608, -18.16747427 ], [ -40.25459698, -18.16752552 ], [ -40.25442835, -18.16762565 ], [ -40.25430678, -18.16769542 ], [ -40.25419421, -18.16776195 ], [ -40.25411285, -18.16780796 ], [ -40.25404831, -18.16784563 ], [ -40.25383993, -18.16797022 ], [ -40.25371912, -18.16804119 ], [ -40.2536152, -18.16810389 ], [ -40.25351845, -18.1681605 ], [ -40.25343866, -18.16820897 ], [ -40.25336623, -18.16825164 ], [ -40.25327859, -18.16830513 ], [ -40.25318242, -18.16836264 ], [ -40.25306302, -18.16843576 ], [ -40.25274176, -18.1686264 ], [ -40.25265433, -18.16868021 ], [ -40.25252626, -18.16875713 ], [ -40.25243871, -18.16881076 ], [ -40.25239436, -18.16883683 ] ] } },
{ "type": "Feature", "properties": { "Field": "001", "Length": 377.86147427968712, "Image": "/home/ubuntu/bemagro/data/image/Orthomosaico.tif", "Farm": "data" }, "geometry": { "type": "LineString", "coordinates": [ [ -40.25542828, -18.16702648 ], [ -40.25539589, -18.16704424 ], [ -40.25529849, -18.16709983 ], [ -40.25525861, -18.16712407 ], [ -40.25500112, -18.16727584 ], [ -40.25490343, -18.16733096 ], [ -40.25489533, -18.16733562 ], [ -40.25488754, -18.16734073 ], [ -40.25482302, -18.16737845 ], [ -40.25472539, -18.16743367 ], [ -40.25466957, -18.16746764 ], [ -40.25459658, -18.16750941 ], [ -40.2545646, -18.1675287 ], [ -40.25451601, -18.16755667 ], [ -40.25441991, -18.16761428 ], [ -40.25431453, -18.16767473 ], [ -40.25420193, -18.16774121 ], [ -40.2541204, -18.16778694 ], [ -40.25407194, -18.16781511 ], [ -40.25382346, -18.16796362 ], [ -40.25366241, -18.16805828 ], [ -40.25359069, -18.16810203 ], [ -40.25348598, -18.16816353 ], [ -40.2534304, -18.16819786 ], [ -40.25329382, -18.16827882 ], [ -40.25327009, -18.16829366 ], [ -40.25318194, -18.16834638 ], [ -40.25311846, -18.16838568 ], [ -40.25301455, -18.16844839 ], [ -40.25290182, -18.16851466 ], [ -40.25270933, -18.16862947 ], [ -40.25260563, -18.16869249 ], [ -40.25256611, -18.16871729 ], [ -40.25250978, -18.16875048 ], [ -40.25239098, -18.168823 ] ] } },
{ "type": "Feature", "properties": { "Field": "001", "Length": 377.27461420129708, "Image": "/home/ubuntu/bemagro/data/image/Orthomosaico.tif", "Farm": "data" }, "geometry": { "type": "LineString", "coordinates": [ [ -40.25541947, -18.16701472 ], [ -40.25528206, -18.1670935 ], [ -40.25512899, -18.16718331 ], [ -40.25507319, -18.16721732 ], [ -40.25502492, -18.16724579 ], [ -40.25491926, -18.16730578 ], [ -40.25480635, -18.16737177 ], [ -40.25473325, -18.16741338 ], [ -40.25466097, -18.16745628 ], [ -40.25457963, -18.16750232 ], [ -40.25457155, -18.16750702 ], [ -40.25450719, -18.16754497 ], [ -40.25442738, -18.1675934 ], [ -40.25441933, -18.16759814 ], [ -40.25425767, -18.16769185 ], [ -40.25420964, -18.16772069 ], [ -40.25420156, -18.16772538 ], [ -40.25405556, -18.16780892 ], [ -40.25404752, -18.16781367 ], [ -40.25391936, -18.16789046 ], [ -40.2538548, -18.16792811 ], [ -40.25379899, -18.16796209 ], [ -40.25365394, -18.16804713 ], [ -40.2534695, -18.16815719 ], [ -40.25342992, -18.16818188 ], [ -40.25328544, -18.1682678 ], [ -40.25301413, -18.16843252 ], [ -40.25294146, -18.16847481 ], [ -40.25283755, -18.16853753 ], [ -40.25272477, -18.16860373 ], [ -40.25266919, -18.16863806 ], [ -40.25260486, -18.16867607 ], [ -40.25254941, -18.16871058 ], [ -40.2524931, -18.16874381 ], [ -40.25238775, -18.16880981 ] ] } },
{ "type": "Feature", "properties": { "Field": "001", "Length": 376.63281514919134, "Image": "/home/ubuntu/bemagro/data/image/Orthomosaico.tif", "Farm": "data" }, "geometry": { "type": "LineString", "coordinates": [ [ -40.25541099, -18.1670034 ], [ -40.25516872, -18.16714345 ], [ -40.25500034, -18.16724395 ], [ -40.25491892, -18.16728987 ], [ -40.25479807, -18.16736077 ], [ -40.25457108, -18.16749091 ], [ -40.25437047, -18.16761033 ], [ -40.25426529, -18.16767109 ], [ -40.254193, -18.16771397 ], [ -40.25409541, -18.16776926 ], [ -40.2539191, -18.16787468 ], [ -40.25384642, -18.16791696 ], [ -40.25379865, -18.16794619 ], [ -40.25362951, -18.16804554 ], [ -40.25348499, -18.1681314 ], [ -40.253477, -18.16813622 ], [ -40.25341361, -18.16817565 ], [ -40.25329303, -18.16824697 ], [ -40.25300584, -18.1684215 ], [ -40.252901, -18.16848279 ], [ -40.25278119, -18.1685553 ], [ -40.25270039, -18.1686022 ], [ -40.25269235, -18.16860696 ], [ -40.25264458, -18.16863619 ], [ -40.25260432, -18.16865985 ], [ -40.25250058, -18.16872283 ], [ -40.25238414, -18.16879505 ] ] } },
{ "type": "Feature", "properties": { "Field": "001", "Length": 376.01265419058814, "Image": "/home/ubuntu/bemagro/data/image/Orthomosaico.tif", "Farm": "data" }, "geometry": { "type": "LineString", "coordinates": [ [ -40.25540177, -18.16699108 ], [ -40.25528936, -18.16705755 ], [ -40.25519196, -18.16711314 ], [ -40.2551195, -18.16715576 ], [ -40.25504755, -18.16719916 ], [ -40.25489374, -18.16728782 ], [ -40.25478114, -18.1673543 ], [ -40.25456215, -18.16747962 ], [ -40.25433735, -18.16761319 ], [ -40.25418419, -18.16770287 ], [ -40.25409468, -18.16775346 ], [ -40.253894, -18.16787277 ], [ -40.2538374, -18.16790555 ], [ -40.25377361, -18.16794437 ], [ -40.2535966, -18.16804875 ], [ -40.25347621, -18.16812035 ], [ -40.25338054, -18.16817862 ], [ -40.25332407, -18.1682116 ], [ -40.25322062, -18.16827501 ], [ -40.25302043, -18.16839508 ], [ -40.25297272, -18.16842439 ], [ -40.25281985, -18.16851453 ], [ -40.25275597, -18.16855323 ], [ -40.25270734, -18.16858112 ], [ -40.25264354, -18.16861995 ], [ -40.25261927, -18.16863396 ], [ -40.25250761, -18.16870188 ], [ -40.25238072, -18.16878107 ] ] } },
{ "type": "Feature", "properties": { "Field": "001", "Length": 306.2217384586238, "Image": "/home/ubuntu/bemagro/data/image/Orthomosaico.tif", "Farm": "data" }, "geometry": { "type": "LineString", "coordinates": [ [ -40.25233687, -18.16860472 ], [ -40.25247181, -18.16852216 ], [ -40.25251993, -18.16849348 ], [ -40.25259271, -18.16845135 ], [ -40.25265662, -18.16841271 ], [ -40.25270516, -18.16838466 ], [ -40.25276077, -18.16835037 ], [ -40.25283333, -18.16830791 ], [ -40.25293724, -18.16824518 ], [ -40.25299379, -18.16821234 ], [ -40.25305798, -18.16817411 ], [ -40.25318564, -18.16809658 ], [ -40.25325007, -18.16805873 ], [ -40.25336982, -18.16798613 ], [ -40.25349024, -18.16791457 ], [ -40.25353792, -18.1678852 ], [ -40.25365051, -18.16781871 ], [ -40.25366672, -18.1678094 ], [ -40.25370755, -18.16778665 ], [ -40.25377207, -18.16774893 ], [ -40.25387783, -18.16768911 ], [ -40.2539815, -18.16762604 ], [ -40.25406229, -18.16757911 ], [ -40.25411031, -18.16755025 ], [ -40.25412641, -18.16754079 ], [ -40.25425631, -18.16746673 ], [ -40.25428108, -18.16745351 ], [ -40.25430595, -18.1674405 ], [ -40.25431414, -18.16743598 ], [ -40.25433009, -18.16742628 ], [ -40.25433767, -18.16742088 ], [ -40.25434477, -18.16741492 ], [ -40.25435215, -18.16740928 ], [ -40.25436019, -18.16740454 ], [ -40.25440895, -18.16737684 ], [ -40.25445657, -18.16734739 ], [ -40.25448075, -18.16733322 ], [ -40.25448887, -18.16732859 ], [ -40.25451363, -18.16731538 ], [ -40.25452181, -18.16731084 ], [ -40.25459379, -18.1672675 ], [ -40.254651, -18.16723571 ], [ -40.25465927, -18.16723133 ], [ -40.25467609, -18.16722308 ], [ -40.25472514, -18.16719586 ], [ -40.25473328, -18.16719127 ], [ -40.25480001, -18.16715222 ] ] } },
{ "type": "Feature", "properties": { "Field": "001", "Length": 375.38998174194478, "Image": "/home/ubuntu/bemagro/data/image/Orthomosaico.tif", "Farm": "data" }, "geometry": { "type": "LineString", "coordinates": [ [ -40.25539321, -18.16697966 ], [ -40.25530571, -18.16703252 ], [ -40.25529762, -18.1670372 ], [ -40.25523246, -18.16707389 ], [ -40.25514352, -18.16712539 ], [ -40.25494257, -18.16724428 ], [ -40.2548938, -18.16727197 ], [ -40.25474072, -18.16736177 ], [ -40.25467559, -18.1673985 ], [ -40.25458681, -18.16745027 ], [ -40.25456225, -18.16746381 ], [ -40.25455415, -18.16746848 ], [ -40.25446599, -18.16752119 ], [ -40.2543612, -18.16758256 ], [ -40.25433745, -18.16759737 ], [ -40.25432946, -18.16760219 ], [ -40.25418439, -18.1676872 ], [ -40.25411914, -18.16772374 ], [ -40.25405444, -18.16776118 ], [ -40.25388578, -18.16786126 ], [ -40.2537729, -18.1679273 ], [ -40.2535887, -18.16803773 ], [ -40.25346002, -18.16811371 ], [ -40.25338038, -18.1681624 ], [ -40.25329188, -18.16821458 ], [ -40.25320444, -18.16826838 ], [ -40.25317218, -18.16828723 ], [ -40.25311657, -18.16832151 ], [ -40.25292441, -18.16843681 ], [ -40.25269111, -18.16857443 ], [ -40.25262749, -18.16861351 ], [ -40.25253914, -18.16866592 ], [ -40.25253117, -18.16867079 ], [ -40.25237721, -18.1687667 ] ] } },
{ "type": "Feature", "properties": { "Field": "001", "Length": 374.72481144634702, "Image": "/home/ubuntu/bemagro/data/image/Orthomosaico.tif", "Farm": "data" }, "geometry": { "type": "LineString", "coordinates": [ [ -40.25538429, -18.16696776 ], [ -40.25530502, -18.16701614 ], [ -40.2552562, -18.16704374 ], [ -40.2551838, -18.16708646 ], [ -40.25513498, -18.16711406 ], [ -40.25506271, -18.16715696 ], [ -40.25500605, -18.16718965 ], [ -40.25496606, -18.16721373 ], [ -40.25491751, -18.16724176 ], [ -40.25486947, -18.16727058 ], [ -40.25482076, -18.16729836 ], [ -40.25476486, -18.16733221 ], [ -40.25475681, -18.16733695 ], [ -40.25474043, -18.16734598 ], [ -40.25470834, -18.16736509 ], [ -40.25461051, -18.16741999 ], [ -40.25454574, -18.1674573 ], [ -40.25442507, -18.16752849 ], [ -40.25433585, -18.16757954 ], [ -40.25418367, -18.16767073 ], [ -40.25399771, -18.16777842 ], [ -40.25387736, -18.16785009 ], [ -40.25377222, -18.16791092 ], [ -40.2536924, -18.16795933 ], [ -40.25354776, -18.16804501 ], [ -40.25336374, -18.1681557 ], [ -40.2532753, -18.16820798 ], [ -40.2531956, -18.16825658 ], [ -40.25315542, -18.16828036 ], [ -40.25309188, -18.16831956 ], [ -40.25297141, -18.16839106 ], [ -40.25292371, -18.1684204 ], [ -40.25273871, -18.16852959 ], [ -40.25261091, -18.16860691 ], [ -40.25252234, -18.16865899 ], [ -40.25244329, -18.16870855 ], [ -40.25237345, -18.16875133 ] ] } },
{ "type": "Feature", "properties": { "Field": "001", "Length": 323.20550294360606, "Image": "/home/ubuntu/bemagro/data/image/Orthomosaico.tif", "Farm": "data" }, "geometry": { "type": "LineString", "coordinates": [ [ -40.2523411, -18.16862048 ], [ -40.25241195, -18.16857508 ], [ -40.25251579, -18.16851225 ], [ -40.25258833, -18.16846975 ], [ -40.25264413, -18.16843576 ], [ -40.25271695, -18.1683937 ], [ -40.25278065, -18.16835473 ], [ -40.2528693, -18.16830277 ], [ -40.25293309, -18.16826395 ], [ -40.25301371, -18.16821675 ], [ -40.25320575, -18.16810128 ], [ -40.25331838, -18.16803485 ], [ -40.25337384, -18.16800035 ], [ -40.25354213, -18.16789969 ], [ -40.25362305, -18.16785297 ], [ -40.25368714, -18.1678146 ], [ -40.25389758, -18.16769321 ], [ -40.25401772, -18.16762122 ], [ -40.25407448, -18.1675887 ], [ -40.25413838, -18.16755003 ], [ -40.25421969, -18.16750394 ], [ -40.2543643, -18.16741823 ], [ -40.25442142, -18.1673863 ], [ -40.25448509, -18.16734728 ], [ -40.25459858, -18.1672822 ], [ -40.25464759, -18.16725492 ], [ -40.25468787, -18.16723127 ], [ -40.25470444, -18.16722257 ], [ -40.25475264, -18.16719399 ], [ -40.25477735, -18.16718069 ], [ -40.2548173, -18.16715654 ], [ -40.25482512, -18.16715147 ], [ -40.25484042, -18.16714085 ], [ -40.25484822, -18.16713575 ], [ -40.25485616, -18.16713086 ], [ -40.25488802, -18.16711138 ], [ -40.25493777, -18.16708205 ] ] } },
{ "type": "Feature", "properties": { "Field": "001", "Length": 374.09971576856128, "Image": "/home/ubuntu/bemagro/data/image/Orthomosaico.tif", "Farm": "data" }, "geometry": { "type": "LineString", "coordinates": [ [ -40.25537649, -18.16695734 ], [ -40.25535176, -18.16697181 ], [ -40.25532815, -18.16698684 ], [ -40.25531169, -18.16699572 ], [ -40.25519902, -18.16706209 ], [ -40.25515015, -18.16708962 ], [ -40.25502076, -18.16716448 ], [ -40.25494063, -18.16721242 ], [ -40.25489997, -18.16723546 ], [ -40.25481949, -18.16728286 ], [ -40.25472335, -18.16734043 ], [ -40.25459286, -18.16741353 ], [ -40.25439149, -18.16753177 ], [ -40.25431037, -18.16757817 ], [ -40.25414205, -18.16767878 ], [ -40.25410933, -18.1676969 ], [ -40.25400442, -18.16775807 ], [ -40.25391641, -18.16781102 ], [ -40.253779, -18.16789067 ], [ -40.25332184, -18.16816331 ], [ -40.25320995, -18.16823087 ], [ -40.25317036, -18.16825556 ], [ -40.25295417, -18.16838525 ], [ -40.25292984, -18.16839917 ], [ -40.252842, -18.16845238 ], [ -40.2527211, -18.16852321 ], [ -40.25259334, -18.1686006 ], [ -40.25251302, -18.16864824 ], [ -40.25236987, -18.16873671 ] ] } },
{ "type": "Feature", "properties": { "Field": "001", "Length": 373.46725129074895, "Image": "/home/ubuntu/bemagro/data/image/Orthomosaico.tif", "Farm": "data" }, "geometry": { "type": "LineString", "coordinates": [ [ -40.25536783, -18.16694586 ], [ -40.25529521, -18.16698731 ], [ -40.25528717, -18.16699207 ], [ -40.25523941, -18.16702131 ], [ -40.25511845, -18.16709204 ], [ -40.25505428, -18.1671303 ], [ -40.2549729, -18.16717626 ], [ -40.2549006, -18.16721914 ], [ -40.25476311, -18.16729867 ], [ -40.25468275, -18.16734626 ], [ -40.25467465, -18.16735092 ], [ -40.2546175, -18.1673828 ], [ -40.25452836, -18.16743398 ], [ -40.25440793, -18.16750553 ], [ -40.25427869, -18.16758064 ], [ -40.25414233, -18.16766193 ], [ -40.25407733, -18.16769889 ], [ -40.25399674, -18.16774612 ], [ -40.25388463, -18.16781335 ], [ -40.25375493, -18.16788772 ], [ -40.25351494, -18.16803216 ], [ -40.25341034, -18.16809382 ], [ -40.25332226, -18.16814666 ], [ -40.2532898, -18.1681652 ], [ -40.25312265, -18.16826758 ], [ -40.25311461, -18.16827232 ], [ -40.25309833, -18.16828152 ], [ -40.2530903, -18.16828629 ], [ -40.25306651, -18.16830104 ], [ -40.25297013, -18.16835823 ], [ -40.25283425, -18.16844026 ], [ -40.25276954, -18.16847766 ], [ -40.25271334, -18.16851106 ], [ -40.25266558, -18.1685403 ], [ -40.25259294, -18.16858264 ], [ -40.25258493, -18.16858744 ], [ -40.25236635, -18.16872229 ] ] } },
{ "type": "Feature", "properties": { "Field": "001", "Length": 372.4484833131491, "Image": "/home/ubuntu/bemagro/data/image/Orthomosaico.tif", "Farm": "data" }, "geometry": { "type": "LineString", "coordinates": [ [ -40.25535618, -18.16693644 ], [ -40.25525964, -18.16699246 ], [ -40.25519575, -18.16703114 ], [ -40.25513915, -18.16706391 ], [ -40.25507505, -18.16710226 ], [ -40.25506694, -18.16710691 ], [ -40.25501781, -18.16713399 ], [ -40.25494506, -18.16717617 ], [ -40.2548729, -18.16721924 ], [ -40.2547838, -18.16727049 ], [ -40.25470347, -18.16731812 ], [ -40.25461388, -18.16736859 ], [ -40.25454096, -18.16741048 ], [ -40.25443646, -18.1674723 ], [ -40.2543475, -18.16752376 ], [ -40.25427542, -18.16756696 ], [ -40.25419469, -18.16761399 ], [ -40.25413051, -18.16765223 ], [ -40.25405754, -18.16769404 ], [ -40.25402558, -18.16771335 ], [ -40.25397701, -18.16774136 ], [ -40.25387294, -18.16780383 ], [ -40.25375132, -18.16787351 ], [ -40.25359932, -18.16796498 ], [ -40.25355079, -18.16799305 ], [ -40.25354277, -18.16799783 ], [ -40.25347914, -18.1680369 ], [ -40.25340669, -18.16807954 ], [ -40.2533429, -18.16811836 ], [ -40.25326224, -18.16816548 ], [ -40.25325423, -18.16817029 ], [ -40.25315894, -18.16822911 ], [ -40.25287063, -18.16840196 ], [ -40.25258118, -18.16857305 ], [ -40.25249343, -18.16862638 ], [ -40.25245413, -18.16865149 ], [ -40.25236283, -18.16870791 ] ] } },
{ "type": "Feature", "properties": { "Field": "001", "Length": 371.42365961828318, "Image": "/home/ubuntu/bemagro/data/image/Orthomosaico.tif", "Farm": "data" }, "geometry": { "type": "LineString", "coordinates": [ [ -40.25534438, -18.16692688 ], [ -40.25524838, -18.16698375 ], [ -40.25522393, -18.16699748 ], [ -40.25521588, -18.16700222 ], [ -40.25518408, -18.16702177 ], [ -40.25513555, -18.16704983 ], [ -40.25507135, -18.16708805 ], [ -40.25502256, -18.16711569 ], [ -40.25501459, -18.16712055 ], [ -40.25499895, -18.1671307 ], [ -40.25499095, -18.16713552 ], [ -40.25486075, -18.16720909 ], [ -40.25480451, -18.16724243 ], [ -40.25465906, -18.16732684 ], [ -40.25459391, -18.16736355 ], [ -40.25448888, -18.16742454 ], [ -40.25440865, -18.16747232 ], [ -40.25435186, -18.1675048 ], [ -40.25434381, -18.16750954 ], [ -40.25424796, -18.16756752 ], [ -40.25417491, -18.16760922 ], [ -40.25410294, -18.16765258 ], [ -40.25404606, -18.16768491 ], [ -40.25395731, -18.16773671 ], [ -40.25386103, -18.16779404 ], [ -40.25373961, -18.16786406 ], [ -40.25365956, -18.16791212 ], [ -40.25357898, -18.16795937 ], [ -40.25347528, -18.16802241 ], [ -40.25335459, -18.16809357 ], [ -40.25321059, -18.16818022 ], [ -40.253147, -18.16821934 ], [ -40.25303476, -18.16828637 ], [ -40.2529391, -18.16834466 ], [ -40.25256146, -18.16856841 ], [ -40.25249758, -18.16860711 ], [ -40.25235932, -18.16869354 ] ] } },
{ "type": "Feature", "properties": { "Field": "001", "Length": 351.59169020687909, "Image": "/home/ubuntu/bemagro/data/image/Orthomosaico.tif", "Farm": "data" }, "geometry": { "type": "LineString", "coordinates": [ [ -40.25517066, -18.16696343 ], [ -40.25512657, -18.16699153 ], [ -40.25506989, -18.16702419 ], [ -40.25503518, -18.16703851 ], [ -40.25501891, -18.16704771 ], [ -40.25498726, -18.16706749 ], [ -40.25497927, -18.16707233 ], [ -40.25489879, -18.16711972 ], [ -40.25488282, -18.1671294 ], [ -40.25485102, -18.16714896 ], [ -40.25482806, -18.16716487 ], [ -40.25476413, -18.16720349 ], [ -40.25471513, -18.16723079 ], [ -40.25466705, -18.16725956 ], [ -40.25452053, -18.16734226 ], [ -40.25444055, -18.16739044 ], [ -40.25437544, -18.1674272 ], [ -40.25423113, -18.16751338 ], [ -40.25414163, -18.16756398 ], [ -40.25406997, -18.16760783 ], [ -40.2539734, -18.16766472 ], [ -40.25377127, -18.16778177 ], [ -40.25371419, -18.16781379 ], [ -40.25364256, -18.16785766 ], [ -40.25356962, -18.16789953 ], [ -40.25340904, -18.16799493 ], [ -40.25331391, -18.16805399 ], [ -40.2532091, -18.16811533 ], [ -40.25296938, -18.16826017 ], [ -40.25277584, -18.16837335 ], [ -40.25259985, -18.16847928 ], [ -40.25254323, -18.168512 ], [ -40.2524076, -18.16859441 ], [ -40.25234488, -18.16863457 ] ] } },
{ "type": "Feature", "properties": { "Field": "001", "Length": 370.29380624213502, "Image": "/home/ubuntu/bemagro/data/image/Orthomosaico.tif", "Farm": "data" }, "geometry": { "type": "LineString", "coordinates": [ [ -40.25533114, -18.16691616 ], [ -40.25529173, -18.16694023 ], [ -40.25522693, -18.16697751 ], [ -40.25516348, -18.16701684 ], [ -40.25515548, -18.16702165 ], [ -40.25505897, -18.16707864 ], [ -40.25501837, -18.16710177 ], [ -40.2549544, -18.16714034 ], [ -40.25488121, -18.16718179 ], [ -40.25464711, -18.16731816 ], [ -40.254598, -18.16734528 ], [ -40.25454128, -18.16737787 ], [ -40.25442869, -18.16744435 ], [ -40.25433162, -18.16750048 ], [ -40.25425967, -18.16754388 ], [ -40.25416278, -18.16760027 ], [ -40.25409885, -18.16763889 ], [ -40.25372759, -18.1678553 ], [ -40.25367185, -18.16788939 ], [ -40.25357489, -18.16794568 ], [ -40.25349509, -18.16799412 ], [ -40.25340655, -18.16804625 ], [ -40.25331873, -18.16809947 ], [ -40.25321433, -18.16816144 ], [ -40.25308677, -18.16823913 ], [ -40.25301448, -18.16828201 ], [ -40.25295104, -18.16832137 ], [ -40.25284633, -18.16838286 ], [ -40.25278249, -18.16842161 ], [ -40.25271773, -18.16845895 ], [ -40.25264587, -18.16850249 ], [ -40.25254119, -18.16856404 ], [ -40.25235554, -18.1686781 ] ] } },
{ "type": "Feature", "properties": { "Field": "001", "Length": 369.31603094237312, "Image": "/home/ubuntu/bemagro/data/image/Orthomosaico.tif", "Farm": "data" }, "geometry": { "type": "LineString", "coordinates": [ [ -40.25531953, -18.16690676 ], [ -40.25528812, -18.16692603 ], [ -40.25528008, -18.16693078 ], [ -40.25520729, -18.16697288 ], [ -40.25519931, -18.16697773 ], [ -40.25515186, -18.16700743 ], [ -40.25514382, -18.16701218 ], [ -40.2550708, -18.16705391 ], [ -40.25500679, -18.16709241 ], [ -40.25491771, -18.1671437 ], [ -40.25478915, -18.16721986 ], [ -40.25473218, -18.16725203 ], [ -40.25462736, -18.16731336 ], [ -40.25456192, -18.1673496 ], [ -40.25455383, -18.16735426 ], [ -40.25443323, -18.16742555 ], [ -40.25436837, -18.16746273 ], [ -40.25426441, -18.16752537 ], [ -40.25419165, -18.16756752 ], [ -40.25415079, -18.16759023 ], [ -40.25414276, -18.167595 ], [ -40.25407922, -18.16763421 ], [ -40.25404676, -18.16765274 ], [ -40.25399063, -18.16768624 ], [ -40.25394978, -18.16770896 ], [ -40.25387693, -18.16775098 ], [ -40.25382099, -18.16778476 ], [ -40.25376428, -18.16781736 ], [ -40.25366817, -18.16787496 ], [ -40.2535792, -18.16792641 ], [ -40.25327522, -18.16810938 ], [ -40.25318677, -18.16816164 ], [ -40.25306742, -18.16823483 ], [ -40.2530191, -18.16826323 ], [ -40.25295543, -18.16830224 ], [ -40.25286646, -18.16835368 ], [ -40.2527868, -18.16840233 ], [ -40.2527219, -18.16843945 ], [ -40.25262631, -18.16849784 ], [ -40.25253763, -18.16854975 ], [ -40.25237069, -18.16865243 ], [ -40.25235222, -18.16866453 ] ] } },
{ "type": "Feature", "properties": { "Field": "001", "Length": 368.36536782174466, "Image": "/home/ubuntu/bemagro/data/image/Orthomosaico.tif", "Farm": "data" }, "geometry": { "type": "LineString", "coordinates": [ [ -40.25530917, -18.16689838 ], [ -40.2552524, -18.166932 ], [ -40.25521947, -18.16694976 ], [ -40.25519519, -18.16696377 ], [ -40.25512385, -18.16700809 ], [ -40.25511577, -18.16701277 ], [ -40.25505873, -18.16704483 ], [ -40.25499484, -18.16708351 ], [ -40.25490562, -18.16713457 ], [ -40.25480132, -18.1671967 ], [ -40.25474448, -18.16722908 ], [ -40.25465587, -18.16728109 ], [ -40.25454186, -18.16734535 ], [ -40.25446196, -18.16739363 ], [ -40.2543405, -18.16746357 ], [ -40.2542607, -18.16751202 ], [ -40.25413883, -18.16758131 ], [ -40.25413086, -18.16758617 ], [ -40.25409926, -18.16760602 ], [ -40.25403474, -18.16764373 ], [ -40.2539787, -18.16767737 ], [ -40.2538812, -18.16773279 ], [ -40.2538011, -18.16778077 ], [ -40.25372775, -18.16782199 ], [ -40.25365596, -18.16786562 ], [ -40.25356711, -18.16791727 ], [ -40.25350325, -18.167956 ], [ -40.25340683, -18.16801312 ], [ -40.25331925, -18.1680667 ], [ -40.25315084, -18.16816718 ], [ -40.25306355, -18.1682212 ], [ -40.25300708, -18.16825417 ], [ -40.2529432, -18.16829287 ], [ -40.25289487, -18.16832124 ], [ -40.25284611, -18.16834894 ], [ -40.25277441, -18.16839272 ], [ -40.25270165, -18.16843487 ], [ -40.25261394, -18.16848827 ], [ -40.25256544, -18.16851637 ], [ -40.25250934, -18.16854992 ], [ -40.25242177, -18.16860352 ], [ -40.25234875, -18.16865034 ] ] } },
{ "type": "Feature", "properties": { "Field": "000", "Length": 243.08557240846469, "Image": "/home/ubuntu/bemagro/data/image/Orthomosaico.tif", "Farm": "data" }, "geometry": { "type": "LineString", "coordinates": [ [ -40.26050453, -18.16987677 ], [ -40.26045715, -18.16990535 ], [ -40.26040867, -18.16993349 ], [ -40.26014789, -18.17008004 ], [ -40.25995125, -18.17018822 ], [ -40.25980568, -18.17027245 ], [ -40.25974853, -18.17030432 ], [ -40.2594725, -18.17046173 ], [ -40.25933332, -18.17053852 ], [ -40.25932502, -18.17054286 ], [ -40.2592748, -18.17056805 ], [ -40.25925007, -18.17058131 ], [ -40.25918508, -18.17061829 ], [ -40.2591195, -18.17065428 ], [ -40.25911142, -18.17065898 ], [ -40.2590875, -18.17067355 ], [ -40.25907939, -18.17067819 ], [ -40.25904656, -18.17069611 ], [ -40.25903853, -18.17070088 ], [ -40.25903064, -18.17070587 ], [ -40.25902253, -18.17071051 ], [ -40.25900599, -18.17071927 ], [ -40.25898082, -18.17073176 ], [ -40.2589725, -18.17073604 ], [ -40.25895646, -18.17074561 ], [ -40.25894828, -18.17075013 ], [ -40.25891535, -18.17076791 ], [ -40.2588987, -18.17077647 ], [ -40.25889048, -18.17078093 ], [ -40.25876898, -18.17085081 ], [ -40.25862223, -18.17093315 ], [ -40.25859807, -18.17094735 ], [ -40.25852301, -18.17098859 ] ] } },
{ "type": "Feature", "properties": { "Field": "000", "Length": 246.68406577143037, "Image": "/home/ubuntu/bemagro/data/image/Orthomosaico.tif", "Farm": "data" }, "geometry": { "type": "LineString", "coordinates": [ [ -40.26050847, -18.16985798 ], [ -40.26048543, -18.16987279 ], [ -40.26047742, -18.16987759 ], [ -40.26038851, -18.16992912 ], [ -40.26021688, -18.1700245 ], [ -40.26007041, -18.17010728 ], [ -40.26001268, -18.1701382 ], [ -40.2599227, -18.17018802 ], [ -40.25982556, -18.17024403 ], [ -40.25979359, -18.17026332 ], [ -40.25970383, -18.17031351 ], [ -40.25961483, -18.17036491 ], [ -40.25946854, -18.17044799 ], [ -40.25939465, -18.17048831 ], [ -40.25932953, -18.17052507 ], [ -40.2593212, -18.17052934 ], [ -40.25927922, -18.17055009 ], [ -40.25925433, -18.1705631 ], [ -40.2591977, -18.17059581 ], [ -40.25914853, -18.17062284 ], [ -40.25907551, -18.17066457 ], [ -40.25896114, -18.17072824 ], [ -40.25888712, -18.17076834 ], [ -40.25860231, -18.1709293 ], [ -40.25858566, -18.17093787 ], [ -40.25857747, -18.17094238 ], [ -40.25849812, -18.17098715 ] ] } },
{ "type": "Feature", "properties": { "Field": "000", "Length": 249.63770134582424, "Image": "/home/ubuntu/bemagro/data/image/Orthomosaico.tif", "Farm": "data" }, "geometry": { "type": "LineString", "coordinates": [ [ -40.26050957, -18.169844 ], [ -40.26046815, -18.16986686 ], [ -40.2603794, -18.16991866 ], [ -40.26030546, -18.16995889 ], [ -40.26014274, -18.17005092 ], [ -40.26012601, -18.17005935 ], [ -40.26007765, -18.17008767 ], [ -40.25998704, -18.17013643 ], [ -40.2598811, -18.17019597 ], [ -40.25983234, -18.17022368 ], [ -40.25975191, -18.17027115 ], [ -40.2596946, -18.17030278 ], [ -40.25958948, -18.17036363 ], [ -40.25949945, -18.17041337 ], [ -40.25945096, -18.1704415 ], [ -40.25939341, -18.17047271 ], [ -40.25932016, -18.17051409 ], [ -40.25927016, -18.17053969 ], [ -40.25923723, -18.17055746 ], [ -40.25918071, -18.17059036 ], [ -40.25912312, -18.1706215 ], [ -40.25898516, -18.17070029 ], [ -40.25893537, -18.17072627 ], [ -40.25882072, -18.17078947 ], [ -40.25867489, -18.17087328 ], [ -40.25860107, -18.17091372 ], [ -40.25850324, -18.17096861 ], [ -40.2584951, -18.1709732 ], [ -40.25848728, -18.17097827 ], [ -40.25847933, -18.17098315 ], [ -40.2584746, -18.17098579 ] ] } },
{ "type": "Feature", "properties": { "Field": "000", "Length": 225.59698689137431, "Image": "/home/ubuntu/bemagro/data/image/Orthomosaico.tif", "Farm": "data" }, "geometry": { "type": "LineString", "coordinates": [ [ -40.26049953, -18.16989518 ], [ -40.26046872, -18.16991494 ], [ -40.26046072, -18.16991975 ], [ -40.26038796, -18.16996191 ], [ -40.26021661, -18.17005773 ], [ -40.26013545, -18.17010407 ], [ -40.25995474, -18.17020246 ], [ -40.25988213, -18.17024485 ], [ -40.25976807, -18.17030902 ], [ -40.25948408, -18.1704713 ], [ -40.259345, -18.17054826 ], [ -40.2592618, -18.17059116 ], [ -40.25925358, -18.17059563 ], [ -40.25922099, -18.17061395 ], [ -40.25920498, -18.17062356 ], [ -40.25919683, -18.17062815 ], [ -40.25913094, -18.17066363 ], [ -40.2590905, -18.17068702 ], [ -40.25908275, -18.17069219 ], [ -40.25907481, -18.1706971 ], [ -40.25903407, -18.17072 ], [ -40.25896797, -18.17075513 ], [ -40.25886161, -18.17081398 ], [ -40.25885324, -18.17081818 ], [ -40.25884522, -18.17082297 ], [ -40.2588375, -18.17082818 ], [ -40.25882937, -18.17083279 ], [ -40.25882104, -18.17083706 ], [ -40.25881288, -18.17084162 ], [ -40.25878871, -18.1708558 ], [ -40.25878057, -18.1708604 ], [ -40.25873151, -18.17088761 ], [ -40.25866126, -18.17092801 ] ] } },
{ "type": "Feature", "properties": { "Field": "000", "Length": 252.4033945092938, "Image": "/home/ubuntu/bemagro/data/image/Orthomosaico.tif", "Farm": "data" }, "geometry": { "type": "LineString", "coordinates": [ [ -40.26051087, -18.16982736 ], [ -40.26041441, -18.16988335 ], [ -40.26040626, -18.16988793 ], [ -40.26028331, -18.16995546 ], [ -40.26018587, -18.17001098 ], [ -40.26014474, -18.17003324 ], [ -40.26013658, -18.1700378 ], [ -40.26007171, -18.17007498 ], [ -40.25998959, -18.17011974 ], [ -40.25989973, -18.17016974 ], [ -40.25978616, -18.1702347 ], [ -40.25974594, -18.17025843 ], [ -40.25958306, -18.1703502 ], [ -40.25952641, -18.1703829 ], [ -40.25932233, -18.17049681 ], [ -40.25921521, -18.17055439 ], [ -40.25920709, -18.17055902 ], [ -40.25917497, -18.1705781 ], [ -40.25916684, -18.1705827 ], [ -40.25910122, -18.17061864 ], [ -40.25901188, -18.17066951 ], [ -40.25890503, -18.17072753 ], [ -40.25883143, -18.17076833 ], [ -40.25863646, -18.17087924 ], [ -40.25856247, -18.17091939 ], [ -40.25855437, -18.17092404 ], [ -40.25851426, -18.17094796 ], [ -40.25848973, -18.17096156 ], [ -40.25847401, -18.17097159 ], [ -40.25845388, -18.17098282 ] ] } },
{ "type": "Feature", "properties": { "Field": "000", "Length": 254.85887081139805, "Image": "/home/ubuntu/bemagro/data/image/Orthomosaico.tif", "Farm": "data" }, "geometry": { "type": "LineString", "coordinates": [ [ -40.2584336, -18.1709766 ], [ -40.25847497, -18.17095355 ], [ -40.25849064, -18.17094343 ], [ -40.25857226, -18.17089786 ], [ -40.25863013, -18.17086717 ], [ -40.25869485, -18.17082977 ], [ -40.25876842, -18.17078893 ], [ -40.2588578, -18.17073814 ], [ -40.2591363, -18.17058475 ], [ -40.25922522, -18.17053323 ], [ -40.25929113, -18.17049777 ], [ -40.25940515, -18.17043355 ], [ -40.2594627, -18.17040232 ], [ -40.25966572, -18.17028668 ], [ -40.25973934, -18.17024591 ], [ -40.25982818, -18.17019425 ], [ -40.25989325, -18.17015742 ], [ -40.26008996, -18.17004935 ], [ -40.26013024, -18.17002571 ], [ -40.26016327, -18.17000813 ], [ -40.26021172, -18.16997993 ], [ -40.26030128, -18.16992942 ], [ -40.26040787, -18.16987096 ], [ -40.26046434, -18.16983798 ], [ -40.26051161, -18.16981153 ] ] } },
{ "type": "Feature", "properties": { "Field": "000", "Length": 256.69543501681272, "Image": "/home/ubuntu/bemagro/data/image/Orthomosaico.tif", "Farm": "data" }, "geometry": { "type": "LineString", "coordinates": [ [ -40.25841454, -18.17097076 ], [ -40.258464, -18.17094364 ], [ -40.25850497, -18.17091934 ], [ -40.25856962, -18.17088361 ], [ -40.25861998, -18.17085675 ], [ -40.25868466, -18.17081929 ], [ -40.25881428, -18.17074655 ], [ -40.25912542, -18.17057493 ], [ -40.25922333, -18.1705184 ], [ -40.259289, -18.17048254 ], [ -40.25940225, -18.17041884 ], [ -40.25945244, -18.1703917 ], [ -40.2595332, -18.1703465 ], [ -40.25959054, -18.17031315 ], [ -40.25974539, -18.17022615 ], [ -40.25986676, -18.17015606 ], [ -40.25993128, -18.17012011 ], [ -40.25994878, -18.17011115 ], [ -40.26008007, -18.17003937 ], [ -40.26029028, -18.16991937 ], [ -40.26039675, -18.16986071 ], [ -40.26046158, -18.16982348 ], [ -40.26050797, -18.16979794 ] ] } },
{ "type": "Feature", "properties": { "Field": "000", "Length": 258.28753565853719, "Image": "/home/ubuntu/bemagro/data/image/Orthomosaico.tif", "Farm": "data" }, "geometry": { "type": "LineString", "coordinates": [ [ -40.26050425, -18.16978406 ], [ -40.26031677, -18.16988838 ], [ -40.26015445, -18.16998104 ], [ -40.26005663, -18.17003595 ], [ -40.25995825, -18.17008993 ], [ -40.25990048, -18.17012079 ], [ -40.25989232, -18.17012535 ], [ -40.25975437, -18.17020416 ], [ -40.25959137, -18.17029573 ], [ -40.25952683, -18.1703334 ], [ -40.25951868, -18.17033798 ], [ -40.25933047, -18.17044204 ], [ -40.25926555, -18.17047913 ], [ -40.25920015, -18.17051543 ], [ -40.25913539, -18.17055276 ], [ -40.25906137, -18.17059286 ], [ -40.25888131, -18.17069233 ], [ -40.25875123, -18.17076612 ], [ -40.25869398, -18.17079784 ], [ -40.25862113, -18.17083985 ], [ -40.25852273, -18.1708938 ], [ -40.25842495, -18.17094878 ], [ -40.25839805, -18.17096458 ] ] } },
{ "type": "Feature", "properties": { "Field": "000", "Length": 195.73952663806247, "Image": "/home/ubuntu/bemagro/data/image/Orthomosaico.tif", "Farm": "data" }, "geometry": { "type": "LineString", "coordinates": [ [ -40.26049432, -18.16991437 ], [ -40.2604635, -18.16993412 ], [ -40.26041536, -18.16996279 ], [ -40.26034158, -18.17000329 ], [ -40.26029319, -18.17003157 ], [ -40.26017125, -18.17010075 ], [ -40.2599822, -18.17020342 ], [ -40.25985242, -18.17027766 ], [ -40.25976245, -18.17032751 ], [ -40.25950319, -18.1704765 ], [ -40.25938879, -18.17054011 ], [ -40.25933912, -18.17056628 ], [ -40.25931472, -18.1705801 ], [ -40.25927296, -18.17060127 ], [ -40.25925692, -18.17061083 ], [ -40.25921575, -18.17063304 ], [ -40.25919986, -18.17064282 ], [ -40.25914222, -18.1706739 ], [ -40.2591341, -18.17067853 ], [ -40.25910163, -18.17069705 ], [ -40.25909369, -18.17070196 ], [ -40.2590884, -18.17070611 ], [ -40.25908496, -18.17070848 ], [ -40.25907826, -18.1707123 ], [ -40.25902105, -18.17074407 ], [ -40.25897102, -18.17076964 ], [ -40.25889892, -18.1708096 ] ] } },
{ "type": "Feature", "properties": { "Field": "000", "Length": 258.79676631816227, "Image": "/home/ubuntu/bemagro/data/image/Orthomosaico.tif", "Farm": "data" }, "geometry": { "type": "LineString", "coordinates": [ [ -40.26050046, -18.1697699 ], [ -40.26037828, -18.16983776 ], [ -40.26019106, -18.16994343 ], [ -40.26013441, -18.16997612 ], [ -40.26008518, -18.17000305 ], [ -40.26004473, -18.17002641 ], [ -40.25987236, -18.17012055 ], [ -40.25984817, -18.17013471 ], [ -40.25959563, -18.17027681 ], [ -40.25947421, -18.17034684 ], [ -40.25931028, -18.17043688 ], [ -40.25910698, -18.17055206 ], [ -40.25891827, -18.1706553 ], [ -40.25883731, -18.17070195 ], [ -40.25868195, -18.17078811 ], [ -40.25860121, -18.17083511 ], [ -40.25851081, -18.17088422 ], [ -40.2584458, -18.17092117 ], [ -40.25838963, -18.17095195 ] ] } },
{ "type": "Feature", "properties": { "Field": "000", "Length": 259.29721050447142, "Image": "/home/ubuntu/bemagro/data/image/Orthomosaico.tif", "Farm": "data" }, "geometry": { "type": "LineString", "coordinates": [ [ -40.26049681, -18.16975623 ], [ -40.26048049, -18.1697644 ], [ -40.26047222, -18.16976878 ], [ -40.26043936, -18.16978666 ], [ -40.26034142, -18.16984137 ], [ -40.26028483, -18.16987416 ], [ -40.26008982, -18.169985 ], [ -40.25988469, -18.17009719 ], [ -40.25971369, -18.17019359 ], [ -40.25966515, -18.17022163 ], [ -40.25955066, -18.17028509 ], [ -40.25946995, -18.17033213 ], [ -40.25938824, -18.17037757 ], [ -40.25936409, -18.17039178 ], [ -40.25935587, -18.17039625 ], [ -40.25933925, -18.17040487 ], [ -40.25929862, -18.17042795 ], [ -40.25919204, -18.17048644 ], [ -40.25910297, -18.17053774 ], [ -40.25904592, -18.17056978 ], [ -40.25889828, -18.17065064 ], [ -40.25882529, -18.17069244 ], [ -40.2586944, -18.17076489 ], [ -40.25858905, -18.17082537 ], [ -40.25851488, -18.17086522 ], [ -40.25843354, -18.17091127 ], [ -40.25838105, -18.17093907 ] ] } },
{ "type": "Feature", "properties": { "Field": "000", "Length": 259.81896773280158, "Image": "/home/ubuntu/bemagro/data/image/Orthomosaico.tif", "Farm": "data" }, "geometry": { "type": "LineString", "coordinates": [ [ -40.26049285, -18.16974142 ], [ -40.26045248, -18.16976402 ], [ -40.26041937, -18.16978147 ], [ -40.26032163, -18.16983652 ], [ -40.26009442, -18.16996631 ], [ -40.26003724, -18.16999814 ], [ -40.25994646, -18.17004663 ], [ -40.25983246, -18.17011088 ], [ -40.25980775, -18.17012419 ], [ -40.25962084, -18.17023037 ], [ -40.25952263, -18.17028464 ], [ -40.25944186, -18.1703316 ], [ -40.25918839, -18.17047219 ], [ -40.25904235, -18.17055567 ], [ -40.25895246, -18.17060563 ], [ -40.25888645, -18.17064092 ], [ -40.25882169, -18.17067824 ], [ -40.2587072, -18.1707417 ], [ -40.25860172, -18.17080199 ], [ -40.25852754, -18.17084181 ], [ -40.25843828, -18.17089281 ], [ -40.25837325, -18.17092738 ] ] } },
{ "type": "Feature", "properties": { "Field": "000", "Length": 260.3105510293006, "Image": "/home/ubuntu/bemagro/data/image/Orthomosaico.tif", "Farm": "data" }, "geometry": { "type": "LineString", "coordinates": [ [ -40.26048913, -18.16972753 ], [ -40.26041554, -18.1697674 ], [ -40.26040738, -18.16977196 ], [ -40.26012286, -18.1699334 ], [ -40.25998405, -18.17001082 ], [ -40.25993457, -18.17003732 ], [ -40.2599264, -18.17004185 ], [ -40.25980433, -18.17011082 ], [ -40.25976332, -18.17013329 ], [ -40.25973075, -18.17015165 ], [ -40.25967432, -18.17018469 ], [ -40.25958411, -18.17023414 ], [ -40.25951073, -18.17027529 ], [ -40.25943825, -18.17031789 ], [ -40.2594301, -18.17032246 ], [ -40.25930699, -18.17038972 ], [ -40.25920116, -18.17044943 ], [ -40.2591683, -18.17046732 ], [ -40.25898177, -18.17057411 ], [ -40.25889104, -18.17062267 ], [ -40.25888286, -18.17062721 ], [ -40.25880964, -18.17066862 ], [ -40.258744, -18.17070453 ], [ -40.25862252, -18.17077444 ], [ -40.25854015, -18.17081878 ], [ -40.2584265, -18.17088362 ], [ -40.25836602, -18.17091654 ] ] } },
{ "type": "Feature", "properties": { "Field": "000", "Length": 260.79099474721215, "Image": "/home/ubuntu/bemagro/data/image/Orthomosaico.tif", "Farm": "data" }, "geometry": { "type": "LineString", "coordinates": [ [ -40.26048552, -18.16971406 ], [ -40.26045271, -18.16973106 ], [ -40.26037895, -18.16977159 ], [ -40.26021661, -18.16986423 ], [ -40.26008625, -18.16993755 ], [ -40.26005335, -18.16995537 ], [ -40.25999662, -18.16998794 ], [ -40.25995541, -18.17001007 ], [ -40.25984913, -18.17006904 ], [ -40.25975137, -18.17012404 ], [ -40.25964594, -18.17018442 ], [ -40.25953942, -18.170243 ], [ -40.25949067, -18.17027071 ], [ -40.25941815, -18.17031323 ], [ -40.25935268, -18.17034943 ], [ -40.25930318, -18.17037589 ], [ -40.25923827, -18.17041298 ], [ -40.259132, -18.17047198 ], [ -40.25909173, -18.17049564 ], [ -40.25897785, -18.1705601 ], [ -40.25896969, -18.17056467 ], [ -40.2588955, -18.17060447 ], [ -40.25880584, -18.17065481 ], [ -40.25875655, -18.17068164 ], [ -40.25864315, -18.17074687 ], [ -40.25850374, -18.17082329 ], [ -40.25843084, -18.17086522 ], [ -40.25835872, -18.17090561 ] ] } },
{ "type": "Feature", "properties": { "Field": "000", "Length": 158.09952874426321, "Image": "/home/ubuntu/bemagro/data/image/Orthomosaico.tif", "Farm": "data" }, "geometry": { "type": "LineString", "coordinates": [ [ -40.26048902, -18.16993388 ], [ -40.26042595, -18.16997255 ], [ -40.26041787, -18.16997724 ], [ -40.26036064, -18.17000899 ], [ -40.26029598, -18.17004649 ], [ -40.26023049, -18.17008263 ], [ -40.26013278, -18.17013773 ], [ -40.26000933, -18.17020442 ], [ -40.26000119, -18.17020901 ], [ -40.25996082, -18.17023251 ], [ -40.25994437, -18.17024141 ], [ -40.25993625, -18.17024604 ], [ -40.25992026, -18.17025569 ], [ -40.25991215, -18.17026032 ], [ -40.25988751, -18.17027375 ], [ -40.25987937, -18.17027835 ], [ -40.25984703, -18.17029708 ], [ -40.25983883, -18.17030157 ], [ -40.25982225, -18.17031026 ], [ -40.25981409, -18.17031482 ], [ -40.25979797, -18.17032426 ], [ -40.25978979, -18.1703288 ], [ -40.25977327, -18.17033758 ], [ -40.25976518, -18.17034225 ], [ -40.25974129, -18.17035687 ], [ -40.2597332, -18.17036154 ], [ -40.25966771, -18.1703977 ], [ -40.25965962, -18.17040236 ], [ -40.25960342, -18.17043576 ], [ -40.25957103, -18.17045441 ], [ -40.25953837, -18.17047263 ], [ -40.25947363, -18.17050999 ], [ -40.25946547, -18.17051456 ], [ -40.25944047, -18.17052736 ], [ -40.25943221, -18.17053175 ], [ -40.25940799, -18.17054586 ], [ -40.25933412, -18.1705862 ], [ -40.25932599, -18.17059081 ], [ -40.25931774, -18.17059521 ], [ -40.25928433, -18.17061214 ], [ -40.25927616, -18.17061668 ], [ -40.25926814, -18.17062147 ], [ -40.25926, -18.17062606 ], [ -40.25922707, -18.17064382 ], [ -40.25921899, -18.17064851 ], [ -40.25921105, -18.17065341 ], [ -40.2592015, -18.17065883 ] ] } },
{ "type": "Feature", "properties": { "Field": "000", "Length": 261.36829129267272, "Image": "/home/ubuntu/bemagro/data/image/Orthomosaico.tif", "Farm": "data" }, "geometry": { "type": "LineString", "coordinates": [ [ -40.2604817, -18.16969977 ], [ -40.26043252, -18.16972584 ], [ -40.26035874, -18.16976633 ], [ -40.26022905, -18.16984074 ], [ -40.26013889, -18.16989026 ], [ -40.26001711, -18.16995969 ], [ -40.25992696, -18.17000923 ], [ -40.25970716, -18.17013325 ], [ -40.25964142, -18.170169 ], [ -40.25963327, -18.17017357 ], [ -40.25956838, -18.17021071 ], [ -40.25949492, -18.17025173 ], [ -40.25940587, -18.17030305 ], [ -40.25936496, -18.17032569 ], [ -40.25931517, -18.17035166 ], [ -40.25929061, -18.17036521 ], [ -40.25920151, -18.17041646 ], [ -40.2591116, -18.1704664 ], [ -40.25906315, -18.17049459 ], [ -40.25905501, -18.17049918 ], [ -40.25881758, -18.17063019 ], [ -40.25862278, -18.17074137 ], [ -40.2584757, -18.17082316 ], [ -40.25845143, -18.17083718 ], [ -40.25841038, -18.17085958 ], [ -40.25835025, -18.1708941 ] ] } },
{ "type": "Feature", "properties": { "Field": "000", "Length": 261.9278212695545, "Image": "/home/ubuntu/bemagro/data/image/Orthomosaico.tif", "Farm": "data" }, "geometry": { "type": "LineString", "coordinates": [ [ -40.26047803, -18.16968605 ], [ -40.2604205, -18.16971636 ], [ -40.26033049, -18.16976613 ], [ -40.26020892, -18.1698359 ], [ -40.2601106, -18.16988999 ], [ -40.25992358, -18.16999599 ], [ -40.25984149, -18.17004081 ], [ -40.25980112, -18.17006431 ], [ -40.25960497, -18.17017329 ], [ -40.25948282, -18.17024213 ], [ -40.25940996, -18.17028413 ], [ -40.25934462, -18.17032051 ], [ -40.25927871, -18.17035597 ], [ -40.25920582, -18.17039792 ], [ -40.25912394, -18.17044307 ], [ -40.2590266, -18.17049876 ], [ -40.2589198, -18.17055688 ], [ -40.25882183, -18.17061155 ], [ -40.25859435, -18.1707409 ], [ -40.25838195, -18.17085913 ], [ -40.25834172, -18.1708825 ] ] } },
{ "type": "Feature", "properties": { "Field": "000", "Length": 262.52749536271568, "Image": "/home/ubuntu/bemagro/data/image/Orthomosaico.tif", "Farm": "data" }, "geometry": { "type": "LineString", "coordinates": [ [ -40.26047407, -18.16967125 ], [ -40.26035142, -18.16973833 ], [ -40.2602298, -18.16980802 ], [ -40.26008259, -18.16988961 ], [ -40.25996899, -18.1699545 ], [ -40.25982161, -18.1700358 ], [ -40.25974037, -18.17008201 ], [ -40.25967482, -18.17011806 ], [ -40.25963441, -18.1701415 ], [ -40.2595525, -18.1701866 ], [ -40.25937362, -18.17028802 ], [ -40.25928355, -18.17033769 ], [ -40.25919409, -18.17038837 ], [ -40.25911224, -18.17043357 ], [ -40.25899861, -18.17049843 ], [ -40.25899043, -18.17050297 ], [ -40.25888339, -18.17056067 ], [ -40.2586309, -18.17070287 ], [ -40.25851731, -18.17076779 ], [ -40.25842749, -18.17081788 ], [ -40.25838627, -18.17083999 ], [ -40.25833283, -18.17087041 ] ] } },
{ "type": "Feature", "properties": { "Field": "000", "Length": 263.22246710772208, "Image": "/home/ubuntu/bemagro/data/image/Orthomosaico.tif", "Farm": "data" }, "geometry": { "type": "LineString", "coordinates": [ [ -40.26047075, -18.16965589 ], [ -40.26043897, -18.16967456 ], [ -40.26043081, -18.16967913 ], [ -40.26034047, -18.16972835 ], [ -40.26029196, -18.16975645 ], [ -40.26026716, -18.1697696 ], [ -40.26025903, -18.16977421 ], [ -40.26021882, -18.16979796 ], [ -40.26016942, -18.1698246 ], [ -40.26006337, -18.16988396 ], [ -40.25998256, -18.16993084 ], [ -40.25985107, -18.1700023 ], [ -40.25975414, -18.17005863 ], [ -40.25963931, -18.17012153 ], [ -40.25962337, -18.17013125 ], [ -40.25961525, -18.17013587 ], [ -40.25957409, -18.17015808 ], [ -40.25956592, -18.17016263 ], [ -40.25935451, -18.17028247 ], [ -40.2592969, -18.17031358 ], [ -40.25919132, -18.1703737 ], [ -40.25912567, -18.1704096 ], [ -40.25898785, -18.17048861 ], [ -40.25889712, -18.17053716 ], [ -40.25881532, -18.17058246 ], [ -40.25878316, -18.17060147 ], [ -40.25877503, -18.17060609 ], [ -40.25862794, -18.17068786 ], [ -40.25848202, -18.17077154 ], [ -40.25837527, -18.17082972 ], [ -40.25832457, -18.17085917 ] ] } },
{ "type": "Feature", "properties": { "Field": "000", "Length": 263.8216793713562, "Image": "/home/ubuntu/bemagro/data/image/Orthomosaico.tif", "Farm": "data" }, "geometry": { "type": "LineString", "coordinates": [ [ -40.26046791, -18.16964265 ], [ -40.26032878, -18.1697186 ], [ -40.26027215, -18.16975131 ], [ -40.26014116, -18.16982359 ], [ -40.26007646, -18.16986103 ], [ -40.26002719, -18.16988788 ], [ -40.25997052, -18.16992056 ], [ -40.25988829, -18.16996513 ], [ -40.25983117, -18.16999706 ], [ -40.25973395, -18.17005293 ], [ -40.25962747, -18.17011159 ], [ -40.25958714, -18.17013515 ], [ -40.25948881, -18.17018923 ], [ -40.25943217, -18.17022193 ], [ -40.25934249, -18.17027225 ], [ -40.25921966, -18.17033998 ], [ -40.25899225, -18.17046944 ], [ -40.25885283, -18.17054585 ], [ -40.25871439, -18.17062387 ], [ -40.25861586, -18.1706776 ], [ -40.25855894, -18.17070986 ], [ -40.25847823, -18.17075691 ], [ -40.25835555, -18.17082489 ], [ -40.25831616, -18.17084775 ] ] } },
{ "type": "Feature", "properties": { "Field": "000", "Length": 264.46353481979571, "Image": "/home/ubuntu/bemagro/data/image/Orthomosaico.tif", "Farm": "data" }, "geometry": { "type": "LineString", "coordinates": [ [ -40.26046487, -18.16962854 ], [ -40.26033385, -18.16969982 ], [ -40.26026083, -18.16974157 ], [ -40.26013798, -18.16980925 ], [ -40.26008941, -18.16983725 ], [ -40.26002393, -18.16987342 ], [ -40.25995901, -18.16991051 ], [ -40.25995084, -18.16991504 ], [ -40.25989319, -18.16994609 ], [ -40.25979523, -18.17000079 ], [ -40.25973869, -18.17003365 ], [ -40.25963247, -18.17009272 ], [ -40.2595594, -18.17013439 ], [ -40.25946105, -18.17018842 ], [ -40.25941245, -18.17021637 ], [ -40.25920003, -18.17033457 ], [ -40.25907808, -18.17040373 ], [ -40.25902153, -18.17043657 ], [ -40.25884966, -18.17053154 ], [ -40.25871121, -18.17060954 ], [ -40.25861286, -18.17066359 ], [ -40.25849116, -18.17073315 ], [ -40.25836084, -18.17080653 ], [ -40.25830742, -18.17083586 ] ] } },
{ "type": "Feature", "properties": { "Field": "000", "Length": 265.12224789407344, "Image": "/home/ubuntu/bemagro/data/image/Orthomosaico.tif", "Farm": "data" }, "geometry": { "type": "LineString", "coordinates": [ [ -40.26046181, -18.16961431 ], [ -40.26042003, -18.16963744 ], [ -40.26038672, -18.16965453 ], [ -40.26030502, -18.1697 ], [ -40.26023196, -18.16974167 ], [ -40.2601417, -18.16979103 ], [ -40.26006878, -18.16983293 ], [ -40.26001941, -18.16985962 ], [ -40.25997912, -18.16988324 ], [ -40.25981542, -18.16997368 ], [ -40.25979943, -18.16998331 ], [ -40.25961189, -18.17008847 ], [ -40.25955515, -18.17012102 ], [ -40.25944847, -18.17017933 ], [ -40.2592367, -18.1702986 ], [ -40.25913036, -18.17035748 ], [ -40.25894375, -18.17046414 ], [ -40.25885349, -18.1705135 ], [ -40.25867427, -18.17061435 ], [ -40.25858412, -18.1706639 ], [ -40.25836442, -18.17078809 ], [ -40.25829829, -18.17082343 ] ] } },
{ "type": "Feature", "properties": { "Field": "000", "Length": 105.7791351376153, "Image": "/home/ubuntu/bemagro/data/image/Orthomosaico.tif", "Farm": "data" }, "geometry": { "type": "LineString", "coordinates": [ [ -40.26047149, -18.16996124 ], [ -40.26042493, -18.16998943 ], [ -40.26036717, -18.17002029 ], [ -40.26027854, -18.17007227 ], [ -40.26020476, -18.17011277 ], [ -40.26013979, -18.17014977 ], [ -40.26011481, -18.1701626 ], [ -40.26010658, -18.17016705 ], [ -40.25999175, -18.17022995 ], [ -40.25995164, -18.17025384 ], [ -40.259935, -18.17026243 ], [ -40.25991106, -18.17027694 ], [ -40.25984627, -18.17031424 ], [ -40.25982116, -18.17032682 ], [ -40.25981291, -18.17033124 ], [ -40.25980513, -18.17033636 ], [ -40.25979697, -18.17034089 ], [ -40.25978043, -18.17034965 ], [ -40.25971625, -18.17038788 ], [ -40.2596995, -18.17039626 ], [ -40.25968355, -18.17040595 ], [ -40.25966707, -18.17041481 ], [ -40.259659, -18.1704195 ], [ -40.25961118, -18.17044789 ] ] } },
{ "type": "Feature", "properties": { "Field": "000", "Length": 265.76466375706849, "Image": "/home/ubuntu/bemagro/data/image/Orthomosaico.tif", "Farm": "data" }, "geometry": { "type": "LineString", "coordinates": [ [ -40.2604587, -18.16959986 ], [ -40.26041026, -18.16962712 ], [ -40.26038519, -18.16963979 ], [ -40.2603361, -18.16966695 ], [ -40.2601979, -18.16974536 ], [ -40.26014814, -18.16977138 ], [ -40.26012362, -18.16978501 ], [ -40.25996113, -18.16987739 ], [ -40.25985444, -18.16993569 ], [ -40.25953721, -18.17011526 ], [ -40.25944686, -18.17016447 ], [ -40.25934922, -18.17021967 ], [ -40.25930003, -18.17024666 ], [ -40.25925143, -18.17027462 ], [ -40.25910423, -18.17035621 ], [ -40.25902358, -18.17040335 ], [ -40.25893398, -18.1704538 ], [ -40.25884377, -18.17050324 ], [ -40.25874606, -18.17055833 ], [ -40.25869656, -18.17058481 ], [ -40.25848465, -18.17070384 ], [ -40.25835479, -18.17077797 ], [ -40.25829064, -18.17081304 ] ] } },
{ "type": "Feature", "properties": { "Field": "000", "Length": 266.41825868714631, "Image": "/home/ubuntu/bemagro/data/image/Orthomosaico.tif", "Farm": "data" }, "geometry": { "type": "LineString", "coordinates": [ [ -40.26045559, -18.16958538 ], [ -40.26043935, -18.16959368 ], [ -40.26043114, -18.16959816 ], [ -40.2603986, -18.16961656 ], [ -40.26033273, -18.16965208 ], [ -40.26027597, -18.1696846 ], [ -40.26012029, -18.16977023 ], [ -40.26006377, -18.16980312 ], [ -40.26002277, -18.1698256 ], [ -40.2599253, -18.16988108 ], [ -40.25983504, -18.16993044 ], [ -40.25979462, -18.16995385 ], [ -40.25953399, -18.17010064 ], [ -40.25949288, -18.17012293 ], [ -40.25932166, -18.17021897 ], [ -40.25928877, -18.17023681 ], [ -40.25924837, -18.17026026 ], [ -40.25917481, -18.17030112 ], [ -40.25889829, -18.17045774 ], [ -40.25875933, -18.17053489 ], [ -40.2586932, -18.17056997 ], [ -40.25868503, -18.17057451 ], [ -40.25857968, -18.170635 ], [ -40.25845694, -18.17070287 ], [ -40.25836783, -18.17075411 ], [ -40.25828218, -18.17080153 ] ] } },
{ "type": "Feature", "properties": { "Field": "000", "Length": 267.05807827180467, "Image": "/home/ubuntu/bemagro/data/image/Orthomosaico.tif", "Farm": "data" }, "geometry": { "type": "LineString", "coordinates": [ [ -40.26045256, -18.16957129 ], [ -40.26032921, -18.16963821 ], [ -40.26028063, -18.1696662 ], [ -40.26022316, -18.16969756 ], [ -40.26018263, -18.16972079 ], [ -40.26009216, -18.1697698 ], [ -40.2600519, -18.16979348 ], [ -40.25992162, -18.16986693 ], [ -40.25983134, -18.16991626 ], [ -40.25961175, -18.17004062 ], [ -40.25951383, -18.17009536 ], [ -40.259489, -18.17010846 ], [ -40.25935064, -18.17018661 ], [ -40.25932587, -18.1701998 ], [ -40.25923644, -18.17025053 ], [ -40.25913023, -18.17030963 ], [ -40.25900049, -18.17038395 ], [ -40.25895944, -18.17040634 ], [ -40.25882926, -18.17047995 ], [ -40.25866503, -18.1705695 ], [ -40.25856782, -18.17062539 ], [ -40.25842062, -18.17070699 ], [ -40.25833162, -18.17075839 ], [ -40.25827375, -18.17079006 ] ] } },
{ "type": "Feature", "properties": { "Field": "000", "Length": 267.6903570862022, "Image": "/home/ubuntu/bemagro/data/image/Orthomosaico.tif", "Farm": "data" }, "geometry": { "type": "LineString", "coordinates": [ [ -40.26044955, -18.16955729 ], [ -40.26041652, -18.16957388 ], [ -40.26036713, -18.16960055 ], [ -40.26022824, -18.16967782 ], [ -40.26018767, -18.16970101 ], [ -40.26010538, -18.16974548 ], [ -40.25995127, -18.16983367 ], [ -40.25985289, -18.16988765 ], [ -40.25982054, -18.16990637 ], [ -40.25973873, -18.16995165 ], [ -40.25968206, -18.16998431 ], [ -40.25949402, -18.17008865 ], [ -40.25948588, -18.17009324 ], [ -40.25945363, -18.17011211 ], [ -40.25933966, -18.17017642 ], [ -40.25911087, -18.17030366 ], [ -40.25896491, -18.17038727 ], [ -40.25886657, -18.17044132 ], [ -40.2587771, -18.17049198 ], [ -40.25866221, -18.17055478 ], [ -40.25859715, -18.17059163 ], [ -40.25855685, -18.17061524 ], [ -40.25842587, -18.17068754 ], [ -40.25826572, -18.17077914 ] ] } },
{ "type": "Feature", "properties": { "Field": "000", "Length": 268.34243901341137, "Image": "/home/ubuntu/bemagro/data/image/Orthomosaico.tif", "Farm": "data" }, "geometry": { "type": "LineString", "coordinates": [ [ -40.26044643, -18.16954279 ], [ -40.26039709, -18.16956855 ], [ -40.26031487, -18.16961314 ], [ -40.26016819, -18.16969559 ], [ -40.2601022, -18.16973089 ], [ -40.26009402, -18.16973543 ], [ -40.2600209, -18.169777 ], [ -40.25995634, -18.16981466 ], [ -40.25987442, -18.16985975 ], [ -40.25967891, -18.16996979 ], [ -40.25952345, -18.17005578 ], [ -40.25937736, -18.17013917 ], [ -40.25918159, -18.17024878 ], [ -40.2591078, -18.17028926 ], [ -40.2589617, -18.17037265 ], [ -40.2588797, -18.17041761 ], [ -40.25871672, -18.17050921 ], [ -40.25865109, -18.17054513 ], [ -40.25854547, -18.17060519 ], [ -40.25843096, -18.17066861 ], [ -40.25829326, -18.17074781 ], [ -40.25825727, -18.17076766 ] ] } },
{ "type": "Feature", "properties": { "Field": "000", "Length": 268.98471431210874, "Image": "/home/ubuntu/bemagro/data/image/Orthomosaico.tif", "Farm": "data" }, "geometry": { "type": "LineString", "coordinates": [ [ -40.26044343, -18.16952883 ], [ -40.260361, -18.16957271 ], [ -40.26023051, -18.16964581 ], [ -40.260132, -18.16969959 ], [ -40.25992035, -18.16981903 ], [ -40.25978921, -18.16989107 ], [ -40.25968373, -18.16995136 ], [ -40.25951201, -18.17004657 ], [ -40.25939021, -18.17011598 ], [ -40.25936545, -18.17012919 ], [ -40.2591946, -18.17022583 ], [ -40.25909618, -18.17027975 ], [ -40.25896633, -18.17035389 ], [ -40.25872138, -18.17049051 ], [ -40.25867205, -18.17051728 ], [ -40.25855853, -18.17058231 ], [ -40.25848474, -18.1706228 ], [ -40.25847684, -18.17062776 ], [ -40.25824823, -18.17075536 ] ] } },
{ "type": "Feature", "properties": { "Field": "000", "Length": 269.63119453607538, "Image": "/home/ubuntu/bemagro/data/image/Orthomosaico.tif", "Farm": "data" }, "geometry": { "type": "LineString", "coordinates": [ [ -40.26044034, -18.16951445 ], [ -40.26040813, -18.16953246 ], [ -40.26036679, -18.16955436 ], [ -40.26019542, -18.16965014 ], [ -40.2600969, -18.1697039 ], [ -40.25998322, -18.16976868 ], [ -40.25981097, -18.16986301 ], [ -40.25968103, -18.16993702 ], [ -40.2594686, -18.17005519 ], [ -40.25927349, -18.17016587 ], [ -40.25915107, -18.17023426 ], [ -40.25908536, -18.17027005 ], [ -40.25895544, -18.17034409 ], [ -40.25891441, -18.17036652 ], [ -40.25872685, -18.17047165 ], [ -40.25865301, -18.17051204 ], [ -40.25853141, -18.17058177 ], [ -40.25852323, -18.17058629 ], [ -40.25850661, -18.17059492 ], [ -40.25831926, -18.17070038 ], [ -40.25823999, -18.17074415 ] ] } },
{ "type": "Feature", "properties": { "Field": "000", "Length": 270.26005722159846, "Image": "/home/ubuntu/bemagro/data/image/Orthomosaico.tif", "Farm": "data" }, "geometry": { "type": "LineString", "coordinates": [ [ -40.26043731, -18.16950037 ], [ -40.26042937, -18.16950433 ], [ -40.26042111, -18.16950873 ], [ -40.26037185, -18.1695356 ], [ -40.26024131, -18.16960863 ], [ -40.26002825, -18.16972576 ], [ -40.25992256, -18.16978571 ], [ -40.25978351, -18.16986272 ], [ -40.25967793, -18.16992284 ], [ -40.25946534, -18.17004075 ], [ -40.25928668, -18.17014252 ], [ -40.25921302, -18.17018321 ], [ -40.25915616, -18.17021558 ], [ -40.25910676, -18.17024221 ], [ -40.25909861, -18.17024678 ], [ -40.25895235, -18.17032992 ], [ -40.25885423, -18.17038433 ], [ -40.25877308, -18.17043068 ], [ -40.25865007, -18.17049812 ], [ -40.2585285, -18.17056789 ], [ -40.25838129, -18.17064947 ], [ -40.25823221, -18.17073358 ] ] } },
{ "type": "Feature", "properties": { "Field": "000", "Length": 270.90597116375392, "Image": "/home/ubuntu/bemagro/data/image/Orthomosaico.tif", "Farm": "data" }, "geometry": { "type": "LineString", "coordinates": [ [ -40.2604342, -18.16948587 ], [ -40.26032786, -18.16954381 ], [ -40.26025465, -18.16958524 ], [ -40.26014014, -18.16964866 ], [ -40.260025, -18.16971104 ], [ -40.25991956, -18.16977139 ], [ -40.25981316, -18.16983016 ], [ -40.2597399, -18.16987151 ], [ -40.25966704, -18.16991351 ], [ -40.25957676, -18.16996284 ], [ -40.25944607, -18.17003563 ], [ -40.25919414, -18.17017872 ], [ -40.25907947, -18.17024188 ], [ -40.25895767, -18.17031129 ], [ -40.25884319, -18.17037478 ], [ -40.25876216, -18.1704213 ], [ -40.25865533, -18.17047938 ], [ -40.25847682, -18.17058138 ], [ -40.25832953, -18.17066283 ], [ -40.25822447, -18.17072304 ] ] } },
{ "type": "Feature", "properties": { "Field": "000", "Length": 271.56997096375034, "Image": "/home/ubuntu/bemagro/data/image/Orthomosaico.tif", "Farm": "data" }, "geometry": { "type": "LineString", "coordinates": [ [ -40.26043105, -18.16947122 ], [ -40.26039911, -18.16948966 ], [ -40.26030853, -18.16953848 ], [ -40.26026798, -18.16956169 ], [ -40.26012901, -18.16963884 ], [ -40.26002194, -18.1696965 ], [ -40.26001377, -18.16970105 ], [ -40.25997349, -18.1697247 ], [ -40.2598347, -18.16980213 ], [ -40.25965592, -18.1699037 ], [ -40.25944317, -18.17002135 ], [ -40.2590771, -18.17022849 ], [ -40.25904423, -18.17024635 ], [ -40.25897111, -18.17028793 ], [ -40.25872639, -18.17042493 ], [ -40.25862796, -18.17047884 ], [ -40.25842457, -18.17059389 ], [ -40.25832631, -18.17064808 ], [ -40.25821573, -18.17071116 ] ] } },
{ "type": "Feature", "properties": { "Field": "000", "Length": 272.07951966279586, "Image": "/home/ubuntu/bemagro/data/image/Orthomosaico.tif", "Farm": "data" }, "geometry": { "type": "LineString", "coordinates": [ [ -40.26042676, -18.16945752 ], [ -40.26040232, -18.16947198 ], [ -40.26027907, -18.169539 ], [ -40.26013262, -18.16962182 ], [ -40.26008315, -18.16964834 ], [ -40.26004973, -18.16966525 ], [ -40.26001695, -18.16968327 ], [ -40.2599848, -18.1697023 ], [ -40.25987078, -18.16976652 ], [ -40.25983786, -18.16978432 ], [ -40.25979759, -18.16980797 ], [ -40.25967555, -18.16987698 ], [ -40.25964257, -18.16989467 ], [ -40.25942198, -18.1700174 ], [ -40.25905604, -18.17022475 ], [ -40.25902307, -18.17024245 ], [ -40.25862343, -18.17046633 ], [ -40.25859862, -18.17047946 ], [ -40.25842803, -18.17057651 ], [ -40.25829692, -18.17064861 ], [ -40.25820725, -18.17069963 ] ] } },
{ "type": "Feature", "properties": { "Field": "000", "Length": 272.61980724630183, "Image": "/home/ubuntu/bemagro/data/image/Orthomosaico.tif", "Farm": "data" }, "geometry": { "type": "LineString", "coordinates": [ [ -40.26042204, -18.16944252 ], [ -40.26041446, -18.16944709 ], [ -40.26040686, -18.16945246 ], [ -40.26039906, -18.16945757 ], [ -40.26037477, -18.16947156 ], [ -40.2603666, -18.1694761 ], [ -40.26030861, -18.16950657 ], [ -40.26026761, -18.16952905 ], [ -40.26025944, -18.16953361 ], [ -40.2601703, -18.16958478 ], [ -40.2601294, -18.16960743 ], [ -40.26001379, -18.16966901 ], [ -40.26000562, -18.16967356 ], [ -40.25997354, -18.16969268 ], [ -40.25992447, -18.16971988 ], [ -40.25985965, -18.16975711 ], [ -40.25985148, -18.16976167 ], [ -40.25983496, -18.16977046 ], [ -40.25982679, -18.16977499 ], [ -40.25979463, -18.16979401 ], [ -40.25968876, -18.16985366 ], [ -40.25959028, -18.16990748 ], [ -40.25947634, -18.16997184 ], [ -40.25941067, -18.17000768 ], [ -40.25915894, -18.17015112 ], [ -40.25902839, -18.17022412 ], [ -40.25899542, -18.17024183 ], [ -40.25894678, -18.17026971 ], [ -40.25864499, -18.17043873 ], [ -40.25857117, -18.17047916 ], [ -40.25839243, -18.17058079 ], [ -40.25825329, -18.17065766 ], [ -40.25824514, -18.17066223 ], [ -40.25819927, -18.17068877 ] ] } },
{ "type": "Feature", "properties": { "Field": "000", "Length": 273.1107936318362, "Image": "/home/ubuntu/bemagro/data/image/Orthomosaico.tif", "Farm": "data" }, "geometry": { "type": "LineString", "coordinates": [ [ -40.26041777, -18.16942894 ], [ -40.2604031, -18.16943956 ], [ -40.26039504, -18.16944427 ], [ -40.2603706, -18.16945802 ], [ -40.26034556, -18.16947074 ], [ -40.26029611, -18.1694973 ], [ -40.26014129, -18.16958433 ], [ -40.26000951, -18.16965531 ], [ -40.25995297, -18.16968817 ], [ -40.25982261, -18.16976149 ], [ -40.25974966, -18.16980334 ], [ -40.25966811, -18.16984904 ], [ -40.25959409, -18.16988914 ], [ -40.25956176, -18.16990788 ], [ -40.25938221, -18.1700082 ], [ -40.25919547, -18.17011465 ], [ -40.25897485, -18.17023735 ], [ -40.2588936, -18.17028353 ], [ -40.25876289, -18.17035628 ], [ -40.25870613, -18.1703888 ], [ -40.25855072, -18.17047487 ], [ -40.2585185, -18.17049379 ], [ -40.25842071, -18.17054876 ], [ -40.25835594, -18.17058608 ], [ -40.2583147, -18.17060815 ], [ -40.25824115, -18.17064903 ], [ -40.2581915, -18.17067822 ] ] } },
{ "type": "Feature", "properties": { "Field": "000", "Length": 273.5225472406978, "Image": "/home/ubuntu/bemagro/data/image/Orthomosaico.tif", "Farm": "data" }, "geometry": { "type": "LineString", "coordinates": [ [ -40.26041423, -18.16941766 ], [ -40.26031336, -18.16947127 ], [ -40.26019937, -18.16953555 ], [ -40.259978, -18.16965701 ], [ -40.25988046, -18.16971236 ], [ -40.25982314, -18.16974398 ], [ -40.25975055, -18.1697864 ], [ -40.25961135, -18.16986317 ], [ -40.25949762, -18.16992786 ], [ -40.25941564, -18.16997285 ], [ -40.25926973, -18.17005654 ], [ -40.25913938, -18.17012987 ], [ -40.25894319, -18.17023879 ], [ -40.25883779, -18.1702992 ], [ -40.25873129, -18.17035782 ], [ -40.25865813, -18.17039934 ], [ -40.25859259, -18.1704354 ], [ -40.25834878, -18.17057388 ], [ -40.25831563, -18.17059128 ], [ -40.25828298, -18.17060951 ], [ -40.25818371, -18.17066761 ] ] } },
{ "type": "Feature", "properties": { "Field": "000", "Length": 274.01398345976634, "Image": "/home/ubuntu/bemagro/data/image/Orthomosaico.tif", "Farm": "data" }, "geometry": { "type": "LineString", "coordinates": [ [ -40.26041008, -18.16940447 ], [ -40.26035261, -18.16943542 ], [ -40.26032744, -18.1694479 ], [ -40.26029446, -18.16946559 ], [ -40.26018085, -18.16953047 ], [ -40.26013947, -18.16955232 ], [ -40.2599919, -18.1696333 ], [ -40.25991897, -18.16967517 ], [ -40.25981284, -18.1697344 ], [ -40.25974816, -18.16977186 ], [ -40.25965014, -18.16982645 ], [ -40.25960894, -18.16984859 ], [ -40.25949514, -18.16991317 ], [ -40.25939689, -18.16996738 ], [ -40.25926732, -18.17004197 ], [ -40.25912895, -18.17012009 ], [ -40.25890816, -18.17024251 ], [ -40.25879468, -18.1703076 ], [ -40.25874537, -18.17033439 ], [ -40.25871301, -18.1703531 ], [ -40.25869642, -18.17036176 ], [ -40.25864769, -18.17038951 ], [ -40.25855764, -18.17043922 ], [ -40.25847652, -18.17048562 ], [ -40.25841921, -18.17051723 ], [ -40.25835468, -18.17055493 ], [ -40.2582806, -18.17059494 ], [ -40.25817546, -18.17065639 ] ] } },
{ "type": "Feature", "properties": { "Field": "000", "Length": 274.51306020333908, "Image": "/home/ubuntu/bemagro/data/image/Orthomosaico.tif", "Farm": "data" }, "geometry": { "type": "LineString", "coordinates": [ [ -40.26040569, -18.16939051 ], [ -40.26036514, -18.16941283 ], [ -40.26029902, -18.16944791 ], [ -40.26029082, -18.1694524 ], [ -40.26016884, -18.16952151 ], [ -40.26016061, -18.16952596 ], [ -40.26012737, -18.1695432 ], [ -40.25999617, -18.16961514 ], [ -40.25991508, -18.16966158 ], [ -40.25982519, -18.16971154 ], [ -40.259679, -18.16979478 ], [ -40.25957249, -18.16985339 ], [ -40.25952393, -18.1698814 ], [ -40.2594992, -18.16989467 ], [ -40.25932839, -18.16999137 ], [ -40.25928744, -18.17001393 ], [ -40.259109, -18.17011605 ], [ -40.25908421, -18.17012921 ], [ -40.2589616, -18.1701973 ], [ -40.25888816, -18.17023837 ], [ -40.25880734, -18.17028524 ], [ -40.25872567, -18.17033074 ], [ -40.25867631, -18.17035745 ], [ -40.2586276, -18.17038523 ], [ -40.2585213, -18.17044418 ], [ -40.25833447, -18.17055049 ], [ -40.25830159, -18.17056833 ], [ -40.25829346, -18.17057295 ], [ -40.25826139, -18.17059209 ], [ -40.2581966, -18.17062938 ], [ -40.25816734, -18.17064536 ] ] } },
{ "type": "Feature", "properties": { "Field": "000", "Length": 275.01017995345347, "Image": "/home/ubuntu/bemagro/data/image/Orthomosaico.tif", "Farm": "data" }, "geometry": { "type": "LineString", "coordinates": [ [ -40.26040132, -18.16937662 ], [ -40.26036887, -18.16939518 ], [ -40.26034391, -18.16940804 ], [ -40.26027005, -18.16944842 ], [ -40.26016429, -18.16950824 ], [ -40.26008171, -18.16955223 ], [ -40.25998357, -18.1696066 ], [ -40.25990256, -18.16965318 ], [ -40.25981243, -18.16970275 ], [ -40.25965017, -18.16979551 ], [ -40.2595762, -18.1698357 ], [ -40.25926679, -18.17001015 ], [ -40.25911276, -18.17009847 ], [ -40.25906327, -18.17012495 ], [ -40.25903084, -18.17014355 ], [ -40.25890802, -18.17021128 ], [ -40.25876213, -18.17029501 ], [ -40.25868015, -18.17034 ], [ -40.25858257, -18.1703953 ], [ -40.25850891, -18.170436 ], [ -40.2583547, -18.17052402 ], [ -40.25828115, -18.1705649 ], [ -40.25820035, -18.17061181 ], [ -40.25815938, -18.17063453 ] ] } },
{ "type": "Feature", "properties": { "Field": "000", "Length": 275.50799640879558, "Image": "/home/ubuntu/bemagro/data/image/Orthomosaico.tif", "Farm": "data" }, "geometry": { "type": "LineString", "coordinates": [ [ -40.25815103, -18.17062317 ], [ -40.25824888, -18.1705677 ], [ -40.25832255, -18.17052703 ], [ -40.25847656, -18.17043869 ], [ -40.25855835, -18.17039337 ], [ -40.25861502, -18.17036071 ], [ -40.25871328, -18.17030652 ], [ -40.25888377, -18.17020931 ], [ -40.25895753, -18.17016877 ], [ -40.25903065, -18.17012719 ], [ -40.25909645, -18.17009155 ], [ -40.25916931, -18.17004956 ], [ -40.25921839, -18.17002239 ], [ -40.25934018, -18.16995297 ], [ -40.25939746, -18.16992129 ], [ -40.25956823, -18.16982453 ], [ -40.25964216, -18.16978427 ], [ -40.25965813, -18.1697746 ], [ -40.25967466, -18.16976584 ], [ -40.25980453, -18.16969173 ], [ -40.25989455, -18.16964197 ], [ -40.26004919, -18.16955464 ], [ -40.26015608, -18.16949667 ], [ -40.26026195, -18.16943702 ], [ -40.26037693, -18.16937438 ], [ -40.260397, -18.1693629 ] ] } },
{ "type": "Feature", "properties": { "Field": "000", "Length": 276.0121806703122, "Image": "/home/ubuntu/bemagro/data/image/Orthomosaico.tif", "Farm": "data" }, "geometry": { "type": "LineString", "coordinates": [ [ -40.2603926, -18.16934892 ], [ -40.26034433, -18.16937687 ], [ -40.2602453, -18.16942976 ], [ -40.26012326, -18.16949877 ], [ -40.26006589, -18.1695303 ], [ -40.26004921, -18.1695388 ], [ -40.25987018, -18.16963996 ], [ -40.25983727, -18.16965777 ], [ -40.25960138, -18.16979129 ], [ -40.25948683, -18.16985465 ], [ -40.25938132, -18.16991489 ], [ -40.259332, -18.16994166 ], [ -40.25907177, -18.1700891 ], [ -40.25887575, -18.1701983 ], [ -40.25881106, -18.17023575 ], [ -40.25870525, -18.17029548 ], [ -40.25846031, -18.17043212 ], [ -40.25834701, -18.17049751 ], [ -40.25814281, -18.17061199 ] ] } },
{ "type": "Feature", "properties": { "Field": "000", "Length": 276.51965679947676, "Image": "/home/ubuntu/bemagro/data/image/Orthomosaico.tif", "Farm": "data" }, "geometry": { "type": "LineString", "coordinates": [ [ -40.26038813, -18.16933469 ], [ -40.26034806, -18.16935776 ], [ -40.26029891, -18.16938483 ], [ -40.26023277, -18.16941988 ], [ -40.26022457, -18.16942437 ], [ -40.26011904, -18.16948457 ], [ -40.2599798, -18.16956128 ], [ -40.25985811, -18.16963085 ], [ -40.25980883, -18.16965769 ], [ -40.25971103, -18.16971264 ], [ -40.25961373, -18.16976838 ], [ -40.25945037, -18.16985936 ], [ -40.25937724, -18.16990092 ], [ -40.259328, -18.16992784 ], [ -40.25914099, -18.17003385 ], [ -40.25898568, -18.1701201 ], [ -40.2589209, -18.17015741 ], [ -40.25877416, -18.17023974 ], [ -40.25869305, -18.17028616 ], [ -40.25855405, -18.17036326 ], [ -40.25838306, -18.17045968 ], [ -40.25830213, -18.17050637 ], [ -40.25822872, -18.17054748 ], [ -40.25813487, -18.1706012 ] ] } },
{ "type": "Feature", "properties": { "Field": "000", "Length": 277.02473262407278, "Image": "/home/ubuntu/bemagro/data/image/Orthomosaico.tif", "Farm": "data" }, "geometry": { "type": "LineString", "coordinates": [ [ -40.26038376, -18.16932081 ], [ -40.26033515, -18.16934855 ], [ -40.26019544, -18.16942446 ], [ -40.26010637, -18.16947576 ], [ -40.26005678, -18.16950207 ], [ -40.25998308, -18.1695427 ], [ -40.25986166, -18.16961272 ], [ -40.25973076, -18.16968515 ], [ -40.25960109, -18.16975958 ], [ -40.25956814, -18.16977732 ], [ -40.25951139, -18.16980985 ], [ -40.25925018, -18.16995569 ], [ -40.2591611, -18.17000697 ], [ -40.25898942, -18.17010226 ], [ -40.25895714, -18.17012108 ], [ -40.25863965, -18.17030023 ], [ -40.25853305, -18.17035868 ], [ -40.25843573, -18.1704144 ], [ -40.25836212, -18.17045518 ], [ -40.25828953, -18.17049759 ], [ -40.25820787, -18.17054313 ], [ -40.25812679, -18.1705902 ] ] } },
{ "type": "Feature", "properties": { "Field": "000", "Length": 277.52316451091707, "Image": "/home/ubuntu/bemagro/data/image/Orthomosaico.tif", "Farm": "data" }, "geometry": { "type": "LineString", "coordinates": [ [ -40.26037946, -18.16930713 ], [ -40.26033116, -18.16933466 ], [ -40.26019989, -18.16940647 ], [ -40.26010231, -18.16946178 ], [ -40.25996261, -18.1695377 ], [ -40.25995446, -18.16954228 ], [ -40.25985756, -18.16959867 ], [ -40.25984943, -18.16960327 ], [ -40.25974296, -18.16966194 ], [ -40.25967024, -18.16970415 ], [ -40.2595565, -18.16976884 ], [ -40.25944203, -18.16983232 ], [ -40.25903486, -18.17006179 ], [ -40.25887962, -18.17014815 ], [ -40.25876595, -18.17021293 ], [ -40.25864368, -18.17028159 ], [ -40.25849642, -18.17036307 ], [ -40.25840741, -18.17041446 ], [ -40.25835831, -18.17044161 ], [ -40.2582856, -18.17048385 ], [ -40.25819586, -18.17053405 ], [ -40.2581183, -18.17057867 ] ] } },
{ "type": "Feature", "properties": { "Field": "000", "Length": 278.02150609805426, "Image": "/home/ubuntu/bemagro/data/image/Orthomosaico.tif", "Farm": "data" }, "geometry": { "type": "LineString", "coordinates": [ [ -40.26037513, -18.16929336 ], [ -40.26008921, -18.16945291 ], [ -40.25996591, -18.16951985 ], [ -40.25990902, -18.16955216 ], [ -40.25984454, -18.16958993 ], [ -40.25972189, -18.16965795 ], [ -40.25967373, -18.1696866 ], [ -40.25960821, -18.16972269 ], [ -40.25948647, -18.1697922 ], [ -40.25940462, -18.16983741 ], [ -40.2593235, -18.16988381 ], [ -40.25921713, -18.16994265 ], [ -40.25902207, -18.1700534 ], [ -40.2588829, -18.17013021 ], [ -40.25878565, -18.17018604 ], [ -40.25872018, -18.17022223 ], [ -40.25864707, -18.17026383 ], [ -40.25849988, -18.17034543 ], [ -40.25828098, -18.17047091 ], [ -40.25819924, -18.1705163 ], [ -40.25811025, -18.17056771 ] ] } },
{ "type": "Feature", "properties": { "Field": "000", "Length": 278.53386821140822, "Image": "/home/ubuntu/bemagro/data/image/Orthomosaico.tif", "Farm": "data" }, "geometry": { "type": "LineString", "coordinates": [ [ -40.26037078, -18.16927952 ], [ -40.26031432, -18.16931162 ], [ -40.26019976, -18.16937496 ], [ -40.26006933, -18.16944816 ], [ -40.25996236, -18.16950599 ], [ -40.25982474, -18.16958532 ], [ -40.25972652, -18.16963958 ], [ -40.2597184, -18.16964419 ], [ -40.2596701, -18.16967262 ], [ -40.25960472, -18.16970895 ], [ -40.25947479, -18.16978297 ], [ -40.25938481, -18.16983279 ], [ -40.25932, -18.16987005 ], [ -40.25931184, -18.16987461 ], [ -40.25927062, -18.16989672 ], [ -40.25922166, -18.1699241 ], [ -40.25911624, -18.16998446 ], [ -40.25896151, -18.17007166 ], [ -40.25884692, -18.17013496 ], [ -40.25875777, -18.17018612 ], [ -40.25864346, -18.17024987 ], [ -40.25861098, -18.17026838 ], [ -40.25858693, -18.17028275 ], [ -40.25849649, -18.1703318 ], [ -40.25847223, -18.17034584 ], [ -40.25843943, -18.17036382 ], [ -40.25826933, -18.17046167 ], [ -40.25810148, -18.17055579 ] ] } },
{ "type": "Feature", "properties": { "Field": "000", "Length": 279.00932307091853, "Image": "/home/ubuntu/bemagro/data/image/Orthomosaico.tif", "Farm": "data" }, "geometry": { "type": "LineString", "coordinates": [ [ -40.26036666, -18.16926643 ], [ -40.26027692, -18.16931703 ], [ -40.26006428, -18.16943486 ], [ -40.25993288, -18.16950646 ], [ -40.2597956, -18.16958633 ], [ -40.25971369, -18.16963144 ], [ -40.25968157, -18.16965052 ], [ -40.25962432, -18.16968223 ], [ -40.25955133, -18.16972402 ], [ -40.25943736, -18.16978834 ], [ -40.25938817, -18.16981533 ], [ -40.2593314, -18.16984783 ], [ -40.25924102, -18.16989697 ], [ -40.25907892, -18.16999 ], [ -40.2590378, -18.17001228 ], [ -40.25884223, -18.17012221 ], [ -40.25857392, -18.17027434 ], [ -40.25845091, -18.17034178 ], [ -40.25824815, -18.17045783 ], [ -40.25814185, -18.17051677 ], [ -40.25809359, -18.17054506 ] ] } },
{ "type": "Feature", "properties": { "Field": "000", "Length": 279.49967202819522, "Image": "/home/ubuntu/bemagro/data/image/Orthomosaico.tif", "Farm": "data" }, "geometry": { "type": "LineString", "coordinates": [ [ -40.26036237, -18.16925278 ], [ -40.26023244, -18.16932588 ], [ -40.26015039, -18.16937077 ], [ -40.26007704, -18.16941197 ], [ -40.26001936, -18.16944297 ], [ -40.25993746, -18.1694881 ], [ -40.25992933, -18.16949272 ], [ -40.25982455, -18.16955409 ], [ -40.25981643, -18.16955872 ], [ -40.25971828, -18.1696131 ], [ -40.25956406, -18.1697011 ], [ -40.25951483, -18.16972803 ], [ -40.25944208, -18.16977019 ], [ -40.25943393, -18.16977476 ], [ -40.25936814, -18.16981041 ], [ -40.25922932, -18.16988782 ], [ -40.25913224, -18.16994392 ], [ -40.25888736, -18.17008064 ], [ -40.25883071, -18.17011334 ], [ -40.25879787, -18.17013125 ], [ -40.25865169, -18.17021451 ], [ -40.25850488, -18.17029674 ], [ -40.25843101, -18.17033709 ], [ -40.25828466, -18.17042008 ], [ -40.25820376, -18.17046683 ], [ -40.25814666, -18.17049878 ], [ -40.25813855, -18.17050344 ], [ -40.25808589, -18.17053458 ] ] } },
{ "type": "Feature", "properties": { "Field": "000", "Length": 279.97596114601032, "Image": "/home/ubuntu/bemagro/data/image/Orthomosaico.tif", "Farm": "data" }, "geometry": { "type": "LineString", "coordinates": [ [ -40.26035833, -18.16923995 ], [ -40.26033387, -18.16925272 ], [ -40.26032567, -18.16925722 ], [ -40.26023609, -18.1693077 ], [ -40.25993313, -18.1694748 ], [ -40.2598039, -18.16954993 ], [ -40.25968959, -18.16961368 ], [ -40.25955974, -18.16968781 ], [ -40.25949422, -18.16972393 ], [ -40.25943785, -18.16975705 ], [ -40.25942965, -18.16976155 ], [ -40.2593966, -18.16977911 ], [ -40.25929839, -18.16983337 ], [ -40.25911971, -18.1699351 ], [ -40.25886664, -18.17007635 ], [ -40.25871241, -18.17016435 ], [ -40.25859022, -18.17023313 ], [ -40.25857365, -18.17024183 ], [ -40.25856547, -18.17024636 ], [ -40.25852488, -18.17026951 ], [ -40.25841839, -18.17032814 ], [ -40.25827213, -18.17041127 ], [ -40.2581994, -18.17045347 ], [ -40.25815041, -18.17048079 ], [ -40.25807749, -18.17052317 ] ] } },
{ "type": "Feature", "properties": { "Field": "000", "Length": 280.47301964467374, "Image": "/home/ubuntu/bemagro/data/image/Orthomosaico.tif", "Farm": "data" }, "geometry": { "type": "LineString", "coordinates": [ [ -40.258069, -18.17051162 ], [ -40.25841865, -18.17031224 ], [ -40.25856572, -18.17023043 ], [ -40.2586632, -18.17017496 ], [ -40.25871251, -18.17014817 ], [ -40.25884232, -18.17007396 ], [ -40.25911993, -18.16991912 ], [ -40.25929843, -18.16981711 ], [ -40.25937175, -18.16977585 ], [ -40.25944579, -18.16973578 ], [ -40.25951859, -18.1696937 ], [ -40.25960054, -18.16964865 ], [ -40.25964099, -18.16962529 ], [ -40.25975522, -18.16956139 ], [ -40.25985255, -18.1695057 ], [ -40.25993317, -18.1694585 ], [ -40.26000669, -18.16941758 ], [ -40.26003991, -18.1694003 ], [ -40.26013777, -18.16934547 ], [ -40.26022823, -18.16929644 ], [ -40.26034242, -18.16923248 ], [ -40.26035407, -18.1692264 ] ] } },
{ "type": "Feature", "properties": { "Field": "000", "Length": 281.02667205671901, "Image": "/home/ubuntu/bemagro/data/image/Orthomosaico.tif", "Farm": "data" }, "geometry": { "type": "LineString", "coordinates": [ [ -40.26034971, -18.16921179 ], [ -40.26033345, -18.16922007 ], [ -40.26032528, -18.16922462 ], [ -40.2602931, -18.16924361 ], [ -40.26022807, -18.1692805 ], [ -40.26017035, -18.16931144 ], [ -40.26010512, -18.16934802 ], [ -40.26003106, -18.16938804 ], [ -40.25999043, -18.16941113 ], [ -40.25993303, -18.16944261 ], [ -40.25978734, -18.16952665 ], [ -40.25960858, -18.16962823 ], [ -40.25952657, -18.16967317 ], [ -40.25944543, -18.16971956 ], [ -40.25933897, -18.16977824 ], [ -40.25920874, -18.16985176 ], [ -40.25917654, -18.1698707 ], [ -40.25909526, -18.16991684 ], [ -40.25892369, -18.17001232 ], [ -40.2587206, -18.17012784 ], [ -40.25863032, -18.17017717 ], [ -40.25856551, -18.17021443 ], [ -40.2585163, -18.17024139 ], [ -40.25848396, -18.17026011 ], [ -40.25831254, -18.17035582 ], [ -40.25819936, -18.17042139 ], [ -40.25806027, -18.17049975 ] ] } },
{ "type": "Feature", "properties": { "Field": "000", "Length": 281.62452280931899, "Image": "/home/ubuntu/bemagro/data/image/Orthomosaico.tif", "Farm": "data" }, "geometry": { "type": "LineString", "coordinates": [ [ -40.26034513, -18.16919622 ], [ -40.26032103, -18.1692096 ], [ -40.26028115, -18.16923386 ], [ -40.26022413, -18.16926595 ], [ -40.26014165, -18.1693101 ], [ -40.26008473, -18.16934236 ], [ -40.26007653, -18.16934686 ], [ -40.26001828, -18.16937688 ], [ -40.26001004, -18.16938131 ], [ -40.25994545, -18.1694189 ], [ -40.25988011, -18.1694553 ], [ -40.25983184, -18.16948378 ], [ -40.25972612, -18.16954367 ], [ -40.25962086, -18.1696043 ], [ -40.25949006, -18.16967689 ], [ -40.25927012, -18.1698007 ], [ -40.25920449, -18.16983661 ], [ -40.25911576, -18.16988845 ], [ -40.25899283, -18.169956 ], [ -40.25878184, -18.17007652 ], [ -40.25861017, -18.17017181 ], [ -40.25855378, -18.17020491 ], [ -40.2584469, -18.17026289 ], [ -40.25836607, -18.17030975 ], [ -40.25826796, -18.17036419 ], [ -40.25819551, -18.17040681 ], [ -40.25805144, -18.17048773 ] ] } },
{ "type": "Feature", "properties": { "Field": "000", "Length": 282.16615350232382, "Image": "/home/ubuntu/bemagro/data/image/Orthomosaico.tif", "Farm": "data" }, "geometry": { "type": "LineString", "coordinates": [ [ -40.26034093, -18.16918194 ], [ -40.26028519, -18.16921515 ], [ -40.26023641, -18.1692428 ], [ -40.26007238, -18.16933268 ], [ -40.26002254, -18.16935856 ], [ -40.25997349, -18.16938578 ], [ -40.25994133, -18.1694048 ], [ -40.25988419, -18.1694367 ], [ -40.25982774, -18.1694697 ], [ -40.25960877, -18.16959508 ], [ -40.25942076, -18.16969946 ], [ -40.25936406, -18.16973208 ], [ -40.25924987, -18.16979603 ], [ -40.25920872, -18.16981826 ], [ -40.25911178, -18.16987457 ], [ -40.25901343, -18.16992861 ], [ -40.25895681, -18.16996134 ], [ -40.25887515, -18.17000687 ], [ -40.25877785, -18.17006262 ], [ -40.25860624, -18.17015802 ], [ -40.25858223, -18.17017245 ], [ -40.25853351, -18.17020021 ], [ -40.25845106, -18.17024441 ], [ -40.25835417, -18.1703008 ], [ -40.25827227, -18.17034593 ], [ -40.25823188, -18.1703694 ], [ -40.25814207, -18.17041951 ], [ -40.25804296, -18.1704762 ] ] } },
{ "type": "Feature", "properties": { "Field": "000", "Length": 282.66946670461539, "Image": "/home/ubuntu/bemagro/data/image/Orthomosaico.tif", "Farm": "data" }, "geometry": { "type": "LineString", "coordinates": [ [ -40.26033703, -18.16916867 ], [ -40.26026463, -18.16921048 ], [ -40.26014944, -18.16927277 ], [ -40.26014124, -18.16927727 ], [ -40.26006812, -18.16931885 ], [ -40.26000209, -18.16935409 ], [ -40.25996116, -18.16937669 ], [ -40.25995302, -18.16938128 ], [ -40.25991277, -18.16940497 ], [ -40.25981516, -18.16946021 ], [ -40.25972645, -18.16951208 ], [ -40.25957214, -18.16959994 ], [ -40.2594085, -18.16969046 ], [ -40.25926219, -18.16977352 ], [ -40.25918029, -18.16981864 ], [ -40.25917215, -18.16982323 ], [ -40.25911583, -18.16985644 ], [ -40.25900931, -18.16991503 ], [ -40.25893649, -18.16995709 ], [ -40.2588467, -18.17000722 ], [ -40.25879823, -18.17003538 ], [ -40.25870872, -18.17008597 ], [ -40.25860234, -18.17014477 ], [ -40.25853746, -18.17018193 ], [ -40.25842267, -18.17024488 ], [ -40.2583421, -18.17029215 ], [ -40.25821126, -18.17036469 ], [ -40.25803499, -18.17046537 ] ] } },
{ "type": "Feature", "properties": { "Field": "000", "Length": 283.20975018589007, "Image": "/home/ubuntu/bemagro/data/image/Orthomosaico.tif", "Farm": "data" }, "geometry": { "type": "LineString", "coordinates": [ [ -40.26033292, -18.16915467 ], [ -40.2602852, -18.1691831 ], [ -40.26020329, -18.16922821 ], [ -40.26014551, -18.16925903 ], [ -40.26007274, -18.16930117 ], [ -40.26000638, -18.16933585 ], [ -40.25995707, -18.16936263 ], [ -40.2598682, -18.16941425 ], [ -40.25984368, -18.16942787 ], [ -40.25983559, -18.16943255 ], [ -40.25972277, -18.16949868 ], [ -40.25963289, -18.16954867 ], [ -40.25956013, -18.16959082 ], [ -40.25943711, -18.16965823 ], [ -40.25934, -18.16971427 ], [ -40.25917658, -18.16980516 ], [ -40.25911216, -18.16984303 ], [ -40.25901358, -18.16989668 ], [ -40.25890843, -18.16995749 ], [ -40.25881042, -18.17001209 ], [ -40.25869683, -18.17007701 ], [ -40.25860685, -18.17012683 ], [ -40.25851733, -18.17017741 ], [ -40.25843528, -18.17022229 ], [ -40.258322, -18.1702877 ], [ -40.25819114, -18.1703602 ], [ -40.25802669, -18.17045408 ] ] } },
{ "type": "Feature", "properties": { "Field": "000", "Length": 283.78099865096675, "Image": "/home/ubuntu/bemagro/data/image/Orthomosaico.tif", "Farm": "data" }, "geometry": { "type": "LineString", "coordinates": [ [ -40.2603285, -18.16913963 ], [ -40.26032076, -18.16914395 ], [ -40.26028136, -18.16916892 ], [ -40.26025699, -18.16918278 ], [ -40.26015005, -18.16924065 ], [ -40.26004397, -18.16929997 ], [ -40.25999407, -18.16932573 ], [ -40.25995306, -18.1693482 ], [ -40.25990488, -18.16937682 ], [ -40.25975924, -18.16946092 ], [ -40.259703, -18.16949426 ], [ -40.25961297, -18.16954399 ], [ -40.25954839, -18.16958161 ], [ -40.25940087, -18.16966267 ], [ -40.25931204, -18.16971435 ], [ -40.25919744, -18.16977762 ], [ -40.25911679, -18.16982477 ], [ -40.2589856, -18.16989673 ], [ -40.25886425, -18.16996685 ], [ -40.2587823, -18.17001189 ], [ -40.2587095, -18.17005399 ], [ -40.25860324, -18.170113 ], [ -40.25850595, -18.17016876 ], [ -40.25840733, -18.17022234 ], [ -40.25830208, -18.170283 ], [ -40.258155, -18.17036479 ], [ -40.25801841, -18.17044281 ] ] } },
{ "type": "Feature", "properties": { "Field": "000", "Length": 284.32585246909787, "Image": "/home/ubuntu/bemagro/data/image/Orthomosaico.tif", "Farm": "data" }, "geometry": { "type": "LineString", "coordinates": [ [ -40.26032423, -18.16912511 ], [ -40.26030069, -18.16913937 ], [ -40.26028514, -18.16914964 ], [ -40.26027719, -18.16915453 ], [ -40.26024483, -18.16917324 ], [ -40.2601877, -18.16920514 ], [ -40.26011349, -18.16924492 ], [ -40.26004003, -18.16928595 ], [ -40.25996553, -18.16932523 ], [ -40.2599574, -18.16932984 ], [ -40.25989316, -18.16936799 ], [ -40.25977955, -18.16943287 ], [ -40.25967497, -18.16949457 ], [ -40.25958497, -18.16954435 ], [ -40.25954451, -18.1695677 ], [ -40.25942984, -18.16963088 ], [ -40.25931641, -18.16969606 ], [ -40.25923445, -18.16974108 ], [ -40.25910471, -18.1698154 ], [ -40.25896557, -18.16989227 ], [ -40.25890112, -18.16993008 ], [ -40.25881935, -18.16997542 ], [ -40.25870563, -18.17004015 ], [ -40.25860756, -18.17009465 ], [ -40.25852684, -18.17014167 ], [ -40.25851865, -18.17014619 ], [ -40.25845265, -18.17018149 ], [ -40.25839545, -18.17021328 ], [ -40.25833854, -18.17024557 ], [ -40.25829032, -18.17027411 ], [ -40.25828218, -18.17027871 ], [ -40.25819203, -18.17032825 ], [ -40.25801042, -18.17043195 ] ] } },
{ "type": "Feature", "properties": { "Field": "000", "Length": 284.84906279757496, "Image": "/home/ubuntu/bemagro/data/image/Orthomosaico.tif", "Farm": "data" }, "geometry": { "type": "LineString", "coordinates": [ [ -40.26032016, -18.16911125 ], [ -40.26029666, -18.16912557 ], [ -40.26028861, -18.1691303 ], [ -40.26019931, -18.16918123 ], [ -40.26010096, -18.16923528 ], [ -40.26005962, -18.16925717 ], [ -40.26005141, -18.16926166 ], [ -40.25999439, -18.16929376 ], [ -40.25995329, -18.16931607 ], [ -40.25994519, -18.16932073 ], [ -40.25992174, -18.16933596 ], [ -40.25991366, -18.16934066 ], [ -40.2598241, -18.16939116 ], [ -40.25964645, -18.16949454 ], [ -40.25939332, -18.16963568 ], [ -40.25931237, -18.16968235 ], [ -40.25914857, -18.1697726 ], [ -40.25913237, -18.16978192 ], [ -40.25908415, -18.16981047 ], [ -40.25897771, -18.16986919 ], [ -40.25887239, -18.16992971 ], [ -40.25880674, -18.16996561 ], [ -40.25870154, -18.17002632 ], [ -40.25862757, -18.17006652 ], [ -40.25850628, -18.17013672 ], [ -40.25838329, -18.17020419 ], [ -40.25836702, -18.17021338 ], [ -40.25829414, -18.17025535 ], [ -40.25820399, -18.17030489 ], [ -40.2581473, -18.17033752 ], [ -40.25808206, -18.17037409 ], [ -40.2580023, -18.17042091 ] ] } },
{ "type": "Feature", "properties": { "Field": "000", "Length": 285.36820519070972, "Image": "/home/ubuntu/bemagro/data/image/Orthomosaico.tif", "Farm": "data" }, "geometry": { "type": "LineString", "coordinates": [ [ -40.25799374, -18.17040927 ], [ -40.25817252, -18.17030681 ], [ -40.25829516, -18.17023878 ], [ -40.25835989, -18.1702014 ], [ -40.25847467, -18.17013841 ], [ -40.25862051, -18.17005462 ], [ -40.25867795, -18.1700232 ], [ -40.25879954, -18.16995347 ], [ -40.25885702, -18.16992213 ], [ -40.2589625, -18.16986186 ], [ -40.25906891, -18.16980308 ], [ -40.2591741, -18.16974234 ], [ -40.25928878, -18.1696792 ], [ -40.25938611, -18.1696235 ], [ -40.25950068, -18.16956017 ], [ -40.25959815, -18.1695047 ], [ -40.25963924, -18.16948236 ], [ -40.25973599, -18.16942575 ], [ -40.25988224, -18.16934262 ], [ -40.25990625, -18.16932818 ], [ -40.25993748, -18.1693078 ], [ -40.25997079, -18.16929071 ], [ -40.26004394, -18.16924917 ], [ -40.26008545, -18.16922757 ], [ -40.26015945, -18.16918744 ], [ -40.26028177, -18.16911886 ], [ -40.26030588, -18.16910459 ], [ -40.26031626, -18.169098 ] ] } },
{ "type": "Feature", "properties": { "Field": "000", "Length": 285.89115087751662, "Image": "/home/ubuntu/bemagro/data/image/Orthomosaico.tif", "Farm": "data" }, "geometry": { "type": "LineString", "coordinates": [ [ -40.26031214, -18.16908398 ], [ -40.26028891, -18.16909868 ], [ -40.26019949, -18.16914942 ], [ -40.26009291, -18.1692079 ], [ -40.26002678, -18.16924298 ], [ -40.25993687, -18.16929291 ], [ -40.25990461, -18.16931177 ], [ -40.25987288, -18.16933144 ], [ -40.25970223, -18.16942838 ], [ -40.25958901, -18.1694939 ], [ -40.25935221, -18.16962594 ], [ -40.25924678, -18.1696863 ], [ -40.259165, -18.16973162 ], [ -40.2590028, -18.16982448 ], [ -40.25890434, -18.16987834 ], [ -40.25872551, -18.16997982 ], [ -40.25868521, -18.17000343 ], [ -40.25854643, -18.17008089 ], [ -40.25847362, -18.17012296 ], [ -40.25833457, -18.17019998 ], [ -40.25826985, -18.17023739 ], [ -40.25817949, -18.17028657 ], [ -40.2581072, -18.17032945 ], [ -40.25804164, -18.17036549 ], [ -40.25798576, -18.17039841 ] ] } },
{ "type": "Feature", "properties": { "Field": "000", "Length": 286.34818557983601, "Image": "/home/ubuntu/bemagro/data/image/Orthomosaico.tif", "Farm": "data" }, "geometry": { "type": "LineString", "coordinates": [ [ -40.25797786, -18.17038767 ], [ -40.25800222, -18.17037295 ], [ -40.25809177, -18.17032242 ], [ -40.25817222, -18.17027496 ], [ -40.25827069, -18.17022112 ], [ -40.2583598, -18.1701699 ], [ -40.25845007, -18.17012055 ], [ -40.25875878, -18.16994497 ], [ -40.2588568, -18.16989039 ], [ -40.25891335, -18.16985754 ], [ -40.25895451, -18.16983532 ], [ -40.25905205, -18.16977996 ], [ -40.25907679, -18.16976671 ], [ -40.2591334, -18.16973396 ], [ -40.25931257, -18.16963302 ], [ -40.25934478, -18.16961409 ], [ -40.25948376, -18.16953695 ], [ -40.25960589, -18.16946808 ], [ -40.25967862, -18.16942588 ], [ -40.25984118, -18.1693336 ], [ -40.25993769, -18.16927662 ], [ -40.25999489, -18.16924481 ], [ -40.26007735, -18.16920062 ], [ -40.26020041, -18.16913327 ], [ -40.26030868, -18.16907219 ] ] } },
{ "type": "Feature", "properties": { "Field": "000", "Length": 286.91768205935114, "Image": "/home/ubuntu/bemagro/data/image/Orthomosaico.tif", "Farm": "data" }, "geometry": { "type": "LineString", "coordinates": [ [ -40.25796954, -18.17037636 ], [ -40.25807545, -18.17031594 ], [ -40.25814791, -18.17027332 ], [ -40.25828688, -18.17019618 ], [ -40.25837604, -18.17014503 ], [ -40.25855584, -18.17004511 ], [ -40.25862081, -18.1700081 ], [ -40.25867714, -18.16997491 ], [ -40.25879149, -18.16991122 ], [ -40.25890516, -18.16984643 ], [ -40.25895444, -18.16981959 ], [ -40.25902736, -18.16977769 ], [ -40.25907663, -18.16975083 ], [ -40.25914952, -18.16970888 ], [ -40.25924746, -18.16965417 ], [ -40.25936918, -18.16958463 ], [ -40.25950812, -18.16950744 ], [ -40.25967877, -18.16941048 ], [ -40.25986513, -18.16930343 ], [ -40.25992953, -18.16926553 ], [ -40.26001926, -18.1692153 ], [ -40.26009363, -18.16917579 ], [ -40.26024091, -18.16909434 ], [ -40.26027328, -18.16907565 ], [ -40.26028082, -18.1690702 ], [ -40.26030424, -18.16905709 ] ] } },
{ "type": "Feature", "properties": { "Field": "000", "Length": 287.43633773682313, "Image": "/home/ubuntu/bemagro/data/image/Orthomosaico.tif", "Farm": "data" }, "geometry": { "type": "LineString", "coordinates": [ [ -40.26030028, -18.16904362 ], [ -40.2602843, -18.16905237 ], [ -40.26027637, -18.16905729 ], [ -40.26026094, -18.16906774 ], [ -40.2602529, -18.16907248 ], [ -40.26021983, -18.16909002 ], [ -40.26008889, -18.16916239 ], [ -40.2600229, -18.1691977 ], [ -40.25993317, -18.16924792 ], [ -40.25983628, -18.16930433 ], [ -40.25969014, -18.16938763 ], [ -40.25964985, -18.16941127 ], [ -40.25957648, -18.16945243 ], [ -40.2594954, -18.1694989 ], [ -40.25939715, -18.16955309 ], [ -40.25919416, -18.16966878 ], [ -40.25913681, -18.16970034 ], [ -40.25901504, -18.1697698 ], [ -40.25899031, -18.16978307 ], [ -40.25884343, -18.16986519 ], [ -40.25871389, -18.16993982 ], [ -40.2586648, -18.16996697 ], [ -40.25854306, -18.17003648 ], [ -40.25837134, -18.1701317 ], [ -40.25828229, -18.17018303 ], [ -40.25816784, -18.17024656 ], [ -40.25811915, -18.17027436 ], [ -40.25807093, -18.17030291 ], [ -40.25796132, -18.17036518 ] ] } },
{ "type": "Feature", "properties": { "Field": "000", "Length": 287.93757722784216, "Image": "/home/ubuntu/bemagro/data/image/Orthomosaico.tif", "Farm": "data" }, "geometry": { "type": "LineString", "coordinates": [ [ -40.26029639, -18.16903039 ], [ -40.26027199, -18.16904327 ], [ -40.26022392, -18.16907205 ], [ -40.26000251, -18.16919343 ], [ -40.25992914, -18.1692346 ], [ -40.25976744, -18.16932825 ], [ -40.25962949, -18.16940706 ], [ -40.25956414, -18.16944343 ], [ -40.25949146, -18.16948572 ], [ -40.25940157, -18.16953568 ], [ -40.25937674, -18.16954879 ], [ -40.25898653, -18.16977015 ], [ -40.25881488, -18.16986548 ], [ -40.25870993, -18.16992661 ], [ -40.25865262, -18.16995823 ], [ -40.25849814, -18.17004583 ], [ -40.25837547, -18.17011381 ], [ -40.25827833, -18.1701698 ], [ -40.25813935, -18.17024694 ], [ -40.25806682, -18.17028945 ], [ -40.2579532, -18.17035413 ] ] } },
{ "type": "Feature", "properties": { "Field": "000", "Length": 288.47809593228772, "Image": "/home/ubuntu/bemagro/data/image/Orthomosaico.tif", "Farm": "data" }, "geometry": { "type": "LineString", "coordinates": [ [ -40.26029218, -18.16901604 ], [ -40.26026008, -18.16903426 ], [ -40.26021187, -18.16906281 ], [ -40.26020375, -18.16906744 ], [ -40.25996601, -18.16919793 ], [ -40.25947939, -18.16947648 ], [ -40.25925079, -18.16960402 ], [ -40.25917795, -18.16964604 ], [ -40.2591452, -18.16966411 ], [ -40.2590723, -18.16970604 ], [ -40.25895828, -18.16977027 ], [ -40.25884372, -18.16983362 ], [ -40.25874684, -18.16989002 ], [ -40.25861614, -18.16996278 ], [ -40.25851888, -18.1700186 ], [ -40.25838777, -18.17009069 ], [ -40.25825838, -18.17016557 ], [ -40.25810315, -18.17025193 ], [ -40.25794497, -18.17034295 ] ] } },
{ "type": "Feature", "properties": { "Field": "000", "Length": 289.00663587240007, "Image": "/home/ubuntu/bemagro/data/image/Orthomosaico.tif", "Farm": "data" }, "geometry": { "type": "LineString", "coordinates": [ [ -40.25793764, -18.17033298 ], [ -40.25801019, -18.17029002 ], [ -40.25812367, -18.17022493 ], [ -40.25841673, -18.17005955 ], [ -40.25847428, -18.17002833 ], [ -40.25865263, -18.16992607 ], [ -40.25875069, -18.16987155 ], [ -40.25882338, -18.16982928 ], [ -40.25895419, -18.16975671 ], [ -40.25903523, -18.16971017 ], [ -40.25939371, -18.16950853 ], [ -40.25949901, -18.16944796 ], [ -40.25962145, -18.1693796 ], [ -40.25974262, -18.1693092 ], [ -40.25991348, -18.16921258 ], [ -40.2599457, -18.16919366 ], [ -40.26017471, -18.16906679 ], [ -40.26023165, -18.16903455 ], [ -40.2602637, -18.16901538 ], [ -40.26028796, -18.1690017 ] ] } },
{ "type": "Feature", "properties": { "Field": "000", "Length": 289.51423918508249, "Image": "/home/ubuntu/bemagro/data/image/Orthomosaico.tif", "Farm": "data" }, "geometry": { "type": "LineString", "coordinates": [ [ -40.25792949, -18.17032189 ], [ -40.25800955, -18.1702747 ], [ -40.25826121, -18.17013117 ], [ -40.25848149, -18.17000792 ], [ -40.2586192, -18.16992873 ], [ -40.25871728, -18.16987425 ], [ -40.25887964, -18.16978164 ], [ -40.25894518, -18.16974557 ], [ -40.25909138, -18.16966235 ], [ -40.25918139, -18.16961259 ], [ -40.25921355, -18.16959356 ], [ -40.25940102, -18.1694883 ], [ -40.25949795, -18.16943196 ], [ -40.2595881, -18.16938243 ], [ -40.25970938, -18.16931219 ], [ -40.25981486, -18.16925191 ], [ -40.25989643, -18.16920624 ], [ -40.25993679, -18.16918272 ], [ -40.26012444, -18.16907775 ], [ -40.26019015, -18.16904196 ], [ -40.26028408, -18.1689885 ] ] } },
{ "type": "Feature", "properties": { "Field": "000", "Length": 290.05946512851892, "Image": "/home/ubuntu/bemagro/data/image/Orthomosaico.tif", "Farm": "data" }, "geometry": { "type": "LineString", "coordinates": [ [ -40.2579208, -18.17031008 ], [ -40.25799354, -18.17026718 ], [ -40.25818068, -18.17016137 ], [ -40.25823702, -18.1701282 ], [ -40.25846547, -18.17000041 ], [ -40.2587009, -18.16986614 ], [ -40.25876655, -18.16983024 ], [ -40.25885562, -18.16977895 ], [ -40.25896173, -18.16971969 ], [ -40.25902646, -18.16968231 ], [ -40.25915736, -18.16960987 ], [ -40.2592952, -18.16953089 ], [ -40.25940133, -18.16947168 ], [ -40.25947388, -18.16942919 ], [ -40.2595557, -18.16938392 ], [ -40.25967776, -18.16931495 ], [ -40.25988805, -18.16919332 ], [ -40.26000295, -18.16913055 ], [ -40.26008431, -18.16908454 ], [ -40.26015811, -18.16904406 ], [ -40.26027177, -18.16897927 ], [ -40.26027993, -18.16897437 ] ] } },
{ "type": "Feature", "properties": { "Field": "000", "Length": 290.58420481350311, "Image": "/home/ubuntu/bemagro/data/image/Orthomosaico.tif", "Farm": "data" }, "geometry": { "type": "LineString", "coordinates": [ [ -40.25791287, -18.17029929 ], [ -40.25800136, -18.17024665 ], [ -40.25813988, -18.17016878 ], [ -40.25823696, -18.17011267 ], [ -40.25834308, -18.17005344 ], [ -40.25841595, -18.17001146 ], [ -40.25846525, -18.16998465 ], [ -40.25850564, -18.16996117 ], [ -40.25859547, -18.16991111 ], [ -40.25867637, -18.16986436 ], [ -40.25875819, -18.1698191 ], [ -40.25887959, -18.16974906 ], [ -40.25895327, -18.16970839 ], [ -40.25903431, -18.16966187 ], [ -40.25914064, -18.16960297 ], [ -40.25923786, -18.1695471 ], [ -40.25925447, -18.16953845 ], [ -40.25929493, -18.16951509 ], [ -40.25934405, -18.169488 ], [ -40.2594816, -18.16940855 ], [ -40.25967736, -18.16929894 ], [ -40.25985536, -18.16919612 ], [ -40.25990422, -18.16916858 ], [ -40.26010088, -18.16906044 ], [ -40.26021494, -18.16899628 ], [ -40.26026342, -18.16896813 ], [ -40.26027587, -18.16896059 ] ] } },
{ "type": "Feature", "properties": { "Field": "000", "Length": 291.09146443719487, "Image": "/home/ubuntu/bemagro/data/image/Orthomosaico.tif", "Farm": "data" }, "geometry": { "type": "LineString", "coordinates": [ [ -40.2579049, -18.17028845 ], [ -40.25800166, -18.17023095 ], [ -40.25810769, -18.17017156 ], [ -40.25821292, -18.17011089 ], [ -40.25828648, -18.17007002 ], [ -40.25838359, -18.17001398 ], [ -40.25856329, -18.1699139 ], [ -40.25866019, -18.16985751 ], [ -40.25870937, -18.1698305 ], [ -40.25879832, -18.16977902 ], [ -40.25895327, -18.16969219 ], [ -40.25900176, -18.16966406 ], [ -40.25912426, -18.16959579 ], [ -40.25921342, -18.16954464 ], [ -40.25933601, -18.16947653 ], [ -40.25948987, -18.16938794 ], [ -40.2596368, -18.1693059 ], [ -40.25975833, -18.16923608 ], [ -40.25979113, -18.16921809 ], [ -40.25989618, -18.16915712 ], [ -40.26006845, -18.16906282 ], [ -40.26010893, -18.1690395 ], [ -40.26020708, -18.16898513 ], [ -40.26026321, -18.16895163 ], [ -40.26027146, -18.16894653 ] ] } },
{ "type": "Feature", "properties": { "Field": "000", "Length": 291.60039315348604, "Image": "/home/ubuntu/bemagro/data/image/Orthomosaico.tif", "Farm": "data" }, "geometry": { "type": "LineString", "coordinates": [ [ -40.26026709, -18.16893258 ], [ -40.26021988, -18.16896177 ], [ -40.26021188, -18.16896659 ], [ -40.26019569, -18.16897592 ], [ -40.26018755, -18.16898052 ], [ -40.26012199, -18.16901654 ], [ -40.26007358, -18.1690448 ], [ -40.26006544, -18.16904939 ], [ -40.26000765, -18.16908021 ], [ -40.25990112, -18.16913878 ], [ -40.25989298, -18.16914337 ], [ -40.25979635, -18.16920018 ], [ -40.25971449, -18.16924536 ], [ -40.25954397, -18.16934253 ], [ -40.2594704, -18.16938337 ], [ -40.25930827, -18.16947634 ], [ -40.2592023, -18.16953584 ], [ -40.25917755, -18.16954907 ], [ -40.25906391, -18.16961391 ], [ -40.25898216, -18.16965928 ], [ -40.25897403, -18.16966389 ], [ -40.25894179, -18.16968278 ], [ -40.25877873, -18.16977426 ], [ -40.25870598, -18.16981643 ], [ -40.25862459, -18.16986238 ], [ -40.25858433, -18.16988606 ], [ -40.25836421, -18.17000956 ], [ -40.25817767, -18.17011634 ], [ -40.2581695, -18.17012088 ], [ -40.25814477, -18.17013416 ], [ -40.2580963, -18.1701623 ], [ -40.25799036, -18.17022185 ], [ -40.25794193, -18.17025006 ], [ -40.25789693, -18.17027761 ] ] } },
{ "type": "Feature", "properties": { "Field": "000", "Length": 292.0956457439288, "Image": "/home/ubuntu/bemagro/data/image/Orthomosaico.tif", "Farm": "data" }, "geometry": { "type": "LineString", "coordinates": [ [ -40.25788903, -18.17026686 ], [ -40.25794503, -18.17023212 ], [ -40.25801795, -18.17019023 ], [ -40.25805864, -18.17016723 ], [ -40.2580998, -18.17014502 ], [ -40.25822996, -18.17007138 ], [ -40.25837582, -18.16998761 ], [ -40.2585876, -18.16986838 ], [ -40.2587414, -18.16977969 ], [ -40.25882298, -18.16973405 ], [ -40.2590017, -18.16963238 ], [ -40.2590671, -18.16959608 ], [ -40.25913997, -18.1695541 ], [ -40.25931152, -18.1694586 ], [ -40.25948187, -18.16936116 ], [ -40.25962053, -18.1692835 ], [ -40.25970139, -18.1692367 ], [ -40.25979153, -18.16918713 ], [ -40.25992869, -18.16910709 ], [ -40.25995366, -18.16909424 ], [ -40.25998609, -18.16907565 ], [ -40.26006033, -18.16903593 ], [ -40.26012513, -18.16899866 ], [ -40.26017459, -18.16897211 ], [ -40.26020705, -18.16895357 ], [ -40.26026283, -18.16891899 ] ] } },
{ "type": "Feature", "properties": { "Field": "000", "Length": 292.56051732661092, "Image": "/home/ubuntu/bemagro/data/image/Orthomosaico.tif", "Farm": "data" }, "geometry": { "type": "LineString", "coordinates": [ [ -40.25788082, -18.1702557 ], [ -40.2579284, -18.17022608 ], [ -40.25796052, -18.17020701 ], [ -40.25825375, -18.17004191 ], [ -40.25836713, -18.16997664 ], [ -40.25855446, -18.16987114 ], [ -40.25878956, -18.16973636 ], [ -40.25894439, -18.16964934 ], [ -40.25899279, -18.16962106 ], [ -40.25905004, -18.16958935 ], [ -40.25912305, -18.16954759 ], [ -40.25919699, -18.16950735 ], [ -40.25926985, -18.16946536 ], [ -40.2593191, -18.16943846 ], [ -40.25949783, -18.16933682 ], [ -40.25953809, -18.16931315 ], [ -40.25979892, -18.16916668 ], [ -40.25991999, -18.16909612 ], [ -40.25996971, -18.16907003 ], [ -40.26005157, -18.16902484 ], [ -40.26012473, -18.16898333 ], [ -40.26017395, -18.16895637 ], [ -40.26025885, -18.16890629 ] ] } },
{ "type": "Feature", "properties": { "Field": "000", "Length": 293.05188268753369, "Image": "/home/ubuntu/bemagro/data/image/Orthomosaico.tif", "Farm": "data" }, "geometry": { "type": "LineString", "coordinates": [ [ -40.2578724, -18.17024425 ], [ -40.25794479, -18.17020071 ], [ -40.25805825, -18.17013558 ], [ -40.25809114, -18.17011774 ], [ -40.2581477, -18.1700849 ], [ -40.25821301, -18.17004846 ], [ -40.25833467, -18.16997884 ], [ -40.25839217, -18.16994753 ], [ -40.25847353, -18.16990152 ], [ -40.25859494, -18.16983148 ], [ -40.25870898, -18.16976729 ], [ -40.25889496, -18.16965964 ], [ -40.25894417, -18.16963267 ], [ -40.25909862, -18.16954502 ], [ -40.2591969, -18.16949087 ], [ -40.25925356, -18.1694582 ], [ -40.25931902, -18.169422 ], [ -40.25935941, -18.16939853 ], [ -40.25946532, -18.16933894 ], [ -40.25951373, -18.1693107 ], [ -40.25962007, -18.16925181 ], [ -40.25971739, -18.16919609 ], [ -40.25973404, -18.16918753 ], [ -40.25981535, -18.16914145 ], [ -40.25991214, -18.16908488 ], [ -40.25998643, -18.16904525 ], [ -40.26009177, -18.16898476 ], [ -40.26015798, -18.16894981 ], [ -40.26024656, -18.16889775 ], [ -40.26025472, -18.16889311 ] ] } },
{ "type": "Feature", "properties": { "Field": "000", "Length": 293.56743777676274, "Image": "/home/ubuntu/bemagro/data/image/Orthomosaico.tif", "Farm": "data" }, "geometry": { "type": "LineString", "coordinates": [ [ -40.26025026, -18.16887889 ], [ -40.26023442, -18.16888788 ], [ -40.26018668, -18.16891714 ], [ -40.26017866, -18.16892193 ], [ -40.26016244, -18.16893122 ], [ -40.26015427, -18.16893576 ], [ -40.26009644, -18.16896651 ], [ -40.25998282, -18.16903137 ], [ -40.25990044, -18.1690757 ], [ -40.25989228, -18.16908026 ], [ -40.25984406, -18.1691088 ], [ -40.25976303, -18.16915534 ], [ -40.2596894, -18.16919609 ], [ -40.2596082, -18.16924237 ], [ -40.25955893, -18.16926922 ], [ -40.25932325, -18.16940308 ], [ -40.25927406, -18.16943008 ], [ -40.25919305, -18.16947665 ], [ -40.25907032, -18.16954453 ], [ -40.2588667, -18.16965922 ], [ -40.25870523, -18.16975323 ], [ -40.25858303, -18.16982199 ], [ -40.25841301, -18.16991996 ], [ -40.25824128, -18.17001515 ], [ -40.25816037, -18.17006189 ], [ -40.25803834, -18.17013092 ], [ -40.25786387, -18.17023265 ] ] } },
{ "type": "Feature", "properties": { "Field": "000", "Length": 294.10429212229064, "Image": "/home/ubuntu/bemagro/data/image/Orthomosaico.tif", "Farm": "data" }, "geometry": { "type": "LineString", "coordinates": [ [ -40.26024559, -18.16886399 ], [ -40.26015727, -18.16891724 ], [ -40.26001808, -18.16899404 ], [ -40.25994522, -18.16903603 ], [ -40.25987131, -18.16907631 ], [ -40.25980683, -18.16911408 ], [ -40.25969251, -18.16917782 ], [ -40.25965227, -18.16920153 ], [ -40.25945616, -18.16931057 ], [ -40.25941598, -18.16933437 ], [ -40.25931003, -18.16939388 ], [ -40.25924442, -18.16942984 ], [ -40.25918795, -18.16946281 ], [ -40.2591066, -18.16950884 ], [ -40.25903258, -18.16954894 ], [ -40.25898401, -18.16957694 ], [ -40.25888607, -18.16963166 ], [ -40.2587487, -18.16971138 ], [ -40.25862608, -18.16977945 ], [ -40.25855359, -18.16982202 ], [ -40.25845627, -18.16987774 ], [ -40.25821173, -18.17001504 ], [ -40.25810673, -18.17007607 ], [ -40.25804962, -18.17010802 ], [ -40.25793633, -18.17017343 ], [ -40.25785544, -18.17022119 ] ] } },
{ "type": "Feature", "properties": { "Field": "000", "Length": 294.55155244428181, "Image": "/home/ubuntu/bemagro/data/image/Orthomosaico.tif", "Farm": "data" }, "geometry": { "type": "LineString", "coordinates": [ [ -40.26024179, -18.16885185 ], [ -40.2602177, -18.16886526 ], [ -40.26016143, -18.16889854 ], [ -40.26012079, -18.16892161 ], [ -40.26003872, -18.16896645 ], [ -40.2599332, -18.16902666 ], [ -40.25984338, -18.16907676 ], [ -40.25978676, -18.1691095 ], [ -40.25969672, -18.16915922 ], [ -40.25968859, -18.16916383 ], [ -40.25964023, -18.16919216 ], [ -40.25946852, -18.16928738 ], [ -40.25937955, -18.16933884 ], [ -40.25924854, -18.16941109 ], [ -40.25910262, -18.16949476 ], [ -40.25900428, -18.1695488 ], [ -40.25890667, -18.16960406 ], [ -40.25871218, -18.16971573 ], [ -40.25858978, -18.16978417 ], [ -40.25846854, -18.16985445 ], [ -40.25840311, -18.16989071 ], [ -40.25833843, -18.16992817 ], [ -40.25817542, -18.17001972 ], [ -40.25809478, -18.17006688 ], [ -40.25797287, -18.17013611 ], [ -40.25784749, -18.17021038 ] ] } },
{ "type": "Feature", "properties": { "Field": "000", "Length": 295.05555112101882, "Image": "/home/ubuntu/bemagro/data/image/Orthomosaico.tif", "Farm": "data" }, "geometry": { "type": "LineString", "coordinates": [ [ -40.26023749, -18.16883812 ], [ -40.26010749, -18.16891307 ], [ -40.25998478, -18.16898099 ], [ -40.25987126, -18.16904603 ], [ -40.25981398, -18.16907769 ], [ -40.25978997, -18.16909212 ], [ -40.2596836, -18.16915096 ], [ -40.25961883, -18.16918827 ], [ -40.2596022, -18.16919686 ], [ -40.25950436, -18.16925174 ], [ -40.25945503, -18.16927851 ], [ -40.25938251, -18.16932103 ], [ -40.25931747, -18.16935792 ], [ -40.25923516, -18.16940236 ], [ -40.25915443, -18.16944938 ], [ -40.25883661, -18.16962799 ], [ -40.25870712, -18.16970271 ], [ -40.25858502, -18.16977163 ], [ -40.25856031, -18.16978493 ], [ -40.25852011, -18.1698087 ], [ -40.25836566, -18.16989634 ], [ -40.25834162, -18.16991072 ], [ -40.25815421, -18.17001609 ], [ -40.25810604, -18.17004471 ], [ -40.2579436, -18.1701372 ], [ -40.25783918, -18.17019908 ] ] } },
{ "type": "Feature", "properties": { "Field": "000", "Length": 295.56384190921625, "Image": "/home/ubuntu/bemagro/data/image/Orthomosaico.tif", "Farm": "data" }, "geometry": { "type": "LineString", "coordinates": [ [ -40.2602331, -18.16882413 ], [ -40.26014485, -18.16887581 ], [ -40.26000644, -18.16895388 ], [ -40.25997349, -18.16897161 ], [ -40.2599085, -18.16900857 ], [ -40.25986839, -18.16903247 ], [ -40.25986029, -18.16903714 ], [ -40.25978648, -18.16907758 ], [ -40.25972975, -18.16911015 ], [ -40.25966418, -18.16914617 ], [ -40.25960737, -18.16917859 ], [ -40.2595662, -18.1692008 ], [ -40.25946, -18.1692599 ], [ -40.2593304, -18.16933444 ], [ -40.25923209, -18.16938855 ], [ -40.25922396, -18.16939315 ], [ -40.25917563, -18.16942154 ], [ -40.25885788, -18.16960026 ], [ -40.25875226, -18.16966031 ], [ -40.25869582, -18.16969333 ], [ -40.25845151, -18.169831 ], [ -40.25830569, -18.16991483 ], [ -40.25817525, -18.16998801 ], [ -40.25807026, -18.17004907 ], [ -40.25793226, -18.1701278 ], [ -40.25792419, -18.17013251 ], [ -40.25786817, -18.17016617 ], [ -40.25786011, -18.17017089 ], [ -40.25783069, -18.17018753 ] ] } },
{ "type": "Feature", "properties": { "Field": "000", "Length": 296.03696467593653, "Image": "/home/ubuntu/bemagro/data/image/Orthomosaico.tif", "Farm": "data" }, "geometry": { "type": "LineString", "coordinates": [ [ -40.26022904, -18.16881118 ], [ -40.26014805, -18.16885797 ], [ -40.25988736, -18.16900466 ], [ -40.25984734, -18.16902871 ], [ -40.25975712, -18.16907813 ], [ -40.25960235, -18.16916525 ], [ -40.2594551, -18.16924676 ], [ -40.25930918, -18.16933044 ], [ -40.25905642, -18.16947218 ], [ -40.25894281, -18.16953707 ], [ -40.25887735, -18.16957327 ], [ -40.25867458, -18.16968932 ], [ -40.25852821, -18.16977226 ], [ -40.25847903, -18.16979928 ], [ -40.25839005, -18.16985071 ], [ -40.25830052, -18.16990128 ], [ -40.25822787, -18.16994361 ], [ -40.25817886, -18.16997088 ], [ -40.25811431, -18.17000856 ], [ -40.2580571, -18.17004035 ], [ -40.25798466, -18.170083 ], [ -40.2579034, -18.17012917 ], [ -40.25786344, -18.17015331 ], [ -40.25782268, -18.17017663 ] ] } },
{ "type": "Feature", "properties": { "Field": "000", "Length": 296.52587365136208, "Image": "/home/ubuntu/bemagro/data/image/Orthomosaico.tif", "Farm": "data" }, "geometry": { "type": "LineString", "coordinates": [ [ -40.26022486, -18.16879784 ], [ -40.26019266, -18.16881589 ], [ -40.26014431, -18.16884423 ], [ -40.25989995, -18.16898182 ], [ -40.25983539, -18.16901947 ], [ -40.25982726, -18.16902407 ], [ -40.25976155, -18.16905985 ], [ -40.25961485, -18.16914227 ], [ -40.25947568, -18.16921909 ], [ -40.25939473, -18.16926575 ], [ -40.25930495, -18.16931591 ], [ -40.25914261, -18.16940854 ], [ -40.25910157, -18.16943094 ], [ -40.25894672, -18.16951795 ], [ -40.25876027, -18.16962486 ], [ -40.25848354, -18.16978113 ], [ -40.25838639, -18.16983711 ], [ -40.25832108, -18.16987357 ], [ -40.25823224, -18.16992522 ], [ -40.25816708, -18.16996192 ], [ -40.2581106, -18.16999487 ], [ -40.25806976, -18.17001762 ], [ -40.25798104, -18.17006946 ], [ -40.25787541, -18.1701295 ], [ -40.25781436, -18.17016532 ] ] } },
{ "type": "Feature", "properties": { "Field": "000", "Length": 297.02565133460593, "Image": "/home/ubuntu/bemagro/data/image/Orthomosaico.tif", "Farm": "data" }, "geometry": { "type": "LineString", "coordinates": [ [ -40.26022063, -18.16878433 ], [ -40.26017193, -18.16881245 ], [ -40.26011464, -18.16884411 ], [ -40.26008242, -18.16886302 ], [ -40.26000869, -18.16890361 ], [ -40.25995209, -18.16893638 ], [ -40.25990306, -18.16896363 ], [ -40.25983042, -18.16900597 ], [ -40.25947884, -18.169201 ], [ -40.25936535, -18.16926609 ], [ -40.25928338, -18.1693111 ], [ -40.25924305, -18.16933466 ], [ -40.25914512, -18.16938939 ], [ -40.25908033, -18.16942668 ], [ -40.2589497, -18.16949955 ], [ -40.25889327, -18.1695326 ], [ -40.25885245, -18.16955537 ], [ -40.25872288, -18.16962997 ], [ -40.25865762, -18.16966649 ], [ -40.25858476, -18.16970849 ], [ -40.25851925, -18.16974461 ], [ -40.2583898, -18.16981938 ], [ -40.2582512, -18.16989713 ], [ -40.2580978, -18.16998645 ], [ -40.25804866, -18.17001352 ], [ -40.25797594, -18.17005574 ], [ -40.25789448, -18.17010159 ], [ -40.25780609, -18.17015408 ] ] } },
{ "type": "Feature", "properties": { "Field": "000", "Length": 297.55466343778244, "Image": "/home/ubuntu/bemagro/data/image/Orthomosaico.tif", "Farm": "data" }, "geometry": { "type": "LineString", "coordinates": [ [ -40.26021605, -18.16876972 ], [ -40.26016028, -18.16880289 ], [ -40.2599808, -18.16890332 ], [ -40.25981852, -18.16899606 ], [ -40.25945892, -18.16919587 ], [ -40.25934545, -18.16926099 ], [ -40.25924726, -18.16931529 ], [ -40.25907684, -18.1694126 ], [ -40.25903576, -18.16943496 ], [ -40.2589624, -18.16947615 ], [ -40.25887355, -18.16952779 ], [ -40.25886542, -18.1695324 ], [ -40.25883263, -18.1695504 ], [ -40.25863769, -18.16966135 ], [ -40.25858122, -18.16969432 ], [ -40.25849956, -18.16973985 ], [ -40.25838636, -18.16980539 ], [ -40.25821527, -18.16990164 ], [ -40.25811051, -18.16996305 ], [ -40.25802078, -18.17001328 ], [ -40.25797243, -18.17004163 ], [ -40.25788289, -18.17009217 ], [ -40.25779741, -18.17014226 ] ] } },
{ "type": "Feature", "properties": { "Field": "000", "Length": 298.05869962463441, "Image": "/home/ubuntu/bemagro/data/image/Orthomosaico.tif", "Farm": "data" }, "geometry": { "type": "LineString", "coordinates": [ [ -40.26021172, -18.16875593 ], [ -40.26014704, -18.16879394 ], [ -40.25996775, -18.16889469 ], [ -40.25986247, -18.16895528 ], [ -40.2597891, -18.16899646 ], [ -40.2597234, -18.16903225 ], [ -40.25964203, -18.16907826 ], [ -40.25950254, -18.16915455 ], [ -40.25934057, -18.16924776 ], [ -40.25921778, -18.16931555 ], [ -40.25902287, -18.16942655 ], [ -40.25895738, -18.1694627 ], [ -40.2588766, -18.16950964 ], [ -40.25881917, -18.16954106 ], [ -40.25871387, -18.16960163 ], [ -40.25859953, -18.16966533 ], [ -40.25851088, -18.16971729 ], [ -40.25839695, -18.16978166 ], [ -40.25821882, -18.16988428 ], [ -40.25818615, -18.16990247 ], [ -40.25811364, -18.16994501 ], [ -40.25784551, -18.17009744 ], [ -40.25778914, -18.17013103 ] ] } },
{ "type": "Feature", "properties": { "Field": "000", "Length": 298.55623643634129, "Image": "/home/ubuntu/bemagro/data/image/Orthomosaico.tif", "Farm": "data" }, "geometry": { "type": "LineString", "coordinates": [ [ -40.26020748, -18.16874238 ], [ -40.26015967, -18.16877068 ], [ -40.25994786, -18.16888986 ], [ -40.25983452, -18.16895517 ], [ -40.25979374, -18.16897802 ], [ -40.25972789, -18.16901358 ], [ -40.25955662, -18.16910952 ], [ -40.25947453, -18.16915434 ], [ -40.25932892, -18.1692385 ], [ -40.25922221, -18.16929676 ], [ -40.25900304, -18.1694218 ], [ -40.25895385, -18.1694488 ], [ -40.25889741, -18.16948183 ], [ -40.25877491, -18.16955009 ], [ -40.25871046, -18.16958791 ], [ -40.25856362, -18.16967009 ], [ -40.25852335, -18.16969375 ], [ -40.25836087, -18.16978616 ], [ -40.25818299, -18.16988916 ], [ -40.25815838, -18.16990264 ], [ -40.25811006, -18.16993103 ], [ -40.25783383, -18.1700881 ], [ -40.25778086, -18.17011976 ] ] } },
{ "type": "Feature", "properties": { "Field": "000", "Length": 299.05554544880437, "Image": "/home/ubuntu/bemagro/data/image/Orthomosaico.tif", "Farm": "data" }, "geometry": { "type": "LineString", "coordinates": [ [ -40.26020321, -18.16872875 ], [ -40.26013542, -18.16876847 ], [ -40.26003779, -18.16882369 ], [ -40.25996407, -18.16886428 ], [ -40.25982653, -18.16894373 ], [ -40.25977743, -18.16897088 ], [ -40.2597195, -18.16900145 ], [ -40.25961406, -18.16906178 ], [ -40.25946669, -18.1691431 ], [ -40.25931297, -18.1692319 ], [ -40.25920606, -18.16928984 ], [ -40.25888112, -18.16947468 ], [ -40.25879126, -18.16952471 ], [ -40.25871054, -18.16957174 ], [ -40.25857195, -18.16964951 ], [ -40.25846674, -18.16971022 ], [ -40.25837724, -18.16976083 ], [ -40.25822363, -18.1698498 ], [ -40.258118, -18.16990985 ], [ -40.25803734, -18.16995697 ], [ -40.25782594, -18.17007681 ], [ -40.25777251, -18.1701084 ] ] } },
{ "type": "Feature", "properties": { "Field": "000", "Length": 299.54688175489912, "Image": "/home/ubuntu/bemagro/data/image/Orthomosaico.tif", "Farm": "data" }, "geometry": { "type": "LineString", "coordinates": [ [ -40.260199, -18.16871532 ], [ -40.26015113, -18.16874352 ], [ -40.26014301, -18.16874816 ], [ -40.26010209, -18.16877077 ], [ -40.26002923, -18.16881276 ], [ -40.25995559, -18.16885348 ], [ -40.25994746, -18.16885809 ], [ -40.25989908, -18.16888639 ], [ -40.25980155, -18.16894178 ], [ -40.25979338, -18.16894632 ], [ -40.25970281, -18.16899515 ], [ -40.25958092, -18.16906441 ], [ -40.2594499, -18.16913666 ], [ -40.25940937, -18.16915989 ], [ -40.25935319, -18.16919332 ], [ -40.2593043, -18.16922081 ], [ -40.25920561, -18.16927427 ], [ -40.25919744, -18.16927883 ], [ -40.25915702, -18.16930224 ], [ -40.25904291, -18.16936632 ], [ -40.25895382, -18.16941758 ], [ -40.25872595, -18.16954632 ], [ -40.25867749, -18.16957449 ], [ -40.25856328, -18.16963842 ], [ -40.25844191, -18.1697085 ], [ -40.25835245, -18.16975918 ], [ -40.25801257, -18.16995535 ], [ -40.25781744, -18.17006601 ], [ -40.25776434, -18.17009729 ] ] } },
{ "type": "Feature", "properties": { "Field": "000", "Length": 300.0994568767095, "Image": "/home/ubuntu/bemagro/data/image/Orthomosaico.tif", "Farm": "data" }, "geometry": { "type": "LineString", "coordinates": [ [ -40.2601943, -18.16870035 ], [ -40.26017169, -18.1687159 ], [ -40.26015561, -18.16872541 ], [ -40.26004947, -18.16878462 ], [ -40.26002536, -18.16879889 ], [ -40.25992756, -18.16885383 ], [ -40.25978959, -18.16893259 ], [ -40.25969913, -18.16898162 ], [ -40.2596343, -18.16901885 ], [ -40.25951951, -18.16908181 ], [ -40.25945429, -18.1691184 ], [ -40.25937347, -18.16916527 ], [ -40.25932437, -18.16919241 ], [ -40.25928387, -18.16921572 ], [ -40.2592101, -18.16925623 ], [ -40.25915338, -18.16928881 ], [ -40.25907969, -18.16932946 ], [ -40.25895016, -18.1694041 ], [ -40.25884414, -18.16946351 ], [ -40.25876319, -18.16951018 ], [ -40.25872228, -18.1695328 ], [ -40.2587063, -18.16954247 ], [ -40.25862444, -18.16958766 ], [ -40.25851107, -18.16965292 ], [ -40.25848647, -18.16966642 ], [ -40.25841381, -18.16970872 ], [ -40.25835671, -18.16974069 ], [ -40.25815476, -18.16985803 ], [ -40.25808137, -18.16989918 ], [ -40.2580007, -18.16994628 ], [ -40.25791139, -18.16999719 ], [ -40.25779718, -18.17006111 ], [ -40.25775571, -18.17008556 ] ] } },
{ "type": "Feature", "properties": { "Field": "000", "Length": 300.51313882080575, "Image": "/home/ubuntu/bemagro/data/image/Orthomosaico.tif", "Farm": "data" }, "geometry": { "type": "LineString", "coordinates": [ [ -40.26019085, -18.16868934 ], [ -40.26014282, -18.16871728 ], [ -40.26013468, -18.16872188 ], [ -40.26005261, -18.16876673 ], [ -40.25993924, -18.16883199 ], [ -40.25980094, -18.16891023 ], [ -40.25969445, -18.16896886 ], [ -40.25958072, -18.16903357 ], [ -40.25949843, -18.16907804 ], [ -40.25949026, -18.16908258 ], [ -40.25936863, -18.16915225 ], [ -40.25921343, -18.16923867 ], [ -40.2591322, -18.16928489 ], [ -40.2590748, -18.16931636 ], [ -40.25894526, -18.169391 ], [ -40.25884738, -18.16944581 ], [ -40.25874228, -18.16950671 ], [ -40.25868518, -18.16953867 ], [ -40.25866037, -18.16955179 ], [ -40.25846534, -18.1696626 ], [ -40.2581822, -18.16982623 ], [ -40.25805215, -18.16990006 ], [ -40.25797965, -18.16994261 ], [ -40.25780844, -18.17003867 ], [ -40.25774728, -18.17007409 ] ] } },
{ "type": "Feature", "properties": { "Field": "000", "Length": 301.01990405220636, "Image": "/home/ubuntu/bemagro/data/image/Orthomosaico.tif", "Farm": "data" }, "geometry": { "type": "LineString", "coordinates": [ [ -40.26018651, -18.16867548 ], [ -40.26014663, -18.16869944 ], [ -40.26008887, -18.16873031 ], [ -40.26002363, -18.16876686 ], [ -40.25978839, -18.16890144 ], [ -40.25965722, -18.16897342 ], [ -40.25958422, -18.1690152 ], [ -40.25950217, -18.16906007 ], [ -40.25926645, -18.16919386 ], [ -40.2590867, -18.16929385 ], [ -40.25895688, -18.16936804 ], [ -40.25884267, -18.16943196 ], [ -40.25876218, -18.16947936 ], [ -40.25868074, -18.16952524 ], [ -40.25863148, -18.16955211 ], [ -40.25843652, -18.16966304 ], [ -40.25836387, -18.16970537 ], [ -40.25823383, -18.1697792 ], [ -40.25816143, -18.16982191 ], [ -40.25789347, -18.16997461 ], [ -40.25781982, -18.17001533 ], [ -40.25773897, -18.17006279 ] ] } },
{ "type": "Feature", "properties": { "Field": "000", "Length": 301.51864449888308, "Image": "/home/ubuntu/bemagro/data/image/Orthomosaico.tif", "Farm": "data" }, "geometry": { "type": "LineString", "coordinates": [ [ -40.26018226, -18.16866193 ], [ -40.26017447, -18.16866617 ], [ -40.26016637, -18.16867083 ], [ -40.26014246, -18.16868541 ], [ -40.26013437, -18.16869008 ], [ -40.26006033, -18.16873014 ], [ -40.26000329, -18.16876221 ], [ -40.2597924, -18.16888287 ], [ -40.25964505, -18.16896422 ], [ -40.25957198, -18.16900588 ], [ -40.25940848, -18.16909664 ], [ -40.25926247, -18.16918016 ], [ -40.25913969, -18.16924796 ], [ -40.25896886, -18.16934464 ], [ -40.25891222, -18.16937734 ], [ -40.25885496, -18.16940904 ], [ -40.25874995, -18.16947006 ], [ -40.25868483, -18.16950683 ], [ -40.25861102, -18.16954727 ], [ -40.25860291, -18.16955191 ], [ -40.25857882, -18.16956621 ], [ -40.25847315, -18.16962619 ], [ -40.25835185, -18.16969639 ], [ -40.25822974, -18.1697653 ], [ -40.25810063, -18.16984062 ], [ -40.25800292, -18.1698957 ], [ -40.25792189, -18.16994225 ], [ -40.25783209, -18.16999236 ], [ -40.25773046, -18.17005122 ] ] } },
{ "type": "Feature", "properties": { "Field": "000", "Length": 302.03565742122703, "Image": "/home/ubuntu/bemagro/data/image/Orthomosaico.tif", "Farm": "data" }, "geometry": { "type": "LineString", "coordinates": [ [ -40.26017778, -18.16864765 ], [ -40.26013755, -18.16867163 ], [ -40.2600634, -18.1687115 ], [ -40.25977932, -18.16887363 ], [ -40.25971353, -18.16890929 ], [ -40.25965684, -18.16894191 ], [ -40.25961575, -18.16896424 ], [ -40.25953455, -18.1690105 ], [ -40.25941162, -18.16907807 ], [ -40.25933892, -18.16912032 ], [ -40.25924948, -18.16917102 ], [ -40.25920019, -18.16919784 ], [ -40.25899609, -18.16931173 ], [ -40.25891542, -18.16935884 ], [ -40.25882556, -18.16940886 ], [ -40.25874489, -18.16945596 ], [ -40.25857341, -18.16955159 ], [ -40.25849273, -18.16959868 ], [ -40.25837887, -18.16966316 ], [ -40.25834675, -18.16968224 ], [ -40.25821689, -18.16975636 ], [ -40.25809589, -18.16982704 ], [ -40.2579417, -18.16991509 ], [ -40.25780318, -18.16999297 ], [ -40.25772236, -18.17004021 ] ] } },
{ "type": "Feature", "properties": { "Field": "000", "Length": 302.52299874236979, "Image": "/home/ubuntu/bemagro/data/image/Orthomosaico.tif", "Farm": "data" }, "geometry": { "type": "LineString", "coordinates": [ [ -40.2601736, -18.16863431 ], [ -40.26014181, -18.16865299 ], [ -40.26013367, -18.16865759 ], [ -40.26005146, -18.1687022 ], [ -40.25978353, -18.16885493 ], [ -40.25969347, -18.16890462 ], [ -40.25952243, -18.16900094 ], [ -40.25944039, -18.16904584 ], [ -40.25937528, -18.16908262 ], [ -40.25929451, -18.16912956 ], [ -40.25902473, -18.1692793 ], [ -40.25895974, -18.16931626 ], [ -40.25888711, -18.16935862 ], [ -40.25882997, -18.16939052 ], [ -40.25870836, -18.16946023 ], [ -40.25862642, -18.16950529 ], [ -40.25855315, -18.16954663 ], [ -40.25848877, -18.16958456 ], [ -40.25823733, -18.16972845 ], [ -40.25799488, -18.16986908 ], [ -40.25780753, -18.16997455 ], [ -40.25771401, -18.17002885 ] ] } },
{ "type": "Feature", "properties": { "Field": "000", "Length": 303.05071310305561, "Image": "/home/ubuntu/bemagro/data/image/Orthomosaico.tif", "Farm": "data" }, "geometry": { "type": "LineString", "coordinates": [ [ -40.26016903, -18.16861971 ], [ -40.26012093, -18.16864872 ], [ -40.25994125, -18.16874882 ], [ -40.25975447, -18.1688552 ], [ -40.25968897, -18.16889135 ], [ -40.25955065, -18.16896955 ], [ -40.25946844, -18.16901417 ], [ -40.25939505, -18.1690553 ], [ -40.2592816, -18.16912045 ], [ -40.25902007, -18.16926577 ], [ -40.25889055, -18.16934042 ], [ -40.25872787, -18.16943252 ], [ -40.25871191, -18.16944221 ], [ -40.25854027, -18.16953755 ], [ -40.258484, -18.16957085 ], [ -40.25831359, -18.16966818 ], [ -40.25797418, -18.1698651 ], [ -40.257811, -18.16995639 ], [ -40.25770566, -18.17001749 ] ] } },
{ "type": "Feature", "properties": { "Field": "000", "Length": 303.52133889765008, "Image": "/home/ubuntu/bemagro/data/image/Orthomosaico.tif", "Farm": "data" }, "geometry": { "type": "LineString", "coordinates": [ [ -40.26016512, -18.16860724 ], [ -40.260109, -18.16863987 ], [ -40.25993722, -18.16873499 ], [ -40.25983974, -18.16879043 ], [ -40.25978325, -18.16882337 ], [ -40.25969326, -18.16887318 ], [ -40.25962843, -18.16891041 ], [ -40.25941559, -18.16902791 ], [ -40.25933465, -18.16907458 ], [ -40.25930999, -18.16908797 ], [ -40.25919612, -18.16915244 ], [ -40.25911403, -18.16919725 ], [ -40.25906533, -18.16922503 ], [ -40.25900803, -18.16925667 ], [ -40.25891062, -18.16931224 ], [ -40.25885417, -18.16934525 ], [ -40.25875643, -18.1694003 ], [ -40.25870003, -18.16943338 ], [ -40.25853652, -18.1695241 ], [ -40.25852841, -18.16952875 ], [ -40.25850435, -18.16954309 ], [ -40.25849626, -18.16954777 ], [ -40.2584799, -18.16955683 ], [ -40.25846399, -18.16956656 ], [ -40.25828537, -18.16966839 ], [ -40.25811598, -18.16976735 ], [ -40.25807525, -18.16979027 ], [ -40.25798644, -18.16984198 ], [ -40.25778269, -18.16995643 ], [ -40.2576972, -18.17000598 ] ] } },
{ "type": "Feature", "properties": { "Field": "000", "Length": 303.97642507559476, "Image": "/home/ubuntu/bemagro/data/image/Orthomosaico.tif", "Farm": "data" }, "geometry": { "type": "LineString", "coordinates": [ [ -40.2601614, -18.16859536 ], [ -40.26013688, -18.16860804 ], [ -40.26003865, -18.16866228 ], [ -40.25984317, -18.16877236 ], [ -40.25978675, -18.1688054 ], [ -40.25966402, -18.1688733 ], [ -40.25961561, -18.16890155 ], [ -40.25945163, -18.16899151 ], [ -40.25927293, -18.1690932 ], [ -40.2590114, -18.16923853 ], [ -40.25887352, -18.16931744 ], [ -40.25883329, -18.16934116 ], [ -40.25876797, -18.16937758 ], [ -40.2586788, -18.16942872 ], [ -40.25852367, -18.16951526 ], [ -40.25841054, -18.16958091 ], [ -40.25835341, -18.16961284 ], [ -40.25810323, -18.16975871 ], [ -40.25786796, -18.16989323 ], [ -40.25778606, -18.16993835 ], [ -40.25772149, -18.16997599 ], [ -40.2576885, -18.16999416 ] ] } },
{ "type": "Feature", "properties": { "Field": "000", "Length": 304.49332742409405, "Image": "/home/ubuntu/bemagro/data/image/Orthomosaico.tif", "Farm": "data" }, "geometry": { "type": "LineString", "coordinates": [ [ -40.26015709, -18.16858161 ], [ -40.26013276, -18.16859462 ], [ -40.26012462, -18.16859921 ], [ -40.26010856, -18.16860876 ], [ -40.26010036, -18.16861324 ], [ -40.26008367, -18.16862174 ], [ -40.26000993, -18.1686623 ], [ -40.25990449, -18.16872264 ], [ -40.25984735, -18.16875455 ], [ -40.25981434, -18.16877218 ], [ -40.25980625, -18.16877685 ], [ -40.25979046, -18.16878679 ], [ -40.25978245, -18.16879158 ], [ -40.25970099, -18.16883744 ], [ -40.2596518, -18.16886443 ], [ -40.25959517, -18.16889715 ], [ -40.25945576, -18.16897356 ], [ -40.25918716, -18.16912523 ], [ -40.25899895, -18.16922928 ], [ -40.25881289, -18.16933682 ], [ -40.25856, -18.16947836 ], [ -40.25843817, -18.16954771 ], [ -40.2583981, -18.16957168 ], [ -40.25839003, -18.16957639 ], [ -40.25834933, -18.16959935 ], [ -40.25813154, -18.16972658 ], [ -40.25802573, -18.16978633 ], [ -40.25792872, -18.16984253 ], [ -40.25778185, -18.16992467 ], [ -40.25773327, -18.16995265 ], [ -40.25767952, -18.16998195 ] ] } },
{ "type": "Feature", "properties": { "Field": "000", "Length": 304.97379010295265, "Image": "/home/ubuntu/bemagro/data/image/Orthomosaico.tif", "Farm": "data" }, "geometry": { "type": "LineString", "coordinates": [ [ -40.26015314, -18.168569 ], [ -40.26012021, -18.16858582 ], [ -40.26007146, -18.16861354 ], [ -40.25999727, -18.16865334 ], [ -40.25988356, -18.16871807 ], [ -40.25980165, -18.16876318 ], [ -40.25976972, -18.16878254 ], [ -40.25965515, -18.16884587 ], [ -40.25962287, -18.16886469 ], [ -40.25944259, -18.1689638 ], [ -40.25926387, -18.16906547 ], [ -40.25906759, -18.16917424 ], [ -40.2590182, -18.16920091 ], [ -40.25880798, -18.16932263 ], [ -40.25874234, -18.16935854 ], [ -40.25866112, -18.16940477 ], [ -40.25860354, -18.16943594 ], [ -40.25849049, -18.16950172 ], [ -40.25840907, -18.16954765 ], [ -40.2583282, -18.16959443 ], [ -40.25821579, -18.16966121 ], [ -40.25810271, -18.16972693 ], [ -40.25804534, -18.16975846 ], [ -40.25791584, -18.16983315 ], [ -40.25774492, -18.16992968 ], [ -40.25767086, -18.16997016 ] ] } },
{ "type": "Feature", "properties": { "Field": "000", "Length": 305.47754327376475, "Image": "/home/ubuntu/bemagro/data/image/Orthomosaico.tif", "Farm": "data" }, "geometry": { "type": "LineString", "coordinates": [ [ -40.25766268, -18.16995904 ], [ -40.25786681, -18.16984447 ], [ -40.25797192, -18.16978361 ], [ -40.25810238, -18.16971046 ], [ -40.25836031, -18.16955937 ], [ -40.25841691, -18.1695266 ], [ -40.2584822, -18.16949011 ], [ -40.25857888, -18.16943339 ], [ -40.25868547, -18.16937493 ], [ -40.25879956, -18.16931081 ], [ -40.25892925, -18.16923642 ], [ -40.25899364, -18.1691985 ], [ -40.25926387, -18.1690495 ], [ -40.25940168, -18.16897049 ], [ -40.25952465, -18.168903 ], [ -40.25968782, -18.1688117 ], [ -40.2597698, -18.16876671 ], [ -40.25979347, -18.16875177 ], [ -40.25981767, -18.16873764 ], [ -40.25982588, -18.16873316 ], [ -40.25984252, -18.16872459 ], [ -40.25985074, -18.16872012 ], [ -40.2599157, -18.1686831 ], [ -40.26002999, -18.16861932 ], [ -40.26014876, -18.16855506 ] ] } },
{ "type": "Feature", "properties": { "Field": "000", "Length": 305.98123458136831, "Image": "/home/ubuntu/bemagro/data/image/Orthomosaico.tif", "Farm": "data" }, "geometry": { "type": "LineString", "coordinates": [ [ -40.26014444, -18.16854128 ], [ -40.26000469, -18.16861667 ], [ -40.25991499, -18.16866696 ], [ -40.25987468, -18.16869054 ], [ -40.25981684, -18.16872129 ], [ -40.25976072, -18.1687548 ], [ -40.25972826, -18.16877333 ], [ -40.25964601, -18.16881788 ], [ -40.25954857, -18.16887339 ], [ -40.25937655, -18.16896812 ], [ -40.25925495, -18.16903784 ], [ -40.25901755, -18.16916889 ], [ -40.25879051, -18.16929897 ], [ -40.25862752, -18.16939055 ], [ -40.25855356, -18.16943075 ], [ -40.25846492, -18.16948271 ], [ -40.2583511, -18.16954728 ], [ -40.25829506, -18.16958091 ], [ -40.25823828, -18.16961339 ], [ -40.25811765, -18.16968464 ], [ -40.25786615, -18.16982843 ], [ -40.25781703, -18.16985554 ], [ -40.25765432, -18.16994767 ] ] } },
{ "type": "Feature", "properties": { "Field": "000", "Length": 306.47688799959246, "Image": "/home/ubuntu/bemagro/data/image/Orthomosaico.tif", "Farm": "data" }, "geometry": { "type": "LineString", "coordinates": [ [ -40.2576461, -18.16993649 ], [ -40.25768606, -18.16991322 ], [ -40.25786536, -18.1698125 ], [ -40.25807654, -18.16969229 ], [ -40.25835054, -18.16953168 ], [ -40.25846431, -18.16946705 ], [ -40.25856121, -18.16941067 ], [ -40.25861872, -18.16937937 ], [ -40.25872431, -18.16931927 ], [ -40.25874087, -18.16931057 ], [ -40.25880583, -18.16927355 ], [ -40.25885506, -18.16924661 ], [ -40.25893581, -18.16919964 ], [ -40.25900085, -18.16916275 ], [ -40.25906645, -18.16912678 ], [ -40.2591478, -18.16908076 ], [ -40.25922987, -18.16903591 ], [ -40.25938405, -18.16894784 ], [ -40.25944937, -18.1689114 ], [ -40.25951516, -18.16887576 ], [ -40.25952333, -18.16887121 ], [ -40.25968646, -18.16877986 ], [ -40.25972668, -18.16875613 ], [ -40.25974311, -18.16874718 ], [ -40.25977618, -18.16872965 ], [ -40.25981653, -18.16870613 ], [ -40.25997138, -18.16861913 ], [ -40.25998776, -18.16861012 ], [ -40.26014016, -18.1685276 ] ] } },
{ "type": "Feature", "properties": { "Field": "000", "Length": 306.94790279860462, "Image": "/home/ubuntu/bemagro/data/image/Orthomosaico.tif", "Farm": "data" }, "geometry": { "type": "LineString", "coordinates": [ [ -40.26013614, -18.16851479 ], [ -40.25998813, -18.16859408 ], [ -40.25997995, -18.16859861 ], [ -40.25976844, -18.16871828 ], [ -40.25973541, -18.16873587 ], [ -40.25972723, -18.1687404 ], [ -40.25967039, -18.1687728 ], [ -40.25957213, -18.16882698 ], [ -40.25950711, -18.16886389 ], [ -40.2594333, -18.16890435 ], [ -40.2593273, -18.16896377 ], [ -40.25923825, -18.1690151 ], [ -40.25891157, -18.16919714 ], [ -40.25887957, -18.16921639 ], [ -40.25883091, -18.16924425 ], [ -40.25854529, -18.16940389 ], [ -40.25829394, -18.16954791 ], [ -40.25821376, -18.16959578 ], [ -40.258109, -18.1696572 ], [ -40.25801188, -18.16971322 ], [ -40.25786562, -18.16979636 ], [ -40.25777554, -18.169846 ], [ -40.25767793, -18.16990126 ], [ -40.25763764, -18.16992488 ] ] } },
{ "type": "Feature", "properties": { "Field": "000", "Length": 307.44885708617068, "Image": "/home/ubuntu/bemagro/data/image/Orthomosaico.tif", "Farm": "data" }, "geometry": { "type": "LineString", "coordinates": [ [ -40.26013198, -18.16850151 ], [ -40.25997187, -18.1685873 ], [ -40.259785, -18.16869354 ], [ -40.25967071, -18.16875733 ], [ -40.25953125, -18.16883366 ], [ -40.25943356, -18.16888878 ], [ -40.259368, -18.16892482 ], [ -40.25930336, -18.16896234 ], [ -40.25928678, -18.16897102 ], [ -40.2592058, -18.16901764 ], [ -40.25908271, -18.16908494 ], [ -40.25902601, -18.16911755 ], [ -40.25890338, -18.1691856 ], [ -40.25881478, -18.16923763 ], [ -40.25868377, -18.16930989 ], [ -40.25846459, -18.16943491 ], [ -40.25835868, -18.1694945 ], [ -40.25832658, -18.1695136 ], [ -40.25826151, -18.16955044 ], [ -40.25822166, -18.16957474 ], [ -40.25810099, -18.16964593 ], [ -40.2579876, -18.16971117 ], [ -40.25786564, -18.16978031 ], [ -40.25775935, -18.16983928 ], [ -40.25762916, -18.16991346 ] ] } },
{ "type": "Feature", "properties": { "Field": "000", "Length": 307.94303462536431, "Image": "/home/ubuntu/bemagro/data/image/Orthomosaico.tif", "Farm": "data" }, "geometry": { "type": "LineString", "coordinates": [ [ -40.26012775, -18.16848801 ], [ -40.25996332, -18.16857627 ], [ -40.25967031, -18.16874172 ], [ -40.25953081, -18.168818 ], [ -40.25943328, -18.16887338 ], [ -40.25937581, -18.16890473 ], [ -40.25918907, -18.16901118 ], [ -40.25910694, -18.16905593 ], [ -40.25899281, -18.16911997 ], [ -40.25890258, -18.16916939 ], [ -40.25880609, -18.16922641 ], [ -40.25868317, -18.16929397 ], [ -40.25854505, -18.16937251 ], [ -40.25846432, -18.16941952 ], [ -40.25837468, -18.16946991 ], [ -40.25831059, -18.16950827 ], [ -40.25822923, -18.16955429 ], [ -40.25809249, -18.169635 ], [ -40.25788977, -18.16975112 ], [ -40.2576856, -18.1698649 ], [ -40.25762087, -18.16990218 ] ] } },
{ "type": "Feature", "properties": { "Field": "000", "Length": 308.43292334182655, "Image": "/home/ubuntu/bemagro/data/image/Orthomosaico.tif", "Farm": "data" }, "geometry": { "type": "LineString", "coordinates": [ [ -40.26012358, -18.1684747 ], [ -40.26009114, -18.16849235 ], [ -40.26002483, -18.16852711 ], [ -40.25995093, -18.16856741 ], [ -40.25967407, -18.16872347 ], [ -40.25949386, -18.16882269 ], [ -40.25942076, -18.16886431 ], [ -40.25931455, -18.1689234 ], [ -40.25920094, -18.16898828 ], [ -40.25910267, -18.16904246 ], [ -40.25899672, -18.16910199 ], [ -40.25894725, -18.16912849 ], [ -40.25889818, -18.16915569 ], [ -40.25880142, -18.1692123 ], [ -40.2586057, -18.16932198 ], [ -40.25854925, -18.16935498 ], [ -40.25850017, -18.16938216 ], [ -40.25845986, -18.16940575 ], [ -40.25841097, -18.16943323 ], [ -40.25828204, -18.16950883 ], [ -40.25820068, -18.16955485 ], [ -40.25804789, -18.1696451 ], [ -40.25799083, -18.16967713 ], [ -40.2578694, -18.16974714 ], [ -40.25775472, -18.16981028 ], [ -40.25770619, -18.16983833 ], [ -40.25761261, -18.16989095 ] ] } },
{ "type": "Feature", "properties": { "Field": "000", "Length": 308.94061997797007, "Image": "/home/ubuntu/bemagro/data/image/Orthomosaico.tif", "Farm": "data" }, "geometry": { "type": "LineString", "coordinates": [ [ -40.26011924, -18.16846086 ], [ -40.26007059, -18.16848782 ], [ -40.26006236, -18.16849226 ], [ -40.2599548, -18.16854908 ], [ -40.25984914, -18.16860907 ], [ -40.25979157, -18.16864027 ], [ -40.25975127, -18.16866387 ], [ -40.25969375, -18.16869514 ], [ -40.2596371, -18.16872783 ], [ -40.25947301, -18.1688176 ], [ -40.25938395, -18.16886892 ], [ -40.25922008, -18.16895905 ], [ -40.25905783, -18.16905183 ], [ -40.25889385, -18.1691418 ], [ -40.25879736, -18.16919881 ], [ -40.25859315, -18.16931252 ], [ -40.25845574, -18.16939217 ], [ -40.25837419, -18.16943788 ], [ -40.25826161, -18.16950438 ], [ -40.25817191, -18.16955468 ], [ -40.25805948, -18.16962141 ], [ -40.25793755, -18.16969062 ], [ -40.25789744, -18.16971451 ], [ -40.25780799, -18.1697652 ], [ -40.25771765, -18.16981443 ], [ -40.25762852, -18.16986562 ], [ -40.25762044, -18.16987032 ], [ -40.25760463, -18.16988009 ] ] } },
{ "type": "Feature", "properties": { "Field": "000", "Length": 309.43862536010863, "Image": "/home/ubuntu/bemagro/data/image/Orthomosaico.tif", "Farm": "data" }, "geometry": { "type": "LineString", "coordinates": [ [ -40.26011491, -18.16844704 ], [ -40.26007465, -18.16846981 ], [ -40.26006642, -18.16847427 ], [ -40.26000832, -18.16850454 ], [ -40.25993432, -18.16854467 ], [ -40.25962451, -18.16871847 ], [ -40.25944418, -18.1688175 ], [ -40.25934659, -18.16887278 ], [ -40.25922379, -18.16894055 ], [ -40.25906966, -18.1690287 ], [ -40.25886525, -18.16914208 ], [ -40.25885714, -18.16914673 ], [ -40.25877669, -18.16919418 ], [ -40.25876857, -18.1691988 ], [ -40.25869487, -18.16923943 ], [ -40.25862179, -18.16928107 ], [ -40.25855636, -18.16931733 ], [ -40.25849998, -18.16935045 ], [ -40.25836181, -18.1694289 ], [ -40.25823275, -18.16950428 ], [ -40.25822461, -18.16950888 ], [ -40.2581918, -18.16952685 ], [ -40.25818367, -18.16953147 ], [ -40.25807901, -18.16959303 ], [ -40.25789234, -18.1696996 ], [ -40.25784417, -18.16972822 ], [ -40.25783607, -18.16973288 ], [ -40.25772159, -18.16979635 ], [ -40.25759611, -18.16986851 ] ] } },
{ "type": "Feature", "properties": { "Field": "000", "Length": 309.96230111347984, "Image": "/home/ubuntu/bemagro/data/image/Orthomosaico.tif", "Farm": "data" }, "geometry": { "type": "LineString", "coordinates": [ [ -40.26011056, -18.16843317 ], [ -40.25998723, -18.16849911 ], [ -40.25979928, -18.1686036 ], [ -40.25972625, -18.16864532 ], [ -40.25966087, -18.16868165 ], [ -40.25956237, -18.16873544 ], [ -40.25945617, -18.16879455 ], [ -40.25936564, -18.16884346 ], [ -40.25933331, -18.1688622 ], [ -40.25917835, -18.16894901 ], [ -40.25909776, -18.16899625 ], [ -40.25886074, -18.16912793 ], [ -40.25878024, -18.16917531 ], [ -40.25869002, -18.16922472 ], [ -40.25847925, -18.16934558 ], [ -40.25832462, -18.16943293 ], [ -40.25822804, -18.16948981 ], [ -40.25815468, -18.169531 ], [ -40.25808239, -18.16957388 ], [ -40.25796874, -18.16963872 ], [ -40.25783973, -18.16971419 ], [ -40.25765174, -18.16981861 ], [ -40.25758661, -18.16985558 ] ] } },
{ "type": "Feature", "properties": { "Field": "000", "Length": 310.40462656827191, "Image": "/home/ubuntu/bemagro/data/image/Orthomosaico.tif", "Farm": "data" }, "geometry": { "type": "LineString", "coordinates": [ [ -40.26010587, -18.16841986 ], [ -40.26004838, -18.16845025 ], [ -40.25992522, -18.16851743 ], [ -40.25963167, -18.16868201 ], [ -40.2595412, -18.168731 ], [ -40.25943499, -18.1687901 ], [ -40.25932009, -18.16885288 ], [ -40.25920615, -18.16891723 ], [ -40.25909286, -18.16898263 ], [ -40.25892166, -18.1690787 ], [ -40.25886421, -18.16911009 ], [ -40.25885608, -18.1691147 ], [ -40.25877543, -18.16916184 ], [ -40.25866895, -18.16922048 ], [ -40.25853133, -18.16929981 ], [ -40.25843359, -18.16935486 ], [ -40.25821499, -18.1694808 ], [ -40.25813358, -18.16952673 ], [ -40.25806941, -18.16956499 ], [ -40.25793175, -18.16964425 ], [ -40.25786756, -18.16968247 ], [ -40.25785945, -18.16968711 ], [ -40.25763873, -18.16980964 ], [ -40.25757823, -18.16984419 ] ] } },
{ "type": "Feature", "properties": { "Field": "000", "Length": 310.77939957973888, "Image": "/home/ubuntu/bemagro/data/image/Orthomosaico.tif", "Farm": "data" }, "geometry": { "type": "LineString", "coordinates": [ [ -40.26010023, -18.16840623 ], [ -40.26007569, -18.16841889 ], [ -40.26005966, -18.16842847 ], [ -40.2599281, -18.1684998 ], [ -40.25981417, -18.16856418 ], [ -40.25975669, -18.16859551 ], [ -40.25965932, -18.16865115 ], [ -40.25951145, -18.16873162 ], [ -40.25942158, -18.16878163 ], [ -40.25929029, -18.16885342 ], [ -40.25920897, -18.16889949 ], [ -40.25911193, -18.16895566 ], [ -40.25900577, -18.16901482 ], [ -40.25890827, -18.16907025 ], [ -40.25884272, -18.1691063 ], [ -40.25876207, -18.16915345 ], [ -40.25866385, -18.1692077 ], [ -40.25852632, -18.16928717 ], [ -40.25837949, -18.16936938 ], [ -40.25830691, -18.16941181 ], [ -40.25825797, -18.16943921 ], [ -40.25821784, -18.16946308 ], [ -40.25812839, -18.16951378 ], [ -40.2580481, -18.16956147 ], [ -40.25781366, -18.16969731 ], [ -40.25771527, -18.16975127 ], [ -40.25757008, -18.1698331 ] ] } },
{ "type": "Feature", "properties": { "Field": "000", "Length": 311.14605733113251, "Image": "/home/ubuntu/bemagro/data/image/Orthomosaico.tif", "Farm": "data" }, "geometry": { "type": "LineString", "coordinates": [ [ -40.26009461, -18.16839265 ], [ -40.25998051, -18.16845585 ], [ -40.25989822, -18.16850032 ], [ -40.25983344, -18.16853762 ], [ -40.25974323, -18.16858706 ], [ -40.25967027, -18.16862889 ], [ -40.25966209, -18.16863342 ], [ -40.25926858, -18.1688494 ], [ -40.25907401, -18.16896093 ], [ -40.25899225, -18.16900629 ], [ -40.25889483, -18.16906185 ], [ -40.25883746, -18.16909337 ], [ -40.25874866, -18.1691451 ], [ -40.25867485, -18.16918554 ], [ -40.25851302, -18.16927899 ], [ -40.25841491, -18.16933342 ], [ -40.25828546, -18.1694082 ], [ -40.25823656, -18.16943568 ], [ -40.25822069, -18.1694455 ], [ -40.2582126, -18.16945017 ], [ -40.25812319, -18.16950093 ], [ -40.25796214, -18.16959559 ], [ -40.2578083, -18.1696842 ], [ -40.25762835, -18.16978387 ], [ -40.25756199, -18.1698221 ] ] } },
{ "type": "Feature", "properties": { "Field": "000", "Length": 311.51828161531733, "Image": "/home/ubuntu/bemagro/data/image/Orthomosaico.tif", "Farm": "data" }, "geometry": { "type": "LineString", "coordinates": [ [ -40.25755388, -18.16981108 ], [ -40.25770803, -18.16972232 ], [ -40.25775731, -18.16969547 ], [ -40.25787936, -18.16962648 ], [ -40.25801705, -18.16954726 ], [ -40.25812166, -18.16948561 ], [ -40.25824327, -18.1694159 ], [ -40.25831666, -18.16937475 ], [ -40.25840536, -18.16932288 ], [ -40.2585033, -18.16926816 ], [ -40.25866526, -18.16917493 ], [ -40.25873088, -18.16913899 ], [ -40.2588035, -18.16909662 ], [ -40.25887713, -18.16905587 ], [ -40.2589581, -18.16900924 ], [ -40.2590399, -18.16896394 ], [ -40.25923458, -18.16885257 ], [ -40.25925926, -18.16883922 ], [ -40.25929157, -18.16882044 ], [ -40.25938207, -18.16877149 ], [ -40.25944713, -18.16873464 ], [ -40.2596523, -18.16862251 ], [ -40.25974168, -18.16857172 ], [ -40.25982379, -18.16852695 ], [ -40.25989677, -18.16848514 ], [ -40.25997911, -18.16844075 ], [ -40.26008892, -18.1683789 ] ] } },
{ "type": "Feature", "properties": { "Field": "000", "Length": 311.87429914995215, "Image": "/home/ubuntu/bemagro/data/image/Orthomosaico.tif", "Farm": "data" }, "geometry": { "type": "LineString", "coordinates": [ [ -40.25754571, -18.16979996 ], [ -40.25763393, -18.16974821 ], [ -40.25778072, -18.16966593 ], [ -40.25799977, -18.16954071 ], [ -40.25824214, -18.16939994 ], [ -40.25829124, -18.1693728 ], [ -40.258372, -18.16932584 ], [ -40.25847792, -18.16926626 ], [ -40.25864002, -18.16917325 ], [ -40.25870554, -18.16913714 ], [ -40.25879447, -18.16908563 ], [ -40.25882749, -18.16906802 ], [ -40.25895707, -18.16899345 ], [ -40.25906324, -18.16893429 ], [ -40.25920917, -18.16885063 ], [ -40.25931526, -18.16879134 ], [ -40.25938113, -18.16875583 ], [ -40.25946264, -18.16871005 ], [ -40.25964317, -18.16861136 ], [ -40.25976518, -18.16854229 ], [ -40.25986344, -18.16848811 ], [ -40.25990403, -18.16846495 ], [ -40.25997009, -18.16842977 ], [ -40.26008359, -18.16836603 ] ] } },
{ "type": "Feature", "properties": { "Field": "000", "Length": 312.27535445172833, "Image": "/home/ubuntu/bemagro/data/image/Orthomosaico.tif", "Farm": "data" }, "geometry": { "type": "LineString", "coordinates": [ [ -40.25753704, -18.16978823 ], [ -40.25763398, -18.16973105 ], [ -40.25776444, -18.16965789 ], [ -40.25795883, -18.16954606 ], [ -40.25799252, -18.16952775 ], [ -40.25812145, -18.1694539 ], [ -40.25822631, -18.16939263 ], [ -40.25829173, -18.16935637 ], [ -40.2583563, -18.16931874 ], [ -40.25846227, -18.16925925 ], [ -40.25852663, -18.16922128 ], [ -40.25872211, -18.16911121 ], [ -40.25877034, -18.16908268 ], [ -40.25886033, -18.16903287 ], [ -40.2589331, -18.16899073 ], [ -40.25912862, -18.16888073 ], [ -40.25918506, -18.1688477 ], [ -40.25947948, -18.16868454 ], [ -40.2596517, -18.16859017 ], [ -40.25979825, -18.16850751 ], [ -40.25983944, -18.16848534 ], [ -40.25992095, -18.16843958 ], [ -40.26004908, -18.16836979 ], [ -40.26005301, -18.16836729 ], [ -40.26005763, -18.16836378 ], [ -40.26006107, -18.16836139 ], [ -40.26007775, -18.16835193 ] ] } },
{ "type": "Feature", "properties": { "Field": "000", "Length": 312.65476639921002, "Image": "/home/ubuntu/bemagro/data/image/Orthomosaico.tif", "Farm": "data" }, "geometry": { "type": "LineString", "coordinates": [ [ -40.25752837, -18.16977651 ], [ -40.25761732, -18.16972415 ], [ -40.25779625, -18.16962283 ], [ -40.25785266, -18.16958976 ], [ -40.2579501, -18.16953424 ], [ -40.25801561, -18.16949812 ], [ -40.25808831, -18.16945587 ], [ -40.25813727, -18.1694285 ], [ -40.25823406, -18.16937194 ], [ -40.25828325, -18.16934495 ], [ -40.25833176, -18.16931686 ], [ -40.25841334, -18.1692712 ], [ -40.25852622, -18.16920515 ], [ -40.2585509, -18.1691918 ], [ -40.25863196, -18.16914532 ], [ -40.25870562, -18.16910461 ], [ -40.25876995, -18.1690666 ], [ -40.25906322, -18.16890157 ], [ -40.25920091, -18.16882236 ], [ -40.25934024, -18.1687458 ], [ -40.25948719, -18.16866381 ], [ -40.25971687, -18.16853804 ], [ -40.25978165, -18.16850074 ], [ -40.25983094, -18.16847391 ], [ -40.25991236, -18.168428 ], [ -40.26003569, -18.16836111 ], [ -40.26004368, -18.16835628 ], [ -40.26004974, -18.1683516 ], [ -40.26005326, -18.16834934 ], [ -40.26007224, -18.16833862 ] ] } },
{ "type": "Feature", "properties": { "Field": "000", "Length": 312.99519624073582, "Image": "/home/ubuntu/bemagro/data/image/Orthomosaico.tif", "Farm": "data" }, "geometry": { "type": "LineString", "coordinates": [ [ -40.25751987, -18.16976501 ], [ -40.25759249, -18.16972202 ], [ -40.25769837, -18.16966239 ], [ -40.25785193, -18.16957333 ], [ -40.25801496, -18.16948181 ], [ -40.25807148, -18.16944891 ], [ -40.25813678, -18.16941245 ], [ -40.25823367, -18.16935606 ], [ -40.25828265, -18.16932871 ], [ -40.25833924, -18.16929594 ], [ -40.25842089, -18.16925039 ], [ -40.25850966, -18.16919862 ], [ -40.25863967, -18.16912474 ], [ -40.25868881, -18.16909767 ], [ -40.25875335, -18.16905998 ], [ -40.25890773, -18.16897223 ], [ -40.25898955, -18.16892698 ], [ -40.25916783, -18.16882461 ], [ -40.25955246, -18.168612 ], [ -40.25965818, -18.16855211 ], [ -40.25966638, -18.16854762 ], [ -40.25969154, -18.16853512 ], [ -40.25969983, -18.16853079 ], [ -40.25988729, -18.16842549 ], [ -40.2600108, -18.16835891 ], [ -40.26001897, -18.16835437 ], [ -40.26006729, -18.16832667 ] ] } },
{ "type": "Feature", "properties": { "Field": "000", "Length": 313.36000649397221, "Image": "/home/ubuntu/bemagro/data/image/Orthomosaico.tif", "Farm": "data" }, "geometry": { "type": "LineString", "coordinates": [ [ -40.26006194, -18.16831376 ], [ -40.26000211, -18.1683479 ], [ -40.25991958, -18.16839196 ], [ -40.25978843, -18.16846398 ], [ -40.25973166, -18.16849647 ], [ -40.25964942, -18.16854104 ], [ -40.2595519, -18.16859644 ], [ -40.25946984, -18.16864129 ], [ -40.25936395, -18.16870091 ], [ -40.25929791, -18.16873614 ], [ -40.25924093, -18.16876829 ], [ -40.25917526, -18.16880415 ], [ -40.25907765, -18.1688594 ], [ -40.25897262, -18.16892039 ], [ -40.2588502, -18.1689888 ], [ -40.2588261, -18.16900308 ], [ -40.2587447, -18.16904904 ], [ -40.25870463, -18.169073 ], [ -40.2585983, -18.16913189 ], [ -40.25847662, -18.16920148 ], [ -40.25843662, -18.16922556 ], [ -40.25832228, -18.16928926 ], [ -40.25813616, -18.16939671 ], [ -40.25806266, -18.16943766 ], [ -40.25796548, -18.16949361 ], [ -40.25784314, -18.16956214 ], [ -40.25771403, -18.16963745 ], [ -40.25760011, -18.16970183 ], [ -40.25751162, -18.16975385 ] ] } },
{ "type": "Feature", "properties": { "Field": "000", "Length": 313.70917384567974, "Image": "/home/ubuntu/bemagro/data/image/Orthomosaico.tif", "Farm": "data" }, "geometry": { "type": "LineString", "coordinates": [ [ -40.2600569, -18.16830158 ], [ -40.25999183, -18.16833751 ], [ -40.25985999, -18.16840836 ], [ -40.2597618, -18.16846268 ], [ -40.25959881, -18.16855426 ], [ -40.25945962, -18.16863104 ], [ -40.25938648, -18.16867258 ], [ -40.25926321, -18.16873957 ], [ -40.25910807, -18.16882608 ], [ -40.25894622, -18.1689195 ], [ -40.25884827, -18.16897419 ], [ -40.25875087, -18.16902979 ], [ -40.25870257, -18.16905822 ], [ -40.25858821, -18.16912188 ], [ -40.25839409, -18.16923415 ], [ -40.25835309, -18.16925662 ], [ -40.25826407, -18.16930799 ], [ -40.25825594, -18.1693126 ], [ -40.25823125, -18.16932594 ], [ -40.25813417, -18.16938204 ], [ -40.25802823, -18.16944158 ], [ -40.25795532, -18.16948349 ], [ -40.25783296, -18.16955199 ], [ -40.25763925, -18.16966488 ], [ -40.25750307, -18.16974229 ] ] } },
{ "type": "Feature", "properties": { "Field": "000", "Length": 314.07140605288674, "Image": "/home/ubuntu/bemagro/data/image/Orthomosaico.tif", "Farm": "data" }, "geometry": { "type": "LineString", "coordinates": [ [ -40.26005147, -18.16828847 ], [ -40.25977269, -18.16844044 ], [ -40.25968342, -18.16849142 ], [ -40.2594544, -18.16861827 ], [ -40.25939762, -18.16865075 ], [ -40.25915158, -18.16878557 ], [ -40.25889227, -18.16893447 ], [ -40.25879439, -18.16898929 ], [ -40.25867293, -18.16905924 ], [ -40.25859935, -18.16910006 ], [ -40.25843764, -18.1691937 ], [ -40.25835609, -18.1692394 ], [ -40.25822658, -18.16931409 ], [ -40.25819378, -18.16933207 ], [ -40.25816154, -18.16935096 ], [ -40.25802336, -18.16942939 ], [ -40.25784389, -18.16952984 ], [ -40.25756118, -18.16969416 ], [ -40.25749506, -18.16973146 ] ] } },
{ "type": "Feature", "properties": { "Field": "000", "Length": 314.46051937309932, "Image": "/home/ubuntu/bemagro/data/image/Orthomosaico.tif", "Farm": "data" }, "geometry": { "type": "LineString", "coordinates": [ [ -40.26004576, -18.16827467 ], [ -40.2600055, -18.16829746 ], [ -40.25984941, -18.1683824 ], [ -40.25977582, -18.1684232 ], [ -40.2596701, -18.1684831 ], [ -40.25952264, -18.16856427 ], [ -40.25939255, -18.16863802 ], [ -40.25929376, -18.16869132 ], [ -40.25913827, -18.16877726 ], [ -40.25903317, -18.16883813 ], [ -40.25902506, -18.16884279 ], [ -40.25900046, -18.16885627 ], [ -40.25887084, -18.16893078 ], [ -40.25879716, -18.16897144 ], [ -40.25870021, -18.16902774 ], [ -40.25859413, -18.16908705 ], [ -40.25840826, -18.16919489 ], [ -40.25830223, -18.16925427 ], [ -40.25819712, -18.16931514 ], [ -40.25817241, -18.16932844 ], [ -40.25801814, -18.16941637 ], [ -40.25797708, -18.16943875 ], [ -40.25778989, -18.16954448 ], [ -40.25759635, -18.16965765 ], [ -40.25748627, -18.16971956 ] ] } },
{ "type": "Feature", "properties": { "Field": "000", "Length": 313.98761466351328, "Image": "/home/ubuntu/bemagro/data/image/Orthomosaico.tif", "Farm": "data" }, "geometry": { "type": "LineString", "coordinates": [ [ -40.26003333, -18.16826522 ], [ -40.25980466, -18.16839142 ], [ -40.2597071, -18.16844674 ], [ -40.25963319, -18.16848702 ], [ -40.2595845, -18.16851483 ], [ -40.25951079, -18.16855544 ], [ -40.25940532, -18.16861575 ], [ -40.25926537, -18.16869125 ], [ -40.25914269, -18.16875923 ], [ -40.25905394, -18.16881103 ], [ -40.25900515, -18.16883866 ], [ -40.25897228, -18.16885653 ], [ -40.25887503, -18.16891236 ], [ -40.25877718, -18.16896722 ], [ -40.25876907, -18.16897186 ], [ -40.25873697, -18.16899096 ], [ -40.25856591, -18.16908725 ], [ -40.2584612, -18.16914875 ], [ -40.25839635, -18.16918593 ], [ -40.25829033, -18.16924535 ], [ -40.25821754, -18.16928744 ], [ -40.25815208, -18.16932365 ], [ -40.25801412, -18.16940243 ], [ -40.25794048, -18.16944317 ], [ -40.25780224, -18.1695215 ], [ -40.25760851, -18.16963437 ], [ -40.25747769, -18.16970796 ] ] } },
{ "type": "Feature", "properties": { "Field": "000", "Length": 312.69571781949742, "Image": "/home/ubuntu/bemagro/data/image/Orthomosaico.tif", "Farm": "data" }, "geometry": { "type": "LineString", "coordinates": [ [ -40.26001409, -18.1682597 ], [ -40.25994875, -18.16829485 ], [ -40.25989208, -18.1683275 ], [ -40.25981855, -18.16836841 ], [ -40.25978552, -18.16838601 ], [ -40.2597043, -18.16843224 ], [ -40.2596223, -18.1684772 ], [ -40.25950059, -18.16854676 ], [ -40.25939462, -18.16860625 ], [ -40.25938645, -18.16861078 ], [ -40.25928748, -18.16866378 ], [ -40.25914823, -18.16874047 ], [ -40.25905924, -18.16879188 ], [ -40.25905113, -18.16879652 ], [ -40.25900207, -18.16882373 ], [ -40.25893729, -18.16886104 ], [ -40.25874155, -18.16897069 ], [ -40.25840168, -18.16916689 ], [ -40.25828761, -18.16923103 ], [ -40.25821482, -18.16927314 ], [ -40.25816554, -18.16929998 ], [ -40.25805997, -18.16936011 ], [ -40.25792906, -18.16943253 ], [ -40.257816, -18.16949829 ], [ -40.25754808, -18.16965105 ], [ -40.25749906, -18.16967832 ], [ -40.25746779, -18.16969457 ] ] } },
{ "type": "Feature", "properties": { "Field": "000", "Length": 311.30938769883716, "Image": "/home/ubuntu/bemagro/data/image/Orthomosaico.tif", "Farm": "data" }, "geometry": { "type": "LineString", "coordinates": [ [ -40.25745987, -18.16968386 ], [ -40.25749339, -18.16966597 ], [ -40.25763936, -18.16958239 ], [ -40.25770481, -18.16954616 ], [ -40.25794771, -18.16940623 ], [ -40.25805405, -18.16934735 ], [ -40.25834698, -18.16918177 ], [ -40.25846071, -18.16911706 ], [ -40.25850898, -18.1690886 ], [ -40.25852548, -18.16907978 ], [ -40.25867079, -18.16899514 ], [ -40.25875999, -18.16894405 ], [ -40.25893146, -18.16884843 ], [ -40.25900426, -18.16880634 ], [ -40.25906971, -18.16877012 ], [ -40.25912622, -18.16873722 ], [ -40.25928996, -18.16864685 ], [ -40.25935609, -18.16861179 ], [ -40.25947876, -18.1685438 ], [ -40.2596245, -18.16845985 ], [ -40.25969032, -18.16842425 ], [ -40.25975499, -18.16838677 ], [ -40.25982086, -18.16835126 ], [ -40.25991057, -18.16830098 ], [ -40.25995077, -18.16827722 ], [ -40.25999398, -18.16825393 ] ] } },
{ "type": "Feature", "properties": { "Field": "000", "Length": 309.98182685997699, "Image": "/home/ubuntu/bemagro/data/image/Orthomosaico.tif", "Farm": "data" }, "geometry": { "type": "LineString", "coordinates": [ [ -40.2574522, -18.16967349 ], [ -40.25763095, -18.169571 ], [ -40.25772892, -18.16951633 ], [ -40.25793945, -18.16939509 ], [ -40.25798866, -18.16936813 ], [ -40.25810253, -18.16930365 ], [ -40.2581672, -18.16926617 ], [ -40.25822458, -18.16923468 ], [ -40.2583055, -18.16918796 ], [ -40.25842784, -18.16911943 ], [ -40.25857384, -18.16903589 ], [ -40.25868675, -18.16896989 ], [ -40.25875984, -18.16892826 ], [ -40.2588988, -18.16885111 ], [ -40.25895537, -18.16881829 ], [ -40.25906173, -18.16875943 ], [ -40.25913451, -18.16871731 ], [ -40.2592079, -18.16867617 ], [ -40.25930638, -18.16862235 ], [ -40.25934787, -18.16860072 ], [ -40.25941332, -18.1685645 ], [ -40.25954348, -18.16849085 ], [ -40.25959193, -18.16846266 ], [ -40.25967396, -18.16841775 ], [ -40.25975498, -18.1683712 ], [ -40.2597961, -18.16834891 ], [ -40.25989305, -18.16829438 ], [ -40.25993934, -18.16826628 ], [ -40.25994353, -18.16826421 ], [ -40.25994813, -18.16826242 ], [ -40.25995197, -18.1682607 ], [ -40.25997464, -18.16824838 ] ] } },
{ "type": "Feature", "properties": { "Field": "000", "Length": 308.45979125833946, "Image": "/home/ubuntu/bemagro/data/image/Orthomosaico.tif", "Farm": "data" }, "geometry": { "type": "LineString", "coordinates": [ [ -40.25995261, -18.16824205 ], [ -40.25991372, -18.16826669 ], [ -40.25990574, -18.16827153 ], [ -40.25988958, -18.16828092 ], [ -40.25988141, -18.16828547 ], [ -40.25984015, -18.1683075 ], [ -40.25983197, -18.16831203 ], [ -40.25971024, -18.16838155 ], [ -40.25957133, -18.16845879 ], [ -40.25953925, -18.16847793 ], [ -40.2594092, -18.16855174 ], [ -40.25935181, -18.16858323 ], [ -40.2592443, -18.16864013 ], [ -40.25921151, -18.16865814 ], [ -40.25920341, -18.16866279 ], [ -40.25917933, -18.16867712 ], [ -40.25917121, -18.16868175 ], [ -40.25913021, -18.16870422 ], [ -40.25912209, -18.16870885 ], [ -40.25908182, -18.16873251 ], [ -40.25888625, -18.16884244 ], [ -40.25885337, -18.16886029 ], [ -40.25884525, -18.16886491 ], [ -40.25882118, -18.16887925 ], [ -40.25881303, -18.16888382 ], [ -40.25877175, -18.16890583 ], [ -40.2587228, -18.16893323 ], [ -40.25866646, -18.1689664 ], [ -40.25862566, -18.16898922 ], [ -40.25852907, -18.16904608 ], [ -40.25837462, -18.16913371 ], [ -40.25829281, -18.169179 ], [ -40.25828472, -18.16918366 ], [ -40.25825266, -18.16920282 ], [ -40.25824455, -18.16920747 ], [ -40.25817911, -18.16924371 ], [ -40.25810631, -18.16928579 ], [ -40.25804893, -18.1693173 ], [ -40.2579762, -18.16935949 ], [ -40.25791073, -18.16939569 ], [ -40.25774892, -18.16948916 ], [ -40.25763455, -18.16955281 ], [ -40.25756199, -18.16959528 ], [ -40.25751299, -18.16962258 ], [ -40.25744399, -18.16966239 ] ] } },
{ "type": "Feature", "properties": { "Field": "000", "Length": 307.18021557089611, "Image": "/home/ubuntu/bemagro/data/image/Orthomosaico.tif", "Farm": "data" }, "geometry": { "type": "LineString", "coordinates": [ [ -40.25993387, -18.16823657 ], [ -40.25992434, -18.16824189 ], [ -40.25990102, -18.16825733 ], [ -40.25981123, -18.16830746 ], [ -40.25946181, -18.16850599 ], [ -40.25935548, -18.16856489 ], [ -40.2592237, -18.16863585 ], [ -40.25906949, -18.16872388 ], [ -40.2590365, -18.16874154 ], [ -40.25884088, -18.16885139 ], [ -40.25881675, -18.16886563 ], [ -40.25875935, -18.1688971 ], [ -40.25865405, -18.16895768 ], [ -40.25862937, -18.16897102 ], [ -40.25852463, -18.16903247 ], [ -40.25828856, -18.1691657 ], [ -40.25811005, -18.1692677 ], [ -40.25802018, -18.1693177 ], [ -40.2579799, -18.16934135 ], [ -40.25780883, -18.16943762 ], [ -40.2577523, -18.1694705 ], [ -40.25767053, -18.16951585 ], [ -40.25753309, -18.16959546 ], [ -40.2574353, -18.16965064 ] ] } },
{ "type": "Feature", "properties": { "Field": "000", "Length": 306.18467134996865, "Image": "/home/ubuntu/bemagro/data/image/Orthomosaico.tif", "Farm": "data" }, "geometry": { "type": "LineString", "coordinates": [ [ -40.25991785, -18.16823039 ], [ -40.25987639, -18.16825533 ], [ -40.25981922, -18.16828718 ], [ -40.25978694, -18.16830601 ], [ -40.25972961, -18.16833759 ], [ -40.25965685, -18.16837974 ], [ -40.25952648, -18.16845305 ], [ -40.25946997, -18.16848596 ], [ -40.25922355, -18.16862015 ], [ -40.25906924, -18.168708 ], [ -40.25901186, -18.1687395 ], [ -40.25886537, -18.16882227 ], [ -40.2587591, -18.16888126 ], [ -40.25853226, -18.16901164 ], [ -40.25845874, -18.16905257 ], [ -40.25833727, -18.1691225 ], [ -40.25819075, -18.16920521 ], [ -40.25815052, -18.16922893 ], [ -40.25806042, -18.16927855 ], [ -40.25800393, -18.16931149 ], [ -40.25786577, -18.16938996 ], [ -40.25762957, -18.16952298 ], [ -40.25753275, -18.16957949 ], [ -40.25747564, -18.16961144 ], [ -40.25742716, -18.16963962 ] ] } },
{ "type": "Feature", "properties": { "Field": "000", "Length": 305.07118595889506, "Image": "/home/ubuntu/bemagro/data/image/Orthomosaico.tif", "Farm": "data" }, "geometry": { "type": "LineString", "coordinates": [ [ -40.2599, -18.16822351 ], [ -40.25988327, -18.16823289 ], [ -40.25985145, -18.16825241 ], [ -40.25976981, -18.16829798 ], [ -40.25962429, -18.16838227 ], [ -40.25952634, -18.16843697 ], [ -40.25946161, -18.16847436 ], [ -40.25940385, -18.16850523 ], [ -40.25919921, -18.16861822 ], [ -40.25915063, -18.1686462 ], [ -40.258914, -18.16877853 ], [ -40.25884093, -18.16882018 ], [ -40.25871822, -18.16888811 ], [ -40.25858916, -18.16896349 ], [ -40.25836915, -18.16908718 ], [ -40.25829642, -18.16912939 ], [ -40.25821461, -18.16917466 ], [ -40.25811755, -18.16923079 ], [ -40.25804402, -18.1692717 ], [ -40.25797957, -18.16930952 ], [ -40.25775148, -18.16943789 ], [ -40.25768684, -18.16947542 ], [ -40.25760509, -18.1695208 ], [ -40.25754044, -18.16955831 ], [ -40.25750047, -18.16958242 ], [ -40.25741897, -18.16962855 ] ] } },
{ "type": "Feature", "properties": { "Field": "000", "Length": 303.98007640121119, "Image": "/home/ubuntu/bemagro/data/image/Orthomosaico.tif", "Farm": "data" }, "geometry": { "type": "LineString", "coordinates": [ [ -40.25988256, -18.16821679 ], [ -40.25985911, -18.16823161 ], [ -40.25980235, -18.16826412 ], [ -40.25976134, -18.16828659 ], [ -40.25961589, -18.168371 ], [ -40.25958305, -18.16838892 ], [ -40.25955888, -18.16840311 ], [ -40.25945292, -18.16846261 ], [ -40.25937876, -18.16850247 ], [ -40.25930551, -18.16854383 ], [ -40.2591745, -18.16861608 ], [ -40.25910152, -18.16865788 ], [ -40.25904413, -18.16868937 ], [ -40.258922, -18.16875825 ], [ -40.25884908, -18.16880015 ], [ -40.2586936, -18.1688861 ], [ -40.25855647, -18.1689662 ], [ -40.25853993, -18.16897495 ], [ -40.25828793, -18.16911795 ], [ -40.25819804, -18.16916791 ], [ -40.25814147, -18.16920073 ], [ -40.25805993, -18.16924644 ], [ -40.25796303, -18.16930283 ], [ -40.25791395, -18.16933001 ], [ -40.25781673, -18.16938588 ], [ -40.25775945, -18.16941756 ], [ -40.2576785, -18.16946422 ], [ -40.25762112, -18.16949573 ], [ -40.25754821, -18.16953764 ], [ -40.25748413, -18.16957603 ], [ -40.25741124, -18.16961809 ] ] } },
{ "type": "Feature", "properties": { "Field": "000", "Length": 303.03364568825975, "Image": "/home/ubuntu/bemagro/data/image/Orthomosaico.tif", "Farm": "data" }, "geometry": { "type": "LineString", "coordinates": [ [ -40.25986699, -18.16821079 ], [ -40.25957498, -18.16837751 ], [ -40.25952578, -18.1684045 ], [ -40.25942818, -18.16845976 ], [ -40.25933765, -18.16850867 ], [ -40.25929708, -18.16853184 ], [ -40.25918248, -18.16859513 ], [ -40.25895446, -18.16872362 ], [ -40.25892976, -18.16873693 ], [ -40.25888144, -18.16876532 ], [ -40.25871786, -18.16885594 ], [ -40.25860478, -18.16892167 ], [ -40.2584506, -18.16900975 ], [ -40.2582471, -18.16912462 ], [ -40.25814898, -18.16917903 ], [ -40.25806819, -18.16922596 ], [ -40.25789738, -18.16932265 ], [ -40.25780039, -18.1693789 ], [ -40.25761299, -18.16948427 ], [ -40.25744304, -18.16958235 ], [ -40.2574016, -18.16960506 ] ] } },
{ "type": "Feature", "properties": { "Field": "000", "Length": 302.00729338643356, "Image": "/home/ubuntu/bemagro/data/image/Orthomosaico.tif", "Farm": "data" }, "geometry": { "type": "LineString", "coordinates": [ [ -40.25985037, -18.16820438 ], [ -40.25980201, -18.16823226 ], [ -40.25972018, -18.1682775 ], [ -40.25958267, -18.168357 ], [ -40.2595088, -18.16839735 ], [ -40.25941943, -18.16844817 ], [ -40.25936168, -18.16847904 ], [ -40.25917376, -18.16858359 ], [ -40.25894595, -18.16871241 ], [ -40.25890494, -18.16873487 ], [ -40.25886453, -18.16875832 ], [ -40.25872559, -18.1688355 ], [ -40.25850701, -18.16896148 ], [ -40.25836836, -18.16903915 ], [ -40.2582222, -18.16912244 ], [ -40.25814035, -18.16916765 ], [ -40.25801912, -18.16923795 ], [ -40.25787247, -18.16932045 ], [ -40.25779984, -18.16936281 ], [ -40.2576287, -18.16945898 ], [ -40.25745063, -18.16956167 ], [ -40.25739313, -18.1695936 ] ] } },
{ "type": "Feature", "properties": { "Field": "000", "Length": 301.01505843325759, "Image": "/home/ubuntu/bemagro/data/image/Orthomosaico.tif", "Farm": "data" }, "geometry": { "type": "LineString", "coordinates": [ [ -40.2598336, -18.16819741 ], [ -40.25980097, -18.16821551 ], [ -40.25976069, -18.16823915 ], [ -40.25970261, -18.16826946 ], [ -40.25962218, -18.16831695 ], [ -40.25953292, -18.16836794 ], [ -40.259173, -18.16856723 ], [ -40.25908355, -18.16861792 ], [ -40.25905949, -18.16863226 ], [ -40.25893731, -18.16870106 ], [ -40.25880635, -18.1687734 ], [ -40.25861178, -18.16888493 ], [ -40.25854659, -18.16892157 ], [ -40.2584901, -18.16895452 ], [ -40.2583594, -18.16902728 ], [ -40.25824587, -18.1690923 ], [ -40.25818045, -18.16912857 ], [ -40.25809955, -18.16917531 ], [ -40.25804228, -18.16920701 ], [ -40.25796155, -18.16925402 ], [ -40.25789605, -18.16929015 ], [ -40.2576853, -18.16941105 ], [ -40.25762794, -18.16944258 ], [ -40.25749044, -18.16952211 ], [ -40.25742481, -18.16955803 ], [ -40.25738402, -18.16958127 ] ] } },
{ "type": "Feature", "properties": { "Field": "000", "Length": 300.20516843396092, "Image": "/home/ubuntu/bemagro/data/image/Orthomosaico.tif", "Farm": "data" }, "geometry": { "type": "LineString", "coordinates": [ [ -40.25981914, -18.16819048 ], [ -40.25980303, -18.16819885 ], [ -40.25978704, -18.16820849 ], [ -40.25977886, -18.16821302 ], [ -40.25970462, -18.16825274 ], [ -40.25956723, -18.16833243 ], [ -40.25946885, -18.16838641 ], [ -40.25934659, -18.16845506 ], [ -40.25923992, -18.1685134 ], [ -40.2591095, -18.16858663 ], [ -40.2589961, -18.16865185 ], [ -40.25893899, -18.1686838 ], [ -40.25886495, -18.16872387 ], [ -40.2588568, -18.16872844 ], [ -40.25875109, -18.16878835 ], [ -40.25865422, -18.16884478 ], [ -40.25855634, -18.16889958 ], [ -40.25848358, -18.16894174 ], [ -40.25832842, -18.16902823 ], [ -40.25822315, -18.16908883 ], [ -40.25801984, -18.16920401 ], [ -40.25797145, -18.16923229 ], [ -40.25788958, -18.16927747 ], [ -40.25770333, -18.16938471 ], [ -40.25760537, -18.16943939 ], [ -40.25753257, -18.16948148 ], [ -40.25740233, -18.16955499 ], [ -40.25737612, -18.1695706 ] ] } },
{ "type": "Feature", "properties": { "Field": "000", "Length": 299.3088518080645, "Image": "/home/ubuntu/bemagro/data/image/Orthomosaico.tif", "Farm": "data" }, "geometry": { "type": "LineString", "coordinates": [ [ -40.25980326, -18.16818287 ], [ -40.25974655, -18.16821441 ], [ -40.25969687, -18.16824058 ], [ -40.25968869, -18.16824511 ], [ -40.25964807, -18.1682682 ], [ -40.25958385, -18.16830638 ], [ -40.25955137, -18.16832488 ], [ -40.25931444, -18.16845672 ], [ -40.25922398, -18.16850574 ], [ -40.25916727, -18.16853832 ], [ -40.25908569, -18.16858398 ], [ -40.25897229, -18.1686492 ], [ -40.25887379, -18.16870299 ], [ -40.25882523, -18.16873101 ], [ -40.25875975, -18.16876717 ], [ -40.25865476, -18.16882823 ], [ -40.25858942, -18.16886462 ], [ -40.25846778, -18.16893429 ], [ -40.25828833, -18.16903477 ], [ -40.25821559, -18.16907695 ], [ -40.25813408, -18.16912272 ], [ -40.25798815, -18.16920638 ], [ -40.25787401, -18.16927041 ], [ -40.2578581, -18.16928016 ], [ -40.25785002, -18.16928487 ], [ -40.25778488, -18.16932158 ], [ -40.25767967, -18.1693823 ], [ -40.25762238, -18.16941395 ], [ -40.25748419, -18.16949236 ], [ -40.25736797, -18.16955957 ] ] } },
{ "type": "Feature", "properties": { "Field": "000", "Length": 298.60677885116849, "Image": "/home/ubuntu/bemagro/data/image/Orthomosaico.tif", "Farm": "data" }, "geometry": { "type": "LineString", "coordinates": [ [ -40.2597895, -18.1681753 ], [ -40.25968284, -18.16823273 ], [ -40.25960974, -18.16827432 ], [ -40.25954529, -18.16831215 ], [ -40.25940617, -18.16838904 ], [ -40.25931666, -18.16843963 ], [ -40.25930845, -18.16844412 ], [ -40.25927529, -18.16846148 ], [ -40.25920968, -18.16849744 ], [ -40.25920153, -18.16850202 ], [ -40.25914497, -18.16853484 ], [ -40.25907148, -18.16857582 ], [ -40.25896621, -18.16863645 ], [ -40.258876, -18.16868589 ], [ -40.25881916, -18.16871827 ], [ -40.25877821, -18.16874083 ], [ -40.25863245, -18.16882475 ], [ -40.2585427, -18.16887496 ], [ -40.25838031, -18.1689675 ], [ -40.25827413, -18.16902665 ], [ -40.25821763, -18.16905958 ], [ -40.25816058, -18.16909162 ], [ -40.25809588, -18.16912905 ], [ -40.25802245, -18.16917014 ], [ -40.25773868, -18.16933276 ], [ -40.25755968, -18.16943398 ], [ -40.25750244, -18.16946571 ], [ -40.25735949, -18.1695481 ] ] } },
{ "type": "Feature", "properties": { "Field": "000", "Length": 298.46463945061311, "Image": "/home/ubuntu/bemagro/data/image/Orthomosaico.tif", "Farm": "data" }, "geometry": { "type": "LineString", "coordinates": [ [ -40.25977966, -18.16816419 ], [ -40.25970547, -18.16820304 ], [ -40.2596973, -18.16820757 ], [ -40.25955185, -18.168292 ], [ -40.25930676, -18.16842839 ], [ -40.25920011, -18.16848675 ], [ -40.25894012, -18.16863457 ], [ -40.2588257, -18.16869814 ], [ -40.25859852, -18.16882797 ], [ -40.25854117, -18.16885953 ], [ -40.2584602, -18.16890617 ], [ -40.25827274, -18.16901145 ], [ -40.25822433, -18.1690397 ], [ -40.25814294, -18.16908568 ], [ -40.25809451, -18.16911389 ], [ -40.25801289, -18.16915948 ], [ -40.25774546, -18.16931303 ], [ -40.25771268, -18.16933103 ], [ -40.25755829, -18.16941877 ], [ -40.25750915, -18.16944584 ], [ -40.25735086, -18.16953643 ] ] } },
{ "type": "Feature", "properties": { "Field": "000", "Length": 298.31535827275974, "Image": "/home/ubuntu/bemagro/data/image/Orthomosaico.tif", "Farm": "data" }, "geometry": { "type": "LineString", "coordinates": [ [ -40.25734247, -18.16952508 ], [ -40.25748866, -18.16944126 ], [ -40.25761929, -18.16936839 ], [ -40.25773307, -18.16930377 ], [ -40.25789511, -18.16921065 ], [ -40.25813902, -18.16907235 ], [ -40.2582767, -18.16899312 ], [ -40.25836656, -18.16894309 ], [ -40.25852077, -18.16885508 ], [ -40.25868372, -18.16876342 ], [ -40.2587158, -18.16874428 ], [ -40.25877262, -18.16871187 ], [ -40.25894403, -18.16861613 ], [ -40.25903313, -18.16856489 ], [ -40.25910667, -18.16852399 ], [ -40.25919593, -18.16847301 ], [ -40.25954758, -18.16827809 ], [ -40.25969281, -18.16819334 ], [ -40.25970103, -18.16818887 ], [ -40.25976969, -18.16815291 ] ] } },
{ "type": "Feature", "properties": { "Field": "000", "Length": 298.70877116904603, "Image": "/home/ubuntu/bemagro/data/image/Orthomosaico.tif", "Farm": "data" }, "geometry": { "type": "LineString", "coordinates": [ [ -40.25733407, -18.16951373 ], [ -40.2574558, -18.16944404 ], [ -40.25752922, -18.16940295 ], [ -40.2575858, -18.16937015 ], [ -40.25778124, -18.16926001 ], [ -40.25787016, -18.16920847 ], [ -40.25800037, -18.16913491 ], [ -40.25816208, -18.16904128 ], [ -40.25825155, -18.16899063 ], [ -40.25834966, -18.16893619 ], [ -40.25848756, -18.16885731 ], [ -40.25854484, -18.16882563 ], [ -40.25864996, -18.16876479 ], [ -40.2589019, -18.1686217 ], [ -40.25908988, -18.16851726 ], [ -40.25928499, -18.1684066 ], [ -40.25954703, -18.16826212 ], [ -40.25963576, -18.16821028 ], [ -40.25966887, -18.16819283 ], [ -40.25968492, -18.16818328 ], [ -40.25969313, -18.16817879 ], [ -40.25976524, -18.168141 ] ] } },
{ "type": "Feature", "properties": { "Field": "000", "Length": 299.31746065128607, "Image": "/home/ubuntu/bemagro/data/image/Orthomosaico.tif", "Farm": "data" }, "geometry": { "type": "LineString", "coordinates": [ [ -40.25732573, -18.16950244 ], [ -40.25759385, -18.16934913 ], [ -40.2577244, -18.16927612 ], [ -40.25783773, -18.16921078 ], [ -40.25797603, -18.16913254 ], [ -40.25804851, -18.16908995 ], [ -40.25822623, -18.16898844 ], [ -40.25830068, -18.16894725 ], [ -40.25846316, -18.16885484 ], [ -40.25852859, -18.1688186 ], [ -40.25865804, -18.16874381 ], [ -40.25877208, -18.16867962 ], [ -40.25886116, -18.16862835 ], [ -40.25908987, -18.16850098 ], [ -40.25928497, -18.16839028 ], [ -40.25935898, -18.16835017 ], [ -40.25940777, -18.16832252 ], [ -40.25954701, -18.16824583 ], [ -40.25961975, -18.16820364 ], [ -40.25964346, -18.16818877 ], [ -40.25966001, -18.16818003 ], [ -40.25967611, -18.16817056 ], [ -40.25968429, -18.16816602 ], [ -40.25975058, -18.16813124 ], [ -40.25976098, -18.16812554 ] ] } },
{ "type": "Feature", "properties": { "Field": "000", "Length": 300.00059485768298, "Image": "/home/ubuntu/bemagro/data/image/Orthomosaico.tif", "Farm": "data" }, "geometry": { "type": "LineString", "coordinates": [ [ -40.25731696, -18.16949057 ], [ -40.257569, -18.16934677 ], [ -40.25770772, -18.16926922 ], [ -40.25781295, -18.16920854 ], [ -40.25795121, -18.16913025 ], [ -40.25811303, -18.16903678 ], [ -40.25873114, -18.16868673 ], [ -40.25884446, -18.16862138 ], [ -40.25895034, -18.16856174 ], [ -40.25902412, -18.16852125 ], [ -40.25919488, -18.16842446 ], [ -40.25926023, -18.16838808 ], [ -40.25930969, -18.16836154 ], [ -40.25939921, -18.16831097 ], [ -40.25948138, -18.16826629 ], [ -40.25957925, -18.16821147 ], [ -40.25961142, -18.16819247 ], [ -40.25962492, -18.16818221 ], [ -40.25962844, -18.16817994 ], [ -40.25963433, -18.1681766 ], [ -40.25964205, -18.16817139 ], [ -40.25965834, -18.16816221 ], [ -40.25966637, -18.16815745 ], [ -40.25971603, -18.16813126 ], [ -40.25975622, -18.16810829 ] ] } },
{ "type": "Feature", "properties": { "Field": "000", "Length": 300.58568013543993, "Image": "/home/ubuntu/bemagro/data/image/Orthomosaico.tif", "Farm": "data" }, "geometry": { "type": "LineString", "coordinates": [ [ -40.2573085, -18.16947914 ], [ -40.25752799, -18.16935372 ], [ -40.25766676, -18.16927625 ], [ -40.25778817, -18.16920623 ], [ -40.25793459, -18.16912336 ], [ -40.257991, -18.16909029 ], [ -40.25803201, -18.16906784 ], [ -40.25818592, -18.16897933 ], [ -40.25831622, -18.16890591 ], [ -40.25837271, -18.16887297 ], [ -40.25842186, -18.1688459 ], [ -40.25859965, -18.16874451 ], [ -40.25862521, -18.16873081 ], [ -40.25873819, -18.16866668 ], [ -40.25881166, -18.1686239 ], [ -40.25922718, -18.1683902 ], [ -40.25930953, -18.16834582 ], [ -40.25939893, -18.16829506 ], [ -40.25957094, -18.16820032 ], [ -40.25958703, -18.16819084 ], [ -40.25963327, -18.16815944 ], [ -40.25964956, -18.16815027 ], [ -40.2596576, -18.1681455 ], [ -40.25970726, -18.16811932 ], [ -40.25975218, -18.16809365 ] ] } },
{ "type": "Feature", "properties": { "Field": "000", "Length": 301.1490513722602, "Image": "/home/ubuntu/bemagro/data/image/Orthomosaico.tif", "Farm": "data" }, "geometry": { "type": "LineString", "coordinates": [ [ -40.25974828, -18.16807951 ], [ -40.2596987, -18.16810785 ], [ -40.25964902, -18.16813401 ], [ -40.259609, -18.16815804 ], [ -40.25957837, -18.16817924 ], [ -40.25956229, -18.16818875 ], [ -40.25950522, -18.16822077 ], [ -40.25941481, -18.16826986 ], [ -40.25930109, -18.16833457 ], [ -40.2592023, -18.16838787 ], [ -40.25911281, -18.1684385 ], [ -40.25907982, -18.16845616 ], [ -40.25902316, -18.16848883 ], [ -40.25877889, -18.16862655 ], [ -40.25873047, -18.1686548 ], [ -40.2586814, -18.16868198 ], [ -40.25849473, -18.16878856 ], [ -40.25837221, -18.16885679 ], [ -40.25822637, -18.16894059 ], [ -40.25816915, -18.16897236 ], [ -40.25812074, -18.16900061 ], [ -40.25795806, -18.1690927 ], [ -40.25791777, -18.16911632 ], [ -40.25779567, -18.16918523 ], [ -40.25763382, -18.16927866 ], [ -40.25755183, -18.16932364 ], [ -40.25730026, -18.16946799 ] ] } },
{ "type": "Feature", "properties": { "Field": "000", "Length": 301.69511997710578, "Image": "/home/ubuntu/bemagro/data/image/Orthomosaico.tif", "Farm": "data" }, "geometry": { "type": "LineString", "coordinates": [ [ -40.25974441, -18.1680655 ], [ -40.25969617, -18.1680931 ], [ -40.25968799, -18.16809764 ], [ -40.25967139, -18.16810628 ], [ -40.25961478, -18.16813904 ], [ -40.25960676, -18.16814382 ], [ -40.25955955, -18.16817387 ], [ -40.25955158, -18.16817874 ], [ -40.25941227, -18.16825532 ], [ -40.25929861, -18.16832012 ], [ -40.25919978, -18.16837334 ], [ -40.25906899, -18.16844597 ], [ -40.2590125, -18.16847892 ], [ -40.25895512, -18.16851042 ], [ -40.25889047, -18.16854793 ], [ -40.25866256, -18.16867658 ], [ -40.25857362, -18.16872809 ], [ -40.25833721, -18.16886077 ], [ -40.25821556, -18.16893042 ], [ -40.25815839, -18.16896227 ], [ -40.2581018, -18.16899505 ], [ -40.25806904, -18.1690131 ], [ -40.25789067, -18.16911533 ], [ -40.25776861, -18.16918431 ], [ -40.25773634, -18.16920315 ], [ -40.25771988, -18.16921204 ], [ -40.25762296, -18.16926839 ], [ -40.25757371, -18.16929529 ], [ -40.25751678, -18.16932753 ], [ -40.25729229, -18.16945721 ] ] } },
{ "type": "Feature", "properties": { "Field": "000", "Length": 302.75603136585511, "Image": "/home/ubuntu/bemagro/data/image/Orthomosaico.tif", "Farm": "data" }, "geometry": { "type": "LineString", "coordinates": [ [ -40.259744, -18.16804814 ], [ -40.25960721, -18.16812776 ], [ -40.25954326, -18.16816634 ], [ -40.25942858, -18.16822949 ], [ -40.25930677, -18.16829887 ], [ -40.25915901, -18.16837953 ], [ -40.25889873, -18.16852689 ], [ -40.25883317, -18.16856292 ], [ -40.2586957, -18.16864248 ], [ -40.25859009, -18.16870255 ], [ -40.2585164, -18.1687432 ], [ -40.25840282, -18.16880815 ], [ -40.25827216, -18.16888098 ], [ -40.25823178, -18.16890446 ], [ -40.25815026, -18.1689502 ], [ -40.25809386, -18.1689833 ], [ -40.2580124, -18.16902913 ], [ -40.2577852, -18.16915894 ], [ -40.25774428, -18.16918156 ], [ -40.25763906, -18.16924225 ], [ -40.25755735, -18.1692877 ], [ -40.25728357, -18.16944542 ] ] } },
{ "type": "Feature", "properties": { "Field": "000", "Length": 303.45845458022706, "Image": "/home/ubuntu/bemagro/data/image/Orthomosaico.tif", "Farm": "data" }, "geometry": { "type": "LineString", "coordinates": [ [ -40.25974141, -18.16803372 ], [ -40.25969317, -18.1680613 ], [ -40.25961295, -18.1681091 ], [ -40.25955633, -18.16814184 ], [ -40.25943383, -18.16821012 ], [ -40.25930388, -18.1682841 ], [ -40.2592466, -18.16831577 ], [ -40.25916425, -18.16836014 ], [ -40.25909924, -18.16839708 ], [ -40.25905825, -18.16841957 ], [ -40.25888766, -18.16851662 ], [ -40.25879791, -18.16856682 ], [ -40.25865235, -18.16865105 ], [ -40.25849723, -18.16873761 ], [ -40.25839996, -18.1687934 ], [ -40.25828558, -18.16885705 ], [ -40.25821263, -18.1688989 ], [ -40.25815548, -18.16893078 ], [ -40.25814738, -18.16893544 ], [ -40.25809114, -18.16896876 ], [ -40.2578307, -18.16911586 ], [ -40.25762795, -18.16923193 ], [ -40.25753826, -18.16928223 ], [ -40.25732808, -18.16940403 ], [ -40.25727501, -18.16943384 ] ] } },
{ "type": "Feature", "properties": { "Field": "000", "Length": 304.1520327717372, "Image": "/home/ubuntu/bemagro/data/image/Orthomosaico.tif", "Farm": "data" }, "geometry": { "type": "LineString", "coordinates": [ [ -40.25973856, -18.1680191 ], [ -40.25962465, -18.16808601 ], [ -40.2595436, -18.16813252 ], [ -40.25942107, -18.16820074 ], [ -40.25930764, -18.16826591 ], [ -40.25915158, -18.16835091 ], [ -40.25883423, -18.16853027 ], [ -40.25870469, -18.16860491 ], [ -40.25860683, -18.16865974 ], [ -40.25854206, -18.16869706 ], [ -40.25845221, -18.16874711 ], [ -40.2583061, -18.16883046 ], [ -40.25824872, -18.16886197 ], [ -40.25821645, -18.16888082 ], [ -40.25815105, -18.16891711 ], [ -40.25811055, -18.1689404 ], [ -40.25807062, -18.16896458 ], [ -40.25792393, -18.16904701 ], [ -40.25785919, -18.16908437 ], [ -40.25784262, -18.16909309 ], [ -40.25773722, -18.16915348 ], [ -40.2576232, -18.16921771 ], [ -40.25754198, -18.16926395 ], [ -40.25749364, -18.16929232 ], [ -40.25742839, -18.16932887 ], [ -40.2573155, -18.16939489 ], [ -40.25726643, -18.16942223 ] ] } },
{ "type": "Feature", "properties": { "Field": "000", "Length": 304.77613586473819, "Image": "/home/ubuntu/bemagro/data/image/Orthomosaico.tif", "Farm": "data" }, "geometry": { "type": "LineString", "coordinates": [ [ -40.259736, -18.16800591 ], [ -40.25967142, -18.1680426 ], [ -40.2595502, -18.16811293 ], [ -40.25946836, -18.16815815 ], [ -40.25929782, -18.16825528 ], [ -40.25919933, -18.16830909 ], [ -40.25903602, -18.16840014 ], [ -40.25893871, -18.16845588 ], [ -40.25884084, -18.1685107 ], [ -40.25878434, -18.16854363 ], [ -40.25865435, -18.16861755 ], [ -40.25847496, -18.16871813 ], [ -40.25832895, -18.16880165 ], [ -40.25812507, -18.16891591 ], [ -40.25804449, -18.16896316 ], [ -40.25799548, -18.16899044 ], [ -40.25784128, -18.16907849 ], [ -40.25780847, -18.16909645 ], [ -40.25774368, -18.16913375 ], [ -40.25760527, -18.1692118 ], [ -40.2574919, -18.16927707 ], [ -40.25743477, -18.16930899 ], [ -40.25732187, -18.169375 ], [ -40.25725832, -18.16941126 ] ] } },
{ "type": "Feature", "properties": { "Field": "000", "Length": 305.52263047960616, "Image": "/home/ubuntu/bemagro/data/image/Orthomosaico.tif", "Farm": "data" }, "geometry": { "type": "LineString", "coordinates": [ [ -40.2597329, -18.16799004 ], [ -40.25966924, -18.16802815 ], [ -40.25959637, -18.16807013 ], [ -40.2595482, -18.16809875 ], [ -40.25954009, -18.16810339 ], [ -40.25944145, -18.16815695 ], [ -40.25943329, -18.1681615 ], [ -40.25931173, -18.16823129 ], [ -40.25903356, -18.1683852 ], [ -40.25896879, -18.16842253 ], [ -40.2588384, -18.16849579 ], [ -40.2586927, -18.16857981 ], [ -40.25857012, -18.16864795 ], [ -40.2585135, -18.16868069 ], [ -40.2584645, -18.168708 ], [ -40.25827773, -18.16881439 ], [ -40.25813051, -18.16889595 ], [ -40.25790343, -18.16902596 ], [ -40.25757807, -18.16921013 ], [ -40.25724954, -18.1693994 ] ] } },
{ "type": "Feature", "properties": { "Field": "000", "Length": 306.2213844371916, "Image": "/home/ubuntu/bemagro/data/image/Orthomosaico.tif", "Farm": "data" }, "geometry": { "type": "LineString", "coordinates": [ [ -40.25973003, -18.1679753 ], [ -40.25971475, -18.16798508 ], [ -40.25967463, -18.16800896 ], [ -40.25962586, -18.16803665 ], [ -40.25954555, -18.16808431 ], [ -40.25941432, -18.16815619 ], [ -40.25931707, -18.16821203 ], [ -40.2592191, -18.16826669 ], [ -40.25906334, -18.16835218 ], [ -40.25883565, -18.1684812 ], [ -40.25871402, -18.16855087 ], [ -40.25868999, -18.16856527 ], [ -40.25868189, -18.16856993 ], [ -40.25864123, -18.16859296 ], [ -40.25857549, -18.1686287 ], [ -40.25856734, -18.16863329 ], [ -40.25826709, -18.16880478 ], [ -40.25821815, -18.16883219 ], [ -40.25811952, -18.16888576 ], [ -40.25805503, -18.16892352 ], [ -40.257998, -18.1689556 ], [ -40.257982, -18.16896522 ], [ -40.2579739, -18.16896988 ], [ -40.25776212, -18.16908911 ], [ -40.25772989, -18.16910802 ], [ -40.25755089, -18.16920924 ], [ -40.25749459, -18.16924248 ], [ -40.25734825, -18.16932546 ], [ -40.25724136, -18.16938834 ] ] } },
{ "type": "Feature", "properties": { "Field": "000", "Length": 306.83087721213639, "Image": "/home/ubuntu/bemagro/data/image/Orthomosaico.tif", "Farm": "data" }, "geometry": { "type": "LineString", "coordinates": [ [ -40.25972638, -18.1679608 ], [ -40.25967938, -18.16799029 ], [ -40.2596224, -18.16802245 ], [ -40.25954995, -18.16806509 ], [ -40.25949245, -18.1680964 ], [ -40.25932976, -18.16818847 ], [ -40.25923138, -18.16824245 ], [ -40.25915819, -18.16828391 ], [ -40.2590924, -18.16831956 ], [ -40.25897872, -18.16838434 ], [ -40.25887256, -18.16844351 ], [ -40.25869448, -18.1685462 ], [ -40.25862133, -18.16858773 ], [ -40.25854762, -18.16862834 ], [ -40.25827985, -18.16878134 ], [ -40.25821466, -18.16881797 ], [ -40.25810801, -18.16887635 ], [ -40.25797864, -18.16895125 ], [ -40.25792952, -18.16897836 ], [ -40.25774267, -18.16908464 ], [ -40.2576366, -18.16914396 ], [ -40.25749914, -18.16922355 ], [ -40.25744198, -18.16925541 ], [ -40.25730409, -18.16933431 ], [ -40.25723289, -18.16937687 ] ] } },
{ "type": "Feature", "properties": { "Field": "000", "Length": 307.41636656564123, "Image": "/home/ubuntu/bemagro/data/image/Orthomosaico.tif", "Farm": "data" }, "geometry": { "type": "LineString", "coordinates": [ [ -40.25972225, -18.16794629 ], [ -40.25966412, -18.16798295 ], [ -40.25961517, -18.16801035 ], [ -40.25954263, -18.16805283 ], [ -40.2594934, -18.16807977 ], [ -40.25933056, -18.16817159 ], [ -40.25917534, -18.16825798 ], [ -40.25905243, -18.16832557 ], [ -40.25897964, -18.16836767 ], [ -40.25893051, -18.16839476 ], [ -40.25880041, -18.1684685 ], [ -40.25866295, -18.16854809 ], [ -40.25844282, -18.16867157 ], [ -40.25833766, -18.16873236 ], [ -40.25831294, -18.16874564 ], [ -40.25824821, -18.16878303 ], [ -40.2581339, -18.16884678 ], [ -40.2581091, -18.16885993 ], [ -40.25802023, -18.16891154 ], [ -40.25790599, -18.1689754 ], [ -40.25770291, -18.16909095 ], [ -40.25762926, -18.16913167 ], [ -40.25757293, -18.16916487 ], [ -40.2573701, -18.1692808 ], [ -40.25722316, -18.16936372 ] ] } },
{ "type": "Feature", "properties": { "Field": "000", "Length": 307.86724954789122, "Image": "/home/ubuntu/bemagro/data/image/Orthomosaico.tif", "Farm": "data" }, "geometry": { "type": "LineString", "coordinates": [ [ -40.25971924, -18.16793572 ], [ -40.25968686, -18.16795346 ], [ -40.25967832, -18.16795733 ], [ -40.25964621, -18.16797643 ], [ -40.25958916, -18.16800848 ], [ -40.25951656, -18.16805088 ], [ -40.25937809, -18.16812885 ], [ -40.25918216, -18.16823819 ], [ -40.25914097, -18.16826034 ], [ -40.25905108, -18.16831031 ], [ -40.25898635, -18.1683477 ], [ -40.25884768, -18.16842534 ], [ -40.25877491, -18.16846746 ], [ -40.25874217, -18.16848555 ], [ -40.25864524, -18.16854189 ], [ -40.25849821, -18.16862376 ], [ -40.25832801, -18.16872144 ], [ -40.25807514, -18.16886301 ], [ -40.25801884, -18.16889624 ], [ -40.25787207, -18.16897854 ], [ -40.25768528, -18.16908492 ], [ -40.25762806, -18.16911669 ], [ -40.25755538, -18.16915896 ], [ -40.25740897, -18.16924185 ], [ -40.25736051, -18.16927001 ], [ -40.25721412, -18.16935148 ] ] } },
{ "type": "Feature", "properties": { "Field": "000", "Length": 308.44381718303856, "Image": "/home/ubuntu/bemagro/data/image/Orthomosaico.tif", "Farm": "data" }, "geometry": { "type": "LineString", "coordinates": [ [ -40.25971492, -18.16792054 ], [ -40.2596915, -18.16793498 ], [ -40.25968337, -18.1679396 ], [ -40.25966688, -18.16794842 ], [ -40.25958547, -18.16799436 ], [ -40.25945583, -18.16806883 ], [ -40.25924402, -18.16818802 ], [ -40.25908815, -18.16827333 ], [ -40.25901483, -18.16831459 ], [ -40.25877944, -18.1684489 ], [ -40.25868975, -18.1684992 ], [ -40.25863315, -18.16853198 ], [ -40.25844565, -18.1686372 ], [ -40.25833253, -18.16870286 ], [ -40.2581123, -18.16882619 ], [ -40.25798261, -18.16890059 ], [ -40.25777883, -18.169015 ], [ -40.25770596, -18.16905697 ], [ -40.25763248, -18.16909797 ], [ -40.25753544, -18.16915413 ], [ -40.25746228, -18.16919564 ], [ -40.25742947, -18.1692136 ], [ -40.2573567, -18.16925574 ], [ -40.25720603, -18.16934054 ] ] } },
{ "type": "Feature", "properties": { "Field": "000", "Length": 309.01605909620821, "Image": "/home/ubuntu/bemagro/data/image/Orthomosaico.tif", "Farm": "data" }, "geometry": { "type": "LineString", "coordinates": [ [ -40.25971081, -18.16790612 ], [ -40.25968669, -18.16792039 ], [ -40.25967113, -18.16793066 ], [ -40.25959728, -18.16797104 ], [ -40.25954075, -18.16800392 ], [ -40.25947538, -18.16804026 ], [ -40.25941886, -18.16807317 ], [ -40.25925621, -18.16816529 ], [ -40.25905927, -18.16827297 ], [ -40.25884772, -18.16839257 ], [ -40.25876696, -18.16843955 ], [ -40.25866085, -18.16849879 ], [ -40.2586124, -18.16852699 ], [ -40.25855508, -18.16855859 ], [ -40.25843324, -18.16862793 ], [ -40.25832827, -18.16868901 ], [ -40.25823019, -18.16874351 ], [ -40.25799466, -18.16887761 ], [ -40.25781513, -18.16897796 ], [ -40.25775824, -18.16901026 ], [ -40.25772612, -18.16902934 ], [ -40.25761204, -18.16909347 ], [ -40.25756366, -18.16912177 ], [ -40.25744134, -18.16919033 ], [ -40.25737666, -18.1692278 ], [ -40.25719747, -18.16932897 ] ] } },
{ "type": "Feature", "properties": { "Field": "000", "Length": 309.54821546669814, "Image": "/home/ubuntu/bemagro/data/image/Orthomosaico.tif", "Farm": "data" }, "geometry": { "type": "LineString", "coordinates": [ [ -40.25718922, -18.16931781 ], [ -40.25729474, -18.16925693 ], [ -40.25737649, -18.16921157 ], [ -40.25745745, -18.1691649 ], [ -40.25755541, -18.16911023 ], [ -40.2577661, -18.16898924 ], [ -40.25796204, -18.16887991 ], [ -40.25810808, -18.16879644 ], [ -40.25815723, -18.16876938 ], [ -40.2582057, -18.16874121 ], [ -40.25836858, -18.16864945 ], [ -40.25840876, -18.16862566 ], [ -40.25854663, -18.16854673 ], [ -40.2587584, -18.16842748 ], [ -40.25887172, -18.16836213 ], [ -40.25908373, -18.16824327 ], [ -40.25926421, -18.16814449 ], [ -40.25941868, -18.16805689 ], [ -40.25945082, -18.16803784 ], [ -40.25954045, -18.16798745 ], [ -40.2595805, -18.16796346 ], [ -40.25966279, -18.16791897 ], [ -40.2596947, -18.16789958 ], [ -40.25970695, -18.16789258 ] ] } },
{ "type": "Feature", "properties": { "Field": "000", "Length": 310.04078541602684, "Image": "/home/ubuntu/bemagro/data/image/Orthomosaico.tif", "Farm": "data" }, "geometry": { "type": "LineString", "coordinates": [ [ -40.25970359, -18.16788077 ], [ -40.25967937, -18.16789396 ], [ -40.25962951, -18.16791979 ], [ -40.25958023, -18.16794663 ], [ -40.25953203, -18.16797521 ], [ -40.25947467, -18.16800674 ], [ -40.25941036, -18.16804478 ], [ -40.25932871, -18.16809033 ], [ -40.25927222, -18.16812326 ], [ -40.25917334, -18.1681764 ], [ -40.25906762, -18.16823629 ], [ -40.25900177, -18.16827184 ], [ -40.25893711, -18.16830933 ], [ -40.25886339, -18.16834993 ], [ -40.25882315, -18.16837362 ], [ -40.25881501, -18.16837822 ], [ -40.25870859, -18.16843698 ], [ -40.25860277, -18.16849671 ], [ -40.25858656, -18.168506 ], [ -40.25846556, -18.16857667 ], [ -40.25822181, -18.16871524 ], [ -40.25815718, -18.16875278 ], [ -40.25795331, -18.16886704 ], [ -40.25788035, -18.16890887 ], [ -40.25770887, -18.16900448 ], [ -40.25757166, -18.16908445 ], [ -40.25736043, -18.16920459 ], [ -40.25727052, -18.16925452 ], [ -40.25718082, -18.16930646 ] ] } },
{ "type": "Feature", "properties": { "Field": "000", "Length": 310.60491049967487, "Image": "/home/ubuntu/bemagro/data/image/Orthomosaico.tif", "Farm": "data" }, "geometry": { "type": "LineString", "coordinates": [ [ -40.25717234, -18.16929499 ], [ -40.25721273, -18.1692724 ], [ -40.25727731, -18.16923478 ], [ -40.2574403, -18.16914319 ], [ -40.2575049, -18.1691056 ], [ -40.25753766, -18.16908756 ], [ -40.25761058, -18.16904566 ], [ -40.25769107, -18.16899827 ], [ -40.25786251, -18.16890259 ], [ -40.25790284, -18.16887903 ], [ -40.2579274, -18.16886548 ], [ -40.25815554, -18.16873719 ], [ -40.25829324, -18.16865799 ], [ -40.2584478, -18.16857054 ], [ -40.25860925, -18.16847649 ], [ -40.2588213, -18.1683577 ], [ -40.25886163, -18.16833413 ], [ -40.25886978, -18.16832954 ], [ -40.25891902, -18.16830264 ], [ -40.25900852, -18.16825203 ], [ -40.25906595, -18.16822061 ], [ -40.25915541, -18.16816995 ], [ -40.25927055, -18.16810757 ], [ -40.25937628, -18.1680477 ], [ -40.25946517, -18.16799612 ], [ -40.25953044, -18.1679596 ], [ -40.25958697, -18.16792673 ], [ -40.25959516, -18.16792221 ], [ -40.25964485, -18.16789607 ], [ -40.25969943, -18.16786616 ] ] } },
{ "type": "Feature", "properties": { "Field": "000", "Length": 311.13899552269447, "Image": "/home/ubuntu/bemagro/data/image/Orthomosaico.tif", "Farm": "data" }, "geometry": { "type": "LineString", "coordinates": [ [ -40.2571637, -18.16928329 ], [ -40.25723625, -18.16924169 ], [ -40.25731007, -18.16920126 ], [ -40.25739932, -18.16915025 ], [ -40.25744836, -18.16912302 ], [ -40.25769079, -18.16898233 ], [ -40.2578292, -18.16890427 ], [ -40.25787022, -18.16888184 ], [ -40.25793505, -18.16884461 ], [ -40.25797608, -18.16882219 ], [ -40.25805711, -18.16877564 ], [ -40.25813095, -18.16873524 ], [ -40.25827657, -18.1686511 ], [ -40.25841514, -18.16857331 ], [ -40.25859266, -18.16846973 ], [ -40.25873954, -18.16838762 ], [ -40.25883678, -18.16833178 ], [ -40.25898337, -18.16824919 ], [ -40.25906541, -18.16820429 ], [ -40.25916324, -18.1681494 ], [ -40.25924564, -18.16810512 ], [ -40.25930274, -18.16807314 ], [ -40.25955418, -18.16792926 ], [ -40.25966956, -18.1678673 ], [ -40.25969563, -18.16785282 ] ] } },
{ "type": "Feature", "properties": { "Field": "000", "Length": 311.67602283703582, "Image": "/home/ubuntu/bemagro/data/image/Orthomosaico.tif", "Farm": "data" }, "geometry": { "type": "LineString", "coordinates": [ [ -40.25715553, -18.16927224 ], [ -40.25723596, -18.16922563 ], [ -40.25731079, -18.16918508 ], [ -40.25739984, -18.16913375 ], [ -40.25748872, -18.16908392 ], [ -40.25756101, -18.16904102 ], [ -40.25761872, -18.16900827 ], [ -40.25766697, -18.16897977 ], [ -40.25778804, -18.16891096 ], [ -40.25785444, -18.16887451 ], [ -40.25794298, -18.16882412 ], [ -40.25798486, -18.16880129 ], [ -40.25805773, -18.16875932 ], [ -40.2581317, -18.16871913 ], [ -40.25822839, -18.16866242 ], [ -40.25843176, -18.16854735 ], [ -40.25854458, -18.16848122 ], [ -40.25881268, -18.16833053 ], [ -40.25887812, -18.16829253 ], [ -40.258984, -18.16823289 ], [ -40.25908227, -18.16817873 ], [ -40.25913094, -18.16815088 ], [ -40.25927886, -18.16807049 ], [ -40.25942367, -18.16798682 ], [ -40.25949003, -18.1679503 ], [ -40.25953056, -18.16792705 ], [ -40.2596693, -18.16785134 ], [ -40.25969177, -18.16783928 ] ] } },
{ "type": "Feature", "properties": { "Field": "000", "Length": 312.25641426788383, "Image": "/home/ubuntu/bemagro/data/image/Orthomosaico.tif", "Farm": "data" }, "geometry": { "type": "LineString", "coordinates": [ [ -40.25714713, -18.16926089 ], [ -40.25722849, -18.16921399 ], [ -40.25731065, -18.1691693 ], [ -40.25743183, -18.16909891 ], [ -40.25749726, -18.16906267 ], [ -40.25757781, -18.16901536 ], [ -40.25773979, -18.16892215 ], [ -40.25784619, -18.16886337 ], [ -40.25790269, -18.16883045 ], [ -40.25796827, -18.16879444 ], [ -40.25803301, -18.16875708 ], [ -40.25809878, -18.16872139 ], [ -40.25816384, -18.16868454 ], [ -40.25825242, -18.16863248 ], [ -40.25833419, -18.16858714 ], [ -40.25858515, -18.16844249 ], [ -40.25865914, -18.16840234 ], [ -40.25873176, -18.16835996 ], [ -40.25882182, -18.16831028 ], [ -40.25892697, -18.16824948 ], [ -40.25905773, -18.16817681 ], [ -40.25908973, -18.16815755 ], [ -40.25929477, -18.16804523 ], [ -40.25943208, -18.16796541 ], [ -40.25957987, -18.1678848 ], [ -40.25962036, -18.16786149 ], [ -40.25962703, -18.16785808 ], [ -40.25963098, -18.1678556 ], [ -40.25963597, -18.16785218 ], [ -40.25963958, -18.16785005 ], [ -40.25966946, -18.16783448 ], [ -40.25968759, -18.1678246 ] ] } },
{ "type": "Feature", "properties": { "Field": "000", "Length": 312.63869501496958, "Image": "/home/ubuntu/bemagro/data/image/Orthomosaico.tif", "Farm": "data" }, "geometry": { "type": "LineString", "coordinates": [ [ -40.2571389, -18.16924975 ], [ -40.25743206, -18.16908366 ], [ -40.2577471, -18.16890234 ], [ -40.25784515, -18.16884781 ], [ -40.25790999, -18.1688106 ], [ -40.25797632, -18.16877404 ], [ -40.25815458, -18.16867341 ], [ -40.25823521, -18.16862624 ], [ -40.25832588, -18.16857575 ], [ -40.25854373, -18.16845036 ], [ -40.25861822, -18.16840924 ], [ -40.25871574, -18.16835383 ], [ -40.25880481, -18.16830432 ], [ -40.25885409, -18.16827569 ], [ -40.25893484, -18.16823048 ], [ -40.25895148, -18.16822012 ], [ -40.25905676, -18.1681613 ], [ -40.25912247, -18.16812373 ], [ -40.25930177, -18.1680248 ], [ -40.25946421, -18.16793233 ], [ -40.2595463, -18.16788751 ], [ -40.25960384, -18.16785449 ], [ -40.25966897, -18.16781956 ], [ -40.25968282, -18.16781196 ] ] } },
{ "type": "Feature", "properties": { "Field": "000", "Length": 312.98549770727038, "Image": "/home/ubuntu/bemagro/data/image/Orthomosaico.tif", "Farm": "data" }, "geometry": { "type": "LineString", "coordinates": [ [ -40.25713041, -18.16923827 ], [ -40.25723634, -18.16917784 ], [ -40.25739946, -18.16908647 ], [ -40.25749678, -18.16903074 ], [ -40.25752058, -18.169016 ], [ -40.25753721, -18.16900742 ], [ -40.25761037, -18.1689659 ], [ -40.25762616, -18.16895596 ], [ -40.25774753, -18.16888586 ], [ -40.25780473, -18.16885407 ], [ -40.25794275, -18.16877537 ], [ -40.25802471, -18.16873034 ], [ -40.25803316, -18.1687263 ], [ -40.25804889, -18.16871628 ], [ -40.25811356, -18.16867879 ], [ -40.2581628, -18.16865188 ], [ -40.25820311, -18.1686283 ], [ -40.25828482, -18.16858285 ], [ -40.25851166, -18.16845246 ], [ -40.25878894, -18.1682971 ], [ -40.25903245, -18.16815815 ], [ -40.25928573, -18.16801724 ], [ -40.25944821, -18.16792484 ], [ -40.25949741, -18.16789786 ], [ -40.25955405, -18.16786515 ], [ -40.25962013, -18.16783 ], [ -40.25966064, -18.16780672 ], [ -40.25967651, -18.167798 ] ] } },
{ "type": "Feature", "properties": { "Field": "000", "Length": 313.33627446982939, "Image": "/home/ubuntu/bemagro/data/image/Orthomosaico.tif", "Farm": "data" }, "geometry": { "type": "LineString", "coordinates": [ [ -40.25967037, -18.16778443 ], [ -40.25965437, -18.16779317 ], [ -40.25964627, -18.16779783 ], [ -40.25962262, -18.16781279 ], [ -40.25961448, -18.16781738 ], [ -40.25957306, -18.16783915 ], [ -40.25955659, -18.16784804 ], [ -40.25940973, -18.16793018 ], [ -40.25929601, -18.16799489 ], [ -40.25901064, -18.16815494 ], [ -40.2589379, -18.16819712 ], [ -40.25886428, -18.16823788 ], [ -40.25876686, -18.16829343 ], [ -40.25871771, -18.16832049 ], [ -40.25864483, -18.16836246 ], [ -40.25847332, -18.16845802 ], [ -40.25827074, -18.16857435 ], [ -40.25820536, -18.16861069 ], [ -40.25815683, -18.16863874 ], [ -40.25810763, -18.16866572 ], [ -40.25804296, -18.1687032 ], [ -40.25789611, -18.16878537 ], [ -40.25779075, -18.16884585 ], [ -40.25775799, -18.16886388 ], [ -40.25774169, -18.16887305 ], [ -40.25760435, -18.16895281 ], [ -40.25755539, -18.16898018 ], [ -40.25753124, -18.1689944 ], [ -40.25751477, -18.16900327 ], [ -40.25750664, -18.16900788 ], [ -40.25749859, -18.16901262 ], [ -40.25748568, -18.16902212 ], [ -40.25748214, -18.16902436 ], [ -40.2574752, -18.16902773 ], [ -40.25746658, -18.16903146 ], [ -40.257459, -18.16903514 ], [ -40.25745082, -18.16903968 ], [ -40.25742575, -18.16905419 ], [ -40.25740182, -18.16906873 ], [ -40.25739375, -18.16907343 ], [ -40.25737742, -18.16908254 ], [ -40.25735271, -18.16909584 ], [ -40.25712196, -18.16922684 ] ] } },
{ "type": "Feature", "properties": { "Field": "000", "Length": 313.6416351442374, "Image": "/home/ubuntu/bemagro/data/image/Orthomosaico.tif", "Farm": "data" }, "geometry": { "type": "LineString", "coordinates": [ [ -40.25966463, -18.16777174 ], [ -40.25962401, -18.16779393 ], [ -40.25961588, -18.16779854 ], [ -40.25959996, -18.1678083 ], [ -40.25959189, -18.167813 ], [ -40.25953375, -18.16784321 ], [ -40.25929803, -18.167977 ], [ -40.25898001, -18.16815528 ], [ -40.25886664, -18.16822055 ], [ -40.25871962, -18.16830243 ], [ -40.25866307, -18.16833528 ], [ -40.25861379, -18.16836213 ], [ -40.25845884, -18.16844896 ], [ -40.25836142, -18.1685045 ], [ -40.25830507, -18.16853767 ], [ -40.25823157, -18.16857863 ], [ -40.25816694, -18.16861617 ], [ -40.25815881, -18.16862078 ], [ -40.25814234, -18.16862965 ], [ -40.25798796, -18.1687174 ], [ -40.25793881, -18.16874447 ], [ -40.25780068, -18.16882297 ], [ -40.25762277, -18.16892593 ], [ -40.25752499, -18.1689809 ], [ -40.2574685, -18.16901385 ], [ -40.2574274, -18.16903616 ], [ -40.25728962, -18.16911524 ], [ -40.25711264, -18.16921424 ] ] } },
{ "type": "Feature", "properties": { "Field": "000", "Length": 313.95828422696496, "Image": "/home/ubuntu/bemagro/data/image/Orthomosaico.tif", "Farm": "data" }, "geometry": { "type": "LineString", "coordinates": [ [ -40.25965889, -18.16775904 ], [ -40.25961794, -18.16778068 ], [ -40.25958548, -18.16779922 ], [ -40.25954426, -18.16782134 ], [ -40.25937365, -18.16791835 ], [ -40.25931643, -18.16795012 ], [ -40.25930043, -18.16795974 ], [ -40.25915329, -18.16804143 ], [ -40.25897399, -18.16814217 ], [ -40.25883626, -18.16822132 ], [ -40.25872183, -18.16828487 ], [ -40.25865707, -18.16832221 ], [ -40.25844483, -18.16844069 ], [ -40.25832301, -18.16851006 ], [ -40.25828279, -18.1685338 ], [ -40.25820936, -18.16857487 ], [ -40.25802281, -18.16868163 ], [ -40.25785968, -18.16877299 ], [ -40.25770557, -18.16886116 ], [ -40.2576088, -18.16891775 ], [ -40.25750281, -18.16897721 ], [ -40.25745444, -18.16900553 ], [ -40.25740524, -18.16903249 ], [ -40.25730787, -18.16908814 ], [ -40.25710401, -18.16920257 ] ] } },
{ "type": "Feature", "properties": { "Field": "000", "Length": 314.27736018133311, "Image": "/home/ubuntu/bemagro/data/image/Orthomosaico.tif", "Farm": "data" }, "geometry": { "type": "LineString", "coordinates": [ [ -40.25965307, -18.16774618 ], [ -40.25963679, -18.16775443 ], [ -40.25962859, -18.16775893 ], [ -40.2596042, -18.16777276 ], [ -40.25953032, -18.16781309 ], [ -40.25940025, -18.16788688 ], [ -40.25935186, -18.16791515 ], [ -40.25931906, -18.16793315 ], [ -40.25929494, -18.1679474 ], [ -40.25928681, -18.167952 ], [ -40.25906585, -18.16807414 ], [ -40.25901727, -18.16810213 ], [ -40.25891935, -18.16815686 ], [ -40.25879774, -18.16822657 ], [ -40.25870768, -18.16827626 ], [ -40.2586185, -18.16832739 ], [ -40.25849596, -18.16839559 ], [ -40.25835777, -18.16847399 ], [ -40.25826884, -18.16852551 ], [ -40.25809779, -18.16862182 ], [ -40.25800894, -18.16867347 ], [ -40.25778902, -18.16879729 ], [ -40.257595, -18.16890971 ], [ -40.25751328, -18.16895513 ], [ -40.25742427, -18.16900652 ], [ -40.25728582, -18.16908452 ], [ -40.25725295, -18.16910239 ], [ -40.25709576, -18.1691914 ] ] } },
{ "type": "Feature", "properties": { "Field": "000", "Length": 314.59250561988807, "Image": "/home/ubuntu/bemagro/data/image/Orthomosaico.tif", "Farm": "data" }, "geometry": { "type": "LineString", "coordinates": [ [ -40.2596474, -18.16773362 ], [ -40.25963121, -18.16774204 ], [ -40.25960684, -18.16775591 ], [ -40.25950006, -18.16781406 ], [ -40.25925664, -18.16795315 ], [ -40.2590682, -18.16805682 ], [ -40.25899532, -18.16809878 ], [ -40.25898718, -18.16810337 ], [ -40.25894615, -18.1681258 ], [ -40.25878381, -18.16821844 ], [ -40.25848195, -18.16838733 ], [ -40.25828751, -18.16849908 ], [ -40.25818942, -18.16855355 ], [ -40.25806755, -18.16862285 ], [ -40.25797067, -18.16867926 ], [ -40.25779134, -18.16877993 ], [ -40.25768608, -18.16884056 ], [ -40.25760558, -18.16888793 ], [ -40.25751571, -18.16893794 ], [ -40.25745098, -18.16897531 ], [ -40.25732085, -18.169049 ], [ -40.257239, -18.16909422 ], [ -40.2571824, -18.16912698 ], [ -40.25708736, -18.16918005 ] ] } },
{ "type": "Feature", "properties": { "Field": "000", "Length": 314.89237335627098, "Image": "/home/ubuntu/bemagro/data/image/Orthomosaico.tif", "Farm": "data" }, "geometry": { "type": "LineString", "coordinates": [ [ -40.25964193, -18.16772153 ], [ -40.25947803, -18.1678107 ], [ -40.25929167, -18.16791776 ], [ -40.25922636, -18.1679542 ], [ -40.25911954, -18.16801229 ], [ -40.25898943, -18.16808601 ], [ -40.25889945, -18.16813583 ], [ -40.25876987, -18.1682104 ], [ -40.25856576, -18.16832427 ], [ -40.25847627, -18.1683749 ], [ -40.25837112, -18.16843571 ], [ -40.25811845, -18.1685776 ], [ -40.25802915, -18.16862852 ], [ -40.25799712, -18.16864774 ], [ -40.25776921, -18.16877641 ], [ -40.2576721, -18.16883245 ], [ -40.2576159, -18.16886584 ], [ -40.25750167, -18.16892973 ], [ -40.25729866, -18.16904538 ], [ -40.25724135, -18.16907701 ], [ -40.25707948, -18.16916939 ] ] } },
{ "type": "Feature", "properties": { "Field": "000", "Length": 315.22286777606189, "Image": "/home/ubuntu/bemagro/data/image/Orthomosaico.tif", "Farm": "data" }, "geometry": { "type": "LineString", "coordinates": [ [ -40.25963584, -18.16770806 ], [ -40.25962796, -18.16771218 ], [ -40.25960383, -18.16772641 ], [ -40.25959563, -18.16773091 ], [ -40.25955431, -18.16775285 ], [ -40.25947271, -18.16779847 ], [ -40.25945616, -18.1678072 ], [ -40.25944803, -18.16781181 ], [ -40.25939158, -18.16784483 ], [ -40.2593023, -18.16789578 ], [ -40.25920434, -18.16795046 ], [ -40.25910582, -18.16800422 ], [ -40.25904088, -18.16804126 ], [ -40.25886928, -18.16813667 ], [ -40.2587641, -18.16819742 ], [ -40.25861715, -18.16827942 ], [ -40.25843035, -18.16838579 ], [ -40.25841385, -18.16839461 ], [ -40.25840571, -18.16839921 ], [ -40.25834099, -18.16843659 ], [ -40.25816191, -18.16853768 ], [ -40.25810463, -18.16856935 ], [ -40.25795074, -18.16865788 ], [ -40.25784473, -18.1687173 ], [ -40.25771478, -18.16879129 ], [ -40.25761818, -18.16884813 ], [ -40.25747953, -18.16892581 ], [ -40.25742301, -18.1689587 ], [ -40.25737392, -18.16898587 ], [ -40.25718702, -18.16909205 ], [ -40.2571387, -18.16912046 ], [ -40.25707115, -18.16915812 ] ] } },
{ "type": "Feature", "properties": { "Field": "000", "Length": 315.54651441277633, "Image": "/home/ubuntu/bemagro/data/image/Orthomosaico.tif", "Farm": "data" }, "geometry": { "type": "LineString", "coordinates": [ [ -40.25963005, -18.16769525 ], [ -40.25944242, -18.16779935 ], [ -40.2593371, -18.16785988 ], [ -40.25922233, -18.16792289 ], [ -40.25914096, -18.16796888 ], [ -40.25901826, -18.16803681 ], [ -40.25896963, -18.16806472 ], [ -40.25878199, -18.16816971 ], [ -40.25865216, -18.16824389 ], [ -40.25854582, -18.16830276 ], [ -40.25836744, -18.16840497 ], [ -40.25810655, -18.16855134 ], [ -40.25793648, -18.16864922 ], [ -40.25776534, -18.16874539 ], [ -40.25761175, -18.16883438 ], [ -40.25747344, -18.16891261 ], [ -40.25740901, -18.16895046 ], [ -40.25727818, -18.16902302 ], [ -40.25716484, -18.16908834 ], [ -40.25706209, -18.16914586 ] ] } },
{ "type": "Feature", "properties": { "Field": "000", "Length": 315.87117157319562, "Image": "/home/ubuntu/bemagro/data/image/Orthomosaico.tif", "Farm": "data" }, "geometry": { "type": "LineString", "coordinates": [ [ -40.25962405, -18.16768198 ], [ -40.25955964, -18.16771899 ], [ -40.25944501, -18.16778221 ], [ -40.25933117, -18.16784673 ], [ -40.2591838, -18.16792805 ], [ -40.25898818, -18.16803789 ], [ -40.25888998, -18.16809217 ], [ -40.25883343, -18.16812503 ], [ -40.25876791, -18.16816112 ], [ -40.25865447, -18.16822628 ], [ -40.2585562, -18.16828046 ], [ -40.25836154, -18.16839185 ], [ -40.25813324, -18.16851988 ], [ -40.25791439, -18.16864543 ], [ -40.25766185, -18.16878754 ], [ -40.2575895, -18.16883034 ], [ -40.25749994, -18.16888084 ], [ -40.25741118, -18.16893262 ], [ -40.25728857, -18.16900072 ], [ -40.25715088, -18.16907993 ], [ -40.25705383, -18.1691347 ] ] } },
{ "type": "Feature", "properties": { "Field": "000", "Length": 316.21729627055043, "Image": "/home/ubuntu/bemagro/data/image/Orthomosaico.tif", "Farm": "data" }, "geometry": { "type": "LineString", "coordinates": [ [ -40.25961784, -18.16766825 ], [ -40.2596019, -18.1676771 ], [ -40.25959404, -18.16768212 ], [ -40.25958632, -18.16768733 ], [ -40.25957835, -18.16769219 ], [ -40.25955398, -18.16770606 ], [ -40.25951255, -18.1677278 ], [ -40.25944697, -18.1677638 ], [ -40.25930081, -18.16784707 ], [ -40.25908825, -18.16796504 ], [ -40.25901516, -18.16800666 ], [ -40.25893298, -18.16805133 ], [ -40.25888411, -18.16807884 ], [ -40.25881959, -18.16811655 ], [ -40.25873774, -18.16816176 ], [ -40.25865674, -18.16820836 ], [ -40.25846902, -18.16831321 ], [ -40.25840463, -18.16835113 ], [ -40.25832294, -18.1683966 ], [ -40.25817678, -18.16847988 ], [ -40.25811128, -18.16851602 ], [ -40.2579251, -18.16862336 ], [ -40.25766414, -18.16876961 ], [ -40.25755128, -18.16883569 ], [ -40.25729888, -18.16897802 ], [ -40.25721006, -18.16902971 ], [ -40.2570452, -18.16912303 ] ] } },
{ "type": "Feature", "properties": { "Field": "000", "Length": 316.52221509799244, "Image": "/home/ubuntu/bemagro/data/image/Orthomosaico.tif", "Farm": "data" }, "geometry": { "type": "LineString", "coordinates": [ [ -40.25961226, -18.1676559 ], [ -40.25956429, -18.16768397 ], [ -40.25955614, -18.16768855 ], [ -40.25947372, -18.1677328 ], [ -40.2592295, -18.16787061 ], [ -40.2590742, -18.16795686 ], [ -40.25900919, -18.16799379 ], [ -40.25891081, -18.16804778 ], [ -40.25881365, -18.16810374 ], [ -40.25875631, -18.16813532 ], [ -40.25852037, -18.16826876 ], [ -40.25847129, -18.16829594 ], [ -40.25846318, -18.16830057 ], [ -40.25842297, -18.16832432 ], [ -40.25825239, -18.16842138 ], [ -40.25816293, -18.16847206 ], [ -40.2580811, -18.1685173 ], [ -40.2578947, -18.1686243 ], [ -40.2576665, -18.16875249 ], [ -40.25757756, -18.16880399 ], [ -40.25747173, -18.16886371 ], [ -40.25739081, -18.16891042 ], [ -40.25726024, -18.16898339 ], [ -40.25716289, -18.16903906 ], [ -40.25708219, -18.16908613 ], [ -40.25703671, -18.16911155 ] ] } },
{ "type": "Feature", "properties": { "Field": "000", "Length": 316.86924464379911, "Image": "/home/ubuntu/bemagro/data/image/Orthomosaico.tif", "Farm": "data" }, "geometry": { "type": "LineString", "coordinates": [ [ -40.25702771, -18.16909937 ], [ -40.25727193, -18.1689605 ], [ -40.25739446, -18.16889228 ], [ -40.25744272, -18.1688638 ], [ -40.25757316, -18.1687906 ], [ -40.25782452, -18.1686466 ], [ -40.25788203, -18.16861531 ], [ -40.25797152, -18.16856469 ], [ -40.25806046, -18.16851318 ], [ -40.2581587, -18.16845897 ], [ -40.25828049, -18.16838954 ], [ -40.25836109, -18.16834233 ], [ -40.25841017, -18.16831515 ], [ -40.25847494, -18.16827784 ], [ -40.25875199, -18.16812208 ], [ -40.25881762, -18.16808617 ], [ -40.25889022, -18.16804376 ], [ -40.25901224, -18.16797471 ], [ -40.25922492, -18.16785696 ], [ -40.25932219, -18.16780117 ], [ -40.25942041, -18.16774691 ], [ -40.25947716, -18.16771438 ], [ -40.25951836, -18.16769223 ], [ -40.25955178, -18.16767534 ], [ -40.25958351, -18.16765567 ], [ -40.25960616, -18.16764242 ] ] } },
{ "type": "Feature", "properties": { "Field": "000", "Length": 317.2177059277106, "Image": "/home/ubuntu/bemagro/data/image/Orthomosaico.tif", "Farm": "data" }, "geometry": { "type": "LineString", "coordinates": [ [ -40.25960022, -18.16762885 ], [ -40.25954495, -18.16766278 ], [ -40.25953674, -18.16766725 ], [ -40.25948701, -18.16769334 ], [ -40.25943822, -18.16772098 ], [ -40.25932367, -18.16778433 ], [ -40.25923461, -18.16783564 ], [ -40.25898928, -18.16797164 ], [ -40.25881912, -18.16806938 ], [ -40.25871271, -18.16812814 ], [ -40.25867221, -18.16815144 ], [ -40.2585416, -18.16822434 ], [ -40.25846053, -18.16827083 ], [ -40.25837074, -18.16832096 ], [ -40.25826575, -18.16838201 ], [ -40.25820052, -18.16841859 ], [ -40.25813579, -18.16845597 ], [ -40.25802945, -18.16851485 ], [ -40.25797311, -18.16854803 ], [ -40.25788357, -18.16859857 ], [ -40.25782597, -18.16862971 ], [ -40.25781783, -18.16863431 ], [ -40.25752581, -18.16880135 ], [ -40.25741991, -18.16886095 ], [ -40.25737147, -18.16888916 ], [ -40.25722493, -18.16897183 ], [ -40.25720023, -18.16898515 ], [ -40.25705425, -18.16906873 ], [ -40.25701925, -18.16908793 ] ] } },
{ "type": "Feature", "properties": { "Field": "000", "Length": 317.60207213590849, "Image": "/home/ubuntu/bemagro/data/image/Orthomosaico.tif", "Farm": "data" }, "geometry": { "type": "LineString", "coordinates": [ [ -40.25959607, -18.16761736 ], [ -40.25954784, -18.16764501 ], [ -40.25953966, -18.16764954 ], [ -40.25951474, -18.16766247 ], [ -40.25945732, -18.16769392 ], [ -40.25941678, -18.16771716 ], [ -40.25931873, -18.16777167 ], [ -40.25922135, -18.1678273 ], [ -40.25914752, -18.16786771 ], [ -40.25905794, -18.16791818 ], [ -40.25898421, -18.16795877 ], [ -40.25883814, -18.16804219 ], [ -40.25880596, -18.16806117 ], [ -40.25862612, -18.16816101 ], [ -40.25852839, -18.16821607 ], [ -40.25834952, -18.16831749 ], [ -40.25823655, -18.16838339 ], [ -40.25814676, -18.16843352 ], [ -40.25809003, -18.1684661 ], [ -40.25800002, -18.16851586 ], [ -40.25789479, -18.16857654 ], [ -40.25777218, -18.16864462 ], [ -40.25772375, -18.16867285 ], [ -40.25758541, -18.16875101 ], [ -40.25748008, -18.16881154 ], [ -40.25731722, -18.16890334 ], [ -40.2572526, -18.16894088 ], [ -40.25717885, -18.16898144 ], [ -40.25701103, -18.16907681 ] ] } },
{ "type": "Feature", "properties": { "Field": "000", "Length": 317.98886966530245, "Image": "/home/ubuntu/bemagro/data/image/Orthomosaico.tif", "Farm": "data" }, "geometry": { "type": "LineString", "coordinates": [ [ -40.257003, -18.16906595 ], [ -40.25709226, -18.16901423 ], [ -40.25725566, -18.16892331 ], [ -40.25729585, -18.16889953 ], [ -40.25738542, -18.16884904 ], [ -40.25741748, -18.16882988 ], [ -40.25753183, -18.16876618 ], [ -40.25762093, -18.16871494 ], [ -40.25769433, -18.16867381 ], [ -40.2577427, -18.1686455 ], [ -40.25788163, -18.16856829 ], [ -40.25803554, -18.16847978 ], [ -40.25809301, -18.16844842 ], [ -40.25821514, -18.16837955 ], [ -40.25838495, -18.16828127 ], [ -40.25858054, -18.16817136 ], [ -40.25870232, -18.16810192 ], [ -40.25881702, -18.16803882 ], [ -40.25895467, -18.16795955 ], [ -40.25924061, -18.16780043 ], [ -40.25942763, -18.16769442 ], [ -40.25950973, -18.16764964 ], [ -40.25955159, -18.16762866 ], [ -40.25957624, -18.16761525 ], [ -40.25959203, -18.1676062 ] ] } },
{ "type": "Feature", "properties": { "Field": "000", "Length": 318.44010631785676, "Image": "/home/ubuntu/bemagro/data/image/Orthomosaico.tif", "Farm": "data" }, "geometry": { "type": "LineString", "coordinates": [ [ -40.25699442, -18.16905434 ], [ -40.25708288, -18.16900297 ], [ -40.25723777, -18.16891603 ], [ -40.25732666, -18.16886445 ], [ -40.25751438, -18.1687596 ], [ -40.25757099, -18.16872683 ], [ -40.25768509, -18.16866274 ], [ -40.25774159, -18.16862981 ], [ -40.25788019, -18.16855206 ], [ -40.25796073, -18.16850475 ], [ -40.25809979, -18.16842776 ], [ -40.25815644, -18.16839506 ], [ -40.25821367, -18.16836331 ], [ -40.25833557, -18.16829408 ], [ -40.25835955, -18.1682796 ], [ -40.25843256, -18.16823785 ], [ -40.25857939, -18.16815564 ], [ -40.25870914, -18.16808134 ], [ -40.25879921, -18.16803167 ], [ -40.25888018, -18.16798504 ], [ -40.25899441, -18.16792115 ], [ -40.25906739, -18.16787935 ], [ -40.259174, -18.16782091 ], [ -40.25943451, -18.16767393 ], [ -40.25950035, -18.16763838 ], [ -40.25955035, -18.16761277 ], [ -40.25956679, -18.16760385 ], [ -40.25958701, -18.16759232 ] ] } },
{ "type": "Feature", "properties": { "Field": "000", "Length": 318.85946918727768, "Image": "/home/ubuntu/bemagro/data/image/Orthomosaico.tif", "Farm": "data" }, "geometry": { "type": "LineString", "coordinates": [ [ -40.25698605, -18.16904303 ], [ -40.25703463, -18.16901417 ], [ -40.25709138, -18.16898164 ], [ -40.2572544, -18.16889011 ], [ -40.25729472, -18.16886653 ], [ -40.25740048, -18.16880671 ], [ -40.25753119, -18.16873395 ], [ -40.25780712, -18.16857639 ], [ -40.25787244, -18.16853996 ], [ -40.25796135, -18.16848842 ], [ -40.25805132, -18.16843858 ], [ -40.25812428, -18.16839674 ], [ -40.2582142, -18.16834683 ], [ -40.25827079, -18.16831403 ], [ -40.25836032, -18.16826349 ], [ -40.25847353, -18.16819797 ], [ -40.25857182, -18.16814383 ], [ -40.25869316, -18.16807369 ], [ -40.25878322, -18.168024 ], [ -40.25892939, -18.16794072 ], [ -40.25928046, -18.16774487 ], [ -40.25941875, -18.16766662 ], [ -40.25955897, -18.16759157 ], [ -40.25958244, -18.16757968 ] ] } },
{ "type": "Feature", "properties": { "Field": "000", "Length": 319.33238404071324, "Image": "/home/ubuntu/bemagro/data/image/Orthomosaico.tif", "Farm": "data" }, "geometry": { "type": "LineString", "coordinates": [ [ -40.25957705, -18.16756477 ], [ -40.25955239, -18.16757722 ], [ -40.25950305, -18.16760396 ], [ -40.25933947, -18.16769458 ], [ -40.25925837, -18.16774101 ], [ -40.25898847, -18.16789052 ], [ -40.25883421, -18.16797847 ], [ -40.25871165, -18.16804664 ], [ -40.25864686, -18.16808392 ], [ -40.2585247, -18.16815275 ], [ -40.25846734, -18.16818429 ], [ -40.25823252, -18.16831952 ], [ -40.25806953, -18.16841111 ], [ -40.2576144, -18.16866955 ], [ -40.25741833, -18.16877866 ], [ -40.25728895, -18.16885356 ], [ -40.25716658, -18.16892205 ], [ -40.25706107, -18.16898227 ], [ -40.25697742, -18.16903136 ] ] } },
{ "type": "Feature", "properties": { "Field": "000", "Length": 319.76379212151267, "Image": "/home/ubuntu/bemagro/data/image/Orthomosaico.tif", "Farm": "data" }, "geometry": { "type": "LineString", "coordinates": [ [ -40.25957236, -18.16755181 ], [ -40.25950622, -18.16758591 ], [ -40.25944932, -18.16761821 ], [ -40.25937533, -18.16765836 ], [ -40.25926168, -18.16772318 ], [ -40.25910643, -18.16780951 ], [ -40.25906527, -18.16783172 ], [ -40.25895109, -18.1678957 ], [ -40.25882129, -18.16796991 ], [ -40.25868219, -18.16804685 ], [ -40.2585606, -18.16811657 ], [ -40.25846242, -18.1681709 ], [ -40.25830059, -18.16826435 ], [ -40.25782884, -18.16853144 ], [ -40.25767472, -18.16861961 ], [ -40.25738102, -18.16878393 ], [ -40.25726773, -18.16884933 ], [ -40.25707221, -18.16895934 ], [ -40.25696898, -18.16901994 ] ] } },
{ "type": "Feature", "properties": { "Field": "000", "Length": 320.2468972685167, "Image": "/home/ubuntu/bemagro/data/image/Orthomosaico.tif", "Farm": "data" }, "geometry": { "type": "LineString", "coordinates": [ [ -40.25956693, -18.16753674 ], [ -40.25955906, -18.16754084 ], [ -40.25955113, -18.16754577 ], [ -40.25954307, -18.16755049 ], [ -40.25943682, -18.16760952 ], [ -40.25936269, -18.16764943 ], [ -40.25917551, -18.16775516 ], [ -40.25906901, -18.16781378 ], [ -40.25888184, -18.16791954 ], [ -40.25886535, -18.16792837 ], [ -40.25880886, -18.16796131 ], [ -40.25868597, -18.16802894 ], [ -40.25855621, -18.16810322 ], [ -40.25844172, -18.16816668 ], [ -40.25835274, -18.16821812 ], [ -40.25833684, -18.1682279 ], [ -40.25832875, -18.16823256 ], [ -40.25824708, -18.16827807 ], [ -40.25814179, -18.16833866 ], [ -40.25806048, -18.16838474 ], [ -40.2580358, -18.1683981 ], [ -40.25802766, -18.1684027 ], [ -40.25797099, -18.16843536 ], [ -40.2578651, -18.16849497 ], [ -40.25784908, -18.16850457 ], [ -40.25783253, -18.16851331 ], [ -40.25782437, -18.16851788 ], [ -40.25774348, -18.16856463 ], [ -40.25762933, -18.16862865 ], [ -40.25759703, -18.16864744 ], [ -40.25758888, -18.16865202 ], [ -40.25750707, -18.16869729 ], [ -40.25743412, -18.16873914 ], [ -40.25738482, -18.16876596 ], [ -40.25737668, -18.16877054 ], [ -40.25727926, -18.1688261 ], [ -40.25725528, -18.16884058 ], [ -40.25724716, -18.16884521 ], [ -40.25714094, -18.16890428 ], [ -40.2571249, -18.16891385 ], [ -40.2571168, -18.16891851 ], [ -40.25704352, -18.16895983 ], [ -40.25696067, -18.1690087 ] ] } },
{ "type": "Feature", "properties": { "Field": "000", "Length": 320.86217355686875, "Image": "/home/ubuntu/bemagro/data/image/Orthomosaico.tif", "Farm": "data" }, "geometry": { "type": "LineString", "coordinates": [ [ -40.25956286, -18.16752161 ], [ -40.25954676, -18.16753015 ], [ -40.2595231, -18.1675451 ], [ -40.25948264, -18.16756845 ], [ -40.25931032, -18.16766267 ], [ -40.25918047, -18.16773682 ], [ -40.259066, -18.1678003 ], [ -40.25902479, -18.16782243 ], [ -40.25888637, -18.16790047 ], [ -40.25874036, -18.16798399 ], [ -40.25866647, -18.16802431 ], [ -40.25853686, -18.16809884 ], [ -40.25846293, -18.16813908 ], [ -40.25841419, -18.16816681 ], [ -40.25832558, -18.16821883 ], [ -40.2582439, -18.16826431 ], [ -40.25809784, -18.16834776 ], [ -40.25800803, -18.16839787 ], [ -40.25785396, -18.16848611 ], [ -40.2578046, -18.16851282 ], [ -40.25773219, -18.16855551 ], [ -40.25763435, -18.1686104 ], [ -40.25762623, -18.16861503 ], [ -40.25761025, -18.16862468 ], [ -40.25759374, -18.16863349 ], [ -40.25756146, -18.16865231 ], [ -40.25752039, -18.16867468 ], [ -40.25741458, -18.16873442 ], [ -40.25738152, -18.16875197 ], [ -40.25730019, -18.16879803 ], [ -40.25722754, -18.16884034 ], [ -40.25717831, -18.16886727 ], [ -40.25703201, -18.16895033 ], [ -40.25695195, -18.16899691 ] ] } },
{ "type": "Feature", "properties": { "Field": "000", "Length": 321.35700366854672, "Image": "/home/ubuntu/bemagro/data/image/Orthomosaico.tif", "Farm": "data" }, "geometry": { "type": "LineString", "coordinates": [ [ -40.25955972, -18.16750991 ], [ -40.25952636, -18.16752703 ], [ -40.25945345, -18.16756894 ], [ -40.25930569, -18.1676496 ], [ -40.25914316, -18.16774193 ], [ -40.25900369, -18.16781825 ], [ -40.25872742, -18.16797526 ], [ -40.25866185, -18.16801127 ], [ -40.25853218, -18.1680857 ], [ -40.25843393, -18.1681399 ], [ -40.25832095, -18.1682058 ], [ -40.25823105, -18.16825574 ], [ -40.25819066, -18.16827921 ], [ -40.2580115, -18.16838016 ], [ -40.25785743, -18.16846841 ], [ -40.25777555, -18.16851357 ], [ -40.25771109, -18.16855137 ], [ -40.25760565, -18.16861172 ], [ -40.25735241, -18.16875268 ], [ -40.25722262, -18.16882692 ], [ -40.25714896, -18.16886762 ], [ -40.25694317, -18.16898503 ] ] } },
{ "type": "Feature", "properties": { "Field": "000", "Length": 321.93647040240597, "Image": "/home/ubuntu/bemagro/data/image/Orthomosaico.tif", "Farm": "data" }, "geometry": { "type": "LineString", "coordinates": [ [ -40.25693462, -18.16897347 ], [ -40.2571059, -18.16887644 ], [ -40.25714619, -18.16885282 ], [ -40.25722807, -18.16880764 ], [ -40.25733352, -18.16874733 ], [ -40.25747202, -18.16866941 ], [ -40.2575375, -18.16863324 ], [ -40.25756241, -18.16862028 ], [ -40.25761133, -18.16859284 ], [ -40.25774858, -18.16851294 ], [ -40.25796872, -18.16838947 ], [ -40.25800079, -18.16837032 ], [ -40.2580906, -18.16832021 ], [ -40.25822843, -18.16824122 ], [ -40.25832637, -18.16818651 ], [ -40.25843945, -18.16812078 ], [ -40.2584969, -18.16808938 ], [ -40.25863492, -18.1680107 ], [ -40.25880609, -18.16791458 ], [ -40.258879, -18.16787268 ], [ -40.25894445, -18.16783645 ], [ -40.25898484, -18.16781299 ], [ -40.25916516, -18.16771393 ], [ -40.25919732, -18.16769494 ], [ -40.2593357, -18.16761683 ], [ -40.25941817, -18.16757266 ], [ -40.25954886, -18.16749987 ], [ -40.25955591, -18.16749573 ] ] } },
{ "type": "Feature", "properties": { "Field": "000", "Length": 322.54312001671559, "Image": "/home/ubuntu/bemagro/data/image/Orthomosaico.tif", "Farm": "data" }, "geometry": { "type": "LineString", "coordinates": [ [ -40.25955181, -18.1674805 ], [ -40.25950385, -18.16750855 ], [ -40.25940577, -18.16756303 ], [ -40.2593561, -18.1675892 ], [ -40.25931516, -18.16761178 ], [ -40.25917747, -18.167691 ], [ -40.25907935, -18.16774542 ], [ -40.25900538, -18.16778559 ], [ -40.25893238, -18.16782736 ], [ -40.25886689, -18.16786352 ], [ -40.25863914, -18.16799244 ], [ -40.2585493, -18.16804249 ], [ -40.2584845, -18.16807976 ], [ -40.25840285, -18.16812529 ], [ -40.25830585, -18.16818151 ], [ -40.25818347, -18.16824998 ], [ -40.25807823, -18.16831064 ], [ -40.25793137, -18.16839279 ], [ -40.25785044, -18.16843949 ], [ -40.257777, -18.16848055 ], [ -40.25771208, -18.16851763 ], [ -40.25763141, -18.16856474 ], [ -40.25735377, -18.16871951 ], [ -40.25718311, -18.16881645 ], [ -40.25713396, -18.16884352 ], [ -40.25702064, -18.16890887 ], [ -40.25692627, -18.16896217 ] ] } },
{ "type": "Feature", "properties": { "Field": "000", "Length": 323.10708884607561, "Image": "/home/ubuntu/bemagro/data/image/Orthomosaico.tif", "Farm": "data" }, "geometry": { "type": "LineString", "coordinates": [ [ -40.25954814, -18.16746682 ], [ -40.25949905, -18.16749518 ], [ -40.25931028, -18.16759831 ], [ -40.25924523, -18.16763518 ], [ -40.25915645, -18.16768693 ], [ -40.25906643, -18.16773669 ], [ -40.25900874, -18.16776767 ], [ -40.25893575, -18.16780946 ], [ -40.2587969, -18.1678868 ], [ -40.25863433, -18.16797906 ], [ -40.25858519, -18.16800613 ], [ -40.25837367, -18.16812579 ], [ -40.25833349, -18.16814958 ], [ -40.25819485, -18.16822727 ], [ -40.25797566, -18.16835228 ], [ -40.25789408, -18.16839793 ], [ -40.25785372, -18.16842145 ], [ -40.25778024, -18.16846244 ], [ -40.25765896, -18.16853268 ], [ -40.25752866, -18.16860609 ], [ -40.25741393, -18.16866915 ], [ -40.25736542, -18.16869725 ], [ -40.25727561, -18.16874734 ], [ -40.25720269, -18.16878925 ], [ -40.25706423, -18.16886722 ], [ -40.25700769, -18.16890009 ], [ -40.2569176, -18.16895045 ] ] } },
{ "type": "Feature", "properties": { "Field": "000", "Length": 323.69095633382454, "Image": "/home/ubuntu/bemagro/data/image/Orthomosaico.tif", "Farm": "data" }, "geometry": { "type": "LineString", "coordinates": [ [ -40.25954431, -18.16745261 ], [ -40.25947977, -18.16748937 ], [ -40.25939737, -18.16753366 ], [ -40.25931548, -18.1675788 ], [ -40.25912927, -18.16768609 ], [ -40.25906374, -18.16772218 ], [ -40.25898952, -18.16776194 ], [ -40.25877761, -18.16788096 ], [ -40.2586966, -18.16792752 ], [ -40.25858226, -18.16799124 ], [ -40.25830629, -18.16814872 ], [ -40.2581997, -18.16820718 ], [ -40.2581345, -18.1682438 ], [ -40.25794015, -18.1683557 ], [ -40.25776908, -18.16845197 ], [ -40.25764781, -18.16852223 ], [ -40.25754191, -18.16858183 ], [ -40.25745158, -18.16863106 ], [ -40.25731375, -18.16871005 ], [ -40.25721613, -18.16876528 ], [ -40.25714239, -18.16880585 ], [ -40.25690884, -18.16893859 ] ] } },
{ "type": "Feature", "properties": { "Field": "000", "Length": 324.34853363193747, "Image": "/home/ubuntu/bemagro/data/image/Orthomosaico.tif", "Farm": "data" }, "geometry": { "type": "LineString", "coordinates": [ [ -40.25690035, -18.16892711 ], [ -40.25703068, -18.16885286 ], [ -40.25709614, -18.16881667 ], [ -40.25715277, -18.16878394 ], [ -40.25722646, -18.16874329 ], [ -40.25742117, -18.16863198 ], [ -40.25752766, -18.16857334 ], [ -40.25764983, -18.16850454 ], [ -40.25776307, -18.16843906 ], [ -40.25792601, -18.1683474 ], [ -40.25801485, -18.16829574 ], [ -40.25817728, -18.16820325 ], [ -40.25832467, -18.16812196 ], [ -40.25845437, -18.16804758 ], [ -40.25869883, -18.16791016 ], [ -40.25877154, -18.16786793 ], [ -40.25899992, -18.16774004 ], [ -40.25905782, -18.16770942 ], [ -40.25910692, -18.16768227 ], [ -40.25928479, -18.16757926 ], [ -40.25953067, -18.16744418 ], [ -40.25954122, -18.16743819 ] ] } },
{ "type": "Feature", "properties": { "Field": "000", "Length": 325.18944839304214, "Image": "/home/ubuntu/bemagro/data/image/Orthomosaico.tif", "Farm": "data" }, "geometry": { "type": "LineString", "coordinates": [ [ -40.25953909, -18.16742216 ], [ -40.25953122, -18.16742622 ], [ -40.25950707, -18.16744044 ], [ -40.25949892, -18.16744502 ], [ -40.25944164, -18.16747669 ], [ -40.25940019, -18.16749841 ], [ -40.25931844, -18.16754377 ], [ -40.25926081, -18.16757486 ], [ -40.25919667, -18.16761316 ], [ -40.25908304, -18.16767801 ], [ -40.25900915, -18.16771833 ], [ -40.25891135, -18.16777327 ], [ -40.25885359, -18.16780414 ], [ -40.25870798, -18.16788829 ], [ -40.25863434, -18.16792903 ], [ -40.25848001, -18.16801686 ], [ -40.25842263, -18.16804835 ], [ -40.25827672, -18.16813204 ], [ -40.2582193, -18.16816347 ], [ -40.25803996, -18.16826414 ], [ -40.25790283, -18.16834424 ], [ -40.25777222, -18.16841716 ], [ -40.25770763, -18.16845475 ], [ -40.25760984, -18.1685097 ], [ -40.25754523, -18.16854728 ], [ -40.25738979, -18.16863331 ], [ -40.25720348, -18.16874044 ], [ -40.25702398, -18.16884084 ], [ -40.25699165, -18.16885959 ], [ -40.25695062, -18.16888202 ], [ -40.25689194, -18.16891574 ] ] } },
{ "type": "Feature", "properties": { "Field": "000", "Length": 326.02901473925454, "Image": "/home/ubuntu/bemagro/data/image/Orthomosaico.tif", "Farm": "data" }, "geometry": { "type": "LineString", "coordinates": [ [ -40.25953693, -18.16740596 ], [ -40.25945568, -18.16745269 ], [ -40.25938954, -18.16748774 ], [ -40.25925855, -18.16756002 ], [ -40.259178, -18.16760731 ], [ -40.25905603, -18.16767645 ], [ -40.25900661, -18.16770306 ], [ -40.25892535, -18.16774923 ], [ -40.25884293, -18.16779347 ], [ -40.25871375, -18.16786868 ], [ -40.25862382, -18.16791858 ], [ -40.25851031, -18.16798364 ], [ -40.2583959, -18.16804723 ], [ -40.25828243, -18.16811233 ], [ -40.25819235, -18.16816199 ], [ -40.25811927, -18.16820363 ], [ -40.25807827, -18.16822612 ], [ -40.25785983, -18.16835232 ], [ -40.25779468, -18.16838901 ], [ -40.25776989, -18.16840219 ], [ -40.25769725, -18.16844453 ], [ -40.25762379, -18.16848555 ], [ -40.25753481, -18.16853699 ], [ -40.25735494, -18.16863679 ], [ -40.25720965, -18.16872145 ], [ -40.25703806, -18.16881688 ], [ -40.25688354, -18.16890439 ] ] } },
{ "type": "Feature", "properties": { "Field": "000", "Length": 326.75993518288686, "Image": "/home/ubuntu/bemagro/data/image/Orthomosaico.tif", "Farm": "data" }, "geometry": { "type": "LineString", "coordinates": [ [ -40.25953509, -18.16739221 ], [ -40.25942137, -18.16745594 ], [ -40.25937991, -18.16747765 ], [ -40.25926509, -18.16754055 ], [ -40.25907019, -18.16765156 ], [ -40.25898826, -18.16769664 ], [ -40.25893164, -18.16772938 ], [ -40.25882481, -18.16778745 ], [ -40.25877612, -18.16781525 ], [ -40.25869567, -18.1678627 ], [ -40.25864658, -18.16788986 ], [ -40.25828875, -18.16809255 ], [ -40.2580684, -18.16821569 ], [ -40.25793046, -18.1682945 ], [ -40.25784164, -18.16834619 ], [ -40.25774369, -18.16840089 ], [ -40.25755749, -18.1685082 ], [ -40.25736143, -18.16861734 ], [ -40.25714302, -18.16874358 ], [ -40.25695452, -18.16884715 ], [ -40.25687496, -18.16889278 ] ] } },
{ "type": "Feature", "properties": { "Field": "000", "Length": 327.50835739452236, "Image": "/home/ubuntu/bemagro/data/image/Orthomosaico.tif", "Farm": "data" }, "geometry": { "type": "LineString", "coordinates": [ [ -40.25953321, -18.16737809 ], [ -40.25946836, -18.16741432 ], [ -40.25926292, -18.16752598 ], [ -40.25915698, -18.16758552 ], [ -40.25905969, -18.16764127 ], [ -40.25898593, -18.1676818 ], [ -40.25892097, -18.16771881 ], [ -40.25882257, -18.16777276 ], [ -40.25863631, -18.16787997 ], [ -40.2583512, -18.16804046 ], [ -40.25827819, -18.16808221 ], [ -40.25813941, -18.16815967 ], [ -40.25804212, -18.16821543 ], [ -40.25792805, -18.16827958 ], [ -40.25784736, -18.16832665 ], [ -40.25774177, -18.16838675 ], [ -40.25770896, -18.1684047 ], [ -40.25754707, -18.16849807 ], [ -40.25735102, -18.16860721 ], [ -40.25716522, -18.16871515 ], [ -40.25715709, -18.16871975 ], [ -40.25708329, -18.16876022 ], [ -40.25700994, -18.16880143 ], [ -40.2569359, -18.1688415 ], [ -40.25692774, -18.16884605 ], [ -40.25686653, -18.16888137 ] ] } },
{ "type": "Feature", "properties": { "Field": "000", "Length": 328.35227268291186, "Image": "/home/ubuntu/bemagro/data/image/Orthomosaico.tif", "Farm": "data" }, "geometry": { "type": "LineString", "coordinates": [ [ -40.25953105, -18.16736188 ], [ -40.25950359, -18.16737715 ], [ -40.25947838, -18.16738956 ], [ -40.25946264, -18.16739958 ], [ -40.25939752, -18.16743634 ], [ -40.25925799, -18.16751254 ], [ -40.25918482, -18.16755405 ], [ -40.2591356, -18.16758098 ], [ -40.25903847, -18.167637 ], [ -40.2587684, -18.16778624 ], [ -40.25862315, -18.16787098 ], [ -40.25851692, -18.16793004 ], [ -40.25839515, -18.16799949 ], [ -40.2583053, -18.16804952 ], [ -40.25820809, -18.16810542 ], [ -40.25808568, -18.16817382 ], [ -40.25796391, -18.16824328 ], [ -40.25790748, -18.16827631 ], [ -40.25759053, -18.16845633 ], [ -40.25752596, -18.16849396 ], [ -40.2574282, -18.16854897 ], [ -40.25734621, -18.16859395 ], [ -40.25713573, -18.16871527 ], [ -40.25706995, -18.16875094 ], [ -40.25700509, -18.16878811 ], [ -40.25685835, -18.16887031 ] ] } },
{ "type": "Feature", "properties": { "Field": "000", "Length": 329.08628323661264, "Image": "/home/ubuntu/bemagro/data/image/Orthomosaico.tif", "Farm": "data" }, "geometry": { "type": "LineString", "coordinates": [ [ -40.25952841, -18.16734657 ], [ -40.25947138, -18.16737769 ], [ -40.25943908, -18.16739648 ], [ -40.2593331, -18.16745595 ], [ -40.25924265, -18.16750499 ], [ -40.25918574, -18.16753727 ], [ -40.25915284, -18.16755508 ], [ -40.25903119, -18.16762472 ], [ -40.25890003, -18.16769672 ], [ -40.25877754, -18.16776501 ], [ -40.25864014, -18.16784468 ], [ -40.25854213, -18.16789928 ], [ -40.25841233, -18.1679735 ], [ -40.25832243, -18.16802346 ], [ -40.2582089, -18.16808846 ], [ -40.25807826, -18.16816132 ], [ -40.25789228, -18.16826898 ], [ -40.25770498, -18.16837453 ], [ -40.25759132, -18.16843935 ], [ -40.25751061, -18.16848638 ], [ -40.25743725, -18.16852757 ], [ -40.25738779, -18.16855412 ], [ -40.25737966, -18.16855872 ], [ -40.25713651, -18.16869825 ], [ -40.25704653, -18.16874807 ], [ -40.25685033, -18.16885946 ] ] } },
{ "type": "Feature", "properties": { "Field": "000", "Length": 329.67455020026495, "Image": "/home/ubuntu/bemagro/data/image/Orthomosaico.tif", "Farm": "data" }, "geometry": { "type": "LineString", "coordinates": [ [ -40.25952589, -18.16733475 ], [ -40.25949203, -18.16734977 ], [ -40.2594836, -18.16735384 ], [ -40.25945928, -18.16736777 ], [ -40.25938535, -18.16740802 ], [ -40.25929598, -18.16745884 ], [ -40.25913236, -18.16754939 ], [ -40.25897805, -18.16763725 ], [ -40.25882213, -18.16772247 ], [ -40.25864429, -18.16782553 ], [ -40.25859547, -18.16785314 ], [ -40.25850528, -18.1679026 ], [ -40.25818866, -18.16808315 ], [ -40.25811487, -18.16812363 ], [ -40.25800972, -18.16818443 ], [ -40.25792825, -18.16823026 ], [ -40.25779906, -18.16830544 ], [ -40.25758738, -18.16842485 ], [ -40.25751472, -18.16846716 ], [ -40.2575066, -18.16847178 ], [ -40.25743243, -18.16851161 ], [ -40.25739169, -18.16853453 ], [ -40.25732684, -18.16857171 ], [ -40.25726248, -18.16860967 ], [ -40.25709195, -18.16870683 ], [ -40.2569776, -18.16877051 ], [ -40.25684168, -18.16884777 ] ] } },
{ "type": "Feature", "properties": { "Field": "000", "Length": 330.41357254570943, "Image": "/home/ubuntu/bemagro/data/image/Orthomosaico.tif", "Farm": "data" }, "geometry": { "type": "LineString", "coordinates": [ [ -40.25683263, -18.16883552 ], [ -40.25688964, -18.16880431 ], [ -40.25702793, -18.16872606 ], [ -40.2570771, -18.16869903 ], [ -40.25722285, -18.1686151 ], [ -40.25729611, -18.16857374 ], [ -40.25739295, -18.16851727 ], [ -40.25743374, -18.16849445 ], [ -40.25751607, -18.16845003 ], [ -40.25757252, -18.16841703 ], [ -40.25762168, -18.16838998 ], [ -40.25781639, -18.16827867 ], [ -40.25793755, -18.16820825 ], [ -40.25800274, -18.16817162 ], [ -40.2580754, -18.1681293 ], [ -40.25818188, -18.16807066 ], [ -40.25823034, -18.16804249 ], [ -40.25832828, -18.16798778 ], [ -40.25847405, -18.16790386 ], [ -40.2586539, -18.16780404 ], [ -40.25882345, -18.16770534 ], [ -40.25885657, -18.16768789 ], [ -40.25897144, -18.16762507 ], [ -40.25911746, -18.16754157 ], [ -40.25929756, -18.16744215 ], [ -40.25940325, -18.16738221 ], [ -40.25942818, -18.1673693 ], [ -40.25946037, -18.16735033 ], [ -40.25952233, -18.16731805 ] ] } },
{ "type": "Feature", "properties": { "Field": "000", "Length": 331.00264838850842, "Image": "/home/ubuntu/bemagro/data/image/Orthomosaico.tif", "Farm": "data" }, "geometry": { "type": "LineString", "coordinates": [ [ -40.25951965, -18.16730551 ], [ -40.25946104, -18.16733386 ], [ -40.25929848, -18.16742613 ], [ -40.25923271, -18.16746182 ], [ -40.25911007, -18.16752986 ], [ -40.25896413, -18.16761349 ], [ -40.2588085, -18.16769919 ], [ -40.25865474, -18.16778793 ], [ -40.25858084, -18.16782822 ], [ -40.25840175, -18.16792929 ], [ -40.25832912, -18.16797165 ], [ -40.25824731, -18.16801692 ], [ -40.25817438, -18.1680588 ], [ -40.25807609, -18.16811293 ], [ -40.2578977, -18.16821512 ], [ -40.25780077, -18.16827147 ], [ -40.25774369, -18.16830347 ], [ -40.25761407, -18.16837797 ], [ -40.25757314, -18.16840057 ], [ -40.25749224, -18.16844732 ], [ -40.25743464, -18.16847846 ], [ -40.257345, -18.16852882 ], [ -40.25727224, -18.16857098 ], [ -40.25723132, -18.1685936 ], [ -40.25710211, -18.16866875 ], [ -40.25694688, -18.16875512 ], [ -40.25682438, -18.16882437 ] ] } },
{ "type": "Feature", "properties": { "Field": "000", "Length": 331.68145223348898, "Image": "/home/ubuntu/bemagro/data/image/Orthomosaico.tif", "Farm": "data" }, "geometry": { "type": "LineString", "coordinates": [ [ -40.25951636, -18.1672901 ], [ -40.2594669, -18.16731565 ], [ -40.25945866, -18.16732009 ], [ -40.25941833, -18.16734364 ], [ -40.25920544, -18.16746106 ], [ -40.25917297, -18.16747957 ], [ -40.25909909, -18.1675199 ], [ -40.25900205, -18.16757606 ], [ -40.2587815, -18.16769886 ], [ -40.25863558, -18.16778252 ], [ -40.2585536, -18.16782751 ], [ -40.25849699, -18.16786028 ], [ -40.25836665, -18.16793362 ], [ -40.25832635, -18.16795723 ], [ -40.25800843, -18.16813567 ], [ -40.25787874, -18.16821006 ], [ -40.25783855, -18.16823384 ], [ -40.25768433, -18.16832185 ], [ -40.25761906, -18.16835836 ], [ -40.25758687, -18.16837733 ], [ -40.25753785, -18.16840459 ], [ -40.25747301, -18.16844181 ], [ -40.25739933, -18.16848247 ], [ -40.25727751, -18.16855183 ], [ -40.25722839, -18.16857894 ], [ -40.25708296, -18.16866339 ], [ -40.25698516, -18.16871833 ], [ -40.25690307, -18.16876315 ], [ -40.25681627, -18.16881339 ] ] } },
{ "type": "Feature", "properties": { "Field": "000", "Length": 332.43509281530146, "Image": "/home/ubuntu/bemagro/data/image/Orthomosaico.tif", "Farm": "data" }, "geometry": { "type": "LineString", "coordinates": [ [ -40.25680777, -18.16880191 ], [ -40.25688876, -18.16875463 ], [ -40.25701974, -18.16868233 ], [ -40.25714978, -18.1686085 ], [ -40.25722236, -18.16856606 ], [ -40.257288, -18.16853016 ], [ -40.25735316, -18.16849347 ], [ -40.25740159, -18.16846526 ], [ -40.25749143, -18.1684152 ], [ -40.25751557, -18.16840097 ], [ -40.25757265, -18.16836898 ], [ -40.25764532, -18.16832669 ], [ -40.25769444, -18.16829957 ], [ -40.25783252, -18.16822098 ], [ -40.25784061, -18.16821632 ], [ -40.25787266, -18.16819713 ], [ -40.25788074, -18.16819245 ], [ -40.25798618, -18.16813211 ], [ -40.25815759, -18.16803638 ], [ -40.25834424, -18.16792978 ], [ -40.25843397, -18.16787956 ], [ -40.25854737, -18.16781433 ], [ -40.25870254, -18.16772786 ], [ -40.25882422, -18.16765827 ], [ -40.25893855, -18.16759455 ], [ -40.25908472, -18.16751129 ], [ -40.25925662, -18.16741637 ], [ -40.25938711, -18.16734326 ], [ -40.25939533, -18.1673388 ], [ -40.2594037, -18.1673346 ], [ -40.25941188, -18.16733008 ], [ -40.25944401, -18.16731103 ], [ -40.25945221, -18.16730654 ], [ -40.25946881, -18.16729788 ], [ -40.25948511, -18.16728874 ], [ -40.2594932, -18.16728407 ], [ -40.25950117, -18.16727921 ], [ -40.25951271, -18.16727303 ] ] } },
{ "type": "Feature", "properties": { "Field": "000", "Length": 333.17318663510656, "Image": "/home/ubuntu/bemagro/data/image/Orthomosaico.tif", "Farm": "data" }, "geometry": { "type": "LineString", "coordinates": [ [ -40.25679932, -18.16879048 ], [ -40.25687228, -18.16874777 ], [ -40.25701126, -18.16867063 ], [ -40.25706788, -18.1686379 ], [ -40.25713312, -18.16860134 ], [ -40.25721383, -18.16855429 ], [ -40.25735283, -18.16847719 ], [ -40.25740129, -18.16844902 ], [ -40.25757228, -18.16835262 ], [ -40.2576531, -18.16830574 ], [ -40.2577999, -18.16822349 ], [ -40.25796154, -18.16812976 ], [ -40.25802711, -18.16809373 ], [ -40.25814113, -18.1680295 ], [ -40.25827026, -18.16795596 ], [ -40.25831131, -18.1679318 ], [ -40.25844928, -18.16785481 ], [ -40.25851472, -18.1678168 ], [ -40.25868523, -18.1677214 ], [ -40.25877504, -18.16766953 ], [ -40.25890564, -18.1675966 ], [ -40.25914157, -18.16746315 ], [ -40.25941931, -18.16731034 ], [ -40.25946767, -18.16728201 ], [ -40.25948393, -18.16727278 ], [ -40.25949268, -18.16726742 ], [ -40.25950088, -18.16726291 ], [ -40.25951023, -18.16725811 ] ] } },
{ "type": "Feature", "properties": { "Field": "000", "Length": 334.05588323037182, "Image": "/home/ubuntu/bemagro/data/image/Orthomosaico.tif", "Farm": "data" }, "geometry": { "type": "LineString", "coordinates": [ [ -40.25679038, -18.16877838 ], [ -40.25691199, -18.16870783 ], [ -40.25700239, -18.16865871 ], [ -40.25705075, -18.16863038 ], [ -40.25713247, -18.16858497 ], [ -40.25722958, -18.16852892 ], [ -40.25734415, -18.16846558 ], [ -40.25742494, -18.16841866 ], [ -40.25749857, -18.16837793 ], [ -40.25766061, -18.16828481 ], [ -40.25776703, -18.16822606 ], [ -40.25795296, -18.16811833 ], [ -40.25814903, -18.16800922 ], [ -40.25827822, -18.16793402 ], [ -40.25844978, -18.16783855 ], [ -40.25855484, -18.1677776 ], [ -40.25863667, -18.16773236 ], [ -40.2588966, -18.16758446 ], [ -40.25904369, -18.16750268 ], [ -40.25919816, -18.16741508 ], [ -40.25942758, -18.16728889 ], [ -40.25943569, -18.16728424 ], [ -40.25945131, -18.16727406 ], [ -40.25947564, -18.16726016 ], [ -40.25948355, -18.16725523 ], [ -40.25949173, -18.16725069 ], [ -40.25950843, -18.16724202 ] ] } },
{ "type": "Feature", "properties": { "Field": "000", "Length": 334.88756749108097, "Image": "/home/ubuntu/bemagro/data/image/Orthomosaico.tif", "Farm": "data" }, "geometry": { "type": "LineString", "coordinates": [ [ -40.25678147, -18.16876633 ], [ -40.25686208, -18.16872 ], [ -40.25699298, -18.16864757 ], [ -40.25704945, -18.1686146 ], [ -40.25714742, -18.16855994 ], [ -40.25722027, -18.16851792 ], [ -40.25732668, -18.16845916 ], [ -40.2574237, -18.16840298 ], [ -40.25749742, -18.16836238 ], [ -40.25750555, -18.16835777 ], [ -40.25762687, -18.16828759 ], [ -40.25772516, -18.16823347 ], [ -40.25783002, -18.16817221 ], [ -40.2579355, -18.16811193 ], [ -40.25813155, -18.16800278 ], [ -40.25824452, -18.16793688 ], [ -40.25844868, -18.1678231 ], [ -40.25856987, -18.16775272 ], [ -40.25877397, -18.16763884 ], [ -40.25894427, -18.16754132 ], [ -40.25907464, -18.16746803 ], [ -40.25910754, -18.16745021 ], [ -40.25915618, -18.16742233 ], [ -40.25923779, -18.16737673 ], [ -40.25929552, -18.16734581 ], [ -40.25936869, -18.16730432 ], [ -40.25940994, -18.16728225 ], [ -40.25941798, -18.16727752 ], [ -40.25944171, -18.16726267 ], [ -40.25944986, -18.16725811 ], [ -40.25946646, -18.16724946 ], [ -40.25947428, -18.16724442 ], [ -40.25948237, -18.16723977 ], [ -40.25949904, -18.16723124 ], [ -40.25950674, -18.16722693 ] ] } },
{ "type": "Feature", "properties": { "Field": "000", "Length": 335.7611594285388, "Image": "/home/ubuntu/bemagro/data/image/Orthomosaico.tif", "Farm": "data" }, "geometry": { "type": "LineString", "coordinates": [ [ -40.25677344, -18.16875547 ], [ -40.25682997, -18.16872211 ], [ -40.25707442, -18.16858468 ], [ -40.25718781, -18.16851943 ], [ -40.25734304, -18.16843306 ], [ -40.25739957, -18.16840018 ], [ -40.25748957, -18.1683504 ], [ -40.25759496, -18.16828997 ], [ -40.25764313, -18.16826135 ], [ -40.25774133, -18.16820707 ], [ -40.25787051, -18.16813186 ], [ -40.25815596, -18.16797193 ], [ -40.25838323, -18.16784224 ], [ -40.25846503, -18.16779695 ], [ -40.25855403, -18.16774555 ], [ -40.25865196, -18.16769082 ], [ -40.25872494, -18.16764902 ], [ -40.25877413, -18.16762202 ], [ -40.25889566, -18.1675522 ], [ -40.25901799, -18.16748365 ], [ -40.25909086, -18.16744167 ], [ -40.25918071, -18.16739164 ], [ -40.2592374, -18.16735901 ], [ -40.25929495, -18.16732779 ], [ -40.25932726, -18.16730901 ], [ -40.25945842, -18.16723701 ], [ -40.25946593, -18.16723152 ], [ -40.25947414, -18.16722704 ], [ -40.25949082, -18.16721854 ], [ -40.25950491, -18.16721053 ] ] } },
{ "type": "Feature", "properties": { "Field": "000", "Length": 336.48359944474976, "Image": "/home/ubuntu/bemagro/data/image/Orthomosaico.tif", "Farm": "data" }, "geometry": { "type": "LineString", "coordinates": [ [ -40.25676491, -18.16874393 ], [ -40.25690231, -18.16866513 ], [ -40.25713043, -18.1685368 ], [ -40.25720324, -18.16849473 ], [ -40.25748039, -18.16833915 ], [ -40.25760204, -18.16826951 ], [ -40.25765022, -18.16824089 ], [ -40.257797, -18.16815862 ], [ -40.2578696, -18.16811621 ], [ -40.25809794, -18.16798824 ], [ -40.25818716, -18.16793719 ], [ -40.25821188, -18.16792392 ], [ -40.25834159, -18.16784955 ], [ -40.25845577, -18.16778558 ], [ -40.25855306, -18.16772981 ], [ -40.2586267, -18.16768908 ], [ -40.25871571, -18.1676377 ], [ -40.25875672, -18.16761523 ], [ -40.2589189, -18.16752234 ], [ -40.2591717, -18.16738066 ], [ -40.25922837, -18.167348 ], [ -40.25926937, -18.16732553 ], [ -40.25933435, -18.16728854 ], [ -40.25942467, -18.16723929 ], [ -40.25944722, -18.16722563 ], [ -40.25945102, -18.16722382 ], [ -40.25946696, -18.16721755 ], [ -40.25948288, -18.16720959 ], [ -40.25950349, -18.16719788 ] ] } },
{ "type": "Feature", "properties": { "Field": "000", "Length": 363.37288450647986, "Image": "/home/ubuntu/bemagro/data/image/Orthomosaico.tif", "Farm": "data" }, "geometry": { "type": "LineString", "coordinates": [ [ -40.2596394, -18.16696087 ], [ -40.25959865, -18.16698283 ], [ -40.25959068, -18.16698769 ], [ -40.2595829, -18.16699282 ], [ -40.25957469, -18.1669973 ], [ -40.25956621, -18.16700129 ], [ -40.25955802, -18.1670058 ], [ -40.25954211, -18.16701556 ], [ -40.25953406, -18.1670203 ], [ -40.2595016, -18.16703885 ], [ -40.25949367, -18.16704376 ], [ -40.2594547, -18.16706933 ], [ -40.25944679, -18.16707428 ], [ -40.25939082, -18.16710803 ], [ -40.25938272, -18.16711268 ], [ -40.25926824, -18.16717615 ], [ -40.2591625, -18.16723601 ], [ -40.25912213, -18.16725951 ], [ -40.25875486, -18.16746469 ], [ -40.25862534, -18.16753935 ], [ -40.25854366, -18.16758485 ], [ -40.2584545, -18.16763599 ], [ -40.25839708, -18.16766743 ], [ -40.25838896, -18.16767206 ], [ -40.25833262, -18.16770524 ], [ -40.25825137, -18.16775142 ], [ -40.25815437, -18.16780764 ], [ -40.25803229, -18.16787659 ], [ -40.25798299, -18.1679034 ], [ -40.25793418, -18.16793102 ], [ -40.25778901, -18.16801586 ], [ -40.25761061, -18.16811805 ], [ -40.25749617, -18.16818158 ], [ -40.25741508, -18.16822802 ], [ -40.25738234, -18.16824612 ], [ -40.25733403, -18.16827452 ], [ -40.25727674, -18.16830618 ], [ -40.25721191, -18.1683434 ], [ -40.25704777, -18.16843309 ], [ -40.25703962, -18.16843766 ], [ -40.25690985, -18.16851194 ], [ -40.25673882, -18.16860827 ], [ -40.25668703, -18.1686386 ] ] } },
{ "type": "Feature", "properties": { "Field": "000", "Length": 363.94703177905507, "Image": "/home/ubuntu/bemagro/data/image/Orthomosaico.tif", "Farm": "data" }, "geometry": { "type": "LineString", "coordinates": [ [ -40.25963549, -18.1669459 ], [ -40.25961105, -18.16695869 ], [ -40.25957856, -18.16697719 ], [ -40.25954685, -18.16699687 ], [ -40.25949806, -18.16702453 ], [ -40.25944305, -18.16705967 ], [ -40.25941879, -18.16707371 ], [ -40.25937116, -18.16710315 ], [ -40.25934635, -18.16711629 ], [ -40.25926458, -18.16716162 ], [ -40.25911051, -18.16724986 ], [ -40.25883299, -18.16740485 ], [ -40.25877622, -18.16743734 ], [ -40.25870265, -18.16747818 ], [ -40.25848362, -18.16760346 ], [ -40.25837729, -18.16766235 ], [ -40.25828864, -18.1677143 ], [ -40.25816703, -18.16778401 ], [ -40.25789833, -18.1679355 ], [ -40.25784202, -18.16796873 ], [ -40.25760726, -18.16810405 ], [ -40.257509, -18.16815824 ], [ -40.25736254, -18.16824104 ], [ -40.25731412, -18.16826926 ], [ -40.25726489, -18.1682962 ], [ -40.25719216, -18.1683384 ], [ -40.25716712, -18.16835112 ], [ -40.25711825, -18.16837864 ], [ -40.25706876, -18.16840512 ], [ -40.25701981, -18.1684325 ], [ -40.25689012, -18.1685069 ], [ -40.25672719, -18.1685986 ], [ -40.25667869, -18.16862669 ] ] } },
{ "type": "Feature", "properties": { "Field": "000", "Length": 364.54945579110841, "Image": "/home/ubuntu/bemagro/data/image/Orthomosaico.tif", "Farm": "data" }, "geometry": { "type": "LineString", "coordinates": [ [ -40.25963189, -18.16693208 ], [ -40.2596241, -18.16693631 ], [ -40.25960719, -18.16694441 ], [ -40.25959888, -18.16694872 ], [ -40.25948598, -18.16701473 ], [ -40.25947801, -18.16701958 ], [ -40.25943879, -18.16704479 ], [ -40.25943078, -18.16704959 ], [ -40.25941442, -18.16705865 ], [ -40.25935808, -18.16709182 ], [ -40.25919539, -18.1671839 ], [ -40.25908203, -18.16724919 ], [ -40.2587882, -18.16741331 ], [ -40.25869863, -18.16746379 ], [ -40.25861778, -18.16751062 ], [ -40.25852028, -18.16756604 ], [ -40.25836518, -18.16765263 ], [ -40.25817112, -18.16776497 ], [ -40.25787823, -18.16793063 ], [ -40.2578139, -18.16796863 ], [ -40.25766777, -18.16805196 ], [ -40.25758705, -18.168099 ], [ -40.25745607, -18.16817128 ], [ -40.25738323, -18.16821332 ], [ -40.25727716, -18.16827263 ], [ -40.25722053, -18.16830536 ], [ -40.25710614, -18.16836898 ], [ -40.25704022, -18.16840441 ], [ -40.25699125, -18.16843176 ], [ -40.25698313, -18.1684364 ], [ -40.25691064, -18.16847896 ], [ -40.25673158, -18.16858009 ], [ -40.25667039, -18.16861609 ] ] } },
{ "type": "Feature", "properties": { "Field": "000", "Length": 337.35800325406194, "Image": "/home/ubuntu/bemagro/data/image/Orthomosaico.tif", "Farm": "data" }, "geometry": { "type": "LineString", "coordinates": [ [ -40.25950165, -18.16718147 ], [ -40.25945045, -18.16721057 ], [ -40.25944191, -18.16721445 ], [ -40.25941738, -18.16722806 ], [ -40.25940883, -18.16723191 ], [ -40.25937645, -18.16725058 ], [ -40.25927797, -18.16730438 ], [ -40.25913978, -18.1673828 ], [ -40.25895174, -18.16748714 ], [ -40.25875719, -18.16759872 ], [ -40.25866747, -18.16764896 ], [ -40.25859484, -18.16769131 ], [ -40.25852105, -18.1677318 ], [ -40.25845641, -18.16776931 ], [ -40.25836675, -18.16781966 ], [ -40.2582207, -18.16790312 ], [ -40.25816339, -18.16793475 ], [ -40.2580907, -18.16797701 ], [ -40.25795167, -18.16805406 ], [ -40.25787044, -18.16810028 ], [ -40.25784656, -18.16811489 ], [ -40.25764291, -18.16822951 ], [ -40.25757855, -18.16826748 ], [ -40.25754586, -18.16828564 ], [ -40.25748933, -18.16831853 ], [ -40.25733394, -18.16840464 ], [ -40.2567561, -18.16873201 ] ] } },
{ "type": "Feature", "properties": { "Field": "000", "Length": 338.18872230920164, "Image": "/home/ubuntu/bemagro/data/image/Orthomosaico.tif", "Farm": "data" }, "geometry": { "type": "LineString", "coordinates": [ [ -40.25949992, -18.16716598 ], [ -40.25946741, -18.16718346 ], [ -40.25942708, -18.16720702 ], [ -40.25941892, -18.16721158 ], [ -40.25928777, -18.1672836 ], [ -40.25911663, -18.16737976 ], [ -40.25896111, -18.16746565 ], [ -40.25877469, -18.1675726 ], [ -40.2586607, -18.16763688 ], [ -40.25859611, -18.16767448 ], [ -40.25852244, -18.16771517 ], [ -40.25844984, -18.16775757 ], [ -40.25834372, -18.16781681 ], [ -40.25821397, -18.1678911 ], [ -40.25814056, -18.16793221 ], [ -40.25809213, -18.16796044 ], [ -40.25802653, -18.1679964 ], [ -40.25793687, -18.16804675 ], [ -40.25785628, -18.16809399 ], [ -40.25779948, -18.16812643 ], [ -40.25772592, -18.16816731 ], [ -40.25768545, -18.16819064 ], [ -40.2576281, -18.1682222 ], [ -40.25752315, -18.16828332 ], [ -40.25732774, -18.1683935 ], [ -40.25731112, -18.16840212 ], [ -40.25727874, -18.16842078 ], [ -40.25715617, -18.16848894 ], [ -40.25705066, -18.16854917 ], [ -40.25690378, -18.16863128 ], [ -40.25674794, -18.16872098 ] ] } },
{ "type": "Feature", "properties": { "Field": "000", "Length": 339.09784242150471, "Image": "/home/ubuntu/bemagro/data/image/Orthomosaico.tif", "Farm": "data" }, "geometry": { "type": "LineString", "coordinates": [ [ -40.25949805, -18.16714922 ], [ -40.25948062, -18.16715831 ], [ -40.25944002, -18.16718145 ], [ -40.25942414, -18.16719126 ], [ -40.2594075, -18.16719984 ], [ -40.25931816, -18.16725069 ], [ -40.2592525, -18.16728656 ], [ -40.25911407, -18.16736459 ], [ -40.2589341, -18.16746421 ], [ -40.25886949, -18.16750178 ], [ -40.25872314, -18.16758476 ], [ -40.25860186, -18.16765499 ], [ -40.25852807, -18.16769548 ], [ -40.25845552, -18.16773795 ], [ -40.25831682, -18.16781555 ], [ -40.25812233, -18.1679272 ], [ -40.25799131, -18.16799944 ], [ -40.25782153, -18.16809778 ], [ -40.25768314, -18.16817588 ], [ -40.25761765, -18.16821203 ], [ -40.25751269, -18.16827314 ], [ -40.25747161, -18.16829548 ], [ -40.25732528, -18.16837849 ], [ -40.25720266, -18.16844656 ], [ -40.25703196, -18.16854343 ], [ -40.25686842, -18.16863413 ], [ -40.25673894, -18.16870881 ] ] } },
{ "type": "Feature", "properties": { "Field": "000", "Length": 339.94897181433248, "Image": "/home/ubuntu/bemagro/data/image/Orthomosaico.tif", "Farm": "data" }, "geometry": { "type": "LineString", "coordinates": [ [ -40.25673048, -18.16869736 ], [ -40.2567709, -18.16867484 ], [ -40.25683512, -18.16863666 ], [ -40.25702292, -18.16853192 ], [ -40.25708782, -18.16849481 ], [ -40.25736526, -18.16833971 ], [ -40.25745461, -18.16828886 ], [ -40.2575201, -18.16825271 ], [ -40.25761709, -18.16819647 ], [ -40.25768253, -18.16816024 ], [ -40.25784501, -18.16806782 ], [ -40.25798224, -18.16798788 ], [ -40.25812151, -18.16791123 ], [ -40.2582755, -18.16782286 ], [ -40.25833271, -18.16779107 ], [ -40.2583893, -18.1677583 ], [ -40.25844642, -18.16772636 ], [ -40.25849482, -18.16769809 ], [ -40.25862553, -18.16762534 ], [ -40.25890075, -18.16746666 ], [ -40.25912143, -18.16734408 ], [ -40.2592108, -18.16729326 ], [ -40.25933381, -18.16722583 ], [ -40.25939848, -18.16718836 ], [ -40.25943149, -18.16717073 ], [ -40.25945506, -18.16715567 ], [ -40.25947118, -18.16714622 ], [ -40.25949602, -18.16713314 ] ] } },
{ "type": "Feature", "properties": { "Field": "000", "Length": 340.96701113284325, "Image": "/home/ubuntu/bemagro/data/image/Orthomosaico.tif", "Farm": "data" }, "geometry": { "type": "LineString", "coordinates": [ [ -40.25672176, -18.16868558 ], [ -40.25681086, -18.16863338 ], [ -40.25693351, -18.16856536 ], [ -40.25702277, -18.16851437 ], [ -40.25734944, -18.16833232 ], [ -40.25743056, -18.16828593 ], [ -40.25750415, -18.16824511 ], [ -40.25764189, -18.16816599 ], [ -40.2577804, -18.16808809 ], [ -40.25795825, -18.16798503 ], [ -40.25807269, -18.16792149 ], [ -40.25813738, -18.16788406 ], [ -40.25819482, -18.16785264 ], [ -40.25826751, -18.16781038 ], [ -40.25834091, -18.16776926 ], [ -40.25846233, -18.16769925 ], [ -40.25856857, -18.16764021 ], [ -40.25866578, -18.16758432 ], [ -40.25871478, -18.16755702 ], [ -40.25890908, -18.16744504 ], [ -40.25898289, -18.1674046 ], [ -40.25908048, -18.16734932 ], [ -40.25911347, -18.16733165 ], [ -40.25915401, -18.16730843 ], [ -40.25930119, -18.1672268 ], [ -40.25940678, -18.1671667 ], [ -40.25943161, -18.1671536 ], [ -40.25944735, -18.16714359 ], [ -40.25945481, -18.16713803 ], [ -40.25946292, -18.1671334 ], [ -40.25947948, -18.16712468 ], [ -40.25949469, -18.16711533 ] ] } },
{ "type": "Feature", "properties": { "Field": "000", "Length": 341.97506261145622, "Image": "/home/ubuntu/bemagro/data/image/Orthomosaico.tif", "Farm": "data" }, "geometry": { "type": "LineString", "coordinates": [ [ -40.2567133, -18.16867413 ], [ -40.25677776, -18.1686358 ], [ -40.2568184, -18.16861273 ], [ -40.25695729, -18.16853544 ], [ -40.2569895, -18.1685165 ], [ -40.2570628, -18.16847522 ], [ -40.25734069, -18.16832085 ], [ -40.25745428, -18.16825593 ], [ -40.25756852, -18.16819206 ], [ -40.25782813, -18.16804364 ], [ -40.25795743, -18.16796862 ], [ -40.25803115, -18.16792802 ], [ -40.25810398, -18.16788598 ], [ -40.25818579, -18.16784071 ], [ -40.25825036, -18.16780307 ], [ -40.25834003, -18.16775275 ], [ -40.25843699, -18.16769645 ], [ -40.25851069, -18.16765582 ], [ -40.25867329, -18.16756362 ], [ -40.25875442, -18.16751723 ], [ -40.25882695, -18.16747473 ], [ -40.25899837, -18.16737902 ], [ -40.25904695, -18.16735103 ], [ -40.25911254, -18.16731504 ], [ -40.25925931, -18.16723276 ], [ -40.259325, -18.16719693 ], [ -40.25941457, -18.16714645 ], [ -40.25943044, -18.16713662 ], [ -40.25945523, -18.16712345 ], [ -40.25947056, -18.16711288 ], [ -40.25949391, -18.1670984 ] ] } },
{ "type": "Feature", "properties": { "Field": "000", "Length": 343.01503433464086, "Image": "/home/ubuntu/bemagro/data/image/Orthomosaico.tif", "Farm": "data" }, "geometry": { "type": "LineString", "coordinates": [ [ -40.25949312, -18.1670812 ], [ -40.25946107, -18.1671011 ], [ -40.25944015, -18.16711545 ], [ -40.25943649, -18.16711749 ], [ -40.25942942, -18.16712062 ], [ -40.25939736, -18.16713978 ], [ -40.25936409, -18.16715696 ], [ -40.25931492, -18.16718398 ], [ -40.25922508, -18.16723403 ], [ -40.25913576, -18.16728492 ], [ -40.25902117, -18.16734821 ], [ -40.25897264, -18.16737629 ], [ -40.2588662, -18.16743499 ], [ -40.25865583, -18.16755649 ], [ -40.25844378, -18.16767528 ], [ -40.25833936, -18.16773549 ], [ -40.25829754, -18.16775842 ], [ -40.25817695, -18.167828 ], [ -40.25814334, -18.16784644 ], [ -40.25804681, -18.16790165 ], [ -40.25798028, -18.1679379 ], [ -40.25786724, -18.16800368 ], [ -40.25772094, -18.16808674 ], [ -40.25761667, -18.16814719 ], [ -40.25751865, -18.16820176 ], [ -40.25745313, -18.16823965 ], [ -40.25738783, -18.16827612 ], [ -40.25732338, -18.16831394 ], [ -40.25724992, -18.16835497 ], [ -40.25715945, -18.16840397 ], [ -40.25706148, -18.16845863 ], [ -40.25689088, -18.16855567 ], [ -40.25679285, -18.16861023 ], [ -40.2567044, -18.16866209 ] ] } },
{ "type": "Feature", "properties": { "Field": "000", "Length": 344.03692950134564, "Image": "/home/ubuntu/bemagro/data/image/Orthomosaico.tif", "Farm": "data" }, "geometry": { "type": "LineString", "coordinates": [ [ -40.25669542, -18.16864995 ], [ -40.25680075, -18.1685892 ], [ -40.25688261, -18.168544 ], [ -40.25704482, -18.16845115 ], [ -40.25713478, -18.16840131 ], [ -40.25724994, -18.16833896 ], [ -40.257315, -18.16830211 ], [ -40.25737937, -18.16826417 ], [ -40.25745287, -18.1682232 ], [ -40.25750948, -18.16819046 ], [ -40.25756688, -18.16815898 ], [ -40.25771262, -18.16807503 ], [ -40.25777785, -18.16803845 ], [ -40.25791553, -18.16795921 ], [ -40.25795568, -18.16793536 ], [ -40.25802942, -18.16789482 ], [ -40.25817573, -18.16781177 ], [ -40.25842697, -18.16766757 ], [ -40.25865522, -18.16753946 ], [ -40.25878452, -18.16746445 ], [ -40.25896417, -18.16736429 ], [ -40.25902915, -18.1673273 ], [ -40.2591192, -18.1672776 ], [ -40.25920023, -18.16723107 ], [ -40.25934739, -18.1671494 ], [ -40.2593969, -18.16712295 ], [ -40.25941251, -18.16711275 ], [ -40.25942895, -18.16710383 ], [ -40.2594523, -18.16708845 ], [ -40.25947655, -18.1670744 ], [ -40.25949233, -18.16706405 ] ] } },
{ "type": "Feature", "properties": { "Field": "000", "Length": 366.94675425173335, "Image": "/home/ubuntu/bemagro/data/image/Orthomosaico.tif", "Farm": "data" }, "geometry": { "type": "LineString", "coordinates": [ [ -40.25961662, -18.16687358 ], [ -40.25957713, -18.16689753 ], [ -40.2595605, -18.16690612 ], [ -40.25954473, -18.16691609 ], [ -40.25952016, -18.16692962 ], [ -40.2594235, -18.16698639 ], [ -40.25937426, -18.16701329 ], [ -40.25926849, -18.16707309 ], [ -40.25913952, -18.16714862 ], [ -40.25901722, -18.16721722 ], [ -40.25887111, -18.16730059 ], [ -40.25881354, -18.16733177 ], [ -40.25865073, -18.16742364 ], [ -40.25848909, -18.16751739 ], [ -40.25828499, -18.16763127 ], [ -40.25810746, -18.16773482 ], [ -40.25796045, -18.16781673 ], [ -40.25791206, -18.16784501 ], [ -40.25781422, -18.1678999 ], [ -40.25763689, -18.16800374 ], [ -40.25755534, -18.16804945 ], [ -40.25750688, -18.16807763 ], [ -40.2573438, -18.16816907 ], [ -40.257271, -18.16821115 ], [ -40.25689539, -18.16842061 ], [ -40.25669246, -18.16853638 ], [ -40.25663632, -18.16856987 ] ] } },
{ "type": "Feature", "properties": { "Field": "000", "Length": 367.51651623540545, "Image": "/home/ubuntu/bemagro/data/image/Orthomosaico.tif", "Farm": "data" }, "geometry": { "type": "LineString", "coordinates": [ [ -40.25662801, -18.16855878 ], [ -40.25667539, -18.16852981 ], [ -40.25689446, -18.16840461 ], [ -40.25696819, -18.16836401 ], [ -40.2572863, -18.16818589 ], [ -40.25733482, -18.16815781 ], [ -40.25761157, -18.16800158 ], [ -40.25782162, -18.16787958 ], [ -40.2578787, -18.16784758 ], [ -40.25797588, -18.16779164 ], [ -40.25814721, -18.16769579 ], [ -40.25826795, -18.16762472 ], [ -40.25849632, -18.16749679 ], [ -40.25865801, -18.16740313 ], [ -40.25873158, -18.16736229 ], [ -40.2588209, -18.16731139 ], [ -40.25892736, -18.16725271 ], [ -40.25901634, -18.16720127 ], [ -40.25913864, -18.16713268 ], [ -40.25926767, -18.16705724 ], [ -40.25943055, -18.16696549 ], [ -40.25956799, -18.16688587 ], [ -40.25960106, -18.16686835 ], [ -40.2596131, -18.1668601 ] ] } },
{ "type": "Feature", "properties": { "Field": "000", "Length": 365.13153252637858, "Image": "/home/ubuntu/bemagro/data/image/Orthomosaico.tif", "Farm": "data" }, "geometry": { "type": "LineString", "coordinates": [ [ -40.25962815, -18.16691777 ], [ -40.25958758, -18.16694002 ], [ -40.25945813, -18.1670148 ], [ -40.25941888, -18.16703997 ], [ -40.25935433, -18.16707764 ], [ -40.25919147, -18.16716943 ], [ -40.25905389, -18.16724882 ], [ -40.25871928, -18.16743578 ], [ -40.25860607, -18.1675013 ], [ -40.25837768, -18.16762918 ], [ -40.25809429, -18.16779241 ], [ -40.2578745, -18.16791645 ], [ -40.25781827, -18.16794979 ], [ -40.25763971, -18.16805171 ], [ -40.2575995, -18.16807547 ], [ -40.25743624, -18.16816661 ], [ -40.25736356, -18.16820888 ], [ -40.25726549, -18.16826339 ], [ -40.25713545, -18.16833722 ], [ -40.25706142, -18.1683773 ], [ -40.25697978, -18.16842285 ], [ -40.25689089, -18.16847443 ], [ -40.25667949, -18.16859429 ], [ -40.25666191, -18.16860462 ] ] } },
{ "type": "Feature", "properties": { "Field": "000", "Length": 365.72392504850956, "Image": "/home/ubuntu/bemagro/data/image/Orthomosaico.tif", "Farm": "data" }, "geometry": { "type": "LineString", "coordinates": [ [ -40.25962451, -18.16690382 ], [ -40.25960016, -18.16691678 ], [ -40.25949494, -18.16697747 ], [ -40.25948682, -18.16698209 ], [ -40.25945401, -18.16700007 ], [ -40.25944594, -18.16700476 ], [ -40.25943065, -18.16701539 ], [ -40.25942291, -18.16702059 ], [ -40.25939883, -18.1670349 ], [ -40.2593092, -18.16708531 ], [ -40.25923656, -18.16712764 ], [ -40.25901728, -18.16725249 ], [ -40.25878089, -18.16738521 ], [ -40.25870719, -18.16742583 ], [ -40.25856968, -18.16750534 ], [ -40.25842267, -18.16758724 ], [ -40.25831699, -18.16764719 ], [ -40.25809855, -18.16777338 ], [ -40.25801693, -18.16781899 ], [ -40.2579684, -18.16784703 ], [ -40.25781371, -18.1679343 ], [ -40.25768483, -18.16800996 ], [ -40.25761194, -18.1680519 ], [ -40.25740799, -18.16816604 ], [ -40.25733531, -18.16820832 ], [ -40.25719621, -18.16828525 ], [ -40.25711508, -18.16833164 ], [ -40.25698384, -18.16840351 ], [ -40.2568866, -18.16845934 ], [ -40.25678063, -18.16851883 ], [ -40.25665302, -18.1685926 ] ] } },
{ "type": "Feature", "properties": { "Field": "000", "Length": 366.30426385023037, "Image": "/home/ubuntu/bemagro/data/image/Orthomosaico.tif", "Farm": "data" }, "geometry": { "type": "LineString", "coordinates": [ [ -40.25962086, -18.16688984 ], [ -40.25959273, -18.16690446 ], [ -40.2595365, -18.1669378 ], [ -40.25945518, -18.16698387 ], [ -40.25940773, -18.16701357 ], [ -40.25930965, -18.16706806 ], [ -40.2592371, -18.16711054 ], [ -40.25905044, -18.16721711 ], [ -40.25890396, -18.16729988 ], [ -40.25883006, -18.16734018 ], [ -40.25877345, -18.16737294 ], [ -40.25869976, -18.16741358 ], [ -40.25857036, -18.16748844 ], [ -40.25831751, -18.16763004 ], [ -40.25820463, -18.16769607 ], [ -40.25811546, -18.16774722 ], [ -40.25799311, -18.16781572 ], [ -40.25796907, -18.1678301 ], [ -40.25782252, -18.16791276 ], [ -40.25774163, -18.16795952 ], [ -40.25764512, -18.16801652 ], [ -40.25757946, -18.16805238 ], [ -40.25748227, -18.1681083 ], [ -40.25740869, -18.16814914 ], [ -40.25729514, -18.16821412 ], [ -40.25716427, -18.16828661 ], [ -40.25712406, -18.16831034 ], [ -40.25695206, -18.16840509 ], [ -40.25687926, -18.16844719 ], [ -40.25677319, -18.16850651 ], [ -40.25664464, -18.16858126 ] ] } },
{ "type": "Feature", "properties": { "Field": "000", "Length": 368.12032325137619, "Image": "/home/ubuntu/bemagro/data/image/Orthomosaico.tif", "Farm": "data" }, "geometry": { "type": "LineString", "coordinates": [ [ -40.25960929, -18.1668455 ], [ -40.25959438, -18.1668558 ], [ -40.25956951, -18.16686882 ], [ -40.25951227, -18.16690055 ], [ -40.25943973, -18.16694305 ], [ -40.25936671, -18.16698478 ], [ -40.2593508, -18.16699455 ], [ -40.25933421, -18.16700321 ], [ -40.25930163, -18.16702155 ], [ -40.25911566, -18.16712922 ], [ -40.25902593, -18.16717945 ], [ -40.25890441, -18.1672493 ], [ -40.25881415, -18.16729865 ], [ -40.25873305, -18.16734509 ], [ -40.25865133, -18.1673905 ], [ -40.25845702, -18.16750246 ], [ -40.25830206, -18.16758927 ], [ -40.25814042, -18.16768302 ], [ -40.25784726, -18.16784822 ], [ -40.25771026, -18.16792853 ], [ -40.25765356, -18.16796113 ], [ -40.25758008, -18.16800214 ], [ -40.25749929, -18.16804904 ], [ -40.25735246, -18.16813124 ], [ -40.25729596, -18.16816418 ], [ -40.25722235, -18.16820495 ], [ -40.25709228, -18.16827874 ], [ -40.25703488, -18.16831022 ], [ -40.25688822, -18.1683927 ], [ -40.25686348, -18.16840595 ], [ -40.25685536, -18.16841057 ], [ -40.25666892, -18.1685175 ], [ -40.25661986, -18.16854775 ] ] } },
{ "type": "Feature", "properties": { "Field": "000", "Length": 368.69036071899779, "Image": "/home/ubuntu/bemagro/data/image/Orthomosaico.tif", "Farm": "data" }, "geometry": { "type": "LineString", "coordinates": [ [ -40.25960564, -18.16683154 ], [ -40.25955788, -18.16685988 ], [ -40.25947605, -18.16690513 ], [ -40.25936302, -18.16697093 ], [ -40.25929764, -18.16700727 ], [ -40.2591198, -18.16711032 ], [ -40.2590139, -18.16716992 ], [ -40.25889238, -18.16723978 ], [ -40.25888425, -18.16724439 ], [ -40.25880223, -18.16728932 ], [ -40.25870489, -18.16734499 ], [ -40.25863941, -18.16738116 ], [ -40.25845318, -18.16748842 ], [ -40.25825772, -18.16759854 ], [ -40.25808776, -18.16769658 ], [ -40.2579817, -18.16775593 ], [ -40.25789242, -18.16780689 ], [ -40.25786777, -18.16782028 ], [ -40.25768212, -18.16792846 ], [ -40.25762521, -18.16796075 ], [ -40.25759237, -18.16797865 ], [ -40.25748741, -18.16803977 ], [ -40.25734877, -18.16811745 ], [ -40.25726773, -18.16816397 ], [ -40.25721021, -18.16819524 ], [ -40.25708037, -18.16826939 ], [ -40.25683515, -18.16840558 ], [ -40.25667342, -18.16849917 ], [ -40.25661126, -18.16853612 ] ] } },
{ "type": "Feature", "properties": { "Field": "000", "Length": 369.30044739661327, "Image": "/home/ubuntu/bemagro/data/image/Orthomosaico.tif", "Farm": "data" }, "geometry": { "type": "LineString", "coordinates": [ [ -40.25960179, -18.16681675 ], [ -40.25957021, -18.16683576 ], [ -40.25956208, -18.16684038 ], [ -40.25950475, -18.16687197 ], [ -40.25945657, -18.16690056 ], [ -40.25939941, -18.16693243 ], [ -40.25936732, -18.16695156 ], [ -40.2593592, -18.16695619 ], [ -40.25931013, -18.16698336 ], [ -40.25922143, -18.16703524 ], [ -40.25910796, -18.16710036 ], [ -40.25902633, -18.16714593 ], [ -40.25888858, -18.16722505 ], [ -40.25879051, -18.16727955 ], [ -40.25870133, -18.16733066 ], [ -40.25861971, -18.16737625 ], [ -40.25851447, -18.1674369 ], [ -40.25825411, -18.16758413 ], [ -40.25819776, -18.16761729 ], [ -40.25801062, -18.16772309 ], [ -40.25796217, -18.16775128 ], [ -40.25784789, -18.16781509 ], [ -40.25772716, -18.16788617 ], [ -40.25758884, -18.16796438 ], [ -40.25749198, -18.16802083 ], [ -40.25732886, -18.1681122 ], [ -40.25727231, -18.16814504 ], [ -40.25720672, -18.16818103 ], [ -40.25700356, -18.16829643 ], [ -40.2568072, -18.16840507 ], [ -40.25660268, -18.16852451 ] ] } },
{ "type": "Feature", "properties": { "Field": "000", "Length": 369.94556163120853, "Image": "/home/ubuntu/bemagro/data/image/Orthomosaico.tif", "Farm": "data" }, "geometry": { "type": "LineString", "coordinates": [ [ -40.25959742, -18.16680004 ], [ -40.25957503, -18.16681586 ], [ -40.259543, -18.16683507 ], [ -40.2595101, -18.16685289 ], [ -40.25944553, -18.16689052 ], [ -40.25938807, -18.16692188 ], [ -40.25935609, -18.16694118 ], [ -40.25928278, -18.16698244 ], [ -40.25916991, -18.16704851 ], [ -40.25905616, -18.16711317 ], [ -40.2590315, -18.16712655 ], [ -40.25887754, -18.16721496 ], [ -40.25876329, -18.16727882 ], [ -40.25869046, -18.16732087 ], [ -40.25859243, -18.16737542 ], [ -40.25845467, -18.16745453 ], [ -40.25836488, -18.16750466 ], [ -40.25833267, -18.16752359 ], [ -40.25825123, -18.16756947 ], [ -40.25817056, -18.16761658 ], [ -40.25809706, -18.16765755 ], [ -40.25795125, -18.16774139 ], [ -40.25781257, -18.167819 ], [ -40.25773237, -18.16786684 ], [ -40.25760218, -18.16794043 ], [ -40.25749712, -18.16800138 ], [ -40.25739917, -18.16805607 ], [ -40.25728565, -18.1681211 ], [ -40.25719567, -18.16817093 ], [ -40.25716342, -18.1681898 ], [ -40.25710621, -18.16822158 ], [ -40.2569762, -18.16829546 ], [ -40.25683696, -18.16837217 ], [ -40.25678817, -18.16839982 ], [ -40.25659444, -18.16851268 ] ] } },
{ "type": "Feature", "properties": { "Field": "000", "Length": 370.54943154943777, "Image": "/home/ubuntu/bemagro/data/image/Orthomosaico.tif", "Farm": "data" }, "geometry": { "type": "LineString", "coordinates": [ [ -40.25959389, -18.1667865 ], [ -40.25954633, -18.16681516 ], [ -40.25953826, -18.16681987 ], [ -40.25944034, -18.16687461 ], [ -40.25943225, -18.16687928 ], [ -40.25940829, -18.16689379 ], [ -40.25940021, -18.16689848 ], [ -40.25935924, -18.16692101 ], [ -40.25928675, -18.16696359 ], [ -40.25922175, -18.16700053 ], [ -40.25915744, -18.16703856 ], [ -40.25901114, -18.16712163 ], [ -40.25882478, -18.16722868 ], [ -40.25861277, -18.16734754 ], [ -40.25853181, -18.16739419 ], [ -40.25849096, -18.16741691 ], [ -40.25837741, -18.1674819 ], [ -40.25833652, -18.16750456 ], [ -40.25828808, -18.16753276 ], [ -40.25824716, -18.16755538 ], [ -40.25816628, -18.16760215 ], [ -40.25810902, -18.16763385 ], [ -40.25791468, -18.16774575 ], [ -40.25778441, -18.16781923 ], [ -40.25768773, -18.16787595 ], [ -40.25767963, -18.1678806 ], [ -40.2576143, -18.16791702 ], [ -40.25745234, -18.16801026 ], [ -40.25731349, -18.1680876 ], [ -40.25705358, -18.16823555 ], [ -40.25696345, -18.16828512 ], [ -40.25687407, -18.16833592 ], [ -40.25678406, -18.16838569 ], [ -40.25663046, -18.16847469 ], [ -40.25658482, -18.16850036 ] ] } },
{ "type": "Feature", "properties": { "Field": "000", "Length": 371.17073800117129, "Image": "/home/ubuntu/bemagro/data/image/Orthomosaico.tif", "Farm": "data" }, "geometry": { "type": "LineString", "coordinates": [ [ -40.25958992, -18.16677127 ], [ -40.25950215, -18.16682369 ], [ -40.25941238, -18.16687386 ], [ -40.25938844, -18.1668884 ], [ -40.2593638, -18.1669018 ], [ -40.25929939, -18.1669397 ], [ -40.25924247, -18.16697194 ], [ -40.25912941, -18.16703771 ], [ -40.25908052, -18.1670652 ], [ -40.25899988, -18.16711234 ], [ -40.25882131, -18.16721425 ], [ -40.25866638, -18.16730111 ], [ -40.2581627, -18.16758759 ], [ -40.25809745, -18.16762412 ], [ -40.25790322, -18.1677362 ], [ -40.25785417, -18.16776343 ], [ -40.25775676, -18.167819 ], [ -40.25771661, -18.16784285 ], [ -40.25760258, -18.16790705 ], [ -40.25756247, -18.16793095 ], [ -40.25748942, -18.16797265 ], [ -40.25734252, -18.16805473 ], [ -40.2572452, -18.16811044 ], [ -40.2570173, -18.16823912 ], [ -40.25677249, -18.16837597 ], [ -40.25661087, -18.16846975 ], [ -40.25657628, -18.16848882 ] ] } },
{ "type": "Feature", "properties": { "Field": "000", "Length": 371.76403976248207, "Image": "/home/ubuntu/bemagro/data/image/Orthomosaico.tif", "Farm": "data" }, "geometry": { "type": "LineString", "coordinates": [ [ -40.25958626, -18.16675727 ], [ -40.25955462, -18.16677618 ], [ -40.25954653, -18.16678085 ], [ -40.25948135, -18.16681751 ], [ -40.25942498, -18.16685065 ], [ -40.25941676, -18.1668551 ], [ -40.25940841, -18.16685933 ], [ -40.25940024, -18.16686388 ], [ -40.25936822, -18.16688312 ], [ -40.25936012, -18.16688776 ], [ -40.25932741, -18.1669059 ], [ -40.25914956, -18.16700895 ], [ -40.25907634, -18.16705036 ], [ -40.25897979, -18.16710728 ], [ -40.25883367, -18.16719062 ], [ -40.25873578, -18.16724543 ], [ -40.25856528, -18.16734261 ], [ -40.25837767, -18.16744766 ], [ -40.25832116, -18.16748056 ], [ -40.25809356, -18.16760974 ], [ -40.25789945, -18.167722 ], [ -40.25777719, -18.16779066 ], [ -40.25768034, -18.16784712 ], [ -40.25759863, -18.16789256 ], [ -40.25755045, -18.16792117 ], [ -40.25749358, -18.16795351 ], [ -40.25732232, -18.16804947 ], [ -40.25726567, -18.16808217 ], [ -40.25713545, -18.16815571 ], [ -40.25705367, -18.16820104 ], [ -40.25696443, -18.16825207 ], [ -40.25678473, -18.16835213 ], [ -40.25664736, -18.16843186 ], [ -40.25659865, -18.16845963 ], [ -40.2565672, -18.16847653 ] ] } },
{ "type": "Feature", "properties": { "Field": "000", "Length": 372.31114939746595, "Image": "/home/ubuntu/bemagro/data/image/Orthomosaico.tif", "Farm": "data" }, "geometry": { "type": "LineString", "coordinates": [ [ -40.25958291, -18.16674444 ], [ -40.25954213, -18.16676827 ], [ -40.25950898, -18.16678567 ], [ -40.25945236, -18.1668184 ], [ -40.25942042, -18.16683774 ], [ -40.2593955, -18.16685068 ], [ -40.25937147, -18.16686509 ], [ -40.25928992, -18.16691078 ], [ -40.25914461, -18.16699541 ], [ -40.25906337, -18.16704161 ], [ -40.25899907, -18.16707968 ], [ -40.25884492, -18.16716779 ], [ -40.25872254, -18.16723625 ], [ -40.25862548, -18.16729238 ], [ -40.25839716, -18.16742038 ], [ -40.25832427, -18.16746232 ], [ -40.25826712, -18.1674942 ], [ -40.25821061, -18.16752711 ], [ -40.25813709, -18.16756804 ], [ -40.25801604, -18.16763864 ], [ -40.25797522, -18.16766141 ], [ -40.25788624, -18.16771284 ], [ -40.2577559, -18.16778619 ], [ -40.25767516, -18.16783319 ], [ -40.25761784, -18.16786481 ], [ -40.25747224, -18.16794898 ], [ -40.2572847, -18.16805414 ], [ -40.25718736, -18.16810981 ], [ -40.25707297, -18.16817345 ], [ -40.25697577, -18.16822936 ], [ -40.25689382, -18.1682744 ], [ -40.25675534, -18.16835234 ], [ -40.25660206, -18.16844184 ], [ -40.25655881, -18.16846518 ] ] } },
{ "type": "Feature", "properties": { "Field": "000", "Length": 372.89623474230154, "Image": "/home/ubuntu/bemagro/data/image/Orthomosaico.tif", "Farm": "data" }, "geometry": { "type": "LineString", "coordinates": [ [ -40.2595792, -18.16673023 ], [ -40.25953105, -18.16675797 ], [ -40.25950626, -18.16677114 ], [ -40.25941802, -18.16682372 ], [ -40.25937649, -18.16684529 ], [ -40.2593525, -18.16685976 ], [ -40.25926284, -18.16691011 ], [ -40.25911769, -18.16699498 ], [ -40.25910119, -18.1670038 ], [ -40.25900443, -18.1670604 ], [ -40.2588987, -18.16712027 ], [ -40.25883403, -18.16715775 ], [ -40.25870364, -18.16723102 ], [ -40.25859025, -18.16729626 ], [ -40.25845173, -18.16737413 ], [ -40.25841879, -18.16739189 ], [ -40.25827257, -18.16747508 ], [ -40.25820795, -18.16751264 ], [ -40.25813447, -18.16755363 ], [ -40.25808614, -18.167582 ], [ -40.25806966, -18.16759086 ], [ -40.2580456, -18.1676052 ], [ -40.25775304, -18.16777138 ], [ -40.25768847, -18.16780902 ], [ -40.25759058, -18.16786381 ], [ -40.25747749, -18.16792952 ], [ -40.25725751, -18.16805327 ], [ -40.25722526, -18.16807212 ], [ -40.2570537, -18.1681676 ], [ -40.25696468, -18.16821898 ], [ -40.25678507, -18.16831921 ], [ -40.25664762, -18.1683988 ], [ -40.25655057, -18.16845404 ] ] } },
{ "type": "Feature", "properties": { "Field": "000", "Length": 373.47791384730999, "Image": "/home/ubuntu/bemagro/data/image/Orthomosaico.tif", "Farm": "data" }, "geometry": { "type": "LineString", "coordinates": [ [ -40.25957561, -18.16671645 ], [ -40.25953566, -18.1667397 ], [ -40.25948657, -18.16676686 ], [ -40.25947846, -18.16677151 ], [ -40.25942225, -18.16680488 ], [ -40.2594141, -18.16680946 ], [ -40.25939759, -18.16681827 ], [ -40.25938924, -18.16682251 ], [ -40.25937238, -18.16683068 ], [ -40.25936423, -18.16683526 ], [ -40.25935637, -18.16684027 ], [ -40.25934837, -18.16684508 ], [ -40.25926717, -18.16689136 ], [ -40.25917055, -18.16694818 ], [ -40.25876542, -18.1671809 ], [ -40.25867559, -18.16723098 ], [ -40.2586271, -18.16725909 ], [ -40.25852133, -18.1673189 ], [ -40.25840694, -18.16738253 ], [ -40.25831747, -18.16743318 ], [ -40.25804175, -18.16759107 ], [ -40.25791133, -18.16766429 ], [ -40.25779011, -18.16773461 ], [ -40.25758679, -18.16784977 ], [ -40.25753037, -18.16788283 ], [ -40.25740863, -18.16795232 ], [ -40.25732696, -18.16799783 ], [ -40.25723766, -18.16804876 ], [ -40.25713136, -18.1681077 ], [ -40.25704203, -18.16815858 ], [ -40.25699296, -18.16818577 ], [ -40.25694444, -18.16821385 ], [ -40.25678933, -18.16830041 ], [ -40.25663569, -18.16838934 ], [ -40.25657058, -18.16842612 ], [ -40.25654151, -18.16844178 ] ] } },
{ "type": "Feature", "properties": { "Field": "000", "Length": 374.08160789868856, "Image": "/home/ubuntu/bemagro/data/image/Orthomosaico.tif", "Farm": "data" }, "geometry": { "type": "LineString", "coordinates": [ [ -40.25957179, -18.16670183 ], [ -40.25953969, -18.16672134 ], [ -40.25949865, -18.16674376 ], [ -40.25942593, -18.16678598 ], [ -40.25939323, -18.16680412 ], [ -40.25935989, -18.16682119 ], [ -40.25918229, -18.16692461 ], [ -40.25908478, -18.16698003 ], [ -40.25895554, -18.16705513 ], [ -40.25884165, -18.16711958 ], [ -40.25880962, -18.16713878 ], [ -40.25872865, -18.16718542 ], [ -40.25855736, -18.16728134 ], [ -40.25850072, -18.16731403 ], [ -40.25838633, -18.16737767 ], [ -40.25808608, -18.16754916 ], [ -40.25795551, -18.16762214 ], [ -40.25780189, -18.1677111 ], [ -40.25759061, -18.16783115 ], [ -40.25746122, -18.16790601 ], [ -40.25733057, -18.16797886 ], [ -40.25726594, -18.1680164 ], [ -40.2569805, -18.16817633 ], [ -40.25694833, -18.16819532 ], [ -40.25689091, -18.16822677 ], [ -40.25676871, -18.16829553 ], [ -40.2566232, -18.16837985 ], [ -40.25653281, -18.16843002 ] ] } },
{ "type": "Feature", "properties": { "Field": "000", "Length": 374.68003651743658, "Image": "/home/ubuntu/bemagro/data/image/Orthomosaico.tif", "Farm": "data" }, "geometry": { "type": "LineString", "coordinates": [ [ -40.25652393, -18.168418 ], [ -40.2566381, -18.16835492 ], [ -40.25674301, -18.16829375 ], [ -40.25679994, -18.16826149 ], [ -40.2572076, -18.16803284 ], [ -40.2573699, -18.16794014 ], [ -40.25745173, -18.16789491 ], [ -40.25757301, -18.16782467 ], [ -40.25760571, -18.16780652 ], [ -40.25765412, -18.16777827 ], [ -40.25772764, -18.16773734 ], [ -40.25797862, -18.16759274 ], [ -40.25806043, -18.16754745 ], [ -40.25818183, -18.16747741 ], [ -40.25824716, -18.167441 ], [ -40.25837674, -18.16736643 ], [ -40.25851556, -18.16728905 ], [ -40.25858036, -18.16725177 ], [ -40.25872722, -18.16716962 ], [ -40.25890514, -18.16706668 ], [ -40.25893786, -18.16704858 ], [ -40.25902695, -18.16699731 ], [ -40.2590752, -18.16696882 ], [ -40.25926186, -18.16686223 ], [ -40.25932631, -18.16682441 ], [ -40.25936712, -18.16680162 ], [ -40.25940043, -18.16678452 ], [ -40.25948125, -18.16673764 ], [ -40.25953846, -18.16670586 ], [ -40.25955426, -18.16669594 ], [ -40.25956806, -18.16668754 ] ] } },
{ "type": "Feature", "properties": { "Field": "000", "Length": 375.26371621600032, "Image": "/home/ubuntu/bemagro/data/image/Orthomosaico.tif", "Farm": "data" }, "geometry": { "type": "LineString", "coordinates": [ [ -40.25956437, -18.16667341 ], [ -40.25952457, -18.16669689 ], [ -40.25945108, -18.16673785 ], [ -40.25939457, -18.16677076 ], [ -40.25938633, -18.16677518 ], [ -40.25936138, -18.16678808 ], [ -40.25932926, -18.16680714 ], [ -40.25906943, -18.16695521 ], [ -40.25898871, -18.16700224 ], [ -40.25876182, -18.16713253 ], [ -40.25858276, -18.16723365 ], [ -40.25851806, -18.16727108 ], [ -40.25837063, -18.16735229 ], [ -40.25834663, -18.16736673 ], [ -40.25825767, -18.16741819 ], [ -40.2578915, -18.16762515 ], [ -40.25772197, -18.16772389 ], [ -40.25764856, -18.16776499 ], [ -40.25757584, -18.1678072 ], [ -40.25744589, -18.1678812 ], [ -40.257364, -18.16792634 ], [ -40.25718536, -18.16802812 ], [ -40.25713627, -18.16805527 ], [ -40.25704718, -18.16810654 ], [ -40.2568106, -18.16823894 ], [ -40.25672114, -18.16828961 ], [ -40.25665652, -18.16832717 ], [ -40.25651533, -18.16840638 ] ] } },
{ "type": "Feature", "properties": { "Field": "000", "Length": 375.8086118782536, "Image": "/home/ubuntu/bemagro/data/image/Orthomosaico.tif", "Farm": "data" }, "geometry": { "type": "LineString", "coordinates": [ [ -40.25650652, -18.16839446 ], [ -40.25664565, -18.16831681 ], [ -40.2568241, -18.16821472 ], [ -40.25693824, -18.16815068 ], [ -40.25700387, -18.16811476 ], [ -40.25710101, -18.16805877 ], [ -40.25717448, -18.16801776 ], [ -40.25735308, -18.1679159 ], [ -40.25742675, -18.16787521 ], [ -40.25754877, -18.16780617 ], [ -40.25764584, -18.16775006 ], [ -40.25773531, -18.1676994 ], [ -40.2578562, -18.16762857 ], [ -40.2579944, -18.16755016 ], [ -40.25808432, -18.16750024 ], [ -40.25810028, -18.16749055 ], [ -40.25816573, -18.16745434 ], [ -40.25835975, -18.16734194 ], [ -40.25850699, -18.1672604 ], [ -40.25860419, -18.1672045 ], [ -40.2587752, -18.16710813 ], [ -40.25882354, -18.16707977 ], [ -40.25898577, -18.16698697 ], [ -40.25903406, -18.16695851 ], [ -40.25931037, -18.16680158 ], [ -40.25935856, -18.16677299 ], [ -40.25940798, -18.16674638 ], [ -40.25948921, -18.16670016 ], [ -40.25954672, -18.16666888 ], [ -40.25956105, -18.16666069 ] ] } },
{ "type": "Feature", "properties": { "Field": "000", "Length": 376.47195400724701, "Image": "/home/ubuntu/bemagro/data/image/Orthomosaico.tif", "Farm": "data" }, "geometry": { "type": "LineString", "coordinates": [ [ -40.2564976, -18.16838239 ], [ -40.25652287, -18.16836898 ], [ -40.25657965, -18.1683365 ], [ -40.25668601, -18.16827766 ], [ -40.25686436, -18.1681754 ], [ -40.25697074, -18.16811658 ], [ -40.25708405, -18.16805122 ], [ -40.2571495, -18.168015 ], [ -40.25735255, -18.1678994 ], [ -40.25759716, -18.16776223 ], [ -40.25781502, -18.16763513 ], [ -40.25798569, -18.1675382 ], [ -40.25804305, -18.16750666 ], [ -40.25817334, -18.16743323 ], [ -40.25835107, -18.16733 ], [ -40.25849828, -18.16724841 ], [ -40.2586198, -18.16717856 ], [ -40.25876649, -18.16709614 ], [ -40.2589366, -18.16699833 ], [ -40.25901715, -18.16695103 ], [ -40.25930141, -18.16678919 ], [ -40.25939018, -18.16673742 ], [ -40.25942339, -18.16672014 ], [ -40.25950518, -18.16667484 ], [ -40.25952099, -18.16666493 ], [ -40.25955682, -18.16664449 ] ] } },
{ "type": "Feature", "properties": { "Field": "000", "Length": 377.09410334694269, "Image": "/home/ubuntu/bemagro/data/image/Orthomosaico.tif", "Farm": "data" }, "geometry": { "type": "LineString", "coordinates": [ [ -40.25955304, -18.16662999 ], [ -40.25951176, -18.16665372 ], [ -40.25949595, -18.16666364 ], [ -40.25948753, -18.16666775 ], [ -40.25942254, -18.16670471 ], [ -40.25938064, -18.16672562 ], [ -40.25936524, -18.1667361 ], [ -40.25930804, -18.16676791 ], [ -40.25916233, -18.1668519 ], [ -40.25900789, -18.16693956 ], [ -40.25887087, -18.16701982 ], [ -40.25875725, -18.1670847 ], [ -40.25864311, -18.16714872 ], [ -40.25848087, -18.16724152 ], [ -40.25834994, -18.16731391 ], [ -40.25820476, -18.16739874 ], [ -40.25787084, -18.16758683 ], [ -40.25783871, -18.16760588 ], [ -40.25766843, -18.16770344 ], [ -40.25758798, -18.16775089 ], [ -40.25737585, -18.16786955 ], [ -40.25726254, -18.16793491 ], [ -40.25707516, -18.16804033 ], [ -40.25700232, -18.16808234 ], [ -40.25677397, -18.16821031 ], [ -40.25671764, -18.16824349 ], [ -40.25667695, -18.16826648 ], [ -40.25652159, -18.16835264 ], [ -40.25648849, -18.16837007 ] ] } },
{ "type": "Feature", "properties": { "Field": "000", "Length": 377.60093569249096, "Image": "/home/ubuntu/bemagro/data/image/Orthomosaico.tif", "Farm": "data" }, "geometry": { "type": "LineString", "coordinates": [ [ -40.2595487, -18.16661599 ], [ -40.25941962, -18.16669046 ], [ -40.25941143, -18.16669497 ], [ -40.25937818, -18.16671217 ], [ -40.25933726, -18.16673479 ], [ -40.259256, -18.16678095 ], [ -40.25915092, -18.16684188 ], [ -40.25897234, -18.16694376 ], [ -40.25887566, -18.16700048 ], [ -40.2586972, -18.16710255 ], [ -40.25865624, -18.1671251 ], [ -40.25847765, -18.16722697 ], [ -40.25846946, -18.16723147 ], [ -40.2584529, -18.1672402 ], [ -40.25833864, -18.16730403 ], [ -40.25820136, -18.1673839 ], [ -40.25804658, -18.16747101 ], [ -40.25794129, -18.16753158 ], [ -40.25787607, -18.16756817 ], [ -40.25786798, -18.16757286 ], [ -40.25784399, -18.16758731 ], [ -40.25770566, -18.1676655 ], [ -40.25760097, -18.16772701 ], [ -40.25751148, -18.16777764 ], [ -40.25742149, -18.16782744 ], [ -40.25713765, -18.16798995 ], [ -40.25708024, -18.16802142 ], [ -40.25694215, -18.16809998 ], [ -40.25690113, -18.16812244 ], [ -40.25682807, -18.16816411 ], [ -40.2567953, -18.16818214 ], [ -40.25668996, -18.16824265 ], [ -40.25652659, -18.1683336 ], [ -40.25647993, -18.1683585 ] ] } },
{ "type": "Feature", "properties": { "Field": "000", "Length": 378.04607022516365, "Image": "/home/ubuntu/bemagro/data/image/Orthomosaico.tif", "Farm": "data" }, "geometry": { "type": "LineString", "coordinates": [ [ -40.25954459, -18.16660352 ], [ -40.25945485, -18.16665383 ], [ -40.25941454, -18.16667743 ], [ -40.25933234, -18.16672205 ], [ -40.25923427, -18.16677654 ], [ -40.25916999, -18.16681463 ], [ -40.25902377, -18.16689781 ], [ -40.25888624, -18.16697729 ], [ -40.25884612, -18.16700117 ], [ -40.25874875, -18.1670568 ], [ -40.25863465, -18.1671209 ], [ -40.25859433, -18.16714448 ], [ -40.25849667, -18.16719965 ], [ -40.25834137, -18.1672859 ], [ -40.25821216, -18.16736105 ], [ -40.25805731, -18.16744804 ], [ -40.25792801, -18.16752305 ], [ -40.25786277, -18.16755961 ], [ -40.25778202, -18.1676066 ], [ -40.25767624, -18.16766639 ], [ -40.25761993, -18.16769961 ], [ -40.25737554, -18.16783715 ], [ -40.25731101, -18.16787483 ], [ -40.25714868, -18.16796749 ], [ -40.25705853, -18.16801704 ], [ -40.25694506, -18.16808214 ], [ -40.25689586, -18.16810912 ], [ -40.25678187, -18.1681734 ], [ -40.25668469, -18.16822933 ], [ -40.25647187, -18.16834759 ] ] } },
{ "type": "Feature", "properties": { "Field": "000", "Length": 378.54749053050244, "Image": "/home/ubuntu/bemagro/data/image/Orthomosaico.tif", "Farm": "data" }, "geometry": { "type": "LineString", "coordinates": [ [ -40.2595399, -18.1665893 ], [ -40.25947506, -18.16662559 ], [ -40.25941064, -18.16666345 ], [ -40.25940246, -18.16666798 ], [ -40.25936917, -18.16668513 ], [ -40.25936097, -18.16668963 ], [ -40.25933676, -18.16670373 ], [ -40.25922216, -18.16676702 ], [ -40.25921405, -18.16677166 ], [ -40.25915778, -18.16680495 ], [ -40.25905996, -18.16685984 ], [ -40.25881784, -18.167001 ], [ -40.25869601, -18.16707034 ], [ -40.25864687, -18.16709742 ], [ -40.2585578, -18.16714872 ], [ -40.25846817, -18.16719912 ], [ -40.25839441, -18.16723964 ], [ -40.25829676, -18.16729483 ], [ -40.25819997, -18.16735137 ], [ -40.25805321, -18.16743369 ], [ -40.25799654, -18.16746635 ], [ -40.25795647, -18.16749031 ], [ -40.2577615, -18.1676012 ], [ -40.25760777, -18.16769 ], [ -40.25757499, -18.16770802 ], [ -40.25749395, -18.16775454 ], [ -40.25741234, -18.16780014 ], [ -40.25718532, -18.16793024 ], [ -40.25712024, -18.16796705 ], [ -40.25703836, -18.16801221 ], [ -40.25692477, -18.16807713 ], [ -40.2568024, -18.16814561 ], [ -40.25667268, -18.16821996 ], [ -40.25646352, -18.1683363 ] ] } },
{ "type": "Feature", "properties": { "Field": "000", "Length": 379.01775583667711, "Image": "/home/ubuntu/bemagro/data/image/Orthomosaico.tif", "Farm": "data" }, "geometry": { "type": "LineString", "coordinates": [ [ -40.25953549, -18.16657592 ], [ -40.25946992, -18.16661212 ], [ -40.25938076, -18.16666328 ], [ -40.25935584, -18.16667621 ], [ -40.25932342, -18.16669482 ], [ -40.25922512, -18.16674894 ], [ -40.25916063, -18.16678669 ], [ -40.25903847, -18.16685551 ], [ -40.25893384, -18.16691713 ], [ -40.2587395, -18.16702903 ], [ -40.25864158, -18.16708378 ], [ -40.25856881, -18.16712591 ], [ -40.25845479, -18.16719014 ], [ -40.25841372, -18.16721251 ], [ -40.25829151, -18.16728124 ], [ -40.2582108, -18.16732828 ], [ -40.25804803, -18.16742022 ], [ -40.25798338, -18.16745773 ], [ -40.25796754, -18.1674676 ], [ -40.2577643, -18.16758288 ], [ -40.25772411, -18.16760667 ], [ -40.25756187, -18.16769946 ], [ -40.25734204, -18.16782344 ], [ -40.25730986, -18.16784241 ], [ -40.25725274, -18.16787435 ], [ -40.25711493, -18.16795338 ], [ -40.2570169, -18.16800793 ], [ -40.25690319, -18.16807267 ], [ -40.25683779, -18.16810896 ], [ -40.2566837, -18.16819718 ], [ -40.25655296, -18.16826987 ], [ -40.25645537, -18.16832528 ] ] } },
{ "type": "Feature", "properties": { "Field": "000", "Length": 379.52551550703191, "Image": "/home/ubuntu/bemagro/data/image/Orthomosaico.tif", "Farm": "data" }, "geometry": { "type": "LineString", "coordinates": [ [ -40.25953069, -18.16656135 ], [ -40.25944123, -18.16661109 ], [ -40.25936027, -18.16665775 ], [ -40.25921316, -18.16673949 ], [ -40.25920506, -18.16674414 ], [ -40.25917296, -18.16676325 ], [ -40.25910806, -18.16680036 ], [ -40.25901834, -18.16685061 ], [ -40.25892161, -18.16690725 ], [ -40.25876736, -18.1669952 ], [ -40.25868664, -18.16704223 ], [ -40.25862127, -18.16707859 ], [ -40.25855662, -18.16711609 ], [ -40.25845895, -18.16717125 ], [ -40.25833631, -18.16723928 ], [ -40.25821487, -18.16730924 ], [ -40.25813335, -18.167355 ], [ -40.25801163, -18.16742453 ], [ -40.25793108, -18.16747183 ], [ -40.25776011, -18.16756826 ], [ -40.25765509, -18.16762927 ], [ -40.2575249, -18.16770287 ], [ -40.25746828, -18.1677356 ], [ -40.25726472, -18.16785037 ], [ -40.25714333, -18.16792042 ], [ -40.25690694, -18.16805313 ], [ -40.2568747, -18.16807203 ], [ -40.25667163, -18.16818758 ], [ -40.25659795, -18.16822825 ], [ -40.25644674, -18.16831361 ] ] } },
{ "type": "Feature", "properties": { "Field": "000", "Length": 380.02203240510653, "Image": "/home/ubuntu/bemagro/data/image/Orthomosaico.tif", "Farm": "data" }, "geometry": { "type": "LineString", "coordinates": [ [ -40.25643798, -18.16830176 ], [ -40.25660117, -18.16820966 ], [ -40.25665041, -18.16818276 ], [ -40.25672332, -18.16814085 ], [ -40.25676434, -18.1681184 ], [ -40.25686955, -18.16805769 ], [ -40.2571627, -18.16789247 ], [ -40.25725974, -18.16783631 ], [ -40.25731701, -18.16780462 ], [ -40.25764999, -18.16761501 ], [ -40.25774688, -18.16755862 ], [ -40.2579261, -18.16745776 ], [ -40.25799867, -18.16741532 ], [ -40.25824249, -18.16727687 ], [ -40.25830705, -18.16723922 ], [ -40.25842156, -18.16717579 ], [ -40.25868978, -18.16702353 ], [ -40.25877851, -18.16697169 ], [ -40.25881119, -18.16695351 ], [ -40.25902159, -18.16683207 ], [ -40.25908687, -18.16679558 ], [ -40.25920843, -18.16672579 ], [ -40.25933117, -18.16665792 ], [ -40.25936317, -18.16663866 ], [ -40.25940442, -18.16661662 ], [ -40.25952612, -18.16654748 ] ] } },
{ "type": "Feature", "properties": { "Field": "000", "Length": 380.55197640057963, "Image": "/home/ubuntu/bemagro/data/image/Orthomosaico.tif", "Farm": "data" }, "geometry": { "type": "LineString", "coordinates": [ [ -40.25952119, -18.16653252 ], [ -40.25941651, -18.16659316 ], [ -40.25940836, -18.16659774 ], [ -40.25933442, -18.16663796 ], [ -40.25924513, -18.16668891 ], [ -40.25918766, -18.16672026 ], [ -40.2591062, -18.16676612 ], [ -40.25897677, -18.16684092 ], [ -40.25888734, -18.16689164 ], [ -40.25880662, -18.16693866 ], [ -40.2587008, -18.16699839 ], [ -40.25857969, -18.1670689 ], [ -40.25851444, -18.16710543 ], [ -40.25837672, -18.1671846 ], [ -40.25827841, -18.1672387 ], [ -40.2581806, -18.16729363 ], [ -40.25806706, -18.16735863 ], [ -40.25793797, -18.16743396 ], [ -40.25779911, -18.16751129 ], [ -40.25766899, -18.16758501 ], [ -40.25749127, -18.16768825 ], [ -40.25740161, -18.1677386 ], [ -40.25732871, -18.16778052 ], [ -40.25724704, -18.16782604 ], [ -40.25707689, -18.16792378 ], [ -40.25688141, -18.16803386 ], [ -40.25683226, -18.16806092 ], [ -40.25665388, -18.16816313 ], [ -40.25642885, -18.16828941 ] ] } },
{ "type": "Feature", "properties": { "Field": "000", "Length": 381.03218087268806, "Image": "/home/ubuntu/bemagro/data/image/Orthomosaico.tif", "Farm": "data" }, "geometry": { "type": "LineString", "coordinates": [ [ -40.25951676, -18.16651907 ], [ -40.25938697, -18.16659433 ], [ -40.25927999, -18.16665214 ], [ -40.25902746, -18.16679427 ], [ -40.25882494, -18.16691071 ], [ -40.25880902, -18.16692045 ], [ -40.25870329, -18.16698032 ], [ -40.25863081, -18.16702291 ], [ -40.25850072, -18.16709667 ], [ -40.25844438, -18.16712984 ], [ -40.25837932, -18.1671667 ], [ -40.25830541, -18.16720698 ], [ -40.25818302, -18.16727542 ], [ -40.25804517, -18.16735438 ], [ -40.25794029, -18.16741561 ], [ -40.25776082, -18.16751605 ], [ -40.25757423, -18.16762275 ], [ -40.25748565, -18.16767481 ], [ -40.2571928, -18.16784052 ], [ -40.25706336, -18.16791531 ], [ -40.25681029, -18.16805656 ], [ -40.25675392, -18.16808968 ], [ -40.25664834, -18.16814981 ], [ -40.25659093, -18.16818127 ], [ -40.25642052, -18.16827814 ] ] } },
{ "type": "Feature", "properties": { "Field": "000", "Length": 381.54047478440509, "Image": "/home/ubuntu/bemagro/data/image/Orthomosaico.tif", "Farm": "data" }, "geometry": { "type": "LineString", "coordinates": [ [ -40.25951209, -18.1665049 ], [ -40.25948854, -18.16651916 ], [ -40.25938329, -18.16657979 ], [ -40.25937511, -18.16658432 ], [ -40.25930896, -18.16661936 ], [ -40.25917831, -18.16669219 ], [ -40.2590319, -18.16677508 ], [ -40.25893447, -18.16683062 ], [ -40.25887008, -18.16686853 ], [ -40.25882934, -18.16689144 ], [ -40.2587325, -18.16694791 ], [ -40.25850522, -18.16707758 ], [ -40.25840017, -18.16713855 ], [ -40.25835123, -18.16716595 ], [ -40.25828542, -18.16720157 ], [ -40.25817121, -18.16726548 ], [ -40.25796897, -18.16738236 ], [ -40.2577329, -18.1675156 ], [ -40.25761955, -18.16758089 ], [ -40.25757065, -18.16760836 ], [ -40.25748208, -18.16766043 ], [ -40.25740075, -18.16770649 ], [ -40.25736052, -18.16773021 ], [ -40.25726274, -18.16778518 ], [ -40.25720612, -18.16781792 ], [ -40.25716521, -18.16784055 ], [ -40.25707621, -18.16789196 ], [ -40.25683933, -18.16802386 ], [ -40.25668552, -18.16811252 ], [ -40.25657909, -18.16817126 ], [ -40.25651425, -18.16820845 ], [ -40.25641161, -18.1682661 ] ] } },
{ "type": "Feature", "properties": { "Field": "000", "Length": 382.01853631445277, "Image": "/home/ubuntu/bemagro/data/image/Orthomosaico.tif", "Farm": "data" }, "geometry": { "type": "LineString", "coordinates": [ [ -40.25950766, -18.16649147 ], [ -40.2594755, -18.16651047 ], [ -40.2594266, -18.16653794 ], [ -40.25938644, -18.16656177 ], [ -40.25930412, -18.16660619 ], [ -40.25923075, -18.16664737 ], [ -40.25918139, -18.16667406 ], [ -40.25901054, -18.1667707 ], [ -40.25861411, -18.16699971 ], [ -40.25849196, -18.16706855 ], [ -40.25842752, -18.16710639 ], [ -40.25833783, -18.16715669 ], [ -40.25828842, -18.16718331 ], [ -40.25820721, -18.16722957 ], [ -40.2581825, -18.16724287 ], [ -40.25797194, -18.16736406 ], [ -40.25777659, -18.16747434 ], [ -40.25760648, -18.16757216 ], [ -40.25756559, -18.16759483 ], [ -40.25739609, -18.1676936 ], [ -40.25728223, -18.16775809 ], [ -40.25723387, -18.16778643 ], [ -40.25715221, -18.16783194 ], [ -40.25706293, -18.16788291 ], [ -40.25682616, -18.168015 ], [ -40.25668874, -18.16809463 ], [ -40.25654165, -18.16817641 ], [ -40.2565176, -18.16819077 ], [ -40.25647652, -18.16821313 ], [ -40.25640322, -18.16825475 ] ] } },
{ "type": "Feature", "properties": { "Field": "000", "Length": 382.49612656511101, "Image": "/home/ubuntu/bemagro/data/image/Orthomosaico.tif", "Farm": "data" }, "geometry": { "type": "LineString", "coordinates": [ [ -40.25950328, -18.16647818 ], [ -40.25940609, -18.16653319 ], [ -40.25938197, -18.16654746 ], [ -40.25937377, -18.16655194 ], [ -40.25936537, -18.1665561 ], [ -40.25935717, -18.16656059 ], [ -40.25934123, -18.16657031 ], [ -40.25933309, -18.16657491 ], [ -40.25929989, -18.1665922 ], [ -40.25912806, -18.16668724 ], [ -40.25890912, -18.16681264 ], [ -40.2588527, -18.16684568 ], [ -40.25877139, -18.16689177 ], [ -40.25860177, -18.16699036 ], [ -40.25848747, -18.16705413 ], [ -40.25839061, -18.16711057 ], [ -40.25825158, -18.16718761 ], [ -40.25817017, -18.16723354 ], [ -40.25802451, -18.16731763 ], [ -40.25779671, -18.16744647 ], [ -40.25761852, -18.16754898 ], [ -40.25753708, -18.16759485 ], [ -40.25743225, -18.16765616 ], [ -40.25722168, -18.16777734 ], [ -40.2571158, -18.16783696 ], [ -40.25689518, -18.16795965 ], [ -40.25662736, -18.16811257 ], [ -40.25656194, -18.16814883 ], [ -40.2565051, -18.16818122 ], [ -40.25645584, -18.16820809 ], [ -40.25639459, -18.16824308 ] ] } },
{ "type": "Feature", "properties": { "Field": "000", "Length": 382.98355602995383, "Image": "/home/ubuntu/bemagro/data/image/Orthomosaico.tif", "Farm": "data" }, "geometry": { "type": "LineString", "coordinates": [ [ -40.25949881, -18.16646461 ], [ -40.25946688, -18.16648372 ], [ -40.25941763, -18.16651063 ], [ -40.25937705, -18.16653379 ], [ -40.25934377, -18.16655095 ], [ -40.2593198, -18.16656543 ], [ -40.25927025, -18.16659181 ], [ -40.25913936, -18.16666426 ], [ -40.25889612, -18.16680365 ], [ -40.25883158, -18.16684132 ], [ -40.2587908, -18.16686418 ], [ -40.25863732, -18.16695335 ], [ -40.25848247, -18.16704034 ], [ -40.25836939, -18.16710607 ], [ -40.25833642, -18.16712377 ], [ -40.25832042, -18.16713339 ], [ -40.25818949, -18.16720578 ], [ -40.25803585, -18.16729471 ], [ -40.25783239, -18.16740963 ], [ -40.25767046, -18.16750292 ], [ -40.25751612, -18.16759073 ], [ -40.25748405, -18.16760987 ], [ -40.25717617, -18.16778678 ], [ -40.25689835, -18.16794127 ], [ -40.25687432, -18.16795566 ], [ -40.25680096, -18.16799685 ], [ -40.25666309, -18.16807579 ], [ -40.25651664, -18.16815861 ], [ -40.25643473, -18.16820372 ], [ -40.25638611, -18.1682316 ] ] } },
{ "type": "Feature", "properties": { "Field": "000", "Length": 383.5200188610188, "Image": "/home/ubuntu/bemagro/data/image/Orthomosaico.tif", "Farm": "data" }, "geometry": { "type": "LineString", "coordinates": [ [ -40.25949369, -18.16644909 ], [ -40.25946228, -18.16646836 ], [ -40.25945425, -18.16647312 ], [ -40.25938107, -18.16651461 ], [ -40.25934817, -18.16653241 ], [ -40.25933151, -18.16654096 ], [ -40.25931557, -18.16655067 ], [ -40.25930742, -18.16655526 ], [ -40.25928235, -18.16656794 ], [ -40.25927408, -18.16657231 ], [ -40.25907827, -18.16668185 ], [ -40.25860072, -18.16695726 ], [ -40.25851082, -18.16700722 ], [ -40.25837338, -18.16708682 ], [ -40.25836523, -18.1670914 ], [ -40.25829952, -18.16712719 ], [ -40.25817741, -18.16719609 ], [ -40.25810438, -18.1672378 ], [ -40.25806425, -18.16726167 ], [ -40.25798326, -18.16730829 ], [ -40.25780376, -18.16740869 ], [ -40.25730192, -18.1676981 ], [ -40.25722833, -18.1677389 ], [ -40.25716346, -18.16777606 ], [ -40.25689416, -18.16792657 ], [ -40.25688605, -18.16793122 ], [ -40.25683784, -18.16795979 ], [ -40.25677288, -18.16799681 ], [ -40.25655337, -18.16812128 ], [ -40.2564471, -18.16818028 ], [ -40.25637753, -18.16821999 ] ] } },
{ "type": "Feature", "properties": { "Field": "000", "Length": 383.98014086121339, "Image": "/home/ubuntu/bemagro/data/image/Orthomosaico.tif", "Farm": "data" }, "geometry": { "type": "LineString", "coordinates": [ [ -40.25948946, -18.16643623 ], [ -40.2594333, -18.16646881 ], [ -40.25933518, -18.16652323 ], [ -40.25929376, -18.16654498 ], [ -40.2592613, -18.16656353 ], [ -40.25922822, -18.16658104 ], [ -40.25913883, -18.16663182 ], [ -40.25905705, -18.16667714 ], [ -40.25892782, -18.16675227 ], [ -40.25879796, -18.16682638 ], [ -40.25872556, -18.16686909 ], [ -40.25866855, -18.16690122 ], [ -40.25862025, -18.16692964 ], [ -40.25848169, -18.16700746 ], [ -40.25836035, -18.16707759 ], [ -40.2582295, -18.1671501 ], [ -40.25797016, -18.16729895 ], [ -40.25781507, -18.16738555 ], [ -40.25766096, -18.16747374 ], [ -40.25753201, -18.16754931 ], [ -40.25742636, -18.16760931 ], [ -40.25727271, -18.16769822 ], [ -40.25721525, -18.16772958 ], [ -40.25714247, -18.16777171 ], [ -40.25688938, -18.16791292 ], [ -40.25676004, -18.16798787 ], [ -40.25636901, -18.16820848 ] ] } },
{ "type": "Feature", "properties": { "Field": "000", "Length": 384.48596453849666, "Image": "/home/ubuntu/bemagro/data/image/Orthomosaico.tif", "Farm": "data" }, "geometry": { "type": "LineString", "coordinates": [ [ -40.25948482, -18.16642217 ], [ -40.25943673, -18.16645003 ], [ -40.25936305, -18.1664907 ], [ -40.25933071, -18.16650942 ], [ -40.2593225, -18.1665139 ], [ -40.25928073, -18.16653504 ], [ -40.25927246, -18.16653943 ], [ -40.25907662, -18.1666489 ], [ -40.25881789, -18.16679873 ], [ -40.25875292, -18.16683572 ], [ -40.25868851, -18.16687361 ], [ -40.25865589, -18.1668919 ], [ -40.25859953, -18.16692503 ], [ -40.25846103, -18.16700295 ], [ -40.25834755, -18.16706804 ], [ -40.25819213, -18.1671541 ], [ -40.25805366, -18.16723205 ], [ -40.25796456, -18.1672833 ], [ -40.25790736, -18.16731511 ], [ -40.25784261, -18.16735246 ], [ -40.25775295, -18.16740279 ], [ -40.2577127, -18.16742649 ], [ -40.2576315, -18.16747275 ], [ -40.25751894, -18.1675393 ], [ -40.2574538, -18.16757601 ], [ -40.25731616, -18.16765531 ], [ -40.25724384, -18.16769815 ], [ -40.25723573, -18.16770278 ], [ -40.25721115, -18.16771631 ], [ -40.2570895, -18.16778595 ], [ -40.25701588, -18.16782671 ], [ -40.25699184, -18.16784109 ], [ -40.25695107, -18.16786395 ], [ -40.25686908, -18.16790893 ], [ -40.25673121, -18.16798785 ], [ -40.25666585, -18.16802422 ], [ -40.25657651, -18.16807508 ], [ -40.25649472, -18.16812039 ], [ -40.25636032, -18.16819671 ] ] } },
{ "type": "Feature", "properties": { "Field": "000", "Length": 384.98386847662005, "Image": "/home/ubuntu/bemagro/data/image/Orthomosaico.tif", "Farm": "data" }, "geometry": { "type": "LineString", "coordinates": [ [ -40.25948008, -18.1664078 ], [ -40.25935904, -18.1664775 ], [ -40.25924358, -18.16653934 ], [ -40.2590314, -18.16665791 ], [ -40.25858682, -18.16691558 ], [ -40.25834318, -18.16705433 ], [ -40.25817125, -18.1671492 ], [ -40.25793567, -18.16728321 ], [ -40.25787838, -18.16731487 ], [ -40.25782196, -18.16734792 ], [ -40.25774033, -18.16739349 ], [ -40.25769201, -18.16742188 ], [ -40.25765126, -18.16744478 ], [ -40.25763506, -18.16745408 ], [ -40.2575062, -18.16752979 ], [ -40.25729537, -18.16765055 ], [ -40.25722331, -18.16769379 ], [ -40.25720718, -18.16770321 ], [ -40.25697146, -18.16783701 ], [ -40.25695512, -18.16784609 ], [ -40.25686476, -18.16789528 ], [ -40.2568163, -18.16792346 ], [ -40.25667772, -18.16800124 ], [ -40.25662103, -18.16803387 ], [ -40.25646583, -18.16812029 ], [ -40.25635209, -18.16818559 ] ] } },
{ "type": "Feature", "properties": { "Field": "000", "Length": 385.49071347490337, "Image": "/home/ubuntu/bemagro/data/image/Orthomosaico.tif", "Farm": "data" }, "geometry": { "type": "LineString", "coordinates": [ [ -40.25947533, -18.16639337 ], [ -40.25945195, -18.16640787 ], [ -40.25944392, -18.16641264 ], [ -40.25936257, -18.16645866 ], [ -40.25933778, -18.16647183 ], [ -40.25928901, -18.16649951 ], [ -40.25921483, -18.16653934 ], [ -40.25901898, -18.16664879 ], [ -40.25865528, -18.16685971 ], [ -40.25858237, -18.16690162 ], [ -40.25850896, -18.16694273 ], [ -40.25841189, -18.16699883 ], [ -40.258208, -18.16711306 ], [ -40.25815064, -18.1671446 ], [ -40.25800472, -18.16722827 ], [ -40.25798015, -18.16724181 ], [ -40.25795599, -18.16725599 ], [ -40.25788242, -18.16729684 ], [ -40.25783407, -18.16732518 ], [ -40.25782594, -18.1673298 ], [ -40.25777672, -18.16735674 ], [ -40.25775234, -18.16737059 ], [ -40.25769587, -18.16740356 ], [ -40.25763078, -18.16744037 ], [ -40.25747756, -18.16752995 ], [ -40.2573477, -18.16760409 ], [ -40.25720267, -18.16768915 ], [ -40.25694265, -18.16783691 ], [ -40.25682786, -18.16789988 ], [ -40.25662483, -18.1680155 ], [ -40.25645331, -18.16811104 ], [ -40.25634358, -18.16817408 ] ] } },
{ "type": "Feature", "properties": { "Field": "000", "Length": 385.98274763088568, "Image": "/home/ubuntu/bemagro/data/image/Orthomosaico.tif", "Farm": "data" }, "geometry": { "type": "LineString", "coordinates": [ [ -40.25947082, -18.1663797 ], [ -40.25943921, -18.16639938 ], [ -40.25939009, -18.1664265 ], [ -40.25934984, -18.16645019 ], [ -40.25933317, -18.16645871 ], [ -40.2592844, -18.16648638 ], [ -40.25918568, -18.16653981 ], [ -40.2590222, -18.16663058 ], [ -40.25894915, -18.16667227 ], [ -40.25880419, -18.16675744 ], [ -40.25873104, -18.16679897 ], [ -40.25856956, -18.16689298 ], [ -40.2584554, -18.16695697 ], [ -40.25839901, -18.16699007 ], [ -40.25836605, -18.16700778 ], [ -40.25821147, -18.1670952 ], [ -40.25813777, -18.16713584 ], [ -40.25797572, -18.16722893 ], [ -40.2578777, -18.16728352 ], [ -40.25781319, -18.16732123 ], [ -40.25773147, -18.16736667 ], [ -40.25770743, -18.16738105 ], [ -40.25760998, -18.16743655 ], [ -40.257481, -18.16751207 ], [ -40.25733486, -18.16759538 ], [ -40.25719784, -18.16767565 ], [ -40.25713253, -18.1677121 ], [ -40.25695427, -18.16781451 ], [ -40.25677416, -18.16791389 ], [ -40.25660364, -18.16801105 ], [ -40.25640774, -18.16812045 ], [ -40.25633497, -18.16816244 ] ] } },
{ "type": "Feature", "properties": { "Field": "000", "Length": 386.4796402658535, "Image": "/home/ubuntu/bemagro/data/image/Orthomosaico.tif", "Farm": "data" }, "geometry": { "type": "LineString", "coordinates": [ [ -40.25946608, -18.16636532 ], [ -40.25942649, -18.16638913 ], [ -40.25929665, -18.16646328 ], [ -40.25918975, -18.16652123 ], [ -40.25900993, -18.1666211 ], [ -40.25879191, -18.16674795 ], [ -40.25868616, -18.16680779 ], [ -40.25857319, -18.16687369 ], [ -40.25841916, -18.166962 ], [ -40.25833727, -18.16700716 ], [ -40.25822355, -18.16707186 ], [ -40.2581336, -18.16712174 ], [ -40.25797162, -18.16721493 ], [ -40.25786541, -18.16727402 ], [ -40.2577765, -18.16732558 ], [ -40.25763831, -18.16740399 ], [ -40.25749299, -18.1674886 ], [ -40.25743608, -18.16752088 ], [ -40.25721775, -18.16764724 ], [ -40.25710377, -18.16771154 ], [ -40.25696617, -18.1677909 ], [ -40.25675363, -18.16790888 ], [ -40.25647722, -18.16806567 ], [ -40.25640365, -18.16810652 ], [ -40.25632638, -18.16815082 ] ] } },
{ "type": "Feature", "properties": { "Field": "000", "Length": 386.95858500197278, "Image": "/home/ubuntu/bemagro/data/image/Orthomosaico.tif", "Farm": "data" }, "geometry": { "type": "LineString", "coordinates": [ [ -40.25946156, -18.16635179 ], [ -40.25941389, -18.16638029 ], [ -40.25938931, -18.16639382 ], [ -40.25929222, -18.16644989 ], [ -40.259136, -18.16653461 ], [ -40.25902973, -18.16659361 ], [ -40.25893289, -18.16665009 ], [ -40.25886776, -18.16668681 ], [ -40.25874684, -18.16675762 ], [ -40.25869787, -18.16678498 ], [ -40.25839835, -18.16695763 ], [ -40.25834095, -18.1669891 ], [ -40.25820278, -18.16706754 ], [ -40.25809653, -18.16712657 ], [ -40.25803205, -18.16716435 ], [ -40.25796706, -18.16720132 ], [ -40.25786088, -18.16726046 ], [ -40.25779632, -18.1672981 ], [ -40.25760949, -18.1674044 ], [ -40.25719699, -18.16764296 ], [ -40.25708303, -18.16770728 ], [ -40.25696164, -18.16777734 ], [ -40.25674901, -18.16789518 ], [ -40.25663546, -18.16796017 ], [ -40.2563747, -18.16810674 ], [ -40.25635067, -18.16812113 ], [ -40.25631789, -18.16813934 ] ] } },
{ "type": "Feature", "properties": { "Field": "000", "Length": 387.42293571886972, "Image": "/home/ubuntu/bemagro/data/image/Orthomosaico.tif", "Farm": "data" }, "geometry": { "type": "LineString", "coordinates": [ [ -40.25945707, -18.16633849 ], [ -40.25940933, -18.1663669 ], [ -40.25928727, -18.16643589 ], [ -40.25919737, -18.16648584 ], [ -40.25909871, -18.16653935 ], [ -40.25904998, -18.1665671 ], [ -40.25901716, -18.16658505 ], [ -40.25889554, -18.16665474 ], [ -40.25880702, -18.16670689 ], [ -40.25851544, -18.16687463 ], [ -40.2584827, -18.16689271 ], [ -40.25842629, -18.16692578 ], [ -40.25833643, -18.1669758 ], [ -40.25823903, -18.16703138 ], [ -40.25813286, -18.16709055 ], [ -40.25800316, -18.16716493 ], [ -40.25786461, -18.16724276 ], [ -40.25784064, -18.16725724 ], [ -40.257743, -18.16731244 ], [ -40.25767844, -18.16735009 ], [ -40.25765378, -18.16736348 ], [ -40.25749192, -18.16745687 ], [ -40.25744303, -18.16748435 ], [ -40.25736254, -18.16753175 ], [ -40.25725692, -18.1675918 ], [ -40.25716809, -18.16764347 ], [ -40.2570541, -18.16770775 ], [ -40.25694881, -18.16776833 ], [ -40.25665475, -18.16793206 ], [ -40.25630939, -18.16812784 ] ] } },
{ "type": "Feature", "properties": { "Field": "000", "Length": 387.87810993020616, "Image": "/home/ubuntu/bemagro/data/image/Orthomosaico.tif", "Farm": "data" }, "geometry": { "type": "LineString", "coordinates": [ [ -40.25945275, -18.16632572 ], [ -40.2594129, -18.16634916 ], [ -40.25931462, -18.1664033 ], [ -40.25925807, -18.16643615 ], [ -40.25906149, -18.16654442 ], [ -40.25893944, -18.16661341 ], [ -40.25868901, -18.16675888 ], [ -40.25846185, -18.16688875 ], [ -40.25841355, -18.16691718 ], [ -40.2581038, -18.16709108 ], [ -40.25781976, -18.16725328 ], [ -40.25776265, -18.16728523 ], [ -40.25765754, -18.1673461 ], [ -40.25742214, -18.1674804 ], [ -40.25732547, -18.16753714 ], [ -40.25721974, -18.16759701 ], [ -40.25711483, -18.16765819 ], [ -40.25701679, -18.16771273 ], [ -40.25699269, -18.16772702 ], [ -40.25687886, -18.16779155 ], [ -40.25681317, -18.16782738 ], [ -40.25671549, -18.16788251 ], [ -40.25665807, -18.16791395 ], [ -40.25642253, -18.16804804 ], [ -40.25630052, -18.16811584 ] ] } },
{ "type": "Feature", "properties": { "Field": "000", "Length": 388.30808632072723, "Image": "/home/ubuntu/bemagro/data/image/Orthomosaico.tif", "Farm": "data" }, "geometry": { "type": "LineString", "coordinates": [ [ -40.25944889, -18.16631432 ], [ -40.25941412, -18.16633396 ], [ -40.25932308, -18.16638198 ], [ -40.25920139, -18.16645157 ], [ -40.25914328, -18.16648182 ], [ -40.25904515, -18.16653621 ], [ -40.25892401, -18.16660666 ], [ -40.2588347, -18.16665758 ], [ -40.25873006, -18.16671917 ], [ -40.25863249, -18.16677448 ], [ -40.25855192, -18.16682174 ], [ -40.25844637, -18.16688191 ], [ -40.25822629, -18.16700547 ], [ -40.25815335, -18.16704734 ], [ -40.25806348, -18.16709735 ], [ -40.25799881, -18.16713482 ], [ -40.25774667, -18.16727757 ], [ -40.25767408, -18.16731999 ], [ -40.25760081, -18.16736133 ], [ -40.25740653, -18.16747333 ], [ -40.25731787, -18.16752527 ], [ -40.25720406, -18.16758983 ], [ -40.2571235, -18.16763711 ], [ -40.25703349, -18.16768688 ], [ -40.2569445, -18.16773831 ], [ -40.25686297, -18.16778404 ], [ -40.25678911, -18.1678244 ], [ -40.25674054, -18.16785241 ], [ -40.25665879, -18.16789779 ], [ -40.25656165, -18.16795379 ], [ -40.25648797, -18.16799445 ], [ -40.25639063, -18.16805013 ], [ -40.25629189, -18.16810417 ] ] } },
{ "type": "Feature", "properties": { "Field": "000", "Length": 388.75797034729061, "Image": "/home/ubuntu/bemagro/data/image/Orthomosaico.tif", "Farm": "data" }, "geometry": { "type": "LineString", "coordinates": [ [ -40.25944453, -18.16630144 ], [ -40.25939585, -18.16632834 ], [ -40.25929664, -18.16638093 ], [ -40.25919934, -18.16643666 ], [ -40.25913307, -18.1664715 ], [ -40.25901066, -18.16653991 ], [ -40.2589219, -18.16659168 ], [ -40.25882457, -18.16664739 ], [ -40.25874413, -18.16669485 ], [ -40.25860603, -18.16677341 ], [ -40.25853351, -18.16681593 ], [ -40.25814309, -18.16703695 ], [ -40.2580613, -18.16708227 ], [ -40.2579479, -18.16714748 ], [ -40.25773641, -18.1672672 ], [ -40.25765568, -18.16731421 ], [ -40.25757421, -18.16736003 ], [ -40.25751792, -18.16739329 ], [ -40.25742055, -18.16744892 ], [ -40.25731573, -18.16751024 ], [ -40.25716955, -18.1675935 ], [ -40.25712143, -18.1676222 ], [ -40.25701523, -18.1676813 ], [ -40.25693422, -18.16772788 ], [ -40.25668125, -18.16786928 ], [ -40.25654323, -18.16794797 ], [ -40.25643702, -18.16800706 ], [ -40.25636413, -18.16804901 ], [ -40.2562836, -18.16809296 ] ] } },
{ "type": "Feature", "properties": { "Field": "000", "Length": 389.25290196301603, "Image": "/home/ubuntu/bemagro/data/image/Orthomosaico.tif", "Farm": "data" }, "geometry": { "type": "LineString", "coordinates": [ [ -40.25943959, -18.16628682 ], [ -40.25935844, -18.16633225 ], [ -40.25931706, -18.16635409 ], [ -40.25927618, -18.16637677 ], [ -40.25920333, -18.16641878 ], [ -40.25919515, -18.16642331 ], [ -40.25917054, -18.16643678 ], [ -40.25912899, -18.16645831 ], [ -40.25912078, -18.16646279 ], [ -40.25898187, -18.16654004 ], [ -40.25873977, -18.16668122 ], [ -40.25863408, -18.16674115 ], [ -40.25851297, -18.16681165 ], [ -40.2583341, -18.16691306 ], [ -40.25800002, -18.16710089 ], [ -40.25787854, -18.1671708 ], [ -40.25769948, -18.16727192 ], [ -40.25743246, -18.16742611 ], [ -40.25735123, -18.16747233 ], [ -40.25727072, -18.16751968 ], [ -40.25714888, -18.16758902 ], [ -40.2571168, -18.16760815 ], [ -40.25704382, -18.16764995 ], [ -40.2569543, -18.16770053 ], [ -40.25677439, -18.16780024 ], [ -40.25664464, -18.16787455 ], [ -40.2564733, -18.16797038 ], [ -40.25632691, -18.1680533 ], [ -40.25627513, -18.1680815 ] ] } },
{ "type": "Feature", "properties": { "Field": "000", "Length": 389.71759692793319, "Image": "/home/ubuntu/bemagro/data/image/Orthomosaico.tif", "Farm": "data" }, "geometry": { "type": "LineString", "coordinates": [ [ -40.25943505, -18.16627339 ], [ -40.25935397, -18.16631894 ], [ -40.25928002, -18.16635915 ], [ -40.25918249, -18.16641453 ], [ -40.25910818, -18.16645413 ], [ -40.25902619, -18.16649911 ], [ -40.25901805, -18.16650371 ], [ -40.25884787, -18.16660141 ], [ -40.25876763, -18.16664918 ], [ -40.25863761, -18.16672306 ], [ -40.25857323, -18.16676098 ], [ -40.25854861, -18.16677444 ], [ -40.25854049, -18.16677905 ], [ -40.25844359, -18.16683543 ], [ -40.25834555, -18.16688998 ], [ -40.25830511, -18.16691338 ], [ -40.25819083, -18.16697717 ], [ -40.2581178, -18.1670189 ], [ -40.25800339, -18.16708249 ], [ -40.25789016, -18.16714797 ], [ -40.25768686, -18.16726317 ], [ -40.25753332, -18.16735225 ], [ -40.25737912, -18.16744028 ], [ -40.25724179, -18.16752006 ], [ -40.25714427, -18.16757546 ], [ -40.2570149, -18.16765036 ], [ -40.25675357, -18.16779601 ], [ -40.25652614, -18.16792544 ], [ -40.25648501, -18.16794771 ], [ -40.25647685, -18.16795226 ], [ -40.25633059, -18.16803539 ], [ -40.25626697, -18.16807047 ] ] } },
{ "type": "Feature", "properties": { "Field": "000", "Length": 390.20064578877549, "Image": "/home/ubuntu/bemagro/data/image/Orthomosaico.tif", "Farm": "data" }, "geometry": { "type": "LineString", "coordinates": [ [ -40.25943033, -18.16625943 ], [ -40.25919441, -18.16639199 ], [ -40.25910387, -18.16644087 ], [ -40.25895698, -18.16652298 ], [ -40.25884341, -18.16658793 ], [ -40.25873889, -18.1666497 ], [ -40.25861699, -18.16671896 ], [ -40.25856889, -18.16674769 ], [ -40.25849598, -18.16678959 ], [ -40.2584473, -18.16681742 ], [ -40.25832475, -18.1668856 ], [ -40.25828436, -18.16690906 ], [ -40.25827621, -18.16691364 ], [ -40.2581863, -18.16696358 ], [ -40.25812146, -18.16700078 ], [ -40.25798263, -18.16707816 ], [ -40.25785323, -18.16715301 ], [ -40.25777174, -18.16719881 ], [ -40.25771523, -18.16723173 ], [ -40.25769063, -18.16724522 ], [ -40.25768252, -18.16724985 ], [ -40.25750478, -18.16735308 ], [ -40.25745585, -18.16738051 ], [ -40.25731016, -18.16746454 ], [ -40.25728559, -18.16747807 ], [ -40.25720486, -18.16752508 ], [ -40.25713969, -18.16756175 ], [ -40.25701852, -18.16763216 ], [ -40.25687957, -18.16770934 ], [ -40.25679836, -18.1677556 ], [ -40.25674097, -18.16778707 ], [ -40.25657866, -18.16787977 ], [ -40.25646414, -18.16794317 ], [ -40.25635867, -18.16800346 ], [ -40.2562584, -18.16805887 ] ] } },
{ "type": "Feature", "properties": { "Field": "000", "Length": 390.65031447731741, "Image": "/home/ubuntu/bemagro/data/image/Orthomosaico.tif", "Farm": "data" }, "geometry": { "type": "LineString", "coordinates": [ [ -40.25625058, -18.1680483 ], [ -40.25643782, -18.16794176 ], [ -40.25660857, -18.16784676 ], [ -40.25664158, -18.16782734 ], [ -40.25673917, -18.16777206 ], [ -40.2570004, -18.16762626 ], [ -40.25712976, -18.16755134 ], [ -40.25721834, -18.16750102 ], [ -40.25725924, -18.16747663 ], [ -40.25736512, -18.16741698 ], [ -40.25746202, -18.1673606 ], [ -40.25751928, -18.16732891 ], [ -40.25768879, -18.16723014 ], [ -40.25788307, -18.16711989 ], [ -40.25797276, -18.16706784 ], [ -40.25806139, -18.16701761 ], [ -40.25809528, -18.16699962 ], [ -40.25821699, -18.16693008 ], [ -40.25847793, -18.1667838 ], [ -40.25855088, -18.16674196 ], [ -40.25861521, -18.16670396 ], [ -40.25871292, -18.16664886 ], [ -40.25881732, -18.1665869 ], [ -40.25889843, -18.16654049 ], [ -40.25906054, -18.16644926 ], [ -40.25915983, -18.16639497 ], [ -40.25924853, -18.16634484 ], [ -40.25926552, -18.16633504 ], [ -40.25930599, -18.16631349 ], [ -40.25932288, -18.16630352 ], [ -40.25942029, -18.16624974 ], [ -40.25942593, -18.16624641 ] ] } },
{ "type": "Feature", "properties": { "Field": "000", "Length": 391.16764970283526, "Image": "/home/ubuntu/bemagro/data/image/Orthomosaico.tif", "Farm": "data" }, "geometry": { "type": "LineString", "coordinates": [ [ -40.25942076, -18.16623115 ], [ -40.25938906, -18.16624998 ], [ -40.25932396, -18.16628678 ], [ -40.25929091, -18.16630433 ], [ -40.25911999, -18.16640085 ], [ -40.25907066, -18.16642759 ], [ -40.25889104, -18.1665278 ], [ -40.2586893, -18.16664547 ], [ -40.25859971, -18.16669592 ], [ -40.25851071, -18.16674733 ], [ -40.25846164, -18.16677452 ], [ -40.25834008, -18.16684431 ], [ -40.25825798, -18.1668891 ], [ -40.25812039, -18.16696846 ], [ -40.25799783, -18.16703664 ], [ -40.25786042, -18.16711629 ], [ -40.25776236, -18.16717082 ], [ -40.25766493, -18.16722635 ], [ -40.25756776, -18.1672823 ], [ -40.25750353, -18.16732046 ], [ -40.2574383, -18.16735704 ], [ -40.25737386, -18.16739487 ], [ -40.25726816, -18.16745481 ], [ -40.2570416, -18.16758563 ], [ -40.25682132, -18.16770887 ], [ -40.25671596, -18.16776934 ], [ -40.25660986, -18.16782861 ], [ -40.25655317, -18.16786124 ], [ -40.2564141, -18.16793822 ], [ -40.25634957, -18.16797592 ], [ -40.25624195, -18.16803663 ] ] } },
{ "type": "Feature", "properties": { "Field": "000", "Length": 391.64131123912694, "Image": "/home/ubuntu/bemagro/data/image/Orthomosaico.tif", "Farm": "data" }, "geometry": { "type": "LineString", "coordinates": [ [ -40.25941606, -18.16621725 ], [ -40.25936014, -18.16625018 ], [ -40.25930286, -18.16628185 ], [ -40.25926234, -18.16630511 ], [ -40.2588866, -18.16651435 ], [ -40.25876519, -18.16658437 ], [ -40.25866045, -18.16664581 ], [ -40.25844085, -18.16677015 ], [ -40.25835179, -18.16682147 ], [ -40.25822909, -18.16688939 ], [ -40.25822094, -18.16689398 ], [ -40.25812392, -18.16695017 ], [ -40.25800134, -18.1670183 ], [ -40.25790439, -18.1670746 ], [ -40.25766855, -18.1672082 ], [ -40.25749089, -18.16731154 ], [ -40.2574012, -18.16736185 ], [ -40.25736103, -18.16738564 ], [ -40.25728781, -18.16742706 ], [ -40.25720719, -18.16747425 ], [ -40.2571339, -18.16751555 ], [ -40.25701258, -18.16758572 ], [ -40.25677596, -18.16771805 ], [ -40.25663822, -18.16779719 ], [ -40.256581, -18.16782895 ], [ -40.25651608, -18.16786604 ], [ -40.25643412, -18.16791106 ], [ -40.25623377, -18.16802556 ] ] } },
{ "type": "Feature", "properties": { "Field": "000", "Length": 392.13565179021958, "Image": "/home/ubuntu/bemagro/data/image/Orthomosaico.tif", "Farm": "data" }, "geometry": { "type": "LineString", "coordinates": [ [ -40.25941122, -18.16620294 ], [ -40.25936257, -18.16623236 ], [ -40.25911823, -18.16636997 ], [ -40.2589381, -18.16646932 ], [ -40.25877576, -18.16656195 ], [ -40.25871129, -18.16659974 ], [ -40.2586875, -18.1666145 ], [ -40.25865506, -18.16663308 ], [ -40.25854902, -18.16669243 ], [ -40.25849256, -18.16672543 ], [ -40.25845965, -18.16674323 ], [ -40.25834627, -18.16680848 ], [ -40.2582481, -18.16686282 ], [ -40.25815071, -18.16691841 ], [ -40.25808623, -18.16695619 ], [ -40.25798773, -18.16700998 ], [ -40.25790721, -18.16705731 ], [ -40.25765514, -18.16720018 ], [ -40.25747722, -18.16730312 ], [ -40.25737136, -18.16736279 ], [ -40.25726597, -18.1674232 ], [ -40.25720967, -18.16745644 ], [ -40.25713633, -18.16749767 ], [ -40.25703953, -18.1675542 ], [ -40.25676224, -18.16770955 ], [ -40.25651891, -18.16784879 ], [ -40.25638791, -18.16792107 ], [ -40.25622545, -18.1680143 ] ] } },
{ "type": "Feature", "properties": { "Field": "000", "Length": 392.61091386068847, "Image": "/home/ubuntu/bemagro/data/image/Orthomosaico.tif", "Farm": "data" }, "geometry": { "type": "LineString", "coordinates": [ [ -40.25940655, -18.16618914 ], [ -40.25935911, -18.16621798 ], [ -40.25930235, -18.1662505 ], [ -40.25920428, -18.166305 ], [ -40.25912323, -18.1663515 ], [ -40.25899195, -18.16642331 ], [ -40.25891034, -18.16646891 ], [ -40.25886998, -18.16649242 ], [ -40.25878853, -18.16653828 ], [ -40.25864357, -18.16662346 ], [ -40.25856998, -18.16666427 ], [ -40.25832682, -18.16680378 ], [ -40.25820476, -18.16687275 ], [ -40.25816368, -18.1668951 ], [ -40.258083, -18.16694219 ], [ -40.25800099, -18.16698714 ], [ -40.25787955, -18.16705711 ], [ -40.25778984, -18.16710738 ], [ -40.25770911, -18.16715439 ], [ -40.25755462, -18.16724196 ], [ -40.25744137, -18.16730742 ], [ -40.25739234, -18.16733467 ], [ -40.25735199, -18.16735821 ], [ -40.25729497, -18.16739029 ], [ -40.25718994, -18.1674513 ], [ -40.25713281, -18.16748321 ], [ -40.25699552, -18.16756306 ], [ -40.25681581, -18.16766311 ], [ -40.25651549, -18.1678345 ], [ -40.25638455, -18.16790686 ], [ -40.25621719, -18.16800314 ] ] } },
{ "type": "Feature", "properties": { "Field": "000", "Length": 393.07978041073136, "Image": "/home/ubuntu/bemagro/data/image/Orthomosaico.tif", "Farm": "data" }, "geometry": { "type": "LineString", "coordinates": [ [ -40.25940201, -18.16617571 ], [ -40.25931283, -18.16622801 ], [ -40.25928793, -18.16624099 ], [ -40.25924756, -18.16626449 ], [ -40.25920646, -18.1662868 ], [ -40.25912577, -18.16633387 ], [ -40.25906819, -18.16636504 ], [ -40.25888836, -18.16646489 ], [ -40.25870215, -18.16657219 ], [ -40.25866208, -18.16659615 ], [ -40.25855594, -18.16665535 ], [ -40.25852385, -18.16667448 ], [ -40.25841004, -18.16673905 ], [ -40.2583617, -18.16676741 ], [ -40.25834522, -18.16677626 ], [ -40.25819931, -18.16685994 ], [ -40.25814203, -18.16689162 ], [ -40.2580858, -18.16692496 ], [ -40.25797917, -18.16698336 ], [ -40.25789026, -18.1670349 ], [ -40.25779246, -18.16708984 ], [ -40.25769566, -18.16714638 ], [ -40.25742759, -18.16729888 ], [ -40.25732157, -18.16735828 ], [ -40.25718436, -18.16743827 ], [ -40.2571111, -18.16747961 ], [ -40.25698991, -18.16754999 ], [ -40.25679391, -18.16765921 ], [ -40.25651798, -18.16781676 ], [ -40.256387, -18.16788907 ], [ -40.2563143, -18.16793131 ], [ -40.25626537, -18.16795873 ], [ -40.25620898, -18.16799203 ] ] } },
{ "type": "Feature", "properties": { "Field": "000", "Length": 393.54841396608435, "Image": "/home/ubuntu/bemagro/data/image/Orthomosaico.tif", "Farm": "data" }, "geometry": { "type": "LineString", "coordinates": [ [ -40.2593974, -18.16616206 ], [ -40.25936588, -18.16618118 ], [ -40.25935774, -18.16618577 ], [ -40.25934941, -18.16619004 ], [ -40.25934118, -18.16619448 ], [ -40.25925221, -18.16624593 ], [ -40.25918663, -18.16628194 ], [ -40.25911388, -18.1663241 ], [ -40.25888477, -18.1664508 ], [ -40.25875556, -18.16652595 ], [ -40.25870667, -18.16655344 ], [ -40.25864229, -18.16659137 ], [ -40.25855241, -18.16664134 ], [ -40.25848785, -18.16667899 ], [ -40.2584145, -18.1667202 ], [ -40.25835802, -18.16675315 ], [ -40.2583091, -18.16678059 ], [ -40.25824443, -18.16681807 ], [ -40.25820356, -18.16684077 ], [ -40.25809026, -18.16690615 ], [ -40.25804953, -18.16692907 ], [ -40.25799203, -18.16696038 ], [ -40.25787859, -18.16702553 ], [ -40.25776453, -18.16708968 ], [ -40.25763527, -18.16716476 ], [ -40.25742401, -18.16728484 ], [ -40.25733431, -18.16733512 ], [ -40.25700261, -18.16752676 ], [ -40.25677404, -18.16765435 ], [ -40.25650608, -18.16780703 ], [ -40.25636701, -18.16788402 ], [ -40.25628622, -18.16793094 ], [ -40.2562455, -18.16795387 ], [ -40.25620069, -18.16798081 ] ] } },
{ "type": "Feature", "properties": { "Field": "000", "Length": 394.04446773841931, "Image": "/home/ubuntu/bemagro/data/image/Orthomosaico.tif", "Farm": "data" }, "geometry": { "type": "LineString", "coordinates": [ [ -40.25939244, -18.1661474 ], [ -40.25935205, -18.1661713 ], [ -40.25931944, -18.16618959 ], [ -40.25926356, -18.16622348 ], [ -40.25923892, -18.16623689 ], [ -40.25922289, -18.16624647 ], [ -40.25918168, -18.16626859 ], [ -40.25910869, -18.16631038 ], [ -40.25901889, -18.16636051 ], [ -40.25890411, -18.16642348 ], [ -40.25874257, -18.16651737 ], [ -40.25869356, -18.16654466 ], [ -40.25864544, -18.16657336 ], [ -40.25854745, -18.166628 ], [ -40.25847477, -18.16667028 ], [ -40.25828764, -18.16677609 ], [ -40.25822318, -18.1668139 ], [ -40.25814986, -18.16685515 ], [ -40.25808519, -18.16689263 ], [ -40.25795444, -18.16696531 ], [ -40.25779196, -18.16705771 ], [ -40.25767898, -18.1671236 ], [ -40.25758121, -18.16717859 ], [ -40.25748418, -18.16723476 ], [ -40.25731331, -18.16733137 ], [ -40.25726495, -18.16735969 ], [ -40.25711049, -18.16744732 ], [ -40.25699734, -18.16751293 ], [ -40.25693189, -18.16754915 ], [ -40.25685894, -18.16759099 ], [ -40.25674469, -18.16765484 ], [ -40.25666359, -18.16770127 ], [ -40.2566226, -18.16772377 ], [ -40.25646024, -18.16781638 ], [ -40.25637019, -18.16786608 ], [ -40.25625689, -18.16793147 ], [ -40.25619266, -18.16796996 ] ] } },
{ "type": "Feature", "properties": { "Field": "000", "Length": 394.50993921399828, "Image": "/home/ubuntu/bemagro/data/image/Orthomosaico.tif", "Farm": "data" }, "geometry": { "type": "LineString", "coordinates": [ [ -40.25938791, -18.166134 ], [ -40.25925901, -18.16620875 ], [ -40.25922629, -18.16622686 ], [ -40.25921818, -18.1662315 ], [ -40.25919414, -18.16624589 ], [ -40.25918603, -18.16625054 ], [ -40.25914502, -18.16627299 ], [ -40.25904749, -18.16632838 ], [ -40.25890015, -18.16640973 ], [ -40.25872223, -18.16651267 ], [ -40.25867332, -18.16654012 ], [ -40.25862498, -18.16656848 ], [ -40.25853526, -18.16661872 ], [ -40.25847064, -18.16665628 ], [ -40.25837316, -18.16671173 ], [ -40.25832407, -18.16673889 ], [ -40.25808913, -18.16687392 ], [ -40.25792594, -18.16696519 ], [ -40.25786931, -18.1669979 ], [ -40.25780409, -18.1670345 ], [ -40.25765864, -18.16711891 ], [ -40.25758518, -18.16715993 ], [ -40.25753677, -18.16718818 ], [ -40.25743107, -18.16724811 ], [ -40.25725286, -18.16735059 ], [ -40.25721191, -18.16737315 ], [ -40.25714723, -18.1674106 ], [ -40.257082, -18.16744719 ], [ -40.256985, -18.1675034 ], [ -40.25690332, -18.16754889 ], [ -40.25666764, -18.16768275 ], [ -40.25661026, -18.16771426 ], [ -40.25651309, -18.16777021 ], [ -40.2563579, -18.16785664 ], [ -40.25623647, -18.16792664 ], [ -40.25618398, -18.16795822 ] ] } },
{ "type": "Feature", "properties": { "Field": "000", "Length": 394.99870694577567, "Image": "/home/ubuntu/bemagro/data/image/Orthomosaico.tif", "Farm": "data" }, "geometry": { "type": "LineString", "coordinates": [ [ -40.25938311, -18.1661198 ], [ -40.25935125, -18.16613874 ], [ -40.25922151, -18.16621305 ], [ -40.25918875, -18.1662311 ], [ -40.25911607, -18.16627337 ], [ -40.25905106, -18.16631031 ], [ -40.25893622, -18.16637318 ], [ -40.25887113, -18.16640999 ], [ -40.25872552, -18.16649414 ], [ -40.25864405, -18.16653998 ], [ -40.25860383, -18.1665637 ], [ -40.25851411, -18.16661395 ], [ -40.25836829, -18.16669777 ], [ -40.25831098, -18.16672941 ], [ -40.25816542, -18.16681364 ], [ -40.25806757, -18.16686849 ], [ -40.25799472, -18.1669105 ], [ -40.25797007, -18.1669239 ], [ -40.25784029, -18.16699816 ], [ -40.257775, -18.16703464 ], [ -40.25769425, -18.16708163 ], [ -40.25762091, -18.16712285 ], [ -40.25751576, -18.16718365 ], [ -40.25710165, -18.16741962 ], [ -40.25693977, -18.16751299 ], [ -40.25689058, -18.16753999 ], [ -40.25676883, -18.16760947 ], [ -40.25658922, -18.16770969 ], [ -40.25640222, -18.16781572 ], [ -40.25636936, -18.1678336 ], [ -40.25623161, -18.16791272 ], [ -40.25617537, -18.16794657 ] ] } },
{ "type": "Feature", "properties": { "Field": "000", "Length": 395.50074453035006, "Image": "/home/ubuntu/bemagro/data/image/Orthomosaico.tif", "Farm": "data" }, "geometry": { "type": "LineString", "coordinates": [ [ -40.25937817, -18.16610519 ], [ -40.25937048, -18.16610961 ], [ -40.25936255, -18.16611452 ], [ -40.25935483, -18.16611974 ], [ -40.25934692, -18.16612469 ], [ -40.25916821, -18.16622636 ], [ -40.25905505, -18.16629196 ], [ -40.25904689, -18.16629653 ], [ -40.25900568, -18.16631865 ], [ -40.25885873, -18.16640065 ], [ -40.2588022, -18.16643353 ], [ -40.25867214, -18.16650732 ], [ -40.25861562, -18.16654023 ], [ -40.25849362, -18.1666093 ], [ -40.25838835, -18.16666992 ], [ -40.25827421, -18.16673395 ], [ -40.25815283, -18.16680402 ], [ -40.25806315, -18.16685433 ], [ -40.25788481, -18.16695659 ], [ -40.25776265, -18.16702542 ], [ -40.25754402, -18.16715131 ], [ -40.25738944, -18.16723874 ], [ -40.25730856, -18.16728552 ], [ -40.25711364, -18.16739649 ], [ -40.25700042, -18.167462 ], [ -40.25696778, -18.16748026 ], [ -40.25693561, -18.16749924 ], [ -40.25686203, -18.16754007 ], [ -40.2567727, -18.16759095 ], [ -40.25663368, -18.16766801 ], [ -40.25647937, -18.16775587 ], [ -40.25634872, -18.16782872 ], [ -40.25621927, -18.1679035 ], [ -40.25616693, -18.16793516 ] ] } },
{ "type": "Feature", "properties": { "Field": "000", "Length": 395.9681929306696, "Image": "/home/ubuntu/bemagro/data/image/Orthomosaico.tif", "Farm": "data" }, "geometry": { "type": "LineString", "coordinates": [ [ -40.25937375, -18.16609213 ], [ -40.25923704, -18.16617198 ], [ -40.25908983, -18.16625357 ], [ -40.25904958, -18.16627725 ], [ -40.25897636, -18.16631866 ], [ -40.25890255, -18.16635911 ], [ -40.25866716, -18.16649343 ], [ -40.25859474, -18.16653612 ], [ -40.25854567, -18.1665633 ], [ -40.25838363, -18.16665641 ], [ -40.25827751, -18.16671565 ], [ -40.25818861, -18.16676721 ], [ -40.25813138, -18.16679898 ], [ -40.25783145, -18.16697097 ], [ -40.25775793, -18.16701191 ], [ -40.25765241, -18.16707212 ], [ -40.25753112, -18.16714233 ], [ -40.25744137, -18.16719253 ], [ -40.25731991, -18.16726248 ], [ -40.25725451, -18.16729876 ], [ -40.2571251, -18.16737362 ], [ -40.25708429, -18.16739641 ], [ -40.2569147, -18.16749504 ], [ -40.25667801, -18.16762726 ], [ -40.25662036, -18.16765831 ], [ -40.25645014, -18.16775596 ], [ -40.25632748, -18.16782396 ], [ -40.25615784, -18.16792286 ] ] } },
{ "type": "Feature", "properties": { "Field": "000", "Length": 396.48960555622398, "Image": "/home/ubuntu/bemagro/data/image/Orthomosaico.tif", "Farm": "data" }, "geometry": { "type": "LineString", "coordinates": [ [ -40.25936985, -18.16607881 ], [ -40.25922464, -18.16616268 ], [ -40.25911809, -18.16622121 ], [ -40.25898821, -18.1662953 ], [ -40.25888189, -18.16635421 ], [ -40.25865489, -18.16648433 ], [ -40.25857442, -18.16653176 ], [ -40.25856628, -18.16653635 ], [ -40.2585416, -18.1665497 ], [ -40.25846841, -18.16659116 ], [ -40.2583632, -18.16665187 ], [ -40.2582489, -18.16671564 ], [ -40.25819244, -18.16674863 ], [ -40.25811905, -18.16678977 ], [ -40.25804631, -18.16683195 ], [ -40.25794052, -18.16689173 ], [ -40.25787596, -18.16692938 ], [ -40.25763183, -18.16706733 ], [ -40.25753498, -18.16712378 ], [ -40.25746969, -18.16716026 ], [ -40.25733995, -18.16723458 ], [ -40.25725032, -18.16728497 ], [ -40.25714522, -18.16734585 ], [ -40.25706381, -18.16739177 ], [ -40.25689429, -18.16749053 ], [ -40.25669009, -18.16760425 ], [ -40.25661616, -18.16764449 ], [ -40.25660801, -18.16764907 ], [ -40.25651099, -18.16770525 ], [ -40.25629098, -18.16782894 ], [ -40.25614925, -18.16791124 ] ] } },
{ "type": "Feature", "properties": { "Field": "000", "Length": 397.18231338262518, "Image": "/home/ubuntu/bemagro/data/image/Orthomosaico.tif", "Farm": "data" }, "geometry": { "type": "LineString", "coordinates": [ [ -40.25936635, -18.16606306 ], [ -40.25925264, -18.1661299 ], [ -40.25913809, -18.16619327 ], [ -40.25904893, -18.16624442 ], [ -40.25888564, -18.16633551 ], [ -40.2587235, -18.16642845 ], [ -40.25858636, -18.16650853 ], [ -40.25852099, -18.16654488 ], [ -40.25843991, -18.16659134 ], [ -40.25838358, -18.16662453 ], [ -40.25823669, -18.16670664 ], [ -40.25817209, -18.16674423 ], [ -40.25810669, -18.16678052 ], [ -40.25803412, -18.16682297 ], [ -40.25791194, -18.16689176 ], [ -40.25769284, -18.1670169 ], [ -40.25761121, -18.16706247 ], [ -40.25754709, -18.16710081 ], [ -40.25735168, -18.16721099 ], [ -40.25712476, -18.16734124 ], [ -40.25708367, -18.16736358 ], [ -40.2569224, -18.1674579 ], [ -40.25668585, -18.16759035 ], [ -40.25660389, -18.16763537 ], [ -40.25639282, -18.16775575 ], [ -40.25626224, -18.16782872 ], [ -40.2561411, -18.16790023 ] ] } },
{ "type": "Feature", "properties": { "Field": "000", "Length": 397.82688807357135, "Image": "/home/ubuntu/bemagro/data/image/Orthomosaico.tif", "Farm": "data" }, "geometry": { "type": "LineString", "coordinates": [ [ -40.25936317, -18.16604876 ], [ -40.259243, -18.1661198 ], [ -40.2591526, -18.16616892 ], [ -40.25900634, -18.16625204 ], [ -40.25889188, -18.16631555 ], [ -40.25869745, -18.16642731 ], [ -40.25859271, -18.16648875 ], [ -40.25847866, -18.16655294 ], [ -40.25836556, -18.16661863 ], [ -40.25810494, -18.16676543 ], [ -40.25804047, -18.16680321 ], [ -40.25796708, -18.16684435 ], [ -40.25784563, -18.16691432 ], [ -40.2576095, -18.16704745 ], [ -40.25754533, -18.16708569 ], [ -40.25746355, -18.16713103 ], [ -40.25736644, -18.16718706 ], [ -40.25735832, -18.16719169 ], [ -40.25734181, -18.16720051 ], [ -40.25726886, -18.16724235 ], [ -40.25719628, -18.16728479 ], [ -40.2570496, -18.16736722 ], [ -40.25699337, -18.16740057 ], [ -40.25687994, -18.16746575 ], [ -40.25683886, -18.16748809 ], [ -40.25665984, -18.16758928 ], [ -40.25659409, -18.16762499 ], [ -40.25653706, -18.16765707 ], [ -40.25645602, -18.1677036 ], [ -40.25643139, -18.16771703 ], [ -40.25639101, -18.16774051 ], [ -40.25622014, -18.16783711 ], [ -40.2561326, -18.16788873 ] ] } },
{ "type": "Feature", "properties": { "Field": "000", "Length": 398.46984553047929, "Image": "/home/ubuntu/bemagro/data/image/Orthomosaico.tif", "Farm": "data" }, "geometry": { "type": "LineString", "coordinates": [ [ -40.25935997, -18.16603437 ], [ -40.25928815, -18.16607706 ], [ -40.25922335, -18.16611434 ], [ -40.2592152, -18.16611891 ], [ -40.25914917, -18.16615415 ], [ -40.25897868, -18.16625136 ], [ -40.25887253, -18.16631055 ], [ -40.25879941, -18.16635213 ], [ -40.25859752, -18.16646956 ], [ -40.258484, -18.16653458 ], [ -40.25845128, -18.1665527 ], [ -40.25835444, -18.16660917 ], [ -40.25824006, -18.16667281 ], [ -40.2581508, -18.16672381 ], [ -40.2581017, -18.16675094 ], [ -40.25809358, -18.16675557 ], [ -40.25806958, -18.16677001 ], [ -40.25786691, -18.16688621 ], [ -40.25775282, -18.16695033 ], [ -40.25769614, -18.16698297 ], [ -40.25763882, -18.16701457 ], [ -40.25755848, -18.16706219 ], [ -40.25743612, -18.16713069 ], [ -40.25724153, -18.16724219 ], [ -40.25718511, -18.16727525 ], [ -40.25706274, -18.16734373 ], [ -40.2569252, -18.16742317 ], [ -40.2568189, -18.16748212 ], [ -40.25671349, -18.1675425 ], [ -40.25652588, -18.16764754 ], [ -40.25633102, -18.16775863 ], [ -40.25629009, -18.16778121 ], [ -40.25620085, -18.16783224 ], [ -40.25616872, -18.1678513 ], [ -40.25615294, -18.16786126 ], [ -40.25612429, -18.16787749 ] ] } },
{ "type": "Feature", "properties": { "Field": "000", "Length": 399.12089317377388, "Image": "/home/ubuntu/bemagro/data/image/Orthomosaico.tif", "Farm": "data" }, "geometry": { "type": "LineString", "coordinates": [ [ -40.25935674, -18.16601985 ], [ -40.25929172, -18.16605885 ], [ -40.25925906, -18.16607707 ], [ -40.259227, -18.16609624 ], [ -40.25910394, -18.16616358 ], [ -40.25896597, -18.16624234 ], [ -40.25878668, -18.16634308 ], [ -40.25861714, -18.16644179 ], [ -40.25845526, -18.16653516 ], [ -40.25843063, -18.16654859 ], [ -40.2583418, -18.16660027 ], [ -40.25821916, -18.16666831 ], [ -40.25812995, -18.16671937 ], [ -40.25809715, -18.16673736 ], [ -40.25784622, -18.16688204 ], [ -40.25782154, -18.16689541 ], [ -40.25769971, -18.16696476 ], [ -40.25761791, -18.16701004 ], [ -40.25748067, -18.16708998 ], [ -40.2572531, -18.16721918 ], [ -40.25717242, -18.16726628 ], [ -40.25708261, -18.16731637 ], [ -40.25693681, -18.16740024 ], [ -40.25678988, -18.16748227 ], [ -40.25671701, -18.16752425 ], [ -40.25658633, -18.16759705 ], [ -40.25639964, -18.16770357 ], [ -40.25637496, -18.16771693 ], [ -40.25630208, -18.16775889 ], [ -40.25623683, -18.16779543 ], [ -40.25611558, -18.1678657 ] ] } },
{ "type": "Feature", "properties": { "Field": "000", "Length": 399.75249877716391, "Image": "/home/ubuntu/bemagro/data/image/Orthomosaico.tif", "Farm": "data" }, "geometry": { "type": "LineString", "coordinates": [ [ -40.25935362, -18.16600579 ], [ -40.25928977, -18.16604363 ], [ -40.259257, -18.16606166 ], [ -40.25921655, -18.16608503 ], [ -40.25908564, -18.16615744 ], [ -40.25903723, -18.16618569 ], [ -40.25880915, -18.16631408 ], [ -40.25835593, -18.16657557 ], [ -40.25834782, -18.1665802 ], [ -40.25829862, -18.16660719 ], [ -40.25807075, -18.16673592 ], [ -40.25796553, -18.16679661 ], [ -40.25791663, -18.16682408 ], [ -40.25783601, -18.16687126 ], [ -40.25773851, -18.16692669 ], [ -40.25759168, -18.16700887 ], [ -40.25748681, -18.16707012 ], [ -40.25737293, -18.16713458 ], [ -40.25716222, -18.16725552 ], [ -40.25697487, -18.16736098 ], [ -40.2568942, -18.1674081 ], [ -40.25682877, -18.16744435 ], [ -40.25673963, -18.16749554 ], [ -40.25647851, -18.16764152 ], [ -40.25631635, -18.16773443 ], [ -40.25616988, -18.16781721 ], [ -40.25610686, -18.16785391 ] ] } },
{ "type": "Feature", "properties": { "Field": "000", "Length": 400.36535761031695, "Image": "/home/ubuntu/bemagro/data/image/Orthomosaico.tif", "Farm": "data" }, "geometry": { "type": "LineString", "coordinates": [ [ -40.25935059, -18.16599215 ], [ -40.25932704, -18.16600637 ], [ -40.25931892, -18.166011 ], [ -40.25926981, -18.16603813 ], [ -40.25921297, -18.1660705 ], [ -40.25909836, -18.16613376 ], [ -40.25900929, -18.16618506 ], [ -40.25887068, -18.16626279 ], [ -40.25857879, -18.16643004 ], [ -40.25849018, -18.16648206 ], [ -40.25836862, -18.16655184 ], [ -40.25805915, -18.16672619 ], [ -40.25793747, -18.16679578 ], [ -40.25783245, -18.16685679 ], [ -40.25769427, -18.16693523 ], [ -40.25761263, -18.16698077 ], [ -40.2574672, -18.16706522 ], [ -40.25731293, -18.16715314 ], [ -40.25724766, -18.16718965 ], [ -40.25712607, -18.16725939 ], [ -40.25703631, -18.16730957 ], [ -40.25675241, -18.16747199 ], [ -40.25667873, -18.16751266 ], [ -40.25657313, -18.16757274 ], [ -40.25649119, -18.16761779 ], [ -40.256418, -18.16765927 ], [ -40.25629653, -18.16772919 ], [ -40.2561664, -18.16780288 ], [ -40.25609871, -18.16784289 ] ] } },
{ "type": "Feature", "properties": { "Field": "000", "Length": 401.01909732538667, "Image": "/home/ubuntu/bemagro/data/image/Orthomosaico.tif", "Farm": "data" }, "geometry": { "type": "LineString", "coordinates": [ [ -40.25934734, -18.16597754 ], [ -40.25930693, -18.16600092 ], [ -40.25926585, -18.16602327 ], [ -40.2592255, -18.1660468 ], [ -40.25909482, -18.16611959 ], [ -40.25903022, -18.16615718 ], [ -40.25889948, -18.16622988 ], [ -40.25876161, -18.1663088 ], [ -40.25872141, -18.16633257 ], [ -40.25868868, -18.16635066 ], [ -40.258559, -18.16642508 ], [ -40.25838937, -18.16652365 ], [ -40.25814495, -18.16666112 ], [ -40.25797448, -18.16675838 ], [ -40.25783718, -18.1668382 ], [ -40.25757648, -18.16698486 ], [ -40.25747181, -18.16704642 ], [ -40.25729307, -18.16714804 ], [ -40.257252, -18.16717042 ], [ -40.25714683, -18.16723118 ], [ -40.25683784, -18.16740631 ], [ -40.25673256, -18.1674669 ], [ -40.25640622, -18.16764949 ], [ -40.25631748, -18.1677013 ], [ -40.25613064, -18.16780759 ], [ -40.2560903, -18.16783151 ] ] } },
{ "type": "Feature", "properties": { "Field": "000", "Length": 401.66858990735813, "Image": "/home/ubuntu/bemagro/data/image/Orthomosaico.tif", "Farm": "data" }, "geometry": { "type": "LineString", "coordinates": [ [ -40.25934413, -18.16596309 ], [ -40.25932048, -18.16597715 ], [ -40.25930413, -18.16598623 ], [ -40.2592959, -18.16599068 ], [ -40.25927924, -18.16599922 ], [ -40.25927099, -18.16600363 ], [ -40.25920639, -18.16604121 ], [ -40.25914079, -18.16607718 ], [ -40.25902739, -18.16614241 ], [ -40.25888036, -18.16622427 ], [ -40.25872631, -18.16631254 ], [ -40.25861323, -18.16637828 ], [ -40.25852373, -18.16642888 ], [ -40.25844331, -18.16647637 ], [ -40.25837041, -18.16651831 ], [ -40.25817471, -18.16662802 ], [ -40.25804504, -18.16670244 ], [ -40.25797974, -18.16673891 ], [ -40.25784266, -18.16681908 ], [ -40.25769558, -18.16690087 ], [ -40.25762243, -18.1669424 ], [ -40.25750915, -18.16700781 ], [ -40.25747708, -18.16702696 ], [ -40.25738762, -18.16707763 ], [ -40.25732298, -18.16711515 ], [ -40.25731487, -18.16711979 ], [ -40.25724943, -18.16715602 ], [ -40.25716038, -18.16720736 ], [ -40.25708688, -18.16724831 ], [ -40.25698155, -18.16730883 ], [ -40.25679452, -18.16741481 ], [ -40.25674608, -18.16744301 ], [ -40.25668073, -18.16747939 ], [ -40.25663216, -18.1675074 ], [ -40.25640342, -18.16763471 ], [ -40.25633097, -18.16767735 ], [ -40.25613622, -18.1677886 ], [ -40.25608209, -18.16782042 ] ] } },
{ "type": "Feature", "properties": { "Field": "000", "Length": 402.31747384315861, "Image": "/home/ubuntu/bemagro/data/image/Orthomosaico.tif", "Farm": "data" }, "geometry": { "type": "LineString", "coordinates": [ [ -40.2560737, -18.16780906 ], [ -40.25622941, -18.16771887 ], [ -40.25635941, -18.16764497 ], [ -40.25642385, -18.16760713 ], [ -40.2565712, -18.1675258 ], [ -40.2567502, -18.16742459 ], [ -40.25677424, -18.1674102 ], [ -40.2568719, -18.16735504 ], [ -40.2569122, -18.16733143 ], [ -40.25697764, -18.16729518 ], [ -40.2570585, -18.16724839 ], [ -40.25711572, -18.16721661 ], [ -40.25722104, -18.16715608 ], [ -40.25731892, -18.16710127 ], [ -40.25767513, -18.16689599 ], [ -40.25769176, -18.16688739 ], [ -40.25783864, -18.16680527 ], [ -40.25797569, -18.16672505 ], [ -40.25802471, -18.16669778 ], [ -40.25815435, -18.1666233 ], [ -40.25820364, -18.16659647 ], [ -40.25828467, -18.16654993 ], [ -40.25835006, -18.16651362 ], [ -40.25854373, -18.16640066 ], [ -40.2586415, -18.16634567 ], [ -40.25886, -18.16621958 ], [ -40.25901507, -18.16613294 ], [ -40.25911225, -18.16607701 ], [ -40.25924303, -18.16600438 ], [ -40.2592589, -18.16599455 ], [ -40.25926692, -18.16598977 ], [ -40.25927506, -18.16598518 ], [ -40.25930799, -18.16596741 ], [ -40.25934091, -18.16594859 ] ] } },
{ "type": "Feature", "properties": { "Field": "000", "Length": 402.86925241482277, "Image": "/home/ubuntu/bemagro/data/image/Orthomosaico.tif", "Farm": "data" }, "geometry": { "type": "LineString", "coordinates": [ [ -40.25933704, -18.16593481 ], [ -40.25931332, -18.16594882 ], [ -40.25930515, -18.16595336 ], [ -40.25926384, -18.16597532 ], [ -40.2592558, -18.16598007 ], [ -40.25924004, -18.16599005 ], [ -40.25923197, -18.16599476 ], [ -40.25909281, -18.16607159 ], [ -40.25902005, -18.16611373 ], [ -40.25892209, -18.16616841 ], [ -40.2586872, -18.16630352 ], [ -40.25854857, -18.16638124 ], [ -40.25844405, -18.16644301 ], [ -40.25833074, -18.16650837 ], [ -40.25826541, -18.16654479 ], [ -40.25820058, -18.16658201 ], [ -40.25814329, -18.16661366 ], [ -40.25813517, -18.16661829 ], [ -40.25807054, -18.16665583 ], [ -40.25796484, -18.16671576 ], [ -40.25778699, -18.16681879 ], [ -40.25766448, -18.16688705 ], [ -40.25764791, -18.16689574 ], [ -40.25763971, -18.16690025 ], [ -40.25745338, -18.16700736 ], [ -40.25737271, -18.16705445 ], [ -40.25723422, -18.16713238 ], [ -40.25712093, -18.16719777 ], [ -40.2570392, -18.1672432 ], [ -40.25697463, -18.16728082 ], [ -40.25691743, -18.16731262 ], [ -40.25679553, -18.16738186 ], [ -40.25663348, -18.16747496 ], [ -40.25641265, -18.1675973 ], [ -40.25634018, -18.16763991 ], [ -40.25617778, -18.16773243 ], [ -40.2560652, -18.16779757 ] ] } },
{ "type": "Feature", "properties": { "Field": "000", "Length": 403.28587762869631, "Image": "/home/ubuntu/bemagro/data/image/Orthomosaico.tif", "Farm": "data" }, "geometry": { "type": "LineString", "coordinates": [ [ -40.25933206, -18.16592165 ], [ -40.25930021, -18.16594026 ], [ -40.25929198, -18.16594472 ], [ -40.25926708, -18.16595769 ], [ -40.259259, -18.16596238 ], [ -40.25925104, -18.16596725 ], [ -40.25924288, -18.16597181 ], [ -40.25921818, -18.16598513 ], [ -40.25906319, -18.1660719 ], [ -40.25899872, -18.16610968 ], [ -40.25892509, -18.16615043 ], [ -40.25872242, -18.16626661 ], [ -40.25855138, -18.16636295 ], [ -40.25838235, -18.16646245 ], [ -40.25833346, -18.16648994 ], [ -40.25826069, -18.16653208 ], [ -40.25815453, -18.16659124 ], [ -40.25808173, -18.16663333 ], [ -40.25799215, -18.1666838 ], [ -40.25789547, -18.16674053 ], [ -40.25780627, -18.16679161 ], [ -40.25756153, -18.16692857 ], [ -40.25742391, -18.1670079 ], [ -40.25735148, -18.16705056 ], [ -40.25724579, -18.16711049 ], [ -40.2572128, -18.16712817 ], [ -40.25720466, -18.16713276 ], [ -40.25711568, -18.1671842 ], [ -40.25700983, -18.16724388 ], [ -40.25686406, -18.16732778 ], [ -40.25679064, -18.16736887 ], [ -40.25661217, -18.16747093 ], [ -40.25642398, -18.16757503 ], [ -40.25635124, -18.16761721 ], [ -40.25617245, -18.16771875 ], [ -40.2561403, -18.16773777 ], [ -40.2560564, -18.16778566 ] ] } },
{ "type": "Feature", "properties": { "Field": "000", "Length": 403.69186167548401, "Image": "/home/ubuntu/bemagro/data/image/Orthomosaico.tif", "Farm": "data" }, "geometry": { "type": "LineString", "coordinates": [ [ -40.25932727, -18.165909 ], [ -40.2592462, -18.16595457 ], [ -40.25914756, -18.16600813 ], [ -40.25902547, -18.16607706 ], [ -40.25897721, -18.16610554 ], [ -40.25892804, -18.16613257 ], [ -40.25884673, -18.16617865 ], [ -40.25868471, -18.1662718 ], [ -40.25853777, -18.16635381 ], [ -40.25837713, -18.16644912 ], [ -40.25830387, -18.16649047 ], [ -40.25823119, -18.16653273 ], [ -40.25803542, -18.16664234 ], [ -40.25785783, -18.16674579 ], [ -40.25771963, -18.16682419 ], [ -40.25751559, -18.16693817 ], [ -40.2573862, -18.16701305 ], [ -40.25733815, -18.16704186 ], [ -40.25724079, -18.16709751 ], [ -40.25723265, -18.16710209 ], [ -40.2571751, -18.16713331 ], [ -40.25711865, -18.16716632 ], [ -40.2570777, -18.16718889 ], [ -40.2569803, -18.16724447 ], [ -40.25697221, -18.16724915 ], [ -40.25694817, -18.16726354 ], [ -40.25689114, -18.16729561 ], [ -40.25685087, -18.16731927 ], [ -40.25664772, -18.16743469 ], [ -40.25640262, -18.16757107 ], [ -40.25632177, -18.16761789 ], [ -40.2562809, -18.16764059 ], [ -40.25604777, -18.16777399 ] ] } },
{ "type": "Feature", "properties": { "Field": "000", "Length": 404.09309146390194, "Image": "/home/ubuntu/bemagro/data/image/Orthomosaico.tif", "Farm": "data" }, "geometry": { "type": "LineString", "coordinates": [ [ -40.2593226, -18.16589664 ], [ -40.25924117, -18.16594163 ], [ -40.25914229, -18.16599478 ], [ -40.25913412, -18.16599932 ], [ -40.25900393, -18.16607292 ], [ -40.2589556, -18.1661013 ], [ -40.25894748, -18.16610592 ], [ -40.25880059, -18.16618802 ], [ -40.25867945, -18.16625847 ], [ -40.25853278, -18.16634093 ], [ -40.25839626, -18.16642196 ], [ -40.25833165, -18.16645954 ], [ -40.25829068, -18.16648207 ], [ -40.25828255, -18.16648668 ], [ -40.25820973, -18.16652873 ], [ -40.25813581, -18.16656899 ], [ -40.25808731, -18.1665971 ], [ -40.25803809, -18.16662405 ], [ -40.25802996, -18.16662866 ], [ -40.25779563, -18.16676466 ], [ -40.2574697, -18.1669479 ], [ -40.25737279, -18.16700426 ], [ -40.25733289, -18.16702849 ], [ -40.2573248, -18.16703316 ], [ -40.25728402, -18.16705601 ], [ -40.25727572, -18.16706033 ], [ -40.25726752, -18.16706483 ], [ -40.25721898, -18.16709287 ], [ -40.25715371, -18.16712938 ], [ -40.25711338, -18.16715294 ], [ -40.2570399, -18.16719394 ], [ -40.25681302, -18.16732426 ], [ -40.2566339, -18.16742527 ], [ -40.25655283, -18.16747176 ], [ -40.2565365, -18.16748085 ], [ -40.25648715, -18.16750757 ], [ -40.25635684, -18.16758098 ], [ -40.25621108, -18.1676649 ], [ -40.25612129, -18.16771503 ], [ -40.25603915, -18.16776233 ] ] } },
{ "type": "Feature", "properties": { "Field": "000", "Length": 404.50227893695649, "Image": "/home/ubuntu/bemagro/data/image/Orthomosaico.tif", "Farm": "data" }, "geometry": { "type": "LineString", "coordinates": [ [ -40.25931757, -18.16588336 ], [ -40.25923622, -18.16592848 ], [ -40.25912086, -18.16599048 ], [ -40.25902311, -18.16604551 ], [ -40.25892603, -18.16610159 ], [ -40.25883606, -18.16615142 ], [ -40.25868231, -18.16624017 ], [ -40.25849552, -18.16634655 ], [ -40.25848745, -18.16635126 ], [ -40.2584154, -18.1663945 ], [ -40.25832656, -18.16644616 ], [ -40.258253, -18.16648703 ], [ -40.25820439, -18.16651495 ], [ -40.25813057, -18.16655538 ], [ -40.25812242, -18.16655996 ], [ -40.25806584, -18.16659276 ], [ -40.25801677, -18.16661995 ], [ -40.25779052, -18.16675126 ], [ -40.25757078, -18.16687538 ], [ -40.25746455, -18.16693445 ], [ -40.25738357, -18.16698105 ], [ -40.25731929, -18.16701914 ], [ -40.25731119, -18.1670238 ], [ -40.25727848, -18.16704194 ], [ -40.25712439, -18.16713016 ], [ -40.25705096, -18.16717123 ], [ -40.25694569, -18.16723183 ], [ -40.25685612, -18.16728232 ], [ -40.25672649, -18.16735681 ], [ -40.2566449, -18.16740245 ], [ -40.25653955, -18.16746294 ], [ -40.25644936, -18.16751241 ], [ -40.25618959, -18.16766058 ], [ -40.25609175, -18.16771546 ], [ -40.25608365, -18.16772011 ], [ -40.25603097, -18.16775126 ] ] } },
{ "type": "Feature", "properties": { "Field": "000", "Length": 404.91418260385359, "Image": "/home/ubuntu/bemagro/data/image/Orthomosaico.tif", "Farm": "data" }, "geometry": { "type": "LineString", "coordinates": [ [ -40.25931273, -18.16587059 ], [ -40.25917306, -18.16594562 ], [ -40.25914779, -18.16595792 ], [ -40.25912312, -18.1659713 ], [ -40.2589206, -18.16608773 ], [ -40.25882267, -18.16614246 ], [ -40.25868504, -18.16622176 ], [ -40.25852988, -18.16630826 ], [ -40.25834535, -18.16641816 ], [ -40.25811683, -18.16654583 ], [ -40.25804403, -18.16658792 ], [ -40.25797875, -18.16662442 ], [ -40.25791403, -18.1666618 ], [ -40.25778544, -18.16673794 ], [ -40.25767104, -18.16680154 ], [ -40.25759826, -18.16684365 ], [ -40.25745925, -18.16692073 ], [ -40.25730608, -18.16701039 ], [ -40.25706193, -18.16714831 ], [ -40.25691609, -18.16723211 ], [ -40.25686691, -18.16725913 ], [ -40.25674556, -18.16732923 ], [ -40.25655833, -18.1674349 ], [ -40.25647623, -18.16747968 ], [ -40.25643586, -18.16750319 ], [ -40.25636244, -18.16754427 ], [ -40.25620884, -18.16763327 ], [ -40.25610281, -18.16769266 ], [ -40.25602298, -18.16774046 ] ] } },
{ "type": "Feature", "properties": { "Field": "000", "Length": 405.40899414323485, "Image": "/home/ubuntu/bemagro/data/image/Orthomosaico.tif", "Farm": "data" }, "geometry": { "type": "LineString", "coordinates": [ [ -40.25601438, -18.16772883 ], [ -40.25609474, -18.16768104 ], [ -40.25619277, -18.16762648 ], [ -40.25635433, -18.1675326 ], [ -40.25639522, -18.16750994 ], [ -40.25644371, -18.16748181 ], [ -40.25653389, -18.16743232 ], [ -40.25664767, -18.1673677 ], [ -40.25672937, -18.16732224 ], [ -40.25685869, -18.16724726 ], [ -40.25693239, -18.16720663 ], [ -40.25705373, -18.1671365 ], [ -40.257225, -18.16704056 ], [ -40.25726531, -18.16701696 ], [ -40.25728989, -18.16700344 ], [ -40.25745926, -18.16690446 ], [ -40.25759026, -18.16683218 ], [ -40.2576711, -18.16678535 ], [ -40.25778551, -18.16672176 ], [ -40.25794614, -18.16662645 ], [ -40.25803583, -18.16657614 ], [ -40.25809236, -18.16654327 ], [ -40.25832088, -18.16641559 ], [ -40.25840948, -18.16636357 ], [ -40.25845721, -18.16633428 ], [ -40.25852184, -18.16629674 ], [ -40.25871759, -18.16618711 ], [ -40.25883078, -18.16612156 ], [ -40.25892049, -18.16607128 ], [ -40.25900942, -18.16601978 ], [ -40.2590503, -18.16599709 ], [ -40.25910695, -18.1659644 ], [ -40.25913985, -18.1659466 ], [ -40.25916499, -18.16593405 ], [ -40.25922239, -18.16590258 ], [ -40.25927222, -18.16587668 ], [ -40.25929652, -18.1658627 ], [ -40.25930803, -18.16585651 ] ] } },
{ "type": "Feature", "properties": { "Field": "000", "Length": 405.94832265411793, "Image": "/home/ubuntu/bemagro/data/image/Orthomosaico.tif", "Farm": "data" }, "geometry": { "type": "LineString", "coordinates": [ [ -40.25930327, -18.16584129 ], [ -40.25926327, -18.16586447 ], [ -40.25913927, -18.16593022 ], [ -40.25909019, -18.16595738 ], [ -40.25896883, -18.16602749 ], [ -40.25881416, -18.16611477 ], [ -40.25862764, -18.16622157 ], [ -40.25853763, -18.16627134 ], [ -40.25846475, -18.1663133 ], [ -40.25840088, -18.166352 ], [ -40.25832032, -18.16639928 ], [ -40.25811635, -18.16651338 ], [ -40.2580273, -18.16656471 ], [ -40.25797827, -18.16659196 ], [ -40.25778472, -18.16670511 ], [ -40.25765415, -18.16677809 ], [ -40.25754895, -18.16683881 ], [ -40.2574427, -18.16689783 ], [ -40.25732986, -18.16696394 ], [ -40.25722447, -18.16702435 ], [ -40.25703716, -18.16712988 ], [ -40.25691564, -18.16719974 ], [ -40.25682581, -18.16724981 ], [ -40.25668017, -18.16733391 ], [ -40.25654986, -18.16740732 ], [ -40.25641073, -18.16748419 ], [ -40.25617591, -18.16761942 ], [ -40.25608622, -18.16766973 ], [ -40.25600577, -18.16771718 ] ] } },
{ "type": "Feature", "properties": { "Field": "000", "Length": 406.43459796850078, "Image": "/home/ubuntu/bemagro/data/image/Orthomosaico.tif", "Farm": "data" }, "geometry": { "type": "LineString", "coordinates": [ [ -40.25929926, -18.16582846 ], [ -40.25924685, -18.16585739 ], [ -40.25920535, -18.165879 ], [ -40.25910662, -18.16593241 ], [ -40.2590171, -18.16598297 ], [ -40.25892833, -18.16603474 ], [ -40.25876544, -18.16612649 ], [ -40.25868444, -18.16617307 ], [ -40.25864347, -18.16619561 ], [ -40.25860316, -18.16621919 ], [ -40.25852949, -18.16625987 ], [ -40.25844868, -18.16630676 ], [ -40.25831198, -18.16638753 ], [ -40.25814059, -18.16648327 ], [ -40.2580434, -18.1665392 ], [ -40.25796991, -18.16658017 ], [ -40.25779252, -18.16668394 ], [ -40.2577353, -18.16671571 ], [ -40.25754067, -18.16682715 ], [ -40.25741823, -18.16689551 ], [ -40.25730543, -18.16696169 ], [ -40.2572243, -18.16700806 ], [ -40.25701265, -18.16712751 ], [ -40.25690732, -18.16718802 ], [ -40.25680124, -18.16724733 ], [ -40.25672061, -18.1672945 ], [ -40.2566313, -18.16734541 ], [ -40.25641072, -18.16746816 ], [ -40.25614319, -18.16762154 ], [ -40.25606987, -18.16766279 ], [ -40.25599694, -18.16770524 ] ] } },
{ "type": "Feature", "properties": { "Field": "000", "Length": 406.95427732713767, "Image": "/home/ubuntu/bemagro/data/image/Orthomosaico.tif", "Farm": "data" }, "geometry": { "type": "LineString", "coordinates": [ [ -40.25929477, -18.16581413 ], [ -40.25927045, -18.16582714 ], [ -40.25922989, -18.16585034 ], [ -40.25916373, -18.16588536 ], [ -40.25909825, -18.16592153 ], [ -40.25904964, -18.16594947 ], [ -40.25901673, -18.16596726 ], [ -40.25888743, -18.16604228 ], [ -40.25854537, -18.16623495 ], [ -40.25829507, -18.16638063 ], [ -40.25814864, -18.16646347 ], [ -40.25809132, -18.16649508 ], [ -40.25802667, -18.16653258 ], [ -40.25800203, -18.166546 ], [ -40.25787236, -18.16662043 ], [ -40.25778368, -18.16667234 ], [ -40.25772655, -18.16670427 ], [ -40.25753209, -18.16681597 ], [ -40.25738539, -18.16689838 ], [ -40.25728878, -18.16695522 ], [ -40.25718295, -18.16701493 ], [ -40.25706959, -18.16708021 ], [ -40.25701237, -18.16711199 ], [ -40.2569964, -18.16712166 ], [ -40.2568251, -18.16721756 ], [ -40.2566552, -18.1673157 ], [ -40.25636135, -18.16747979 ], [ -40.25605315, -18.16765619 ], [ -40.25598866, -18.16769404 ] ] } },
{ "type": "Feature", "properties": { "Field": "000", "Length": 407.48007812243162, "Image": "/home/ubuntu/bemagro/data/image/Orthomosaico.tif", "Farm": "data" }, "geometry": { "type": "LineString", "coordinates": [ [ -40.25929028, -18.16579975 ], [ -40.25924205, -18.1658274 ], [ -40.25923383, -18.16583185 ], [ -40.25919208, -18.16585303 ], [ -40.25918384, -18.16585746 ], [ -40.25905377, -18.16593126 ], [ -40.25899632, -18.16596263 ], [ -40.25898818, -18.16596724 ], [ -40.2588916, -18.1660241 ], [ -40.25856567, -18.16620735 ], [ -40.2583956, -18.16630523 ], [ -40.25834737, -18.16633377 ], [ -40.25820174, -18.16641788 ], [ -40.25796536, -18.16655061 ], [ -40.2578682, -18.16660658 ], [ -40.2577796, -18.1666586 ], [ -40.25773066, -18.16668601 ], [ -40.2575199, -18.16680688 ], [ -40.25737317, -18.16688924 ], [ -40.2572846, -18.16694133 ], [ -40.25716264, -18.16701047 ], [ -40.25709002, -18.16705283 ], [ -40.25682107, -18.16720391 ], [ -40.25665922, -18.16729733 ], [ -40.25655285, -18.16735617 ], [ -40.2565042, -18.16738403 ], [ -40.25633279, -18.16747975 ], [ -40.25621159, -18.16755011 ], [ -40.25606527, -18.16763314 ], [ -40.25598034, -18.16768279 ] ] } },
{ "type": "Feature", "properties": { "Field": "000", "Length": 407.99062328492175, "Image": "/home/ubuntu/bemagro/data/image/Orthomosaico.tif", "Farm": "data" }, "geometry": { "type": "LineString", "coordinates": [ [ -40.25928603, -18.16578619 ], [ -40.25922912, -18.16581805 ], [ -40.25916272, -18.16585264 ], [ -40.25911434, -18.16588095 ], [ -40.25897559, -18.16595845 ], [ -40.2586835, -18.16612539 ], [ -40.25852029, -18.16621661 ], [ -40.2584147, -18.16627669 ], [ -40.25832628, -18.166329 ], [ -40.25816428, -18.16642219 ], [ -40.25806636, -18.16647693 ], [ -40.25794456, -18.16654633 ], [ -40.25786348, -18.16659278 ], [ -40.25776681, -18.16664953 ], [ -40.25753926, -18.16677877 ], [ -40.25748269, -18.16681159 ], [ -40.25740884, -18.16685197 ], [ -40.25736043, -18.16688022 ], [ -40.25733586, -18.16689375 ], [ -40.25726346, -18.16693647 ], [ -40.2570121, -18.16708048 ], [ -40.25681625, -18.16718995 ], [ -40.25667899, -18.16726985 ], [ -40.25650727, -18.16736505 ], [ -40.25630373, -18.16747985 ], [ -40.25619875, -18.16754093 ], [ -40.25609298, -18.16760073 ], [ -40.2560367, -18.16763401 ], [ -40.25597136, -18.16767064 ] ] } },
{ "type": "Feature", "properties": { "Field": "000", "Length": 408.49434698792049, "Image": "/home/ubuntu/bemagro/data/image/Orthomosaico.tif", "Farm": "data" }, "geometry": { "type": "LineString", "coordinates": [ [ -40.25928174, -18.16577248 ], [ -40.25924148, -18.16579524 ], [ -40.25914263, -18.16584843 ], [ -40.25884137, -18.1660183 ], [ -40.25863885, -18.16613473 ], [ -40.25851611, -18.1662026 ], [ -40.25841061, -18.16626285 ], [ -40.25832207, -18.16631497 ], [ -40.2582165, -18.1663751 ], [ -40.25818436, -18.16639414 ], [ -40.257916, -18.16654618 ], [ -40.25773029, -18.16665426 ], [ -40.2576162, -18.16671838 ], [ -40.25747843, -18.16679746 ], [ -40.25741282, -18.16683341 ], [ -40.2573478, -18.16687033 ], [ -40.25711343, -18.16700627 ], [ -40.25679593, -18.1671854 ], [ -40.25674762, -18.1672138 ], [ -40.25665839, -18.16726484 ], [ -40.2564785, -18.1673646 ], [ -40.25630768, -18.16746127 ], [ -40.25618642, -18.16753154 ], [ -40.25607271, -18.16759626 ], [ -40.25603257, -18.16762012 ], [ -40.25596288, -18.16765918 ] ] } },
{ "type": "Feature", "properties": { "Field": "000", "Length": 409.05059268556744, "Image": "/home/ubuntu/bemagro/data/image/Orthomosaico.tif", "Farm": "data" }, "geometry": { "type": "LineString", "coordinates": [ [ -40.25927693, -18.1657571 ], [ -40.25926876, -18.16576165 ], [ -40.2592374, -18.16578183 ], [ -40.25917956, -18.16581256 ], [ -40.25906517, -18.16587618 ], [ -40.25882879, -18.1660089 ], [ -40.25862644, -18.16612562 ], [ -40.25850364, -18.16619339 ], [ -40.25834991, -18.16628216 ], [ -40.25831798, -18.16630152 ], [ -40.25826133, -18.16633422 ], [ -40.25803378, -18.16646346 ], [ -40.25794389, -18.16651344 ], [ -40.25773386, -18.16663546 ], [ -40.2575793, -18.16672292 ], [ -40.25748216, -18.16677892 ], [ -40.2573679, -18.16684275 ], [ -40.25727855, -18.1668936 ], [ -40.25710915, -18.16699254 ], [ -40.25693016, -18.16709376 ], [ -40.25686474, -18.16713002 ], [ -40.25663769, -18.16726006 ], [ -40.25647396, -18.16735043 ], [ -40.2563929, -18.16739694 ], [ -40.25631122, -18.16744243 ], [ -40.25614985, -18.16753659 ], [ -40.2560684, -18.16758246 ], [ -40.25595483, -18.16764828 ] ] } },
{ "type": "Feature", "properties": { "Field": "000", "Length": 409.59705615679655, "Image": "/home/ubuntu/bemagro/data/image/Orthomosaico.tif", "Farm": "data" }, "geometry": { "type": "LineString", "coordinates": [ [ -40.25927225, -18.16574212 ], [ -40.25925662, -18.16575144 ], [ -40.25924104, -18.16576167 ], [ -40.25923313, -18.16576662 ], [ -40.25919275, -18.16579011 ], [ -40.25918459, -18.16579467 ], [ -40.25914327, -18.16581659 ], [ -40.25892322, -18.16594021 ], [ -40.25887392, -18.16596702 ], [ -40.2586228, -18.16611141 ], [ -40.25847566, -18.1661931 ], [ -40.25846756, -18.16619775 ], [ -40.25843552, -18.16621694 ], [ -40.25834638, -18.16626813 ], [ -40.25824968, -18.16632482 ], [ -40.25816813, -18.16637052 ], [ -40.25809526, -18.16641249 ], [ -40.25792399, -18.16650845 ], [ -40.25791588, -18.16651309 ], [ -40.25783548, -18.16656062 ], [ -40.25774643, -18.16661194 ], [ -40.25758377, -18.16670406 ], [ -40.25748675, -18.16676024 ], [ -40.25744581, -18.16678282 ], [ -40.25737303, -18.16682493 ], [ -40.25726703, -18.16688438 ], [ -40.25706496, -18.16700153 ], [ -40.25682051, -18.16713896 ], [ -40.25665043, -18.16723683 ], [ -40.25664226, -18.16724137 ], [ -40.25661746, -18.16725451 ], [ -40.25650295, -18.16731793 ], [ -40.25643796, -18.16735491 ], [ -40.25641332, -18.16736832 ], [ -40.25638108, -18.16738722 ], [ -40.25630751, -18.16742806 ], [ -40.25614636, -18.16752257 ], [ -40.25601607, -18.167596 ], [ -40.25594636, -18.16763683 ] ] } },
{ "type": "Feature", "properties": { "Field": "000", "Length": 410.10075008774794, "Image": "/home/ubuntu/bemagro/data/image/Orthomosaico.tif", "Farm": "data" }, "geometry": { "type": "LineString", "coordinates": [ [ -40.25926797, -18.16572846 ], [ -40.25919463, -18.16577098 ], [ -40.25917096, -18.16578591 ], [ -40.25914602, -18.16579881 ], [ -40.25909687, -18.16582587 ], [ -40.25892613, -18.16592267 ], [ -40.25885222, -18.16596295 ], [ -40.25866614, -18.16607045 ], [ -40.25847855, -18.16617551 ], [ -40.25841431, -18.16621367 ], [ -40.25833304, -18.16625982 ], [ -40.2582038, -18.16633493 ], [ -40.25792688, -18.16649088 ], [ -40.25781413, -18.16655712 ], [ -40.25764379, -18.16665457 ], [ -40.25752162, -18.16672338 ], [ -40.25739218, -18.16679817 ], [ -40.25724568, -18.1668809 ], [ -40.25711651, -18.16695613 ], [ -40.25676642, -18.16715357 ], [ -40.25663702, -18.16722844 ], [ -40.25659575, -18.16725046 ], [ -40.25646491, -18.16732299 ], [ -40.25630223, -18.16741507 ], [ -40.25618912, -18.16748075 ], [ -40.25615715, -18.16750005 ], [ -40.25598637, -18.16759679 ], [ -40.25593771, -18.16762513 ] ] } },
{ "type": "Feature", "properties": { "Field": "000", "Length": 410.56358648740081, "Image": "/home/ubuntu/bemagro/data/image/Orthomosaico.tif", "Farm": "data" }, "geometry": { "type": "LineString", "coordinates": [ [ -40.25926407, -18.16571598 ], [ -40.25919101, -18.16575674 ], [ -40.25913431, -18.16578935 ], [ -40.25906869, -18.16582528 ], [ -40.25892252, -18.16590855 ], [ -40.25880793, -18.16597184 ], [ -40.25867064, -18.16605168 ], [ -40.25848311, -18.16615686 ], [ -40.25847502, -18.16616152 ], [ -40.25841889, -18.16619503 ], [ -40.25827322, -18.16627908 ], [ -40.25811083, -18.16637163 ], [ -40.25794779, -18.16646313 ], [ -40.25781073, -18.16654335 ], [ -40.2574937, -18.16672322 ], [ -40.25736433, -18.16679812 ], [ -40.25727466, -18.16684846 ], [ -40.25703991, -18.16698379 ], [ -40.25699932, -18.16700695 ], [ -40.25697468, -18.16702035 ], [ -40.25695047, -18.16703448 ], [ -40.25688486, -18.16707042 ], [ -40.25663322, -18.16721399 ], [ -40.2565761, -18.16724593 ], [ -40.25651853, -18.16727711 ], [ -40.25640475, -18.16734173 ], [ -40.25634742, -18.16737331 ], [ -40.25624205, -18.16743376 ], [ -40.2561616, -18.16748121 ], [ -40.25602317, -18.16755924 ], [ -40.25592965, -18.16761423 ] ] } },
{ "type": "Feature", "properties": { "Field": "000", "Length": 411.06744578595391, "Image": "/home/ubuntu/bemagro/data/image/Orthomosaico.tif", "Farm": "data" }, "geometry": { "type": "LineString", "coordinates": [ [ -40.25925977, -18.16570223 ], [ -40.25914551, -18.1657671 ], [ -40.25907164, -18.16580744 ], [ -40.25896629, -18.16586793 ], [ -40.2587948, -18.16596352 ], [ -40.25864922, -18.16604772 ], [ -40.25856741, -18.16609299 ], [ -40.258478, -18.16614373 ], [ -40.25840565, -18.16618652 ], [ -40.25825192, -18.16627532 ], [ -40.25818664, -18.16631181 ], [ -40.25807318, -18.16637694 ], [ -40.25796696, -18.16643601 ], [ -40.25771635, -18.1665812 ], [ -40.25756147, -18.16666815 ], [ -40.2574155, -18.16675172 ], [ -40.25735928, -18.16678508 ], [ -40.25721261, -18.16686754 ], [ -40.25705902, -18.16695655 ], [ -40.25692899, -18.1670304 ], [ -40.25685532, -18.16707109 ], [ -40.25668512, -18.16716876 ], [ -40.25656269, -18.16723714 ], [ -40.25652147, -18.16725925 ], [ -40.2563835, -18.16733801 ], [ -40.2563181, -18.16737432 ], [ -40.25614868, -18.16747322 ], [ -40.25604243, -18.16753225 ], [ -40.25599375, -18.16756007 ], [ -40.25592163, -18.16760339 ] ] } },
{ "type": "Feature", "properties": { "Field": "000", "Length": 411.56082952241997, "Image": "/home/ubuntu/bemagro/data/image/Orthomosaico.tif", "Farm": "data" }, "geometry": { "type": "LineString", "coordinates": [ [ -40.25925559, -18.16568887 ], [ -40.25919923, -18.16572111 ], [ -40.25906823, -18.16579338 ], [ -40.2589871, -18.16583976 ], [ -40.25882377, -18.16593078 ], [ -40.25867819, -18.16601498 ], [ -40.25849068, -18.16612019 ], [ -40.25824841, -18.1662611 ], [ -40.25818313, -18.1662976 ], [ -40.25812659, -18.16633045 ], [ -40.25798019, -18.16641335 ], [ -40.25793925, -18.16643593 ], [ -40.25775305, -18.16654323 ], [ -40.25771286, -18.16656701 ], [ -40.25756608, -18.16664929 ], [ -40.25748519, -18.16669605 ], [ -40.25743628, -18.1667235 ], [ -40.25735564, -18.16677066 ], [ -40.257136, -18.16689493 ], [ -40.2570472, -18.16694666 ], [ -40.25672186, -18.16713085 ], [ -40.25666538, -18.16716381 ], [ -40.2565099, -18.16724976 ], [ -40.25642079, -18.16730099 ], [ -40.25630673, -18.16736515 ], [ -40.25614506, -18.16745885 ], [ -40.25599038, -18.16754611 ], [ -40.25598229, -18.16755078 ], [ -40.25591325, -18.16759205 ] ] } },
{ "type": "Feature", "properties": { "Field": "000", "Length": 412.1076145321075, "Image": "/home/ubuntu/bemagro/data/image/Orthomosaico.tif", "Farm": "data" }, "geometry": { "type": "LineString", "coordinates": [ [ -40.25590451, -18.16758023 ], [ -40.25599321, -18.16752802 ], [ -40.25617224, -18.16742686 ], [ -40.25643958, -18.16727317 ], [ -40.25670083, -18.1671274 ], [ -40.25680591, -18.16706649 ], [ -40.25697652, -18.16696948 ], [ -40.25702564, -18.16694238 ], [ -40.25709816, -18.16689984 ], [ -40.25719544, -18.16684406 ], [ -40.2572691, -18.16680338 ], [ -40.2575609, -18.16663598 ], [ -40.25771558, -18.16654871 ], [ -40.25791791, -18.16643198 ], [ -40.25796703, -18.16640486 ], [ -40.25818613, -18.16627971 ], [ -40.25823511, -18.16625238 ], [ -40.25837262, -18.16617288 ], [ -40.25845307, -18.16612543 ], [ -40.25855863, -18.16606529 ], [ -40.25868923, -18.16599237 ], [ -40.25875345, -18.16595419 ], [ -40.25881066, -18.1659224 ], [ -40.25894872, -18.16584379 ], [ -40.25912854, -18.1657439 ], [ -40.25916873, -18.16572014 ], [ -40.2592342, -18.16568395 ], [ -40.2592419, -18.16567871 ], [ -40.25925095, -18.16567402 ] ] } },
{ "type": "Feature", "properties": { "Field": "000", "Length": 412.58800733697029, "Image": "/home/ubuntu/bemagro/data/image/Orthomosaico.tif", "Farm": "data" }, "geometry": { "type": "LineString", "coordinates": [ [ -40.25589591, -18.1675686 ], [ -40.25604168, -18.16748383 ], [ -40.25619669, -18.16739709 ], [ -40.25625303, -18.16736391 ], [ -40.2564475, -18.16725222 ], [ -40.25671704, -18.16710209 ], [ -40.25679762, -18.16705485 ], [ -40.25699267, -18.16694408 ], [ -40.25717089, -18.16684161 ], [ -40.25726879, -18.16678684 ], [ -40.25739017, -18.16671678 ], [ -40.25759358, -18.16660176 ], [ -40.2578448, -18.16645753 ], [ -40.25797508, -18.16638408 ], [ -40.25808843, -18.16631879 ], [ -40.25812137, -18.16630104 ], [ -40.25826728, -18.16621736 ], [ -40.25829941, -18.1661983 ], [ -40.25831591, -18.16618948 ], [ -40.25841246, -18.16613255 ], [ -40.25850163, -18.16608142 ], [ -40.25851818, -18.16607268 ], [ -40.25858281, -18.16603515 ], [ -40.25868087, -18.16598063 ], [ -40.25874521, -18.16594265 ], [ -40.2588267, -18.16589685 ], [ -40.25889145, -18.16585949 ], [ -40.25908753, -18.16575041 ], [ -40.25916873, -18.16570413 ], [ -40.25920714, -18.16568278 ], [ -40.25921137, -18.16568078 ], [ -40.2592179, -18.16567816 ], [ -40.25922166, -18.16567629 ], [ -40.25922653, -18.16567351 ], [ -40.25923423, -18.16566827 ], [ -40.25924253, -18.16566393 ], [ -40.25924713, -18.16566181 ] ] } },
{ "type": "Feature", "properties": { "Field": "000", "Length": 413.08951804707493, "Image": "/home/ubuntu/bemagro/data/image/Orthomosaico.tif", "Farm": "data" }, "geometry": { "type": "LineString", "coordinates": [ [ -40.25588776, -18.16755758 ], [ -40.25600905, -18.1674865 ], [ -40.25618016, -18.16739029 ], [ -40.25640664, -18.16725933 ], [ -40.25662666, -18.16713567 ], [ -40.25670862, -18.16709064 ], [ -40.25702437, -18.16690871 ], [ -40.25711394, -18.16685822 ], [ -40.25718645, -18.16681569 ], [ -40.25726796, -18.16676991 ], [ -40.2573894, -18.16669993 ], [ -40.25756058, -18.16660384 ], [ -40.25790098, -18.1664085 ], [ -40.25797465, -18.16636781 ], [ -40.25806363, -18.16631638 ], [ -40.25811267, -18.16628913 ], [ -40.25819346, -18.16624222 ], [ -40.25833971, -18.16615908 ], [ -40.25842008, -18.16611151 ], [ -40.2585015, -18.1660656 ], [ -40.2585743, -18.16602352 ], [ -40.25864799, -18.16598287 ], [ -40.25873657, -18.1659308 ], [ -40.25883421, -18.16587561 ], [ -40.25888256, -18.16584726 ], [ -40.25895647, -18.16580697 ], [ -40.25915191, -18.16569684 ], [ -40.25920871, -18.16566618 ], [ -40.25921562, -18.16566274 ], [ -40.25921927, -18.16566067 ], [ -40.25922564, -18.16565638 ], [ -40.25923393, -18.16565204 ], [ -40.25924278, -18.16564791 ] ] } },
{ "type": "Feature", "properties": { "Field": "000", "Length": 413.70525017775225, "Image": "/home/ubuntu/bemagro/data/image/Orthomosaico.tif", "Farm": "data" }, "geometry": { "type": "LineString", "coordinates": [ [ -40.25923756, -18.16563122 ], [ -40.25922973, -18.16563541 ], [ -40.25922119, -18.16563929 ], [ -40.25921461, -18.16564284 ], [ -40.25921004, -18.16564605 ], [ -40.25919851, -18.1656554 ], [ -40.25919303, -18.16565934 ], [ -40.25918949, -18.16566156 ], [ -40.25914927, -18.16568212 ], [ -40.25896204, -18.16578778 ], [ -40.25884741, -18.16585101 ], [ -40.25881526, -18.16587003 ], [ -40.25872587, -18.16592081 ], [ -40.25866146, -18.16595869 ], [ -40.25844978, -18.16607809 ], [ -40.2583205, -18.16615313 ], [ -40.25823908, -18.16619903 ], [ -40.2579963, -18.16633916 ], [ -40.25791461, -18.16638462 ], [ -40.2578337, -18.16643134 ], [ -40.25773685, -18.16648605 ], [ -40.25771198, -18.16650086 ], [ -40.25762242, -18.16655138 ], [ -40.25753354, -18.16660297 ], [ -40.25741904, -18.16666641 ], [ -40.25724089, -18.16676898 ], [ -40.25717564, -18.16680552 ], [ -40.25711116, -18.1668433 ], [ -40.25700638, -18.16690293 ], [ -40.25698161, -18.1669179 ], [ -40.25688483, -18.16697272 ], [ -40.25684381, -18.16699693 ], [ -40.25679489, -18.16702436 ], [ -40.25670592, -18.16707581 ], [ -40.2565181, -18.1671805 ], [ -40.25639602, -18.16724947 ], [ -40.25620194, -18.16736177 ], [ -40.25603897, -18.16745339 ], [ -40.25587975, -18.16754674 ] ] } },
{ "type": "Feature", "properties": { "Field": "000", "Length": 414.30306276897318, "Image": "/home/ubuntu/bemagro/data/image/Orthomosaico.tif", "Farm": "data" }, "geometry": { "type": "LineString", "coordinates": [ [ -40.25587083, -18.16753467 ], [ -40.25601652, -18.16744978 ], [ -40.25618786, -18.16735394 ], [ -40.25636556, -18.16725066 ], [ -40.25647976, -18.16718673 ], [ -40.25654455, -18.16714944 ], [ -40.25671627, -18.16705422 ], [ -40.25684529, -18.16697878 ], [ -40.25699965, -18.16689099 ], [ -40.25734704, -18.16669098 ], [ -40.25753474, -18.16658607 ], [ -40.25759996, -18.16654774 ], [ -40.25780204, -18.16643235 ], [ -40.25784376, -18.16640927 ], [ -40.25791656, -18.16636718 ], [ -40.25801454, -18.16631254 ], [ -40.25811131, -18.16625595 ], [ -40.25826438, -18.16616787 ], [ -40.25831424, -18.16614018 ], [ -40.2584193, -18.16607923 ], [ -40.25853345, -18.16601522 ], [ -40.25879216, -18.16586712 ], [ -40.25882511, -18.16584761 ], [ -40.25898758, -18.16575696 ], [ -40.25903681, -18.16572827 ], [ -40.25914998, -18.16566445 ], [ -40.25917403, -18.16565008 ], [ -40.25918085, -18.16564648 ], [ -40.25918443, -18.1656443 ], [ -40.25919065, -18.16563981 ], [ -40.25920514, -18.16562821 ], [ -40.25921341, -18.16562384 ], [ -40.25922193, -18.16561993 ], [ -40.25923229, -18.16561438 ] ] } },
{ "type": "Feature", "properties": { "Field": "000", "Length": 414.79884705022477, "Image": "/home/ubuntu/bemagro/data/image/Orthomosaico.tif", "Farm": "data" }, "geometry": { "type": "LineString", "coordinates": [ [ -40.25586273, -18.16752372 ], [ -40.25602444, -18.16742922 ], [ -40.25619573, -18.16733331 ], [ -40.25630865, -18.16726733 ], [ -40.25640592, -18.16721153 ], [ -40.25646321, -18.16717987 ], [ -40.25652803, -18.16714263 ], [ -40.25669163, -18.16705205 ], [ -40.25684522, -18.16696304 ], [ -40.2569914, -18.1668798 ], [ -40.25709638, -18.16681873 ], [ -40.2573638, -18.16666518 ], [ -40.25751883, -18.16657849 ], [ -40.25756716, -18.16655012 ], [ -40.25767301, -18.16649044 ], [ -40.25777009, -18.16643434 ], [ -40.25783552, -18.16639808 ], [ -40.25791626, -18.16635109 ], [ -40.25802222, -18.1662916 ], [ -40.25809467, -18.16624895 ], [ -40.25824864, -18.16616055 ], [ -40.25831388, -18.16612399 ], [ -40.25838655, -18.1660817 ], [ -40.25865503, -18.16592986 ], [ -40.25885735, -18.16581311 ], [ -40.25897188, -18.16574972 ], [ -40.25917476, -18.16563386 ], [ -40.2591824, -18.16562853 ], [ -40.25919401, -18.16561927 ], [ -40.25919917, -18.16561571 ], [ -40.25920505, -18.16561235 ], [ -40.25921354, -18.16560838 ], [ -40.25922801, -18.16560069 ] ] } },
{ "type": "Feature", "properties": { "Field": "000", "Length": 415.26616416835219, "Image": "/home/ubuntu/bemagro/data/image/Orthomosaico.tif", "Farm": "data" }, "geometry": { "type": "LineString", "coordinates": [ [ -40.25922387, -18.16558746 ], [ -40.25920786, -18.16559617 ], [ -40.25919993, -18.16560109 ], [ -40.2591843, -18.16561127 ], [ -40.25917629, -18.16561607 ], [ -40.25907932, -18.16567233 ], [ -40.2588186, -18.16581897 ], [ -40.2587542, -18.16585685 ], [ -40.25868126, -18.16589873 ], [ -40.25850217, -18.16599979 ], [ -40.25839681, -18.16606025 ], [ -40.25836405, -18.1660783 ], [ -40.25831559, -18.16610647 ], [ -40.25815306, -18.1661988 ], [ -40.25799145, -18.1662926 ], [ -40.25790994, -18.16633836 ], [ -40.25783732, -18.16638073 ], [ -40.2577475, -18.1664308 ], [ -40.25766691, -18.16647804 ], [ -40.25739012, -18.16663421 ], [ -40.25733358, -18.16666707 ], [ -40.2571224, -18.16678726 ], [ -40.25670173, -18.16703036 ], [ -40.25661171, -18.16708011 ], [ -40.25647333, -18.16715823 ], [ -40.25640778, -18.16719426 ], [ -40.25619761, -18.16731608 ], [ -40.25601033, -18.16742166 ], [ -40.25591377, -18.16747856 ], [ -40.25585422, -18.16751221 ] ] } },
{ "type": "Feature", "properties": { "Field": "000", "Length": 415.74994650252694, "Image": "/home/ubuntu/bemagro/data/image/Orthomosaico.tif", "Farm": "data" }, "geometry": { "type": "LineString", "coordinates": [ [ -40.25921975, -18.16557431 ], [ -40.25918764, -18.1655925 ], [ -40.25915594, -18.1656122 ], [ -40.25905871, -18.16566805 ], [ -40.25883846, -18.16579134 ], [ -40.25868493, -18.16588045 ], [ -40.25853016, -18.16596756 ], [ -40.25838423, -18.1660512 ], [ -40.25832704, -18.16608303 ], [ -40.25817314, -18.16617154 ], [ -40.25812418, -18.16619891 ], [ -40.25803558, -18.16625094 ], [ -40.25788927, -18.16633398 ], [ -40.25783287, -18.16636706 ], [ -40.25775113, -18.16641245 ], [ -40.257638, -18.1664781 ], [ -40.25754036, -18.16653331 ], [ -40.25750743, -18.16655107 ], [ -40.25737758, -18.1666252 ], [ -40.25732108, -18.16665813 ], [ -40.25709368, -18.16678761 ], [ -40.25698869, -18.16684867 ], [ -40.25689116, -18.16690405 ], [ -40.25670551, -18.16701222 ], [ -40.25659901, -18.16707084 ], [ -40.25655867, -18.16709438 ], [ -40.25640341, -18.1671807 ], [ -40.25622585, -18.1672842 ], [ -40.25597381, -18.16742711 ], [ -40.25584632, -18.16750152 ] ] } },
{ "type": "Feature", "properties": { "Field": "000", "Length": 416.26756717943744, "Image": "/home/ubuntu/bemagro/data/image/Orthomosaico.tif", "Farm": "data" }, "geometry": { "type": "LineString", "coordinates": [ [ -40.25921527, -18.16555998 ], [ -40.25913526, -18.16560721 ], [ -40.25908628, -18.16563455 ], [ -40.25894834, -18.16571337 ], [ -40.25883392, -18.16577694 ], [ -40.25870476, -18.16585217 ], [ -40.25850924, -18.16596219 ], [ -40.25833881, -18.16605948 ], [ -40.25828234, -18.16609246 ], [ -40.25820086, -18.16613827 ], [ -40.2581036, -18.16619407 ], [ -40.25803944, -18.16623235 ], [ -40.25791789, -18.16630214 ], [ -40.25786871, -18.16632916 ], [ -40.25774662, -18.16639809 ], [ -40.25762524, -18.16646816 ], [ -40.25748678, -18.16654613 ], [ -40.25738173, -18.16660709 ], [ -40.25717032, -18.16672692 ], [ -40.25704895, -18.16679701 ], [ -40.25692704, -18.16686624 ], [ -40.25672542, -18.16698409 ], [ -40.25653822, -18.1670898 ], [ -40.25645629, -18.16713487 ], [ -40.25635857, -18.16718994 ], [ -40.25626193, -18.16724673 ], [ -40.25612362, -18.16732495 ], [ -40.2560347, -18.16737647 ], [ -40.2559696, -18.16741327 ], [ -40.25591355, -18.16744689 ], [ -40.2558383, -18.16749067 ] ] } },
{ "type": "Feature", "properties": { "Field": "000", "Length": 416.76675970660608, "Image": "/home/ubuntu/bemagro/data/image/Orthomosaico.tif", "Farm": "data" }, "geometry": { "type": "LineString", "coordinates": [ [ -40.25921107, -18.16554656 ], [ -40.25918748, -18.16556074 ], [ -40.25914671, -18.1655836 ], [ -40.25911455, -18.1656026 ], [ -40.25899268, -18.1656719 ], [ -40.2588458, -18.16575401 ], [ -40.25868405, -18.16584758 ], [ -40.25853743, -18.16593011 ], [ -40.25848073, -18.16596272 ], [ -40.25844792, -18.16598069 ], [ -40.25837527, -18.16602301 ], [ -40.25818829, -18.16612907 ], [ -40.25791346, -18.16628837 ], [ -40.25773398, -18.1663888 ], [ -40.25752331, -18.16650982 ], [ -40.25744981, -18.16655077 ], [ -40.25734471, -18.16661166 ], [ -40.25723879, -18.16667123 ], [ -40.25701214, -18.1668019 ], [ -40.2568984, -18.16686658 ], [ -40.25685029, -18.16689529 ], [ -40.25677728, -18.16693705 ], [ -40.25674531, -18.16695635 ], [ -40.25657456, -18.16705314 ], [ -40.25642721, -18.16713449 ], [ -40.25637027, -18.16716671 ], [ -40.25624133, -18.16724229 ], [ -40.25612734, -18.16730657 ], [ -40.25603838, -18.16735803 ], [ -40.25603025, -18.16736265 ], [ -40.25601375, -18.16737146 ], [ -40.25595703, -18.16740406 ], [ -40.25594896, -18.16740876 ], [ -40.25589327, -18.16744292 ], [ -40.25583004, -18.16747951 ] ] } },
{ "type": "Feature", "properties": { "Field": "000", "Length": 417.33454602328032, "Image": "/home/ubuntu/bemagro/data/image/Orthomosaico.tif", "Farm": "data" }, "geometry": { "type": "LineString", "coordinates": [ [ -40.25920629, -18.16553126 ], [ -40.25916602, -18.16555401 ], [ -40.25911808, -18.16558299 ], [ -40.25910997, -18.16558764 ], [ -40.25905271, -18.16561933 ], [ -40.25885768, -18.16573013 ], [ -40.25874501, -18.1657965 ], [ -40.25868824, -18.165829 ], [ -40.25850919, -18.16593013 ], [ -40.25845186, -18.16596172 ], [ -40.25837939, -18.16600431 ], [ -40.25832233, -18.16603634 ], [ -40.25814388, -18.16613844 ], [ -40.25791761, -18.16626973 ], [ -40.25769739, -18.16639305 ], [ -40.25764907, -18.16642145 ], [ -40.2575595, -18.16647193 ], [ -40.25749496, -18.16650961 ], [ -40.25740534, -18.16656002 ], [ -40.25716996, -18.16669436 ], [ -40.2570001, -18.16679257 ], [ -40.25694306, -18.16682464 ], [ -40.25687854, -18.16686235 ], [ -40.25678912, -18.16691308 ], [ -40.25664396, -18.16699796 ], [ -40.25659464, -18.16702472 ], [ -40.25648072, -18.16708911 ], [ -40.25640678, -18.16712934 ], [ -40.25639866, -18.16713396 ], [ -40.25623734, -18.16722821 ], [ -40.25616391, -18.16726928 ], [ -40.25605853, -18.16732972 ], [ -40.25599298, -18.16736577 ], [ -40.25598485, -18.16737038 ], [ -40.25592822, -18.1674031 ], [ -40.25588024, -18.16743201 ], [ -40.25582066, -18.16746682 ] ] } },
{ "type": "Feature", "properties": { "Field": "000", "Length": 417.86738008969553, "Image": "/home/ubuntu/bemagro/data/image/Orthomosaico.tif", "Farm": "data" }, "geometry": { "type": "LineString", "coordinates": [ [ -40.25920174, -18.16551673 ], [ -40.25917039, -18.16553608 ], [ -40.25914578, -18.16554956 ], [ -40.25908151, -18.16558765 ], [ -40.25882917, -18.16573008 ], [ -40.25874089, -18.16578261 ], [ -40.25868413, -18.16581512 ], [ -40.2584153, -18.1659664 ], [ -40.25835921, -18.16599996 ], [ -40.25821269, -18.16608266 ], [ -40.25797843, -18.16621878 ], [ -40.25781579, -18.16631091 ], [ -40.25772573, -18.16636061 ], [ -40.25762861, -18.16641664 ], [ -40.25754721, -18.16646258 ], [ -40.25747454, -18.16650488 ], [ -40.25727128, -18.16662012 ], [ -40.25720694, -18.16665812 ], [ -40.2571823, -18.16667153 ], [ -40.25708488, -18.16672708 ], [ -40.2569965, -18.16677946 ], [ -40.25693919, -18.16681108 ], [ -40.2567934, -18.16689496 ], [ -40.25676069, -18.16691309 ], [ -40.25663171, -18.1669886 ], [ -40.2563946, -18.16712014 ], [ -40.25624161, -18.16721008 ], [ -40.25615986, -18.16725545 ], [ -40.25603023, -18.16732995 ], [ -40.25595645, -18.16737044 ], [ -40.25581242, -18.16745567 ] ] } },
{ "type": "Feature", "properties": { "Field": "000", "Length": 35.52266727326316, "Image": "/home/ubuntu/bemagro/data/image/Orthomosaico.tif", "Farm": "data" }, "geometry": { "type": "LineString", "coordinates": [ [ -40.2557505, -18.16667228 ], [ -40.25573488, -18.1666813 ], [ -40.25568723, -18.16671071 ], [ -40.25567918, -18.16671544 ], [ -40.25567085, -18.16671972 ], [ -40.2556629, -18.16672461 ], [ -40.2556463, -18.16673325 ], [ -40.25562212, -18.16674741 ], [ -40.25559874, -18.16676276 ], [ -40.25554297, -18.1667968 ], [ -40.255502, -18.16681933 ], [ -40.25546522, -18.16684138 ] ] } },
{ "type": "Feature", "properties": { "Field": "000", "Length": 80.502339783594039, "Image": "/home/ubuntu/bemagro/data/image/Orthomosaico.tif", "Farm": "data" }, "geometry": { "type": "LineString", "coordinates": [ [ -40.25545682, -18.16686295 ], [ -40.2555375, -18.16681535 ], [ -40.25555318, -18.16680524 ], [ -40.25556115, -18.16680039 ], [ -40.25558627, -18.16678597 ], [ -40.25562531, -18.16676214 ], [ -40.2556342, -18.16675699 ], [ -40.25569871, -18.16672102 ], [ -40.25570755, -18.16671578 ], [ -40.2557465, -18.16669182 ], [ -40.25575455, -18.16668709 ], [ -40.25584067, -18.16663812 ], [ -40.25584252, -18.16663713 ], [ -40.25584637, -18.16663542 ], [ -40.25585277, -18.16663311 ], [ -40.25586132, -18.16662924 ], [ -40.25586925, -18.16662433 ], [ -40.25587735, -18.16661968 ], [ -40.25589381, -18.16661078 ], [ -40.25590194, -18.16660616 ], [ -40.25595025, -18.16657777 ], [ -40.25595852, -18.16657339 ], [ -40.25596693, -18.16656925 ], [ -40.25597512, -18.16656475 ], [ -40.25600732, -18.16654579 ], [ -40.25601651, -18.16654115 ], [ -40.25603245, -18.16653144 ], [ -40.25610776, -18.16648675 ] ] } },
{ "type": "Feature", "properties": { "Field": "000", "Length": 136.40619960802084, "Image": "/home/ubuntu/bemagro/data/image/Orthomosaico.tif", "Farm": "data" }, "geometry": { "type": "LineString", "coordinates": [ [ -40.25656027, -18.16625148 ], [ -40.25641436, -18.16633132 ], [ -40.25637284, -18.16635291 ], [ -40.2563667, -18.16635712 ], [ -40.25635672, -18.16636543 ], [ -40.25635049, -18.16636952 ], [ -40.25630876, -18.16639074 ], [ -40.25620333, -18.1664511 ], [ -40.2561865, -18.16645932 ], [ -40.25617036, -18.16646874 ], [ -40.2561373, -18.16648629 ], [ -40.2560329, -18.16654825 ], [ -40.25602549, -18.16655308 ], [ -40.25602177, -18.16655501 ], [ -40.25601663, -18.16655731 ], [ -40.25598385, -18.16657533 ], [ -40.25595196, -18.16659474 ], [ -40.255887, -18.16663177 ], [ -40.25585402, -18.16664944 ], [ -40.25583689, -18.16665708 ], [ -40.25580471, -18.16667607 ], [ -40.25577142, -18.16669321 ], [ -40.2557317, -18.1667177 ], [ -40.25567499, -18.1667503 ], [ -40.25565927, -18.16676034 ], [ -40.25558584, -18.16680142 ], [ -40.25548185, -18.16686401 ], [ -40.25545242, -18.16688078 ] ] } },
{ "type": "Feature", "properties": { "Field": "000", "Length": 168.59397174515533, "Image": "/home/ubuntu/bemagro/data/image/Orthomosaico.tif", "Farm": "data" }, "geometry": { "type": "LineString", "coordinates": [ [ -40.25681591, -18.16612012 ], [ -40.25675528, -18.16615308 ], [ -40.25672393, -18.1661733 ], [ -40.25669145, -18.16618997 ], [ -40.25668289, -18.16619559 ], [ -40.25665773, -18.1662081 ], [ -40.25662548, -18.16622698 ], [ -40.2566088, -18.16623547 ], [ -40.25659315, -18.16624561 ], [ -40.25658088, -18.16625241 ], [ -40.2565773, -18.16625458 ], [ -40.25657388, -18.16625698 ], [ -40.25656208, -18.16626602 ], [ -40.2565381, -18.1662805 ], [ -40.25649635, -18.16630168 ], [ -40.25638966, -18.16635997 ], [ -40.25638158, -18.16636467 ], [ -40.2563586, -18.16638055 ], [ -40.2563513, -18.16638473 ], [ -40.25632535, -18.16639775 ], [ -40.25628434, -18.1664202 ], [ -40.25626014, -18.16643433 ], [ -40.25624351, -18.16644294 ], [ -40.25621169, -18.16646246 ], [ -40.25616317, -18.16648875 ], [ -40.25615422, -18.1664938 ], [ -40.25614615, -18.16649852 ], [ -40.25612219, -18.16651302 ], [ -40.25604221, -18.16655947 ], [ -40.25602562, -18.16656988 ], [ -40.25599275, -18.16658776 ], [ -40.25592792, -18.16662497 ], [ -40.25591974, -18.1666295 ], [ -40.25590322, -18.1666383 ], [ -40.25589506, -18.16664286 ], [ -40.25587092, -18.16665709 ], [ -40.25586274, -18.16666162 ], [ -40.25584611, -18.16667021 ], [ -40.25583789, -18.16667466 ], [ -40.2558135, -18.1666885 ], [ -40.25579741, -18.16669799 ], [ -40.25575648, -18.16672059 ], [ -40.25571632, -18.16674441 ], [ -40.25562649, -18.16679448 ], [ -40.25544772, -18.16689988 ] ] } },
{ "type": "Feature", "properties": { "Field": "000", "Length": 187.80652550929653, "Image": "/home/ubuntu/bemagro/data/image/Orthomosaico.tif", "Farm": "data" }, "geometry": { "type": "LineString", "coordinates": [ [ -40.25544379, -18.16692105 ], [ -40.25547506, -18.16690061 ], [ -40.25549968, -18.16688717 ], [ -40.25555537, -18.166853 ], [ -40.25558797, -18.16683469 ], [ -40.25567668, -18.16678283 ], [ -40.25574991, -18.16674142 ], [ -40.25580736, -18.16671004 ], [ -40.25586399, -18.16667732 ], [ -40.25595394, -18.16662744 ], [ -40.2560664, -18.16656075 ], [ -40.25608326, -18.16655258 ], [ -40.256115, -18.16653293 ], [ -40.25615553, -18.16650968 ], [ -40.2561721, -18.16650099 ], [ -40.25635039, -18.16639864 ], [ -40.25640742, -18.16636656 ], [ -40.25654724, -18.16629082 ], [ -40.2566185, -18.16624639 ], [ -40.25662682, -18.1662421 ], [ -40.25664291, -18.16623262 ], [ -40.25668376, -18.16620988 ], [ -40.25671704, -18.16619273 ], [ -40.25672515, -18.1661881 ], [ -40.25676526, -18.16616419 ], [ -40.25687166, -18.16610541 ], [ -40.25690396, -18.16608662 ], [ -40.2569114, -18.16608104 ], [ -40.25691858, -18.16607517 ], [ -40.25692634, -18.16607 ], [ -40.25696501, -18.16604732 ] ] } },
{ "type": "Feature", "properties": { "Field": "000", "Length": 418.39233744964037, "Image": "/home/ubuntu/bemagro/data/image/Orthomosaico.tif", "Farm": "data" }, "geometry": { "type": "LineString", "coordinates": [ [ -40.25919726, -18.16550242 ], [ -40.25917382, -18.16551682 ], [ -40.25909339, -18.1655643 ], [ -40.25901175, -18.16560986 ], [ -40.2589145, -18.16566567 ], [ -40.25883304, -18.16571152 ], [ -40.25873646, -18.1657684 ], [ -40.25843554, -18.16593881 ], [ -40.2582981, -18.16601843 ], [ -40.25818359, -18.16608185 ], [ -40.25817548, -18.16608648 ], [ -40.25794965, -18.16621846 ], [ -40.25784338, -18.16627746 ], [ -40.25768896, -18.16636513 ], [ -40.25759998, -18.16641656 ], [ -40.25757537, -18.16643004 ], [ -40.25756725, -18.16643466 ], [ -40.25747862, -18.16648666 ], [ -40.25742958, -18.16651388 ], [ -40.25729962, -18.16658786 ], [ -40.25720275, -18.16664428 ], [ -40.25715364, -18.16667139 ], [ -40.25707256, -18.16671785 ], [ -40.2569677, -18.16677911 ], [ -40.25684568, -18.16684816 ], [ -40.25669185, -18.1669368 ], [ -40.25663566, -18.1669702 ], [ -40.25662753, -18.1669748 ], [ -40.25655366, -18.16701515 ], [ -40.2564478, -18.16707481 ], [ -40.25637408, -18.16711541 ], [ -40.25634169, -18.16713406 ], [ -40.2562777, -18.1671726 ], [ -40.25625343, -18.16718661 ], [ -40.25613942, -18.16725086 ], [ -40.25604236, -18.16730698 ], [ -40.25592799, -18.16737064 ], [ -40.25591993, -18.16737535 ], [ -40.25587195, -18.16740427 ], [ -40.25580383, -18.16744405 ] ] } },
{ "type": "Feature", "properties": { "Field": "000", "Length": 418.89276390442944, "Image": "/home/ubuntu/bemagro/data/image/Orthomosaico.tif", "Farm": "data" }, "geometry": { "type": "LineString", "coordinates": [ [ -40.25919303, -18.16548888 ], [ -40.25909704, -18.16554578 ], [ -40.25903168, -18.16558215 ], [ -40.25882049, -18.16570232 ], [ -40.25873191, -18.16575439 ], [ -40.25860236, -18.16582901 ], [ -40.25843105, -18.16592489 ], [ -40.25833427, -18.16598145 ], [ -40.25831842, -18.1659913 ], [ -40.25815489, -18.166082 ], [ -40.25792908, -18.16621401 ], [ -40.25774934, -18.16631401 ], [ -40.25748252, -18.1664685 ], [ -40.25740902, -18.16650946 ], [ -40.25735256, -18.16654245 ], [ -40.25733603, -18.16655122 ], [ -40.25724684, -18.16660233 ], [ -40.25722281, -18.16661672 ], [ -40.2570844, -18.16669478 ], [ -40.25695538, -18.16677023 ], [ -40.2568415, -18.16683468 ], [ -40.2567447, -18.16689121 ], [ -40.25667952, -18.16692788 ], [ -40.25663141, -18.1669566 ], [ -40.25657394, -18.16698795 ], [ -40.25635349, -18.16711092 ], [ -40.25624911, -18.16717292 ], [ -40.25602988, -18.16729786 ], [ -40.25594007, -18.16734795 ], [ -40.25579553, -18.16743283 ] ] } },
{ "type": "Feature", "properties": { "Field": "000", "Length": 419.42384177306957, "Image": "/home/ubuntu/bemagro/data/image/Orthomosaico.tif", "Farm": "data" }, "geometry": { "type": "LineString", "coordinates": [ [ -40.25918865, -18.16547455 ], [ -40.25917313, -18.165484 ], [ -40.25916506, -18.16548872 ], [ -40.25914063, -18.16550249 ], [ -40.25913258, -18.16550723 ], [ -40.25909273, -18.16553152 ], [ -40.25908465, -18.1655362 ], [ -40.25901928, -18.16557256 ], [ -40.25893028, -18.16562395 ], [ -40.25881648, -18.16568853 ], [ -40.25867932, -18.16576859 ], [ -40.25807782, -18.16610996 ], [ -40.25794121, -18.16619087 ], [ -40.25793311, -18.16619552 ], [ -40.25771269, -18.16631853 ], [ -40.25765606, -18.16635125 ], [ -40.25759188, -18.16638949 ], [ -40.25751875, -18.16643105 ], [ -40.25747847, -18.1664547 ], [ -40.25742945, -18.16648196 ], [ -40.25731565, -18.16654654 ], [ -40.25723488, -18.16659349 ], [ -40.25710454, -18.16666685 ], [ -40.25699167, -18.1667329 ], [ -40.2569022, -18.16678356 ], [ -40.25686211, -18.16680749 ], [ -40.25668355, -18.1669094 ], [ -40.25664333, -18.16693313 ], [ -40.25663521, -18.16693777 ], [ -40.25640636, -18.16706489 ], [ -40.25628489, -18.16713482 ], [ -40.25623675, -18.16716349 ], [ -40.25622866, -18.16716817 ], [ -40.25616344, -18.16720476 ], [ -40.25609083, -18.16724714 ], [ -40.25592779, -18.16733864 ], [ -40.25581477, -18.16740446 ], [ -40.25578716, -18.16742151 ] ] } },
{ "type": "Feature", "properties": { "Field": "000", "Length": 420.04399834623405, "Image": "/home/ubuntu/bemagro/data/image/Orthomosaico.tif", "Farm": "data" }, "geometry": { "type": "LineString", "coordinates": [ [ -40.25918508, -18.16545988 ], [ -40.25908863, -18.16551708 ], [ -40.25899099, -18.16557228 ], [ -40.25875591, -18.16570709 ], [ -40.25866747, -18.16575937 ], [ -40.25833379, -18.16594784 ], [ -40.25810685, -18.16607806 ], [ -40.2580903, -18.16608679 ], [ -40.25794546, -18.16617216 ], [ -40.25768438, -18.1663182 ], [ -40.25758813, -18.16637559 ], [ -40.25746664, -18.16644549 ], [ -40.25736091, -18.16650536 ], [ -40.25732807, -18.16652327 ], [ -40.25723916, -18.16657482 ], [ -40.2570763, -18.16666662 ], [ -40.25697984, -18.16672369 ], [ -40.25668799, -18.16689099 ], [ -40.25640256, -18.16705094 ], [ -40.25621671, -18.1671588 ], [ -40.25615955, -18.16719068 ], [ -40.25607881, -18.16723767 ], [ -40.25593197, -18.16731985 ], [ -40.2558192, -18.16738607 ], [ -40.25577911, -18.16741062 ] ] } },
{ "type": "Feature", "properties": { "Field": "000", "Length": 215.50318517608616, "Image": "/home/ubuntu/bemagro/data/image/Orthomosaico.tif", "Farm": "data" }, "geometry": { "type": "LineString", "coordinates": [ [ -40.25544933, -18.16693552 ], [ -40.25548864, -18.16690965 ], [ -40.25556047, -18.16686607 ], [ -40.25568183, -18.16679596 ], [ -40.2557467, -18.16675881 ], [ -40.25579603, -18.16673204 ], [ -40.25583633, -18.16670844 ], [ -40.25590144, -18.16667167 ], [ -40.25591808, -18.16666308 ], [ -40.25599033, -18.16662188 ], [ -40.25610397, -18.16655529 ], [ -40.25615257, -18.16652734 ], [ -40.25617729, -18.16651406 ], [ -40.25639566, -18.16638775 ], [ -40.25647794, -18.16634327 ], [ -40.2565587, -18.16629805 ], [ -40.25656757, -18.16629287 ], [ -40.25659215, -18.16627935 ], [ -40.25660026, -18.16627471 ], [ -40.2566395, -18.16625118 ], [ -40.25664839, -18.16624602 ], [ -40.25669748, -18.16621887 ], [ -40.25673875, -18.16619684 ], [ -40.25674609, -18.16619273 ], [ -40.25681026, -18.16615448 ], [ -40.25689185, -18.16610884 ], [ -40.25696516, -18.16606582 ], [ -40.25702248, -18.16603422 ], [ -40.25714453, -18.16596522 ], [ -40.25716932, -18.16595205 ], [ -40.25718528, -18.16594237 ], [ -40.25719624, -18.16593442 ] ] } },
{ "type": "Feature", "properties": { "Field": "000", "Length": 420.67748198808903, "Image": "/home/ubuntu/bemagro/data/image/Orthomosaico.tif", "Farm": "data" }, "geometry": { "type": "LineString", "coordinates": [ [ -40.2591815, -18.16544515 ], [ -40.25911688, -18.16548178 ], [ -40.25904462, -18.16552471 ], [ -40.25889849, -18.16560804 ], [ -40.25880177, -18.16566469 ], [ -40.25872865, -18.16570626 ], [ -40.25866448, -18.16574451 ], [ -40.25861541, -18.16577171 ], [ -40.25849392, -18.1658416 ], [ -40.25816037, -18.16603028 ], [ -40.25803108, -18.1661053 ], [ -40.25791727, -18.16616987 ], [ -40.25790917, -18.16617453 ], [ -40.25788509, -18.16618886 ], [ -40.25768972, -18.16629911 ], [ -40.25765733, -18.16631776 ], [ -40.25760125, -18.16635132 ], [ -40.25752812, -18.16639288 ], [ -40.25746363, -18.16643065 ], [ -40.25735816, -18.16649093 ], [ -40.25728461, -18.16653181 ], [ -40.25720358, -18.16657835 ], [ -40.25710579, -18.1666333 ], [ -40.25697687, -18.16670892 ], [ -40.25684671, -18.16678255 ], [ -40.25670929, -18.1668622 ], [ -40.25663559, -18.16690282 ], [ -40.25652159, -18.16696709 ], [ -40.2563429, -18.1670688 ], [ -40.25620555, -18.16714856 ], [ -40.25609931, -18.1672076 ], [ -40.25602688, -18.16725026 ], [ -40.25588823, -18.16732794 ], [ -40.2558159, -18.16737076 ], [ -40.25577038, -18.16739881 ] ] } },
{ "type": "Feature", "properties": { "Field": "000", "Length": 421.29616740596765, "Image": "/home/ubuntu/bemagro/data/image/Orthomosaico.tif", "Farm": "data" }, "geometry": { "type": "LineString", "coordinates": [ [ -40.25917801, -18.16543076 ], [ -40.25912137, -18.16546254 ], [ -40.25903302, -18.16551496 ], [ -40.25885439, -18.16561676 ], [ -40.25879816, -18.16565011 ], [ -40.25871701, -18.16569645 ], [ -40.25867704, -18.16572057 ], [ -40.25859567, -18.16576656 ], [ -40.2585555, -18.16579037 ], [ -40.25824629, -18.16596513 ], [ -40.25819782, -18.1659933 ], [ -40.2581326, -18.16602989 ], [ -40.25806813, -18.16606768 ], [ -40.25769446, -18.16628027 ], [ -40.25759773, -18.16633691 ], [ -40.25742739, -18.16643436 ], [ -40.25737093, -18.16646734 ], [ -40.25709424, -18.16662367 ], [ -40.25698953, -18.16668516 ], [ -40.2568108, -18.16678681 ], [ -40.25668946, -18.16685694 ], [ -40.25659944, -18.1669067 ], [ -40.256429, -18.16700398 ], [ -40.25642085, -18.16700857 ], [ -40.2563961, -18.1670218 ], [ -40.25621844, -18.16712514 ], [ -40.2560959, -18.16719334 ], [ -40.2560153, -18.16724056 ], [ -40.25591725, -18.16729509 ], [ -40.2558525, -18.16733244 ], [ -40.25578048, -18.16737573 ], [ -40.25576182, -18.16738723 ] ] } },
{ "type": "Feature", "properties": { "Field": "000", "Length": 231.03770522660562, "Image": "/home/ubuntu/bemagro/data/image/Orthomosaico.tif", "Farm": "data" }, "geometry": { "type": "LineString", "coordinates": [ [ -40.25732478, -18.16587166 ], [ -40.25726949, -18.16590209 ], [ -40.25724601, -18.1659173 ], [ -40.2572216, -18.1659311 ], [ -40.25719149, -18.16595296 ], [ -40.2571755, -18.16596261 ], [ -40.2571507, -18.16597575 ], [ -40.25702866, -18.16604476 ], [ -40.25697133, -18.16607636 ], [ -40.25685051, -18.1661473 ], [ -40.25678498, -18.16618338 ], [ -40.25674479, -18.16620717 ], [ -40.25664698, -18.16626209 ], [ -40.25659069, -18.16629535 ], [ -40.25653325, -18.16632675 ], [ -40.25648485, -18.16635501 ], [ -40.25641902, -18.1663906 ], [ -40.25632203, -18.16644684 ], [ -40.25627292, -18.16647396 ], [ -40.25612722, -18.16655797 ], [ -40.25601463, -18.16662447 ], [ -40.25585158, -18.16671595 ], [ -40.25580322, -18.16674428 ], [ -40.25570495, -18.16679845 ], [ -40.25560794, -18.16685465 ], [ -40.25552757, -18.16690223 ], [ -40.2555196, -18.16690708 ], [ -40.25545429, -18.16694846 ] ] } },
{ "type": "Feature", "properties": { "Field": "000", "Length": 421.9151035242345, "Image": "/home/ubuntu/bemagro/data/image/Orthomosaico.tif", "Farm": "data" }, "geometry": { "type": "LineString", "coordinates": [ [ -40.25917459, -18.16541668 ], [ -40.25912579, -18.16544338 ], [ -40.25903769, -18.16549618 ], [ -40.25883454, -18.16561161 ], [ -40.25880246, -18.16563074 ], [ -40.2586322, -18.16572832 ], [ -40.25855978, -18.16577099 ], [ -40.25843797, -18.16584037 ], [ -40.25833172, -18.16589941 ], [ -40.25822672, -18.16596044 ], [ -40.25807215, -18.16604789 ], [ -40.25798332, -18.16609955 ], [ -40.25788538, -18.16615427 ], [ -40.25767469, -18.16627525 ], [ -40.2575618, -18.16634127 ], [ -40.25748827, -18.16638219 ], [ -40.25726976, -18.16650826 ], [ -40.25708224, -18.16661346 ], [ -40.25690469, -18.16671697 ], [ -40.25684772, -18.16674915 ], [ -40.256694, -18.16683796 ], [ -40.25658781, -18.16689708 ], [ -40.25642552, -18.16698979 ], [ -40.25636827, -18.16702151 ], [ -40.25621507, -18.16711113 ], [ -40.25615763, -18.16714253 ], [ -40.25602802, -18.16721705 ], [ -40.25596233, -18.16725287 ], [ -40.25591358, -18.16728059 ], [ -40.25579283, -18.16735164 ], [ -40.25575249, -18.16737461 ] ] } },
{ "type": "Feature", "properties": { "Field": "000", "Length": 422.54318637153688, "Image": "/home/ubuntu/bemagro/data/image/Orthomosaico.tif", "Farm": "data" }, "geometry": { "type": "LineString", "coordinates": [ [ -40.25917103, -18.16540205 ], [ -40.25916347, -18.16540662 ], [ -40.25915536, -18.16541127 ], [ -40.25913061, -18.1654245 ], [ -40.25912243, -18.16542903 ], [ -40.25910625, -18.16543838 ], [ -40.2590183, -18.16549141 ], [ -40.25901024, -18.16549614 ], [ -40.25883116, -18.1655972 ], [ -40.25848342, -18.16579841 ], [ -40.25834471, -18.16587598 ], [ -40.2582717, -18.16591773 ], [ -40.25819113, -18.16596499 ], [ -40.25805253, -18.16604274 ], [ -40.2579639, -18.16609473 ], [ -40.25795578, -18.16609936 ], [ -40.25788208, -18.16613999 ], [ -40.25778463, -18.1661955 ], [ -40.2575665, -18.16632217 ], [ -40.25748489, -18.16636777 ], [ -40.25723385, -18.16651229 ], [ -40.25707899, -18.16659926 ], [ -40.25670689, -18.16681435 ], [ -40.25659264, -18.1668782 ], [ -40.25655234, -18.1669018 ], [ -40.25634889, -18.16701675 ], [ -40.25621183, -18.16709695 ], [ -40.25613002, -18.16714223 ], [ -40.25604107, -18.16719372 ], [ -40.25592641, -18.16725689 ], [ -40.25591828, -18.16726151 ], [ -40.25584593, -18.16730429 ], [ -40.25574399, -18.16736312 ] ] } },
{ "type": "Feature", "properties": { "Field": "000", "Length": 423.16107317721566, "Image": "/home/ubuntu/bemagro/data/image/Orthomosaico.tif", "Farm": "data" }, "geometry": { "type": "LineString", "coordinates": [ [ -40.25916758, -18.16538782 ], [ -40.25911009, -18.16541933 ], [ -40.25904612, -18.16545789 ], [ -40.25895723, -18.16550947 ], [ -40.25869742, -18.16565757 ], [ -40.25860081, -18.1657144 ], [ -40.25847125, -18.16578899 ], [ -40.25835688, -18.16585265 ], [ -40.25819525, -18.1659464 ], [ -40.25803229, -18.16603804 ], [ -40.25794364, -18.16609 ], [ -40.25787811, -18.16612607 ], [ -40.25779712, -18.16617268 ], [ -40.25774804, -18.16619986 ], [ -40.25759478, -18.16628937 ], [ -40.25751321, -18.16633504 ], [ -40.25735954, -18.16642392 ], [ -40.25731057, -18.16645128 ], [ -40.2571485, -18.16654434 ], [ -40.25709132, -18.16657617 ], [ -40.25705914, -18.16659516 ], [ -40.25693724, -18.1666644 ], [ -40.25688104, -18.16669779 ], [ -40.25675162, -18.16677261 ], [ -40.25658066, -18.16686906 ], [ -40.25654043, -18.16689278 ], [ -40.25643419, -18.16695183 ], [ -40.25632913, -18.16701278 ], [ -40.25631269, -18.1670217 ], [ -40.25620789, -18.16708305 ], [ -40.25614237, -18.16711915 ], [ -40.25602891, -18.16718427 ], [ -40.25590614, -18.16725209 ], [ -40.25583382, -18.16729493 ], [ -40.25573521, -18.16735124 ] ] } },
{ "type": "Feature", "properties": { "Field": "000", "Length": 253.9204070991176, "Image": "/home/ubuntu/bemagro/data/image/Orthomosaico.tif", "Farm": "data" }, "geometry": { "type": "LineString", "coordinates": [ [ -40.25751563, -18.16577847 ], [ -40.25747608, -18.16580124 ], [ -40.25745125, -18.16581433 ], [ -40.25737144, -18.16586276 ], [ -40.25733833, -18.16588021 ], [ -40.2573059, -18.1658988 ], [ -40.25728933, -18.1659075 ], [ -40.25724109, -18.16593602 ], [ -40.25720183, -18.16596118 ], [ -40.25717721, -18.16597462 ], [ -40.25714519, -18.16599385 ], [ -40.25707182, -18.16603503 ], [ -40.25702345, -18.16606334 ], [ -40.25695795, -18.16609947 ], [ -40.25686955, -18.16615182 ], [ -40.25670653, -18.16624335 ], [ -40.25662595, -18.1662906 ], [ -40.2565688, -18.16632248 ], [ -40.25651218, -18.16635521 ], [ -40.2564059, -18.1664142 ], [ -40.25621963, -18.16652139 ], [ -40.25602578, -18.16663407 ], [ -40.25598479, -18.16665657 ], [ -40.25590375, -18.16670309 ], [ -40.25574854, -18.16678949 ], [ -40.25568354, -18.16682644 ], [ -40.25553867, -18.16691175 ], [ -40.25545924, -18.16696136 ] ] } },
{ "type": "Feature", "properties": { "Field": "000", "Length": 423.77185235426265, "Image": "/home/ubuntu/bemagro/data/image/Orthomosaico.tif", "Farm": "data" }, "geometry": { "type": "LineString", "coordinates": [ [ -40.25916414, -18.1653737 ], [ -40.2591485, -18.16538297 ], [ -40.25914036, -18.16538757 ], [ -40.25910752, -18.16540548 ], [ -40.25909939, -18.16541009 ], [ -40.2589704, -18.16548559 ], [ -40.25890531, -18.16552239 ], [ -40.25884881, -18.16555531 ], [ -40.25881605, -18.16557336 ], [ -40.25869424, -18.16564275 ], [ -40.25856543, -18.16571853 ], [ -40.25853266, -18.16573656 ], [ -40.25844382, -18.16578822 ], [ -40.25833763, -18.16584734 ], [ -40.2581922, -18.16593178 ], [ -40.25802125, -18.16602824 ], [ -40.25794862, -18.1660706 ], [ -40.25785069, -18.16612532 ], [ -40.25772072, -18.16619928 ], [ -40.25759963, -18.1662698 ], [ -40.25750205, -18.16632509 ], [ -40.25741325, -18.16637681 ], [ -40.2572993, -18.16644116 ], [ -40.2571456, -18.16652998 ], [ -40.25708845, -18.16656186 ], [ -40.25694228, -18.16664513 ], [ -40.25685383, -18.16669739 ], [ -40.25674854, -18.16675798 ], [ -40.25669137, -18.16678983 ], [ -40.25653744, -18.16687829 ], [ -40.25648005, -18.16690979 ], [ -40.25642312, -18.16694202 ], [ -40.25620481, -18.16706843 ], [ -40.25615567, -18.1670955 ], [ -40.25602587, -18.16716972 ], [ -40.2559196, -18.16722871 ], [ -40.25579834, -18.16729898 ], [ -40.25572634, -18.16733925 ] ] } },
{ "type": "Feature", "properties": { "Field": "000", "Length": 424.4266124696673, "Image": "/home/ubuntu/bemagro/data/image/Orthomosaico.tif", "Farm": "data" }, "geometry": { "type": "LineString", "coordinates": [ [ -40.25916038, -18.1653582 ], [ -40.25912907, -18.1653776 ], [ -40.25912105, -18.16538238 ], [ -40.25898327, -18.16546146 ], [ -40.25890983, -18.1655025 ], [ -40.25872324, -18.1656092 ], [ -40.25845684, -18.16576434 ], [ -40.2583506, -18.16582338 ], [ -40.2582208, -18.16589761 ], [ -40.25814826, -18.1659401 ], [ -40.25800987, -18.16601819 ], [ -40.25794531, -18.16605584 ], [ -40.2578881, -18.16608763 ], [ -40.25777475, -18.16615293 ], [ -40.25769318, -18.1661986 ], [ -40.25764486, -18.16622698 ], [ -40.25749075, -18.16631517 ], [ -40.25736151, -18.16639028 ], [ -40.25727167, -18.16644032 ], [ -40.25711801, -18.16652921 ], [ -40.25697963, -18.16660733 ], [ -40.25676157, -18.16673412 ], [ -40.256672, -18.16678461 ], [ -40.25662365, -18.16681296 ], [ -40.25650177, -18.16688222 ], [ -40.25646074, -18.16690466 ], [ -40.2564526, -18.16690926 ], [ -40.25633953, -18.166975 ], [ -40.25626635, -18.16701648 ], [ -40.25621805, -18.1670449 ], [ -40.25607971, -18.16712307 ], [ -40.25603852, -18.16714522 ], [ -40.25603035, -18.16714977 ], [ -40.25598981, -18.16717301 ], [ -40.25593252, -18.16720465 ], [ -40.25579509, -18.16728429 ], [ -40.25571803, -18.16732801 ] ] } },
{ "type": "Feature", "properties": { "Field": "000", "Length": 425.06477140762996, "Image": "/home/ubuntu/bemagro/data/image/Orthomosaico.tif", "Farm": "data" }, "geometry": { "type": "LineString", "coordinates": [ [ -40.25915673, -18.16534319 ], [ -40.25910143, -18.16537797 ], [ -40.25870332, -18.1656043 ], [ -40.2586472, -18.16563781 ], [ -40.25848533, -18.16573118 ], [ -40.25820884, -18.16588783 ], [ -40.25814437, -18.16592563 ], [ -40.25797385, -18.16602279 ], [ -40.25795791, -18.1660325 ], [ -40.25786802, -18.16608247 ], [ -40.25777126, -18.16613906 ], [ -40.25765704, -18.16620297 ], [ -40.25760873, -18.16623138 ], [ -40.25745468, -18.16631966 ], [ -40.25736603, -18.16637161 ], [ -40.25725158, -18.16643513 ], [ -40.25716294, -18.1664871 ], [ -40.2569679, -18.16659789 ], [ -40.25684688, -18.16666852 ], [ -40.25668447, -18.16676104 ], [ -40.25663615, -18.16678943 ], [ -40.25642478, -18.16690934 ], [ -40.25623842, -18.16701638 ], [ -40.25621443, -18.16703084 ], [ -40.25591252, -18.16719965 ], [ -40.25581522, -18.1672554 ], [ -40.25570986, -18.16731695 ] ] } },
{ "type": "Feature", "properties": { "Field": "000", "Length": 276.77138135971671, "Image": "/home/ubuntu/bemagro/data/image/Orthomosaico.tif", "Farm": "data" }, "geometry": { "type": "LineString", "coordinates": [ [ -40.25546429, -18.16697454 ], [ -40.25555176, -18.16691998 ], [ -40.25568893, -18.16683994 ], [ -40.2559653, -18.16668311 ], [ -40.25603086, -18.16664708 ], [ -40.25613609, -18.16658639 ], [ -40.25618419, -18.16655766 ], [ -40.25635478, -18.16646062 ], [ -40.25645981, -18.16639962 ], [ -40.25655001, -18.16635016 ], [ -40.25661495, -18.16631312 ], [ -40.25670358, -18.16626113 ], [ -40.25678547, -18.166216 ], [ -40.25699503, -18.16609498 ], [ -40.25706918, -18.16605328 ], [ -40.2570932, -18.16603887 ], [ -40.25715815, -18.16600185 ], [ -40.25720628, -18.16597316 ], [ -40.25726312, -18.16594078 ], [ -40.25731102, -18.16591173 ], [ -40.25740893, -18.16585698 ], [ -40.25744821, -18.16583352 ], [ -40.25745431, -18.1658289 ], [ -40.25745783, -18.16582664 ], [ -40.25747324, -18.16581925 ], [ -40.25748062, -18.1658152 ], [ -40.2575386, -18.16578289 ], [ -40.25757083, -18.16576398 ], [ -40.25759607, -18.16575162 ], [ -40.2576117, -18.16574145 ], [ -40.25762842, -18.16573303 ], [ -40.25763652, -18.16572838 ], [ -40.25765268, -18.16571898 ], [ -40.25770583, -18.16568561 ] ] } },
{ "type": "Feature", "properties": { "Field": "000", "Length": 425.71855776347235, "Image": "/home/ubuntu/bemagro/data/image/Orthomosaico.tif", "Farm": "data" }, "geometry": { "type": "LineString", "coordinates": [ [ -40.25570076, -18.16730465 ], [ -40.25576487, -18.16726717 ], [ -40.25599262, -18.16713825 ], [ -40.25605812, -18.1671021 ], [ -40.2561474, -18.16705116 ], [ -40.25621297, -18.16701514 ], [ -40.25640725, -18.16690313 ], [ -40.25642373, -18.16689427 ], [ -40.25643185, -18.16688966 ], [ -40.25666702, -18.16675497 ], [ -40.25682045, -18.16666572 ], [ -40.25715325, -18.16647583 ], [ -40.25729072, -18.16639628 ], [ -40.25740502, -18.1663325 ], [ -40.25763128, -18.1662012 ], [ -40.25773725, -18.16614172 ], [ -40.2578424, -18.16608092 ], [ -40.25792393, -18.16603518 ], [ -40.25804519, -18.16596492 ], [ -40.25814275, -18.1659096 ], [ -40.25819107, -18.16588122 ], [ -40.25827248, -18.16583528 ], [ -40.25844263, -18.16573752 ], [ -40.25846722, -18.16572403 ], [ -40.25858029, -18.16565828 ], [ -40.25864528, -18.16562132 ], [ -40.2586854, -18.16559743 ], [ -40.25873453, -18.16557034 ], [ -40.25885604, -18.16550047 ], [ -40.25902697, -18.16540399 ], [ -40.25910754, -18.16535672 ], [ -40.25915304, -18.16532797 ] ] } },
{ "type": "Feature", "properties": { "Field": "000", "Length": 426.31911754032035, "Image": "/home/ubuntu/bemagro/data/image/Orthomosaico.tif", "Farm": "data" }, "geometry": { "type": "LineString", "coordinates": [ [ -40.25569211, -18.16729295 ], [ -40.2557409, -18.16726443 ], [ -40.2559038, -18.1671727 ], [ -40.25596045, -18.16714001 ], [ -40.25598519, -18.16712676 ], [ -40.25613154, -18.16704378 ], [ -40.25622156, -18.16699403 ], [ -40.25637523, -18.16690514 ], [ -40.25644045, -18.16686855 ], [ -40.25657797, -18.16678907 ], [ -40.25665932, -18.16674304 ], [ -40.25678849, -18.16666782 ], [ -40.25687, -18.16662207 ], [ -40.2570073, -18.16654224 ], [ -40.25714553, -18.16646389 ], [ -40.25719462, -18.16643495 ], [ -40.25732374, -18.16636141 ], [ -40.25741364, -18.16631146 ], [ -40.25760728, -18.16619846 ], [ -40.25772954, -18.16612979 ], [ -40.2577782, -18.16610195 ], [ -40.25781019, -18.16608267 ], [ -40.25793232, -18.16601381 ], [ -40.25807788, -18.16592957 ], [ -40.25821574, -18.16585062 ], [ -40.25823304, -18.16584132 ], [ -40.25869405, -18.16557644 ], [ -40.25873506, -18.16555397 ], [ -40.25881579, -18.16550696 ], [ -40.25901114, -18.16539668 ], [ -40.25906778, -18.16536397 ], [ -40.25913949, -18.16532022 ], [ -40.25914968, -18.16531415 ] ] } },
{ "type": "Feature", "properties": { "Field": "000", "Length": 427.00250841385974, "Image": "/home/ubuntu/bemagro/data/image/Orthomosaico.tif", "Farm": "data" }, "geometry": { "type": "LineString", "coordinates": [ [ -40.25914582, -18.16529827 ], [ -40.25912995, -18.16530772 ], [ -40.25909873, -18.16532811 ], [ -40.25904279, -18.1653619 ], [ -40.25879039, -18.16550424 ], [ -40.25861273, -18.16560757 ], [ -40.25847418, -18.1656854 ], [ -40.25823944, -18.16582075 ], [ -40.25818231, -18.16585268 ], [ -40.25805292, -18.16592755 ], [ -40.25801289, -18.16595158 ], [ -40.25793944, -18.16599261 ], [ -40.25781757, -18.16606189 ], [ -40.25774499, -18.16610434 ], [ -40.25767145, -18.16614523 ], [ -40.25757406, -18.16620082 ], [ -40.2574375, -18.1662818 ], [ -40.25735614, -18.16632782 ], [ -40.25731504, -18.16635013 ], [ -40.25712866, -18.16645715 ], [ -40.25695784, -18.16655382 ], [ -40.25686145, -18.16661101 ], [ -40.25675549, -18.16667049 ], [ -40.25663425, -18.1667408 ], [ -40.25656098, -18.16678213 ], [ -40.25651285, -18.16681081 ], [ -40.25635041, -18.16690329 ], [ -40.2562129, -18.16698279 ], [ -40.25593522, -18.1671375 ], [ -40.25591117, -18.16715186 ], [ -40.25573198, -18.16725277 ], [ -40.25568335, -18.1672811 ] ] } },
{ "type": "Feature", "properties": { "Field": "000", "Length": 427.62144948707032, "Image": "/home/ubuntu/bemagro/data/image/Orthomosaico.tif", "Farm": "data" }, "geometry": { "type": "LineString", "coordinates": [ [ -40.2591423, -18.16528381 ], [ -40.25907155, -18.16532809 ], [ -40.25903147, -18.16535204 ], [ -40.25885212, -18.16545267 ], [ -40.25877097, -18.16549903 ], [ -40.25860133, -18.16559757 ], [ -40.25854446, -18.16562992 ], [ -40.25847898, -18.16566608 ], [ -40.25843874, -18.16568979 ], [ -40.25830065, -18.16576835 ], [ -40.25822811, -18.16581085 ], [ -40.25815485, -18.1658522 ], [ -40.25798535, -18.16595097 ], [ -40.25780632, -18.16605214 ], [ -40.25771743, -18.16610371 ], [ -40.25761954, -18.1661585 ], [ -40.25753868, -18.1662053 ], [ -40.25743422, -18.16626719 ], [ -40.25730364, -18.16634015 ], [ -40.25716593, -18.16641932 ], [ -40.25706004, -18.16647895 ], [ -40.25693028, -18.16655322 ], [ -40.25683399, -18.16661055 ], [ -40.25673609, -18.16666533 ], [ -40.25665536, -18.16671232 ], [ -40.2565658, -18.16676284 ], [ -40.25655769, -18.16676749 ], [ -40.25649336, -18.16680549 ], [ -40.25631483, -18.16690744 ], [ -40.25620976, -18.16696837 ], [ -40.2559565, -18.1671093 ], [ -40.25567482, -18.16726957 ] ] } },
{ "type": "Feature", "properties": { "Field": "000", "Length": 303.06575605718797, "Image": "/home/ubuntu/bemagro/data/image/Orthomosaico.tif", "Farm": "data" }, "geometry": { "type": "LineString", "coordinates": [ [ -40.25547077, -18.16698684 ], [ -40.25555025, -18.16693738 ], [ -40.2556469, -18.1668806 ], [ -40.25572825, -18.16683459 ], [ -40.25580089, -18.16679224 ], [ -40.25589894, -18.16673771 ], [ -40.25595549, -18.16670486 ], [ -40.25602933, -18.16666447 ], [ -40.25617451, -18.16657963 ], [ -40.25636115, -18.16647302 ], [ -40.25648244, -18.16640281 ], [ -40.25655648, -18.16636274 ], [ -40.25663745, -18.16631612 ], [ -40.25670178, -18.1662781 ], [ -40.25677551, -18.16623753 ], [ -40.25682382, -18.16620912 ], [ -40.2570997, -18.16605149 ], [ -40.25712362, -18.16603694 ], [ -40.25719668, -18.16599525 ], [ -40.25723674, -18.16597128 ], [ -40.25735816, -18.16590127 ], [ -40.25752891, -18.16580448 ], [ -40.25757798, -18.16577729 ], [ -40.25761112, -18.16575988 ], [ -40.25766783, -18.16572729 ], [ -40.25768333, -18.16571695 ], [ -40.25769151, -18.16571241 ], [ -40.25770736, -18.16570256 ], [ -40.2577154, -18.1656978 ], [ -40.25774791, -18.16567936 ], [ -40.25775597, -18.16567463 ], [ -40.25781187, -18.16564079 ], [ -40.25787698, -18.16560401 ], [ -40.25791819, -18.16558189 ], [ -40.25792643, -18.16557686 ] ] } },
{ "type": "Feature", "properties": { "Field": "000", "Length": 428.26041177920354, "Image": "/home/ubuntu/bemagro/data/image/Orthomosaico.tif", "Farm": "data" }, "geometry": { "type": "LineString", "coordinates": [ [ -40.25913867, -18.16526885 ], [ -40.25911332, -18.16528551 ], [ -40.25903369, -18.16533422 ], [ -40.25884613, -18.16543933 ], [ -40.25868454, -18.16553315 ], [ -40.25839183, -18.16569909 ], [ -40.25829484, -18.16575532 ], [ -40.25823065, -18.16579353 ], [ -40.25812498, -18.16585351 ], [ -40.25798781, -18.16593354 ], [ -40.25783363, -18.1660216 ], [ -40.25778457, -18.16604882 ], [ -40.2577362, -18.16607713 ], [ -40.25760581, -18.1661504 ], [ -40.2574606, -18.16623519 ], [ -40.25734678, -18.16629974 ], [ -40.25730571, -18.1663221 ], [ -40.25707022, -18.16645626 ], [ -40.25690855, -18.16654996 ], [ -40.25683646, -18.16659314 ], [ -40.25673051, -18.16665266 ], [ -40.25664148, -18.16670401 ], [ -40.25654383, -18.1667592 ], [ -40.25648747, -18.16679234 ], [ -40.25638985, -18.16684758 ], [ -40.25626881, -18.16691818 ], [ -40.25615463, -18.16698216 ], [ -40.2560735, -18.16702853 ], [ -40.25595864, -18.16709137 ], [ -40.25566643, -18.16725822 ] ] } },
{ "type": "Feature", "properties": { "Field": "000", "Length": 428.86508330812677, "Image": "/home/ubuntu/bemagro/data/image/Orthomosaico.tif", "Farm": "data" }, "geometry": { "type": "LineString", "coordinates": [ [ -40.25913525, -18.16525477 ], [ -40.25910421, -18.16527456 ], [ -40.25901623, -18.16532753 ], [ -40.25893493, -18.16537364 ], [ -40.25886127, -18.16541433 ], [ -40.25872411, -18.16549439 ], [ -40.25864303, -18.16554085 ], [ -40.25850444, -18.16561861 ], [ -40.25843162, -18.16566066 ], [ -40.25839074, -18.16568333 ], [ -40.25830187, -18.16573494 ], [ -40.25822153, -18.16578257 ], [ -40.25809156, -18.16585651 ], [ -40.25795449, -18.1659367 ], [ -40.25781655, -18.16601552 ], [ -40.25772689, -18.16606587 ], [ -40.25771094, -18.16607556 ], [ -40.25758065, -18.166149 ], [ -40.25746769, -18.16621492 ], [ -40.25735383, -18.1662794 ], [ -40.25728025, -18.16632023 ], [ -40.25716679, -18.16638535 ], [ -40.25706897, -18.16644026 ], [ -40.2569076, -18.16653442 ], [ -40.25682745, -18.16658233 ], [ -40.25661576, -18.16670172 ], [ -40.25647829, -18.16678128 ], [ -40.2563969, -18.16682723 ], [ -40.25626782, -18.16690259 ], [ -40.25616175, -18.16696193 ], [ -40.25608081, -18.1670086 ], [ -40.25593311, -18.16708936 ], [ -40.25586037, -18.16713155 ], [ -40.25579522, -18.16716825 ], [ -40.25574694, -18.1671967 ], [ -40.25565818, -18.16724706 ] ] } },
{ "type": "Feature", "properties": { "Field": "000", "Length": 429.49174720712546, "Image": "/home/ubuntu/bemagro/data/image/Orthomosaico.tif", "Farm": "data" }, "geometry": { "type": "LineString", "coordinates": [ [ -40.25913166, -18.16523999 ], [ -40.25904481, -18.16529377 ], [ -40.25903679, -18.16529856 ], [ -40.25894763, -18.1653497 ], [ -40.25881708, -18.16542272 ], [ -40.25880899, -18.16542738 ], [ -40.25872078, -18.16548002 ], [ -40.25864792, -18.16552201 ], [ -40.25849333, -18.16560942 ], [ -40.25837903, -18.16567318 ], [ -40.25837092, -18.16567783 ], [ -40.25831474, -18.16571125 ], [ -40.25826587, -18.16573877 ], [ -40.25816117, -18.16580027 ], [ -40.25806394, -18.16585613 ], [ -40.25797555, -18.16590847 ], [ -40.25786986, -18.16596841 ], [ -40.25776463, -18.16602909 ], [ -40.25765056, -18.16609324 ], [ -40.2574806, -18.16619129 ], [ -40.25740701, -18.1662321 ], [ -40.25735857, -18.1662603 ], [ -40.25726082, -18.16631533 ], [ -40.25719609, -18.16635271 ], [ -40.25704922, -18.16643484 ], [ -40.25704112, -18.16643949 ], [ -40.25680796, -18.16657732 ], [ -40.25679986, -18.16658198 ], [ -40.25663669, -18.16667327 ], [ -40.25653173, -18.16673437 ], [ -40.25636947, -18.16682713 ], [ -40.25625656, -18.16689312 ], [ -40.25615049, -18.16695245 ], [ -40.25605306, -18.16700798 ], [ -40.25593802, -18.16707052 ], [ -40.25592987, -18.1670751 ], [ -40.25584912, -18.16712209 ], [ -40.25576776, -18.16716809 ], [ -40.2556953, -18.16721071 ], [ -40.25565027, -18.16723636 ] ] } },
{ "type": "Feature", "properties": { "Field": "000", "Length": 430.08004821569682, "Image": "/home/ubuntu/bemagro/data/image/Orthomosaico.tif", "Farm": "data" }, "geometry": { "type": "LineString", "coordinates": [ [ -40.25912834, -18.16522631 ], [ -40.25906454, -18.16526563 ], [ -40.25895139, -18.16533125 ], [ -40.25881275, -18.16540894 ], [ -40.25869217, -18.16548025 ], [ -40.25862742, -18.16551761 ], [ -40.25838288, -18.16565488 ], [ -40.25830222, -18.16570201 ], [ -40.25824523, -18.16573415 ], [ -40.25814067, -18.16579588 ], [ -40.25804338, -18.16585164 ], [ -40.25795505, -18.16590409 ], [ -40.25747623, -18.16617748 ], [ -40.25741076, -18.16621366 ], [ -40.25723269, -18.16631635 ], [ -40.25705309, -18.16641658 ], [ -40.25698897, -18.16645492 ], [ -40.25685976, -18.16653008 ], [ -40.25679555, -18.16656826 ], [ -40.25660798, -18.16667337 ], [ -40.25622785, -18.16689324 ], [ -40.25606512, -18.16698523 ], [ -40.2559175, -18.16706613 ], [ -40.25586123, -18.16709941 ], [ -40.25578779, -18.16714048 ], [ -40.25567496, -18.1672066 ], [ -40.25564188, -18.16722502 ] ] } },
{ "type": "Feature", "properties": { "Field": "000", "Length": 430.67297165183322, "Image": "/home/ubuntu/bemagro/data/image/Orthomosaico.tif", "Farm": "data" }, "geometry": { "type": "LineString", "coordinates": [ [ -40.25912499, -18.16521253 ], [ -40.25906945, -18.16524603 ], [ -40.2589484, -18.16531662 ], [ -40.25885104, -18.16537226 ], [ -40.25881006, -18.16539478 ], [ -40.25871343, -18.16545158 ], [ -40.25860804, -18.165512 ], [ -40.25846973, -18.16559021 ], [ -40.2584124, -18.16562179 ], [ -40.25821796, -18.16573354 ], [ -40.25810548, -18.1658002 ], [ -40.25801622, -18.16585119 ], [ -40.25800814, -18.16585589 ], [ -40.25796008, -18.16588468 ], [ -40.25783862, -18.16595462 ], [ -40.25770035, -18.1660329 ], [ -40.25761143, -18.16608443 ], [ -40.25752992, -18.16613019 ], [ -40.25721364, -18.16631128 ], [ -40.25705086, -18.16640319 ], [ -40.25676815, -18.1665675 ], [ -40.25658074, -18.16667287 ], [ -40.25647528, -18.16673318 ], [ -40.25637821, -18.16678929 ], [ -40.25632198, -18.16682263 ], [ -40.25618433, -18.16690191 ], [ -40.2560458, -18.16697978 ], [ -40.25591459, -18.1670517 ], [ -40.25584195, -18.16709402 ], [ -40.25583383, -18.16709867 ], [ -40.25579293, -18.1671213 ], [ -40.25566364, -18.16719633 ], [ -40.25563321, -18.16721329 ] ] } },
{ "type": "Feature", "properties": { "Field": "000", "Length": 334.50654975791281, "Image": "/home/ubuntu/bemagro/data/image/Orthomosaico.tif", "Farm": "data" }, "geometry": { "type": "LineString", "coordinates": [ [ -40.25818799, -18.16544171 ], [ -40.25812693, -18.1654758 ], [ -40.25809555, -18.16549597 ], [ -40.25803814, -18.16552742 ], [ -40.25797324, -18.16556453 ], [ -40.25792546, -18.16559374 ], [ -40.25788424, -18.16561586 ], [ -40.25782735, -18.16564817 ], [ -40.25777954, -18.16567733 ], [ -40.25773084, -18.16570513 ], [ -40.25763456, -18.16576247 ], [ -40.25758521, -18.1657892 ], [ -40.257504, -18.16583544 ], [ -40.25747107, -18.16585321 ], [ -40.25741452, -18.16588605 ], [ -40.25734114, -18.16592722 ], [ -40.2571961, -18.16601227 ], [ -40.25700927, -18.16611857 ], [ -40.25692052, -18.16617036 ], [ -40.25685525, -18.16620688 ], [ -40.25679074, -18.1662446 ], [ -40.25671746, -18.16628593 ], [ -40.25657998, -18.16636546 ], [ -40.25646571, -18.16642929 ], [ -40.25637664, -18.16648058 ], [ -40.25631137, -18.1665171 ], [ -40.25623031, -18.16656359 ], [ -40.25605282, -18.16666718 ], [ -40.25603629, -18.16667597 ], [ -40.25599599, -18.16669958 ], [ -40.25590644, -18.1667501 ], [ -40.25583282, -18.16679085 ], [ -40.25567868, -18.16687899 ], [ -40.25554967, -18.16695446 ], [ -40.255478, -18.16699872 ] ] } },
{ "type": "Feature", "properties": { "Field": "000", "Length": 431.2874278878848, "Image": "/home/ubuntu/bemagro/data/image/Orthomosaico.tif", "Farm": "data" }, "geometry": { "type": "LineString", "coordinates": [ [ -40.25912151, -18.16519823 ], [ -40.25909814, -18.16521272 ], [ -40.25904994, -18.1652413 ], [ -40.25900914, -18.1652641 ], [ -40.25894483, -18.16530214 ], [ -40.2588636, -18.16534836 ], [ -40.25870197, -18.16544212 ], [ -40.2585961, -18.16550176 ], [ -40.25853138, -18.16553915 ], [ -40.25839268, -18.16561674 ], [ -40.25819007, -18.16573303 ], [ -40.25810193, -18.16578578 ], [ -40.25803687, -18.16582263 ], [ -40.25795656, -18.16587029 ], [ -40.25784331, -18.16593575 ], [ -40.25764816, -18.16604635 ], [ -40.25734847, -18.16621875 ], [ -40.2571205, -18.1663473 ], [ -40.25696661, -18.16643583 ], [ -40.25693453, -18.16645497 ], [ -40.25677276, -18.1665485 ], [ -40.25654469, -18.16667691 ], [ -40.25619695, -18.16687812 ], [ -40.2560341, -18.16696992 ], [ -40.25591929, -18.16703286 ], [ -40.25562465, -18.16720171 ] ] } },
{ "type": "Feature", "properties": { "Field": "000", "Length": 431.96725547140932, "Image": "/home/ubuntu/bemagro/data/image/Orthomosaico.tif", "Farm": "data" }, "geometry": { "type": "LineString", "coordinates": [ [ -40.25911704, -18.16518138 ], [ -40.25903017, -18.16523526 ], [ -40.25897331, -18.16526761 ], [ -40.25890101, -18.16531047 ], [ -40.25882785, -18.16535199 ], [ -40.25860955, -18.16547841 ], [ -40.25851199, -18.16553373 ], [ -40.25838927, -18.16560163 ], [ -40.2582762, -18.16566738 ], [ -40.25820287, -18.16570862 ], [ -40.25815443, -18.16573682 ], [ -40.25810675, -18.16576618 ], [ -40.25800932, -18.16582171 ], [ -40.2579051, -18.16588397 ], [ -40.25782398, -18.16593036 ], [ -40.2577504, -18.16597119 ], [ -40.25754707, -18.16608633 ], [ -40.25728042, -18.16624108 ], [ -40.25719903, -18.16628704 ], [ -40.25713348, -18.16632309 ], [ -40.25676171, -18.16653871 ], [ -40.25665534, -18.16659754 ], [ -40.25643616, -18.16672256 ], [ -40.25631538, -18.16679357 ], [ -40.25621822, -18.16684955 ], [ -40.25603112, -18.16695541 ], [ -40.25590822, -18.16702302 ], [ -40.2557867, -18.16709286 ], [ -40.2557052, -18.16713865 ], [ -40.25561625, -18.16719035 ] ] } },
{ "type": "Feature", "properties": { "Field": "000", "Length": 432.54237547573831, "Image": "/home/ubuntu/bemagro/data/image/Orthomosaico.tif", "Farm": "data" }, "geometry": { "type": "LineString", "coordinates": [ [ -40.25911301, -18.16516689 ], [ -40.25905012, -18.16520617 ], [ -40.25891339, -18.1652869 ], [ -40.2588241, -18.16533783 ], [ -40.25876779, -18.16537105 ], [ -40.25873519, -18.16538936 ], [ -40.25862215, -18.16545516 ], [ -40.25854058, -18.16550082 ], [ -40.25850835, -18.16551973 ], [ -40.25837745, -18.16559215 ], [ -40.2582643, -18.16565777 ], [ -40.25818289, -18.1657037 ], [ -40.25808671, -18.16576119 ], [ -40.25807865, -18.16576592 ], [ -40.25800549, -18.16580742 ], [ -40.25787708, -18.16588382 ], [ -40.25782851, -18.16591182 ], [ -40.25772221, -18.16597077 ], [ -40.25760822, -18.16603504 ], [ -40.25729295, -18.16621772 ], [ -40.25710531, -18.1663227 ], [ -40.25701621, -18.16637396 ], [ -40.25676606, -18.16651988 ], [ -40.25675796, -18.16652452 ], [ -40.25661077, -18.16660614 ], [ -40.25640816, -18.16672243 ], [ -40.25630363, -18.16678421 ], [ -40.25618217, -18.16685414 ], [ -40.25601933, -18.16694597 ], [ -40.25591286, -18.16700463 ], [ -40.255775, -18.16708357 ], [ -40.25567723, -18.16713856 ], [ -40.25560785, -18.16717899 ] ] } },
{ "type": "Feature", "properties": { "Field": "000", "Length": 433.04524541552252, "Image": "/home/ubuntu/bemagro/data/image/Orthomosaico.tif", "Farm": "data" }, "geometry": { "type": "LineString", "coordinates": [ [ -40.25910952, -18.16515437 ], [ -40.25906958, -18.16517894 ], [ -40.25902087, -18.16520672 ], [ -40.2589326, -18.16525927 ], [ -40.25875441, -18.16536177 ], [ -40.25868213, -18.16540466 ], [ -40.25847889, -18.16551995 ], [ -40.25836439, -18.16558339 ], [ -40.25826738, -18.16563959 ], [ -40.25820213, -18.16567613 ], [ -40.25808175, -18.16574776 ], [ -40.25799254, -18.16579883 ], [ -40.25782341, -18.16589818 ], [ -40.25770919, -18.16596208 ], [ -40.25769255, -18.16597067 ], [ -40.2576032, -18.16602151 ], [ -40.25727986, -18.16620891 ], [ -40.25709195, -18.16631344 ], [ -40.25675299, -18.16651107 ], [ -40.25663843, -18.16657442 ], [ -40.25651652, -18.16664364 ], [ -40.25618549, -18.16683634 ], [ -40.255941, -18.16697369 ], [ -40.25585096, -18.16702342 ], [ -40.25577016, -18.16707032 ], [ -40.25568051, -18.16712069 ], [ -40.25559985, -18.16716817 ] ] } },
{ "type": "Feature", "properties": { "Field": "000", "Length": 433.59396397457863, "Image": "/home/ubuntu/bemagro/data/image/Orthomosaico.tif", "Farm": "data" }, "geometry": { "type": "LineString", "coordinates": [ [ -40.25559165, -18.16715708 ], [ -40.25567256, -18.16710948 ], [ -40.2557622, -18.16705911 ], [ -40.25586712, -18.16699794 ], [ -40.25593282, -18.16696213 ], [ -40.25617727, -18.16682471 ], [ -40.25626648, -18.16677363 ], [ -40.25639531, -18.16669788 ], [ -40.25647652, -18.16665163 ], [ -40.2565329, -18.16661853 ], [ -40.25664656, -18.16655371 ], [ -40.2567529, -18.16649484 ], [ -40.25679293, -18.16647082 ], [ -40.25685781, -18.16643367 ], [ -40.25705122, -18.16632031 ], [ -40.25711627, -18.16628343 ], [ -40.25727158, -18.16619719 ], [ -40.2576032, -18.16600544 ], [ -40.25780685, -18.16589081 ], [ -40.25800047, -18.16577778 ], [ -40.25806544, -18.16574078 ], [ -40.25817794, -18.16567416 ], [ -40.25832377, -18.16559034 ], [ -40.25848716, -18.16549941 ], [ -40.25867422, -18.16539348 ], [ -40.25877882, -18.16533182 ], [ -40.25891646, -18.16525253 ], [ -40.25897264, -18.16521911 ], [ -40.25904543, -18.16517702 ], [ -40.25910061, -18.16514376 ], [ -40.25910566, -18.16514052 ] ] } },
{ "type": "Feature", "properties": { "Field": "000", "Length": 434.2088398923371, "Image": "/home/ubuntu/bemagro/data/image/Orthomosaico.tif", "Farm": "data" }, "geometry": { "type": "LineString", "coordinates": [ [ -40.25910134, -18.16512498 ], [ -40.25907826, -18.1651399 ], [ -40.25904641, -18.16515938 ], [ -40.2589819, -18.16519711 ], [ -40.25895003, -18.16521656 ], [ -40.2589097, -18.16524012 ], [ -40.25886073, -18.16526748 ], [ -40.25874825, -18.16533413 ], [ -40.25869162, -18.16536685 ], [ -40.25856934, -18.16543549 ], [ -40.25846411, -18.16549616 ], [ -40.25824378, -18.1656193 ], [ -40.25815478, -18.16567072 ], [ -40.25804237, -18.16573749 ], [ -40.25799359, -18.16576514 ], [ -40.25788052, -18.16583089 ], [ -40.2576617, -18.16595647 ], [ -40.25757203, -18.16600681 ], [ -40.25751564, -18.1660399 ], [ -40.25738572, -18.16611393 ], [ -40.25726457, -18.16618436 ], [ -40.25717496, -18.16623479 ], [ -40.25712567, -18.16626162 ], [ -40.25702003, -18.16632164 ], [ -40.2569397, -18.16636926 ], [ -40.25675387, -18.16647716 ], [ -40.2566881, -18.16651284 ], [ -40.25661506, -18.16655455 ], [ -40.2564617, -18.16664391 ], [ -40.25637245, -18.16669491 ], [ -40.25629201, -18.16674238 ], [ -40.25615435, -18.16682165 ], [ -40.25601588, -18.16689962 ], [ -40.25599933, -18.16690835 ], [ -40.25599118, -18.16691292 ], [ -40.25590998, -18.1669592 ], [ -40.25586893, -18.16698158 ], [ -40.25586078, -18.16698617 ], [ -40.25579579, -18.16702314 ], [ -40.25575557, -18.16704687 ], [ -40.2556741, -18.1670927 ], [ -40.2555831, -18.16714551 ] ] } },
{ "type": "Feature", "properties": { "Field": "000", "Length": 434.66879603289271, "Image": "/home/ubuntu/bemagro/data/image/Orthomosaico.tif", "Farm": "data" }, "geometry": { "type": "LineString", "coordinates": [ [ -40.25909726, -18.16511235 ], [ -40.25906559, -18.16513123 ], [ -40.25904195, -18.1651462 ], [ -40.25896146, -18.16519358 ], [ -40.25881569, -18.16527748 ], [ -40.25874356, -18.16532061 ], [ -40.25867889, -18.16535808 ], [ -40.25856467, -18.16542199 ], [ -40.25843518, -18.1654967 ], [ -40.25841044, -18.16550994 ], [ -40.25824717, -18.16560106 ], [ -40.2581988, -18.16562938 ], [ -40.25815808, -18.16565233 ], [ -40.25802965, -18.16572869 ], [ -40.25796448, -18.16576535 ], [ -40.25786768, -18.1658219 ], [ -40.25774579, -18.16589115 ], [ -40.25765685, -18.16594265 ], [ -40.25759963, -18.16597441 ], [ -40.25744615, -18.1660636 ], [ -40.25739724, -18.16609104 ], [ -40.25726783, -18.16616589 ], [ -40.25716207, -18.16622571 ], [ -40.25708834, -18.16626629 ], [ -40.25675719, -18.1664588 ], [ -40.25674907, -18.16646343 ], [ -40.25666707, -18.16650839 ], [ -40.25665892, -18.16651297 ], [ -40.25662674, -18.16653194 ], [ -40.25657787, -18.16655946 ], [ -40.25643277, -18.16664441 ], [ -40.2563759, -18.16667676 ], [ -40.25631964, -18.16671005 ], [ -40.25624658, -18.16675173 ], [ -40.25614176, -18.16681306 ], [ -40.2560195, -18.16688171 ], [ -40.25597021, -18.16690853 ], [ -40.25588108, -18.16695974 ], [ -40.25577522, -18.16701939 ], [ -40.25573487, -18.16704292 ], [ -40.25567775, -18.16707486 ], [ -40.25557492, -18.16713444 ] ] } },
{ "type": "Feature", "properties": { "Field": "000", "Length": 381.72221029372565, "Image": "/home/ubuntu/bemagro/data/image/Orthomosaico.tif", "Farm": "data" }, "geometry": { "type": "LineString", "coordinates": [ [ -40.25857842, -18.16523486 ], [ -40.25853235, -18.16526236 ], [ -40.25848303, -18.16528913 ], [ -40.258435, -18.16531797 ], [ -40.25842667, -18.16532224 ], [ -40.25841113, -18.16533253 ], [ -40.25835386, -18.16536421 ], [ -40.25832188, -18.1653835 ], [ -40.25830507, -18.16539178 ], [ -40.2582486, -18.16542474 ], [ -40.2582076, -18.16544723 ], [ -40.25815904, -18.16547524 ], [ -40.2581261, -18.165493 ], [ -40.25806156, -18.16553066 ], [ -40.25797213, -18.16558139 ], [ -40.25793216, -18.1656055 ], [ -40.25789108, -18.16562785 ], [ -40.25780254, -18.16567997 ], [ -40.25774577, -18.16571247 ], [ -40.25764952, -18.16576986 ], [ -40.25757585, -18.16581053 ], [ -40.25754356, -18.16582934 ], [ -40.2573561, -18.16593463 ], [ -40.25725145, -18.16599621 ], [ -40.25714588, -18.16605634 ], [ -40.25709755, -18.16608472 ], [ -40.25701603, -18.16613046 ], [ -40.25691924, -18.16618702 ], [ -40.25673252, -18.16629349 ], [ -40.25664379, -18.16634532 ], [ -40.25630206, -18.16653853 ], [ -40.2560191, -18.16670245 ], [ -40.2558642, -18.16678936 ], [ -40.25568563, -18.16689126 ], [ -40.25555633, -18.16696626 ], [ -40.25548496, -18.16701015 ] ] } },
{ "type": "Feature", "properties": { "Field": "000", "Length": 434.32800233151363, "Image": "/home/ubuntu/bemagro/data/image/Orthomosaico.tif", "Farm": "data" }, "geometry": { "type": "LineString", "coordinates": [ [ -40.25908627, -18.16510267 ], [ -40.25901468, -18.16514574 ], [ -40.25858637, -18.16539421 ], [ -40.25843991, -18.16547701 ], [ -40.25825219, -18.16558186 ], [ -40.25820389, -18.16561029 ], [ -40.25816304, -18.16563301 ], [ -40.25809058, -18.16567563 ], [ -40.25804993, -18.16569869 ], [ -40.25795357, -18.1657559 ], [ -40.25779965, -18.16584439 ], [ -40.25772617, -18.16588537 ], [ -40.25763724, -18.16593689 ], [ -40.25758009, -18.16596877 ], [ -40.25742688, -18.16605837 ], [ -40.25736991, -18.16609055 ], [ -40.25728108, -18.16614223 ], [ -40.25708527, -18.16625175 ], [ -40.2569719, -18.16631703 ], [ -40.25688348, -18.16636934 ], [ -40.2567865, -18.16642559 ], [ -40.25666402, -18.16649389 ], [ -40.25648556, -18.16659596 ], [ -40.25640513, -18.16664344 ], [ -40.25623515, -18.16674147 ], [ -40.25613032, -18.16680278 ], [ -40.25598384, -18.16688554 ], [ -40.25593468, -18.16691258 ], [ -40.25585371, -18.16695921 ], [ -40.25568282, -18.16705578 ], [ -40.25556669, -18.16712332 ] ] } },
{ "type": "Feature", "properties": { "Field": "000", "Length": 433.99731356103416, "Image": "/home/ubuntu/bemagro/data/image/Orthomosaico.tif", "Farm": "data" }, "geometry": { "type": "LineString", "coordinates": [ [ -40.25907529, -18.165093 ], [ -40.25898735, -18.16514568 ], [ -40.25889825, -18.16519691 ], [ -40.25879363, -18.16525854 ], [ -40.25872856, -18.16529539 ], [ -40.25857503, -18.16538448 ], [ -40.25843678, -18.1654628 ], [ -40.2583631, -18.16550345 ], [ -40.25828204, -18.16554994 ], [ -40.25822488, -18.16558181 ], [ -40.25819269, -18.16560078 ], [ -40.25815166, -18.16562322 ], [ -40.25785333, -18.16579774 ], [ -40.25769027, -18.1658892 ], [ -40.2576501, -18.16591302 ], [ -40.25757687, -18.1659544 ], [ -40.25741552, -18.1660486 ], [ -40.2572859, -18.16612311 ], [ -40.25712263, -18.16621424 ], [ -40.25700888, -18.1662789 ], [ -40.25686418, -18.16636448 ], [ -40.25675085, -18.16642982 ], [ -40.25666079, -18.1664795 ], [ -40.25653935, -18.16654948 ], [ -40.25649042, -18.16657689 ], [ -40.25639376, -18.16663366 ], [ -40.25623992, -18.16672227 ], [ -40.25613524, -18.1667838 ], [ -40.25602138, -18.16684828 ], [ -40.25591517, -18.16690738 ], [ -40.25583431, -18.16695418 ], [ -40.2557121, -18.16702293 ], [ -40.25555844, -18.16711215 ] ] } },
{ "type": "Feature", "properties": { "Field": "000", "Length": 433.62694735336004, "Image": "/home/ubuntu/bemagro/data/image/Orthomosaico.tif", "Farm": "data" }, "geometry": { "type": "LineString", "coordinates": [ [ -40.25906329, -18.16508243 ], [ -40.25895159, -18.16514941 ], [ -40.25888689, -18.16518683 ], [ -40.25879849, -18.16523918 ], [ -40.25868487, -18.16530405 ], [ -40.25854769, -18.16538406 ], [ -40.25842611, -18.16545381 ], [ -40.25841797, -18.16545841 ], [ -40.25832768, -18.1655077 ], [ -40.25828724, -18.16553109 ], [ -40.25824617, -18.16555346 ], [ -40.25818157, -18.16559103 ], [ -40.2581244, -18.16562289 ], [ -40.25802802, -18.16568008 ], [ -40.25792265, -18.16574053 ], [ -40.25783418, -18.16579276 ], [ -40.25767108, -18.16588416 ], [ -40.2575819, -18.16593528 ], [ -40.25725875, -18.16612297 ], [ -40.25705438, -18.16623641 ], [ -40.25691701, -18.16631612 ], [ -40.25685305, -18.16635471 ], [ -40.25673165, -18.16642473 ], [ -40.25672352, -18.16642935 ], [ -40.25664985, -18.16647003 ], [ -40.25652025, -18.16654457 ], [ -40.25645512, -18.1665813 ], [ -40.2563099, -18.16666608 ], [ -40.25622884, -18.16671257 ], [ -40.25608379, -18.1667976 ], [ -40.25607568, -18.16680225 ], [ -40.25596923, -18.16686094 ], [ -40.25588789, -18.16690699 ], [ -40.25559584, -18.16707398 ], [ -40.25558776, -18.16707868 ], [ -40.25555027, -18.16710111 ] ] } },
{ "type": "Feature", "properties": { "Field": "000", "Length": 433.3004049386098, "Image": "/home/ubuntu/bemagro/data/image/Orthomosaico.tif", "Farm": "data" }, "geometry": { "type": "LineString", "coordinates": [ [ -40.25905224, -18.16507271 ], [ -40.25903687, -18.16508241 ], [ -40.25902889, -18.16508725 ], [ -40.25895675, -18.16513036 ], [ -40.25889184, -18.16516746 ], [ -40.25880378, -18.16522032 ], [ -40.25866566, -18.16529884 ], [ -40.25841515, -18.16544419 ], [ -40.25836583, -18.16547095 ], [ -40.25830067, -18.16550765 ], [ -40.25823504, -18.16554356 ], [ -40.25817036, -18.16558103 ], [ -40.25810511, -18.16561758 ], [ -40.25802515, -18.16566577 ], [ -40.2579681, -18.16569781 ], [ -40.25796001, -18.16570249 ], [ -40.25782306, -18.16578286 ], [ -40.2577335, -18.16583338 ], [ -40.25771747, -18.16584296 ], [ -40.25770932, -18.16584754 ], [ -40.25765184, -18.16587887 ], [ -40.25753057, -18.16594911 ], [ -40.25748973, -18.16597186 ], [ -40.25724777, -18.16611325 ], [ -40.25716628, -18.16615905 ], [ -40.25707577, -18.16620798 ], [ -40.25706764, -18.16621259 ], [ -40.25701911, -18.16624065 ], [ -40.25697905, -18.16626464 ], [ -40.25688189, -18.16632061 ], [ -40.25684996, -18.16633996 ], [ -40.2568419, -18.16634469 ], [ -40.25671241, -18.1664194 ], [ -40.25666331, -18.16644654 ], [ -40.25656582, -18.16650198 ], [ -40.25637127, -18.16661355 ], [ -40.25608894, -18.16677846 ], [ -40.25604828, -18.1668015 ], [ -40.25597438, -18.16684178 ], [ -40.25590951, -18.16687895 ], [ -40.25586044, -18.16690614 ], [ -40.25573101, -18.16698094 ], [ -40.2556333, -18.16703602 ], [ -40.25554193, -18.16708983 ] ] } },
{ "type": "Feature", "properties": { "Field": "000", "Length": 432.96375042231404, "Image": "/home/ubuntu/bemagro/data/image/Orthomosaico.tif", "Farm": "data" }, "geometry": { "type": "LineString", "coordinates": [ [ -40.2590411, -18.16506289 ], [ -40.25901773, -18.16507762 ], [ -40.25898523, -18.16509609 ], [ -40.25892928, -18.16512987 ], [ -40.25888826, -18.16515231 ], [ -40.25880042, -18.16520551 ], [ -40.25871134, -18.16525679 ], [ -40.25865419, -18.16528866 ], [ -40.2585254, -18.16536448 ], [ -40.2584845, -18.16538712 ], [ -40.25840363, -18.16543391 ], [ -40.25835428, -18.16546065 ], [ -40.25829758, -18.16549325 ], [ -40.25820749, -18.16554289 ], [ -40.2581592, -18.16557133 ], [ -40.25809414, -18.16560818 ], [ -40.25803008, -18.1656466 ], [ -40.25796477, -18.16568305 ], [ -40.25781162, -18.16577274 ], [ -40.25771431, -18.16582847 ], [ -40.25763226, -18.16587334 ], [ -40.25753544, -18.16592985 ], [ -40.25745407, -18.16597584 ], [ -40.2572284, -18.16610805 ], [ -40.25704837, -18.16620758 ], [ -40.25670126, -18.16640978 ], [ -40.25664401, -18.1664415 ], [ -40.25635999, -18.16660373 ], [ -40.2562387, -18.16667395 ], [ -40.25608565, -18.1667638 ], [ -40.25604487, -18.16678664 ], [ -40.25597079, -18.16682663 ], [ -40.25588173, -18.16687795 ], [ -40.25582462, -18.16690988 ], [ -40.25568741, -18.16698987 ], [ -40.25562198, -18.1670261 ], [ -40.25553377, -18.16707879 ] ] } },
{ "type": "Feature", "properties": { "Field": "000", "Length": 412.67782298340217, "Image": "/home/ubuntu/bemagro/data/image/Orthomosaico.tif", "Farm": "data" }, "geometry": { "type": "LineString", "coordinates": [ [ -40.2588361, -18.16510214 ], [ -40.25882194, -18.1651106 ], [ -40.25881402, -18.16511553 ], [ -40.25877513, -18.16514121 ], [ -40.25876709, -18.16514596 ], [ -40.2587587, -18.16515012 ], [ -40.25875042, -18.16515448 ], [ -40.25868552, -18.16519159 ], [ -40.2586282, -18.16522319 ], [ -40.25856379, -18.16526107 ], [ -40.25855566, -18.16526568 ], [ -40.25851449, -18.16528787 ], [ -40.25845772, -18.16532037 ], [ -40.2584497, -18.16532516 ], [ -40.25841817, -18.1653451 ], [ -40.25841014, -18.16534988 ], [ -40.25836911, -18.16537231 ], [ -40.25825552, -18.16543722 ], [ -40.25813319, -18.16550577 ], [ -40.25812508, -18.16551041 ], [ -40.25805268, -18.16555312 ], [ -40.25789807, -18.16564049 ], [ -40.25775294, -18.16572541 ], [ -40.2577285, -18.16573916 ], [ -40.25772044, -18.16574388 ], [ -40.25770452, -18.16575362 ], [ -40.25763099, -18.16579454 ], [ -40.25753417, -18.16585104 ], [ -40.25745229, -18.16589619 ], [ -40.25737918, -18.16593779 ], [ -40.25728246, -18.16599444 ], [ -40.25723352, -18.16602185 ], [ -40.25705549, -18.16612461 ], [ -40.25697402, -18.16617044 ], [ -40.25686938, -18.16623204 ], [ -40.25671496, -18.16631972 ], [ -40.25662635, -18.16637174 ], [ -40.25630071, -18.16655545 ], [ -40.25621196, -18.16660725 ], [ -40.25609022, -18.16667675 ], [ -40.25601793, -18.16671962 ], [ -40.25591211, -18.16677935 ], [ -40.25587107, -18.16680176 ], [ -40.25569256, -18.16690376 ], [ -40.25556313, -18.16697857 ], [ -40.25555509, -18.16698332 ], [ -40.25549207, -18.16702183 ] ] } },
{ "type": "Feature", "properties": { "Field": "000", "Length": 432.33153700918643, "Image": "/home/ubuntu/bemagro/data/image/Orthomosaico.tif", "Farm": "data" }, "geometry": { "type": "LineString", "coordinates": [ [ -40.25902728, -18.16505393 ], [ -40.25898865, -18.16507857 ], [ -40.25898065, -18.16508338 ], [ -40.2588673, -18.16514868 ], [ -40.2588035, -18.16518749 ], [ -40.25879545, -18.16519223 ], [ -40.25869833, -18.16524826 ], [ -40.25864928, -18.16527548 ], [ -40.25864118, -18.16528014 ], [ -40.25854464, -18.16533707 ], [ -40.25845515, -18.1653877 ], [ -40.2583986, -18.16542054 ], [ -40.25821064, -18.165525 ], [ -40.25809728, -18.16559028 ], [ -40.25802487, -18.16563298 ], [ -40.25796782, -18.16566503 ], [ -40.25776595, -18.16578249 ], [ -40.25763534, -18.1658554 ], [ -40.25754658, -18.16590717 ], [ -40.25743279, -18.16597178 ], [ -40.25728795, -18.16605714 ], [ -40.25723129, -18.16608981 ], [ -40.25702722, -18.16620376 ], [ -40.25688211, -18.1662887 ], [ -40.25681692, -18.16632533 ], [ -40.25668807, -18.16640105 ], [ -40.25654954, -18.16647891 ], [ -40.25645251, -18.16653508 ], [ -40.25634669, -18.16659482 ], [ -40.25624185, -18.1666561 ], [ -40.2562012, -18.16667915 ], [ -40.25608861, -18.16674565 ], [ -40.25603978, -18.16677322 ], [ -40.25595762, -18.16681792 ], [ -40.25586849, -18.16686911 ], [ -40.25580327, -18.16690571 ], [ -40.25571461, -18.16695765 ], [ -40.25560076, -18.16702216 ], [ -40.25552535, -18.1670674 ] ] } },
{ "type": "Feature", "properties": { "Field": "000", "Length": 419.90548472464036, "Image": "/home/ubuntu/bemagro/data/image/Orthomosaico.tif", "Farm": "data" }, "geometry": { "type": "LineString", "coordinates": [ [ -40.25890252, -18.16507946 ], [ -40.25887215, -18.16509668 ], [ -40.25884862, -18.16511181 ], [ -40.25880878, -18.16513612 ], [ -40.25880077, -18.16514093 ], [ -40.25878446, -18.16515005 ], [ -40.25875242, -18.16516925 ], [ -40.2586871, -18.16520568 ], [ -40.25863083, -18.16523896 ], [ -40.25852495, -18.16529859 ], [ -40.25840354, -18.16536862 ], [ -40.2583708, -18.16538671 ], [ -40.25833871, -18.16540581 ], [ -40.25826574, -18.16544764 ], [ -40.25815951, -18.16550669 ], [ -40.25806263, -18.16556311 ], [ -40.25791626, -18.16564605 ], [ -40.25772247, -18.16575881 ], [ -40.25760851, -18.16582313 ], [ -40.25756847, -18.16584715 ], [ -40.25756036, -18.16585179 ], [ -40.25738931, -18.1659481 ], [ -40.25728455, -18.1660095 ], [ -40.25721098, -18.16605035 ], [ -40.25715486, -18.16608386 ], [ -40.25700838, -18.16616664 ], [ -40.2568713, -18.1662468 ], [ -40.25674119, -18.16632053 ], [ -40.25666087, -18.16636818 ], [ -40.25634327, -18.16654713 ], [ -40.25623038, -18.16661316 ], [ -40.25612461, -18.16667296 ], [ -40.25602831, -18.16673028 ], [ -40.25592187, -18.16678899 ], [ -40.2557512, -18.16688591 ], [ -40.25568687, -18.16692393 ], [ -40.25558944, -18.16697946 ], [ -40.25550009, -18.16703324 ] ] } },
{ "type": "Feature", "properties": { "Field": "000", "Length": 430.09746357771775, "Image": "/home/ubuntu/bemagro/data/image/Orthomosaico.tif", "Farm": "data" }, "geometry": { "type": "LineString", "coordinates": [ [ -40.25900125, -18.16505342 ], [ -40.25896126, -18.16507831 ], [ -40.25891295, -18.16510672 ], [ -40.25886398, -18.16513406 ], [ -40.25871923, -18.16521956 ], [ -40.25854937, -18.16531778 ], [ -40.2583627, -18.16542433 ], [ -40.25824047, -18.16549304 ], [ -40.25820756, -18.16551084 ], [ -40.25813455, -18.16555259 ], [ -40.25801343, -18.16562307 ], [ -40.25788348, -18.16569704 ], [ -40.25775436, -18.16577234 ], [ -40.25760778, -18.16585494 ], [ -40.25752722, -18.16590222 ], [ -40.25740518, -18.16597123 ], [ -40.25728447, -18.16604235 ], [ -40.25717097, -18.16610742 ], [ -40.25702429, -18.16618986 ], [ -40.2568707, -18.16627886 ], [ -40.25679731, -18.16632001 ], [ -40.25668489, -18.16638675 ], [ -40.25658693, -18.16644144 ], [ -40.25645728, -18.1665159 ], [ -40.25634323, -18.16658007 ], [ -40.25627088, -18.16662286 ], [ -40.25606878, -18.16673996 ], [ -40.25597063, -18.16679433 ], [ -40.25580799, -18.16688648 ], [ -40.25572749, -18.16693386 ], [ -40.25561402, -18.16699896 ], [ -40.25551752, -18.16705682 ] ] } },
{ "type": "Feature", "properties": { "Field": "000", "Length": 426.84051570335572, "Image": "/home/ubuntu/bemagro/data/image/Orthomosaico.tif", "Farm": "data" }, "geometry": { "type": "LineString", "coordinates": [ [ -40.25896661, -18.16505757 ], [ -40.25891273, -18.16509139 ], [ -40.25885545, -18.16512306 ], [ -40.25881563, -18.16514741 ], [ -40.2587747, -18.16517 ], [ -40.258549, -18.16530216 ], [ -40.25841051, -18.16538009 ], [ -40.25831351, -18.16543632 ], [ -40.25811783, -18.16554606 ], [ -40.25799677, -18.16561664 ], [ -40.25788283, -18.16568099 ], [ -40.25773776, -18.16576599 ], [ -40.25762341, -18.16582968 ], [ -40.25747811, -18.16591433 ], [ -40.25737226, -18.16597401 ], [ -40.257284, -18.16602656 ], [ -40.25724304, -18.16604911 ], [ -40.25714619, -18.16610557 ], [ -40.25700757, -18.16618328 ], [ -40.25693518, -18.166226 ], [ -40.25676445, -18.16632284 ], [ -40.25668443, -18.16637094 ], [ -40.25635065, -18.16655926 ], [ -40.2560764, -18.16671946 ], [ -40.25594564, -18.16679213 ], [ -40.25579927, -18.16687508 ], [ -40.25556519, -18.16701146 ], [ -40.2555093, -18.1670457 ] ] } }
]
}
