{
"type": "FeatureCollection",
"name": "LINHAS(5)",
"crs": { "type": "name", "properties": { "name": "urn:ogc:def:crs:OGC:1.3:CRS84" } },
"features": [
{ "type": "Feature", "properties": { "Field": "000", "Length": 20.172067222239157 }, "geometry": { "type": "LineString", "coordinates": [ [ -39.945643251943508, -18.231611597698375 ], [ -39.945633228, -18.231558091 ], [ -39.9456272, -18.231531597999989 ], [ -39.945615336, -18.231469361 ], [ -39.945607588, -18.231432527 ] ] } },
{ "type": "Feature", "properties": { "Field": "000", "Length": 30.267826488606524 }, "geometry": { "type": "LineString", "coordinates": [ [ -39.94563459391032, -18.231645318461169 ], [ -39.94562569, -18.231591821 ], [ -39.94561288, -18.231529756 ], [ -39.945604797, -18.231485234 ], [ -39.945587956, -18.231405506 ], [ -39.94558315510335, -18.231376277629192 ] ] } },
{ "type": "Feature", "properties": { "Field": "000", "Length": 5.8208e-11 }, "geometry": { "type": "LineString", "coordinates": [ [ -39.94558315510335, -18.231376277629192 ], [ -39.94558315510335, -18.231376277629192 ] ] } },
{ "type": "Feature", "properties": { "Field": "000", "Length": 38.755983462542368 }, "geometry": { "type": "LineString", "coordinates": [ [ -39.94562610189525, -18.231677722457178 ], [ -39.945619204, -18.231641978 ], [ -39.945611741, -18.231597358 ], [ -39.94560251, -18.23155304 ], [ -39.945599584, -18.231535183 ], [ -39.945593127, -18.231508783 ], [ -39.945586993, -18.231473112 ], [ -39.945576303, -18.231419859 ], [ -39.945570541, -18.231384132 ], [ -39.945560385, -18.231333228 ] ] } },
{ "type": "Feature", "properties": { "Field": "000", "Length": 46.638676692054005 }, "geometry": { "type": "LineString", "coordinates": [ [ -39.945617266864424, -18.231709013198227 ], [ -39.945605153, -18.231637382 ], [ -39.945594764, -18.231584074999986 ], [ -39.945579711, -18.231513222 ], [ -39.945562541, -18.231424351 ], [ -39.945552411, -18.231361835 ], [ -39.945546909, -18.231335237 ], [ -39.945539715, -18.231294149 ] ] } },
{ "type": "Feature", "properties": { "Field": "000", "Length": 56.571182946918753 }, "geometry": { "type": "LineString", "coordinates": [ [ -39.94560879, -18.231739035 ], [ -39.945596057, -18.231666021 ], [ -39.945577715, -18.231568168 ], [ -39.945565385, -18.231506013 ], [ -39.945555566, -18.231461812 ], [ -39.945539065, -18.23136366 ], [ -39.945529002, -18.231319508 ], [ -39.94551999, -18.23127515 ], [ -39.945512968062843, -18.231236134349157 ] ] } },
{ "type": "Feature", "properties": { "Field": "000", "Length": 65.546207720871664 }, "geometry": { "type": "LineString", "coordinates": [ [ -39.945599804, -18.231762808 ], [ -39.945565262, -18.231574879 ], [ -39.945545221, -18.23147733 ], [ -39.945528044, -18.231379284 ], [ -39.94550775, -18.231281784 ], [ -39.945489422, -18.231179955 ] ] } },
{ "type": "Feature", "properties": { "Field": "000", "Length": 76.348754963308039 }, "geometry": { "type": "LineString", "coordinates": [ [ -39.945589526, -18.231779486 ], [ -39.945561469, -18.231628513 ], [ -39.945543415, -18.231539802 ], [ -39.945534164, -18.231486303 ], [ -39.945513512, -18.231379666 ], [ -39.94550921, -18.231362065 ], [ -39.945504448, -18.231335338 ], [ -39.94549869, -18.23130879 ], [ -39.945490951, -18.231264213 ], [ -39.945470173, -18.231157598 ], [ -39.94546577, -18.23114002 ], [ -39.945458828, -18.23110098 ] ] } },
{ "type": "Feature", "properties": { "Field": "000", "Length": 88.62891476574022 }, "geometry": { "type": "LineString", "coordinates": [ [ -39.945578681, -18.231797083 ], [ -39.945565756, -18.231725786 ], [ -39.945546199, -18.231628148 ], [ -39.945540062, -18.231592477 ], [ -39.945525604, -18.231521511 ], [ -39.945521148, -18.231494736 ], [ -39.945513404, -18.231459352 ], [ -39.94550227, -18.231396992 ], [ -39.945484254, -18.231308274 ], [ -39.945476622, -18.23126368 ], [ -39.945470719, -18.231237161 ], [ -39.9454515, -18.231139462 ], [ -39.945439724000011, -18.231068044 ], [ -39.945433176, -18.231041664 ], [ -39.945427020460308, -18.231009462408032 ] ] } },
{ "type": "Feature", "properties": { "Field": "000", "Length": 165.32625050916673 }, "geometry": { "type": "LineString", "coordinates": [ [ -39.945558840862084, -18.229626113965626 ], [ -39.945476566, -18.229605611 ], [ -39.945412955, -18.229588086 ], [ -39.945339785, -18.229569697 ], [ -39.945312599, -18.229561939999989 ], [ -39.945251156, -18.229538388 ], [ -39.945174684, -18.229502674 ], [ -39.945117303, -18.229471125 ], [ -39.945093348, -18.229456597 ], [ -39.945054842, -18.229430369 ], [ -39.945016922, -18.229403373 ], [ -39.944972719, -18.229369373 ], [ -39.944944325, -18.229345486 ], [ -39.944924167, -18.229326408 ], [ -39.944892, -18.229293287 ], [ -39.94483834, -18.229230151 ], [ -39.94480965, -18.229194231 ], [ -39.944782236, -18.229157412999989 ], [ -39.944766725, -18.229134711 ], [ -39.944742308, -18.229096015 ], [ -39.944724462, -18.229064141 ], [ -39.944704651, -18.229023111 ], [ -39.94468614, -18.228981531 ], [ -39.944661221, -18.228913267 ], [ -39.94464646, -18.228870338 ], [ -39.944633502, -18.228826881 ], [ -39.944622372, -18.228782964 ], [ -39.944616936, -18.228756355 ], [ -39.944607795, -18.228693699 ], [ -39.944605968, -18.228666644 ], [ -39.944605504, -18.228612422 ], [ -39.944604555042112, -18.228600384534172 ] ] } },
{ "type": "Feature", "properties": { "Field": "000", "Length": 169.62653105396083 }, "geometry": { "type": "LineString", "coordinates": [ [ -39.944588392001442, -18.228581184092434 ], [ -39.944589223, -18.228634668 ], [ -39.944589566, -18.228643698 ], [ -39.944591031, -18.228670773 ], [ -39.944591905, -18.228679767 ], [ -39.944596501, -18.228715648 ], [ -39.944597908, -18.228724582 ], [ -39.944604277, -18.228760216 ], [ -39.944613101, -18.228804608 ], [ -39.944615097, -18.22881344 ], [ -39.944621548, -18.228839841 ], [ -39.944623964, -18.228848576 ], [ -39.944629173, -18.228865952 ], [ -39.944632065, -18.228874553 ], [ -39.944675422, -18.228994099 ], [ -39.944678893, -18.2290025 ], [ -39.944701318, -18.229052309 ], [ -39.944705258, -18.229060523 ], [ -39.944713424, -18.229076827 ], [ -39.944717702, -18.229084885 ], [ -39.944726534, -18.229100868 ], [ -39.944731198, -18.229108726 ], [ -39.944745719, -18.229132018 ], [ -39.944750856, -18.229139601 ], [ -39.944772243, -18.229169418 ], [ -39.944777838, -18.229176701 ], [ -39.944812554, -18.229219591 ], [ -39.944865931, -18.229282946 ], [ -39.944872072, -18.229289815 ], [ -39.944897235, -18.229316807 ], [ -39.94490372, -18.229323382 ], [ -39.944923588, -18.229342736 ], [ -39.944930514, -18.22934888 ], [ -39.944994795, -18.229402193 ], [ -39.945002135, -18.229407887 ], [ -39.945054499, -18.229446593 ], [ -39.94506212, -18.229451941 ], [ -39.945085283, -18.229467597 ], [ -39.945093205, -18.229472525 ], [ -39.945133527, -18.22949613 ], [ -39.945141695, -18.229500682 ], [ -39.94516642, -18.22951398 ], [ -39.945174759, -18.229518239 ], [ -39.945233624, -18.229547184 ], [ -39.945242242, -18.229550885 ], [ -39.945286071, -18.229567846 ], [ -39.945295027, -18.229570712 ], [ -39.94534957, -18.229585667 ], [ -39.945386149, -18.22959488 ], [ -39.945395252, -18.229597327 ], [ -39.9454678, -18.229617846 ], [ -39.945476943, -18.229620145 ], [ -39.945532119, -18.229632805 ], [ -39.94555700972419, -18.229638931932115 ] ] } },
{ "type": "Feature", "properties": { "Field": "000", "Length": 104.67018272275875 }, "geometry": { "type": "LineString", "coordinates": [ [ -39.945566916, -18.231816174 ], [ -39.945555851, -18.231753633 ], [ -39.945544798, -18.231700448 ], [ -39.94552188, -18.231575836 ], [ -39.945503439, -18.231487197 ], [ -39.94549609, -18.23144256 ], [ -39.945472005, -18.231318148 ], [ -39.945466184, -18.231291613 ], [ -39.94545499, -18.231229263 ], [ -39.945445813, -18.231184935 ], [ -39.945434518, -18.231122602 ], [ -39.945418005, -18.231042811 ], [ -39.945396444, -18.230927147 ], [ -39.945390231, -18.230900693 ], [ -39.945387664029738, -18.230885969170512 ] ] } },
{ "type": "Feature", "properties": { "Field": "000", "Length": 173.8653935776349 }, "geometry": { "type": "LineString", "coordinates": [ [ -39.945554987, -18.22965309 ], [ -39.945471987, -18.229632959 ], [ -39.945372188, -18.229604894 ], [ -39.945326369, -18.229593723 ], [ -39.94529001, -18.229583744 ], [ -39.945254519, -18.229571229 ], [ -39.945220188, -18.229556046 ], [ -39.945137039, -18.229512989 ], [ -39.945096394, -18.229489895 ], [ -39.945064723, -18.229470126 ], [ -39.945049359, -18.229459583 ], [ -39.945019152, -18.229437822 ], [ -39.944997024, -18.229420853 ], [ -39.944946558, -18.22937991 ], [ -39.944904941, -18.22934305 ], [ -39.944872397, -18.229310267 ], [ -39.944847831, -18.229282777 ], [ -39.944806081, -18.229233682 ], [ -39.944782696, -18.229205267 ], [ -39.944749093, -18.229161574 ], [ -39.944733832, -18.229138718 ], [ -39.944705987, -18.229091471 ], [ -39.944694085, -18.229066861 ], [ -39.944685365, -18.229050821 ], [ -39.944666443, -18.22900941 ], [ -39.944646881, -18.22895851 ], [ -39.944619434, -18.228881519 ], [ -39.944606141, -18.228838155 ], [ -39.944598041, -18.228802844 ], [ -39.94458302, -18.228722785 ], [ -39.944577961, -18.22868696 ], [ -39.944575449, -18.228659955 ], [ -39.944573258, -18.228614817 ], [ -39.944573721, -18.228587709 ], [ -39.944572522037696, -18.228562331797733 ] ] } },
{ "type": "Feature", "properties": { "Field": "000", "Length": 159.97927226628698 }, "geometry": { "type": "LineString", "coordinates": [ [ -39.94555129830119, -18.229609892825234 ], [ -39.945515305, -18.229600891 ], [ -39.945487637, -18.22959489 ], [ -39.945405744, -18.229572719 ], [ -39.945350765, -18.229559299 ], [ -39.945323642, -18.229551342 ], [ -39.94529698, -18.229542071 ], [ -39.945253337, -18.229524678 ], [ -39.945185286, -18.229493081 ], [ -39.945144062, -18.229470945 ], [ -39.94511185, -18.229451991 ], [ -39.945088135, -18.229437108 ], [ -39.945034357, -18.229400215 ], [ -39.944982863, -18.229360457 ], [ -39.944961559, -18.229342551 ], [ -39.94493445, -18.229317338 ], [ -39.944902182, -18.229284308 ], [ -39.944842628, -18.229214103 ], [ -39.944820455, -18.229184815 ], [ -39.944808673, -18.229170675 ], [ -39.944787339, -18.229140823 ], [ -39.944762275, -18.229102506 ], [ -39.944739024, -18.229063159 ], [ -39.944714889, -18.229014084 ], [ -39.944700336, -18.228980717 ], [ -39.944684454, -18.228938155 ], [ -39.944660857, -18.228869463 ], [ -39.94464756, -18.2288261 ], [ -39.944636418, -18.228782186 ], [ -39.944629587, -18.228746631 ], [ -39.944622419, -18.228692841 ], [ -39.944620448, -18.228656741 ], [ -39.944621228, -18.228620191 ] ] } },
{ "type": "Feature", "properties": { "Field": "000", "Length": 178.14942748756229 }, "geometry": { "type": "LineString", "coordinates": [ [ -39.945549509730363, -18.229667755921785 ], [ -39.945513774, -18.22965739 ], [ -39.94550464, -18.229655047 ], [ -39.945458808, -18.229643925 ], [ -39.945395228, -18.2296263 ], [ -39.94531308, -18.229605012 ], [ -39.94530399, -18.229602517 ], [ -39.945295026, -18.229599637 ], [ -39.945259494, -18.22958723 ], [ -39.945250669, -18.22958398 ], [ -39.945242028, -18.229580308 ], [ -39.945216447, -18.229568582 ], [ -39.945207956, -18.229564602 ], [ -39.945199572, -18.22956042 ], [ -39.945116368, -18.229517459 ], [ -39.945108092, -18.229513085 ], [ -39.945099948, -18.229508491 ], [ -39.945075747, -18.22949434 ], [ -39.945067729, -18.229489547 ], [ -39.945059856, -18.22948454 ], [ -39.945044328, -18.22947422 ], [ -39.945036736, -18.229468831 ], [ -39.945014213, -18.229452344 ], [ -39.945006756, -18.229446785 ], [ -39.944999445, -18.229441052 ], [ -39.944941687, -18.229394353 ], [ -39.944906802, -18.22936385 ], [ -39.944899916, -18.229357654 ], [ -39.94489325, -18.229351242999982 ], [ -39.944860553, -18.2293186 ], [ -39.94485412, -18.229311976 ], [ -39.944847992, -18.229305092 ], [ -39.944764671, -18.229206764 ], [ -39.944758848, -18.229199643 ], [ -39.944753391, -18.229192262 ], [ -39.944737652, -18.229169704 ], [ -39.94472743, -18.229154497 ], [ -39.944702804, -18.229115923 ], [ -39.944698204, -18.229108026 ], [ -39.944684937, -18.229084062 ], [ -39.944680868, -18.229075904 ], [ -39.944657522, -18.229026482 ], [ -39.944653988, -18.2290181 ], [ -39.944643916, -18.228992754 ], [ -39.944619511, -18.228924321 ], [ -39.944606596, -18.228890344 ], [ -39.944603776, -18.228881718 ], [ -39.944593358, -18.228846967 ], [ -39.944591136, -18.228838183 ], [ -39.944585054, -18.228811701 ], [ -39.944583307, -18.228802819 ], [ -39.944563907, -18.228695968 ], [ -39.94455894, -18.228660133 ], [ -39.944557868, -18.228651153 ], [ -39.944557177, -18.22864214 ], [ -39.944554861, -18.228597008 ], [ -39.9445547, -18.228587972 ], [ -39.94455453600267, -18.228540965766541 ] ] } },
{ "type": "Feature", "properties": { "Field": "000", "Length": 155.08025750955028 }, "geometry": { "type": "LineString", "coordinates": [ [ -39.945543332657138, -18.22959426790861 ], [ -39.945525723, -18.229589574 ], [ -39.945470596, -18.229576722 ], [ -39.945397507, -18.22955804 ], [ -39.945334052, -18.229540009 ], [ -39.945298436, -18.229527829 ], [ -39.945263191, -18.229514698 ], [ -39.945211972, -18.229491364 ], [ -39.94518684, -18.229478785 ], [ -39.945170278, -18.229470056 ], [ -39.945130044, -18.229446315 ], [ -39.945098572, -18.229426259 ], [ -39.945060285, -18.229399742 ], [ -39.945024445, -18.22937027 ], [ -39.944987305, -18.229342303 ], [ -39.944965743, -18.229324683 ], [ -39.944945443, -18.229305745 ], [ -39.944912743, -18.229273105 ], [ -39.944881834, -18.22923891 ], [ -39.944852336, -18.229203593 ], [ -39.944812456, -18.229153099 ], [ -39.94480717, -18.229145608 ], [ -39.944771622, -18.22909224 ], [ -39.944752453, -18.229061077 ], [ -39.944739727, -18.229036847 ], [ -39.944720667, -18.228995495 ], [ -39.94470143, -18.228944485 ], [ -39.94468356, -18.228893021 ], [ -39.944666741, -18.228841234 ], [ -39.944654872, -18.228797495 ], [ -39.944644994, -18.228753306 ], [ -39.944643674, -18.228744359999986 ], [ -39.944635371, -18.228681598 ], [ -39.944633648, -18.228663599 ], [ -39.9446338, -18.228635126 ] ] } },
{ "type": "Feature", "properties": { "Field": "000", "Length": 181.23591672199919 }, "geometry": { "type": "LineString", "coordinates": [ [ -39.945542859, -18.229679243 ], [ -39.945516082, -18.229671799 ], [ -39.94544283, -18.22965371 ], [ -39.945379254, -18.229636072 ], [ -39.945288109, -18.229611958 ], [ -39.945261476, -18.229602622 ], [ -39.94522674400001, -18.229588298 ], [ -39.945184509, -18.22956798 ], [ -39.945151466, -18.229550382 ], [ -39.945117983, -18.229533559 ], [ -39.945085179, -18.229515556 ], [ -39.945052992, -18.229496565 ], [ -39.945022156, -18.229475627 ], [ -39.944992737, -18.229452904 ], [ -39.944927848, -18.229400266 ], [ -39.944873114000011, -18.229350354 ], [ -39.944840592, -18.229317554 ], [ -39.944751284, -18.229212232 ], [ -39.944734612, -18.229190296 ], [ -39.944709219, -18.229152179 ], [ -39.944685241, -18.229113233 ], [ -39.944664046, -18.229072842 ], [ -39.944641259, -18.229023184 ], [ -39.944627789, -18.228989404999986 ], [ -39.944587825, -18.2288783 ], [ -39.944575963, -18.228834561 ], [ -39.944568204, -18.228799181 ], [ -39.944547755, -18.228683334 ], [ -39.944542389, -18.22863844 ], [ -39.944540094, -18.228584263 ], [ -39.944540669, -18.228557158 ], [ -39.944543214978232, -18.22852751725344 ] ] } },
{ "type": "Feature", "properties": { "Field": "000", "Length": 109.4553107005661 }, "geometry": { "type": "LineString", "coordinates": [ [ -39.945554295976748, -18.231836651814096 ], [ -39.945552144, -18.231819447 ], [ -39.945550838, -18.231810497 ], [ -39.945544772, -18.231774815 ], [ -39.945536685, -18.231730295 ], [ -39.945534758, -18.231721447 ], [ -39.945530356, -18.231703869 ], [ -39.945528513, -18.231695005 ], [ -39.945519711, -18.231641437 ], [ -39.945518096, -18.231632533 ], [ -39.945511076, -18.231597011 ], [ -39.945504789, -18.231561365 ], [ -39.945503078, -18.231552477 ], [ -39.945491812, -18.231499333 ], [ -39.945488205, -18.23148159 ], [ -39.945470215, -18.231383678 ], [ -39.945424863, -18.231152739 ], [ -39.945408457, -18.231063736 ], [ -39.945394212, -18.230992731 ], [ -39.945392576, -18.23098383 ], [ -39.945385108, -18.23093921 ], [ -39.94538338, -18.230930325 ], [ -39.945377529, -18.230903796 ], [ -39.945375752, -18.23089492 ], [ -39.945370092, -18.230863404 ] ] } },
{ "type": "Feature", "properties": { "Field": "000", "Length": 184.43482728819799 }, "geometry": { "type": "LineString", "coordinates": [ [ -39.945535774, -18.229691481 ], [ -39.945499144, -18.229681282 ], [ -39.945416764, -18.229660824 ], [ -39.945362309, -18.22964558 ], [ -39.945307576, -18.229631269 ], [ -39.945271427, -18.229620616 ], [ -39.945253837, -18.229613971 ], [ -39.945201987, -18.229591942 ], [ -39.945168526, -18.229575077 ], [ -39.945094177, -18.229535481 ], [ -39.9450617, -18.229516944 ], [ -39.945014943, -18.229486222 ], [ -39.944985209, -18.229463873 ], [ -39.944927549, -18.229417063 ], [ -39.944892909, -18.229386304 ], [ -39.94484598, -18.229341684 ], [ -39.944833204, -18.229328356 ], [ -39.944771514, -18.229259857 ], [ -39.94475404, -18.229238497 ], [ -39.944721129, -18.229194325 ], [ -39.944685516, -18.229140997 ], [ -39.94466756, -18.22910918 ], [ -39.944642912, -18.229060338 ], [ -39.9446211, -18.229010281 ], [ -39.944595029, -18.22894241 ], [ -39.944574827, -18.228882167 ], [ -39.944562829, -18.228838459 ], [ -39.944556143, -18.228802879 ], [ -39.944544715, -18.228749766 ], [ -39.944533713, -18.228687384 ], [ -39.944530208, -18.22866048 ], [ -39.944528308, -18.228633429 ], [ -39.944527771, -18.228597283 ], [ -39.944530460984822, -18.228512366479112 ] ] } },
{ "type": "Feature", "properties": { "Field": "000", "Length": 150.10498648804423 }, "geometry": { "type": "LineString", "coordinates": [ [ -39.945534843, -18.229577616 ], [ -39.945461967, -18.229560508 ], [ -39.945452836, -18.229558156 ], [ -39.945398095, -18.229543874 ], [ -39.945334647, -18.229525821 ], [ -39.945298976, -18.229513789999988 ], [ -39.945272655, -18.229503672 ], [ -39.945212777, -18.229476695 ], [ -39.945171485, -18.229454679 ], [ -39.945139311, -18.229435669 ], [ -39.945107643, -18.229415895 ], [ -39.945076962, -18.22939475 ], [ -39.944989032, -18.229326191 ], [ -39.944961338, -18.229301569 ], [ -39.944935172, -18.229275465 ], [ -39.944891496, -18.229227926 ], [ -39.944844207, -18.229171491 ], [ -39.944821872, -18.229142317 ], [ -39.944805813, -18.229119966 ], [ -39.944766401, -18.229058254 ], [ -39.944757436, -18.22904234 ], [ -39.944745645, -18.229017683 ], [ -39.94473444, -18.228992775 ], [ -39.944724259, -18.22896747 ], [ -39.94468596, -18.228855832 ], [ -39.944677828, -18.228829858 ], [ -39.944671659, -18.228803398 ], [ -39.944662435, -18.22876834 ], [ -39.944655808, -18.228732753 ], [ -39.944652741, -18.228705803 ], [ -39.944648472, -18.228679001 ], [ -39.944646630020991, -18.228650366326349 ] ] } },
{ "type": "Feature", "properties": { "Field": "000", "Length": 149.86581366203748 }, "geometry": { "type": "LineString", "coordinates": [ [ -39.945541066, -18.231851502 ], [ -39.945524023, -18.231744852 ], [ -39.945504781, -18.231637974 ], [ -39.94548951, -18.231557958 ], [ -39.94547502, -18.231486998 ], [ -39.945448427, -18.231344651 ], [ -39.94542696, -18.231238162 ], [ -39.945414265, -18.231166888 ], [ -39.945402451, -18.231113853 ], [ -39.945385052, -18.231015843 ], [ -39.945377449, -18.230980431 ], [ -39.945372039, -18.230944654 ], [ -39.945361402, -18.230891391 ], [ -39.945349182, -18.230820042 ], [ -39.945335094, -18.23075823 ], [ -39.945318129, -18.230669323 ], [ -39.945305932, -18.23059797 ], [ -39.945301358, -18.230562086 ], [ -39.945294999, -18.230526452 ], [ -39.945294304481969, -18.2305180908571 ] ] } },
{ "type": "Feature", "properties": { "Field": "000", "Length": 187.61170692590116 }, "geometry": { "type": "LineString", "coordinates": [ [ -39.945528200674453, -18.229703409913792 ], [ -39.945300068, -18.229642998 ], [ -39.945263993, -18.229632115 ], [ -39.945220244, -18.229614966 ], [ -39.945194511, -18.229603548 ], [ -39.94514474, -18.229577505 ], [ -39.94511942, -18.229565271 ], [ -39.945086438, -18.229547568 ], [ -39.945038428, -18.229518663 ], [ -39.945015117, -18.229503209 ], [ -39.944977861, -18.229475381 ], [ -39.944941614, -18.229446362 ], [ -39.944898867, -18.229410703 ], [ -39.944871559, -18.229385686 ], [ -39.944845311, -18.229359655 ], [ -39.944781909, -18.229292597 ], [ -39.944757603, -18.229264897 ], [ -39.944718077, -18.229214149 ], [ -39.944677149, -18.229153343 ], [ -39.944658732, -18.229121767 ], [ -39.94462601, -18.22905658 ], [ -39.944611069, -18.22902337 ], [ -39.944581401, -18.228947135 ], [ -39.944563668, -18.228895626 ], [ -39.944552193, -18.228851791 ], [ -39.944544945, -18.228816311 ], [ -39.944534611, -18.228772217 ], [ -39.944521631, -18.22870099 ], [ -39.944516522, -18.228665172 ], [ -39.944514567, -18.228638125 ], [ -39.944513803, -18.228601983 ], [ -39.944517862, -18.2284974 ] ] } },
{ "type": "Feature", "properties": { "Field": "000", "Length": 191.05648864787045 }, "geometry": { "type": "LineString", "coordinates": [ [ -39.945518873581918, -18.229716690892101 ], [ -39.945473167, -18.229704895 ], [ -39.945391532, -18.229681873 ], [ -39.945309508, -18.229660147 ], [ -39.945291396, -18.229654938 ], [ -39.945246713, -18.229640152 ], [ -39.94523782, -18.229637077 ], [ -39.945203282, -18.229622329 ], [ -39.9451778, -18.229610408 ], [ -39.945111177, -18.229576145 ], [ -39.945053856, -18.229544497 ], [ -39.945014437, -18.229519539 ], [ -39.944984314, -18.229497671 ], [ -39.944903752, -18.229434775 ], [ -39.944882551, -18.229416759 ], [ -39.944849028, -18.22938489 ], [ -39.944824072, -18.229357724 ], [ -39.944779273, -18.229311147 ], [ -39.944754622, -18.229283727 ], [ -39.944736938, -18.229262526 ], [ -39.944691547, -18.229204685 ], [ -39.944671336, -18.229174129 ], [ -39.944639554, -18.229118635 ], [ -39.944612077, -18.22906108 ], [ -39.944586858, -18.22900259 ], [ -39.944573946, -18.228968612 ], [ -39.94456287, -18.228943651 ], [ -39.94455086, -18.228909372 ], [ -39.944545573, -18.228892019 ], [ -39.944543108, -18.228883293 ], [ -39.944520522, -18.228777015 ], [ -39.94451129, -18.228723514 ], [ -39.94450351, -18.228669802 ], [ -39.944502344, -18.228660834 ], [ -39.9444998, -18.228615713 ], [ -39.944499686, -18.228561489 ], [ -39.944500394, -18.228534386 ], [ -39.944503514, -18.22849836 ], [ -39.944504159, -18.228489344 ], [ -39.944504143000593, -18.228479843351348 ] ] } },
{ "type": "Feature", "properties": { "Field": "000", "Length": 152.37269243991798 }, "geometry": { "type": "LineString", "coordinates": [ [ -39.945529210952103, -18.231862841705837 ], [ -39.94550749, -18.231729448 ], [ -39.945494579, -18.23165821 ], [ -39.945487398, -18.231622719 ], [ -39.945481125, -18.231587072 ], [ -39.945479429, -18.231578182 ], [ -39.945461384, -18.23148947 ], [ -39.945439952, -18.231373784 ], [ -39.945425346, -18.231302846 ], [ -39.945412557, -18.231231589 ], [ -39.945410736, -18.231222723 ], [ -39.945406739, -18.231205057 ], [ -39.945404913, -18.231196191 ], [ -39.945398127, -18.231160628 ], [ -39.945388779, -18.231116333999989 ], [ -39.945387086, -18.231107444 ], [ -39.945374711, -18.231036119 ], [ -39.945365589, -18.230991785 ], [ -39.945336611, -18.230831488 ], [ -39.945334824, -18.230822615 ], [ -39.945323299, -18.230769521 ], [ -39.945321497, -18.23076065 ], [ -39.94530096, -18.230653993 ], [ -39.945299418, -18.230645077 ], [ -39.945281031, -18.230528914 ], [ -39.945279182, -18.230520058 ], [ -39.945276053715133, -18.230507414754936 ] ] } },
{ "type": "Feature", "properties": { "Field": "000", "Length": 143.60119549034471 }, "geometry": { "type": "LineString", "coordinates": [ [ -39.945514325, -18.229557843 ], [ -39.945478411, -18.229549916 ], [ -39.945469258, -18.229547645 ], [ -39.945387586, -18.229524741 ], [ -39.945342023, -18.229512653 ], [ -39.945332972, -18.22951003 ], [ -39.945315092, -18.229504136 ], [ -39.945279677, -18.229491431 ], [ -39.945270958, -18.22948793 ], [ -39.945228221, -18.229468589 ], [ -39.94521981, -18.229464457 ], [ -39.945186837, -18.229446738 ], [ -39.94517872, -18.2294421 ], [ -39.945146861, -18.229422608 ], [ -39.945139051, -18.229417513 ], [ -39.945062782, -18.229364074 ], [ -39.945055245, -18.229358616 ], [ -39.945003215, -18.229319501 ], [ -39.944996018, -18.229313638 ], [ -39.944982187, -18.229301309 ], [ -39.944975428, -18.229294988 ], [ -39.944955702, -18.229275501 ], [ -39.944949231, -18.229268911 ], [ -39.944923923, -18.229242042 ], [ -39.944887019, -18.229200853 ], [ -39.94488101, -18.229193874 ], [ -39.944851781, -18.229158354 ], [ -39.944846159, -18.229151087 ], [ -39.944813971, -18.229106431 ], [ -39.944808904, -18.229098801 ], [ -39.944785277, -18.229059659 ], [ -39.944780777, -18.22905171 ], [ -39.944772294, -18.229035555 ], [ -39.94476824, -18.229027391 ], [ -39.944749042, -18.228986096 ], [ -39.944745376, -18.228977765 ], [ -39.944738441, -18.228960949 ], [ -39.944735155, -18.228952475 ], [ -39.944710525, -18.228884115 ], [ -39.944701911, -18.228858283 ], [ -39.944699281, -18.228849602 ], [ -39.944694475, -18.228832121 ], [ -39.944692412, -18.228823301 ], [ -39.944680575, -18.22876106 ], [ -39.944669536, -18.228707872 ], [ -39.944667352, -18.228699079 ], [ -39.944664813, -18.228690374 ], [ -39.944662735, -18.228681557 ], [ -39.944660097008402, -18.228666364048348 ] ] } },
{ "type": "Feature", "properties": { "Field": "000", "Length": 5.8208e-11 }, "geometry": { "type": "LineString", "coordinates": [ [ -39.944660097008402, -18.228666364048348 ], [ -39.944660097008402, -18.228666364048348 ] ] } },
{ "type": "Feature", "properties": { "Field": "000", "Length": 194.17918830064488 }, "geometry": { "type": "LineString", "coordinates": [ [ -39.945510100582794, -18.229729182886846 ], [ -39.945446399, -18.229711906 ], [ -39.945392129, -18.229696067 ], [ -39.945328271, -18.229679386 ], [ -39.945265024, -18.229660698 ], [ -39.945238272, -18.229651667 ], [ -39.945220884, -18.229644552 ], [ -39.945169532, -18.229621484 ], [ -39.945119586, -18.229595747 ], [ -39.945053905, -18.229559863 ], [ -39.945022065, -18.229540342 ], [ -39.94496856, -18.229503089 ], [ -39.944931588, -18.229474917 ], [ -39.944874111, -18.229427902 ], [ -39.944847024, -18.229402668 ], [ -39.944803167, -18.22935528 ], [ -39.944764475, -18.229315617 ], [ -39.944739986, -18.229288064 ], [ -39.944716362, -18.22925983 ], [ -39.944688775, -18.229223131 ], [ -39.944652998, -18.229169903 ], [ -39.94463462, -18.229138306 ], [ -39.944613546, -18.229097855 ], [ -39.944594124, -18.229056656 ], [ -39.944566034, -18.228989526 ], [ -39.944546194, -18.228938724 ], [ -39.944532321, -18.228895526 ], [ -39.944521231, -18.2288516 ], [ -39.944506094, -18.228780763 ], [ -39.944494748, -18.228709282 ], [ -39.94448865, -18.228664473 ], [ -39.944485644, -18.228619378 ], [ -39.944484642, -18.228565162 ], [ -39.944488511, -18.228502009 ], [ -39.944491623, -18.228475061 ], [ -39.94449233, -18.228464441 ] ] } },
{ "type": "Feature", "properties": { "Field": "000", "Length": 154.87131548056331 }, "geometry": { "type": "LineString", "coordinates": [ [ -39.945519766, -18.231871876 ], [ -39.945514083, -18.231836706 ], [ -39.945499992, -18.231765673 ], [ -39.945498471, -18.231756756 ], [ -39.945495768, -18.231738866 ], [ -39.945494138, -18.231729967 ], [ -39.945485029, -18.231685627 ], [ -39.94548344, -18.23167672 ], [ -39.945480583, -18.231658853 ], [ -39.945478865, -18.231649969 ], [ -39.94547503, -18.23163227 ], [ -39.945473343, -18.231623379 ], [ -39.945468755, -18.231596624 ], [ -39.945466994, -18.231587747 ], [ -39.945457504, -18.231543479999988 ], [ -39.945447106, -18.231490175 ], [ -39.945437621, -18.231436714 ], [ -39.945424845, -18.231374644 ], [ -39.945423206, -18.231365745 ], [ -39.945418708, -18.231338976 ], [ -39.945417015, -18.231330085 ], [ -39.945402416, -18.231259146 ], [ -39.945400867, -18.231250233 ], [ -39.945398147, -18.231232346 ], [ -39.945396398, -18.23122347 ], [ -39.945390489, -18.231196954 ], [ -39.945378048, -18.23113482 ], [ -39.945348873, -18.230974557 ], [ -39.945338387, -18.230921267 ], [ -39.945334407, -18.230903598 ], [ -39.945332602, -18.230894729 ], [ -39.945327702, -18.230868025 ], [ -39.945320012, -18.230832635 ], [ -39.945308116, -18.230770403 ], [ -39.945303596, -18.230743639 ], [ -39.945301941, -18.230734742 ], [ -39.945289502, -18.230672608 ], [ -39.9452879, -18.230663702 ], [ -39.945267166, -18.230538741 ], [ -39.945262016, -18.23051208 ], [ -39.9452598, -18.230503302 ], [ -39.945257420458958, -18.230495125950217 ] ] } },
{ "type": "Feature", "properties": { "Field": "000", "Length": 197.55495835809742 }, "geometry": { "type": "LineString", "coordinates": [ [ -39.945501448, -18.229741503 ], [ -39.945365121, -18.229703009 ], [ -39.945310915, -18.229686974 ], [ -39.945274392, -18.229677553 ], [ -39.945229564, -18.229663174 ], [ -39.945194319, -18.229650041 ], [ -39.945168442, -18.229638923 ], [ -39.945085832, -18.229594928 ], [ -39.945061616, -18.229580801 ], [ -39.945014007, -18.229551298 ], [ -39.944967194, -18.229520653 ], [ -39.944930186, -18.229492525 ], [ -39.94486542, -18.229439749 ], [ -39.944831624, -18.229408145 ], [ -39.944774109, -18.229348187 ], [ -39.944755498, -18.229327723 ], [ -39.944707925, -18.229271506 ], [ -39.944685693, -18.229242258 ], [ -39.94463947, -18.229173961 ], [ -39.944612327, -18.229126343 ], [ -39.944595544, -18.229093946 ], [ -39.9445763, -18.22905267 ], [ -39.944545784, -18.228976742 ], [ -39.944533453, -18.228942567 ], [ -39.944519832, -18.228899296 ], [ -39.944503588, -18.228837968 ], [ -39.944492037, -18.22878488 ], [ -39.944478981, -18.228704507 ], [ -39.944472441, -18.228650643999988 ], [ -39.944469335, -18.228605555 ], [ -39.944470014, -18.228551335 ], [ -39.944473866, -18.228497236 ], [ -39.944479412958991, -18.228447597366969 ] ] } },
{ "type": "Feature", "properties": { "Field": "000", "Length": 157.58740293889875 }, "geometry": { "type": "LineString", "coordinates": [ [ -39.945507545, -18.231883565 ], [ -39.945500465, -18.231839457 ], [ -39.945487256, -18.231768269 ], [ -39.945472714, -18.231697319 ], [ -39.945454732, -18.231599405 ], [ -39.94545298900001, -18.231590523 ], [ -39.94543819, -18.231519621 ], [ -39.945436467, -18.231510735 ], [ -39.945420511, -18.231421657 ], [ -39.945418769, -18.231412775 ], [ -39.945407455, -18.23135964 ], [ -39.945405742, -18.231350752 ], [ -39.945399567, -18.231315087 ], [ -39.945397728, -18.231306223 ], [ -39.945395621, -18.231297412 ], [ -39.945393752, -18.231288553 ], [ -39.945382381, -18.231226233 ], [ -39.945362471, -18.231128661 ], [ -39.945333223, -18.230968408 ], [ -39.945305865, -18.230835394 ], [ -39.945297407, -18.230790936 ], [ -39.94529157, -18.23075522 ], [ -39.94528994, -18.230746318 ], [ -39.945275304, -18.230675385 ], [ -39.945273666, -18.230666485 ], [ -39.945266421, -18.230621832 ], [ -39.9452648, -18.230612928 ], [ -39.945261228, -18.230595179 ], [ -39.945259642, -18.230586269 ], [ -39.945251347, -18.230532628 ], [ -39.945249699, -18.230523729 ], [ -39.945245902, -18.230506022 ], [ -39.945243576, -18.230497263 ], [ -39.945240888, -18.230488598 ], [ -39.945239587051923, -18.230482856400105 ] ] } },
{ "type": "Feature", "properties": { "Field": "000", "Length": 136.638000061778 }, "geometry": { "type": "LineString", "coordinates": [ [ -39.9454935, -18.229539826 ], [ -39.945364724, -18.22950592 ], [ -39.945301803, -18.229486254 ], [ -39.945292928, -18.229483131 ], [ -39.945249917, -18.229464355 ], [ -39.945216394, -18.229447604 ], [ -39.945175669, -18.229424639 ], [ -39.945152022, -18.229409658 ], [ -39.945052819, -18.229340259 ], [ -39.945008422, -18.22930649 ], [ -39.944981073, -18.229281515 ], [ -39.944954865, -18.229255447 ], [ -39.944929777, -18.22922839 ], [ -39.944887256, -18.229179904 ], [ -39.944858084, -18.22914434 ], [ -39.944836098, -18.229114923 ], [ -39.944806175, -18.229068852 ], [ -39.944780422, -18.229020534 ], [ -39.944758021, -18.228970714 ], [ -39.944745629, -18.228936559 ], [ -39.944735232, -18.228911333 ], [ -39.944722531, -18.228877283 ], [ -39.944713758, -18.228851499 ], [ -39.944705236, -18.228816279 ], [ -39.944697588, -18.228771688 ], [ -39.944680752, -18.228701202 ], [ -39.944678104, -18.228687755 ] ] } },
{ "type": "Feature", "properties": { "Field": "000", "Length": 200.78347294014316 }, "geometry": { "type": "LineString", "coordinates": [ [ -39.945492350860306, -18.229754456955604 ], [ -39.945447427, -18.229740182 ], [ -39.945374785, -18.229719971 ], [ -39.945311729, -18.229700701 ], [ -39.94525708, -18.229686102 ], [ -39.945230139, -18.229677602 ], [ -39.94519472, -18.229664903 ], [ -39.945177289, -18.229657888 ], [ -39.945143675, -18.229641304 ], [ -39.945110607, -18.229623746 ], [ -39.945061688, -18.22959627 ], [ -39.9449822, -18.229547302 ], [ -39.944958936, -18.229531782999988 ], [ -39.94493649, -18.2295152 ], [ -39.944857533, -18.229450472 ], [ -39.944823887, -18.229418722 ], [ -39.944765582, -18.229359465 ], [ -39.944741031, -18.229331964 ], [ -39.94468829800001, -18.229268118 ], [ -39.944641153, -18.229200398 ], [ -39.9446163, -18.229161956 ], [ -39.944598708, -18.229129954 ], [ -39.944569615, -18.229073129 ], [ -39.944546061, -18.229014007 ], [ -39.944523924, -18.228954388 ], [ -39.944515167, -18.228928599 ], [ -39.944497065, -18.228867749 ], [ -39.944485697, -18.228823888 ], [ -39.944473694, -18.228761675 ], [ -39.944465435, -18.228708029 ], [ -39.944459638, -18.228663183 ], [ -39.944456136, -18.228627189 ], [ -39.944454948, -18.228582017 ], [ -39.944456105, -18.228536844 ], [ -39.944458122, -18.2285098 ], [ -39.944463301, -18.228473991 ], [ -39.94446439, -18.228455947 ], [ -39.944465395, -18.228446961 ], [ -39.944466637940671, -18.228430939764838 ] ] } },
{ "type": "Feature", "properties": { "Field": "000", "Length": 203.72947962345873 }, "geometry": { "type": "LineString", "coordinates": [ [ -39.945484849727521, -18.229765137916971 ], [ -39.945440267, -18.229751553 ], [ -39.945431219, -18.229748925 ], [ -39.945331018, -18.229722197 ], [ -39.94527665, -18.229706675 ], [ -39.945267653, -18.229703888 ], [ -39.945258741, -18.229700862 ], [ -39.945214293, -18.229685443 ], [ -39.945205472, -18.229682183 ], [ -39.945179364, -18.229671572 ], [ -39.945170724, -18.229667896 ], [ -39.94513652900001, -18.229652435 ], [ -39.945128099, -18.22964834 ], [ -39.945070482, -18.229617186 ], [ -39.945062319, -18.229612621 ], [ -39.94501398, -18.229584222 ], [ -39.945006013, -18.229579353 ], [ -39.944998165, -18.22957431 ], [ -39.944974711, -18.229559055 ], [ -39.944967024, -18.229553789 ], [ -39.944937153, -18.229531609 ], [ -39.94492977, -18.229525961 ], [ -39.944878949, -18.229485421 ], [ -39.944871774, -18.229479533 ], [ -39.944836568, -18.229449367 ], [ -39.944829687, -18.229443167 ], [ -39.944776702, -18.229391559 ], [ -39.94477018, -18.229385014 ], [ -39.944751062, -18.229364981 ], [ -39.944744891, -18.229358133 ], [ -39.944738981, -18.229351078 ], [ -39.944686361, -18.229287147 ], [ -39.944680689, -18.229279915 ], [ -39.944637606, -18.229220484 ], [ -39.944627258, -18.229205355 ], [ -39.944617292, -18.229189994 ], [ -39.944607877, -18.229174317 ], [ -39.944603344, -18.229166386 ], [ -39.944569039, -18.229101947 ], [ -39.944564964, -18.229093791 ], [ -39.944546235, -18.2290523 ], [ -39.944542705, -18.229043916 ], [ -39.944510671, -18.228958886 ], [ -39.944504647, -18.228941753 ], [ -39.944496063, -18.228915912 ], [ -39.944485758, -18.22888113 ], [ -39.944483378, -18.228872384 ], [ -39.944470859, -18.228819496 ], [ -39.944468924, -18.22881065 ], [ -39.944462054, -18.228775102 ], [ -39.944460473, -18.228766192 ], [ -39.944448036, -18.228685729 ], [ -39.944446834, -18.228676765 ], [ -39.944442197, -18.228631796 ], [ -39.944441554, -18.22862278 ], [ -39.944440866, -18.228595676 ], [ -39.944440799, -18.228586639 ], [ -39.944441205, -18.22855953 ], [ -39.944441674, -18.228550504 ], [ -39.94444747, -18.228496564 ], [ -39.944448617, -18.228487594 ], [ -39.944452796, -18.228460777 ], [ -39.944453916, -18.228451804 ], [ -39.944456491981661, -18.228417710242756 ] ] } },
{ "type": "Feature", "properties": { "Field": "000", "Length": 160.54483034764448 }, "geometry": { "type": "LineString", "coordinates": [ [ -39.945495393908757, -18.231895188440784 ], [ -39.945483829, -18.231824306 ], [ -39.945468261, -18.231744343 ], [ -39.945462346, -18.231717826 ], [ -39.94545792600001, -18.231691046 ], [ -39.94544862, -18.231646744 ], [ -39.945442503, -18.23161107 ], [ -39.945425999, -18.231531278 ], [ -39.9454149, -18.231468913 ], [ -39.945403663, -18.231415763 ], [ -39.945395894, -18.231371191 ], [ -39.945388069, -18.231335824 ], [ -39.945378, -18.23128246 ], [ -39.945367349, -18.231220024 ], [ -39.945357091, -18.231175914 ], [ -39.945350966, -18.231140242 ], [ -39.945333366, -18.231051448 ], [ -39.94532091, -18.230980136 ], [ -39.945305173, -18.230909419 ], [ -39.945277776, -18.230758032 ], [ -39.945252173, -18.230633898 ], [ -39.945240018, -18.230562539 ], [ -39.945225216, -18.230491638 ], [ -39.945219152758916, -18.230468797416204 ] ] } },
{ "type": "Feature", "properties": { "Field": "000", "Length": 207.02800412949136 }, "geometry": { "type": "LineString", "coordinates": [ [ -39.945476916669627, -18.229776433900458 ], [ -39.945450328, -18.229768422 ], [ -39.945441237, -18.229765932 ], [ -39.94539563, -18.229753994 ], [ -39.945341185, -18.229738716 ], [ -39.945295504, -18.229727043 ], [ -39.945286466, -18.229724381 ], [ -39.945259517, -18.229715901 ], [ -39.945250625, -18.229712823 ], [ -39.945206401, -18.229696826 ], [ -39.945197665, -18.229693364 ], [ -39.945171627, -18.229682596 ], [ -39.945163062, -18.229678762 ], [ -39.945120539, -18.229658998 ], [ -39.945112189, -18.229654754999988 ], [ -39.94507082, -18.229632867 ], [ -39.945005981, -18.229595611 ], [ -39.94499808, -18.229590644 ], [ -39.944966868, -18.229570219 ], [ -39.944944203, -18.229553912 ], [ -39.94492929, -18.229542794 ], [ -39.94488524, -18.229508613 ], [ -39.944878103, -18.229502684 ], [ -39.944828834, -18.22946043 ], [ -39.944822062, -18.229454122 ], [ -39.944748966, -18.229383387 ], [ -39.944742718, -18.229376602 ], [ -39.944724544, -18.229355783 ], [ -39.94466647, -18.229284456 ], [ -39.944660973, -18.229277103 ], [ -39.944634188, -18.229239864 ], [ -39.944608681, -18.229201816 ], [ -39.944603893, -18.229194022 ], [ -39.944585304, -18.229162538 ], [ -39.944576548, -18.229146518 ], [ -39.944543817, -18.229081336 ], [ -39.944540059, -18.229073043 ], [ -39.94452564, -18.229039622 ], [ -39.94452236, -18.229031146 ], [ -39.944491034, -18.228945875 ], [ -39.944479788, -18.22891136 ], [ -39.944477264, -18.228902651 ], [ -39.944465285, -18.228858938 ], [ -39.944463321, -18.228850098 ], [ -39.944457976, -18.228823472 ], [ -39.944450023, -18.22878813 ], [ -39.944448313, -18.228779242 ], [ -39.944443605, -18.228752506 ], [ -39.944435831, -18.228698794 ], [ -39.944433044, -18.228671814 ], [ -39.944430578, -18.228653893 ], [ -39.944429643, -18.2286449 ], [ -39.944428157, -18.228626882 ], [ -39.944427775, -18.228617852 ], [ -39.944427159, -18.228590746 ], [ -39.944427229, -18.228581709 ], [ -39.944427887, -18.228554605 ], [ -39.944428681, -18.2285456 ], [ -39.944437016, -18.228473741 ], [ -39.944437702, -18.228464728 ], [ -39.944439355, -18.228437662 ], [ -39.9444404, -18.22842868 ], [ -39.944442117, -18.228419794 ], [ -39.94444371296435, -18.228401047418696 ] ] } },
{ "type": "Feature", "properties": { "Field": "000", "Length": 162.94341741136355 }, "geometry": { "type": "LineString", "coordinates": [ [ -39.945483737, -18.231906338 ], [ -39.945473233, -18.231844443 ], [ -39.945463888, -18.231800148 ], [ -39.945431846, -18.231631191 ], [ -39.945424217, -18.231595785 ], [ -39.945413279, -18.231533393 ], [ -39.945395148, -18.231444697 ], [ -39.945382007, -18.231373497 ], [ -39.94537439, -18.231338089 ], [ -39.945356109, -18.231240225 ], [ -39.945348597, -18.231204796 ], [ -39.945321503, -18.231062536 ], [ -39.945307193, -18.230982358 ], [ -39.945293217, -18.230920523 ], [ -39.945277902, -18.230840515 ], [ -39.945270269, -18.230795921 ], [ -39.94523535, -18.230618282 ], [ -39.945220903, -18.230538126 ], [ -39.945207286, -18.230476218 ], [ -39.94520399567029, -18.230458369198068 ] ] } },
{ "type": "Feature", "properties": { "Field": "000", "Length": 128.75445464893622 }, "geometry": { "type": "LineString", "coordinates": [ [ -39.945469522, -18.229519081 ], [ -39.945443549, -18.229511244 ], [ -39.945406805, -18.229502648 ], [ -39.945352243, -18.229487756 ], [ -39.945307347, -18.22947357 ], [ -39.945281249, -18.229462938 ], [ -39.945255801, -18.229450951 ], [ -39.945230902, -18.229437954 ], [ -39.94516662, -18.229399827 ], [ -39.945127757, -18.229374085 ], [ -39.945088346, -18.229349115 ], [ -39.945065563, -18.229332958 ], [ -39.945036368, -18.22930997 ], [ -39.945008357, -18.229285675 ], [ -39.944949387, -18.229227024 ], [ -39.944893984, -18.229165278 ], [ -39.944865283, -18.229129367 ], [ -39.944844336, -18.229099267 ], [ -39.944824779, -18.229068323 ], [ -39.944815555, -18.229052544 ], [ -39.94480742, -18.229036227 ], [ -39.944788747, -18.228994713 ], [ -39.944778404, -18.228969467 ], [ -39.944762859, -18.228936511 ], [ -39.944756551, -18.228919473 ], [ -39.944742958, -18.228876194 ], [ -39.944736521, -18.228859198 ], [ -39.944727959, -18.228833351 ], [ -39.944720429, -18.228797927 ], [ -39.944710813, -18.228762965 ], [ -39.944702279, -18.228737109 ], [ -39.944698039026484, -18.228711436160342 ] ] } },
{ "type": "Feature", "properties": { "Field": "000", "Length": 5.8208e-11 }, "geometry": { "type": "LineString", "coordinates": [ [ -39.944698039026484, -18.228711436160342 ], [ -39.944698039026484, -18.228711436160342 ] ] } },
{ "type": "Feature", "properties": { "Field": "000", "Length": 210.68496259360367 }, "geometry": { "type": "LineString", "coordinates": [ [ -39.945468069, -18.229789032 ], [ -39.94542231, -18.22977535 ], [ -39.945394874, -18.22976844 ], [ -39.945340483, -18.229752989 ], [ -39.945294813, -18.229741273 ], [ -39.945267632, -18.229733499 ], [ -39.945240745, -18.229724844 ], [ -39.945187864, -18.22970518 ], [ -39.945119375, -18.229674458 ], [ -39.945085852, -18.229657708 ], [ -39.94504505, -18.229634868 ], [ -39.944980801, -18.229596688 ], [ -39.94494972, -18.229576082 ], [ -39.944912523, -18.229548183 ], [ -39.944840052, -18.229490118 ], [ -39.944805485, -18.229459285 ], [ -39.944746027, -18.229401085 ], [ -39.944727392, -18.22938064 ], [ -39.944662874, -18.229302657 ], [ -39.944646085, -18.229280801 ], [ -39.944603659, -18.22922094 ], [ -39.944570069, -18.229166427 ], [ -39.944548689, -18.229126123 ], [ -39.944529568, -18.229084795 ], [ -39.944518522, -18.229059822 ], [ -39.944505084, -18.22902603 ], [ -39.944480367, -18.228957699 ], [ -39.944458375, -18.228888522 ], [ -39.944449418, -18.228853401 ], [ -39.944436014, -18.22879145 ], [ -39.94442377, -18.228720104 ], [ -39.944416893, -18.22866628 ], [ -39.944412321, -18.228612232999989 ], [ -39.944412214, -18.228567046 ], [ -39.944412955, -18.228548986 ], [ -39.944421628, -18.228449921 ], [ -39.944426715, -18.2284141 ], [ -39.944428709958139, -18.228381484684288 ] ] } },
{ "type": "Feature", "properties": { "Field": "000", "Length": 165.13388128577859 }, "geometry": { "type": "LineString", "coordinates": [ [ -39.94547145992972, -18.231915090598068 ], [ -39.945462195, -18.231862103 ], [ -39.945442444, -18.2317645 ], [ -39.945415772, -18.231622168 ], [ -39.945409792, -18.231595665 ], [ -39.945398889, -18.231533269 ], [ -39.945377074, -18.231426844 ], [ -39.945345471, -18.231257812 ], [ -39.945332018, -18.231195871 ], [ -39.945324606, -18.231151244 ], [ -39.945318796, -18.231124708 ], [ -39.945305917, -18.231053465 ], [ -39.945263448, -18.2308404 ], [ -39.945243794, -18.230733591 ], [ -39.945231066, -18.230671511 ], [ -39.9452266, -18.230644737 ], [ -39.945213413, -18.230582745 ], [ -39.945197919, -18.230493594 ], [ -39.945188330329174, -18.230447591297484 ] ] } },
{ "type": "Feature", "properties": { "Field": "000", "Length": 214.2350994170321 }, "geometry": { "type": "LineString", "coordinates": [ [ -39.945459898751892, -18.229800665927296 ], [ -39.94540612, -18.229784908 ], [ -39.945296643, -18.229756332 ], [ -39.945233709, -18.229736706 ], [ -39.945189615, -18.229720388 ], [ -39.945112324, -18.229686325 ], [ -39.945087136, -18.229673848 ], [ -39.945054239, -18.229656001 ], [ -39.944965774, -18.229603695 ], [ -39.94493503, -18.229582634 ], [ -39.944898138, -18.22955437 ], [ -39.944833401, -18.229501563 ], [ -39.944799186, -18.229470375 ], [ -39.944733165, -18.229405668 ], [ -39.944707922, -18.229378744 ], [ -39.944666683, -18.229329258 ], [ -39.944627146, -18.229278519 ], [ -39.944595489, -18.229233519 ], [ -39.944566286, -18.229187029 ], [ -39.944539915, -18.229139018 ], [ -39.944520219, -18.229097939 ], [ -39.944502083, -18.229056209 ], [ -39.944488541, -18.229022455 ], [ -39.944463965, -18.228954078 ], [ -39.944449917, -18.228910932 ], [ -39.944436004, -18.228858365 ], [ -39.944424286, -18.22880531 ], [ -39.944416036, -18.228760817 ], [ -39.9444049, -18.228680181 ], [ -39.944398243, -18.228617241 ], [ -39.944397434, -18.228563026 ], [ -39.944397914, -18.228554002 ], [ -39.94440712, -18.228454982 ], [ -39.944414249, -18.228392089 ], [ -39.944414926, -18.228374029 ], [ -39.944414066009372, -18.228362390126808 ] ] } },
{ "type": "Feature", "properties": { "Field": "000", "Length": 169.22948999782187 }, "geometry": { "type": "LineString", "coordinates": [ [ -39.945451086, -18.229813214 ], [ -39.945441642, -18.229810777 ], [ -39.945396974, -18.229795948 ], [ -39.94529658, -18.22976989 ], [ -39.945251361, -18.229756674 ], [ -39.945215587, -18.22974492 ], [ -39.945180548, -18.229731294 ], [ -39.945111611, -18.229701502 ], [ -39.94508624, -18.229689367 ], [ -39.945053381, -18.229671456 ], [ -39.944988541, -18.229634199 ], [ -39.944956953, -18.229614309 ], [ -39.944934049, -18.229598308 ], [ -39.944882176, -18.229559002 ], [ -39.944831758, -18.229518005 ], [ -39.944810932, -18.229499593 ], [ -39.944705005, -18.229396335 ], [ -39.944673592, -18.22936256 ], [ -39.944661569, -18.229348607 ], [ -39.944611034, -18.229283158 ], [ -39.94458396, -18.229246111 ], [ -39.944564566, -18.229215073 ], [ -39.944552021, -18.229190756 ], [ -39.944534118, -18.229158911 ], [ -39.944521431, -18.229134661 ], [ -39.944505964, -18.229101671 ], [ -39.944488023, -18.229059863 ], [ -39.944468271, -18.229009031 ], [ -39.944452314, -18.228966495 ], [ -39.944443911, -18.228940599 ], [ -39.944434664, -18.228905546 ], [ -39.944426665, -18.228879534 ], [ -39.944416465, -18.228835412 ], [ -39.944411442, -18.228808728 ], [ -39.944405375, -18.228782243 ], [ -39.944405129298829, -18.228780495604926 ] ] } },
{ "type": "Feature", "properties": { "Field": "000", "Length": 122.06823749299546 }, "geometry": { "type": "LineString", "coordinates": [ [ -39.945447058, -18.229499646 ], [ -39.945390245, -18.229483966 ], [ -39.945354155, -18.229473129 ], [ -39.945335789, -18.229468808 ], [ -39.945308905, -18.229460144 ], [ -39.94527435900001, -18.229445412 ], [ -39.945249192, -18.229432894 ], [ -39.945216515, -18.229414682 ], [ -39.945184347, -18.229395659 ], [ -39.945122153, -18.22935449 ], [ -39.945090464, -18.229334747 ], [ -39.94506771, -18.229318551 ], [ -39.945053115, -18.229307054 ], [ -39.945025046, -18.229282819 ], [ -39.94500488, -18.229263748 ], [ -39.94495938, -18.229217797 ], [ -39.944915772, -18.229170199 ], [ -39.944886274, -18.229134883 ], [ -39.944860043, -18.229097287 ], [ -39.944826206, -18.229042913 ], [ -39.944818936, -18.229026227 ], [ -39.944810597, -18.229010004 ], [ -39.944797023, -18.228976262 ], [ -39.944781358, -18.228943358 ], [ -39.944778066, -18.228934885 ], [ -39.944758167, -18.228874549 ], [ -39.944742979, -18.228831757 ], [ -39.944727368, -18.22877028 ], [ -39.944712851364613, -18.228729032036007 ] ] } },
{ "type": "Feature", "properties": { "Field": "000", "Length": 1.74623e-10 }, "geometry": { "type": "LineString", "coordinates": [ [ -39.944712851364613, -18.228729032036007 ], [ -39.944712851364613, -18.228729032036007 ] ] } },
{ "type": "Feature", "properties": { "Field": "000", "Length": 167.77823983207975 }, "geometry": { "type": "LineString", "coordinates": [ [ -39.945458049972594, -18.231924111847103 ], [ -39.945440578, -18.231826621 ], [ -39.94542752, -18.231764603 ], [ -39.945414752, -18.231693342 ], [ -39.945390041, -18.231569043 ], [ -39.945382663, -18.23152441 ], [ -39.945365519, -18.231444742 ], [ -39.94533439, -18.23127563 ], [ -39.945317971, -18.231195822 ], [ -39.945309946, -18.231151291 ], [ -39.945302092, -18.23111593 ], [ -39.94529127, -18.231053521 ], [ -39.945270109, -18.230946975 ], [ -39.945260524, -18.23089353 ], [ -39.945245484, -18.230822675 ], [ -39.945213884, -18.230653643 ], [ -39.945200862, -18.230591618 ], [ -39.945190921, -18.230538233 ], [ -39.945180506, -18.230475759 ], [ -39.945173448, -18.230440245 ], [ -39.945171725485814, -18.230432887467252 ] ] } },
{ "type": "Feature", "properties": { "Field": "000", "Length": 152.9333386908713 }, "geometry": { "type": "LineString", "coordinates": [ [ -39.944427416244814, -18.228936695764943 ], [ -39.944439196, -18.228971785 ], [ -39.944442234, -18.228980343 ], [ -39.944468437, -18.229048166 ], [ -39.944485554, -18.229090288 ], [ -39.944489188, -18.229098632 ], [ -39.94452549, -18.229172199 ], [ -39.944529635, -18.229180322 ], [ -39.944538285, -18.229196395 ], [ -39.944542771, -18.229204351 ], [ -39.944547474, -18.229212192 ], [ -39.944566536, -18.229243417 ], [ -39.944571491, -18.229251114 ], [ -39.944576741, -18.229258631 ], [ -39.944598163, -18.229288425 ], [ -39.944631716000011, -18.229332154 ], [ -39.944654693, -18.22936087 ], [ -39.944660597, -18.22936793 ], [ -39.944685352, -18.229395265 ], [ -39.944691659, -18.229401999 ], [ -39.944730716, -18.229441333 ], [ -39.944797567, -18.229505258 ], [ -39.944811317, -18.229517669 ], [ -39.944818297, -18.229523767 ], [ -39.944825416, -18.229529717 ], [ -39.944861205, -18.229559249 ], [ -39.944875804, -18.229570741 ], [ -39.944920176, -18.22960454 ], [ -39.944927663, -18.22961006 ], [ -39.944950631, -18.229625977 ], [ -39.944958398, -18.229631134 ], [ -39.945006146, -18.22966043 ], [ -39.945046644, -18.229683757 ], [ -39.94505482, -18.229688301 ], [ -39.945071417, -18.229696968 ], [ -39.945079803, -18.229701146 ], [ -39.945113936, -18.229716729 ], [ -39.945148685, -18.229731016 ], [ -39.945183014, -18.229746203 ], [ -39.945191681, -18.22974982 ], [ -39.945226976, -18.229762827 ], [ -39.945235869, -18.229765902 ], [ -39.945262861, -18.229774255 ], [ -39.945271911, -18.22977688 ], [ -39.945335814, -18.229793404 ], [ -39.945354008, -18.229798344 ], [ -39.945399348, -18.229811176 ], [ -39.945443069763627, -18.229824628927268 ] ] } },
{ "type": "Feature", "properties": { "Field": "000", "Length": 151.35945102634088 }, "geometry": { "type": "LineString", "coordinates": [ [ -39.94543682, -18.229836121 ], [ -39.945373746, -18.229818463 ], [ -39.945255241, -18.229787175 ], [ -39.945228179, -18.229779033 ], [ -39.945201626, -18.229769484 ], [ -39.945175519, -18.229758872 ], [ -39.945115153, -18.229732901 ], [ -39.945072649, -18.229713099 ], [ -39.945055913, -18.229704678 ], [ -39.945015056, -18.22968193 ], [ -39.944927844, -18.229627737 ], [ -39.944882714, -18.229594871 ], [ -39.944781195, -18.229513651 ], [ -39.944760864, -18.229494743 ], [ -39.944703021, -18.229435076 ], [ -39.944671444, -18.229401442 ], [ -39.944653469, -18.229380466 ], [ -39.944607516, -18.229323031 ], [ -39.944579802, -18.229286419 ], [ -39.944564148, -18.229263808 ], [ -39.944534412, -18.229217627 ], [ -39.944499322, -18.229153576 ], [ -39.94447985, -18.2291124 ], [ -39.944461925, -18.229070587 ], [ -39.944421631553816, -18.228965232801194 ] ] } },
{ "type": "Feature", "properties": { "Field": "000", "Length": 170.75819447421114 }, "geometry": { "type": "LineString", "coordinates": [ [ -39.945445262999165, -18.231932713996081 ], [ -39.94543395, -18.231880082 ], [ -39.94542616, -18.231835513 ], [ -39.945406783, -18.231737843 ], [ -39.94539508, -18.231675578 ], [ -39.945391084, -18.231648737 ], [ -39.945378307, -18.231586666 ], [ -39.945374045, -18.231569057 ], [ -39.94536509, -18.231515515 ], [ -39.945355798, -18.23147121 ], [ -39.945347818, -18.231426672 ], [ -39.94533379, -18.231355627 ], [ -39.945326019, -18.231311055 ], [ -39.94531661, -18.231266772 ], [ -39.945313752, -18.231248906 ], [ -39.945306477, -18.231213433 ], [ -39.945290308, -18.23112439 ], [ -39.945286007, -18.231106791 ], [ -39.945276371, -18.231053356 ], [ -39.945264838, -18.231000264 ], [ -39.945258985, -18.230964551 ], [ -39.9452488, -18.230911209 ], [ -39.945246511, -18.230902442 ], [ -39.945235235, -18.230840108 ], [ -39.94523122, -18.230822446 ], [ -39.945226595, -18.230795698 ], [ -39.945214309, -18.230733536 ], [ -39.945208436, -18.230707011 ], [ -39.945200866, -18.230662408 ], [ -39.945194972, -18.230635889 ], [ -39.945181526, -18.230564742 ], [ -39.945177602, -18.230547060999989 ], [ -39.945162916, -18.230457785 ], [ -39.945159195, -18.230440065 ], [ -39.945154347, -18.230422595 ], [ -39.94515296285099, -18.230415343185339 ] ] } },
{ "type": "Feature", "properties": { "Field": "000", "Length": 146.25825383396554 }, "geometry": { "type": "LineString", "coordinates": [ [ -39.945430875, -18.229849435 ], [ -39.945368102, -18.229830822 ], [ -39.945267722, -18.229804718 ], [ -39.945222504, -18.229791498 ], [ -39.945169771, -18.229771479 ], [ -39.945083995, -18.229733416 ], [ -39.945050481, -18.229716651 ], [ -39.945009424, -18.229694234 ], [ -39.944914695, -18.229634514 ], [ -39.944869429, -18.229601818 ], [ -39.944789174, -18.229538565 ], [ -39.944748116, -18.229501138 ], [ -39.944677265, -18.229428349 ], [ -39.944641355, -18.229386365 ], [ -39.944595448, -18.229328897 ], [ -39.94456781600001, -18.229292228 ], [ -39.944546682, -18.229262246 ], [ -39.944522078, -18.229223659 ], [ -39.944508215, -18.229200004 ], [ -39.944494944, -18.229176041 ], [ -39.944478407, -18.229143529 ], [ -39.944455434, -18.229093949 ], [ -39.944429000036266, -18.22902322428294 ] ] } },
{ "type": "Feature", "properties": { "Field": "000", "Length": 136.47294324302072 }, "geometry": { "type": "LineString", "coordinates": [ [ -39.945424774877708, -18.229863097966561 ], [ -39.94537977, -18.229850796 ], [ -39.945316588, -18.229831908 ], [ -39.945270935, -18.229820135 ], [ -39.945225818, -18.229806606 ], [ -39.945172596, -18.229787802 ], [ -39.945129377, -18.229769468 ], [ -39.945086618, -18.229750173 ], [ -39.945011734, -18.229711511 ], [ -39.944916235, -18.229652921 ], [ -39.944870704, -18.229620563 ], [ -39.944819448, -18.229580527 ], [ -39.9447553, -18.229527067 ], [ -39.944683508, -18.229455126 ], [ -39.944634528, -18.229400023 ], [ -39.944564418, -18.229314745 ], [ -39.944533062, -18.229269554 ], [ -39.944509506, -18.229230375 ], [ -39.944496655, -18.229206204 ], [ -39.944478247, -18.229174624 ], [ -39.944452121375882, -18.229121201353671 ] ] } },
{ "type": "Feature", "properties": { "Field": "000", "Length": 113.81511558570193 }, "geometry": { "type": "LineString", "coordinates": [ [ -39.945421352, -18.229479206 ], [ -39.945330925, -18.229450264 ], [ -39.945295489, -18.229437609 ], [ -39.945261109, -18.229422528 ], [ -39.94521953, -18.229401008 ], [ -39.945195278, -18.229386937 ], [ -39.945171483, -18.229372171 ], [ -39.945133209, -18.229345635 ], [ -39.945050749, -18.229285026 ], [ -39.945036479, -18.229273162 ], [ -39.945016029, -18.22925437 ], [ -39.94497624, -18.22921571 ], [ -39.94495722, -18.229195593 ], [ -39.944932776, -18.229168004 ], [ -39.944897751, -18.229125342 ], [ -39.94487582, -18.229095887 ], [ -39.94485181, -18.229056959 ], [ -39.944826875, -18.229008251 ], [ -39.944799748, -18.228950545 ], [ -39.944789824, -18.228925146 ], [ -39.944768393, -18.228855808 ], [ -39.944749325, -18.228804737 ], [ -39.944746353, -18.228796158 ], [ -39.944739662, -18.228769811 ], [ -39.944734641210921, -18.2287549166257 ] ] } },
{ "type": "Feature", "properties": { "Field": "000", "Length": 173.57738652760685 }, "geometry": { "type": "LineString", "coordinates": [ [ -39.945432196974295, -18.231941503868914 ], [ -39.945404423, -18.231799869 ], [ -39.945398843, -18.231764115 ], [ -39.945394342, -18.231746562 ], [ -39.945388911, -18.231719952 ], [ -39.945376451, -18.231648641 ], [ -39.945360571, -18.231568734 ], [ -39.94534905, -18.231506438 ], [ -39.945341514, -18.231471013 ], [ -39.945330355, -18.231408658 ], [ -39.945322994, -18.2313732 ], [ -39.945309773, -18.231302014 ], [ -39.945304038, -18.231275462 ], [ -39.945295474, -18.23122186 ], [ -39.945282089, -18.231159906 ], [ -39.945259597, -18.231044403 ], [ -39.945251853, -18.23100902 ], [ -39.945237885, -18.230928787 ], [ -39.945232089, -18.230902248 ], [ -39.945222532, -18.230848799 ], [ -39.945171458, -18.230591301 ], [ -39.945153952, -18.230493309 ], [ -39.94514685, -18.230448635 ], [ -39.945141969, -18.230431176 ], [ -39.945135420165073, -18.230398939634874 ] ] } },
{ "type": "Feature", "properties": { "Field": "000", "Length": 130.28069333794321 }, "geometry": { "type": "LineString", "coordinates": [ [ -39.945419612771744, -18.229874658942286 ], [ -39.945374361, -18.229863216999984 ], [ -39.94531134, -18.229843849 ], [ -39.945265707, -18.229832005 ], [ -39.945211593, -18.229815692 ], [ -39.945175847, -18.229803862 ], [ -39.945132627, -18.229785536 ], [ -39.945081322, -18.229762371 ], [ -39.945047605, -18.229745979 ], [ -39.945014503, -18.229728482 ], [ -39.944966094, -18.229700194 ], [ -39.94491068, -18.229665581 ], [ -39.944880077, -18.229644333 ], [ -39.944820952, -18.229599225 ], [ -39.94478481, -18.229570087 ], [ -39.94474966100001, -18.229539861 ], [ -39.944729291, -18.229520989 ], [ -39.944652194, -18.229441409 ], [ -39.944610134, -18.229392558 ], [ -39.944604336, -18.229385419 ], [ -39.944558126, -18.229328172 ], [ -39.944536411, -18.229298573 ], [ -39.944520935, -18.22927585 ], [ -39.944496839, -18.229236971 ], [ -39.944479995, -18.229204605 ], [ -39.944468027866805, -18.229186889472587 ] ] } },
{ "type": "Feature", "properties": { "Field": "000", "Length": 124.94837908977614 }, "geometry": { "type": "LineString", "coordinates": [ [ -39.945414128, -18.229886942 ], [ -39.945324061, -18.229860908 ], [ -39.94529659, -18.229854129 ], [ -39.945206038, -18.229828058 ], [ -39.945179399, -18.229818732 ], [ -39.945135779, -18.229801286 ], [ -39.94507568, -18.229774758 ], [ -39.945025517, -18.229749411 ], [ -39.944936479, -18.229698001 ], [ -39.944888996, -18.229668314 ], [ -39.944866417, -18.229651899 ], [ -39.944757553, -18.229564983 ], [ -39.944723174, -18.22953396 ], [ -39.94467069600001, -18.229481881 ], [ -39.944627039, -18.229434325 ], [ -39.944597492, -18.229399046 ], [ -39.94456297, -18.229356013 ], [ -39.94454132, -18.229326369 ], [ -39.944511309, -18.229280351 ], [ -39.944485353, -18.22924258 ] ] } },
{ "type": "Feature", "properties": { "Field": "000", "Length": 118.03489014607754 }, "geometry": { "type": "LineString", "coordinates": [ [ -39.945408884878312, -18.229898684967761 ], [ -39.945391117, -18.229893979 ], [ -39.945346105, -18.229880135 ], [ -39.945337028, -18.229877599 ], [ -39.945218591, -18.229846074 ], [ -39.945209618, -18.229843216 ], [ -39.945173991, -18.229831062 ], [ -39.945165204, -18.22982772 ], [ -39.945121537, -18.229810381 ], [ -39.945112932, -18.229806633 ], [ -39.945061641, -18.229783439 ], [ -39.945053299, -18.22977918 ], [ -39.945028554, -18.229765918 ], [ -39.944914959, -18.229700919 ], [ -39.94490706, -18.22969595 ], [ -39.944883639, -18.229680647 ], [ -39.94487612, -18.229675166 ], [ -39.944831764, -18.229641348 ], [ -39.944759149, -18.229583448 ], [ -39.944737746, -18.229565651 ], [ -39.944730907, -18.229559409 ], [ -39.94469732, -18.229527601 ], [ -39.944638991, -18.229468367 ], [ -39.944632925, -18.229461434 ], [ -39.94456227, -18.229376566 ], [ -39.944556632, -18.229369311 ], [ -39.944540029, -18.229347326 ], [ -39.944534809, -18.22933979 ], [ -39.94451402885506, -18.229308662268064 ] ] } },
{ "type": "Feature", "properties": { "Field": "000", "Length": 177.03063013714558 }, "geometry": { "type": "LineString", "coordinates": [ [ -39.945419955, -18.231949739 ], [ -39.945399748, -18.231852726 ], [ -39.94539589, -18.231825867 ], [ -39.945386137, -18.23177245 ], [ -39.945375052, -18.231719271 ], [ -39.945363965, -18.231656904 ], [ -39.945358443, -18.231630311 ], [ -39.945354049, -18.231603526 ], [ -39.945348347, -18.231576968 ], [ -39.945336867, -18.231514666 ], [ -39.945329183, -18.23147927 ], [ -39.945319624, -18.231425822 ], [ -39.945303843, -18.231345896 ], [ -39.945292827, -18.231283517 ], [ -39.945276971, -18.231203605 ], [ -39.9452673, -18.231159374 ], [ -39.945264489, -18.231141501 ], [ -39.945253989, -18.231088214 ], [ -39.945240911, -18.231026199999985 ], [ -39.945225296, -18.230937067 ], [ -39.945209904, -18.230857072 ], [ -39.945194774, -18.230786234 ], [ -39.945188818, -18.230750537 ], [ -39.94517776, -18.230697353 ], [ -39.945164455, -18.230626181 ], [ -39.945158805, -18.230599612 ], [ -39.945123811, -18.230412798 ], [ -39.945116822, -18.230386523 ], [ -39.94511276, -18.230378374 ], [ -39.94511259679529, -18.230377598302081 ] ] } },
{ "type": "Feature", "properties": { "Field": "000", "Length": 114.56956812410242 }, "geometry": { "type": "LineString", "coordinates": [ [ -39.945403087827657, -18.229911667950599 ], [ -39.945367309, -18.229901413 ], [ -39.945358281, -18.229898719 ], [ -39.945331342, -18.229890215 ], [ -39.945304141, -18.229882506 ], [ -39.945277134, -18.229874198 ], [ -39.945213463, -18.229856876 ], [ -39.945204419, -18.229854233 ], [ -39.945150864, -18.229836312 ], [ -39.945142004, -18.229833151 ], [ -39.945107057, -18.229819312 ], [ -39.945098415, -18.22981564 ], [ -39.945056096, -18.229795481 ], [ -39.945047744, -18.229791241 ], [ -39.944974473, -18.229749852 ], [ -39.94494158, -18.229731997 ], [ -39.944933454, -18.229727375 ], [ -39.944885921, -18.229697759 ], [ -39.944878112, -18.229692661 ], [ -39.94485528, -18.229676567 ], [ -39.944840348, -18.229665473 ], [ -39.944803537, -18.229637112 ], [ -39.944781864, -18.229619614 ], [ -39.944767657, -18.229607682 ], [ -39.944725595, -18.229571287 ], [ -39.94469826000001, -18.229546298 ], [ -39.944691509, -18.229539969 ], [ -39.944678275, -18.229527056 ], [ -39.944665402, -18.229513814 ], [ -39.944633817, -18.229480186 ], [ -39.944627625, -18.229473354 ], [ -39.944544487, -18.229374885 ], [ -39.944538695, -18.229367741 ], [ -39.944524193948887, -18.229348533240309 ] ] } },
{ "type": "Feature", "properties": { "Field": "000", "Length": 113.53292199847905 }, "geometry": { "type": "LineString", "coordinates": [ [ -39.945397614922442, -18.229923924980621 ], [ -39.945379778, -18.229919467 ], [ -39.945370749, -18.229916783 ], [ -39.945334981, -18.229905015 ], [ -39.945325952, -18.229902327 ], [ -39.945298705, -18.229894769 ], [ -39.945289757, -18.229891847 ], [ -39.945280898, -18.229888684 ], [ -39.94527188, -18.229885969 ], [ -39.945198945, -18.229866745 ], [ -39.945145319, -18.229849025 ], [ -39.945101441, -18.229832184 ], [ -39.94506743, -18.229816364 ], [ -39.945001027, -18.229781716 ], [ -39.944935999, -18.22974476 ], [ -39.944927974, -18.229739979 ], [ -39.944872472, -18.229705497 ], [ -39.944864829, -18.229700177 ], [ -39.944834583, -18.229678466 ], [ -39.944768769, -18.229626889 ], [ -39.944733492, -18.2295968 ], [ -39.944692392, -18.229559415 ], [ -39.94464681, -18.229513538999988 ], [ -39.944609248, -18.229472897 ], [ -39.944537492, -18.22938888 ], [ -39.944526366, -18.229374265 ], [ -39.944523405480396, -18.229369784895695 ] ] } },
{ "type": "Feature", "properties": { "Field": "000", "Length": 178.7873248696977 }, "geometry": { "type": "LineString", "coordinates": [ [ -39.945407601, -18.23195805 ], [ -39.94538742, -18.231861032 ], [ -39.945381721, -18.231825296 ], [ -39.945374768, -18.231789763 ], [ -39.945370788, -18.23176292 ], [ -39.945355903, -18.231692035999984 ], [ -39.945343162, -18.23162077 ], [ -39.945337393, -18.231594225 ], [ -39.945322472, -18.231514149 ], [ -39.945314684, -18.231478774 ], [ -39.945294941, -18.231371981 ], [ -39.945285663, -18.231327672 ], [ -39.945281352, -18.231300876 ], [ -39.945267551, -18.231229791 ], [ -39.945254141, -18.231167841 ], [ -39.945249699, -18.231141065 ], [ -39.94523011, -18.231043433 ], [ -39.945207938, -18.230918697 ], [ -39.945201895, -18.230892208 ], [ -39.945195675, -18.230856552 ], [ -39.945180514, -18.23078572 ], [ -39.945171287, -18.230732219 ], [ -39.945156373, -18.230661339 ], [ -39.94513824, -18.230563451 ], [ -39.945123762, -18.230492488 ], [ -39.945115772, -18.230447952 ], [ -39.945113239, -18.23043004 ], [ -39.945105859, -18.230394587 ], [ -39.945102921, -18.230376732 ], [ -39.945101392, -18.230369251 ] ] } },
{ "type": "Feature", "properties": { "Field": "000", "Length": 105.63363744745931 }, "geometry": { "type": "LineString", "coordinates": [ [ -39.945392016498964, -18.229456155821936 ], [ -39.945364175, -18.229446261 ], [ -39.945319199, -18.229432309 ], [ -39.945292779, -18.229422427 ], [ -39.945275492, -18.229415091 ], [ -39.945241825, -18.229398607 ], [ -39.94519339, -18.229370357 ], [ -39.945169836, -18.229355243 ], [ -39.945131817, -18.229328373 ], [ -39.945095003, -18.229300014 ], [ -39.945057438, -18.229272569 ], [ -39.945022281, -18.22924235 ], [ -39.94498219, -18.229203977 ], [ -39.944939519, -18.22915561 ], [ -39.944894043, -18.22909783 ], [ -39.944868602, -18.22905974 ], [ -39.944864159, -18.229051762 ], [ -39.944852434, -18.229027074 ], [ -39.944827009, -18.228978598 ], [ -39.944810937, -18.228945873 ], [ -39.944784468, -18.228859112 ], [ -39.944768367, -18.228816625 ], [ -39.944760727, -18.228800091 ], [ -39.944757743, -18.228791516 ], [ -39.944754414037824, -18.228778405148965 ] ] } },
{ "type": "Feature", "properties": { "Field": "000", "Length": 111.04447484618551 }, "geometry": { "type": "LineString", "coordinates": [ [ -39.945391655794829, -18.229937270944433 ], [ -39.945319323, -18.22991768 ], [ -39.945265228, -18.229901306 ], [ -39.945183553, -18.229878413 ], [ -39.945148058, -18.229865915 ], [ -39.945113106, -18.229852086 ], [ -39.945087221, -18.229840987 ], [ -39.945053214, -18.229825151 ], [ -39.944994634, -18.229795684 ], [ -39.944962138, -18.229777179 ], [ -39.944858662, -18.229713733 ], [ -39.944828317, -18.22969215 ], [ -39.944769651, -18.229646496 ], [ -39.944692059, -18.229580278 ], [ -39.94465823, -18.229548707 ], [ -39.94460047, -18.229488966 ], [ -39.94456999, -18.229454421 ], [ -39.944541743, -18.229418184 ], [ -39.944529717, -18.229404233 ], [ -39.944529230702628, -18.229403500608914 ] ] } },
{ "type": "Feature", "properties": { "Field": "000", "Length": 111.71386280639702 }, "geometry": { "type": "LineString", "coordinates": [ [ -39.945386179, -18.229949536 ], [ -39.945331891, -18.229935403 ], [ -39.945268713, -18.229916503 ], [ -39.945223159, -18.229904385 ], [ -39.945186962, -18.22989388 ], [ -39.945151381, -18.229881606 ], [ -39.945107596, -18.229864543 ], [ -39.945055957, -18.229842066999989 ], [ -39.944989111, -18.229808204 ], [ -39.944948399, -18.229785221 ], [ -39.944892345, -18.229751564 ], [ -39.944845367, -18.22972115 ], [ -39.944814992, -18.229699605 ], [ -39.944756491, -18.229653759 ], [ -39.944679157, -18.229587267 ], [ -39.944652206, -18.229561901 ], [ -39.94462604, -18.229535795 ], [ -39.944594207, -18.22950238 ], [ -39.94455764, -18.229460918 ], [ -39.944529333, -18.229424725 ], [ -39.944518811609747, -18.229412333748829 ] ] } },
{ "type": "Feature", "properties": { "Field": "000", "Length": 182.0638821132172 }, "geometry": { "type": "LineString", "coordinates": [ [ -39.945393794990132, -18.231967337925514 ], [ -39.945390298, -18.231940948 ], [ -39.945385531, -18.231914222 ], [ -39.945379393, -18.231887753 ], [ -39.945372347, -18.231852237 ], [ -39.945351167, -18.231736508 ], [ -39.945341583, -18.23169226 ], [ -39.94533383, -18.231647685 ], [ -39.945322582, -18.231594537 ], [ -39.945308017, -18.231514402 ], [ -39.945303879, -18.231496765 ], [ -39.945294699, -18.231443257 ], [ -39.945270998, -18.231327976 ], [ -39.945266589, -18.231301194 ], [ -39.945249722, -18.231212269 ], [ -39.945243822, -18.231185751 ], [ -39.945230505, -18.231114581 ], [ -39.945219218, -18.231061441 ], [ -39.94521001, -18.231007936 ], [ -39.945186664, -18.230883396 ], [ -39.94517879, -18.230848039 ], [ -39.945158485, -18.230741341 ], [ -39.945148951, -18.230697083 ], [ -39.94512561, -18.230572542 ], [ -39.94511314, -18.230510414 ], [ -39.945097215, -18.230421331 ], [ -39.945093401, -18.230394466 ], [ -39.945090462, -18.230376611 ], [ -39.945088572, -18.230367758 ], [ -39.94508401364898, -18.230349085989108 ] ] } },
{ "type": "Feature", "properties": { "Field": "000", "Length": 100.81893291172693 }, "geometry": { "type": "LineString", "coordinates": [ [ -39.945380893951416, -18.229961372985926 ], [ -39.945317995, -18.229943151 ], [ -39.945308901, -18.229940669 ], [ -39.94520844, -18.229914851 ], [ -39.94519937, -18.22991229 ], [ -39.945181364, -18.229906756 ], [ -39.945172435, -18.229903777 ], [ -39.945145882, -18.229894225 ], [ -39.94513713, -18.229890802 ], [ -39.945067921, -18.22986159 ], [ -39.945042255, -18.229850037 ], [ -39.945033813, -18.229845962 ], [ -39.944983742, -18.22982045 ], [ -39.944975495, -18.229816026 ], [ -39.944942899, -18.229797682 ], [ -39.944934829, -18.229792969 ], [ -39.944878891, -18.229759135 ], [ -39.944871026, -18.229754117 ], [ -39.944824587, -18.229722957 ], [ -39.944817026, -18.229717528 ], [ -39.944743202, -18.229661042 ], [ -39.944735947, -18.229655245 ], [ -39.94469315700001, -18.229619632 ], [ -39.944686194, -18.229613516 ], [ -39.944659003, -18.229588384 ], [ -39.944652354, -18.229581957 ], [ -39.944606821, -18.229536036 ], [ -39.944600449, -18.229529357 ], [ -39.944576300847771, -18.229503084099051 ] ] } },
{ "type": "Feature", "properties": { "Field": "000", "Length": 103.32844521127191 }, "geometry": { "type": "LineString", "coordinates": [ [ -39.945375208961906, -18.229974104988983 ], [ -39.945312301, -18.229955912 ], [ -39.945202815, -18.229927365 ], [ -39.945158072, -18.229912751 ], [ -39.945149287, -18.229909405 ], [ -39.945114214, -18.229895859 ], [ -39.945105566, -18.229892202 ], [ -39.945045115, -18.229866415 ], [ -39.945019676, -18.229854411 ], [ -39.944961406, -18.229824387 ], [ -39.944912847, -18.229796335 ], [ -39.944889036, -18.229781592 ], [ -39.94484183, -18.229751503 ], [ -39.944803671, -18.229724817 ], [ -39.944730082, -18.229668053 ], [ -39.944694076, -18.229638762 ], [ -39.944659858, -18.229607577 ], [ -39.944606878, -18.229555964 ], [ -39.944593913, -18.229542804 ], [ -39.944562624, -18.229508924 ], [ -39.94455657, -18.229501986 ], [ -39.944554437169138, -18.229499218189698 ] ] } },
{ "type": "Feature", "properties": { "Field": "000", "Length": 97.151260623484873 }, "geometry": { "type": "LineString", "coordinates": [ [ -39.945367104963744, -18.229432104989602 ], [ -39.945313669, -18.229416792 ], [ -39.945287379, -18.229406608 ], [ -39.945229065, -18.229376674 ], [ -39.945180542, -18.229348564 ], [ -39.945134588, -18.22931676 ], [ -39.945068671, -18.229265305 ], [ -39.945026598, -18.229228922 ], [ -39.944993514, -18.229196639 ], [ -39.944968965, -18.229169138 ], [ -39.944945355, -18.229140895 ], [ -39.944906324, -18.229089799 ], [ -39.944890008, -18.229067619 ], [ -39.944866799, -18.229028255 ], [ -39.94483637, -18.228972073 ], [ -39.944825178, -18.228947162 ], [ -39.944815779, -18.228921583 ], [ -39.94479935, -18.228860305 ], [ -39.944790042, -18.228834697 ], [ -39.944778750239976, -18.228807314581939 ] ] } },
{ "type": "Feature", "properties": { "Field": "000", "Length": 93.948309825652061 }, "geometry": { "type": "LineString", "coordinates": [ [ -39.945369730734591, -18.229986373929229 ], [ -39.945197112, -18.229940345 ], [ -39.945143471, -18.229922663 ], [ -39.945065105, -18.22989092 ], [ -39.945014126, -18.229867109 ], [ -39.944964156, -18.229841418 ], [ -39.94493147, -18.229823219 ], [ -39.94488349, -18.22979427 ], [ -39.944828216, -18.229759454 ], [ -39.944797521, -18.229738326 ], [ -39.944746082, -18.229698505 ], [ -39.944673775, -18.229640254 ], [ -39.944627028, -18.229595463 ], [ -39.944619825, -18.22958961 ], [ -39.94460655, -18.229576738 ] ] } },
{ "type": "Feature", "properties": { "Field": "000", "Length": 185.12276100546407 }, "geometry": { "type": "LineString", "coordinates": [ [ -39.945380037, -18.231976593 ], [ -39.945377752, -18.231959166 ], [ -39.945375836, -18.231941185 ], [ -39.945374319, -18.231932266 ], [ -39.945360081, -18.231861259 ], [ -39.94535070900001, -18.231807781 ], [ -39.945340534, -18.231754436 ], [ -39.945328978, -18.231701348 ], [ -39.945327321, -18.231692451 ], [ -39.945319639, -18.231647865 ], [ -39.945299811, -18.231550277 ], [ -39.945280458, -18.231443418 ], [ -39.945260192, -18.231345913 ], [ -39.945237463, -18.231221268 ], [ -39.945224689, -18.231159196 ], [ -39.945211587, -18.23108799 ], [ -39.945209763, -18.231079123 ], [ -39.94520383, -18.23105261 ], [ -39.945202042, -18.231043736 ], [ -39.945170814, -18.23087464 ], [ -39.945140177, -18.230723821 ], [ -39.945129788, -18.230670514 ], [ -39.945118853, -18.230608122 ], [ -39.945092568, -18.23047491 ], [ -39.945084834, -18.230430332 ], [ -39.945083504, -18.230421385 ], [ -39.945081173, -18.230403448 ], [ -39.945076831, -18.230376656 ], [ -39.945074831, -18.230367824 ], [ -39.945068355, -18.230341428 ], [ -39.945066600805873, -18.230330895155447 ] ] } },
{ "type": "Feature", "properties": { "Field": "000", "Length": 91.947977806209323 }, "geometry": { "type": "LineString", "coordinates": [ [ -39.945363911, -18.229999407 ], [ -39.945328185, -18.229988984 ], [ -39.945246047, -18.229967659 ], [ -39.945182604, -18.229949589 ], [ -39.945146713, -18.229938167 ], [ -39.945128957, -18.229931937 ], [ -39.945076641, -18.229910939 ], [ -39.945033648, -18.229892127 ], [ -39.945016744, -18.229884018 ], [ -39.945008459, -18.229879662 ], [ -39.944934012, -18.229840233 ], [ -39.94490976, -18.229826163 ], [ -39.944846249, -18.229786872999984 ], [ -39.944799447, -18.229756213 ], [ -39.944762355, -18.229728188 ], [ -39.944704907, -18.229681142 ], [ -39.944661071, -18.229646711 ], [ -39.944640045, -18.229628509 ], [ -39.944619999, -18.229609324 ], [ -39.944613111, -18.229603141 ] ] } },
{ "type": "Feature", "properties": { "Field": "000", "Length": 87.94843647500204 }, "geometry": { "type": "LineString", "coordinates": [ [ -39.945358110710849, -18.230012397921406 ], [ -39.945313086, -18.23000016 ], [ -39.945258924, -18.229983992 ], [ -39.945231381, -18.229977491 ], [ -39.945222275, -18.229975049 ], [ -39.945185878, -18.229965195 ], [ -39.945158851, -18.229956949 ], [ -39.94513221, -18.229947625 ], [ -39.945097115, -18.229934132 ], [ -39.94504522, -18.229912199 ], [ -39.945011326, -18.229896146 ], [ -39.944904121, -18.229838632 ], [ -39.944871958, -18.229819603 ], [ -39.944808969, -18.229779552 ], [ -39.944785955, -18.229763696 ], [ -39.944763714, -18.229746865 ], [ -39.944713262, -18.229705906 ], [ -39.944676463, -18.229677529 ], [ -39.944647794, -18.229653948 ], [ -39.944633794, -18.229641795 ] ] } },
{ "type": "Feature", "properties": { "Field": "000", "Length": 188.35789172560405 }, "geometry": { "type": "LineString", "coordinates": [ [ -39.945367803969482, -18.231984522769874 ], [ -39.945361926, -18.23194019 ], [ -39.945346435, -18.231869424 ], [ -39.945344673, -18.231860545 ], [ -39.945332649, -18.231789165 ], [ -39.945326775, -18.231762642 ], [ -39.945320748, -18.231726955 ], [ -39.945310939, -18.231682752 ], [ -39.945295554, -18.231593583 ], [ -39.945293723, -18.231584717 ], [ -39.945287382, -18.231558291 ], [ -39.945285492, -18.231549436 ], [ -39.945260377, -18.231416018 ], [ -39.945251066, -18.231371716 ], [ -39.945249364, -18.231362826 ], [ -39.945243305, -18.231327144 ], [ -39.945241572, -18.231318259 ], [ -39.945228319, -18.231256279 ], [ -39.945217439, -18.231193878 ], [ -39.945204546, -18.231131829 ], [ -39.94519358, -18.231069442 ], [ -39.945191794, -18.231060566999989 ], [ -39.945180041, -18.231007519 ], [ -39.945166111, -18.230927281 ], [ -39.945155062, -18.230874095 ], [ -39.945133404, -18.230758447 ], [ -39.945116627, -18.230678708 ], [ -39.945098887, -18.230580753 ], [ -39.945082109, -18.230501014 ], [ -39.945080361, -18.230492132 ], [ -39.945074454, -18.230456427 ], [ -39.945056701, -18.230367661 ], [ -39.94504782, -18.230314105 ], [ -39.945047022300606, -18.230310441899739 ] ] } },
{ "type": "Feature", "properties": { "Field": "000", "Length": 90.491409968282682 }, "geometry": { "type": "LineString", "coordinates": [ [ -39.945351053937749, -18.229416053978348 ], [ -39.945316509, -18.22940404 ], [ -39.945307838, -18.229400463 ], [ -39.945290834, -18.229392547 ], [ -39.945282445, -18.229388378 ], [ -39.94522435, -18.229358045 ], [ -39.94521622, -18.229353437 ], [ -39.945184231, -18.229334141 ], [ -39.945176416, -18.229329059 ], [ -39.945145724, -18.229307927 ], [ -39.945138182, -18.229302477 ], [ -39.945100991, -18.22927457 ], [ -39.945093777, -18.229268734 ], [ -39.94504451, -18.229226478 ], [ -39.945037608, -18.229220302 ], [ -39.945010426, -18.229195161 ], [ -39.945004015, -18.229188531 ], [ -39.944979579, -18.229160936 ], [ -39.944973684, -18.229153873 ], [ -39.944933586, -18.229103536 ], [ -39.944928187, -18.229096125 ], [ -39.944912762, -18.229073369 ], [ -39.944907447, -18.229065896 ], [ -39.944896544, -18.229051127 ], [ -39.944891505, -18.229043491 ], [ -39.944877354, -18.229019992 ], [ -39.944872933, -18.229012008 ], [ -39.944839423, -18.228947187 ], [ -39.944835958, -18.228938804 ], [ -39.944824369, -18.228904393 ], [ -39.944821695, -18.228895727 ], [ -39.944816696, -18.228878295 ], [ -39.944813544, -18.228869794 ], [ -39.94480988, -18.228861463 ], [ -39.944806569, -18.228853002 ], [ -39.944798411619175, -18.228830670695011 ] ] } },
{ "type": "Feature", "properties": { "Field": "000", "Length": 83.948940237489978 }, "geometry": { "type": "LineString", "coordinates": [ [ -39.945352556963421, -18.230024835989507 ], [ -39.945280542, -18.230004201 ], [ -39.945171164, -18.229975276 ], [ -39.945144379, -18.229966341 ], [ -39.945109181, -18.229953095 ], [ -39.945056905, -18.229932006 ], [ -39.945022521, -18.229916932 ], [ -39.944922904, -18.22986498 ], [ -39.944898401, -18.229851313 ], [ -39.944858142, -18.229827612 ], [ -39.944818668, -18.229802733 ], [ -39.944780172, -18.229776491 ], [ -39.944750444, -18.229754137 ], [ -39.944699963, -18.229713212 ], [ -39.944663321, -18.229684649 ], [ -39.944656141, -18.229678768 ] ] } },
{ "type": "Feature", "properties": { "Field": "000", "Length": 82.948649177292594 }, "geometry": { "type": "LineString", "coordinates": [ [ -39.945346773, -18.230037789 ], [ -39.945311235, -18.230026794 ], [ -39.945192805, -18.229995246 ], [ -39.945156767, -18.229984257 ], [ -39.945103699, -18.229965059 ], [ -39.945060001, -18.229947793 ], [ -39.944999832, -18.229921411 ], [ -39.944958336, -18.229899747 ], [ -39.944892837, -18.229863559 ], [ -39.944804803, -18.229810593 ], [ -39.944759476, -18.229777976 ], [ -39.944722742, -18.229749522 ], [ -39.944686708, -18.229720262 ], [ -39.9446574, -18.229697407 ] ] } },
{ "type": "Feature", "properties": { "Field": "000", "Length": 191.62452759526633 }, "geometry": { "type": "LineString", "coordinates": [ [ -39.945355270991925, -18.23199205794246 ], [ -39.945350312, -18.231956722 ], [ -39.945333174, -18.231877054 ], [ -39.945310887, -18.231752338 ], [ -39.945288255, -18.231636861 ], [ -39.945283769, -18.23161009 ], [ -39.945274527, -18.231565776 ], [ -39.945263026, -18.231503477 ], [ -39.945251723, -18.23145034 ], [ -39.945230553, -18.23133461 ], [ -39.945211989, -18.231245995 ], [ -39.945197436, -18.231165858 ], [ -39.945181118, -18.231086031 ], [ -39.945171962, -18.231032518 ], [ -39.945162341, -18.230988278 ], [ -39.9451531, -18.230934778 ], [ -39.945142211, -18.230881563 ], [ -39.945125536, -18.230792606 ], [ -39.945112814, -18.230730524 ], [ -39.945089723, -18.230605941 ], [ -39.945064314, -18.23048177 ], [ -39.94504757, -18.230383656 ], [ -39.945026702829665, -18.230289214572668 ] ] } },
{ "type": "Feature", "properties": { "Field": "000", "Length": 77.94874518913133 }, "geometry": { "type": "LineString", "coordinates": [ [ -39.94534312, -18.230049938 ], [ -39.945261919, -18.230027122 ], [ -39.945198035, -18.230010532 ], [ -39.945143988, -18.229994016 ], [ -39.945108557, -18.229981349 ], [ -39.945064893, -18.229964005 ], [ -39.944987471, -18.229930213 ], [ -39.944945831, -18.229908802 ], [ -39.944937698, -18.22990419 ], [ -39.944856514, -18.229857835 ], [ -39.944800483, -18.229824142 ], [ -39.944785016, -18.229813739 ], [ -39.944762551, -18.229797181 ], [ -39.944711726, -18.229756646 ], [ -39.944689241, -18.229740111 ] ] } },
{ "type": "Feature", "properties": { "Field": "000", "Length": 77.858855750492694 }, "geometry": { "type": "LineString", "coordinates": [ [ -39.945341034533925, -18.230064016899291 ], [ -39.945313824, -18.230058137 ], [ -39.945232661, -18.230033647 ], [ -39.945187114, -18.230021501 ], [ -39.945142087, -18.230007702 ], [ -39.945062673, -18.229978435 ], [ -39.944993702, -18.229948718 ], [ -39.94495998, -18.229932339 ], [ -39.944935122, -18.229919269 ], [ -39.944813682, -18.229849202 ], [ -39.944774691, -18.229823638 ], [ -39.944686276201942, -18.229756952403882 ] ] } },
{ "type": "Feature", "properties": { "Field": "000", "Length": 75.444853488123883 }, "geometry": { "type": "LineString", "coordinates": [ [ -39.945338951857281, -18.230078074966613 ], [ -39.945302669, -18.230069587 ], [ -39.945266636, -18.230058583 ], [ -39.945239956, -18.230049361 ], [ -39.945176307, -18.230031969 ], [ -39.945131308, -18.230018084 ], [ -39.945104722, -18.230008617 ], [ -39.945034653, -18.229981345 ], [ -39.944991585, -18.229962688 ], [ -39.944932911, -18.229933393 ], [ -39.944860339, -18.229890894 ], [ -39.944852234, -18.229886237 ], [ -39.944811394, -18.229863459 ], [ -39.94480346, -18.229858543 ], [ -39.944772441, -18.229837852 ], [ -39.944734243, -18.229811216 ], [ -39.944711622, -18.229794851 ], [ -39.944704357, -18.229789067 ], [ -39.94470084669004, -18.229786093380071 ] ] } },
{ "type": "Feature", "properties": { "Field": "000", "Length": 72.630280342730856 }, "geometry": { "type": "LineString", "coordinates": [ [ -39.945337064608488, -18.230090813894304 ], [ -39.945292018, -18.230078652 ], [ -39.945138015, -18.230034535 ], [ -39.945093535, -18.230019202 ], [ -39.945032216, -18.229995361 ], [ -39.944997599, -18.229980782 ], [ -39.944930425, -18.229947519 ], [ -39.944889587, -18.229924742 ], [ -39.944857558, -18.229905508 ], [ -39.944816869, -18.229882485 ], [ -39.94477726400001, -18.229857799 ], [ -39.944723186, -18.22982131 ], [ -39.944718066654438, -18.229817564860436 ] ] } },
{ "type": "Feature", "properties": { "Field": "000", "Length": 63.92167261978323 }, "geometry": { "type": "LineString", "coordinates": [ [ -39.945336842659145, -18.230145188917337 ], [ -39.945263983, -18.23012752 ], [ -39.945200527, -18.230109495 ], [ -39.945136757, -18.230092506 ], [ -39.945100769, -18.230081367 ], [ -39.945047991, -18.230061455 ], [ -39.944970417, -18.230027984 ], [ -39.94493653, -18.230011919 ], [ -39.944886449, -18.229986424 ], [ -39.944845303, -18.229964156 ], [ -39.944813334, -18.229944833 ], [ -39.94479047, -18.229928783 ], [ -39.944782621521632, -18.229924165598231 ] ] } },
{ "type": "Feature", "properties": { "Field": "000", "Length": 65.706174479869631 }, "geometry": { "type": "LineString", "coordinates": [ [ -39.945336582910151, -18.230130642978775 ], [ -39.945309515, -18.230124247 ], [ -39.94528229, -18.230116617 ], [ -39.945209264, -18.23009771 ], [ -39.945173029, -18.230087325 ], [ -39.945101233, -18.23006452 ], [ -39.945092403, -18.230061283 ], [ -39.945022121, -18.230034515 ], [ -39.944970398, -18.230012216 ], [ -39.944911499, -18.229983334 ], [ -39.94487851, -18.229965641 ], [ -39.944837639, -18.229942915 ], [ -39.944829742, -18.229937943 ], [ -39.944798471, -18.2299176 ], [ -39.944782405, -18.229908062 ], [ -39.944767719364485, -18.22990060973228 ] ] } },
{ "type": "Feature", "properties": { "Field": "000", "Length": 67.837402856652432 }, "geometry": { "type": "LineString", "coordinates": [ [ -39.945336327, -18.230116334 ], [ -39.945245416, -18.230093191 ], [ -39.94516368, -18.230070501 ], [ -39.945109786, -18.230053531 ], [ -39.94510086, -18.230050545 ], [ -39.945021818, -18.230020371 ], [ -39.944995894, -18.230009357 ], [ -39.944936563, -18.229981295 ], [ -39.944903302, -18.229964074 ], [ -39.944895051, -18.229959658 ], [ -39.944846454, -18.229931666 ], [ -39.944798866, -18.22990213 ], [ -39.944790832, -18.229897363 ], [ -39.944774333, -18.229888526 ], [ -39.944766182, -18.229883943 ], [ -39.944751241981805, -18.22987456390457 ] ] } },
{ "type": "Feature", "properties": { "Field": "000", "Length": 61.441377548361778 }, "geometry": { "type": "LineString", "coordinates": [ [ -39.945336458, -18.230158642 ], [ -39.945254418, -18.230138756 ], [ -39.945145266, -18.230109064 ], [ -39.945100088, -18.230095719 ], [ -39.945055733, -18.230080061 ], [ -39.945012334, -18.230062121 ], [ -39.945003773, -18.230058281 ], [ -39.94494394, -18.230031209 ], [ -39.944910281, -18.230014709 ], [ -39.944860932, -18.229987945 ], [ -39.944844131, -18.229979644 ], [ -39.944827895, -18.229970376 ], [ -39.944804245, -18.229955399 ], [ -39.944800614671912, -18.229952605946977 ] ] } },
{ "type": "Feature", "properties": { "Field": "000", "Length": 70.323050501145573 }, "geometry": { "type": "LineString", "coordinates": [ [ -39.945336096, -18.230103395 ], [ -39.945145623, -18.230051338 ], [ -39.945136582, -18.230048686 ], [ -39.94510099, -18.230036444 ], [ -39.945030868, -18.230009295 ], [ -39.94501361, -18.2300019 ], [ -39.944970853, -18.229982602 ], [ -39.944954053, -18.229974297 ], [ -39.94490418, -18.229948434 ], [ -39.944855416, -18.229920708 ], [ -39.94479129, -18.22988234 ], [ -39.94474403600001, -18.22985232 ], [ -39.944733329194634, -18.229845252398142 ] ] } },
{ "type": "Feature", "properties": { "Field": "000", "Length": 58.848617709370743 }, "geometry": { "type": "LineString", "coordinates": [ [ -39.945334807725878, -18.23017279093494 ], [ -39.945307735, -18.230166366 ], [ -39.945216516, -18.230142508 ], [ -39.945152863, -18.230125125 ], [ -39.945134715, -18.230120033 ], [ -39.945107712, -18.230111711 ], [ -39.94509874900001, -18.230108828 ], [ -39.945081043, -18.230102472 ], [ -39.945037427, -18.230085018 ], [ -39.945010941, -18.230075296 ], [ -39.945002185, -18.230071881 ], [ -39.944959214, -18.230053022 ], [ -39.944916773, -18.230033098 ], [ -39.94490005, -18.230024651 ], [ -39.94489173, -18.230020355 ], [ -39.944818451075335, -18.229980795665043 ] ] } },
{ "type": "Feature", "properties": { "Field": "000", "Length": 83.299350110449609 }, "geometry": { "type": "LineString", "coordinates": [ [ -39.945328978895205, -18.229393978948799 ], [ -39.945262891, -18.229361688 ], [ -39.945246368, -18.229352893 ], [ -39.945238229, -18.22934829 ], [ -39.945205946, -18.229329446 ], [ -39.945197983, -18.229324572 ], [ -39.945142799, -18.229289626 ], [ -39.945135181, -18.229284272 ], [ -39.945112916, -18.229267467 ], [ -39.945105742, -18.229261578 ], [ -39.94508476, -18.229243329 ], [ -39.94507109, -18.229230837 ], [ -39.945064345, -18.229224503 ], [ -39.945057761, -18.229218015 ], [ -39.94501911, -18.229178316 ], [ -39.945012933, -18.229171472 ], [ -39.945000974, -18.229157469 ], [ -39.944995185, -18.229150323 ], [ -39.94497815, -18.229128642 ], [ -39.944972227, -18.229121597 ], [ -39.944960071, -18.229107749 ], [ -39.944954132, -18.229100716 ], [ -39.944948654, -18.229093349 ], [ -39.944938382, -18.229078172 ], [ -39.944927582, -18.229063334 ], [ -39.944922421, -18.229055761 ], [ -39.944912426, -18.229040417 ], [ -39.944896144, -18.229018215 ], [ -39.944891012, -18.229010625 ], [ -39.94488613, -18.229002884 ], [ -39.944867424, -18.228971464 ], [ -39.944858515, -18.228955521 ], [ -39.944854362, -18.228947402 ], [ -39.944850547, -18.228939132 ], [ -39.944847262, -18.228930658 ], [ -39.944835716, -18.228896234 ], [ -39.944832622, -18.228887694 ], [ -39.944826067, -18.228870739 ], [ -39.944822179, -18.228862502 ], [ -39.94481554, -18.228851018 ] ] } },
{ "type": "Feature", "properties": { "Field": "000", "Length": 56.642461753369233 }, "geometry": { "type": "LineString", "coordinates": [ [ -39.945333171, -18.23018682 ], [ -39.94527881, -18.230172948 ], [ -39.945233563, -18.230159819 ], [ -39.945169595, -18.230143528 ], [ -39.945142355, -18.230135944 ], [ -39.945115206, -18.23012807 ], [ -39.945061808, -18.230109726 ], [ -39.945000572, -18.23008569 ], [ -39.944965984, -18.230071049 ], [ -39.944940444, -18.230059242 ], [ -39.944834245270783, -18.230005757755546 ] ] } },
{ "type": "Feature", "properties": { "Field": "000", "Length": 193.24088079486751 }, "geometry": { "type": "LineString", "coordinates": [ [ -39.945342503, -18.231999734 ], [ -39.945338968, -18.231982471 ], [ -39.94533497, -18.231955631 ], [ -39.945322778, -18.231902676 ], [ -39.945313705, -18.231849152 ], [ -39.945306429, -18.231813678 ], [ -39.945298093, -18.231760043 ], [ -39.945284844, -18.231688862 ], [ -39.945277428, -18.231653415 ], [ -39.945271244, -18.231617752 ], [ -39.945259833, -18.231564637 ], [ -39.945246868, -18.231493408 ], [ -39.945228709, -18.231404717 ], [ -39.945221194, -18.231360105 ], [ -39.945204636, -18.231280324 ], [ -39.94519145, -18.231209132 ], [ -39.945181875, -18.231164882 ], [ -39.94516693, -18.23108481 ], [ -39.945161005, -18.231058296 ], [ -39.945156684, -18.231031502 ], [ -39.94515091600001, -18.231004958 ], [ -39.945146886, -18.230978123 ], [ -39.945140423, -18.230942506 ], [ -39.945105052, -18.230764948 ], [ -39.945094994, -18.230711583 ], [ -39.945092391, -18.230693681 ], [ -39.945086501, -18.230667162 ], [ -39.945068376, -18.230569273 ], [ -39.945056858, -18.230516178 ], [ -39.945046396, -18.230462884 ], [ -39.945035759, -18.230400445 ], [ -39.94503403, -18.23039156 ], [ -39.945021769, -18.230329393 ], [ -39.945011284, -18.230285332 ], [ -39.945010847, -18.230282681 ] ] } },
{ "type": "Feature", "properties": { "Field": "000", "Length": 54.417080981168652 }, "geometry": { "type": "LineString", "coordinates": [ [ -39.94533136, -18.23020234 ], [ -39.945241232, -18.230176515 ], [ -39.945131769, -18.230147886 ], [ -39.945095795, -18.230136709 ], [ -39.94505146, -18.230120994 ], [ -39.94499023, -18.230096943 ], [ -39.944930223, -18.230070228 ], [ -39.944896883, -18.23005315 ], [ -39.94485425, -18.230033603 ], [ -39.944850467562425, -18.230031396434871 ] ] } },
{ "type": "Feature", "properties": { "Field": "000", "Length": 52.570050887363635 }, "geometry": { "type": "LineString", "coordinates": [ [ -39.945329693, -18.230216629 ], [ -39.945221917, -18.230184157 ], [ -39.945157785, -18.230168465 ], [ -39.945121443, -18.23015843 ], [ -39.945076693, -18.230143831 ], [ -39.94499744, -18.230114167 ], [ -39.944937357, -18.230087609 ], [ -39.944886791, -18.230063005 ], [ -39.944864241773267, -18.230053154405731 ] ] } },
{ "type": "Feature", "properties": { "Field": "000", "Length": 50.231801780058767 }, "geometry": { "type": "LineString", "coordinates": [ [ -39.945328021, -18.230230962 ], [ -39.945310474, -18.230225569 ], [ -39.945283849, -18.230216204 ], [ -39.945129603, -18.230172868 ], [ -39.945057713, -18.230150336 ], [ -39.945022395, -18.230137386 ], [ -39.944935297, -18.230102172 ], [ -39.9448932, -18.230081594 ], [ -39.944882244249051, -18.230076600929181 ] ] } },
{ "type": "Feature", "properties": { "Field": "000", "Length": 47.949011606675853 }, "geometry": { "type": "LineString", "coordinates": [ [ -39.945326387668487, -18.230244962878519 ], [ -39.945291522, -18.230232188 ], [ -39.945245898, -18.230220327 ], [ -39.945228042, -18.230214373 ], [ -39.945209677, -18.230210067 ], [ -39.945173812, -18.230198581 ], [ -39.94512816200001, -18.230186802 ], [ -39.945083133, -18.230173011 ], [ -39.94504747500001, -18.230160939 ], [ -39.945038571, -18.230157892 ], [ -39.945003519, -18.2301443 ], [ -39.944942805, -18.230119082 ], [ -39.94493422, -18.230115291 ], [ -39.944908826, -18.230103201 ], [ -39.944900041299412, -18.230099779905419 ] ] } },
{ "type": "Feature", "properties": { "Field": "000", "Length": 45.588317646607457 }, "geometry": { "type": "LineString", "coordinates": [ [ -39.945325125, -18.230255784 ], [ -39.94525158, -18.230236823 ], [ -39.94519734, -18.230220892 ], [ -39.945115198, -18.230199578 ], [ -39.945070058, -18.230186118 ], [ -39.94505224, -18.230180053 ], [ -39.945026112, -18.230169484 ], [ -39.944966054, -18.230142869 ], [ -39.944939784, -18.230132628999989 ], [ -39.944917975825057, -18.230123137930228 ] ] } },
{ "type": "Feature", "properties": { "Field": "000", "Length": 43.307883256896318 }, "geometry": { "type": "LineString", "coordinates": [ [ -39.945323653809659, -18.230268395951445 ], [ -39.945251016, -18.230249868 ], [ -39.945178455, -18.230229393 ], [ -39.945123647, -18.230215349 ], [ -39.945105165, -18.230211503 ], [ -39.945087137, -18.230206041 ], [ -39.945025105, -18.230183945 ], [ -39.944936495917048, -18.230144017517816 ] ] } },
{ "type": "Feature", "properties": { "Field": "000", "Length": 39.697721125211444 }, "geometry": { "type": "LineString", "coordinates": [ [ -39.945321927842095, -18.230283189954804 ], [ -39.945304269, -18.230278135 ], [ -39.945249327, -18.230264579 ], [ -39.945176922, -18.230243605 ], [ -39.945112843, -18.230227717 ], [ -39.94507659, -18.230217393 ], [ -39.945049888, -18.230208231 ], [ -39.945041113, -18.230204861 ], [ -39.945014818, -18.230194679 ], [ -39.944980265, -18.230179964 ], [ -39.944964795209103, -18.230174367799421 ] ] } },
{ "type": "Feature", "properties": { "Field": "000", "Length": 36.857155561973862 }, "geometry": { "type": "LineString", "coordinates": [ [ -39.945320360550738, -18.230296623875084 ], [ -39.94530266, -18.230291702 ], [ -39.94523851, -18.230276075 ], [ -39.945166275, -18.230254572 ], [ -39.945111223, -18.230241429 ], [ -39.94506606, -18.23022804 ], [ -39.945004274, -18.230205326 ], [ -39.944987572050103, -18.23019879539066 ] ] } },
{ "type": "Feature", "properties": { "Field": "000", "Length": 195.3243429882674 }, "geometry": { "type": "LineString", "coordinates": [ [ -39.945329526, -18.232007536 ], [ -39.94532218, -18.231963396 ], [ -39.945313926, -18.231928119 ], [ -39.945306756, -18.231892625 ], [ -39.945282152, -18.231749953 ], [ -39.9452747, -18.231714512 ], [ -39.945245569, -18.231563421 ], [ -39.945233049, -18.231492119 ], [ -39.945225261, -18.231456745 ], [ -39.945220378, -18.231430037999989 ], [ -39.945216184, -18.231412414 ], [ -39.94520465, -18.231350121 ], [ -39.945191839, -18.231288056 ], [ -39.945182295, -18.231234604 ], [ -39.945162134, -18.231137079 ], [ -39.945112149, -18.2308702 ], [ -39.945059794, -18.230603737 ], [ -39.94504677, -18.230532518 ], [ -39.945037213, -18.230488264 ], [ -39.945017833, -18.23038141 ], [ -39.945002764, -18.23031056 ], [ -39.944999692, -18.230292726 ], [ -39.94499681, -18.230271399 ] ] } },
{ "type": "Feature", "properties": { "Field": "000", "Length": 34.362250765384324 }, "geometry": { "type": "LineString", "coordinates": [ [ -39.945318648582059, -18.23031129788437 ], [ -39.94521918200001, -18.230283779 ], [ -39.945156076, -18.230264663 ], [ -39.945109952, -18.230254714 ], [ -39.945082634, -18.230247394 ], [ -39.94506472, -18.230241598 ], [ -39.945029664, -18.230228015 ], [ -39.945008112436859, -18.230220824440757 ] ] } },
{ "type": "Feature", "properties": { "Field": "000", "Length": 31.772164585216142 }, "geometry": { "type": "LineString", "coordinates": [ [ -39.945317132839982, -18.230324289950499 ], [ -39.945299597, -18.230318864 ], [ -39.945253822, -18.230307532 ], [ -39.945163652, -18.230280278 ], [ -39.945081236, -18.230259952 ], [ -39.945072193, -18.230257305 ], [ -39.945045482, -18.230248167 ], [ -39.94503649, -18.230245366 ], [ -39.945029023989107, -18.230243251556548 ] ] } },
{ "type": "Feature", "properties": { "Field": "000", "Length": 29.339604012129055 }, "geometry": { "type": "LineString", "coordinates": [ [ -39.945315555, -18.230338598 ], [ -39.945298003, -18.230333227 ], [ -39.945270629, -18.230326107 ], [ -39.945225661, -18.230312137 ], [ -39.945153155, -18.230291486 ], [ -39.945049106942719, -18.230264790021067 ] ] } },
{ "type": "Feature", "properties": { "Field": "000", "Length": 27.018695101234663 }, "geometry": { "type": "LineString", "coordinates": [ [ -39.945314293687801, -18.23035163190081 ], [ -39.945296807, -18.230346076 ], [ -39.945169816, -18.230310273 ], [ -39.945115076, -18.230295991 ], [ -39.945096959, -18.230290796 ], [ -39.945087855, -18.230288365999989 ], [ -39.945068663199216, -18.230284637808218 ] ] } },
{ "type": "Feature", "properties": { "Field": "000", "Length": 25.010605697353714 }, "geometry": { "type": "LineString", "coordinates": [ [ -39.945313074, -18.230364232999989 ], [ -39.945258721, -18.230350337 ], [ -39.94519544, -18.230331758 ], [ -39.945168112, -18.23032447 ], [ -39.945141143, -18.230316051 ], [ -39.945085781467284, -18.230301833185603 ] ] } },
{ "type": "Feature", "properties": { "Field": "000", "Length": 22.978125923319986 }, "geometry": { "type": "LineString", "coordinates": [ [ -39.945311638, -18.23037907 ], [ -39.945230226, -18.230356964 ], [ -39.945112844, -18.230322021 ], [ -39.945103451978362, -18.230319583293578 ] ] } },
{ "type": "Feature", "properties": { "Field": "000", "Length": 20.715166273591329 }, "geometry": { "type": "LineString", "coordinates": [ [ -39.94531027, -18.230393205 ], [ -39.945210979, -18.230365124 ], [ -39.945183894, -18.230357049 ], [ -39.945166128, -18.230350847 ], [ -39.945138747, -18.230343754 ], [ -39.945122794000362, -18.230339012441807 ] ] } },
{ "type": "Feature", "properties": { "Field": "000", "Length": 18.399486839404087 }, "geometry": { "type": "LineString", "coordinates": [ [ -39.945309039, -18.230405927 ], [ -39.945236742, -18.230386232 ], [ -39.94516468, -18.230364203 ], [ -39.945142267168904, -18.230358573327319 ] ] } },
{ "type": "Feature", "properties": { "Field": "000", "Length": 198.56101298078687 }, "geometry": { "type": "LineString", "coordinates": [ [ -39.945316807, -18.232015183 ], [ -39.945313432, -18.231997893 ], [ -39.945309487, -18.231971045 ], [ -39.94529956, -18.231926868 ], [ -39.945293373, -18.231891207 ], [ -39.945286229, -18.231855708 ], [ -39.945271238, -18.231766478 ], [ -39.945254393, -18.231686752 ], [ -39.945248084, -18.231651109 ], [ -39.945211679, -18.231464542 ], [ -39.945200493, -18.23140219 ], [ -39.945186196, -18.231331194 ], [ -39.945182021, -18.231313566 ], [ -39.945172834, -18.231260059 ], [ -39.945150773, -18.231153681 ], [ -39.945144906, -18.23111797 ], [ -39.945129631, -18.231037955 ], [ -39.945125445, -18.231020329 ], [ -39.945117455, -18.230975794 ], [ -39.945109889, -18.230940375 ], [ -39.945100613, -18.230886882 ], [ -39.9450828, -18.230798126 ], [ -39.945074933, -18.23075357 ], [ -39.945059159, -18.230673643 ], [ -39.945049497, -18.23062941 ], [ -39.945042122, -18.230584778 ], [ -39.945017749, -18.230460418 ], [ -39.945014984, -18.230442538 ], [ -39.94500929, -18.230415979 ], [ -39.944997475, -18.230353734 ], [ -39.944993328, -18.2303361 ], [ -39.9449876, -18.23030037 ], [ -39.944982751, -18.230264519 ], [ -39.944979555, -18.230250226 ] ] } },
{ "type": "Feature", "properties": { "Field": "000", "Length": 16.087465697252533 }, "geometry": { "type": "LineString", "coordinates": [ [ -39.945307576499253, -18.230421042854903 ], [ -39.945244685, -18.23040282 ], [ -39.945199753, -18.230388739 ], [ -39.94516210748975, -18.230378503018972 ] ] } },
{ "type": "Feature", "properties": { "Field": "000", "Length": 73.055403772730614 }, "geometry": { "type": "LineString", "coordinates": [ [ -39.945301591876806, -18.229366591934795 ], [ -39.945250674, -18.22933964 ], [ -39.945202067, -18.229311662 ], [ -39.945162438, -18.229287009 ], [ -39.945132142, -18.22926536 ], [ -39.945096498, -18.229235668 ], [ -39.945062421, -18.229204339 ], [ -39.945024147, -18.229164308 ], [ -39.944989547, -18.22912133 ], [ -39.94498316, -18.229114665 ], [ -39.944976461, -18.229108286 ], [ -39.944970541, -18.229101238 ], [ -39.944965428, -18.229093636 ], [ -39.944943876, -18.229063927 ], [ -39.94493874, -18.229056339 ], [ -39.944880838, -18.228963068 ], [ -39.944876287, -18.228955146 ], [ -39.944863646, -18.228930874 ], [ -39.944859822, -18.228922608 ], [ -39.944856481, -18.228914153 ], [ -39.944853357, -18.228905623 ], [ -39.944847765256227, -18.22888929874803 ] ] } },
{ "type": "Feature", "properties": { "Field": "000", "Length": 14.059132429536671 }, "geometry": { "type": "LineString", "coordinates": [ [ -39.945306202, -18.230435243 ], [ -39.945234572, -18.230413443 ], [ -39.945198794, -18.230401701 ], [ -39.945179693845283, -18.230396168592328 ] ] } },
{ "type": "Feature", "properties": { "Field": "000", "Length": 11.621005391903841 }, "geometry": { "type": "LineString", "coordinates": [ [ -39.94530486, -18.230449112 ], [ -39.945200272902966, -18.230416840348486 ] ] } },
{ "type": "Feature", "properties": { "Field": "000", "Length": 9.4163032132819229 }, "geometry": { "type": "LineString", "coordinates": [ [ -39.945303862, -18.230462616 ], [ -39.9452599, -18.230447313 ], [ -39.945223615, -18.230437086 ], [ -39.945219331914451, -18.230435985211368 ] ] } },
{ "type": "Feature", "properties": { "Field": "000", "Length": 202.97853541733565 }, "geometry": { "type": "LineString", "coordinates": [ [ -39.944959546, -18.230218444 ], [ -39.944966437, -18.230253988 ], [ -39.94496884, -18.230262729 ], [ -39.944978489, -18.230334437 ], [ -39.94497981, -18.230343385 ], [ -39.944993256, -18.230405328 ], [ -39.944998386, -18.230431993 ], [ -39.94500271, -18.230458788 ], [ -39.945019351, -18.230538554 ], [ -39.94503488, -18.2306277 ], [ -39.945046582, -18.230680758 ], [ -39.945067752, -18.230796488 ], [ -39.945086056, -18.230885152 ], [ -39.945102034, -18.230974226 ], [ -39.945127189, -18.231098444 ], [ -39.945137606, -18.231160917 ], [ -39.945152871, -18.231231728 ], [ -39.945182677, -18.231391887 ], [ -39.945194239, -18.231444973 ], [ -39.945212385, -18.23154286 ], [ -39.945223696, -18.231595995 ], [ -39.945241125, -18.231694 ], [ -39.945256083, -18.231764872 ], [ -39.945268699, -18.231836158 ], [ -39.945276594, -18.23187151 ], [ -39.945288666, -18.231942882 ], [ -39.945294974, -18.231969315 ], [ -39.945301093, -18.232004988 ], [ -39.945304518900294, -18.232022571488272 ] ] } },
{ "type": "Feature", "properties": { "Field": "000", "Length": 204.82255206297006 }, "geometry": { "type": "LineString", "coordinates": [ [ -39.945288329, -18.232032305 ], [ -39.945285738, -18.232014901 ], [ -39.94528011100001, -18.231970035 ], [ -39.9452785, -18.231961131 ], [ -39.945274769, -18.231943412 ], [ -39.945273238, -18.231934494 ], [ -39.945269192, -18.23190766 ], [ -39.94526749500001, -18.231898769 ], [ -39.945252417, -18.231827921 ], [ -39.945250675, -18.231819039 ], [ -39.945210703, -18.231605533 ], [ -39.94519588, -18.231534636 ], [ -39.94519428, -18.23152573 ], [ -39.945189891, -18.231498944 ], [ -39.945188085, -18.231490074 ], [ -39.945182125, -18.231463567 ], [ -39.945180301, -18.231454699 ], [ -39.945149072, -18.231294788 ], [ -39.9451363, -18.231223527 ], [ -39.945121635, -18.231152601 ], [ -39.945120107, -18.231143683 ], [ -39.94511602, -18.231116854 ], [ -39.945114357, -18.231107957 ], [ -39.945092479, -18.231001544 ], [ -39.945089056, -18.230983768 ], [ -39.94508231, -18.230948198 ], [ -39.94507317, -18.230894682 ], [ -39.945071355, -18.230885814 ], [ -39.945055559, -18.230815109 ], [ -39.945053884, -18.230806214 ], [ -39.945037213, -18.230708089 ], [ -39.945019, -18.230619408 ], [ -39.945006482, -18.230548107 ], [ -39.944986568, -18.230450535 ], [ -39.944978687, -18.230405981 ], [ -39.94497691, -18.230397105 ], [ -39.944957983, -18.23030856 ], [ -39.944956676, -18.230299611 ], [ -39.944954657, -18.23028164 ], [ -39.944952947, -18.230272754 ], [ -39.9449509, -18.230263931 ], [ -39.944949064, -18.230255066 ], [ -39.94494069, -18.230211706 ] ] } },
{ "type": "Feature", "properties": { "Field": "000", "Length": 63.523721018331536 }, "geometry": { "type": "LineString", "coordinates": [ [ -39.945268156900859, -18.229333156946627 ], [ -39.945220131, -18.229307303 ], [ -39.945195999, -18.229293048 ], [ -39.945188028, -18.229288185 ], [ -39.945180451, -18.229282785 ], [ -39.945135608, -18.22924956 ], [ -39.945092413, -18.229214399 ], [ -39.94507861, -18.229202043 ], [ -39.945071784, -18.229195789 ], [ -39.945065242, -18.229189265 ], [ -39.945032924, -18.229156279 ], [ -39.945002231, -18.229121907 ], [ -39.944989411, -18.229108621 ], [ -39.944983889, -18.229101301 ], [ -39.944968016, -18.22907883 ], [ -39.944953461, -18.22905556 ], [ -39.944926244, -18.229007982 ], [ -39.944911044, -18.228985093 ], [ -39.944886957, -18.22894621 ], [ -39.944870736125061, -18.228916586228394 ] ] } },
{ "type": "Feature", "properties": { "Field": "000", "Length": 210.05043267737761 }, "geometry": { "type": "LineString", "coordinates": [ [ -39.944919398, -18.230172177 ], [ -39.94492656, -18.230207672 ], [ -39.944933863, -18.230252317 ], [ -39.944939746, -18.230278839 ], [ -39.944945, -18.230314638 ], [ -39.94496694, -18.23042104 ], [ -39.944978608, -18.230483311 ], [ -39.944987788, -18.230527638 ], [ -39.945000826, -18.230598855 ], [ -39.9450221, -18.23070538 ], [ -39.945039765, -18.230803347 ], [ -39.945056486, -18.230883098 ], [ -39.945068987, -18.230954403 ], [ -39.945096014, -18.231087479 ], [ -39.945108643, -18.231158763 ], [ -39.945129799, -18.23126531 ], [ -39.945144561, -18.231345413 ], [ -39.945163853, -18.231443099 ], [ -39.945171514, -18.2314785 ], [ -39.945183891, -18.231549824 ], [ -39.945202579, -18.231638415 ], [ -39.945208645, -18.231674097 ], [ -39.94523128, -18.231789573 ], [ -39.945237522, -18.231825227 ], [ -39.94525778, -18.231922734 ], [ -39.945267485, -18.231985312 ], [ -39.945274024, -18.232020917 ], [ -39.945276756, -18.232039263 ] ] } },
{ "type": "Feature", "properties": { "Field": "000", "Length": 213.37056900936801 }, "geometry": { "type": "LineString", "coordinates": [ [ -39.944901960106179, -18.23014936183867 ], [ -39.944913839, -18.230220626 ], [ -39.94492748, -18.230291739 ], [ -39.944935184, -18.230336322 ], [ -39.944936868, -18.230345214 ], [ -39.944944261, -18.230380666 ], [ -39.944950806, -18.23041627 ], [ -39.944952591, -18.230425145 ], [ -39.944958304, -18.2304517 ], [ -39.944966472, -18.230496207 ], [ -39.944968232, -18.230505087 ], [ -39.944973937, -18.230531645 ], [ -39.944975692, -18.230540525 ], [ -39.944983592, -18.230585076 ], [ -39.944985321, -18.230593961 ], [ -39.944994837, -18.230638223 ], [ -39.944996588, -18.230647104 ], [ -39.94500453, -18.230691648 ], [ -39.945022164, -18.230780436 ], [ -39.9450238, -18.230789337 ], [ -39.945032752, -18.230842882 ], [ -39.945034454, -18.230851771 ], [ -39.945044196, -18.230895988 ], [ -39.945047885, -18.230913715 ], [ -39.945058898, -18.230976095 ], [ -39.945060617, -18.230984981 ], [ -39.945070037, -18.231029262 ], [ -39.94507176, -18.231038148 ], [ -39.945081092, -18.231091633 ], [ -39.945111234, -18.231242543 ], [ -39.945128834, -18.231340519 ], [ -39.945135778, -18.231376054 ], [ -39.945141633, -18.231402582 ], [ -39.945143413, -18.231411457 ], [ -39.945146472, -18.231429294 ], [ -39.945148212, -18.231438176 ], [ -39.945154174, -18.231464683 ], [ -39.94515595, -18.231473559 ], [ -39.945160665, -18.231500293 ], [ -39.945173162, -18.231562417 ], [ -39.945174828, -18.231571313 ], [ -39.945182511, -18.231615899 ], [ -39.945184248, -18.231624782 ], [ -39.945188159, -18.231642466 ], [ -39.94518996, -18.231651337 ], [ -39.945201349, -18.231713655 ], [ -39.945217721, -18.231793472 ], [ -39.945219397, -18.231802366 ], [ -39.945225474, -18.231838046 ], [ -39.945227136, -18.231846942 ], [ -39.945247215, -18.231944483 ], [ -39.945248854, -18.231953383 ], [ -39.945254594, -18.231989114 ], [ -39.945256193, -18.231998021 ], [ -39.945265840943151, -18.232045825718295 ] ] } },
{ "type": "Feature", "properties": { "Field": "000", "Length": 216.83855303337484 }, "geometry": { "type": "LineString", "coordinates": [ [ -39.945252669908939, -18.232053744495822 ], [ -39.945241498, -18.231991887 ], [ -39.945234069, -18.231956441 ], [ -39.945226368, -18.231911859 ], [ -39.945210106, -18.231832022 ], [ -39.945205819, -18.231805221 ], [ -39.945185959, -18.23170764 ], [ -39.945178242, -18.23166306 ], [ -39.945172302, -18.231636549 ], [ -39.945165459, -18.231600997 ], [ -39.945151027, -18.231520839 ], [ -39.945138353, -18.231458748 ], [ -39.945133936, -18.231441174 ], [ -39.945126087, -18.231396616 ], [ -39.945118535, -18.231361195 ], [ -39.945096832, -18.231245555 ], [ -39.945089282, -18.231210133 ], [ -39.945069841, -18.231103289 ], [ -39.945060334, -18.231059025 ], [ -39.945054462, -18.231023315 ], [ -39.945032261, -18.230907761 ], [ -39.945022585, -18.230863531 ], [ -39.944980772, -18.23064116 ], [ -39.944971398, -18.23059687 ], [ -39.944965085, -18.230561228 ], [ -39.944948935, -18.23048137 ], [ -39.944940841, -18.230436851 ], [ -39.944935059, -18.230410308 ], [ -39.94492379, -18.230347971 ], [ -39.944904751, -18.230250239 ], [ -39.944899577, -18.230214431 ], [ -39.944893119, -18.230178813 ], [ -39.944885337, -18.230143437 ], [ -39.944882505125221, -18.230126534780172 ] ] } },
{ "type": "Feature", "properties": { "Field": "000", "Length": 48.216023963184441 }, "geometry": { "type": "LineString", "coordinates": [ [ -39.945235484965764, -18.229300484980911 ], [ -39.94520429, -18.22928309 ], [ -39.94518114, -18.229267422 ], [ -39.945173753, -18.229261781 ], [ -39.945136988, -18.229233363 ], [ -39.945101238, -18.229203788 ], [ -39.94506699, -18.229172632 ], [ -39.945060516, -18.229166046 ], [ -39.945016308, -18.229118957 ], [ -39.944998347, -18.229097971 ], [ -39.944967732, -18.229052323 ], [ -39.94495843, -18.229036587 ], [ -39.944954708, -18.229028285 ], [ -39.944941382, -18.229004354 ], [ -39.94492921, -18.228986049 ] ] } },
{ "type": "Feature", "properties": { "Field": "000", "Length": 219.94412521172555 }, "geometry": { "type": "LineString", "coordinates": [ [ -39.945240218892735, -18.232061230377845 ], [ -39.945234153, -18.232026046 ], [ -39.945223053, -18.23197287 ], [ -39.945215461, -18.23192827 ], [ -39.945201703, -18.231857177 ], [ -39.945195884, -18.231830641 ], [ -39.945193393, -18.231812726 ], [ -39.945185331, -18.231777409 ], [ -39.945174738, -18.231714963 ], [ -39.945159765, -18.231644095 ], [ -39.945134325, -18.231510733 ], [ -39.945117727, -18.231430959 ], [ -39.945104283, -18.231359811 ], [ -39.945099954, -18.231333017 ], [ -39.945086653, -18.231271046 ], [ -39.945076398, -18.231217716 ], [ -39.945072222, -18.231190899 ], [ -39.945061456, -18.231137661 ], [ -39.945048759, -18.231066388 ], [ -39.945040268, -18.231031162 ], [ -39.945031193, -18.230977637 ], [ -39.945021015, -18.230924293 ], [ -39.945004442, -18.230844514 ], [ -39.944980572, -18.230720064 ], [ -39.94497624, -18.230693271 ], [ -39.944957845, -18.230604624 ], [ -39.944950004, -18.230560063 ], [ -39.944935768, -18.230489056 ], [ -39.944932928, -18.230471187 ], [ -39.944898419, -18.230293475 ], [ -39.944889275, -18.23023996 ], [ -39.944883648, -18.230213386 ], [ -39.944875192, -18.230159769 ], [ -39.94487083, -18.230142183 ], [ -39.944863412, -18.230106736 ] ] } },
{ "type": "Feature", "properties": { "Field": "000", "Length": 221.0527308288884 }, "geometry": { "type": "LineString", "coordinates": [ [ -39.945227829, -18.232068679 ], [ -39.945216651, -18.232006822 ], [ -39.945210873, -18.231980279 ], [ -39.945197436, -18.231909131 ], [ -39.945184361, -18.231847116 ], [ -39.945181724, -18.23182922 ], [ -39.945172118, -18.231775779 ], [ -39.94516622, -18.23174926 ], [ -39.94516143900001, -18.231722537 ], [ -39.945132956, -18.231580525 ], [ -39.945114641, -18.231482668 ], [ -39.945099902, -18.231411755 ], [ -39.945093774, -18.231376083 ], [ -39.945080059, -18.231304983 ], [ -39.945061463, -18.231216374 ], [ -39.945051224, -18.231153875 ], [ -39.945026073, -18.231029657 ], [ -39.945004918, -18.230913925 ], [ -39.94498656, -18.230825271 ], [ -39.944970306, -18.230736243 ], [ -39.944936294, -18.230567638 ], [ -39.944925472, -18.230505228 ], [ -39.944909165, -18.2304254 ], [ -39.944898157, -18.23036302 ], [ -39.944888971, -18.230318694 ], [ -39.944852431, -18.230122964 ], [ -39.94485004, -18.230114224 ], [ -39.944847994, -18.230104398 ] ] } },
{ "type": "Feature", "properties": { "Field": "000", "Length": 228.2495059522457 }, "geometry": { "type": "LineString", "coordinates": [ [ -39.945214868, -18.232076471999985 ], [ -39.945201957, -18.232014918 ], [ -39.945182361, -18.2319081 ], [ -39.945167855, -18.231837143 ], [ -39.94516084, -18.231792458 ], [ -39.945156772, -18.231774808 ], [ -39.945151723, -18.23174813 ], [ -39.945145175, -18.231721752 ], [ -39.945141578, -18.231704008 ], [ -39.945104793, -18.231508319 ], [ -39.945097192, -18.231472907 ], [ -39.945090764, -18.231437284 ], [ -39.9450834, -18.231401827 ], [ -39.945077465, -18.231366126 ], [ -39.945060762, -18.231286373 ], [ -39.945056087, -18.231259632 ], [ -39.945045108, -18.231206433 ], [ -39.945039571, -18.231170675 ], [ -39.945033516, -18.23114419 ], [ -39.945025633, -18.231099637 ], [ -39.945017672, -18.231064298 ], [ -39.945008486, -18.231010791 ], [ -39.944986917, -18.23090432 ], [ -39.944981857, -18.230877643 ], [ -39.944979244, -18.230859742 ], [ -39.944973705, -18.230833154 ], [ -39.94495767, -18.23074409 ], [ -39.944941543, -18.230673454 ], [ -39.9449273, -18.230593266 ], [ -39.94491292, -18.230522286 ], [ -39.944905581, -18.230477647 ], [ -39.944895941, -18.230433411 ], [ -39.944881529, -18.23035325 ], [ -39.944861752, -18.230255653 ], [ -39.944850259, -18.230193353 ], [ -39.944844346, -18.230166837 ], [ -39.944838554, -18.230131115 ], [ -39.944831087, -18.230095679 ], [ -39.944829489, -18.230086772 ], [ -39.944827294, -18.230077991 ], [ -39.944825505, -18.23006913 ], [ -39.944822281, -18.230048492 ] ] } },
{ "type": "Feature", "properties": { "Field": "000", "Length": 232.38935467362492 }, "geometry": { "type": "LineString", "coordinates": [ [ -39.945201378, -18.232084654 ], [ -39.94519208, -18.232040844 ], [ -39.945171365, -18.231925039 ], [ -39.945151584, -18.231827443 ], [ -39.945146075, -18.23179168 ], [ -39.945137046, -18.231747325 ], [ -39.945130831, -18.231720872 ], [ -39.945105868, -18.231587428 ], [ -39.945092949, -18.231525383 ], [ -39.945088414, -18.23149862 ], [ -39.945082698, -18.231472063999981 ], [ -39.945080978, -18.231463178 ], [ -39.945055777, -18.231329775 ], [ -39.945046349, -18.231285495 ], [ -39.945023107, -18.231160938 ], [ -39.945003422, -18.231063323 ], [ -39.944988799, -18.230983197 ], [ -39.944963567, -18.230858994 ], [ -39.944946283, -18.230760965 ], [ -39.944936669, -18.230716723 ], [ -39.944923439, -18.230645538 ], [ -39.944901699, -18.230539099 ], [ -39.94489062800001, -18.230476729 ], [ -39.944876472, -18.230405707 ], [ -39.944860396, -18.23031665 ], [ -39.944831552, -18.230174704 ], [ -39.944825609, -18.230139004 ], [ -39.944819993, -18.230112429 ], [ -39.944815175, -18.230085713 ], [ -39.944812757, -18.230076979 ], [ -39.944803769004601, -18.23001937684041 ] ] } },
{ "type": "Feature", "properties": { "Field": "000", "Length": 232.43094462231315 }, "geometry": { "type": "LineString", "coordinates": [ [ -39.945188071, -18.232092781 ], [ -39.94516566, -18.231968582 ], [ -39.945144132, -18.231862103 ], [ -39.945141385, -18.231844221 ], [ -39.945137408, -18.231826552 ], [ -39.945120625, -18.231737613 ], [ -39.945113139, -18.231702179 ], [ -39.945095043, -18.231604284 ], [ -39.945085552, -18.231560018 ], [ -39.945071754, -18.231488932 ], [ -39.94504886, -18.231364315 ], [ -39.945025272, -18.231249013 ], [ -39.945011584, -18.231177907 ], [ -39.945007105, -18.231151136 ], [ -39.944989589, -18.231062326 ], [ -39.944983633, -18.231035819 ], [ -39.944976542, -18.230991144 ], [ -39.944974844, -18.230982254 ], [ -39.944967974, -18.230946706 ], [ -39.944949378, -18.230858097 ], [ -39.944939912, -18.230804633 ], [ -39.944918936, -18.230698054 ], [ -39.944914524, -18.230671272 ], [ -39.944905068, -18.230626999 ], [ -39.944900436, -18.230600251 ], [ -39.944882588, -18.230511503 ], [ -39.944876372, -18.230475845 ], [ -39.944862026, -18.230404858 ], [ -39.944837866, -18.230271279 ], [ -39.94481548800001, -18.230164961 ], [ -39.944801922, -18.230084665 ], [ -39.944796234, -18.230058104 ], [ -39.944791407866632, -18.230026937725128 ] ] } },
{ "type": "Feature", "properties": { "Field": "000", "Length": 236.88069691128689 }, "geometry": { "type": "LineString", "coordinates": [ [ -39.945175472947824, -18.232100474734619 ], [ -39.945161596, -18.232029898 ], [ -39.94515493, -18.231985163 ], [ -39.9451487, -18.231958714 ], [ -39.945146104, -18.231940812 ], [ -39.94513495, -18.231887647 ], [ -39.945123905, -18.231825273 ], [ -39.94511405, -18.231781079 ], [ -39.94507877, -18.231594314 ], [ -39.94506196, -18.23151458 ], [ -39.945051184, -18.231452163 ], [ -39.94503798600001, -18.231390172 ], [ -39.945033972, -18.231363333 ], [ -39.945028345, -18.23133676 ], [ -39.945019131, -18.231283256 ], [ -39.945005447, -18.231221362 ], [ -39.94499957, -18.231185652 ], [ -39.944980828, -18.231087867999989 ], [ -39.944967245, -18.231025953 ], [ -39.94495545, -18.230954539 ], [ -39.944936719, -18.230865957 ], [ -39.944927363, -18.230812475 ], [ -39.944907624, -18.230714871 ], [ -39.944898519, -18.23066135 ], [ -39.944881782, -18.230581602 ], [ -39.944876205, -18.230545848 ], [ -39.944857538, -18.230457253 ], [ -39.944834318, -18.230332692 ], [ -39.944823659, -18.230270256 ], [ -39.944811855, -18.230217219 ], [ -39.944795828, -18.230137338 ], [ -39.944791879, -18.230110491 ], [ -39.944783145, -18.230066082 ], [ -39.944775927, -18.230021425 ], [ -39.944769344882616, -18.229995648973137 ] ] } },
{ "type": "Feature", "properties": { "Field": "000", "Length": 247.88385376861277 }, "geometry": { "type": "LineString", "coordinates": [ [ -39.945162338928696, -18.232108495584733 ], [ -39.945156297, -18.232073309 ], [ -39.945146532, -18.232029097 ], [ -39.945139359, -18.231984434 ], [ -39.945119849, -18.231886788 ], [ -39.94511115, -18.231833206 ], [ -39.945097579, -18.231771289 ], [ -39.945088818, -18.231726885 ], [ -39.945084471, -18.231700093 ], [ -39.945071275, -18.231638102 ], [ -39.945060542, -18.231575678 ], [ -39.945047517, -18.231513654 ], [ -39.94504118, -18.231478016 ], [ -39.945023369, -18.23138926 ], [ -39.945008824, -18.231309121 ], [ -39.944999629, -18.231264797 ], [ -39.944979935, -18.231157995 ], [ -39.944974203, -18.231131442 ], [ -39.944964139, -18.231078078 ], [ -39.944958153, -18.231051577 ], [ -39.944945093, -18.230980364 ], [ -39.944930523, -18.230909419 ], [ -39.944924745, -18.230873694 ], [ -39.944918702, -18.230847206 ], [ -39.944889445, -18.230696137 ], [ -39.944880037, -18.230642664 ], [ -39.944846255, -18.230474017 ], [ -39.944821914, -18.230340468 ], [ -39.944817651, -18.230322859 ], [ -39.944807661, -18.230269483 ], [ -39.944794334, -18.230207517 ], [ -39.94476848, -18.230065047 ], [ -39.944750116, -18.229976394 ], [ -39.94474593, -18.229949579 ], [ -39.944740034, -18.22992306 ], [ -39.944737927994389, -18.229905645438649 ] ] } },
{ "type": "Feature", "properties": { "Field": "000", "Length": 253.05974373885078 }, "geometry": { "type": "LineString", "coordinates": [ [ -39.945149595930332, -18.232116277639765 ], [ -39.945129065, -18.232010115 ], [ -39.94511979, -18.231956621 ], [ -39.945105239, -18.231885672 ], [ -39.945095853, -18.231832195 ], [ -39.945089956, -18.231805676 ], [ -39.945058791, -18.231645754 ], [ -39.945050911, -18.231601199 ], [ -39.945036047, -18.23153031 ], [ -39.945028208, -18.231485749 ], [ -39.945012201, -18.231405864 ], [ -39.94500089, -18.231343533 ], [ -39.944986477, -18.231272559 ], [ -39.944966592, -18.231165789 ], [ -39.944938531, -18.2310237 ], [ -39.944928997, -18.230970247 ], [ -39.94490042, -18.230828252 ], [ -39.944854859, -18.23058816 ], [ -39.944826212, -18.230446178 ], [ -39.944802035, -18.230312602 ], [ -39.94477798, -18.230197388 ], [ -39.944755427, -18.230072715 ], [ -39.944729247, -18.229939483 ], [ -39.944725572, -18.2299126 ], [ -39.944718014, -18.229877182 ], [ -39.944715619908536, -18.229867375532741 ] ] } },
{ "type": "Feature", "properties": { "Field": "000", "Length": 257.9266831337797 }, "geometry": { "type": "LineString", "coordinates": [ [ -39.94513669, -18.232124159 ], [ -39.945132307, -18.232097873 ], [ -39.945126193, -18.232071398 ], [ -39.945120054, -18.232035728 ], [ -39.945112201, -18.232000367 ], [ -39.945098068, -18.23192016 ], [ -39.945085024, -18.231858139 ], [ -39.945074192, -18.23179573 ], [ -39.945062977, -18.231742576 ], [ -39.945053651, -18.23168909 ], [ -39.945047591, -18.231662604 ], [ -39.945043261, -18.23163581 ], [ -39.945037438, -18.231609275 ], [ -39.945029508, -18.231564729 ], [ -39.944996872, -18.231405075 ], [ -39.944981349, -18.231315927 ], [ -39.944973323, -18.231280601 ], [ -39.944954105, -18.23117372 ], [ -39.944938991, -18.231102879 ], [ -39.944928297, -18.231040449 ], [ -39.944923791, -18.231022895 ], [ -39.944914706, -18.23097855 ], [ -39.944905612, -18.230925028 ], [ -39.944894536, -18.230871847 ], [ -39.944884892, -18.230818412 ], [ -39.944878933, -18.230791905 ], [ -39.944856042, -18.230667288 ], [ -39.944848016, -18.230631962 ], [ -39.944840337, -18.230587375 ], [ -39.944822907, -18.23049855 ], [ -39.944814585, -18.230463287 ], [ -39.944802226, -18.23039196 ], [ -39.944796067, -18.230365494 ], [ -39.944773171, -18.230240878 ], [ -39.944763391, -18.230196669 ], [ -39.944750651, -18.230125403 ], [ -39.944741577, -18.230081056 ], [ -39.944738969, -18.230063155 ], [ -39.944736728, -18.230054375 ], [ -39.944721775, -18.229974305 ], [ -39.944715926, -18.229947775 ], [ -39.944708194, -18.229894057 ], [ -39.944706685, -18.229885136 ], [ -39.944704072, -18.22987645 ], [ -39.944700404, -18.229858719 ], [ -39.944694362, -18.229832394 ] ] } },
{ "type": "Feature", "properties": { "Field": "000", "Length": 263.85884177288119 }, "geometry": { "type": "LineString", "coordinates": [ [ -39.945123783965698, -18.23213204081144 ], [ -39.945115772, -18.232088005 ], [ -39.94510279, -18.232025972 ], [ -39.945089939, -18.231954725 ], [ -39.945072054, -18.231865982 ], [ -39.94505686, -18.231776784 ], [ -39.945049045, -18.231741415 ], [ -39.945032984, -18.231661541 ], [ -39.945026879, -18.231625866 ], [ -39.94501615, -18.23157262 ], [ -39.94501145, -18.231545883 ], [ -39.94500743, -18.231528223 ], [ -39.944993443, -18.231457171 ], [ -39.944987439, -18.231430674 ], [ -39.944979877, -18.23138607 ], [ -39.944931576, -18.231137271 ], [ -39.944920455, -18.231074909 ], [ -39.944900302, -18.230977382 ], [ -39.944890858, -18.230923915 ], [ -39.944879913, -18.230870709 ], [ -39.944872094, -18.230826145 ], [ -39.944862753, -18.23078185 ], [ -39.944842805, -18.230675091 ], [ -39.944831617, -18.230621931 ], [ -39.944804944, -18.230479599 ], [ -39.944795245, -18.230435373 ], [ -39.944785508, -18.230381954 ], [ -39.94476796, -18.230293151 ], [ -39.944758417, -18.230239699 ], [ -39.944741893, -18.230159911 ], [ -39.944725532, -18.230070901 ], [ -39.944706658, -18.22997314 ], [ -39.944702671, -18.229955472 ], [ -39.944690858, -18.229884062 ], [ -39.944674709, -18.229813432 ], [ -39.944670504533953, -18.229787397736381 ] ] } },
{ "type": "Feature", "properties": { "Field": "000", "Length": 270.03677400539425 }, "geometry": { "type": "LineString", "coordinates": [ [ -39.945110323, -18.232140261 ], [ -39.945097996, -18.232078602 ], [ -39.945092221, -18.232042877 ], [ -39.945084712, -18.232007447 ], [ -39.945068093, -18.231918481 ], [ -39.945063939, -18.231900848 ], [ -39.945052913, -18.231838472 ], [ -39.945050439, -18.231820553 ], [ -39.945021344, -18.231678655 ], [ -39.945007176, -18.231598454 ], [ -39.944997732, -18.231554179 ], [ -39.944986475, -18.231491839 ], [ -39.944975008, -18.231438734 ], [ -39.94495152, -18.231314219 ], [ -39.944940449, -18.231261037 ], [ -39.944911084, -18.231100804 ], [ -39.944896351, -18.23102989 ], [ -39.944857459, -18.230825381 ], [ -39.944841884, -18.230754632 ], [ -39.944830973, -18.230692236 ], [ -39.944816277, -18.230621315 ], [ -39.944812038, -18.230594508 ], [ -39.944796261, -18.230514582 ], [ -39.944786931, -18.230461097 ], [ -39.944758027, -18.230319162 ], [ -39.944740143, -18.230221232 ], [ -39.944725584, -18.230150285 ], [ -39.944698952, -18.230007945 ], [ -39.944689738, -18.229963625 ], [ -39.9446798, -18.229910239 ], [ -39.944675782, -18.229892578 ], [ -39.944669778, -18.229856888 ], [ -39.944662292, -18.229821454 ], [ -39.944656276, -18.229785766 ], [ -39.944646442967475, -18.22974071607976 ] ] } },
{ "type": "Feature", "properties": { "Field": "000", "Length": 275.82961163032701 }, "geometry": { "type": "LineString", "coordinates": [ [ -39.945097241965634, -18.23214824980375 ], [ -39.945087961, -18.232095254 ], [ -39.945080574, -18.232059801 ], [ -39.945074343, -18.232024146 ], [ -39.945058413, -18.231944247 ], [ -39.945054015, -18.231917463 ], [ -39.945041511, -18.231855341 ], [ -39.945035614, -18.231819634 ], [ -39.945022242, -18.231757677 ], [ -39.945017736, -18.23173091 ], [ -39.945003651, -18.231659876 ], [ -39.944999227, -18.231633096 ], [ -39.944993604, -18.231606522 ], [ -39.944990619, -18.231588674 ], [ -39.944983018, -18.231553263 ], [ -39.944968161, -18.231473176 ], [ -39.94496372, -18.231455607 ], [ -39.944956607, -18.231420104 ], [ -39.94495022000001, -18.231384473 ], [ -39.944941128, -18.23134013 ], [ -39.944939484, -18.23133123 ], [ -39.944931318, -18.231286723 ], [ -39.944927127, -18.231259909 ], [ -39.944913023, -18.231188878 ], [ -39.944907059, -18.231162372 ], [ -39.944897899, -18.23110886 ], [ -39.944885321, -18.231046751 ], [ -39.944879351, -18.231011055 ], [ -39.944862572, -18.230931316 ], [ -39.944858172, -18.230904532 ], [ -39.944849115, -18.230860182 ], [ -39.944846356, -18.230842302 ], [ -39.944822442, -18.230727061 ], [ -39.944816279, -18.230691395 ], [ -39.944766977, -18.230433583 ], [ -39.94474889, -18.230344878 ], [ -39.94472372, -18.230211469 ], [ -39.944705676, -18.230122756 ], [ -39.944692158, -18.230051621 ], [ -39.944686138, -18.230015932 ], [ -39.944667831, -18.229927269 ], [ -39.944655304, -18.229855969 ], [ -39.944649523, -18.229829426 ], [ -39.944643522, -18.229793735 ], [ -39.944627554, -18.229713843 ], [ -39.944623986784187, -18.229697149014488 ] ] } },
{ "type": "Feature", "properties": { "Field": "000", "Length": 281.60905433273371 }, "geometry": { "type": "LineString", "coordinates": [ [ -39.945085029, -18.232155708 ], [ -39.945074094, -18.232093814 ], [ -39.94506474, -18.23204952 ], [ -39.945055675, -18.231995994 ], [ -39.945042573, -18.231933985 ], [ -39.945032876, -18.231880559 ], [ -39.945027292, -18.231853978 ], [ -39.945022906, -18.231827193 ], [ -39.945009524, -18.231765239 ], [ -39.944998506, -18.231702861 ], [ -39.944982175, -18.231623036 ], [ -39.944975751, -18.231587412 ], [ -39.944969907, -18.231560883 ], [ -39.94495533, -18.231480749 ], [ -39.944941853, -18.231418813 ], [ -39.944935955, -18.231383107 ], [ -39.94491849, -18.231294289 ], [ -39.944912538, -18.231258591 ], [ -39.944898279, -18.231187588 ], [ -39.944893987, -18.231169986 ], [ -39.944887147, -18.231134434 ], [ -39.944882959, -18.23110762 ], [ -39.944870327, -18.231045522 ], [ -39.944864056, -18.231009873 ], [ -39.944849485, -18.230938929 ], [ -39.944845124, -18.23091214 ], [ -39.944816255, -18.230770199 ], [ -39.944805795, -18.230707733 ], [ -39.944792662, -18.23064573 ], [ -39.944766054, -18.230503387 ], [ -39.944744621, -18.230396891 ], [ -39.944740022, -18.230370138 ], [ -39.944738309, -18.23036125 ], [ -39.944684451, -18.230085861 ], [ -39.944681691, -18.230067981 ], [ -39.944658446, -18.229952616 ], [ -39.944648799, -18.229899182 ], [ -39.944626158, -18.229783705999989 ], [ -39.944616765, -18.229730231 ], [ -39.944609071, -18.229694838 ], [ -39.94460359, -18.229668237 ], [ -39.944600843139867, -18.229653411452393 ] ] } },
{ "type": "Feature", "properties": { "Field": "000", "Length": 285.94490715947433 }, "geometry": { "type": "LineString", "coordinates": [ [ -39.945072510966071, -18.232163352826305 ], [ -39.945065663, -18.232128297 ], [ -39.945061376, -18.232101496 ], [ -39.945055617, -18.23207495 ], [ -39.945046313, -18.23202146 ], [ -39.945023083, -18.231906091 ], [ -39.945015455, -18.231861497 ], [ -39.945011776, -18.231843768 ], [ -39.945006981, -18.231826284 ], [ -39.944996511, -18.231772993 ], [ -39.944985718, -18.231710578 ], [ -39.944979996, -18.231684024 ], [ -39.944975478, -18.231657258 ], [ -39.944962501, -18.231595224999985 ], [ -39.944952798, -18.2315418 ], [ -39.94494193, -18.23148858 ], [ -39.944930878, -18.231426207 ], [ -39.944915915, -18.231355336 ], [ -39.94488931, -18.231212992 ], [ -39.944871449, -18.231124245 ], [ -39.944865344, -18.23108857 ], [ -39.944857685, -18.23105317 ], [ -39.944855947, -18.231044287 ], [ -39.94482833, -18.230902119 ], [ -39.944822093, -18.230866464 ], [ -39.9448003, -18.230760035 ], [ -39.944791103, -18.230706528 ], [ -39.944762909, -18.230564464 ], [ -39.944756851, -18.230528781 ], [ -39.944744236, -18.230466679 ], [ -39.944718742, -18.230333327 ], [ -39.944704042, -18.230262406 ], [ -39.944686279, -18.230164456 ], [ -39.944673445, -18.230102395 ], [ -39.944660135, -18.230031224 ], [ -39.944650718, -18.229986943 ], [ -39.944611589, -18.229782475 ], [ -39.944607034, -18.229755715 ], [ -39.944588818, -18.229667035 ], [ -39.944582309, -18.229631425 ], [ -39.944580487, -18.229622557 ] ] } },
{ "type": "Feature", "properties": { "Field": "000", "Length": 291.94359271758259 }, "geometry": { "type": "LineString", "coordinates": [ [ -39.945059433, -18.232171339 ], [ -39.94504521, -18.232091645 ], [ -39.945037223, -18.232056311 ], [ -39.945030023, -18.232011653 ], [ -39.945011691, -18.231922995 ], [ -39.945003106, -18.231869396 ], [ -39.944996646, -18.231842998 ], [ -39.944991194, -18.231816392 ], [ -39.944971184, -18.231709644 ], [ -39.944940985, -18.231558744 ], [ -39.94493157, -18.231505272 ], [ -39.944914475, -18.231416388 ], [ -39.944889559, -18.231292126 ], [ -39.944871591, -18.231194209 ], [ -39.944857254, -18.231123221 ], [ -39.944850906, -18.231087585 ], [ -39.944834261, -18.231007819 ], [ -39.944821278, -18.230936594 ], [ -39.944807389, -18.230865524 ], [ -39.944801223, -18.23083906 ], [ -39.944766292, -18.230652236 ], [ -39.944751914, -18.230581255 ], [ -39.944745942, -18.23054556 ], [ -39.94473138, -18.230474613 ], [ -39.944706175, -18.230341211 ], [ -39.94468275, -18.230225878 ], [ -39.944674442, -18.230181395 ], [ -39.94467019, -18.230154589 ], [ -39.94464931800001, -18.230047992 ], [ -39.944634612, -18.229977072 ], [ -39.944631713, -18.229959212 ], [ -39.94460394, -18.229817072 ], [ -39.944592891, -18.229754698 ], [ -39.944561745, -18.229603974 ], [ -39.94455968, -18.229595161 ], [ -39.944556156, -18.229577403 ] ] } },
{ "type": "Feature", "properties": { "Field": "000", "Length": 298.42730969773015 }, "geometry": { "type": "LineString", "coordinates": [ [ -39.945045027, -18.232180137 ], [ -39.945037163, -18.232126939 ], [ -39.945031619, -18.232100351 ], [ -39.945028997, -18.232082453 ], [ -39.94502323, -18.232055909 ], [ -39.945020784, -18.232037989 ], [ -39.944999173, -18.231931527 ], [ -39.944990505, -18.23187794 ], [ -39.944975593, -18.231807061 ], [ -39.944960786, -18.231726966 ], [ -39.944941832, -18.231638426 ], [ -39.944927614, -18.231558234 ], [ -39.944913042, -18.231487289 ], [ -39.944895022, -18.231389382 ], [ -39.944874875, -18.231291854 ], [ -39.944865556, -18.231238366 ], [ -39.944854639, -18.231185156 ], [ -39.944845408, -18.231131655 ], [ -39.944834846, -18.231078378999985 ], [ -39.944830542, -18.23106078 ], [ -39.944825692, -18.231034068 ], [ -39.944817863, -18.230998702 ], [ -39.944807641, -18.230936201 ], [ -39.944786812, -18.230838804 ], [ -39.944779292, -18.230794194 ], [ -39.944769984, -18.230749892 ], [ -39.944750272, -18.230643093 ], [ -39.944748565, -18.230634204 ], [ -39.944742762, -18.230607665 ], [ -39.944726726, -18.230518602 ], [ -39.944718756, -18.230483265 ], [ -39.944707816, -18.230420874 ], [ -39.944700951, -18.230385325 ], [ -39.944699157, -18.230376452 ], [ -39.944693014, -18.230349984 ], [ -39.944683256, -18.230296568 ], [ -39.94466662, -18.230216801 ], [ -39.944647292, -18.230109938 ], [ -39.944622234, -18.229985703 ], [ -39.944620492, -18.22997682 ], [ -39.944614223, -18.229941171 ], [ -39.94459127, -18.229825751 ], [ -39.944576839, -18.229745594 ], [ -39.944570642, -18.229719138 ], [ -39.944562761, -18.229674584 ], [ -39.944560912, -18.229665722 ], [ -39.944551557, -18.229621428 ], [ -39.944549521, -18.229612603 ], [ -39.944547089, -18.22960387 ], [ -39.944545265, -18.229595005 ], [ -39.944541741, -18.229577247 ], [ -39.944537086, -18.229550505 ], [ -39.944532783, -18.229528415 ] ] } },
{ "type": "Feature", "properties": { "Field": "000", "Length": 298.94328600898865 }, "geometry": { "type": "LineString", "coordinates": [ [ -39.945033309918244, -18.232187292579312 ], [ -39.945028223, -18.232161116 ], [ -39.945024163, -18.232134284 ], [ -39.945010206, -18.232063227 ], [ -39.945004649, -18.23202747 ], [ -39.944998654, -18.232000972 ], [ -39.944988296, -18.23194766 ], [ -39.944974334, -18.231867426 ], [ -39.944938209, -18.231690007 ], [ -39.944930457, -18.231645432 ], [ -39.944926257, -18.23162781 ], [ -39.944919495, -18.231592244 ], [ -39.944902578, -18.231512531 ], [ -39.944892417, -18.231459184 ], [ -39.944888624, -18.231432316 ], [ -39.944862018, -18.231299163 ], [ -39.944850833, -18.231236811 ], [ -39.944841398, -18.231192534 ], [ -39.944827228, -18.231112333 ], [ -39.944817939, -18.231068028 ], [ -39.944810672, -18.231023379 ], [ -39.944800614, -18.230979228 ], [ -39.944795848, -18.230952502 ], [ -39.944790016, -18.230925969 ], [ -39.944785442, -18.230899213 ], [ -39.944767193, -18.230810539 ], [ -39.944762709, -18.230783768 ], [ -39.944750879, -18.230730737 ], [ -39.944735426, -18.230641579 ], [ -39.944728111, -18.230606112 ], [ -39.944711886, -18.230517079 ], [ -39.944701301, -18.230463807 ], [ -39.94468714, -18.230383605 ], [ -39.944675208, -18.230330594 ], [ -39.944633821, -18.230117336 ], [ -39.944620419, -18.230055384 ], [ -39.944604571, -18.22996629 ], [ -39.944585723, -18.229868525 ], [ -39.944567464, -18.229779852 ], [ -39.944564863, -18.22976195 ], [ -39.944553853, -18.229708758 ], [ -39.94454453, -18.229655272 ], [ -39.944531541, -18.229593241 ], [ -39.944525685, -18.229557528 ], [ -39.944520515, -18.22953087 ] ] } },
{ "type": "Feature", "properties": { "Field": "000", "Length": 319.34545748692881 }, "geometry": { "type": "LineString", "coordinates": [ [ -39.945020730912269, -18.232194974470342 ], [ -39.945013244, -18.232149774 ], [ -39.945007194, -18.232123286 ], [ -39.944999657, -18.232078677 ], [ -39.944990417, -18.232034362 ], [ -39.94498139, -18.231980828 ], [ -39.94497522, -18.231954365 ], [ -39.944961401, -18.231874109 ], [ -39.944942845, -18.231785492 ], [ -39.944934607, -18.231740997 ], [ -39.944930269, -18.231723404 ], [ -39.944904834, -18.231590041 ], [ -39.944887739, -18.231510362 ], [ -39.944881797, -18.231474662 ], [ -39.944874593, -18.231439174 ], [ -39.944870372, -18.231412364 ], [ -39.944862808, -18.231376945 ], [ -39.944854794, -18.231332412 ], [ -39.944850416, -18.231314828 ], [ -39.944844717, -18.231279091 ], [ -39.944840557, -18.231261459 ], [ -39.944835906, -18.231234714 ], [ -39.944826558, -18.231190419 ], [ -39.944814375, -18.231119064 ], [ -39.944807123, -18.231083585 ], [ -39.944797719, -18.231030111 ], [ -39.944785902, -18.230977077 ], [ -39.94478304, -18.23095921 ], [ -39.944775295, -18.230923826 ], [ -39.94476553, -18.230870411 ], [ -39.944757634, -18.230835059 ], [ -39.944751744, -18.23079935 ], [ -39.94474926, -18.23079063 ], [ -39.944744366, -18.230763925 ], [ -39.944737879, -18.230737531 ], [ -39.94471402, -18.230603902 ], [ -39.944703114, -18.230550689 ], [ -39.94469707, -18.230515004 ], [ -39.944693091, -18.230497334 ], [ -39.944681773, -18.230425849 ], [ -39.944660552, -18.230328529 ], [ -39.944640284, -18.230221825 ], [ -39.944623527, -18.230142081 ], [ -39.944617376, -18.230106413 ], [ -39.944607465, -18.23006223 ], [ -39.944597567, -18.230008837 ], [ -39.944590237, -18.229964197 ], [ -39.944584269, -18.229937691 ], [ -39.944578065, -18.229902032 ], [ -39.944560861, -18.229813167 ], [ -39.944544177, -18.229733409 ], [ -39.944541995, -18.229724615 ], [ -39.944532956, -18.229671084 ], [ -39.9445241, -18.229626698 ], [ -39.944509776, -18.229546522 ], [ -39.944508073, -18.229537632 ], [ -39.944500267, -18.229502261 ], [ -39.944495619, -18.229484741 ], [ -39.944493883, -18.229475857 ], [ -39.94448146500001, -18.229404539 ], [ -39.94447504, -18.229368915 ], [ -39.944473222302499, -18.229357461454722 ] ] } },
{ "type": "Feature", "properties": { "Field": "000", "Length": 335.70521980700244 }, "geometry": { "type": "LineString", "coordinates": [ [ -39.945008846, -18.232202232 ], [ -39.944993909, -18.232130699 ], [ -39.944981538, -18.232059373 ], [ -39.944979862, -18.232050479 ], [ -39.944972055, -18.232015109 ], [ -39.944958577, -18.231943967 ], [ -39.944954402, -18.231926338 ], [ -39.944952915, -18.231917414 ], [ -39.944950518, -18.231899485 ], [ -39.944948784, -18.231890601 ], [ -39.944942905, -18.231864077 ], [ -39.944941316, -18.231855168 ], [ -39.944937021, -18.231828369 ], [ -39.94493537, -18.23181947 ], [ -39.944907485, -18.23167735 ], [ -39.94489432, -18.231615352 ], [ -39.944888167, -18.231579684 ], [ -39.944879664, -18.23154446 ], [ -39.944867846, -18.23147305 ], [ -39.944849452, -18.231384403 ], [ -39.944828079, -18.231268706 ], [ -39.944826292, -18.231259832 ], [ -39.944816755, -18.231215574 ], [ -39.944815027, -18.231206689 ], [ -39.944796131, -18.231099755 ], [ -39.944779562, -18.231019975 ], [ -39.944770425, -18.230966459 ], [ -39.944756623, -18.230904588 ], [ -39.944738597, -18.230806681 ], [ -39.944736819, -18.230797805 ], [ -39.944728993, -18.230762438 ], [ -39.944727236, -18.230753558 ], [ -39.94471957, -18.230708969 ], [ -39.944700585, -18.230611228 ], [ -39.944693049, -18.230575804 ], [ -39.944691357000011, -18.230566912 ], [ -39.944684053, -18.230522268 ], [ -39.944672141, -18.23046004 ], [ -39.944667891, -18.230442429 ], [ -39.94466593, -18.230433587 ], [ -39.944658703, -18.230398104 ], [ -39.944652546, -18.230362437 ], [ -39.944645169, -18.230326983 ], [ -39.944643451, -18.230318096 ], [ -39.94462028, -18.230193526 ], [ -39.944618509, -18.230184649 ], [ -39.944612401, -18.230158173 ], [ -39.944604262, -18.230113661 ], [ -39.944592745, -18.230060566 ], [ -39.944580306, -18.229989252 ], [ -39.94457861, -18.229980361 ], [ -39.944569492, -18.229936022 ], [ -39.944567849, -18.229927122 ], [ -39.944558982, -18.229873565 ], [ -39.94455720500001, -18.229864688 ], [ -39.944528845, -18.229731865 ], [ -39.944527306, -18.229722948 ], [ -39.944521684, -18.2296872 ], [ -39.944513718, -18.22964266 ], [ -39.944503815, -18.229598476 ], [ -39.944489149, -18.229518356 ], [ -39.944479163, -18.229474189 ], [ -39.944466671, -18.229402883 ], [ -39.944461774, -18.229376178 ], [ -39.944453279, -18.229322566 ], [ -39.944451511, -18.229313688 ], [ -39.944443553, -18.229278347 ], [ -39.944441764, -18.229269473 ], [ -39.944435196, -18.229233873 ], [ -39.944432060949723, -18.229219405884603 ] ] } },
{ "type": "Feature", "properties": { "Field": "000", "Length": 466.61547405958726 }, "geometry": { "type": "LineString", "coordinates": [ [ -39.94499743, -18.232209204 ], [ -39.944979194, -18.232129459 ], [ -39.944961896, -18.232031432 ], [ -39.944953464, -18.231996193 ], [ -39.944944571, -18.231951812 ], [ -39.944935673, -18.231898259 ], [ -39.944923881, -18.23183601 ], [ -39.944902541, -18.231729496 ], [ -39.944899566, -18.231711647 ], [ -39.944895362, -18.231694024 ], [ -39.944885735, -18.231640587 ], [ -39.944865393, -18.231543095 ], [ -39.944846318, -18.23143619 ], [ -39.944819658, -18.231303046 ], [ -39.944808406, -18.231240705 ], [ -39.944800684, -18.231205317 ], [ -39.944784651, -18.231116252 ], [ -39.944773548, -18.231063076 ], [ -39.94475385, -18.230956275 ], [ -39.944740666, -18.230894281 ], [ -39.944727601, -18.230823068 ], [ -39.94471472, -18.230761016 ], [ -39.944703394, -18.230698688 ], [ -39.944693911, -18.230654419 ], [ -39.944687542, -18.230618786 ], [ -39.944678263, -18.230574478 ], [ -39.944669285, -18.230520937 ], [ -39.944657029, -18.230458769 ], [ -39.944647465, -18.230414517 ], [ -39.944639009, -18.230370059 ], [ -39.9446349, -18.230343232 ], [ -39.944628889, -18.230316736 ], [ -39.944625898, -18.230298889 ], [ -39.944611589, -18.230227895 ], [ -39.944603644, -18.230183351 ], [ -39.944583591, -18.230085805 ], [ -39.944563779, -18.229979022 ], [ -39.944554695, -18.229934677 ], [ -39.944540222, -18.229854526 ], [ -39.944519483, -18.229757111 ], [ -39.944503645, -18.229668014 ], [ -39.944469673, -18.229499402 ], [ -39.94444702, -18.229374745 ], [ -39.94443872, -18.229321105 ], [ -39.944428817, -18.22927692 ], [ -39.944420705, -18.229232403 ], [ -39.944414853, -18.229205874 ], [ -39.944410654, -18.229179061 ], [ -39.944395264, -18.229108274 ], [ -39.94437335, -18.22899267 ], [ -39.94435995, -18.228912349 ], [ -39.944350789, -18.228877276 ], [ -39.944341565, -18.228832957 ], [ -39.944336825, -18.228806226 ], [ -39.944330272, -18.228761476 ], [ -39.94432144200001, -18.228726325 ], [ -39.944307128, -18.228655332 ], [ -39.94429765, -18.22860187 ], [ -39.944286715, -18.228548663 ], [ -39.944268601, -18.228450771 ], [ -39.944250043, -18.228362155 ], [ -39.944225614, -18.22822862 ], [ -39.944216728, -18.228184238 ], [ -39.944199777, -18.228086157 ], [ -39.944195098, -18.228068644 ], [ -39.9441942, -18.228063443 ] ] } },
{ "type": "Feature", "properties": { "Field": "000", "Length": 471.07373680971864 }, "geometry": { "type": "LineString", "coordinates": [ [ -39.944982743, -18.232218173 ], [ -39.944971108, -18.23215584 ], [ -39.944964563, -18.23212946 ], [ -39.944957154, -18.232084831 ], [ -39.944951169, -18.232058329 ], [ -39.944947299, -18.232031471 ], [ -39.94493906, -18.231996189 ], [ -39.94493466, -18.231969405 ], [ -39.944902054, -18.231800547 ], [ -39.944897817, -18.231773739 ], [ -39.94488842, -18.231729454 ], [ -39.944885422, -18.231711608 ], [ -39.944881184, -18.231693993 ], [ -39.944875074, -18.231658318 ], [ -39.944865324, -18.231614103 ], [ -39.944860505, -18.231587385 ], [ -39.944849221, -18.231534244 ], [ -39.944838558, -18.231471809 ], [ -39.944828229, -18.231418491 ], [ -39.944818717, -18.231374228 ], [ -39.944809579, -18.231320711 ], [ -39.944787972, -18.231214247 ], [ -39.944783537, -18.231187469 ], [ -39.944764098, -18.231089809 ], [ -39.944752677, -18.231027497 ], [ -39.944730892, -18.230921066 ], [ -39.94470247, -18.230769851 ], [ -39.944694726, -18.230734467 ], [ -39.944683719, -18.230672087 ], [ -39.944668878, -18.230601193 ], [ -39.944657751, -18.230538832 ], [ -39.944643932, -18.230467749 ], [ -39.944636295, -18.230432344 ], [ -39.94462013, -18.230343301 ], [ -39.944598649, -18.230236814 ], [ -39.944589, -18.23018338 ], [ -39.94458308, -18.230156864 ], [ -39.944567186, -18.230076959 ], [ -39.944558148, -18.230023428 ], [ -39.944550389, -18.229988047 ], [ -39.944529585, -18.229881437 ], [ -39.94452504, -18.229854675 ], [ -39.944506741, -18.22976601 ], [ -39.94449155, -18.22967681 ], [ -39.944469214, -18.229570484 ], [ -39.944463091, -18.229534811 ], [ -39.944447318, -18.229454884 ], [ -39.944439739, -18.229410282 ], [ -39.944418606, -18.229303731 ], [ -39.944406119, -18.229232424 ], [ -39.944398584, -18.229196999 ], [ -39.944390789, -18.229152431 ], [ -39.944376055, -18.229081516 ], [ -39.944366706, -18.229028033 ], [ -39.944359279, -18.228992588 ], [ -39.944346779, -18.228921283 ], [ -39.94433629, -18.228877222 ], [ -39.944323462, -18.22881516 ], [ -39.944316227, -18.228770505 ], [ -39.944282186, -18.228601906 ], [ -39.944256036, -18.228459484 ], [ -39.944239094, -18.228379776 ], [ -39.94422426, -18.228299685 ], [ -39.944216627, -18.228264279 ], [ -39.944207835, -18.22821071 ], [ -39.944200422, -18.228175262 ], [ -39.944190984, -18.228121793 ], [ -39.944183746, -18.228086312 ], [ -39.94417743, -18.22805988 ], [ -39.944172304235494, -18.228032593253666 ] ] } },
{ "type": "Feature", "properties": { "Field": "000", "Length": 475.13656900170247 }, "geometry": { "type": "LineString", "coordinates": [ [ -39.9449698899232, -18.232226022611172 ], [ -39.944943519, -18.232092514 ], [ -39.944934165, -18.232039032 ], [ -39.944924342, -18.231994831 ], [ -39.944919988, -18.23196804 ], [ -39.944906139, -18.231896963 ], [ -39.944898328, -18.231852398 ], [ -39.944888851, -18.231808128 ], [ -39.944882932, -18.231772424 ], [ -39.944875251, -18.231737028 ], [ -39.944862016, -18.231665844 ], [ -39.944834959, -18.231532773 ], [ -39.944825376, -18.231479328 ], [ -39.944819634, -18.231452777 ], [ -39.944808584, -18.231390403 ], [ -39.944802605, -18.2313639 ], [ -39.944792801, -18.231310492 ], [ -39.944787075, -18.231283937 ], [ -39.944756967, -18.23112383 ], [ -39.944747492, -18.23107956 ], [ -39.944742869, -18.231052811 ], [ -39.944711247, -18.23089297 ], [ -39.944706711, -18.230866207 ], [ -39.94467866, -18.230724116 ], [ -39.944665505, -18.230652919 ], [ -39.9446577, -18.230617548 ], [ -39.944636462, -18.230501829 ], [ -39.944621622, -18.230430935 ], [ -39.944612127, -18.230377475 ], [ -39.944597288, -18.230306581 ], [ -39.944587996, -18.230253089 ], [ -39.944554505, -18.230084389 ], [ -39.944541646, -18.230013142 ], [ -39.944525332, -18.229933315 ], [ -39.944503254, -18.229817739 ], [ -39.944497267, -18.229791238 ], [ -39.944475163, -18.229666491 ], [ -39.944462005, -18.229604492 ], [ -39.944446752, -18.229524473 ], [ -39.944444758, -18.229515639 ], [ -39.944435935, -18.229471246 ], [ -39.944434218, -18.229462359 ], [ -39.944418292, -18.229373276 ], [ -39.944403731, -18.22930233 ], [ -39.944380445, -18.229177779 ], [ -39.944365953, -18.22910682 ], [ -39.94435285, -18.229035614 ], [ -39.944345181, -18.229000216 ], [ -39.944336957, -18.228955718 ], [ -39.944318878, -18.228867012 ], [ -39.944285667, -18.228689073 ], [ -39.94426391, -18.228582638 ], [ -39.944255008, -18.228529085 ], [ -39.944241528, -18.228457944 ], [ -39.944239766, -18.228449065 ], [ -39.944228013, -18.228396017 ], [ -39.944216379, -18.22833374 ], [ -39.944205204, -18.228280579 ], [ -39.94419284, -18.228209252 ], [ -39.944180814, -18.228147044 ], [ -39.94417918, -18.228138142 ], [ -39.944176247, -18.228120287 ], [ -39.944152108, -18.228004139 ] ] } },
{ "type": "Feature", "properties": { "Field": "000", "Length": 478.53835267212952 }, "geometry": { "type": "LineString", "coordinates": [ [ -39.94495812096018, -18.232233209809024 ], [ -39.944950664, -18.232197446 ], [ -39.944948673, -18.232188611 ], [ -39.944946446, -18.232179828 ], [ -39.944944507, -18.232170983 ], [ -39.944938672, -18.232135266 ], [ -39.944937001, -18.232126371 ], [ -39.944928927, -18.232091055 ], [ -39.944927113, -18.232082185 ], [ -39.944922682, -18.232055406 ], [ -39.94492095, -18.232046522 ], [ -39.944914516, -18.232020116 ], [ -39.944912612, -18.232011264 ], [ -39.944903423, -18.231957756 ], [ -39.94489799, -18.231931146 ], [ -39.944896342, -18.231922247 ], [ -39.94489357, -18.231904367 ], [ -39.944891996, -18.231895456 ], [ -39.944884577, -18.231860009 ], [ -39.944871262, -18.231788839 ], [ -39.944869473, -18.231779965 ], [ -39.944865499, -18.231762294 ], [ -39.944863659, -18.231753429 ], [ -39.944854038, -18.23169999 ], [ -39.944852297, -18.231691108 ], [ -39.944844461, -18.231655742 ], [ -39.944842627, -18.231646877 ], [ -39.944829544, -18.231575667 ], [ -39.944827786, -18.231566787 ], [ -39.944821931, -18.231540259 ], [ -39.944820218, -18.231531370999988 ], [ -39.94481755, -18.231513477 ], [ -39.944816027, -18.231504558 ], [ -39.944801565, -18.231433593 ], [ -39.944792096, -18.23138013 ], [ -39.944770021, -18.231273754 ], [ -39.944742352, -18.231122412 ], [ -39.944740595, -18.231113532 ], [ -39.94473472, -18.231087008 ], [ -39.944732922, -18.231078135 ], [ -39.944726735, -18.231042473 ], [ -39.94472504, -18.231033582 ], [ -39.944709624, -18.2309628 ], [ -39.944707836, -18.230953926 ], [ -39.944687416, -18.230838072 ], [ -39.944685697, -18.230829186 ], [ -39.944675943, -18.230784971 ], [ -39.944674117, -18.230776104 ], [ -39.944652881, -18.230660384 ], [ -39.944651098, -18.230651509 ], [ -39.944647074, -18.230633848 ], [ -39.944645261, -18.230624979 ], [ -39.944639126, -18.230589308 ], [ -39.94463017, -18.23054494 ], [ -39.944623818, -18.230509305 ], [ -39.944610747, -18.230447289 ], [ -39.944609011, -18.230438405 ], [ -39.944601338, -18.230393817 ], [ -39.944599646, -18.230384926 ], [ -39.944586131, -18.230322997 ], [ -39.944584353, -18.230314121 ], [ -39.944576639, -18.23026954 ], [ -39.944574939, -18.23026065 ], [ -39.944571065, -18.230242958 ], [ -39.944569278, -18.230234084 ], [ -39.944559818, -18.230180619 ], [ -39.944541498, -18.230091958 ], [ -39.944527034, -18.230011806 ], [ -39.944510736, -18.229931975 ], [ -39.94449088, -18.2298252 ], [ -39.94448912, -18.229816321 ], [ -39.944479636, -18.229772053 ], [ -39.944454626, -18.229638617 ], [ -39.944452833, -18.229629743000011 ], [ -39.94444498, -18.229594381 ], [ -39.944443231, -18.2295855 ], [ -39.944437408, -18.229549782 ], [ -39.944435797, -18.229540876 ], [ -39.944421313, -18.229469916 ], [ -39.94440366100001, -18.229371947 ], [ -39.944401942, -18.22936306 ], [ -39.944385145, -18.229283324 ], [ -39.944375018, -18.22922997 ], [ -39.944370831, -18.229203158 ], [ -39.944350896, -18.229105589 ], [ -39.944349197, -18.229096699 ], [ -39.94434146, -18.229052122 ], [ -39.944339786, -18.229043227 ], [ -39.944315874, -18.228927986 ], [ -39.944271622, -18.228687671 ], [ -39.944269855, -18.228678792 ], [ -39.944256278, -18.228616876 ], [ -39.944254544, -18.228607992 ], [ -39.944244351, -18.228545485 ], [ -39.944242695, -18.228536587 ], [ -39.944234999, -18.228501194 ], [ -39.944233296, -18.228492304 ], [ -39.94422909, -18.228465492 ], [ -39.944227438, -18.228456594 ], [ -39.944215585, -18.228403566 ], [ -39.94419573, -18.228305983 ], [ -39.944194036, -18.228297092 ], [ -39.944175404, -18.228190116 ], [ -39.94414194, -18.228021411 ], [ -39.944140371, -18.228012499 ], [ -39.94413578, -18.227981135 ] ] } },
{ "type": "Feature", "properties": { "Field": "000", "Length": 482.2125781964038 }, "geometry": { "type": "LineString", "coordinates": [ [ -39.944943738958024, -18.232241992764177 ], [ -39.944937481, -18.232206839 ], [ -39.944928495, -18.232162476 ], [ -39.944924163, -18.232135682 ], [ -39.94491803, -18.232109211 ], [ -39.94490481, -18.232038025 ], [ -39.94489842, -18.23201161 ], [ -39.944893961, -18.231984835 ], [ -39.944883605, -18.231931522 ], [ -39.944879844, -18.231904649 ], [ -39.944861051, -18.231816078 ], [ -39.94485315, -18.231771527 ], [ -39.944844137, -18.231727169 ], [ -39.944839797, -18.231700376 ], [ -39.944820961, -18.231611814 ], [ -39.944813657, -18.231567169 ], [ -39.944798307, -18.231487167 ], [ -39.94479079, -18.231451739 ], [ -39.944779821, -18.231389352 ], [ -39.944755435, -18.231274201 ], [ -39.944738224, -18.231176161 ], [ -39.944730592, -18.231140755 ], [ -39.944710847, -18.231033961 ], [ -39.944695562, -18.230963154 ], [ -39.944680079, -18.230874 ], [ -39.944661603, -18.230785368 ], [ -39.944658768, -18.230767498 ], [ -39.944636571, -18.230651943 ], [ -39.944622105, -18.230580979 ], [ -39.944612589, -18.230527523 ], [ -39.944601505, -18.230474343 ], [ -39.944588796, -18.230403072 ], [ -39.944578087, -18.230349823 ], [ -39.944571861, -18.230323372 ], [ -39.944564575, -18.230278725 ], [ -39.944558277, -18.230252289 ], [ -39.944540036, -18.230154419 ], [ -39.944523482, -18.230074637 ], [ -39.944507493, -18.229985564 ], [ -39.944500029, -18.229950126 ], [ -39.944495782, -18.22992332 ], [ -39.944489742, -18.229896829 ], [ -39.944464739, -18.229763392 ], [ -39.944443123, -18.229656929 ], [ -39.944433466, -18.229603496 ], [ -39.94440735900001, -18.229470252 ], [ -39.944394825, -18.229398953 ], [ -39.944376147, -18.22931036 ], [ -39.944366604, -18.229256908 ], [ -39.94435561, -18.229203712 ], [ -39.944349488, -18.229168039 ], [ -39.944323042, -18.229034856 ], [ -39.944313612, -18.228981386 ], [ -39.944303314, -18.228937284 ], [ -39.944286075, -18.228839248 ], [ -39.944268528, -18.228750444 ], [ -39.944255374, -18.228679246999988 ], [ -39.944242433, -18.228617206 ], [ -39.944228355, -18.228536991 ], [ -39.944218844, -18.228492728 ], [ -39.944214434, -18.228465945 ], [ -39.944179857, -18.228297445 ], [ -39.944166763, -18.228226238 ], [ -39.944161375, -18.228190457 ], [ -39.944156479, -18.228163752 ], [ -39.944146756, -18.228119531 ], [ -39.944131208, -18.228039564 ], [ -39.944126627, -18.228012808 ], [ -39.944120847, -18.22796796 ], [ -39.944118463, -18.227956737 ] ] } },
{ "type": "Feature", "properties": { "Field": "000", "Length": 486.97520459584541 }, "geometry": { "type": "LineString", "coordinates": [ [ -39.944930510993302, -18.232250070957683 ], [ -39.94492623, -18.232223024 ], [ -39.944916671, -18.23217877 ], [ -39.944909233, -18.232134145999989 ], [ -39.944903373, -18.232107619 ], [ -39.944899319, -18.232080785 ], [ -39.944892617, -18.232054441 ], [ -39.944874017, -18.231956632 ], [ -39.944867005, -18.231911945 ], [ -39.944850012, -18.231832247 ], [ -39.944843897, -18.231796573 ], [ -39.944826757, -18.231707696 ], [ -39.944820862, -18.231681176 ], [ -39.944813165, -18.231636592 ], [ -39.9447932, -18.23153903 ], [ -39.944776968, -18.231449998 ], [ -39.944760787, -18.231370145 ], [ -39.944757788, -18.231352299 ], [ -39.944751604, -18.231325839 ], [ -39.944734636, -18.231236932 ], [ -39.944728561, -18.231201252 ], [ -39.944682891, -18.230970371 ], [ -39.944671604, -18.230908036 ], [ -39.944664053, -18.230872614 ], [ -39.944649515, -18.230792473 ], [ -39.944625813, -18.230677192 ], [ -39.944623355, -18.230659271 ], [ -39.944599365, -18.230534843 ], [ -39.944590143, -18.230490524 ], [ -39.944573962, -18.230401483 ], [ -39.944559299, -18.230330555 ], [ -39.944549721, -18.23027711 ], [ -39.944538322, -18.230223991 ], [ -39.944520292, -18.230126085 ], [ -39.944505361, -18.230055208 ], [ -39.944496086, -18.230001714 ], [ -39.944486415, -18.229957482 ], [ -39.944474203, -18.229886132 ], [ -39.94446822, -18.229859629999989 ], [ -39.944456701, -18.229797333 ], [ -39.944440225, -18.229717536 ], [ -39.944418884, -18.229601835 ], [ -39.9444004, -18.229513204 ], [ -39.944387841, -18.229441909 ], [ -39.944376934, -18.229388696 ], [ -39.944370795, -18.229353026 ], [ -39.944363045, -18.229317643 ], [ -39.94434868, -18.229237475 ], [ -39.94433939, -18.229193169 ], [ -39.944329711, -18.229139739 ], [ -39.944324049, -18.229113173 ], [ -39.944314604, -18.229059705 ], [ -39.944290708, -18.228944461 ], [ -39.944268171, -18.228819785 ], [ -39.944257354, -18.228766555 ], [ -39.944242535, -18.228686462 ], [ -39.944224358, -18.228597773 ], [ -39.944211461, -18.228526533 ], [ -39.944198835, -18.228464433 ], [ -39.944195888, -18.228446579 ], [ -39.944175748, -18.22834905 ], [ -39.944153691, -18.228233471 ], [ -39.944145115, -18.22817987 ], [ -39.944138933, -18.228153409 ], [ -39.944136344, -18.228135505 ], [ -39.944116406, -18.228037937 ], [ -39.94411057, -18.228002221 ], [ -39.944094404093917, -18.227922840461176 ] ] } },
{ "type": "Feature", "properties": { "Field": "000", "Length": 5.8208e-11 }, "geometry": { "type": "LineString", "coordinates": [ [ -39.944094404093917, -18.227922840461176 ], [ -39.944094404093917, -18.227922840461176 ] ] } },
{ "type": "Feature", "properties": { "Field": "000", "Length": 490.49663550906405 }, "geometry": { "type": "LineString", "coordinates": [ [ -39.944917908979249, -18.2322577668875 ], [ -39.944906391, -18.232195304 ], [ -39.944900695, -18.232168744 ], [ -39.94489686, -18.23214188 ], [ -39.944890841, -18.232115386 ], [ -39.944886301, -18.232088623 ], [ -39.944869401, -18.232008907 ], [ -39.944852026, -18.231910893 ], [ -39.944821515, -18.23176005 ], [ -39.944817271, -18.231733243 ], [ -39.944803293, -18.231662189 ], [ -39.944798788, -18.231635421 ], [ -39.944786878, -18.231582405 ], [ -39.944774017, -18.231511159 ], [ -39.944748336, -18.231377839 ], [ -39.9447216, -18.231244709 ], [ -39.944711959, -18.231191273 ], [ -39.944706037, -18.231164759 ], [ -39.944691421, -18.231084631 ], [ -39.94467329, -18.230995934 ], [ -39.944661061, -18.230924586 ], [ -39.944645884, -18.230853757 ], [ -39.944636934, -18.230800212 ], [ -39.94461488000001, -18.230693832 ], [ -39.944598646, -18.2306048 ], [ -39.94457188, -18.230471675 ], [ -39.94456105, -18.230409266 ], [ -39.944541348, -18.230311655 ], [ -39.944537054, -18.230284855 ], [ -39.944523914, -18.230222853 ], [ -39.944505704, -18.230124977 ], [ -39.944492544, -18.230062979 ], [ -39.94448338, -18.230009467 ], [ -39.94447544, -18.229974122 ], [ -39.94446115, -18.229893941 ], [ -39.944446405, -18.229823029 ], [ -39.944442091, -18.229796232 ], [ -39.944429394, -18.229734146 ], [ -39.944408323, -18.229618399 ], [ -39.944385762, -18.229512116 ], [ -39.9443666, -18.229405225 ], [ -39.944346824, -18.229307627 ], [ -39.944330742, -18.22921857 ], [ -39.944324911, -18.229192037 ], [ -39.944320303, -18.229165285 ], [ -39.944297395, -18.229049858 ], [ -39.944289275, -18.229005342 ], [ -39.944269481, -18.228907748 ], [ -39.944255436, -18.228827527 ], [ -39.944234602, -18.228720922 ], [ -39.944225229, -18.228676632 ], [ -39.944218822, -18.228641005 ], [ -39.944210911, -18.228605655 ], [ -39.944203464, -18.228561033 ], [ -39.944188388, -18.228480983 ], [ -39.944161185, -18.228347939 ], [ -39.944156659, -18.228321174 ], [ -39.944125992, -18.228161164 ], [ -39.944118626, -18.228116529 ], [ -39.944094254, -18.228001376 ], [ -39.944088599, -18.227965633 ], [ -39.944081213, -18.227930179 ], [ -39.94407605, -18.227899133 ] ] } },
{ "type": "Feature", "properties": { "Field": "000", "Length": 494.33596411297754 }, "geometry": { "type": "LineString", "coordinates": [ [ -39.944901466976859, -18.232267807859369 ], [ -39.944897004, -18.2322407 ], [ -39.944892716, -18.232204784 ], [ -39.944887166, -18.232178196 ], [ -39.944881691, -18.232142427 ], [ -39.944877718, -18.232124756 ], [ -39.944871877, -18.23208904 ], [ -39.944867243, -18.232071516 ], [ -39.944858058, -18.23202719 ], [ -39.944846161, -18.231955791 ], [ -39.94483115300001, -18.231884929 ], [ -39.944825157, -18.231849237 ], [ -39.944806664, -18.231760609 ], [ -39.944800887, -18.231724883 ], [ -39.944795975, -18.231707429 ], [ -39.944784719, -18.231645089 ], [ -39.944777039, -18.231609692 ], [ -39.944766, -18.231547317 ], [ -39.944761738, -18.231529707 ], [ -39.944753938, -18.231485139 ], [ -39.944747969, -18.231458634 ], [ -39.944732486, -18.231369481 ], [ -39.944727258, -18.231342833 ], [ -39.944717164, -18.231298688 ], [ -39.944712873, -18.231271888 ], [ -39.944708391, -18.231254328 ], [ -39.944704362, -18.231227491 ], [ -39.944696301, -18.231192171 ], [ -39.944681206, -18.231112125 ], [ -39.944677049, -18.231085306 ], [ -39.944670547, -18.231058915 ], [ -39.944664678, -18.231023204 ], [ -39.94465218, -18.23096108 ], [ -39.944647972, -18.230934268 ], [ -39.944634003, -18.230872431 ], [ -39.944629804, -18.230845618 ], [ -39.944625639, -18.230827987 ], [ -39.944621837, -18.230801119 ], [ -39.944615301, -18.230765514 ], [ -39.944603272, -18.230712522 ], [ -39.944599036, -18.230685714 ], [ -39.944589934, -18.230641373 ], [ -39.94458264, -18.230596727 ], [ -39.944572473, -18.230552597 ], [ -39.944563143, -18.230499111 ], [ -39.944541251, -18.2303927 ], [ -39.94453145, -18.230339292 ], [ -39.944528882, -18.230321384 ], [ -39.94452293, -18.230294876 ], [ -39.944518663, -18.230268072 ], [ -39.944509407, -18.23022376 ], [ -39.944505147, -18.230196955 ], [ -39.944495526, -18.230152714 ], [ -39.944482946, -18.230081421 ], [ -39.944462296, -18.229983989 ], [ -39.944458233, -18.229957157 ], [ -39.944442098, -18.229877296 ], [ -39.944437969, -18.229850472 ], [ -39.944430135, -18.229815107 ], [ -39.944427508, -18.229797207 ], [ -39.944421687, -18.229770672 ], [ -39.944412398, -18.22971718 ], [ -39.9443929, -18.229619531 ], [ -39.944388758, -18.22959271 ], [ -39.944376509, -18.229539764 ], [ -39.944370084, -18.22950414 ], [ -39.944365738, -18.229486549 ], [ -39.944352129, -18.22940626 ], [ -39.944341821, -18.22936216 ], [ -39.944329186, -18.229290877 ], [ -39.944321555, -18.22925547 ], [ -39.944316817, -18.229228739 ], [ -39.944313093, -18.229201862 ], [ -39.944283962, -18.22905997 ], [ -39.944278135, -18.229024252 ], [ -39.944266009, -18.228962061 ], [ -39.944259754, -18.228935616 ], [ -39.944249813, -18.228882231 ], [ -39.944239547, -18.228819735 ], [ -39.944224213, -18.228748937 ], [ -39.944217768, -18.228713316 ], [ -39.944207481, -18.228669212 ], [ -39.944203191, -18.228642412 ], [ -39.944199164, -18.228624752 ], [ -39.94419699, -18.228606797 ], [ -39.94418925, -18.22856222 ], [ -39.944184886, -18.228544633 ], [ -39.944178597, -18.228508986 ], [ -39.944168792, -18.228464782 ], [ -39.944162838, -18.228429083 ], [ -39.944156978, -18.228402556 ], [ -39.944152935, -18.228375721 ], [ -39.944141283, -18.228322652 ], [ -39.944128668, -18.228251365999981 ], [ -39.944110561, -18.228162665 ], [ -39.944103178, -18.228118032 ], [ -39.944096841, -18.228091605 ], [ -39.944092675, -18.228064787 ], [ -39.944078924, -18.228002906 ], [ -39.944068967, -18.227949523 ], [ -39.944060562, -18.227895897 ], [ -39.944056258020858, -18.227875527098703 ] ] } },
{ "type": "Feature", "properties": { "Field": "000", "Length": 497.53884245491093 }, "geometry": { "type": "LineString", "coordinates": [ [ -39.944889642944744, -18.232275028679876 ], [ -39.944874159, -18.232185325 ], [ -39.944868784, -18.232149543 ], [ -39.944847556, -18.232043009 ], [ -39.944841445, -18.232016533 ], [ -39.944833179, -18.231962888 ], [ -39.944816576, -18.231883115 ], [ -39.94481142, -18.231856454 ], [ -39.944808893, -18.231838541 ], [ -39.944799278, -18.231794299 ], [ -39.944788047, -18.231731955 ], [ -39.944781828, -18.231705502 ], [ -39.944762753, -18.231607777 ], [ -39.944746106, -18.231518815 ], [ -39.944735087, -18.231465623 ], [ -39.944715365, -18.231358826 ], [ -39.94470564, -18.231314605 ], [ -39.944689656, -18.231225532 ], [ -39.944679935, -18.231181311 ], [ -39.944665727, -18.231101116 ], [ -39.944655799, -18.231056937 ], [ -39.944629382, -18.23091456 ], [ -39.944623264, -18.230888086 ], [ -39.944616748, -18.230852477 ], [ -39.944610994, -18.230825929 ], [ -39.94460428, -18.230790353 ], [ -39.944601731, -18.230772444 ], [ -39.944582133, -18.230674813 ], [ -39.94456771, -18.230594653 ], [ -39.944552714, -18.230523789 ], [ -39.944537833, -18.230443706 ], [ -39.944519685, -18.230355013 ], [ -39.94450234, -18.230256994 ], [ -39.944496609, -18.230230441 ], [ -39.94449016, -18.230194821 ], [ -39.944480617, -18.230150564 ], [ -39.944469499, -18.230088201 ], [ -39.94445971, -18.230043993 ], [ -39.944449405, -18.229990671 ], [ -39.944441686, -18.229946091 ], [ -39.944411455, -18.229795197 ], [ -39.944405628, -18.229759479 ], [ -39.944373455, -18.229590545 ], [ -39.944358988, -18.229519581 ], [ -39.9443508, -18.229484288 ], [ -39.944337031, -18.229404024 ], [ -39.944325831, -18.229350866 ], [ -39.944289143, -18.229155161 ], [ -39.944260879, -18.229013109 ], [ -39.944252671, -18.228968608 ], [ -39.944245127, -18.228933185 ], [ -39.944224478, -18.228817369 ], [ -39.944189947, -18.22864886 ], [ -39.944177586, -18.228577533 ], [ -39.944147243, -18.22842666 ], [ -39.944137821, -18.228373189 ], [ -39.944121322, -18.228293396 ], [ -39.944115288, -18.228257709 ], [ -39.944096069, -18.22816001 ], [ -39.944086346, -18.228106588 ], [ -39.944074747, -18.228053509 ], [ -39.944057535, -18.227964645 ], [ -39.94403776, -18.227853465 ] ] } },
{ "type": "Feature", "properties": { "Field": "000", "Length": 500.70989918757039 }, "geometry": { "type": "LineString", "coordinates": [ [ -39.944878604, -18.23228177 ], [ -39.944871113, -18.232245912 ], [ -39.944850247, -18.232130131 ], [ -39.94483202, -18.232041452 ], [ -39.944825397, -18.232005862 ], [ -39.944812102, -18.231925524 ], [ -39.944803537, -18.231890314 ], [ -39.944794067, -18.23183685 ], [ -39.944784862, -18.231792528 ], [ -39.944778633, -18.231756872 ], [ -39.944761992, -18.231677106 ], [ -39.944755955, -18.23164142 ], [ -39.944745914, -18.231597264 ], [ -39.944731584, -18.231517089 ], [ -39.944722234, -18.231472795 ], [ -39.944705017, -18.231383932 ], [ -39.94468388, -18.231268196 ], [ -39.944669697, -18.231197179 ], [ -39.94465991, -18.231152971 ], [ -39.944647645, -18.231081629 ], [ -39.944638024, -18.231037388 ], [ -39.944631986, -18.231001702 ], [ -39.944611811, -18.230904179 ], [ -39.944594254, -18.230806194 ], [ -39.944573727, -18.230708738 ], [ -39.944552166, -18.230593074 ], [ -39.944546352, -18.230557354 ], [ -39.94453462, -18.230504302 ], [ -39.944527384, -18.230459647 ], [ -39.944515804, -18.230406565 ], [ -39.94450710200001, -18.23036215 ], [ -39.944489461000011, -18.230264179 ], [ -39.94448372, -18.230237628 ], [ -39.94447549, -18.230193131 ], [ -39.944469565, -18.230166616999988 ], [ -39.944456209, -18.230095454 ], [ -39.94445011, -18.230068976 ], [ -39.944416859, -18.229891044 ], [ -39.944400132, -18.229811295 ], [ -39.944391206, -18.229757746 ], [ -39.944366808, -18.22963339 ], [ -39.944351061, -18.229562675 ], [ -39.944343997, -18.229517996 ], [ -39.944329649, -18.229437824 ], [ -39.944314905, -18.229366911 ], [ -39.944296475, -18.229269073 ], [ -39.944287332, -18.22922474 ], [ -39.944279915, -18.229180112 ], [ -39.94426173, -18.229091426 ], [ -39.944253862, -18.229046869 ], [ -39.944218952, -18.228869228 ], [ -39.94420941, -18.228815776 ], [ -39.944199898, -18.228771513 ], [ -39.944182981, -18.228682598 ], [ -39.944173613, -18.228638307 ], [ -39.944164104, -18.22858485 ], [ -39.944158532, -18.228558266 ], [ -39.944155764, -18.228540386 ], [ -39.944146456, -18.228496083 ], [ -39.944126474, -18.22838933 ], [ -39.944117111, -18.228345038 ], [ -39.944090418, -18.228202709 ], [ -39.944075934, -18.228131747 ], [ -39.944073333, -18.228113844 ], [ -39.944053031, -18.228016345 ], [ -39.9440348, -18.227918473 ], [ -39.944020006155853, -18.227832289907887 ] ] } },
{ "type": "Feature", "properties": { "Field": "000", "Length": 504.03386516479486 }, "geometry": { "type": "LineString", "coordinates": [ [ -39.944866196, -18.232289347 ], [ -39.944834305, -18.23212005 ], [ -39.944821082, -18.232058064 ], [ -39.944815141, -18.232022363 ], [ -39.944807867, -18.231986888 ], [ -39.944800463, -18.231942259 ], [ -39.944787065, -18.231880307 ], [ -39.94478166, -18.231844529 ], [ -39.944775448, -18.231818075 ], [ -39.944767497, -18.231773531 ], [ -39.944751061, -18.231693726 ], [ -39.944741341, -18.231640304 ], [ -39.944729762, -18.231587221 ], [ -39.944715767, -18.231506992 ], [ -39.944692442, -18.231391641 ], [ -39.944686154, -18.231355995 ], [ -39.944678805, -18.231320534 ], [ -39.944671357, -18.231275911 ], [ -39.944651124, -18.231178399 ], [ -39.944622551, -18.231027211 ], [ -39.944597276, -18.230903015 ], [ -39.94457798, -18.230796146 ], [ -39.944573723, -18.230778535 ], [ -39.944565628, -18.230734016 ], [ -39.944554114, -18.23068092 ], [ -39.944530463, -18.230547258 ], [ -39.944520197, -18.230503149 ], [ -39.944514296, -18.230467442 ], [ -39.944501446, -18.230405384 ], [ -39.944468193, -18.230227453 ], [ -39.944451403, -18.230147715 ], [ -39.944446845, -18.230120956 ], [ -39.944432548, -18.23004996 ], [ -39.944424709, -18.230005398 ], [ -39.944418902, -18.22997886 ], [ -39.94438781, -18.229818925 ], [ -39.944381826, -18.229783231 ], [ -39.944368013, -18.229712148 ], [ -39.94434048, -18.229579166 ], [ -39.94432069, -18.229463213 ], [ -39.94430014200001, -18.229365761 ], [ -39.944285617, -18.229285618 ], [ -39.944274574, -18.229232431 ], [ -39.944258717, -18.229143337 ], [ -39.9442489, -18.229099135 ], [ -39.944237743, -18.229036779 ], [ -39.944200856, -18.228850297 ], [ -39.944191301, -18.228796848 ], [ -39.944181782, -18.228752586 ], [ -39.944168777, -18.228681364 ], [ -39.944155823, -18.228619325 ], [ -39.94414293900001, -18.228548083 ], [ -39.944128477, -18.228477118 ], [ -39.944122454, -18.22844143 ], [ -39.944096168, -18.228308217 ], [ -39.944092079, -18.22829057 ], [ -39.944084526, -18.228245964 ], [ -39.944061912, -18.228130483 ], [ -39.944054127, -18.228085913 ], [ -39.944045804, -18.22805065 ], [ -39.944036899, -18.228006272 ], [ -39.944001599204078, -18.227810336132698 ] ] } },
{ "type": "Feature", "properties": { "Field": "000", "Length": 507.42353203225139 }, "geometry": { "type": "LineString", "coordinates": [ [ -39.944853108, -18.23229734 ], [ -39.94484405, -18.232243687 ], [ -39.94483423, -18.232199485 ], [ -39.944826695, -18.232154876 ], [ -39.944812097, -18.232083936 ], [ -39.944808086, -18.232057097 ], [ -39.944796574, -18.232004 ], [ -39.944785787, -18.231941585 ], [ -39.944775984, -18.23189738 ], [ -39.944767525, -18.231843762 ], [ -39.944760902, -18.231817399 ], [ -39.944744318, -18.231728426 ], [ -39.944715463, -18.231586482 ], [ -39.944707957, -18.231541869 ], [ -39.944699806, -18.231506569 ], [ -39.944686032, -18.231426305 ], [ -39.944671056, -18.231355437 ], [ -39.944652888, -18.231257554 ], [ -39.944641405, -18.231204452 ], [ -39.944625573, -18.231115354 ], [ -39.944617832, -18.23107997 ], [ -39.944608056, -18.231026557 ], [ -39.94460394, -18.231008916 ], [ -39.944584506, -18.230911255 ], [ -39.944568552, -18.230822177 ], [ -39.944555426, -18.230760172 ], [ -39.944540842, -18.230680038999981 ], [ -39.944531341, -18.230635774 ], [ -39.944519868, -18.23057347 ], [ -39.944515929, -18.230546621 ], [ -39.944509496, -18.230520215 ], [ -39.944478118, -18.230360331 ], [ -39.944460092, -18.230262424 ], [ -39.944449163, -18.230209215 ], [ -39.944435893, -18.230138038 ], [ -39.944423054, -18.230075977 ], [ -39.944413836, -18.230022474 ], [ -39.944400844, -18.229960443 ], [ -39.944396264, -18.229933686 ], [ -39.944378489, -18.229844924 ], [ -39.94437567, -18.229827051 ], [ -39.944353851, -18.229711431 ], [ -39.944336561, -18.229631791 ], [ -39.944298541, -18.229427133 ], [ -39.944284056, -18.229356172 ], [ -39.944271425, -18.229284888 ], [ -39.944265141, -18.229258449 ], [ -39.944252726, -18.22919631 ], [ -39.94424342, -18.229142821 ], [ -39.944232534, -18.229089604 ], [ -39.944218007, -18.229009462 ], [ -39.944177348, -18.228805267 ], [ -39.944160619, -18.228716319 ], [ -39.944154704, -18.228680614 ], [ -39.944143039, -18.228627549 ], [ -39.944131656, -18.22856523 ], [ -39.944124101, -18.228529809 ], [ -39.944109794, -18.22844963 ], [ -39.944099442, -18.228396316 ], [ -39.944077265, -18.228289959 ], [ -39.944063938, -18.228209627 ], [ -39.944049749, -18.228138611 ], [ -39.944045575, -18.228120982 ], [ -39.944024494, -18.228014421 ], [ -39.944009741, -18.227934317 ], [ -39.943998855, -18.2278811 ], [ -39.943991798, -18.22783642 ], [ -39.943983076, -18.227788244 ] ] } },
{ "type": "Feature", "properties": { "Field": "000", "Length": 510.95126402072486 }, "geometry": { "type": "LineString", "coordinates": [ [ -39.944839755, -18.232305494 ], [ -39.94482712, -18.232234156 ], [ -39.944822962000011, -18.232216523 ], [ -39.944815686, -18.232171875 ], [ -39.94480394, -18.232118825 ], [ -39.944797384, -18.232083223 ], [ -39.944793345, -18.232056387 ], [ -39.944783488, -18.232012193 ], [ -39.944760117, -18.231887658 ], [ -39.9447543, -18.231851938 ], [ -39.94474663, -18.23181654 ], [ -39.944727888, -18.231718756 ], [ -39.944707816, -18.231621214 ], [ -39.94469943, -18.231576743 ], [ -39.944695272, -18.231549924 ], [ -39.94468588, -18.231505638 ], [ -39.944662721, -18.231381066 ], [ -39.944644146, -18.231292453 ], [ -39.944636209, -18.231247908 ], [ -39.944621784, -18.231176935 ], [ -39.944607421, -18.231096766 ], [ -39.944594381, -18.231034744 ], [ -39.944591532, -18.231016876 ], [ -39.94457556, -18.230936985 ], [ -39.944567678, -18.23089243 ], [ -39.944546256, -18.230785932 ], [ -39.944529843, -18.23069693 ], [ -39.944518711, -18.23064376 ], [ -39.944502652, -18.2305547 ], [ -39.944496706, -18.23052819 ], [ -39.944458285, -18.230332788 ], [ -39.944449865, -18.230288324 ], [ -39.944439248, -18.230225881 ], [ -39.944431405, -18.230190518 ], [ -39.944421359, -18.23013715 ], [ -39.944410086, -18.230084007 ], [ -39.944398987, -18.230021641 ], [ -39.944380081, -18.229923886 ], [ -39.944374259, -18.229897351 ], [ -39.94435571, -18.229799534 ], [ -39.944339856, -18.22971044 ], [ -39.944324247, -18.229639697 ], [ -39.94431520700001, -18.229586165 ], [ -39.944293571, -18.229479707 ], [ -39.944287436, -18.229444036 ], [ -39.944277911, -18.229399776 ], [ -39.944256512, -18.229284084 ], [ -39.944247115, -18.229239799 ], [ -39.944228617, -18.229141972 ], [ -39.94422275, -18.229115446 ], [ -39.944208378, -18.229035278 ], [ -39.94419365200001, -18.228964363 ], [ -39.944189134, -18.228937597 ], [ -39.94417480100001, -18.228866607 ], [ -39.944170383, -18.228839826 ], [ -39.944159419, -18.228786624 ], [ -39.9441402, -18.228679743 ], [ -39.944128803, -18.228626624 ], [ -39.944115345, -18.228555478 ], [ -39.944109149, -18.228529021 ], [ -39.944086718, -18.228404327 ], [ -39.944076988, -18.228360108 ], [ -39.944063156, -18.228289028 ], [ -39.944044592, -18.228182041 ], [ -39.944031404, -18.228120048 ], [ -39.944020926, -18.228066756 ], [ -39.94401645, -18.228039984 ], [ -39.944008813, -18.228004579 ], [ -39.944004063, -18.22797785 ], [ -39.943984253000011, -18.227880258 ], [ -39.943967129, -18.227782204 ], [ -39.94396355300001, -18.227764959 ] ] } },
{ "type": "Feature", "properties": { "Field": "000", "Length": 514.82699229473405 }, "geometry": { "type": "LineString", "coordinates": [ [ -39.944826228989079, -18.232313754938843 ], [ -39.944810297, -18.232224535 ], [ -39.944792554, -18.232135766 ], [ -39.944758895, -18.231957905 ], [ -39.944754492, -18.231931121 ], [ -39.944745079, -18.231886839 ], [ -39.94472892200001, -18.231797795 ], [ -39.944720955, -18.231762456 ], [ -39.944712507, -18.231717997 ], [ -39.944708417, -18.231700349 ], [ -39.944703963, -18.231673574 ], [ -39.944696455, -18.231638144 ], [ -39.944687493000011, -18.2315846 ], [ -39.944667139, -18.231487111 ], [ -39.944656553, -18.231424664 ], [ -39.944652409, -18.231407028 ], [ -39.944631082, -18.231300513 ], [ -39.94462342, -18.231255923 ], [ -39.944608592, -18.231185027 ], [ -39.944594451, -18.231104822 ], [ -39.944587421, -18.231069302 ], [ -39.94458283, -18.231051768 ], [ -39.944575319, -18.231016338 ], [ -39.944552592, -18.230891694 ], [ -39.944535611, -18.230802789 ], [ -39.944528076, -18.230767365 ], [ -39.944518657, -18.230713893 ], [ -39.944511119, -18.230678469 ], [ -39.944499674, -18.23061616 ], [ -39.944493749, -18.230589646 ], [ -39.944483808, -18.230536261 ], [ -39.94447071, -18.23047425 ], [ -39.944461232, -18.230420788 ], [ -39.944450383, -18.230367564 ], [ -39.944429057, -18.23025186 ], [ -39.944423243, -18.230225324 ], [ -39.944413488, -18.230171907 ], [ -39.944397099, -18.230092093 ], [ -39.944378407, -18.229994301 ], [ -39.944375712, -18.22997641 ], [ -39.944370167, -18.229949821 ], [ -39.944365644, -18.229923056 ], [ -39.944356271, -18.229878766 ], [ -39.944347713, -18.229834325999988 ], [ -39.944345137, -18.229816419 ], [ -39.944339404, -18.229789867 ], [ -39.944329218, -18.229727359 ], [ -39.944310143, -18.229638843 ], [ -39.944302918, -18.229594187 ], [ -39.944292901, -18.229540815 ], [ -39.944280982, -18.229487801 ], [ -39.944274151, -18.229452246 ], [ -39.944261902, -18.2293993 ], [ -39.944253468, -18.229345679 ], [ -39.944245185, -18.229301191 ], [ -39.944215242, -18.229150243999978 ], [ -39.944191984, -18.229025689 ], [ -39.944177158, -18.228954793 ], [ -39.944145293, -18.228785805 ], [ -39.944132818, -18.228723677 ], [ -39.944120233, -18.228652386 ], [ -39.94409301, -18.228519346 ], [ -39.944070353, -18.22839469 ], [ -39.944050067, -18.228297188 ], [ -39.944034588, -18.228208033 ], [ -39.944019407, -18.228137205 ], [ -39.944003459, -18.228048126 ], [ -39.943981897, -18.227941654 ], [ -39.94396854, -18.227870491 ], [ -39.943955916, -18.227808391 ], [ -39.943953126, -18.227790514 ], [ -39.943941874138027, -18.227739102630682 ] ] } },
{ "type": "Feature", "properties": { "Field": "000", "Length": 518.27688510048063 }, "geometry": { "type": "LineString", "coordinates": [ [ -39.944814312, -18.232321032 ], [ -39.944799903, -18.232249878 ], [ -39.944789047, -18.232187473 ], [ -39.944776602, -18.23212534 ], [ -39.94477256, -18.232098504 ], [ -39.944760932, -18.232045431 ], [ -39.944736781, -18.23191185 ], [ -39.944727071, -18.231867627 ], [ -39.944711977, -18.23178758 ], [ -39.944700939, -18.231734392 ], [ -39.944687945, -18.231663168 ], [ -39.944681922, -18.231636674 ], [ -39.944674416, -18.23159206 ], [ -39.944654351, -18.231494516 ], [ -39.944644961, -18.23144104 ], [ -39.944616242, -18.231299071 ], [ -39.944606712, -18.231245618 ], [ -39.944594014, -18.231183531 ], [ -39.944579676, -18.231103357 ], [ -39.944575511, -18.231085727 ], [ -39.94454907, -18.230952542 ], [ -39.944536473, -18.230881253 ], [ -39.944529063, -18.230845804 ], [ -39.944521177, -18.23080125 ], [ -39.944505276, -18.230721346 ], [ -39.944499239, -18.230694855 ], [ -39.944489928, -18.230641366 ], [ -39.944468312, -18.230534904 ], [ -39.944462017, -18.230499259 ], [ -39.944450785, -18.230446108 ], [ -39.944443153, -18.230401514 ], [ -39.944421998, -18.230294967 ], [ -39.944414135, -18.230250408999989 ], [ -39.944396192, -18.230161678 ], [ -39.94439169, -18.230134909 ], [ -39.944365339, -18.230001709 ], [ -39.94434726, -18.229903811 ], [ -39.944337964, -18.229859506 ], [ -39.944331819, -18.229823837 ], [ -39.94432623, -18.229797256 ], [ -39.944314549, -18.229725825 ], [ -39.944304108, -18.229681754 ], [ -39.944296941, -18.229646259 ], [ -39.944291454, -18.229610492 ], [ -39.944281929, -18.229557037 ], [ -39.944273702, -18.229521753 ], [ -39.944247367, -18.229397759 ], [ -39.944240093, -18.22935311 ], [ -39.944230219, -18.229299714 ], [ -39.944202231, -18.229157612 ], [ -39.944175408, -18.229015305 ], [ -39.944158845, -18.228935524 ], [ -39.944134504, -18.228801974 ], [ -39.944116563, -18.228713242 ], [ -39.944105706, -18.228650838 ], [ -39.944078244000011, -18.228517842 ], [ -39.94406075, -18.228419848 ], [ -39.944049539, -18.228366692 ], [ -39.944043013, -18.228331085 ], [ -39.944038867, -18.22831345 ], [ -39.94402312, -18.228224339 ], [ -39.944004349, -18.228135763 ], [ -39.943987205, -18.228037712 ], [ -39.943974092, -18.227975705 ], [ -39.943954861, -18.227878007 ], [ -39.943936571, -18.227780145 ], [ -39.943922468030514, -18.22771595713888 ] ] } },
{ "type": "Feature", "properties": { "Field": "000", "Length": 521.81204265509496 }, "geometry": { "type": "LineString", "coordinates": [ [ -39.944800665997803, -18.23232936598755 ], [ -39.944792755, -18.232284574 ], [ -39.944785138, -18.232249165 ], [ -39.944771403, -18.232168896 ], [ -39.944756253, -18.232088859 ], [ -39.944732822, -18.231973527 ], [ -39.944723395, -18.231920056 ], [ -39.944717408, -18.231893555 ], [ -39.944705145, -18.231831389 ], [ -39.944700691, -18.231813822 ], [ -39.944689128, -18.231742373 ], [ -39.944683206, -18.231715858 ], [ -39.944673444, -18.231662443 ], [ -39.944667542, -18.231635924 ], [ -39.944661695, -18.231600208999989 ], [ -39.944645098, -18.231520435 ], [ -39.944620343, -18.231386955 ], [ -39.944601252, -18.231298442 ], [ -39.944594147, -18.231253769 ], [ -39.944584501, -18.231209532 ], [ -39.944578665, -18.231173816 ], [ -39.944563403, -18.231093798 ], [ -39.94455164, -18.231040752 ], [ -39.944547333, -18.231013955 ], [ -39.944536833, -18.230960667 ], [ -39.944530967, -18.230924955 ], [ -39.944517567, -18.230863002999982 ], [ -39.944511208, -18.230827368 ], [ -39.94448507500001, -18.230694129 ], [ -39.944477346, -18.23064955 ], [ -39.944456238, -18.230542995 ], [ -39.944452134, -18.23052535 ], [ -39.94444595, -18.230489688 ], [ -39.944440155, -18.230463147 ], [ -39.944432615, -18.230418539 ], [ -39.944421287, -18.230365406 ], [ -39.944399701, -18.230249746 ], [ -39.944383138, -18.230169965 ], [ -39.944346369, -18.229974274 ], [ -39.944326616, -18.229876672 ], [ -39.944315278, -18.229814345 ], [ -39.944302308, -18.22975231 ], [ -39.9442953, -18.229707622 ], [ -39.944283765, -18.229654531 ], [ -39.944274465, -18.22960104 ], [ -39.944233405, -18.229396919 ], [ -39.944222396, -18.229334538 ], [ -39.944216522, -18.229308014 ], [ -39.944208482, -18.229263485 ], [ -39.944173379, -18.229085879 ], [ -39.944164218, -18.229032366 ], [ -39.944149422, -18.228961464 ], [ -39.94413505, -18.228881296 ], [ -39.944125799, -18.228836983 ], [ -39.944119337, -18.228801365 ], [ -39.944106267, -18.228739349 ], [ -39.944093907, -18.228668022 ], [ -39.944086306, -18.22863261 ], [ -39.94405837, -18.228490498 ], [ -39.94404890900001, -18.228437033 ], [ -39.944030259, -18.228348435 ], [ -39.944023851, -18.228312808 ], [ -39.944020045, -18.228285941 ], [ -39.944016281, -18.228268228 ], [ -39.944008591, -18.228223643 ], [ -39.943990966, -18.22814407 ], [ -39.943982711, -18.228099576999984 ], [ -39.943978708, -18.228072737 ], [ -39.943963596, -18.227992693 ], [ -39.943953428, -18.227948563 ], [ -39.943945955, -18.227903945 ], [ -39.94392906600001, -18.227824226 ], [ -39.943923362, -18.22778849 ], [ -39.943918168, -18.227761836 ], [ -39.943903177, -18.227692949 ] ] } },
{ "type": "Feature", "properties": { "Field": "000", "Length": 525.10284642025169 }, "geometry": { "type": "LineString", "coordinates": [ [ -39.944788335, -18.232336896 ], [ -39.944778576, -18.232283482 ], [ -39.944764142, -18.232212511 ], [ -39.944758772, -18.232176728 ], [ -39.944747078, -18.232114461 ], [ -39.944732481, -18.232043521 ], [ -39.944726153, -18.232007881 ], [ -39.944717903, -18.231972602 ], [ -39.944706698, -18.231910254 ], [ -39.944700724, -18.23188375 ], [ -39.944695304, -18.231847973 ], [ -39.944685389, -18.231803791 ], [ -39.944676123, -18.231750295 ], [ -39.94466516, -18.231697093 ], [ -39.944659083, -18.231661413 ], [ -39.944652649, -18.231635008 ], [ -39.944642122, -18.231572550999989 ], [ -39.944627236, -18.231501666 ], [ -39.944605983, -18.23138595 ], [ -39.944587029, -18.23129741 ], [ -39.944581138, -18.231261702 ], [ -39.944573763, -18.231226246 ], [ -39.944565228, -18.231172639 ], [ -39.944557216, -18.23113731 ], [ -39.94454705, -18.231083963 ], [ -39.944538558, -18.231048737 ], [ -39.944532887, -18.231012996 ], [ -39.944522019, -18.230959776 ], [ -39.944516569, -18.230924004 ], [ -39.944506748, -18.230879803 ], [ -39.944500764, -18.230844109 ], [ -39.944485573, -18.230773282 ], [ -39.944467862, -18.230675323 ], [ -39.944451931, -18.230595425 ], [ -39.944444438, -18.230550809 ], [ -39.944440111, -18.230533214 ], [ -39.944427407, -18.230471128 ], [ -39.944419933, -18.23042651 ], [ -39.94440657, -18.230364551 ], [ -39.944387963, -18.230266743 ], [ -39.944382124, -18.230231027 ], [ -39.944372277, -18.230186831 ], [ -39.944343227, -18.230035726 ], [ -39.944331943, -18.22997339 ], [ -39.944327644, -18.229955789 ], [ -39.944320214, -18.229911164 ], [ -39.944287813, -18.229751466 ], [ -39.944283816, -18.229724624 ], [ -39.944275565, -18.229680131 ], [ -39.94426939, -18.229653669 ], [ -39.944258154, -18.229591325 ], [ -39.94425008, -18.229556009 ], [ -39.944234246, -18.229476093 ], [ -39.944207851, -18.229333713 ], [ -39.944203632, -18.229316094 ], [ -39.944196055, -18.229271491 ], [ -39.94417599, -18.229173947 ], [ -39.944146357, -18.229013759 ], [ -39.944134918, -18.228960649 ], [ -39.944121072, -18.228880396 ], [ -39.944111182, -18.228836209 ], [ -39.944099624, -18.228773919 ], [ -39.94408845000001, -18.228720757 ], [ -39.944067439, -18.228605001 ], [ -39.944052463, -18.228534133 ], [ -39.9440346, -18.228436199 ], [ -39.944024925, -18.228391968 ], [ -39.944012684, -18.228329798 ], [ -39.944001415, -18.22826746 ], [ -39.943995997, -18.228231683 ], [ -39.943989676, -18.228205253 ], [ -39.943982953, -18.228169679 ], [ -39.943976142, -18.22814336 ], [ -39.943962724, -18.228063041 ], [ -39.94394728, -18.227983055 ], [ -39.943942782, -18.227965499 ], [ -39.943937363, -18.227938886 ], [ -39.943929645, -18.227894306 ], [ -39.943920015, -18.227850066 ], [ -39.943912385, -18.227805472 ], [ -39.943900138, -18.227743303 ], [ -39.943891782, -18.227708046 ], [ -39.943885196, -18.227671504 ] ] } },
{ "type": "Feature", "properties": { "Field": "000", "Length": 528.25439148840542 }, "geometry": { "type": "LineString", "coordinates": [ [ -39.94477548193079, -18.232344745625262 ], [ -39.944747507, -18.232193279 ], [ -39.944725742, -18.232086845 ], [ -39.944720127, -18.232051096 ], [ -39.944715947, -18.232033468 ], [ -39.944701569, -18.231962487 ], [ -39.944698897, -18.231944594 ], [ -39.944685195, -18.231873491 ], [ -39.944680848, -18.231846699 ], [ -39.944671139, -18.231802475 ], [ -39.944647573, -18.231677973 ], [ -39.944639987, -18.231642558 ], [ -39.944625354, -18.231562433 ], [ -39.944617334, -18.231527106 ], [ -39.944604909, -18.231464969 ], [ -39.944587618, -18.231366941 ], [ -39.944562401, -18.231242735 ], [ -39.944546354, -18.231153672 ], [ -39.944519517, -18.23102056 ], [ -39.944513631, -18.230984851 ], [ -39.944507665, -18.230958346 ], [ -39.944503453, -18.230931534 ], [ -39.944490408, -18.230869513 ], [ -39.944484222, -18.230833851 ], [ -39.944464874, -18.230736175 ], [ -39.944453534, -18.230683044 ], [ -39.944438414, -18.230593834 ], [ -39.944410853, -18.230460857 ], [ -39.944404547, -18.230425214 ], [ -39.944393425, -18.230372042 ], [ -39.944385595, -18.230327479 ], [ -39.944373386, -18.230265303 ], [ -39.944369009, -18.230238515 ], [ -39.944356352, -18.230176421 ], [ -39.94434641, -18.230123036 ], [ -39.944329538, -18.230043314 ], [ -39.944315974, -18.229963018 ], [ -39.944301279, -18.229892096 ], [ -39.944293214, -18.229847572 ], [ -39.944285235, -18.229812236 ], [ -39.944245076, -18.229598762 ], [ -39.944217943, -18.229465705 ], [ -39.944206902, -18.22940333 ], [ -39.94416154, -18.229172393 ], [ -39.944143684, -18.229074458 ], [ -39.944125703, -18.228985733 ], [ -39.944112864, -18.228914483 ], [ -39.944106914, -18.228887974 ], [ -39.944095381, -18.22882568 ], [ -39.944078886, -18.228745886 ], [ -39.944058021, -18.228630106 ], [ -39.944039359, -18.228541509 ], [ -39.944023364, -18.228452438 ], [ -39.944005196, -18.228363748 ], [ -39.943986944, -18.22826588 ], [ -39.943982735, -18.228239068 ], [ -39.943973864, -18.228194684 ], [ -39.943961668, -18.228141727 ], [ -39.943949373, -18.22807039 ], [ -39.943933903, -18.227990409 ], [ -39.943922547, -18.227937282 ], [ -39.943913312, -18.227883781 ], [ -39.943894605, -18.227785991 ], [ -39.943881262, -18.227724028 ], [ -39.943873575, -18.227679442 ], [ -39.943869432, -18.227661807 ], [ -39.943867798113835, -18.227650752770181 ] ] } },
{ "type": "Feature", "properties": { "Field": "000", "Length": 5.8208e-11 }, "geometry": { "type": "LineString", "coordinates": [ [ -39.943867798113835, -18.227650752770181 ], [ -39.943867798113835, -18.227650752770181 ] ] } },
{ "type": "Feature", "properties": { "Field": "000", "Length": 531.46805012873483 }, "geometry": { "type": "LineString", "coordinates": [ [ -39.944762597950259, -18.232352613730722 ], [ -39.944732958, -18.232192153 ], [ -39.94470932, -18.23207686 ], [ -39.944705175, -18.232050038 ], [ -39.944701198, -18.232032368 ], [ -39.944691362, -18.231978965 ], [ -39.94468007, -18.231925826 ], [ -39.944669238, -18.231863417 ], [ -39.944652429, -18.231774483 ], [ -39.944639173, -18.231712503 ], [ -39.944612428, -18.231570182 ], [ -39.944590431, -18.231463791 ], [ -39.944574654, -18.231374684 ], [ -39.944541051, -18.231206005 ], [ -39.944534745, -18.231170361 ], [ -39.94452397, -18.231117124 ], [ -39.944517823, -18.231081455 ], [ -39.944496847, -18.230974876 ], [ -39.944494141, -18.230956987 ], [ -39.944482945, -18.230903829 ], [ -39.944471473, -18.230841525 ], [ -39.944463895, -18.230806109 ], [ -39.944461055, -18.230788239 ], [ -39.944453326, -18.230752852 ], [ -39.944446969, -18.230717217 ], [ -39.944441054, -18.230690701 ], [ -39.944421674, -18.230583846 ], [ -39.944409423, -18.230521678 ], [ -39.944399821, -18.230477432 ], [ -39.944388431, -18.230415114 ], [ -39.94437747, -18.230361912 ], [ -39.944367618, -18.230308512 ], [ -39.9443633, -18.230290914 ], [ -39.944354079, -18.230237411 ], [ -39.944319686, -18.230059678 ], [ -39.944312191, -18.230024245 ], [ -39.944292781, -18.229917395 ], [ -39.944288603, -18.229899767 ], [ -39.944263546, -18.229775531 ], [ -39.944254051, -18.229722072 ], [ -39.944241685, -18.229659924 ], [ -39.944233952, -18.229615346 ], [ -39.944224835, -18.229571007 ], [ -39.944213294, -18.229508715 ], [ -39.944203844, -18.22946444 ], [ -39.944192449, -18.229402123 ], [ -39.944146987, -18.229171204 ], [ -39.9441221, -18.229037745999989 ], [ -39.94408862, -18.228869044 ], [ -39.94408256, -18.228833362 ], [ -39.944060904, -18.228726907 ], [ -39.944048866, -18.228655529 ], [ -39.944023087, -18.228531428 ], [ -39.944014031, -18.228477899 ], [ -39.943990474, -18.228362591 ], [ -39.943971204, -18.228255718 ], [ -39.943963412, -18.228220344 ], [ -39.94395877, -18.228193597 ], [ -39.943954321, -18.22817603 ], [ -39.943941469, -18.228104782 ], [ -39.943907833, -18.227936108 ], [ -39.943892108, -18.227846993 ], [ -39.943869884, -18.227740645 ], [ -39.943858202, -18.227678377 ], [ -39.943854685, -18.227651474 ], [ -39.943850270031298, -18.227629847153317 ] ] } },
{ "type": "Feature", "properties": { "Field": "000", "Length": 535.04893671930586 }, "geometry": { "type": "LineString", "coordinates": [ [ -39.944749784, -18.232360439 ], [ -39.9447326, -18.232271229 ], [ -39.944726797, -18.23224469 ], [ -39.944719158, -18.232200097 ], [ -39.944702665, -18.232120303 ], [ -39.944694376, -18.232075816 ], [ -39.944690718, -18.23204893 ], [ -39.944667964, -18.231942685 ], [ -39.944647068, -18.231826909 ], [ -39.944642856, -18.231800098 ], [ -39.944635795, -18.231764584 ], [ -39.944631197, -18.231747051 ], [ -39.944618801, -18.231684909 ], [ -39.944614394, -18.231658126 ], [ -39.944601243, -18.231596126 ], [ -39.944591876, -18.231542646 ], [ -39.944577352, -18.231471692 ], [ -39.944567111, -18.231409192 ], [ -39.94454905, -18.231320482 ], [ -39.944540789, -18.231275991 ], [ -39.94453259, -18.231240701 ], [ -39.944519367, -18.231169515 ], [ -39.944513642, -18.231142961 ], [ -39.944487646, -18.231000513 ], [ -39.94448007, -18.230965097 ], [ -39.944475652, -18.230938315 ], [ -39.944468105, -18.230902893 ], [ -39.944463301, -18.230876172 ], [ -39.944453678, -18.230831931 ], [ -39.944430398, -18.23070738 ], [ -39.944426358, -18.230689723 ], [ -39.944420215, -18.230654053 ], [ -39.944412526, -18.230618658 ], [ -39.944401338, -18.230556307 ], [ -39.944385222, -18.230476443 ], [ -39.944377602, -18.230431847 ], [ -39.944353495, -18.230316642 ], [ -39.944347443, -18.230280959 ], [ -39.944336624, -18.23022773 ], [ -39.944320836, -18.230138625 ], [ -39.944302207, -18.230050022 ], [ -39.94428961900001, -18.229978731 ], [ -39.944275122, -18.229907772 ], [ -39.944241243, -18.229729949 ], [ -39.944223253, -18.229641226 ], [ -39.944193672, -18.229481029 ], [ -39.94417327, -18.229383549 ], [ -39.944158656, -18.229303421 ], [ -39.944126821, -18.22914362 ], [ -39.944107209, -18.229036804 ], [ -39.944086006, -18.228930265 ], [ -39.944080025, -18.228903763 ], [ -39.944074127, -18.228868055 ], [ -39.944053238, -18.228761461 ], [ -39.944035525, -18.228663502000011 ], [ -39.944016739, -18.22857493 ], [ -39.944000972, -18.228485821 ], [ -39.943976086, -18.228361554 ], [ -39.943962962, -18.228290351 ], [ -39.943938662, -18.228175184 ], [ -39.943931819, -18.228130473 ], [ -39.943923879, -18.228085928 ], [ -39.943905849, -18.227997213 ], [ -39.94389776500001, -18.227961898 ], [ -39.943885055, -18.227890627 ], [ -39.943874361, -18.227837375 ], [ -39.943870003, -18.227810585 ], [ -39.9438638, -18.227784129 ], [ -39.943854933, -18.227739744 ], [ -39.943843278, -18.227677471 ], [ -39.943839169, -18.227650645 ], [ -39.943830389047257, -18.227606135239569 ] ] } },
{ "type": "Feature", "properties": { "Field": "000", "Length": 538.26029522946897 }, "geometry": { "type": "LineString", "coordinates": [ [ -39.944737486947382, -18.232367948740084 ], [ -39.944715912, -18.232261378 ], [ -39.944707969, -18.232216833 ], [ -39.944691949, -18.232136951 ], [ -39.944677716, -18.23205676 ], [ -39.944655719, -18.231950369 ], [ -39.944629752, -18.231807917 ], [ -39.944611242, -18.231719292 ], [ -39.944605327, -18.231683587 ], [ -39.944579915, -18.231559417 ], [ -39.94456909, -18.231497007 ], [ -39.944561248, -18.231461643 ], [ -39.944552099, -18.231408129 ], [ -39.944543463, -18.231363702 ], [ -39.944534188, -18.231319393999986 ], [ -39.944525916, -18.231274904 ], [ -39.944514567, -18.231221776 ], [ -39.944503261, -18.231159444 ], [ -39.944488604, -18.231088515 ], [ -39.944461078, -18.230937149 ], [ -39.944453216, -18.230901789 ], [ -39.944447169, -18.230866105 ], [ -39.944435835, -18.230812973 ], [ -39.944415776, -18.230706233 ], [ -39.944397332, -18.230617595 ], [ -39.944391439, -18.230581887 ], [ -39.944368704, -18.230466429 ], [ -39.944362951, -18.2304307 ], [ -39.944338796, -18.230315504 ], [ -39.94433470700001, -18.230288675 ], [ -39.944328862, -18.230262145 ], [ -39.944310021, -18.230155202 ], [ -39.944289377, -18.230057769 ], [ -39.944271801, -18.229959788 ], [ -39.944248336, -18.229844462 ], [ -39.94423182, -18.229755478 ], [ -39.944206885, -18.229631219 ], [ -39.944199085, -18.229586652 ], [ -39.94418492, -18.229515632 ], [ -39.944178769, -18.229479964 ], [ -39.944150243, -18.229337959 ], [ -39.944145753, -18.229311189 ], [ -39.944108951, -18.229124692 ], [ -39.944092421, -18.22903571 ], [ -39.944072717, -18.228938099 ], [ -39.944013884, -18.22862683 ], [ -39.944002196, -18.228573769 ], [ -39.943987761, -18.228493611 ], [ -39.943954927, -18.228324792999988 ], [ -39.943950596, -18.228297999 ], [ -39.943935917, -18.228236313 ], [ -39.94390446, -18.228058083 ], [ -39.94388518, -18.227969608 ], [ -39.943866192, -18.227862689 ], [ -39.943831642, -18.227694184 ], [ -39.943820406, -18.227622688 ], [ -39.943812671010406, -18.227585003050681 ] ] } },
{ "type": "Feature", "properties": { "Field": "000", "Length": 541.63189240264137 }, "geometry": { "type": "LineString", "coordinates": [ [ -39.944724946, -18.232375607 ], [ -39.944703139, -18.232269132 ], [ -39.944696056, -18.232224455 ], [ -39.944681171, -18.23215357 ], [ -39.944673134, -18.23210904 ], [ -39.9446657, -18.232073596 ], [ -39.944652569, -18.232002395 ], [ -39.944633162, -18.231904729 ], [ -39.944627385, -18.231869004 ], [ -39.944596345, -18.23171826 ], [ -39.944590944, -18.231682481 ], [ -39.944586557, -18.2316649 ], [ -39.944579302, -18.231629421 ], [ -39.944555912, -18.231504889 ], [ -39.944550085, -18.231478355 ], [ -39.944517205, -18.231300361 ], [ -39.944507472, -18.231256141 ], [ -39.944488795, -18.231158346 ], [ -39.944475437, -18.231096386 ], [ -39.94445818, -18.230998353 ], [ -39.944454269, -18.230980669 ], [ -39.944443111, -18.230918313 ], [ -39.94442141, -18.230811866 ], [ -39.944408323, -18.230740658 ], [ -39.944383204, -18.230616433 ], [ -39.944378947, -18.230589628 ], [ -39.944371307, -18.230554224 ], [ -39.944347842, -18.230429704 ], [ -39.944329905, -18.230340972 ], [ -39.944317617, -18.230269633 ], [ -39.944306454, -18.230216469 ], [ -39.944295311, -18.23015411 ], [ -39.944289028, -18.230127671 ], [ -39.9442776, -18.23006536 ], [ -39.944268097, -18.230021095 ], [ -39.94424669, -18.229905405 ], [ -39.944228653, -18.22981669 ], [ -39.944224161, -18.22978992 ], [ -39.944206295, -18.229701174 ], [ -39.944193448, -18.229629926 ], [ -39.944176927, -18.229550137 ], [ -39.944166193, -18.229487713 ], [ -39.944122576, -18.229265658 ], [ -39.944116377, -18.229239201 ], [ -39.9441072, -18.229185691 ], [ -39.944087811, -18.229088022 ], [ -39.944071745, -18.228998963 ], [ -39.944061975, -18.228954751 ], [ -39.94404333, -18.228856951 ], [ -39.944035837, -18.228821517 ], [ -39.944011118, -18.228688032 ], [ -39.944000593, -18.228625575 ], [ -39.943988061, -18.22857269 ], [ -39.94394416, -18.228341495 ], [ -39.943923116, -18.22824414 ], [ -39.943916313, -18.228199424 ], [ -39.9438988, -18.228110614 ], [ -39.943889318, -18.228057152 ], [ -39.943883327, -18.228030652 ], [ -39.943870989, -18.227968499 ], [ -39.943849112, -18.227843715 ], [ -39.943840192, -18.22779934 ], [ -39.943826074, -18.227737534 ], [ -39.943817096, -18.227693169 ], [ -39.943806913, -18.227630661 ], [ -39.9437940851533, -18.227562835810577 ] ] } },
{ "type": "Feature", "properties": { "Field": "000", "Length": 545.33496996987697 }, "geometry": { "type": "LineString", "coordinates": [ [ -39.944712175, -18.232383406 ], [ -39.944689332, -18.232267874 ], [ -39.944671092, -18.232170003 ], [ -39.944665149, -18.232143493 ], [ -39.944660786, -18.232116703 ], [ -39.944649175, -18.232063627 ], [ -39.944633174, -18.231974557 ], [ -39.944625914, -18.231939079 ], [ -39.944614575, -18.231876753 ], [ -39.944593062, -18.231770271 ], [ -39.944584943, -18.231734964 ], [ -39.944580865, -18.231708134 ], [ -39.944572091, -18.231663732 ], [ -39.944567661, -18.231636953 ], [ -39.944554645, -18.231574926 ], [ -39.94454171, -18.231503692 ], [ -39.944534144, -18.231468274 ], [ -39.944525834, -18.23142379 ], [ -39.944516043, -18.231379583 ], [ -39.944511059, -18.231343749 ], [ -39.94449929, -18.231281495 ], [ -39.944482694, -18.23120172 ], [ -39.944474482, -18.231157221 ], [ -39.94445592, -18.231068605 ], [ -39.944441823, -18.230988393 ], [ -39.944422636, -18.230890688 ], [ -39.944418055, -18.230863932 ], [ -39.944408528, -18.230819672 ], [ -39.944394117, -18.23073951 ], [ -39.944382486, -18.230686437 ], [ -39.944366189, -18.230597416 ], [ -39.944358424, -18.230562037 ], [ -39.944340186, -18.230464166 ], [ -39.94433088, -18.230419863 ], [ -39.944318389, -18.230348557 ], [ -39.944314213, -18.230330928 ], [ -39.944299382, -18.230250836 ], [ -39.944270809, -18.230108841 ], [ -39.944261447, -18.23005536 ], [ -39.944245274, -18.229975506 ], [ -39.94422525, -18.22986876 ], [ -39.94420537, -18.229771181 ], [ -39.944201011, -18.229744391 ], [ -39.944169758, -18.229584484 ], [ -39.944162005, -18.229539909 ], [ -39.94415803, -18.229522238 ], [ -39.944134972, -18.229397649999985 ], [ -39.944101995, -18.229238059 ], [ -39.944085794, -18.229149022 ], [ -39.944081583, -18.229131401 ], [ -39.944073054, -18.229086956 ], [ -39.944067603, -18.229051184 ], [ -39.944042368, -18.228926981 ], [ -39.944014828, -18.228784799 ], [ -39.943983858, -18.228615659 ], [ -39.943961072, -18.22850942 ], [ -39.943943866, -18.228411379 ], [ -39.943937766, -18.228384901 ], [ -39.94391289, -18.228260631 ], [ -39.943873205, -18.228047077 ], [ -39.943862919, -18.228002973 ], [ -39.943849602, -18.227922638 ], [ -39.943843878, -18.227896084 ], [ -39.94382811, -18.227806976 ], [ -39.943808198, -18.227718629 ], [ -39.943784833, -18.227594092 ], [ -39.943780834, -18.227567251 ], [ -39.943774591138009, -18.22753780065106 ] ] } },
{ "type": "Feature", "properties": { "Field": "000", "Length": 548.91286149746395 }, "geometry": { "type": "LineString", "coordinates": [ [ -39.944698823, -18.23239156 ], [ -39.944678955, -18.232284765 ], [ -39.944672922, -18.232258274 ], [ -39.944668635, -18.232231473 ], [ -39.944664609, -18.232213812 ], [ -39.944658171, -18.232178191 ], [ -39.944652434, -18.232151639 ], [ -39.944646239, -18.232115978 ], [ -39.944633582, -18.232053883 ], [ -39.944620674, -18.231982645 ], [ -39.944557391, -18.231662971 ], [ -39.944542846, -18.231582831 ], [ -39.944535138, -18.231547441 ], [ -39.944530919, -18.23152063 ], [ -39.944505297, -18.231396499 ], [ -39.94449657, -18.231342920999989 ], [ -39.944485825, -18.231289677999989 ], [ -39.944476174, -18.231236244 ], [ -39.944462878, -18.231174272 ], [ -39.944439238, -18.231049782 ], [ -39.944429652, -18.231005534 ], [ -39.944412121, -18.230907545 ], [ -39.944392026, -18.230810007 ], [ -39.944382599, -18.230756537 ], [ -39.944376685, -18.23073002 ], [ -39.944370317, -18.230694387 ], [ -39.94436285, -18.230658949 ], [ -39.944355115, -18.230614371 ], [ -39.944343872, -18.230561222 ], [ -39.944317347, -18.230418864 ], [ -39.94429551, -18.230312443 ], [ -39.944288198, -18.2302678 ], [ -39.944249545, -18.23007244 ], [ -39.944245335, -18.230045627999989 ], [ -39.944239617, -18.230019073 ], [ -39.944235001, -18.229992322 ], [ -39.944214958, -18.229894774 ], [ -39.944208636, -18.229859133 ], [ -39.944187325, -18.229752615 ], [ -39.944183006, -18.229725819 ], [ -39.944151682, -18.229565925 ], [ -39.944138668, -18.229494704 ], [ -39.944127774, -18.229441489 ], [ -39.944121418, -18.229405853 ], [ -39.944098773, -18.229290378 ], [ -39.944089525, -18.229246064 ], [ -39.94407515, -18.229165897 ], [ -39.94405956, -18.22909515 ], [ -39.944044189, -18.229005978 ], [ -39.944031254, -18.228943936 ], [ -39.944023271, -18.228899399 ], [ -39.944014161, -18.228855058 ], [ -39.943978464, -18.228668366 ], [ -39.94396886, -18.228614924 ], [ -39.943955884, -18.22855289 ], [ -39.943927203, -18.22840172 ], [ -39.943905336, -18.228295304999985 ], [ -39.943896171, -18.228241793 ], [ -39.943880141, -18.228161912 ], [ -39.943860297, -18.228055135 ], [ -39.943848787, -18.228002039 ], [ -39.943841162, -18.227957443 ], [ -39.943831728, -18.227913165 ], [ -39.94381141, -18.227797296 ], [ -39.943804892, -18.227770909 ], [ -39.943801851, -18.227753069 ], [ -39.943786802, -18.227682215 ], [ -39.943782418, -18.227655429 ], [ -39.943770243, -18.227593247 ], [ -39.943756945, -18.227513729 ] ] } },
{ "type": "Feature", "properties": { "Field": "000", "Length": 552.89261698775067 }, "geometry": { "type": "LineString", "coordinates": [ [ -39.944685953886975, -18.232399419386887 ], [ -39.944669526, -18.232310309 ], [ -39.944658505, -18.232257118 ], [ -39.944645508, -18.232185894 ], [ -39.94463463, -18.232132676 ], [ -39.944614737, -18.232025907 ], [ -39.944605278, -18.231981634 ], [ -39.944599093, -18.231945971 ], [ -39.944586203, -18.23188392 ], [ -39.944581757, -18.231857143 ], [ -39.944573028, -18.231812733 ], [ -39.944552798, -18.231715221 ], [ -39.944548432, -18.231688432 ], [ -39.944537861, -18.231635157 ], [ -39.944528394, -18.231581693 ], [ -39.944522421, -18.231555189 ], [ -39.944509561, -18.231483942 ], [ -39.944491331, -18.231395264 ], [ -39.944482175, -18.231341751 ], [ -39.944467475, -18.23127083 ], [ -39.944461254, -18.231235173 ], [ -39.944432564, -18.231093199 ], [ -39.944426457, -18.231057524 ], [ -39.944417369, -18.23101318 ], [ -39.944399242, -18.23091529 ], [ -39.944360237, -18.230719994 ], [ -39.944355677, -18.230693234 ], [ -39.944340101, -18.230613272 ], [ -39.944330738, -18.23056898 ], [ -39.944318429, -18.230497645 ], [ -39.944307231, -18.230444487 ], [ -39.944301049, -18.230408824 ], [ -39.944281048, -18.230311268 ], [ -39.944263108, -18.230213347 ], [ -39.944205514, -18.229920238 ], [ -39.94419424, -18.229857901 ], [ -39.944179325, -18.229787021 ], [ -39.944156546, -18.229662385 ], [ -39.944140406, -18.229582525 ], [ -39.94412222, -18.229484646 ], [ -39.944113081, -18.229440311 ], [ -39.944091042, -18.229324729 ], [ -39.944081783, -18.229280417 ], [ -39.944071018, -18.229217998 ], [ -39.944060732, -18.229164672 ], [ -39.944056207, -18.229147123 ], [ -39.944048978, -18.22911164 ], [ -39.944024105, -18.22897818 ], [ -39.94401648, -18.228942773 ], [ -39.943996655, -18.228835992 ], [ -39.943980616, -18.228756114 ], [ -39.943958591, -18.228640529 ], [ -39.94394927, -18.228587042 ], [ -39.943937404, -18.228534017 ], [ -39.943926721, -18.228480763 ], [ -39.943917485, -18.228427262 ], [ -39.94389098, -18.228294089 ], [ -39.943880059, -18.228231695 ], [ -39.943868831, -18.228178543 ], [ -39.943859559, -18.228125048 ], [ -39.943841299, -18.228036375 ], [ -39.943827846, -18.227965229 ], [ -39.943823497, -18.227938438 ], [ -39.943812389, -18.227885263 ], [ -39.943806135, -18.227849611 ], [ -39.943788325, -18.227760855 ], [ -39.94378193, -18.227725226 ], [ -39.943770353, -18.227672143 ], [ -39.943745308, -18.22752954 ], [ -39.943736762, -18.227486196 ] ] } },
{ "type": "Feature", "properties": { "Field": "000", "Length": 557.64699580018078 }, "geometry": { "type": "LineString", "coordinates": [ [ -39.944672753897436, -18.232407480464584 ], [ -39.944633577, -18.232202975 ], [ -39.944627975, -18.232167225 ], [ -39.944616783, -18.232114066 ], [ -39.944605247, -18.232051772 ], [ -39.944588585, -18.23197201 ], [ -39.944585772, -18.231954137 ], [ -39.94457982, -18.231927628 ], [ -39.944561535, -18.231829765 ], [ -39.944553784, -18.231794383 ], [ -39.944543374, -18.231741079 ], [ -39.944533946, -18.231687609 ], [ -39.944523202, -18.231634366 ], [ -39.94451362, -18.231580921 ], [ -39.944498857, -18.231510012 ], [ -39.944489832, -18.231456478 ], [ -39.944455607, -18.231287913 ], [ -39.944444999, -18.231225469 ], [ -39.944439109, -18.231198948 ], [ -39.944434492, -18.231172197 ], [ -39.944429991, -18.231154642 ], [ -39.944420439, -18.231110387 ], [ -39.944411713, -18.231056808 ], [ -39.944401143, -18.231003533 ], [ -39.944394955, -18.230967871 ], [ -39.944388952, -18.230941373 ], [ -39.94437268, -18.230852347 ], [ -39.944366703, -18.230825844 ], [ -39.944347426, -18.230728155 ], [ -39.944341693, -18.230692423 ], [ -39.944331559, -18.230648287 ], [ -39.944322946, -18.230603856 ], [ -39.944318992, -18.230577008 ], [ -39.944314786, -18.230559387 ], [ -39.944302614, -18.23048803 ], [ -39.944294694, -18.230452682 ], [ -39.944288279, -18.230417056 ], [ -39.944283786, -18.230399499 ], [ -39.944272869, -18.230346288 ], [ -39.944268612, -18.230319483 ], [ -39.944259707, -18.230275105 ], [ -39.944253584, -18.230239432 ], [ -39.944234585, -18.230141694 ], [ -39.944228646, -18.230115182 ], [ -39.944222441, -18.230079523 ], [ -39.944207455, -18.230008656 ], [ -39.944198517, -18.229955109 ], [ -39.944191091, -18.229919664 ], [ -39.944183147, -18.229875119 ], [ -39.944157911, -18.229750916 ], [ -39.944147104, -18.229688504 ], [ -39.944131475, -18.229608551 ], [ -39.944125593, -18.229582028 ], [ -39.944107796, -18.229484083 ], [ -39.944082338, -18.229359922 ], [ -39.94407333, -18.229306385 ], [ -39.944062243, -18.229253206 ], [ -39.944045901, -18.229164193 ], [ -39.944034465, -18.229111082 ], [ -39.944007852, -18.228968739 ], [ -39.943991331, -18.22888895 ], [ -39.943976661, -18.228808831 ], [ -39.943958532, -18.228720134 ], [ -39.943944619, -18.228639892 ], [ -39.943931129, -18.228577958 ], [ -39.94391592, -18.228497931 ], [ -39.943910202, -18.228471376 ], [ -39.943902543, -18.228426786 ], [ -39.94388076300001, -18.228320354 ], [ -39.943867024, -18.228240085 ], [ -39.943854222, -18.228178018 ], [ -39.943848233, -18.228142324 ], [ -39.943833343, -18.22807144 ], [ -39.943811713, -18.227955787 ], [ -39.943803922, -18.227920413 ], [ -39.943796039, -18.227875859 ], [ -39.943783286, -18.227813782 ], [ -39.943765312, -18.227715867 ], [ -39.943755586, -18.227671647 ], [ -39.943747932, -18.227627056 ], [ -39.943735802, -18.227564866 ], [ -39.943725222, -18.227502418 ], [ -39.9437135, -18.227458642 ], [ -39.943712383, -18.227452939 ] ] } },
{ "type": "Feature", "properties": { "Field": "000", "Length": 561.58783241336528 }, "geometry": { "type": "LineString", "coordinates": [ [ -39.944659736, -18.23241543 ], [ -39.944606969, -18.232139641 ], [ -39.94460093, -18.232103955 ], [ -39.944593124, -18.232068584 ], [ -39.9445869, -18.232032927 ], [ -39.944576317, -18.231979655 ], [ -39.944568678, -18.231935062 ], [ -39.944560365, -18.231899796 ], [ -39.94454273, -18.231811008 ], [ -39.944516321, -18.23166863 ], [ -39.944482846, -18.231499927 ], [ -39.944466778, -18.231410868 ], [ -39.944456864, -18.231366686 ], [ -39.944447202, -18.231313254 ], [ -39.944438073, -18.231268917 ], [ -39.94442699, -18.231206549 ], [ -39.944410007, -18.231126849 ], [ -39.944392103, -18.231028922 ], [ -39.944338623, -18.230753465 ], [ -39.944332888, -18.230726913 ], [ -39.944325375, -18.230682301 ], [ -39.944313713, -18.230629234 ], [ -39.944301688, -18.230567025 ], [ -39.944284197, -18.23046903 ], [ -39.94426186, -18.230362704 ], [ -39.944254106, -18.230318129 ], [ -39.944246694, -18.23028268 ], [ -39.944242361, -18.230255886 ], [ -39.94423148, -18.230202669 ], [ -39.944225317, -18.230167002 ], [ -39.944207249, -18.230078294 ], [ -39.944200946, -18.23004265 ], [ -39.944191337, -18.229998406 ], [ -39.94418416300001, -18.229953743 ], [ -39.944156342, -18.229811611 ], [ -39.944143065, -18.229749635 ], [ -39.94413744, -18.229713888 ], [ -39.944119838, -18.229625093 ], [ -39.944115174, -18.22959835 ], [ -39.944109135, -18.22957186 ], [ -39.944089525, -18.229465043 ], [ -39.944074448, -18.229394195 ], [ -39.944057076, -18.22929618 ], [ -39.944040647, -18.229216374 ], [ -39.943999997, -18.229002985 ], [ -39.943978419, -18.228896516 ], [ -39.943963601, -18.228816422 ], [ -39.943957746, -18.228789894 ], [ -39.943951511, -18.228754239 ], [ -39.9439426, -18.228709862 ], [ -39.943932188, -18.228647388 ], [ -39.943911218, -18.228550018 ], [ -39.943891807, -18.228443168 ], [ -39.943885852, -18.228416661 ], [ -39.943875887, -18.228363279 ], [ -39.9438681, -18.228327904 ], [ -39.943855449, -18.228256623999982 ], [ -39.943839484, -18.228176731 ], [ -39.943822867, -18.228087764 ], [ -39.943815277, -18.22805235 ], [ -39.943800984, -18.227972169 ], [ -39.943791213, -18.227927958 ], [ -39.943758813, -18.227759063 ], [ -39.94375098, -18.227714501 ], [ -39.943741382, -18.227670255 ], [ -39.943730147, -18.227607912 ], [ -39.943721273, -18.227563528 ], [ -39.943712477, -18.227509959 ], [ -39.943704639, -18.227474595 ], [ -39.943696613, -18.22744859 ], [ -39.94369309, -18.22743085 ], [ -39.943692459030068, -18.227425759242621 ] ] } },
{ "type": "Feature", "properties": { "Field": "000", "Length": 5.8208e-11 }, "geometry": { "type": "LineString", "coordinates": [ [ -39.943692459030068, -18.227425759242621 ], [ -39.943692459030068, -18.227425759242621 ] ] } },
{ "type": "Feature", "properties": { "Field": "000", "Length": 564.78987463025271 }, "geometry": { "type": "LineString", "coordinates": [ [ -39.944647678, -18.232422794 ], [ -39.944632909, -18.23235157 ], [ -39.944623379, -18.232298116 ], [ -39.944589064, -18.232120369 ], [ -39.944581188, -18.232085012 ], [ -39.944570764, -18.23202254 ], [ -39.944561374, -18.231978254 ], [ -39.944546335, -18.231898197 ], [ -39.944531463, -18.231827309 ], [ -39.944517807, -18.231756198 ], [ -39.944512041, -18.231720471 ], [ -39.944505183, -18.231684921 ], [ -39.944491075, -18.231613891 ], [ -39.944483173, -18.231578539 ], [ -39.944464624, -18.231480721 ], [ -39.944450436, -18.231400524 ], [ -39.944444495, -18.231374013 ], [ -39.944423149, -18.231267501 ], [ -39.944409585, -18.231196373 ], [ -39.944405207, -18.231169586 ], [ -39.944399071, -18.231143116 ], [ -39.944382854, -18.231054081 ], [ -39.944369876, -18.230992048 ], [ -39.944364041, -18.230956331 ], [ -39.944347394, -18.230876566 ], [ -39.944324622, -18.230751929 ], [ -39.94429752, -18.230618866 ], [ -39.94427716, -18.230512178 ], [ -39.944272837, -18.230485382 ], [ -39.944265122, -18.230449993 ], [ -39.944247862, -18.230361138 ], [ -39.944240172, -18.230316553 ], [ -39.944234152, -18.230290058 ], [ -39.944224214, -18.230236672 ], [ -39.944208111, -18.230156805 ], [ -39.944196153, -18.230085416 ], [ -39.944177262, -18.229996864 ], [ -39.944171097, -18.229961198 ], [ -39.944160042, -18.229908013 ], [ -39.944148321, -18.229845751 ], [ -39.94414216, -18.229810084999986 ], [ -39.944130622, -18.229756993 ], [ -39.944124382, -18.229721339 ], [ -39.944116893, -18.229685906 ], [ -39.944086571, -18.229525835 ], [ -39.944082597, -18.229508164 ], [ -39.944074891, -18.229463582 ], [ -39.94406014, -18.229392671 ], [ -39.944042287, -18.229294735 ], [ -39.944022413, -18.229197156 ], [ -39.944014385, -18.229152625 ], [ -39.944007078, -18.229117156 ], [ -39.943999476, -18.229072558 ], [ -39.943981207, -18.228983887 ], [ -39.943967885, -18.228912718 ], [ -39.943958264, -18.228868476 ], [ -39.943947309, -18.228806086999988 ], [ -39.943938301, -18.228761728 ], [ -39.943918967, -18.228654866 ], [ -39.943910027, -18.228610494 ], [ -39.943903784, -18.228584047 ], [ -39.943891464, -18.228521891 ], [ -39.943875617, -18.228432795 ], [ -39.943833237, -18.228219714 ], [ -39.943820468, -18.228148453 ], [ -39.943799315, -18.228041906 ], [ -39.943790082, -18.227988404 ], [ -39.943770076, -18.22789085 ], [ -39.943761996, -18.227846327 ], [ -39.943744238, -18.227757562 ], [ -39.943739787, -18.227730786 ], [ -39.943728804, -18.227677587 ], [ -39.943721191, -18.22763299 ], [ -39.943709808, -18.227579868 ], [ -39.943694588, -18.227490673 ], [ -39.943680937, -18.227438042 ], [ -39.943676756, -18.227404338 ] ] } },
{ "type": "Feature", "properties": { "Field": "000", "Length": 568.69610154050451 }, "geometry": { "type": "LineString", "coordinates": [ [ -39.944634432, -18.232430883 ], [ -39.944568874, -18.232093032 ], [ -39.944561301, -18.232048429 ], [ -39.944548388, -18.231986383 ], [ -39.944528212, -18.231879663 ], [ -39.944511618, -18.231799887 ], [ -39.94449056, -18.231684139 ], [ -39.944456652, -18.231515514 ], [ -39.944444601, -18.231444139 ], [ -39.944438097, -18.231417748999988 ], [ -39.944433999, -18.231390921 ], [ -39.94441067, -18.231275571 ], [ -39.944390409, -18.231168865 ], [ -39.94438274, -18.231133467 ], [ -39.944370481, -18.231062123 ], [ -39.944355078, -18.230991339 ], [ -39.944349391, -18.230955601 ], [ -39.944332264, -18.230875928 ], [ -39.944322409, -18.230813372 ], [ -39.944316386, -18.230786878 ], [ -39.944308279, -18.230742361 ], [ -39.944296757, -18.230689266 ], [ -39.944277031, -18.230582469 ], [ -39.944240232, -18.230395972 ], [ -39.944227803, -18.230324656 ], [ -39.944221586, -18.230298203 ], [ -39.944207602, -18.23022715 ], [ -39.944177612, -18.230067023 ], [ -39.944168295, -18.230022722 ], [ -39.944154953, -18.229951556 ], [ -39.944147336, -18.229916148 ], [ -39.944125928, -18.229800457 ], [ -39.944095593, -18.229649582 ], [ -39.944070543, -18.229516153 ], [ -39.944051002, -18.229418512 ], [ -39.944032874, -18.229320623 ], [ -39.943994411, -18.229125229 ], [ -39.943989936, -18.229098456 ], [ -39.943973401, -18.22901867 ], [ -39.943953507, -18.228911901 ], [ -39.943932243, -18.228805374 ], [ -39.943900804, -18.228636314 ], [ -39.943876867, -18.228521077 ], [ -39.943862741, -18.228440869 ], [ -39.943838578, -18.228316471 ], [ -39.943834391, -18.228298845 ], [ -39.943822926, -18.22823654 ], [ -39.943817015, -18.228210023 ], [ -39.943804316, -18.228138749999989 ], [ -39.943781574, -18.228023293 ], [ -39.943773749, -18.227978729 ], [ -39.943764383, -18.227934438 ], [ -39.943743913, -18.227827769 ], [ -39.9437381, -18.227801232 ], [ -39.943725272, -18.22772998 ], [ -39.943691718, -18.227561291 ], [ -39.94368328, -18.227507671 ], [ -39.943667694, -18.227436923 ], [ -39.94365705500001, -18.227377463 ] ] } },
{ "type": "Feature", "properties": { "Field": "000", "Length": 572.24035806665688 }, "geometry": { "type": "LineString", "coordinates": [ [ -39.944621327, -18.232438886 ], [ -39.944613491, -18.232394309 ], [ -39.944587023, -18.23226113 ], [ -39.944569051, -18.232163214 ], [ -39.944554503, -18.232092264 ], [ -39.944551774, -18.232074379 ], [ -39.944524416, -18.231941364 ], [ -39.944514001, -18.231878891 ], [ -39.944501121, -18.231816838 ], [ -39.944481618, -18.231710004 ], [ -39.944464871, -18.231630258 ], [ -39.944444969, -18.231523491 ], [ -39.944438995, -18.231496987 ], [ -39.944431579, -18.231452359 ], [ -39.944424044, -18.231416934 ], [ -39.944421467, -18.231399028 ], [ -39.94440811, -18.231337068 ], [ -39.944396966, -18.23127471 ], [ -39.944390999, -18.231248204 ], [ -39.944384126, -18.231212657 ], [ -39.944378216, -18.231176951 ], [ -39.944366885, -18.231123819 ], [ -39.944357986, -18.231070266 ], [ -39.944342913, -18.230999417 ], [ -39.94433646, -18.230963798 ], [ -39.944318204, -18.230875124 ], [ -39.944307403, -18.230812711 ], [ -39.944301809, -18.230786131 ], [ -39.944295658, -18.230750463 ], [ -39.944282539, -18.230688456 ], [ -39.944266413, -18.230599407 ], [ -39.944243969, -18.230493101 ], [ -39.944226451, -18.23039511 ], [ -39.944220977, -18.230368508 ], [ -39.944218259, -18.23035062 ], [ -39.944199721, -18.230262001 ], [ -39.944169982, -18.23010183 ], [ -39.944160393, -18.230057583 ], [ -39.944140184, -18.229950868 ], [ -39.944120275, -18.229853295 ], [ -39.944109538, -18.229790872 ], [ -39.944084451, -18.229666641 ], [ -39.944071655, -18.229595384 ], [ -39.94405205, -18.229497755 ], [ -39.94404736, -18.229471016 ], [ -39.94403975, -18.229435606 ], [ -39.944019872, -18.229328835 ], [ -39.944002775, -18.229249157 ], [ -39.943975715, -18.229097714 ], [ -39.943964149, -18.229044629 ], [ -39.943950479, -18.22897352 ], [ -39.943946004, -18.228946747 ], [ -39.943897224, -18.228698033 ], [ -39.943889212, -18.2286535 ], [ -39.943865988, -18.22853813 ], [ -39.943860194, -18.228502407 ], [ -39.943848465, -18.228449354 ], [ -39.943844118, -18.228422562 ], [ -39.943836388, -18.228387176 ], [ -39.943826798, -18.228333732 ], [ -39.943817327, -18.228289461 ], [ -39.943806696, -18.228227021 ], [ -39.943781968, -18.228102725 ], [ -39.943774314, -18.228058134 ], [ -39.943735515, -18.227862801 ], [ -39.943731327, -18.227835986 ], [ -39.943723859, -18.227800548 ], [ -39.943716759, -18.227755874 ], [ -39.94369795, -18.227667306 ], [ -39.943677571, -18.227560621 ], [ -39.943673107, -18.227533847 ], [ -39.943651155, -18.227427447 ], [ -39.943643975, -18.227382784 ], [ -39.94364187, -18.227364822 ], [ -39.943639722093288, -18.227353817477958 ] ] } },
{ "type": "Feature", "properties": { "Field": "000", "Length": 576.18564818491132 }, "geometry": { "type": "LineString", "coordinates": [ [ -39.944608075, -18.232446979 ], [ -39.944590288, -18.232347889 ], [ -39.944582192, -18.232312578 ], [ -39.944563283, -18.232205646 ], [ -39.944547711, -18.232125683 ], [ -39.944534439, -18.232063706 ], [ -39.944526847, -18.232019106 ], [ -39.944509404, -18.231939496 ], [ -39.944507446, -18.231921519 ], [ -39.944497947, -18.23186806 ], [ -39.944488124, -18.231823859 ], [ -39.944482437, -18.231788121 ], [ -39.944476529, -18.231761603 ], [ -39.9444736, -18.231743746 ], [ -39.944457406, -18.231663896 ], [ -39.944447585, -18.231610491 ], [ -39.944432945, -18.231539559 ], [ -39.944428554, -18.231512773 ], [ -39.944421081, -18.231477336 ], [ -39.944411889, -18.231423829 ], [ -39.944398343, -18.231361906 ], [ -39.944385551, -18.231290648 ], [ -39.944375661, -18.231246461 ], [ -39.944363615, -18.231175085 ], [ -39.944353761, -18.23113089 ], [ -39.944335779, -18.231032976 ], [ -39.944333211, -18.231024279 ], [ -39.944322451, -18.230961859 ], [ -39.944310103, -18.230908934 ], [ -39.944300402, -18.230855509 ], [ -39.944296338, -18.230828676 ], [ -39.944286976, -18.230784384 ], [ -39.944281294, -18.230748645 ], [ -39.94425438, -18.230615547 ], [ -39.944248326, -18.230579864 ], [ -39.944230986, -18.230500234 ], [ -39.944213385, -18.230402257 ], [ -39.944205972, -18.230366808 ], [ -39.944200222, -18.230331079 ], [ -39.944186592, -18.230269173 ], [ -39.944165755, -18.230153388 ], [ -39.944159505, -18.230126942 ], [ -39.944155021, -18.230100171 ], [ -39.944141971, -18.230038151 ], [ -39.944131295, -18.229975718 ], [ -39.944108785, -18.229869425 ], [ -39.944094852, -18.229789186 ], [ -39.94408348, -18.229736062 ], [ -39.944065503, -18.229638147 ], [ -39.944051104, -18.22956717 ], [ -39.944048493, -18.229549268 ], [ -39.94402673, -18.229442833 ], [ -39.94401748, -18.229389335 ], [ -39.943990191, -18.229256307 ], [ -39.94396447, -18.229113814 ], [ -39.943935513, -18.22897189 ], [ -39.943929315, -18.228936229 ], [ -39.943918612, -18.228882978 ], [ -39.943903756, -18.228802891 ], [ -39.943889345, -18.228731916 ], [ -39.943872828, -18.228642932 ], [ -39.943851078, -18.228536494 ], [ -39.943847008, -18.228509663 ], [ -39.943839848, -18.228474167 ], [ -39.943835134, -18.228456663 ], [ -39.943828088, -18.228411981 ], [ -39.943818431, -18.228367746 ], [ -39.943814008, -18.228340966 ], [ -39.943795965, -18.228252253 ], [ -39.943783611, -18.228180925 ], [ -39.943729041, -18.227905664 ], [ -39.94371983, -18.227852159 ], [ -39.943710937, -18.227807779 ], [ -39.943705938, -18.227771947 ], [ -39.943700875, -18.22774527 ], [ -39.943683151, -18.227665717 ], [ -39.943663414, -18.227558922 ], [ -39.943655479, -18.227523577 ], [ -39.943637726, -18.22743481 ], [ -39.943631403, -18.22739917 ], [ -39.9436275, -18.227363213 ], [ -39.943620197014972, -18.227327182073843 ] ] } },
{ "type": "Feature", "properties": { "Field": "000", "Length": 579.85869144358708 }, "geometry": { "type": "LineString", "coordinates": [ [ -39.944595618964158, -18.232454585824847 ], [ -39.944583014, -18.232392977 ], [ -39.944575286, -18.232348398 ], [ -39.944565693, -18.232304151 ], [ -39.94455972, -18.232268455 ], [ -39.944549188, -18.232215173 ], [ -39.944545197, -18.232188331 ], [ -39.944532812, -18.232126187 ], [ -39.944522646, -18.232082057 ], [ -39.944513786, -18.232028498 ], [ -39.944496853, -18.231948788 ], [ -39.944485721, -18.231886428 ], [ -39.944479881, -18.231859896 ], [ -39.944473989, -18.231824188 ], [ -39.944458951, -18.231753332 ], [ -39.944453011, -18.231717632 ], [ -39.944438819, -18.231646616 ], [ -39.944431269, -18.23160201 ], [ -39.944407882, -18.23148667 ], [ -39.944401674, -18.231451011 ], [ -39.944393954, -18.231415622 ], [ -39.944389921, -18.231388786 ], [ -39.944383986, -18.231362273 ], [ -39.94437969, -18.231335474 ], [ -39.944371767, -18.231300127 ], [ -39.9443674, -18.231273338 ], [ -39.944355803, -18.231220259 ], [ -39.944348567, -18.231175604 ], [ -39.944333649, -18.231104725 ], [ -39.944332697, -18.231095734 ], [ -39.94432266, -18.231042365 ], [ -39.944316514, -18.231015897 ], [ -39.944310894, -18.230980149 ], [ -39.944290703, -18.230882629 ], [ -39.944281453, -18.23082913 ], [ -39.944275331, -18.230802657 ], [ -39.944267564, -18.230758085 ], [ -39.944249877, -18.230669306 ], [ -39.944245696, -18.23064249 ], [ -39.944241349, -18.230624899 ], [ -39.944235408, -18.230589199 ], [ -39.944216163, -18.230500717 ], [ -39.944211491, -18.230473975 ], [ -39.944209336, -18.230465175 ], [ -39.944202519, -18.230420461 ], [ -39.94419837, -18.230402827 ], [ -39.944185476, -18.230331586 ], [ -39.944175552, -18.230287406 ], [ -39.944166436, -18.230233886 ], [ -39.944160478, -18.230207379 ], [ -39.944152464, -18.230162845999978 ], [ -39.944144044, -18.230127604 ], [ -39.944124562, -18.230020766 ], [ -39.944113427, -18.229967596 ], [ -39.944107504, -18.229931893 ], [ -39.944094477, -18.229869869 ], [ -39.944089876, -18.229843116 ], [ -39.944083921, -18.229816608 ], [ -39.944081053, -18.229798742 ], [ -39.944077267, -18.229781033 ], [ -39.944071691, -18.229745279 ], [ -39.944053359, -18.22965662 ], [ -39.944038904, -18.229576466 ], [ -39.944027278, -18.229523392 ], [ -39.944024806, -18.229505473 ], [ -39.944018883, -18.229478958 ], [ -39.944002464, -18.229389958 ], [ -39.943995877, -18.229363587 ], [ -39.943980184, -18.229274467 ], [ -39.94397088, -18.229230163 ], [ -39.943964747, -18.229194492 ], [ -39.943958753, -18.229167992 ], [ -39.943946396, -18.229096665 ], [ -39.943926293, -18.228999128 ], [ -39.943918618, -18.228954541 ], [ -39.943907181, -18.22890143 ], [ -39.94388979, -18.228803418 ], [ -39.943864266, -18.228679269 ], [ -39.943859941, -18.228652474 ], [ -39.943836513, -18.228537142 ], [ -39.943830387, -18.22850147 ], [ -39.943824404, -18.228474968 ], [ -39.943813568, -18.22841256 ], [ -39.943785456, -18.22827048 ], [ -39.943769341, -18.228181428 ], [ -39.943757921, -18.228128314 ], [ -39.943755142, -18.228110436 ], [ -39.943749181, -18.228083929 ], [ -39.94374471, -18.228057156 ], [ -39.943730649, -18.227995338 ], [ -39.943720426, -18.227932836 ], [ -39.943711167, -18.227888524 ], [ -39.943708818, -18.22787059 ], [ -39.943703295, -18.227843997 ], [ -39.943700475, -18.227826124 ], [ -39.943692405, -18.227790807 ], [ -39.943688186, -18.227763997 ], [ -39.943680704, -18.227728562 ], [ -39.943672984, -18.227683981 ], [ -39.94365235, -18.227586546 ], [ -39.943632607, -18.227479752 ], [ -39.943621636, -18.227426551 ], [ -39.943615936, -18.227390815 ], [ -39.943608718, -18.22735533 ], [ -39.94360285, -18.227319618 ], [ -39.943599346, -18.227302656 ] ] } },
{ "type": "Feature", "properties": { "Field": "000", "Length": 583.10641020642208 }, "geometry": { "type": "LineString", "coordinates": [ [ -39.944582908939211, -18.232462347676311 ], [ -39.944571179, -18.232399884 ], [ -39.944565305, -18.23237336 ], [ -39.944555326, -18.232319981 ], [ -39.944547739, -18.232284566 ], [ -39.944528345, -18.232177713 ], [ -39.94450976, -18.232089103 ], [ -39.944498801, -18.232026714 ], [ -39.94448757, -18.231973563 ], [ -39.944472669, -18.231893483 ], [ -39.944458182, -18.231822522 ], [ -39.944445193, -18.231751297 ], [ -39.944439373, -18.231724762 ], [ -39.944431305, -18.231680238 ], [ -39.944421999, -18.231635935 ], [ -39.944414019, -18.231591397 ], [ -39.944401338, -18.231529307 ], [ -39.944390211, -18.231466946 ], [ -39.944370941, -18.231369256 ], [ -39.944364703, -18.231333601 ], [ -39.944340986, -18.231218323 ], [ -39.944320123, -18.231102542 ], [ -39.944303431, -18.231022785 ], [ -39.944292266, -18.23096043 ], [ -39.944268068, -18.230836039 ], [ -39.944260468, -18.230800627 ], [ -39.944252631, -18.230756065 ], [ -39.944218268, -18.230578326 ], [ -39.944208346, -18.230534146 ], [ -39.944197203, -18.230471787 ], [ -39.944189643, -18.230436367 ], [ -39.944172076, -18.230338383999989 ], [ -39.944162269, -18.23029418 ], [ -39.944157171, -18.23026751 ], [ -39.944151436, -18.230231778 ], [ -39.944147329, -18.230214135 ], [ -39.94413144, -18.230134229 ], [ -39.944126889, -18.230107468 ], [ -39.944107958, -18.230009717 ], [ -39.944089617, -18.22992106 ], [ -39.944076697, -18.229849823 ], [ -39.944066991, -18.229805599 ], [ -39.944056588, -18.229743124 ], [ -39.944043918, -18.229681032 ], [ -39.944030952, -18.229609803 ], [ -39.944012801, -18.22952111 ], [ -39.943994326, -18.22942328 ], [ -39.94398308200001, -18.229370131 ], [ -39.943967184, -18.229281044 ], [ -39.943942275, -18.229156781 ], [ -39.943929919, -18.229085453 ], [ -39.943921654, -18.229050177 ], [ -39.943907142, -18.228970032 ], [ -39.943895679, -18.228916926 ], [ -39.943869317, -18.22877454 ], [ -39.943847566, -18.228668103 ], [ -39.943826449, -18.228552364 ], [ -39.943809534, -18.22847265 ], [ -39.943796689, -18.228401402 ], [ -39.943769164, -18.228259217 ], [ -39.943754495, -18.228179098 ], [ -39.943742943, -18.22812601 ], [ -39.943731516, -18.228063698 ], [ -39.943716066, -18.227992923 ], [ -39.943705593, -18.227930459 ], [ -39.943690299, -18.227850447 ], [ -39.943680533, -18.227806234 ], [ -39.943673259, -18.227761586 ], [ -39.943663211, -18.227708219 ], [ -39.94363182, -18.227557541 ], [ -39.943622719, -18.227504019 ], [ -39.943603356, -18.227406346 ], [ -39.943590523, -18.227335095 ], [ -39.943579019011885, -18.227281220055666 ] ] } },
{ "type": "Feature", "properties": { "Field": "000", "Length": 5.8208e-11 }, "geometry": { "type": "LineString", "coordinates": [ [ -39.943579019011885, -18.227281220055666 ], [ -39.943579019011885, -18.227281220055666 ] ] } },
{ "type": "Feature", "properties": { "Field": "000", "Length": 586.26470040498702 }, "geometry": { "type": "LineString", "coordinates": [ [ -39.944570327945833, -18.232470030728336 ], [ -39.944536662, -18.232301195 ], [ -39.944528595, -18.232256671 ], [ -39.944521278, -18.232221205 ], [ -39.944515273, -18.232185514 ], [ -39.944495535, -18.232087909 ], [ -39.944492873, -18.232070014 ], [ -39.944459381, -18.231901315 ], [ -39.944449584, -18.231847905 ], [ -39.94443676, -18.231785842 ], [ -39.94441722, -18.231679014 ], [ -39.944409532, -18.231643619 ], [ -39.944399677, -18.231590219 ], [ -39.944390265, -18.231545937 ], [ -39.944382482, -18.231501366 ], [ -39.944371325, -18.231448201 ], [ -39.944360029, -18.231385867 ], [ -39.944349027, -18.231332672 ], [ -39.944344581, -18.231305896 ], [ -39.94432803, -18.231226112 ], [ -39.944322096, -18.231190411 ], [ -39.944305545, -18.231101432 ], [ -39.944291415, -18.231030406 ], [ -39.94428177, -18.230986169 ], [ -39.944267332, -18.230906012 ], [ -39.944253558, -18.230834922 ], [ -39.944233418, -18.230737392 ], [ -39.944220597, -18.230666139 ], [ -39.944195782, -18.230541859 ], [ -39.944189922, -18.230506146 ], [ -39.944175264, -18.230435217 ], [ -39.94415373, -18.230319548 ], [ -39.94414585, -18.230284192 ], [ -39.944137064, -18.230230622 ], [ -39.944116659, -18.230133143 ], [ -39.94410911, -18.230088534999982 ], [ -39.944097042, -18.230026334 ], [ -39.944085191, -18.229973306 ], [ -39.944062095, -18.229848724 ], [ -39.944052494, -18.229804478 ], [ -39.944041762, -18.229742054 ], [ -39.944023933, -18.229653301 ], [ -39.944010947, -18.229582076 ], [ -39.944005017, -18.229555562 ], [ -39.943992115, -18.229484323 ], [ -39.943966928, -18.229360111 ], [ -39.943957563, -18.229306631 ], [ -39.94392605, -18.229146771 ], [ -39.943915133, -18.229084375 ], [ -39.943904997, -18.229040239 ], [ -39.943892239, -18.228968976 ], [ -39.943882767, -18.228924705 ], [ -39.94384757, -18.228737926 ], [ -39.943836368, -18.228684769 ], [ -39.943824687, -18.228613337 ], [ -39.943803413, -18.228516028 ], [ -39.943782311, -18.228400286 ], [ -39.943764061, -18.228311612 ], [ -39.943756249, -18.228267046 ], [ -39.943739081, -18.228178175 ], [ -39.943729596, -18.228133906 ], [ -39.943716368, -18.228062721 ], [ -39.943712261, -18.228045078 ], [ -39.943693524, -18.227947293 ], [ -39.943687525, -18.227911602 ], [ -39.943670769, -18.227831857 ], [ -39.943660123, -18.22776942 ], [ -39.943653284, -18.227733866 ], [ -39.943630749, -18.227627578 ], [ -39.943604557, -18.227485163 ], [ -39.943586178, -18.227396513 ], [ -39.943568304, -18.227298581 ], [ -39.943561965, -18.227272155 ], [ -39.943559904092751, -18.227261062499238 ] ] } },
{ "type": "Feature", "properties": { "Field": "000", "Length": 588.17651509865516 }, "geometry": { "type": "LineString", "coordinates": [ [ -39.944557011, -18.232478163 ], [ -39.944548711, -18.232433597999986 ], [ -39.944535785, -18.232371555 ], [ -39.944493562, -18.232149254 ], [ -39.94448262600001, -18.232096047 ], [ -39.944466309, -18.232007029 ], [ -39.944458587, -18.231971641 ], [ -39.944450456, -18.231927127 ], [ -39.944442956, -18.231891695 ], [ -39.944433283, -18.231838265 ], [ -39.944405229, -18.231696175 ], [ -39.944399059, -18.23166051 ], [ -39.944388206, -18.231607287 ], [ -39.944364794, -18.231482758 ], [ -39.944352012, -18.231420687 ], [ -39.94434757, -18.23139391 ], [ -39.944336349, -18.231340757 ], [ -39.944323708, -18.231269474 ], [ -39.944308655, -18.231198621 ], [ -39.944296141, -18.231127319 ], [ -39.944260561, -18.230949799 ], [ -39.944251153, -18.230896326 ], [ -39.944210507, -18.230692129 ], [ -39.944199498, -18.230629748 ], [ -39.944193641, -18.23060322 ], [ -39.944187378, -18.23056757 ], [ -39.944150327, -18.230381118 ], [ -39.944120399, -18.23022098 ], [ -39.94410564, -18.230150071 ], [ -39.944084338, -18.230034362 ], [ -39.944063888, -18.229936892 ], [ -39.944052942, -18.229874501 ], [ -39.944039982, -18.229812464 ], [ -39.944022092, -18.229714535 ], [ -39.944007962, -18.229643508 ], [ -39.944003529, -18.229616729 ], [ -39.943992204, -18.229563596 ], [ -39.94398112, -18.229501228 ], [ -39.943966365, -18.229430318 ], [ -39.943941238, -18.229296902 ], [ -39.943928571, -18.229234809 ], [ -39.943902307, -18.229092407 ], [ -39.943888855, -18.229030466 ], [ -39.943862269, -18.228888118 ], [ -39.943852795, -18.228843848 ], [ -39.943837586, -18.228763821 ], [ -39.943833231, -18.22873703 ], [ -39.943819117, -18.228666001 ], [ -39.943810286, -18.228612438 ], [ -39.943790477, -18.228524069 ], [ -39.943764473, -18.228381623 ], [ -39.943749299, -18.228310794 ], [ -39.943739895, -18.22825732 ], [ -39.943726219, -18.228186212 ], [ -39.943713339, -18.22812416 ], [ -39.943703871, -18.228070696 ], [ -39.943689157, -18.227999778 ], [ -39.94367449100001, -18.227919659 ], [ -39.943656334, -18.227830967 ], [ -39.943647251, -18.227777442 ], [ -39.943638563, -18.227733025 ], [ -39.943623213, -18.22766223 ], [ -39.943595289, -18.227510931 ], [ -39.943580143, -18.227440096 ], [ -39.943564726, -18.227360105 ], [ -39.943558728, -18.227324413 ], [ -39.943551783, -18.227288878 ], [ -39.943545652, -18.227262407 ], [ -39.943543909039398, -18.227251985235544 ] ] } },
{ "type": "Feature", "properties": { "Field": "000", "Length": 589.88304076955387 }, "geometry": { "type": "LineString", "coordinates": [ [ -39.944543742, -18.232486266 ], [ -39.944538991, -18.232459038 ], [ -39.944528136, -18.232405816 ], [ -39.944525276, -18.232387949 ], [ -39.944503923, -18.232281438 ], [ -39.944492968, -18.232219049 ], [ -39.94447125, -18.232112605 ], [ -39.94444658, -18.231979111 ], [ -39.944430214, -18.231899293 ], [ -39.944408738, -18.231783615 ], [ -39.944395842, -18.231721565 ], [ -39.944383051, -18.231650307 ], [ -39.944355953, -18.231517244 ], [ -39.944343414, -18.231445945 ], [ -39.944335512, -18.231410593 ], [ -39.944323219, -18.231339256 ], [ -39.944307582, -18.231259304 ], [ -39.944299177, -18.231224058 ], [ -39.944291276, -18.231179507 ], [ -39.944270671, -18.231072862 ], [ -39.944264883, -18.23104632 ], [ -39.944239896, -18.23091288 ], [ -39.944224852, -18.230842025 ], [ -39.944217238, -18.230797428 ], [ -39.944209824, -18.23076198 ], [ -39.944174396, -18.23057524 ], [ -39.944161908, -18.230513115 ], [ -39.944157884, -18.230486277 ], [ -39.944147599, -18.230442172 ], [ -39.944131698, -18.230362268 ], [ -39.944112673, -18.230255355 ], [ -39.944091082, -18.230148888 ], [ -39.944073554, -18.230050899 ], [ -39.944052932, -18.229953461 ], [ -39.944035026, -18.229855534 ], [ -39.944023623, -18.229802417 ], [ -39.944011171, -18.229731104 ], [ -39.943994803, -18.229651286 ], [ -39.943988938, -18.229615574 ], [ -39.943978007, -18.229562366 ], [ -39.943973437, -18.229535608 ], [ -39.943962266, -18.229482445 ], [ -39.943947732, -18.229402304 ], [ -39.943936488, -18.229349155 ], [ -39.943894427, -18.229126826 ], [ -39.943869097, -18.229002641 ], [ -39.943861712, -18.228958009 ], [ -39.943838463, -18.228842643 ], [ -39.943827973, -18.228780181 ], [ -39.943807963, -18.228682627 ], [ -39.943798691, -18.228629132 ], [ -39.943780001, -18.228540542 ], [ -39.943768342, -18.228478269 ], [ -39.943762354, -18.228451768 ], [ -39.943750173, -18.228380413 ], [ -39.943738847, -18.22832728 ], [ -39.943666834, -18.227954003 ], [ -39.943648488, -18.227865346 ], [ -39.94363612, -18.227794021 ], [ -39.943599093, -18.227607564 ], [ -39.943581109, -18.227509651 ], [ -39.943567278, -18.227447786 ], [ -39.943544343, -18.227323176 ], [ -39.943528396139847, -18.227244857686813 ] ] } },
{ "type": "Feature", "properties": { "Field": "000", "Length": 591.49417577363022 }, "geometry": { "type": "LineString", "coordinates": [ [ -39.944530614, -18.232494283 ], [ -39.944512343, -18.232396164 ], [ -39.944487664, -18.232271859 ], [ -39.944478493, -18.232218348 ], [ -39.94446917, -18.232174048 ], [ -39.944466211, -18.232156196 ], [ -39.944460202, -18.232129699 ], [ -39.944445973, -18.232049507999989 ], [ -39.944436412, -18.232005255 ], [ -39.944425212, -18.231942906 ], [ -39.944408529, -18.231863147 ], [ -39.94439219, -18.231774133 ], [ -39.944384442, -18.23173875 ], [ -39.944363486, -18.231622985 ], [ -39.94434479, -18.231534395 ], [ -39.944335005, -18.231480983 ], [ -39.944329497, -18.231445219 ], [ -39.944317207, -18.231392283 ], [ -39.944299932, -18.231294252 ], [ -39.94428655, -18.231232297 ], [ -39.944257792, -18.23108114 ], [ -39.944251856, -18.231054628 ], [ -39.944248845, -18.231036784 ], [ -39.94424138, -18.231001346 ], [ -39.944225457, -18.230912263 ], [ -39.944211856, -18.230850351 ], [ -39.944201562, -18.23078786 ], [ -39.944193746, -18.23075249 ], [ -39.944175155, -18.23065468 ], [ -39.944162557, -18.230592575 ], [ -39.944141248, -18.230476868 ], [ -39.944133399, -18.230441505 ], [ -39.944117245, -18.230361648 ], [ -39.944101358, -18.230272559 ], [ -39.944085118, -18.230192717 ], [ -39.944060436, -18.230059225 ], [ -39.944050804, -18.230014986 ], [ -39.9440387, -18.229952791 ], [ -39.944027546, -18.229890435 ], [ -39.944010605, -18.229810726 ], [ -39.943996657, -18.22973049 ], [ -39.943980295, -18.229650671 ], [ -39.943970604, -18.229597243 ], [ -39.943962703, -18.229561892 ], [ -39.943956879, -18.229526173 ], [ -39.943940083, -18.229437237 ], [ -39.943908033, -18.229277474 ], [ -39.943879797, -18.229126228 ], [ -39.943868545, -18.229073081 ], [ -39.943853378, -18.228993047 ], [ -39.943848967, -18.228966264 ], [ -39.943837897, -18.228913082 ], [ -39.943809775, -18.228761817 ], [ -39.943796597, -18.228699821 ], [ -39.943785682, -18.228637426 ], [ -39.943772459, -18.22857544 ], [ -39.94375577, -18.228486485 ], [ -39.943744551, -18.228433331 ], [ -39.943734022, -18.228370875 ], [ -39.94371419, -18.228273288 ], [ -39.943704382, -18.22821988 ], [ -39.943696809, -18.228184463 ], [ -39.943685182, -18.228122185 ], [ -39.943672545, -18.228060087 ], [ -39.943652984, -18.227953262 ], [ -39.9436392, -18.227891387 ], [ -39.943624782, -18.227811227 ], [ -39.94359701, -18.227669086 ], [ -39.943577096, -18.227562321 ], [ -39.943553059, -18.227447104 ], [ -39.94352126, -18.227278105 ], [ -39.943512719000097, -18.227238573000431 ] ] } },
{ "type": "Feature", "properties": { "Field": "000", "Length": 593.01830765132831 }, "geometry": { "type": "LineString", "coordinates": [ [ -39.944517225, -18.23250246 ], [ -39.94450122, -18.232413115 ], [ -39.944468946, -18.232253393 ], [ -39.944450176, -18.232146439 ], [ -39.944440691, -18.232102171 ], [ -39.944434469, -18.232066514 ], [ -39.94441727, -18.231977648 ], [ -39.944395709, -18.231871175 ], [ -39.944379522, -18.231782136 ], [ -39.944371718, -18.231746764 ], [ -39.9443484, -18.231622219 ], [ -39.944335423, -18.231560185 ], [ -39.944326027, -18.23150671 ], [ -39.944319901, -18.231480238 ], [ -39.944314099, -18.231444516 ], [ -39.944304106, -18.23140035 ], [ -39.944291455, -18.231329069 ], [ -39.944264849, -18.231195915 ], [ -39.944260592, -18.23116911 ], [ -39.944242372, -18.23108043 ], [ -39.944217064, -18.230947045 ], [ -39.944211272, -18.230920504 ], [ -39.944194442, -18.230831574 ], [ -39.94418858, -18.230795861 ], [ -39.944176228, -18.230733711 ], [ -39.944172087, -18.230716075 ], [ -39.94416803, -18.230689241 ], [ -39.944163591, -18.230671672 ], [ -39.944157097, -18.230636059 ], [ -39.944149272, -18.230600691 ], [ -39.944134868, -18.230520529 ], [ -39.944087531, -18.230280751 ], [ -39.944083204, -18.230253955999988 ], [ -39.944063826, -18.230156285 ], [ -39.944047628, -18.230067248 ], [ -39.944038061, -18.230022996 ], [ -39.944021347, -18.229934045 ], [ -39.944013708, -18.229898641 ], [ -39.94399495, -18.229800859 ], [ -39.943989237, -18.229774303 ], [ -39.943981685, -18.229729696 ], [ -39.943963839, -18.229640947 ], [ -39.94395585, -18.22959641 ], [ -39.943946508, -18.229552114 ], [ -39.943938348, -18.229507605 ], [ -39.943934336, -18.229480766 ], [ -39.943903475, -18.229329988 ], [ -39.943875858, -18.22918782 ], [ -39.943863196, -18.229116541 ], [ -39.943853809, -18.229072254 ], [ -39.943844013, -18.229018844 ], [ -39.943837934, -18.228992362 ], [ -39.943825725, -18.228921011 ], [ -39.943805986, -18.228823406 ], [ -39.943799768, -18.228787749 ], [ -39.943772817, -18.228654658 ], [ -39.943764613, -18.228610157 ], [ -39.943756964, -18.228574754 ], [ -39.943746213, -18.228512333 ], [ -39.943728536, -18.228423552 ], [ -39.943717214, -18.228361223 ], [ -39.943699312, -18.228272484 ], [ -39.94368956, -18.228219067 ], [ -39.943662401, -18.228086015 ], [ -39.943637868, -18.227952497 ], [ -39.943631894, -18.227925993 ], [ -39.943615133, -18.227837051 ], [ -39.943603715, -18.227783936 ], [ -39.943582268, -18.227668252 ], [ -39.943576742, -18.227632491 ], [ -39.943572475, -18.227614882 ], [ -39.943567671, -18.227588162 ], [ -39.943547075, -18.227490719 ], [ -39.9435308, -18.227401694 ], [ -39.943506225, -18.22727737 ], [ -39.943496671, -18.227233224 ] ] } },
{ "type": "Feature", "properties": { "Field": "000", "Length": 593.98105308668812 }, "geometry": { "type": "LineString", "coordinates": [ [ -39.944504614, -18.232510161 ], [ -39.944497213, -18.232474535 ], [ -39.944479463, -18.232376583 ], [ -39.944461236, -18.232287904 ], [ -39.944453695, -18.232243296 ], [ -39.944446409, -18.232207823 ], [ -39.944426526, -18.232101053 ], [ -39.944423865, -18.232083158 ], [ -39.94441943, -18.232065587 ], [ -39.944404236, -18.231985558 ], [ -39.94439838, -18.231959029 ], [ -39.944381288, -18.231870144 ], [ -39.944368591, -18.231798871 ], [ -39.944338187, -18.231648009 ], [ -39.944329141, -18.231594479 ], [ -39.944316177, -18.231532442 ], [ -39.944309869, -18.231506009 ], [ -39.944297649, -18.23143466 ], [ -39.944289541000011, -18.231399351 ], [ -39.944283323, -18.231363693 ], [ -39.94426431, -18.231265957 ], [ -39.944263132, -18.23125699 ], [ -39.944257202, -18.231230477 ], [ -39.944245762, -18.231168167 ], [ -39.944227873, -18.231079426 ], [ -39.944216869, -18.231017045 ], [ -39.944209271, -18.230981631999985 ], [ -39.944197439, -18.230919389 ], [ -39.944187677, -18.230875176 ], [ -39.944183567, -18.23084835 ], [ -39.944172307, -18.230786011 ], [ -39.94415792, -18.230715032 ], [ -39.94414462200001, -18.230643859 ], [ -39.944131583, -18.230581837 ], [ -39.944128704, -18.230563973 ], [ -39.944114173, -18.23049302 ], [ -39.944103035, -18.230430661 ], [ -39.944088419, -18.230359724 ], [ -39.944077337, -18.230297355 ], [ -39.944052455, -18.230173087 ], [ -39.944042862, -18.230119644 ], [ -39.944037335, -18.230093051 ], [ -39.944031373, -18.230057354 ], [ -39.944021986, -18.230013067 ], [ -39.943966696, -18.22972874 ], [ -39.943962632, -18.229711087 ], [ -39.943950212, -18.22963977 ], [ -39.943930508, -18.229542159 ], [ -39.943921332, -18.229488649 ], [ -39.943915535, -18.229462109 ], [ -39.943861304, -18.229186787 ], [ -39.943853573, -18.229142208 ], [ -39.943839084, -18.229071248 ], [ -39.943829882, -18.229017742 ], [ -39.943740942, -18.228564742 ], [ -39.943721121, -18.228457962 ], [ -39.943713683, -18.228422518 ], [ -39.943699288, -18.228342354 ], [ -39.943686256, -18.22828033 ], [ -39.943671598, -18.22820021 ], [ -39.94366546, -18.22817374 ], [ -39.943646053, -18.228076075 ], [ -39.943633271, -18.228004815 ], [ -39.943619283, -18.227933763 ], [ -39.943610133, -18.227880249 ], [ -39.9435891, -18.227782892 ], [ -39.94355984, -18.227622641 ], [ -39.943534086, -18.227498535 ], [ -39.943523104, -18.22743615 ], [ -39.943500604, -18.22732065 ], [ -39.943482003092548, -18.227232391439131 ] ] } },
{ "type": "Feature", "properties": { "Field": "000", "Length": 594.85953921127043 }, "geometry": { "type": "LineString", "coordinates": [ [ -39.944491999, -18.232517865 ], [ -39.944487159, -18.232490997 ], [ -39.944479511, -18.232455595 ], [ -39.944453116, -18.232313214 ], [ -39.944435205, -18.232224477 ], [ -39.944430844, -18.232197687 ], [ -39.944425301, -18.232171098 ], [ -39.944415759, -18.232117646 ], [ -39.944407011, -18.232073239 ], [ -39.944402828, -18.232055612 ], [ -39.944393115, -18.232002189 ], [ -39.944373581, -18.231904546 ], [ -39.944362171, -18.231842232 ], [ -39.944358309, -18.231824538 ], [ -39.944355648, -18.231806643 ], [ -39.944349524, -18.23178017 ], [ -39.944337132, -18.231718027 ], [ -39.944328236, -18.231664473999988 ], [ -39.944321431, -18.231628914 ], [ -39.944288677, -18.231469282 ], [ -39.944282638, -18.231433597 ], [ -39.944249567, -18.231264821 ], [ -39.944233601, -18.231175745 ], [ -39.944213431, -18.231078221 ], [ -39.944202485, -18.23101583 ], [ -39.944173932, -18.230873831 ], [ -39.944162179, -18.230811575 ], [ -39.94415784800001, -18.230784781 ], [ -39.944152116, -18.230758228 ], [ -39.94413505, -18.230669338 ], [ -39.944127295, -18.230624763 ], [ -39.944106667, -18.230527327 ], [ -39.944082244, -18.230393791 ], [ -39.94406918, -18.230331774 ], [ -39.944059376, -18.230278366 ], [ -39.944039672, -18.230180755 ], [ -39.944016912, -18.230056116 ], [ -39.944005497, -18.230003 ], [ -39.943974994, -18.229842961 ], [ -39.943963793, -18.229789804 ], [ -39.94395248, -18.229727474 ], [ -39.943945176, -18.229692005 ], [ -39.943935905, -18.229638509 ], [ -39.943928131, -18.229603132 ], [ -39.943904605, -18.229478623 ], [ -39.943893363, -18.229425474 ], [ -39.943882313, -18.2293631 ], [ -39.943864161, -18.229274407 ], [ -39.943829254, -18.229087578 ], [ -39.943821217, -18.229052254 ], [ -39.943816896, -18.229025458 ], [ -39.943796606, -18.228918758 ], [ -39.943762928, -18.228750092 ], [ -39.943734141, -18.22859894 ], [ -39.943714548, -18.228501309 ], [ -39.943706855, -18.228456724 ], [ -39.943672106, -18.228279054 ], [ -39.943661339, -18.228216636 ], [ -39.943640481, -18.228119244 ], [ -39.943622489, -18.228021331 ], [ -39.943608385, -18.2279503 ], [ -39.94359915, -18.227896799 ], [ -39.943590685, -18.227861567 ], [ -39.943585194, -18.227834967 ], [ -39.943575667, -18.227781513 ], [ -39.943554722, -18.227674929 ], [ -39.943544963, -18.227621512 ], [ -39.943533626, -18.227568382 ], [ -39.943484365, -18.227310562 ], [ -39.94346815808219, -18.227232161397573 ] ] } },
{ "type": "Feature", "properties": { "Field": "000", "Length": 595.69333250064574 }, "geometry": { "type": "LineString", "coordinates": [ [ -39.944478827, -18.232525909 ], [ -39.944470998, -18.232481344 ], [ -39.944465205, -18.232454803 ], [ -39.94445507, -18.232401451 ], [ -39.944442794, -18.232330111 ], [ -39.944429514, -18.232268135 ], [ -39.944416625, -18.232196894 ], [ -39.944396961, -18.232099275 ], [ -39.9443821, -18.232019189 ], [ -39.944358792, -18.231903834 ], [ -39.94435268, -18.23186816 ], [ -39.944336516, -18.231788304 ], [ -39.944330197, -18.231752663 ], [ -39.94432431, -18.231726141 ], [ -39.944308705, -18.231637007 ], [ -39.944296423, -18.231574844 ], [ -39.94428133, -18.231503998 ], [ -39.944260894, -18.231397323 ], [ -39.944253298, -18.231352724 ], [ -39.944238209, -18.231281877 ], [ -39.944224205, -18.23120165 ], [ -39.944206073, -18.231112953 ], [ -39.944200032, -18.231077268 ], [ -39.944194269, -18.231050721 ], [ -39.944175833, -18.230952884 ], [ -39.944148975, -18.230819777 ], [ -39.944112602, -18.230624017 ], [ -39.944090407, -18.230517664 ], [ -39.944076692, -18.230437391 ], [ -39.944057824, -18.230348835 ], [ -39.944050157, -18.230304246 ], [ -39.944016804, -18.230135521 ], [ -39.944006093, -18.230073093 ], [ -39.943983889, -18.229966741 ], [ -39.943972597, -18.229904407 ], [ -39.943965123, -18.22986897 ], [ -39.943935852, -18.229717904 ], [ -39.94392845, -18.229673274 ], [ -39.943882292, -18.229442481 ], [ -39.943874703, -18.22939788 ], [ -39.943851525, -18.229282502 ], [ -39.943828399, -18.229157924 ], [ -39.943820715, -18.229122529 ], [ -39.943816293, -18.229095748 ], [ -39.943800058, -18.229015906 ], [ -39.943780129, -18.228909143 ], [ -39.943772513, -18.228873734 ], [ -39.943761439, -18.228811364 ], [ -39.943722129, -18.228616124 ], [ -39.943704383, -18.228518171 ], [ -39.943696774, -18.22848276 ], [ -39.94366757, -18.228331682 ], [ -39.943651926, -18.228242554 ], [ -39.943624269, -18.228109595 ], [ -39.943609471, -18.228029498 ], [ -39.943595334, -18.227958473 ], [ -39.943585807, -18.227905019 ], [ -39.94357205, -18.227843139 ], [ -39.943567813, -18.227816331 ], [ -39.943556325, -18.227754029 ], [ -39.943539832, -18.227674235 ], [ -39.943528676, -18.227611879 ], [ -39.943512363, -18.227532051 ], [ -39.943487337, -18.227398617 ], [ -39.943481624, -18.22737206 ], [ -39.943473722, -18.227327509 ], [ -39.943467674, -18.22730102 ], [ -39.943454700000103, -18.227232610000563 ] ] } },
{ "type": "Feature", "properties": { "Field": "000", "Length": 596.50139376028494 }, "geometry": { "type": "LineString", "coordinates": [ [ -39.94446615495827, -18.232533647785356 ], [ -39.944440237, -18.232400363 ], [ -39.944426577, -18.232320081 ], [ -39.944420512, -18.232293596 ], [ -39.944384778, -18.23210691 ], [ -39.944377248, -18.232071484 ], [ -39.944356938, -18.231964787 ], [ -39.944342401, -18.231893836 ], [ -39.944322999, -18.231786984 ], [ -39.944316662, -18.231760557 ], [ -39.944309604, -18.231725043 ], [ -39.944300741, -18.231671484 ], [ -39.944287382, -18.231609525 ], [ -39.94427942, -18.231564983 ], [ -39.944268528, -18.231511768 ], [ -39.94426256700001, -18.23147607 ], [ -39.944258357, -18.231458449 ], [ -39.94425133, -18.231422929 ], [ -39.944238493, -18.231351679 ], [ -39.944234473, -18.231334017 ], [ -39.94422963, -18.231307303 ], [ -39.944223365, -18.23128086 ], [ -39.94420124, -18.231156117 ], [ -39.944194878, -18.231129695 ], [ -39.94418197, -18.231058457 ], [ -39.94417086, -18.231005282 ], [ -39.94416607, -18.23097856 ], [ -39.944161887, -18.230960932 ], [ -39.944158794, -18.230943101 ], [ -39.944149164, -18.230898862 ], [ -39.944144876, -18.230872061 ], [ -39.944132604, -18.230809896 ], [ -39.944108186, -18.23067636 ], [ -39.944087435, -18.230578947 ], [ -39.944067037, -18.23046309 ], [ -39.944054203, -18.230401029 ], [ -39.944042249, -18.230348022 ], [ -39.944033606, -18.230294431 ], [ -39.944019979, -18.230223315 ], [ -39.944011738, -18.230188034 ], [ -39.944009457, -18.230170091 ], [ -39.944000581, -18.230125708 ], [ -39.943994657, -18.230090005 ], [ -39.943964063, -18.229939177 ], [ -39.94395138, -18.229867902 ], [ -39.943945512, -18.229841376 ], [ -39.943931641, -18.229770303 ], [ -39.943918672, -18.229699075 ], [ -39.943889344, -18.229548018 ], [ -39.943870559, -18.229459446 ], [ -39.943862033, -18.229415 ], [ -39.943857991, -18.229388165 ], [ -39.943852622, -18.229361542 ], [ -39.94384829, -18.229334748 ], [ -39.943839114, -18.229290421 ], [ -39.94382757, -18.229228129 ], [ -39.943821759, -18.229201592 ], [ -39.943799786, -18.229085998 ], [ -39.9437832, -18.229006221 ], [ -39.943772527, -18.228943788 ], [ -39.943763853, -18.228899368 ], [ -39.943757862, -18.228872868 ], [ -39.943729446, -18.228721652 ], [ -39.943708875, -18.228624204 ], [ -39.943701732, -18.228579536 ], [ -39.943650916, -18.228321992 ], [ -39.943636627, -18.228241811 ], [ -39.943608052, -18.228099815 ], [ -39.943579551, -18.227948614 ], [ -39.943557365, -18.227842259 ], [ -39.943538224, -18.227735365 ], [ -39.943524779, -18.227673422 ], [ -39.943510497, -18.22759324 ], [ -39.943497592, -18.227531192 ], [ -39.943476038, -18.227415526 ], [ -39.943466424, -18.227371284 ], [ -39.94345911, -18.227326641 ], [ -39.943447012, -18.227264445 ], [ -39.94344029700725, -18.227233466033425 ] ] } },
{ "type": "Feature", "properties": { "Field": "000", "Length": 597.067746667238 }, "geometry": { "type": "LineString", "coordinates": [ [ -39.944453850936746, -18.232541161680889 ], [ -39.944425647, -18.232398876 ], [ -39.944413305, -18.232327546 ], [ -39.944390265, -18.232212142 ], [ -39.944371866, -18.232114299 ], [ -39.944360722, -18.232061131 ], [ -39.94434944, -18.231998795 ], [ -39.944345388, -18.23198114 ], [ -39.944340762, -18.231954391 ], [ -39.944331684, -18.231910045 ], [ -39.944327197, -18.231883274 ], [ -39.944316237, -18.231830071 ], [ -39.944308014, -18.231785573 ], [ -39.944302179, -18.231759041 ], [ -39.944284308, -18.231661109 ], [ -39.944269424, -18.231590223 ], [ -39.944249762, -18.231483415 ], [ -39.94423500300001, -18.231412505 ], [ -39.944218854, -18.23132346 ], [ -39.94421267, -18.231297 ], [ -39.944199738, -18.231225765 ], [ -39.944174937, -18.231101482 ], [ -39.944168904, -18.231065796 ], [ -39.944157633, -18.231012652 ], [ -39.944153133, -18.230985883 ], [ -39.944134784, -18.230897227 ], [ -39.944130346, -18.230870449 ], [ -39.944102752, -18.230728277 ], [ -39.944093618, -18.23067476 ], [ -39.944071115, -18.230568465 ], [ -39.944048953, -18.230443728 ], [ -39.944039836, -18.230399389 ], [ -39.944035272, -18.230381849 ], [ -39.944025825, -18.230337573 ], [ -39.944014103, -18.230266148 ], [ -39.944007362, -18.230230577 ], [ -39.943999587, -18.2301952 ], [ -39.943995171, -18.230168418 ], [ -39.943987798, -18.230132962 ], [ -39.943983211, -18.230106207 ], [ -39.94394947, -18.229937552 ], [ -39.943934793, -18.229857435 ], [ -39.943908093, -18.229724298 ], [ -39.94390372, -18.22969751 ], [ -39.943876285, -18.229555309 ], [ -39.943849111, -18.22942226 ], [ -39.943829978, -18.229315364 ], [ -39.943820786, -18.22927104 ], [ -39.943779983, -18.229057678 ], [ -39.943770242, -18.22901346 ], [ -39.943754225, -18.228924393 ], [ -39.943743182, -18.228871206 ], [ -39.943735225, -18.228826663 ], [ -39.943729405, -18.228800128 ], [ -39.943711086, -18.228702271 ], [ -39.943696156, -18.228631394 ], [ -39.943685434, -18.228568968 ], [ -39.943664561, -18.22846237 ], [ -39.943649808, -18.22839146 ], [ -39.943623498, -18.228249065 ], [ -39.943591354, -18.22808932 ], [ -39.943585672, -18.228053581 ], [ -39.943578974, -18.228018003 ], [ -39.94354292500001, -18.22784057 ], [ -39.943527105, -18.22775147 ], [ -39.943505165, -18.227645068 ], [ -39.943492561, -18.22757378 ], [ -39.943482445, -18.227529639 ], [ -39.943461337, -18.227413899 ], [ -39.943426361, -18.227235869 ] ] } },
{ "type": "Feature", "properties": { "Field": "000", "Length": 597.61642414171104 }, "geometry": { "type": "LineString", "coordinates": [ [ -39.944441236969716, -18.232548864854373 ], [ -39.944435684, -18.232522161 ], [ -39.944431305, -18.232495374 ], [ -39.944421002, -18.232451273 ], [ -39.944400433, -18.232335444 ], [ -39.944381404, -18.232237711 ], [ -39.94437558, -18.232211176 ], [ -39.944357579, -18.232113265 ], [ -39.944349562, -18.232077937 ], [ -39.944334654, -18.231997859 ], [ -39.944319963, -18.231926936 ], [ -39.944312443, -18.231882325 ], [ -39.944284302, -18.23174025 ], [ -39.944278232, -18.231704569 ], [ -39.944256512, -18.231598126 ], [ -39.944247396, -18.231544607 ], [ -39.944219465, -18.231402494 ], [ -39.944211678, -18.231367119 ], [ -39.944203618, -18.231322594 ], [ -39.944199678, -18.231304916 ], [ -39.944193648, -18.231269229 ], [ -39.944167154, -18.231136054 ], [ -39.94414902, -18.231038166 ], [ -39.944122224, -18.230905047 ], [ -39.944107666, -18.230824909 ], [ -39.944089795, -18.230736164 ], [ -39.944078917, -18.230673763 ], [ -39.944068811, -18.23062962 ], [ -39.944054885, -18.230558557 ], [ -39.944045964, -18.230505008 ], [ -39.944038477, -18.230469573 ], [ -39.944030615, -18.230425016 ], [ -39.944015033, -18.230354267 ], [ -39.944008548, -18.230318653 ], [ -39.944006115, -18.230300729 ], [ -39.943989381, -18.230211781 ], [ -39.943939819, -18.229963208 ], [ -39.943920069, -18.229856416 ], [ -39.943894897, -18.229732201 ], [ -39.943866844, -18.229580923 ], [ -39.943852846, -18.229509873 ], [ -39.943841404, -18.229456763 ], [ -39.943832219, -18.229403254 ], [ -39.943821408, -18.229350023 ], [ -39.943803349, -18.229252122 ], [ -39.943793566, -18.229207913 ], [ -39.943789266, -18.229181114 ], [ -39.943752488, -18.228994613 ], [ -39.94374313, -18.228941132 ], [ -39.943728423, -18.228870213 ], [ -39.943720493, -18.228825666 ], [ -39.943707538, -18.228763628 ], [ -39.943696269, -18.22870129 ], [ -39.943672251, -18.228576867 ], [ -39.94366637800001, -18.228550342 ], [ -39.943651696, -18.228470225 ], [ -39.943635109, -18.228390449 ], [ -39.943603655, -18.228221391 ], [ -39.943590922, -18.228159311 ], [ -39.943581477, -18.228105844 ], [ -39.943577511, -18.228088171 ], [ -39.943543074, -18.227910445999981 ], [ -39.943528293, -18.22783954 ], [ -39.943511527, -18.227741429 ], [ -39.943488688, -18.2276352 ], [ -39.943482705, -18.227599506 ], [ -39.943468314, -18.227528527 ], [ -39.943460494, -18.227483963 ], [ -39.943440969, -18.227386319 ], [ -39.943413216032717, -18.227238627174017 ] ] } },
{ "type": "Feature", "properties": { "Field": "000", "Length": 597.43128059999742 }, "geometry": { "type": "LineString", "coordinates": [ [ -39.944427876, -18.232557024 ], [ -39.944418272, -18.232502999 ], [ -39.944406399, -18.232449975 ], [ -39.944394014, -18.232378652 ], [ -39.944360835, -18.232209896 ], [ -39.94434268, -18.232112011 ], [ -39.944335143, -18.232076586 ], [ -39.944313082, -18.231961008 ], [ -39.94429521, -18.231872263 ], [ -39.944287949, -18.231827613 ], [ -39.944278409, -18.231783355 ], [ -39.944264859, -18.231712226 ], [ -39.944260794, -18.231694573 ], [ -39.944208273, -18.231418949 ], [ -39.944201202, -18.231383437 ], [ -39.94419503, -18.231356974 ], [ -39.944186372, -18.231312551 ], [ -39.944174033, -18.231241221 ], [ -39.944157428, -18.231161448 ], [ -39.944146139, -18.231099113 ], [ -39.944137076, -18.231054764 ], [ -39.944131051, -18.231019076 ], [ -39.944118264, -18.230957006 ], [ -39.944094838, -18.23083248 ], [ -39.944088814, -18.230805986 ], [ -39.944063867, -18.230672539 ], [ -39.944050682, -18.230610545000015 ], [ -39.944034444, -18.230521514 ], [ -39.944025258, -18.230477189 ], [ -39.944013737, -18.230414893 ], [ -39.944005783, -18.230379552 ], [ -39.943991894, -18.230299306 ], [ -39.943979112, -18.230237235 ], [ -39.94395204, -18.230094971 ], [ -39.943924741, -18.229961945 ], [ -39.943905492, -18.229855069 ], [ -39.943878295, -18.229722024 ], [ -39.943859008, -18.229615154 ], [ -39.943841094, -18.229526416 ], [ -39.943833192, -18.229481865 ], [ -39.943825544, -18.229446463 ], [ -39.943817886, -18.229401873 ], [ -39.943796164, -18.22929543 ], [ -39.943786565, -18.229241987 ], [ -39.943780737, -18.229215453 ], [ -39.943764183, -18.229126476 ], [ -39.943746408, -18.229037713 ], [ -39.943732136, -18.228957529 ], [ -39.943717034, -18.228886685 ], [ -39.943711244, -18.228850962 ], [ -39.943691108, -18.228753431 ], [ -39.943680076, -18.228691055 ], [ -39.943660391, -18.22859344 ], [ -39.943637419, -18.228468837 ], [ -39.943626168, -18.22841569 ], [ -39.943600001, -18.228282456 ], [ -39.943589211, -18.228220041 ], [ -39.943513784, -18.227838179 ], [ -39.943495025, -18.227731223 ], [ -39.94347599, -18.2276427 ], [ -39.943440759, -18.227455926 ], [ -39.943418908, -18.227349507 ], [ -39.943401298, -18.227248162 ] ] } },
{ "type": "Feature", "properties": { "Field": "000", "Length": 597.13114743370386 }, "geometry": { "type": "LineString", "coordinates": [ [ -39.944415534939537, -18.232564560720643 ], [ -39.944409732, -18.232537749 ], [ -39.944405039, -18.232511011 ], [ -39.944395268, -18.232466799 ], [ -39.94435369, -18.232244387 ], [ -39.944347597, -18.232217908 ], [ -39.94434244, -18.232191248 ], [ -39.944329834, -18.23211996 ], [ -39.944316123, -18.23205807 ], [ -39.944304231, -18.231995838 ], [ -39.944301617, -18.231977937 ], [ -39.944295786, -18.231951404 ], [ -39.944287628, -18.231906894 ], [ -39.944280257, -18.231871438 ], [ -39.944272422, -18.231826876 ], [ -39.944263002, -18.231782595 ], [ -39.944251485, -18.231720299 ], [ -39.944245568, -18.231693783 ], [ -39.944241119, -18.231667006 ], [ -39.944230136, -18.231613808 ], [ -39.944225782, -18.231587017 ], [ -39.94421496, -18.231533788 ], [ -39.944207078, -18.231489234 ], [ -39.944199333, -18.23145385 ], [ -39.944188055, -18.231391514 ], [ -39.944180546, -18.231356084 ], [ -39.944175841, -18.231329348 ], [ -39.944169918, -18.231302833 ], [ -39.944160271, -18.231249399 ], [ -39.944144081, -18.231169548 ], [ -39.944132629, -18.23110724 ], [ -39.944125263, -18.231071783 ], [ -39.944115912, -18.2310183 ], [ -39.944083868, -18.230858537 ], [ -39.944061178, -18.230733886 ], [ -39.944047614, -18.230671967 ], [ -39.944042669, -18.23064527 ], [ -39.944040191, -18.230627351 ], [ -39.944030167, -18.23057398 ], [ -39.94401125, -18.230485433 ], [ -39.943998682, -18.230414139 ], [ -39.943979487, -18.230316435 ], [ -39.943974866, -18.230289686 ], [ -39.943965289, -18.230245436 ], [ -39.943954301, -18.230183052 ], [ -39.943948471, -18.230156518 ], [ -39.943937173, -18.230094185 ], [ -39.943906952, -18.22994329 ], [ -39.943892803, -18.229863085 ], [ -39.943862295, -18.229712242 ], [ -39.943845824, -18.22962325 ], [ -39.943841788, -18.229605592 ], [ -39.943837509, -18.22957879 ], [ -39.943828946, -18.229534351 ], [ -39.943819466, -18.229490082 ], [ -39.94381483, -18.229463334 ], [ -39.943808493, -18.229436907 ], [ -39.943802621, -18.229401196 ], [ -39.943783102, -18.229303551 ], [ -39.943770334, -18.22923229 ], [ -39.943748546, -18.229125859 ], [ -39.943744414, -18.229099036 ], [ -39.943729721, -18.229028114 ], [ -39.943698163, -18.228859074 ], [ -39.943688723, -18.228814797 ], [ -39.943667179, -18.22869913 ], [ -39.943654239, -18.228637089 ], [ -39.943639288, -18.228557018 ], [ -39.943628441, -18.228503794 ], [ -39.943622357, -18.228468115 ], [ -39.943592277, -18.228317194 ], [ -39.943578495, -18.228236931 ], [ -39.943534457, -18.228024157 ], [ -39.943519025, -18.22794417 ], [ -39.943508317, -18.227881741 ], [ -39.943497618, -18.22782849 ], [ -39.943483281, -18.227748316 ], [ -39.943467736, -18.22767756 ], [ -39.943454884, -18.227606313 ], [ -39.943435571, -18.22750863 ], [ -39.943424412, -18.227446274 ], [ -39.94341106, -18.227384313 ], [ -39.94339578, -18.227304299 ], [ -39.943388004, -18.227258797 ] ] } },
{ "type": "Feature", "properties": { "Field": "000", "Length": 596.85927338567103 }, "geometry": { "type": "LineString", "coordinates": [ [ -39.944402391986642, -18.232572586933706 ], [ -39.944377301, -18.232448156 ], [ -39.944349162, -18.232296893 ], [ -39.944339523, -18.232252656 ], [ -39.944323529, -18.232163584 ], [ -39.944310701, -18.232101522 ], [ -39.944306079, -18.232074772 ], [ -39.944298355, -18.232039385 ], [ -39.944257391, -18.231826051 ], [ -39.944247931, -18.231781777 ], [ -39.944238421, -18.231728321 ], [ -39.944230694, -18.231692933 ], [ -39.944226242, -18.231666157 ], [ -39.944217275, -18.231621791 ], [ -39.94420518, -18.231550422 ], [ -39.944190451, -18.231479507 ], [ -39.944162888, -18.231337329 ], [ -39.944155344, -18.231301906 ], [ -39.944140564, -18.231221805 ], [ -39.944126022, -18.231150855 ], [ -39.944110636, -18.231070859 ], [ -39.944106132, -18.231044091 ], [ -39.944091881, -18.230973086999988 ], [ -39.944086097, -18.230937362 ], [ -39.944068183, -18.230848625 ], [ -39.944062118, -18.23082214 ], [ -39.944049931, -18.230750786 ], [ -39.944034764, -18.230679955 ], [ -39.944019785, -18.230590723 ], [ -39.94400209, -18.230511164 ], [ -39.943986737, -18.230431162 ], [ -39.943982241, -18.230404393 ], [ -39.943968096, -18.230333369 ], [ -39.94396035, -18.230288793 ], [ -39.943948937, -18.230235677 ], [ -39.943942622, -18.230200035 ], [ -39.94393516, -18.230164596 ], [ -39.943922332, -18.230093344 ], [ -39.943895812, -18.229960174 ], [ -39.943884549000011, -18.229897835 ], [ -39.943848114, -18.229711273 ], [ -39.943842038, -18.22968479 ], [ -39.94383127, -18.229622371 ], [ -39.943800219, -18.229462429 ], [ -39.943794175, -18.229435939 ], [ -39.943781282, -18.229364698 ], [ -39.943765284, -18.229284812 ], [ -39.943757639, -18.22924022 ], [ -39.943739304, -18.229151561 ], [ -39.943729358, -18.229098177 ], [ -39.943716698, -18.229036083 ], [ -39.943704066, -18.228964799 ], [ -39.943694498, -18.228920548 ], [ -39.943688591, -18.228884842 ], [ -39.943670552, -18.228796128 ], [ -39.943654347, -18.228707091 ], [ -39.943639654, -18.228636169 ], [ -39.943633441, -18.228600511 ], [ -39.943593007, -18.228396275 ], [ -39.943588679, -18.228369481 ], [ -39.943576634, -18.228307276 ], [ -39.943572462, -18.228280458 ], [ -39.943566438, -18.228253964 ], [ -39.943547418, -18.22815623 ], [ -39.943514713, -18.227996588 ], [ -39.943471858, -18.227765214 ], [ -39.943457695, -18.227694194 ], [ -39.943449759, -18.227658849 ], [ -39.943430224, -18.22755202 ], [ -39.943421007, -18.2275077 ], [ -39.943409448, -18.227445411 ], [ -39.943396349, -18.2273834 ], [ -39.943375013, -18.22726919 ] ] } },
{ "type": "Feature", "properties": { "Field": "000", "Length": 596.41521428494059 }, "geometry": { "type": "LineString", "coordinates": [ [ -39.944388697, -18.23258095 ], [ -39.94438143, -18.232545116 ], [ -39.944375376, -18.232509432 ], [ -39.944355586, -18.232411837 ], [ -39.944339527, -18.232322777 ], [ -39.944323436, -18.232242906999986 ], [ -39.944301996, -18.232127223 ], [ -39.944291196, -18.23207399 ], [ -39.944288483, -18.232056102 ], [ -39.944282434, -18.232029614 ], [ -39.944263839, -18.231931804 ], [ -39.944247569, -18.231851968 ], [ -39.944242941, -18.231825219 ], [ -39.944233357, -18.231780971 ], [ -39.944225667, -18.231736385 ], [ -39.944216362, -18.231692082 ], [ -39.944204005, -18.231620755 ], [ -39.944179204, -18.231496472 ], [ -39.94415569, -18.231371961 ], [ -39.944149512, -18.231345499 ], [ -39.944141532, -18.231300961 ], [ -39.944135834, -18.231274401 ], [ -39.944125833, -18.231221026 ], [ -39.944119436, -18.231194612 ], [ -39.944116814, -18.231176712 ], [ -39.94410849, -18.231132231 ], [ -39.944098938, -18.231087976 ], [ -39.944090693, -18.231043482 ], [ -39.944078375, -18.230972148 ], [ -39.944063542, -18.230901251999985 ], [ -39.944053913, -18.230847815 ], [ -39.944046105, -18.230812444 ], [ -39.944029473, -18.230723479 ], [ -39.944021686, -18.230688104 ], [ -39.944007811, -18.230607857 ], [ -39.943978431, -18.230466011 ], [ -39.943972523, -18.230430306 ], [ -39.94395943, -18.230359098 ], [ -39.943953807, -18.230332524 ], [ -39.943945984, -18.23028796 ], [ -39.94393101, -18.230217090999989 ], [ -39.943892174, -18.230012573 ], [ -39.943867348, -18.229888295 ], [ -39.943851318, -18.229799229 ], [ -39.943843415, -18.229763878 ], [ -39.943807672, -18.229577193 ], [ -39.943801942, -18.22955064 ], [ -39.943799253, -18.229532748 ], [ -39.943795139, -18.229515107 ], [ -39.943744316, -18.229248372 ], [ -39.943722855, -18.229141882 ], [ -39.943689503, -18.228963967 ], [ -39.943678354, -18.2289108 ], [ -39.943670639, -18.228866219 ], [ -39.943655793, -18.228795326 ], [ -39.943648248, -18.228750719 ], [ -39.943625239, -18.228635309 ], [ -39.943619202, -18.228599623 ], [ -39.943593727, -18.228475465 ], [ -39.943584475, -18.228421967 ], [ -39.943573651, -18.228368739 ], [ -39.943555653, -18.228270827 ], [ -39.943546123, -18.228226568 ], [ -39.943532942, -18.228155375 ], [ -39.94351268, -18.228057868 ], [ -39.943495173, -18.227969057 ], [ -39.943479431, -18.227879945 ], [ -39.943470096, -18.227835647 ], [ -39.943457277, -18.227764394 ], [ -39.943437062, -18.227666879 ], [ -39.943429273, -18.227622309 ], [ -39.94341721, -18.227560107 ], [ -39.943407418, -18.2275159 ], [ -39.943399969, -18.227471278 ], [ -39.943376509, -18.227355952 ], [ -39.94336775, -18.227302377 ], [ -39.94336294707616, -18.22728139833265 ] ] } },
{ "type": "Feature", "properties": { "Field": "000", "Length": 89.464685488490886 }, "geometry": { "type": "LineString", "coordinates": [ [ -39.944367589188779, -18.228888870259173 ], [ -39.944361384, -18.228861016 ], [ -39.944358584, -18.228843141 ], [ -39.944351789, -18.228807581 ], [ -39.944350366, -18.228798646 ], [ -39.944345204, -18.228762835 ], [ -39.944343349, -18.228753973 ], [ -39.944330771, -18.228701098 ], [ -39.944321251, -18.228656837 ], [ -39.944319674, -18.228647926 ], [ -39.94431103, -18.228594335 ], [ -39.944309299, -18.228585451 ], [ -39.944298172, -18.22853228 ], [ -39.944285105, -18.228461068 ], [ -39.944271758, -18.228399106 ], [ -39.944270035, -18.22839022 ], [ -39.944238891, -18.22822111 ], [ -39.944233493, -18.228194493 ], [ -39.94422138, -18.228123128 ], [ -39.944215664093463, -18.228093682481521 ] ] } },
{ "type": "Feature", "properties": { "Field": "000", "Length": 16.017409807686853 }, "geometry": { "type": "LineString", "coordinates": [ [ -39.944332335059173, -18.228255819294098 ], [ -39.944337483, -18.228281407 ], [ -39.944339086, -18.228290312 ], [ -39.944347587, -18.228343924 ], [ -39.944349144, -18.228352837 ], [ -39.944354248, -18.228379506 ], [ -39.944358361869355, -18.228398391812696 ] ] } },
{ "type": "Feature", "properties": { "Field": "000", "Length": 68.910712741485639 }, "geometry": { "type": "LineString", "coordinates": [ [ -39.944355559755678, -18.228733619892669 ], [ -39.944340004, -18.228667039 ], [ -39.94433813, -18.228658181 ], [ -39.944326841, -18.228595846 ], [ -39.944325072, -18.228586968 ], [ -39.94431924, -18.228560436 ], [ -39.944305539, -18.228489333 ], [ -39.944294258, -18.228436192 ], [ -39.944292502, -18.228427311 ], [ -39.944284507, -18.228382776 ], [ -39.944265107, -18.228285109 ], [ -39.944260585, -18.228258345 ], [ -39.944256975, -18.228240603 ], [ -39.944255356, -18.228231699 ], [ -39.94425114, -18.228204889 ], [ -39.944235487, -18.228121611 ] ] } },
{ "type": "Feature", "properties": { "Field": "000", "Length": 35.443714823436899 }, "geometry": { "type": "LineString", "coordinates": [ [ -39.944353878574312, -18.228518218149873 ], [ -39.94435129, -18.228507255 ], [ -39.944342241, -18.228453725 ], [ -39.944340579, -18.228444829 ], [ -39.944329042, -18.228391737 ], [ -39.944318593, -18.228338441 ], [ -39.944316979, -18.228329536 ], [ -39.944312814, -18.228302718 ], [ -39.944311226, -18.228293809 ], [ -39.94430152, -18.228249584 ], [ -39.944299737, -18.228240709 ], [ -39.944293421, -18.228203234 ] ] } },
{ "type": "Feature", "properties": { "Field": "000", "Length": 595.94040394759941 }, "geometry": { "type": "LineString", "coordinates": [ [ -39.944375436, -18.232589048 ], [ -39.944364691, -18.232526381 ], [ -39.944354108, -18.232473109 ], [ -39.944340745, -18.23241115 ], [ -39.944329041, -18.232339722 ], [ -39.944310053, -18.232251189 ], [ -39.944306026, -18.232224351 ], [ -39.944300418, -18.232197774 ], [ -39.944285872, -18.232117635 ], [ -39.944269752, -18.232037771 ], [ -39.944265109, -18.232011025 ], [ -39.944246821, -18.231922357 ], [ -39.944239206, -18.23187776 ], [ -39.944224402, -18.23180686 ], [ -39.944219758, -18.231780113 ], [ -39.944207311, -18.23171798 ], [ -39.944203186, -18.231691156 ], [ -39.944193795, -18.23164687 ], [ -39.944182735, -18.231584498 ], [ -39.944167884, -18.231513606 ], [ -39.944158445, -18.231460137 ], [ -39.94414878, -18.231415905 ], [ -39.944144393, -18.231389119 ], [ -39.944122946, -18.231282625 ], [ -39.944116645, -18.231246981 ], [ -39.944107048, -18.231202735 ], [ -39.944063737, -18.230971438 ], [ -39.944054068, -18.230927206 ], [ -39.944039557, -18.230847062 ], [ -39.944033648, -18.230820544 ], [ -39.944009211, -18.230696195 ], [ -39.944004917, -18.230669396 ], [ -39.94399322, -18.23060713 ], [ -39.943981754, -18.230554024 ], [ -39.943975391, -18.23051839 ], [ -39.943967827, -18.230482971 ], [ -39.943958544, -18.230429478 ], [ -39.943947646, -18.230376263 ], [ -39.943933105, -18.230296123 ], [ -39.943919926, -18.23023412800001 ], [ -39.943896379, -18.230109623 ], [ -39.943887198, -18.230065296 ], [ -39.943870287, -18.229976379 ], [ -39.943862672, -18.22994097 ], [ -39.943858213, -18.229914195 ], [ -39.94382961, -18.229763012 ], [ -39.943802849, -18.229629886 ], [ -39.943779054, -18.229505423 ], [ -39.943773229, -18.229478889 ], [ -39.943759185, -18.229398668 ], [ -39.943749927, -18.229354356 ], [ -39.943733167, -18.229265413 ], [ -39.943718512, -18.229194484 ], [ -39.943675163, -18.228963194 ], [ -39.943664092, -18.228910012 ], [ -39.943654428, -18.228856581 ], [ -39.943644737, -18.228812353 ], [ -39.943635652, -18.228758829 ], [ -39.943613983, -18.228652376 ], [ -39.943601182, -18.22858112 ], [ -39.943593187, -18.228545787 ], [ -39.943577593, -18.228465828 ], [ -39.943553257, -18.228332278 ], [ -39.943536657, -18.228252504 ], [ -39.943516397, -18.228145799 ], [ -39.943491242, -18.228021581 ], [ -39.943466485, -18.227888101 ], [ -39.943448891, -18.227799306 ], [ -39.943442915, -18.22776361 ], [ -39.943425903, -18.227683916 ], [ -39.943417268, -18.227630323 ], [ -39.943407609, -18.22758609 ], [ -39.943397068, -18.22753281 ], [ -39.943390637, -18.227506403 ], [ -39.943385542, -18.227470583 ], [ -39.94337338, -18.227408399 ], [ -39.943363678, -18.227364174 ], [ -39.943357826, -18.22732846 ], [ -39.943351026, -18.227293692 ] ] } },
{ "type": "Feature", "properties": { "Field": "000", "Length": 45.014664936727236 }, "geometry": { "type": "LineString", "coordinates": [ [ -39.944274337002788, -18.228176346011676 ], [ -39.944278263, -18.228192788 ], [ -39.944279964, -18.228201678 ], [ -39.944291923, -18.228273067 ], [ -39.944302016, -18.228326426 ], [ -39.944313024, -18.22837962 ], [ -39.94432125, -18.228424117 ], [ -39.944327124, -18.228450641 ], [ -39.944331721, -18.228477394 ], [ -39.944338913, -18.228512884 ], [ -39.944345285, -18.228548516 ], [ -39.944347657, -18.228557265 ], [ -39.944350328, -18.228565934 ], [ -39.94435227434446, -18.228576148672186 ] ] } },
{ "type": "Feature", "properties": { "Field": "000", "Length": 22.732574141843408 }, "geometry": { "type": "LineString", "coordinates": [ [ -39.944350904, -18.228430048 ], [ -39.944347916, -18.228412201 ], [ -39.944339927, -18.228376867 ], [ -39.944324824, -18.228287654 ], [ -39.944313898, -18.22824369 ], [ -39.944311189, -18.228228247 ] ] } },
{ "type": "Feature", "properties": { "Field": "000", "Length": 54.470757668355645 }, "geometry": { "type": "LineString", "coordinates": [ [ -39.944347954295012, -18.228633095967577 ], [ -39.944338465, -18.228579711 ], [ -39.944326756, -18.228526654 ], [ -39.944315411, -18.228464329 ], [ -39.944304086, -18.228411196 ], [ -39.94429451700001, -18.228357748 ], [ -39.944279955, -18.228286802 ], [ -39.94426298, -18.228188724 ], [ -39.944257102, -18.2281622 ], [ -39.944254925, -18.228148997 ] ] } },
{ "type": "Feature", "properties": { "Field": "000", "Length": 595.48662990769594 }, "geometry": { "type": "LineString", "coordinates": [ [ -39.944362546, -18.23259692 ], [ -39.944350757, -18.232526004 ], [ -39.944342729, -18.232490679 ], [ -39.944338007, -18.232463947 ], [ -39.944325328, -18.232401857 ], [ -39.944316294, -18.232348325 ], [ -39.944295955, -18.232250834 ], [ -39.944266557, -18.232090606 ], [ -39.944236365, -18.231939705 ], [ -39.944219764, -18.231850736 ], [ -39.944215682, -18.231833087 ], [ -39.944204276, -18.231770773 ], [ -39.944181289, -18.23165536 ], [ -39.944170148, -18.231593001 ], [ -39.944162468, -18.231557605 ], [ -39.944150798, -18.231495335 ], [ -39.944145058, -18.231468784 ], [ -39.944140663, -18.231442001 ], [ -39.944133181, -18.231406566 ], [ -39.944104342, -18.231255424 ], [ -39.944093138, -18.231202268 ], [ -39.944080365, -18.231131007 ], [ -39.944071575, -18.231086608 ], [ -39.944063614, -18.231051269 ], [ -39.944054553, -18.230997742 ], [ -39.944036451, -18.23090904 ], [ -39.944027071, -18.230855563 ], [ -39.94401368, -18.23079361 ], [ -39.943992743, -18.230677841 ], [ -39.943968814, -18.230562603 ], [ -39.943958611, -18.230500099 ], [ -39.943934862, -18.230384827 ], [ -39.943920384, -18.230304677 ], [ -39.943901628, -18.230216099 ], [ -39.943882302, -18.230109236 ], [ -39.943850387, -18.229949449 ], [ -39.943839796, -18.229887003 ], [ -39.943797247, -18.229673952 ], [ -39.943766638, -18.229513932 ], [ -39.943757217, -18.229469652 ], [ -39.943742835, -18.229389486 ], [ -39.943676882, -18.229051901 ], [ -39.943667542, -18.228998417 ], [ -39.943648036, -18.228900769 ], [ -39.943641702, -18.228865131 ], [ -39.943635932, -18.228838586 ], [ -39.943619399, -18.228749605 ], [ -39.943593985, -18.228625435 ], [ -39.943583241, -18.228563012999988 ], [ -39.943564909, -18.228474354 ], [ -39.943539028, -18.228331888 ], [ -39.94352049, -18.228243269 ], [ -39.943512561, -18.228198722 ], [ -39.943503177, -18.228154435 ], [ -39.943488048, -18.228074394 ], [ -39.943469947, -18.227985692 ], [ -39.943465492, -18.227958917 ], [ -39.943448011, -18.227870102 ], [ -39.943441746, -18.227834452 ], [ -39.943432162, -18.227790204 ], [ -39.94341949, -18.227718927 ], [ -39.943410274, -18.227674607 ], [ -39.94340403, -18.227638954 ], [ -39.943392181, -18.227585927 ], [ -39.943386217, -18.227550231 ], [ -39.943380688, -18.227523639 ], [ -39.943365967, -18.227443529 ], [ -39.943356942, -18.227399173 ], [ -39.943352698, -18.22738156 ], [ -39.943344496, -18.22733706 ], [ -39.943341681, -18.22732844 ], [ -39.943340724, -18.22731947 ], [ -39.943339547051636, -18.227305529611598 ] ] } },
{ "type": "Feature", "properties": { "Field": "000", "Length": 594.9058976730081 }, "geometry": { "type": "LineString", "coordinates": [ [ -39.94435008, -18.232604533 ], [ -39.944337226, -18.232533027 ], [ -39.944310851, -18.232399831 ], [ -39.944301421, -18.232346361 ], [ -39.944274469, -18.232213271 ], [ -39.944261876, -18.232141981 ], [ -39.944252741, -18.232097645 ], [ -39.944236157, -18.232008673 ], [ -39.944223361, -18.231946604 ], [ -39.944220456, -18.231928744 ], [ -39.944216454, -18.231911079 ], [ -39.944182988, -18.231733184 ], [ -39.944175421, -18.231697765 ], [ -39.944158604, -18.231608832 ], [ -39.944149331, -18.231564523 ], [ -39.944138085, -18.231502181 ], [ -39.944131953, -18.23147571 ], [ -39.944125901, -18.231440027 ], [ -39.944102626, -18.231324666 ], [ -39.944096269, -18.231289031 ], [ -39.94409224, -18.231271371 ], [ -39.944087867, -18.231244583 ], [ -39.944078805, -18.231200234 ], [ -39.944067466, -18.231137908 ], [ -39.944050558, -18.231058193 ], [ -39.944034722, -18.230969096 ], [ -39.943983779, -18.230711574 ], [ -39.94397817, -18.230675825 ], [ -39.943962933, -18.230605008 ], [ -39.943938825, -18.23047142 ], [ -39.943922092, -18.230391671 ], [ -39.943909382, -18.2303204 ], [ -39.943899374, -18.230276237 ], [ -39.943879257, -18.230169507 ], [ -39.943873443, -18.23014297 ], [ -39.9438691, -18.230116177999989 ], [ -39.943855184, -18.230045113 ], [ -39.94385233, -18.230027245 ], [ -39.943844411, -18.229991897 ], [ -39.943834125, -18.229938571 ], [ -39.943826791, -18.229893931 ], [ -39.9438191, -18.229858537 ], [ -39.943814668, -18.229831758 ], [ -39.943766838, -18.229592069 ], [ -39.943754188, -18.229520789 ], [ -39.943743079, -18.229467614 ], [ -39.943724723, -18.229369763 ], [ -39.94371873, -18.229343263 ], [ -39.943709387, -18.229289779 ], [ -39.943664181, -18.229058814 ], [ -39.943650979, -18.228987625 ], [ -39.943638237, -18.228925547 ], [ -39.943619911, -18.228827691 ], [ -39.943612397, -18.228792262 ], [ -39.943604551, -18.228747702 ], [ -39.943575818, -18.228605735 ], [ -39.943564951, -18.228543332 ], [ -39.943550431, -18.228472378 ], [ -39.943529199, -18.228356658 ], [ -39.943488035, -18.228152556 ], [ -39.943466635, -18.228036864 ], [ -39.943439648, -18.22790378 ], [ -39.943432093, -18.227859174 ], [ -39.943414135, -18.227770445 ], [ -39.943401591, -18.227699147 ], [ -39.943382404, -18.227610653 ], [ -39.943364044, -18.227503634 ], [ -39.943352561, -18.227450532 ], [ -39.943327180021107, -18.227318283110026 ] ] } },
{ "type": "Feature", "properties": { "Field": "000", "Length": 594.38846405702714 }, "geometry": { "type": "LineString", "coordinates": [ [ -39.94433686095244, -18.232612605773571 ], [ -39.944327517, -18.232568112 ], [ -39.944318635, -18.232514557 ], [ -39.944305224, -18.232443403 ], [ -39.94429081900001, -18.232372427 ], [ -39.944274414, -18.232283424 ], [ -39.944261658, -18.232221349 ], [ -39.944251991, -18.232167917 ], [ -39.944244463, -18.232132491 ], [ -39.944228121, -18.232043477 ], [ -39.944204889, -18.231928109 ], [ -39.944197114, -18.231883537 ], [ -39.944177589, -18.231785893 ], [ -39.944163025, -18.231705757 ], [ -39.94413761, -18.231581588 ], [ -39.944124997, -18.231510301 ], [ -39.944119027, -18.231483796 ], [ -39.944116516, -18.231465881 ], [ -39.944092975, -18.23135057 ], [ -39.944085281, -18.231305986 ], [ -39.944073902, -18.231252863 ], [ -39.944067664, -18.231217209 ], [ -39.944060427, -18.231181727 ], [ -39.944054529, -18.23114602 ], [ -39.944037526, -18.231066323 ], [ -39.944023376, -18.230986119 ], [ -39.944016409, -18.230950588 ], [ -39.944010276, -18.230924118 ], [ -39.943996291, -18.230843887 ], [ -39.943988704, -18.230808472 ], [ -39.943985895, -18.230790598 ], [ -39.943968702, -18.230710939 ], [ -39.94395956, -18.230657423 ], [ -39.943941364, -18.230568739 ], [ -39.943922025, -18.230461877 ], [ -39.943914309, -18.230426488 ], [ -39.943900456, -18.230355412 ], [ -39.943894299, -18.230319744 ], [ -39.94388485, -18.230275469 ], [ -39.943875531, -18.230221982 ], [ -39.943858606, -18.23014227 ], [ -39.943848791, -18.230088863 ], [ -39.943843077, -18.230062307 ], [ -39.943835782, -18.230017661 ], [ -39.943824358, -18.229964548 ], [ -39.94381333, -18.229902171 ], [ -39.943788205, -18.229777946999988 ], [ -39.943778925, -18.229724453 ], [ -39.943771011, -18.229689104 ], [ -39.943764893, -18.22965343 ], [ -39.94375412, -18.229600193 ], [ -39.943749663, -18.229573417 ], [ -39.943736611, -18.229511398 ], [ -39.94371379, -18.229386769 ], [ -39.943700648, -18.229324767 ], [ -39.943653785, -18.229075716 ], [ -39.943645948, -18.229040351 ], [ -39.943640789, -18.229013691 ], [ -39.943636588, -18.228986878 ], [ -39.943614801, -18.228880448 ], [ -39.943608639, -18.228844781 ], [ -39.943594356, -18.228773783 ], [ -39.943582882, -18.228711479 ], [ -39.94356091, -18.228605083 ], [ -39.943536579, -18.228471532 ], [ -39.943516786, -18.228373938 ], [ -39.943501951, -18.228293847 ], [ -39.943492393, -18.228249593 ], [ -39.943478328, -18.228178555 ], [ -39.943448319, -18.228018431 ], [ -39.943424854, -18.227903105 ], [ -39.943411884, -18.227831877 ], [ -39.943402602, -18.227787569 ], [ -39.943390261, -18.227716239 ], [ -39.943381229, -18.227671885 ], [ -39.943371205, -18.227627725 ], [ -39.943348999, -18.227502995 ], [ -39.943339393, -18.22745875 ], [ -39.943329995, -18.227405274999988 ], [ -39.943323887, -18.227378799 ], [ -39.943317458, -18.227343176 ], [ -39.943314758, -18.227331094 ] ] } },
{ "type": "Feature", "properties": { "Field": "000", "Length": 593.55262319716371 }, "geometry": { "type": "LineString", "coordinates": [ [ -39.944323853, -18.232620549 ], [ -39.944314906, -18.232576249 ], [ -39.944305932, -18.232522707 ], [ -39.944293431, -18.232460584 ], [ -39.944287216, -18.232424926 ], [ -39.944264881, -18.232309396 ], [ -39.944252059, -18.232247333 ], [ -39.944246089, -18.232211636 ], [ -39.944235896, -18.232158294 ], [ -39.944229999, -18.232131775 ], [ -39.944223721, -18.232096127 ], [ -39.94421783, -18.232069605 ], [ -39.944205206, -18.23199832 ], [ -39.944190317, -18.231927436 ], [ -39.944175759, -18.231847299 ], [ -39.94416107, -18.231776376 ], [ -39.944148345, -18.231705107 ], [ -39.944124608, -18.231589832 ], [ -39.944108621, -18.23150076 ], [ -39.944094295, -18.231429769 ], [ -39.944086299, -18.231385233 ], [ -39.944074933, -18.231332109 ], [ -39.944051777, -18.231207536 ], [ -39.94401627100001, -18.231030003 ], [ -39.944008638, -18.230985409 ], [ -39.94399704, -18.23093233 ], [ -39.943986209, -18.230869921 ], [ -39.943973599, -18.230807818 ], [ -39.943970751, -18.230789949 ], [ -39.94396162, -18.230745613 ], [ -39.943941639, -18.23063886 ], [ -39.943924904, -18.230559111 ], [ -39.943916003, -18.230505559 ], [ -39.94389264, -18.230390214 ], [ -39.943862675, -18.230230083 ], [ -39.943843843, -18.23014152 ], [ -39.943838092, -18.23010579 ], [ -39.943827257, -18.230052564 ], [ -39.943820977, -18.230016917 ], [ -39.943813468, -18.229981487 ], [ -39.943807083, -18.229945856 ], [ -39.943803022, -18.229928203 ], [ -39.943798548, -18.22990143 ], [ -39.943777268, -18.229794906 ], [ -39.943765761, -18.229732608 ], [ -39.943758062, -18.229697215 ], [ -39.943750228, -18.229652653 ], [ -39.943735168, -18.2295726 ], [ -39.943727566, -18.229537189 ], [ -39.943711337, -18.229448156 ], [ -39.943687713, -18.22933286 ], [ -39.943661142, -18.22919051 ], [ -39.943655248, -18.229163989 ], [ -39.943642665, -18.229092698 ], [ -39.943636636, -18.229066205 ], [ -39.943626027, -18.229012937 ], [ -39.943613469, -18.228941642 ], [ -39.943598455, -18.228870781 ], [ -39.943592157, -18.228835136 ], [ -39.943576025, -18.228755275 ], [ -39.943559603, -18.228666275 ], [ -39.943544327, -18.228595465 ], [ -39.943521912, -18.228470769 ], [ -39.943483299, -18.228275402 ], [ -39.943475522, -18.228240025 ], [ -39.943461556, -18.228159791 ], [ -39.943455322, -18.228133342 ], [ -39.943448165, -18.228097846 ], [ -39.943435538, -18.228026561 ], [ -39.943420315, -18.227955741 ], [ -39.943409441, -18.227893339 ], [ -39.943386889, -18.227777848 ], [ -39.943382334, -18.227751087 ], [ -39.943367543, -18.227680184 ], [ -39.943362952, -18.227653429 ], [ -39.943350222, -18.227591349 ], [ -39.943336525, -18.227511073 ], [ -39.943326387, -18.227466937 ], [ -39.943315039, -18.227404612 ], [ -39.943303002, -18.227346452 ] ] } },
{ "type": "Feature", "properties": { "Field": "000", "Length": 592.67211132554417 }, "geometry": { "type": "LineString", "coordinates": [ [ -39.944311040940285, -18.232628373664706 ], [ -39.944307873, -18.232610584 ], [ -39.944303666, -18.232592963 ], [ -39.944293113, -18.23253051 ], [ -39.94428371, -18.232486226 ], [ -39.944262272, -18.232370541 ], [ -39.944251637, -18.232317278 ], [ -39.94424536, -18.232290838 ], [ -39.944233149, -18.232219487 ], [ -39.944216855, -18.232139656 ], [ -39.944212466, -18.23211287 ], [ -39.944191648, -18.232006263 ], [ -39.94418558, -18.231970581 ], [ -39.944168583, -18.231890884 ], [ -39.94415935, -18.231837382 ], [ -39.944148201, -18.231784216 ], [ -39.944142119, -18.231748537 ], [ -39.944136528, -18.231721956 ], [ -39.944121855, -18.231641838 ], [ -39.944112216, -18.2315976 ], [ -39.944098984, -18.231526416 ], [ -39.944093255, -18.231499863 ], [ -39.94408066, -18.231428573 ], [ -39.944062042, -18.231339968 ], [ -39.944057843, -18.231313155 ], [ -39.944043186, -18.231242226 ], [ -39.944037222, -18.231206529 ], [ -39.944031689, -18.231179937 ], [ -39.944025412, -18.231144289 ], [ -39.944014273, -18.23109112 ], [ -39.943995809, -18.230993288 ], [ -39.943988132, -18.230957891 ], [ -39.943981705, -18.230922267 ], [ -39.943969012, -18.23086018 ], [ -39.943964798, -18.230833369 ], [ -39.943940679, -18.230708963 ], [ -39.943936607, -18.230691313 ], [ -39.943927302, -18.230637823 ], [ -39.943919535, -18.230602444 ], [ -39.943901052, -18.230504615 ], [ -39.943894955, -18.230478136 ], [ -39.943862018, -18.230300151 ], [ -39.943833326, -18.230158178 ], [ -39.943806391, -18.23001589 ], [ -39.943790206, -18.229936038 ], [ -39.943782266, -18.229891493 ], [ -39.943761082, -18.229784951 ], [ -39.943755038, -18.229749266 ], [ -39.943745843, -18.229704942 ], [ -39.943728989, -18.229616016 ], [ -39.94372135, -18.229580611 ], [ -39.943709054, -18.229509274 ], [ -39.943673268, -18.229331792 ], [ -39.943645036, -18.229180545 ], [ -39.943617103, -18.229038433 ], [ -39.943610786, -18.229002791 ], [ -39.943603314, -18.228967355 ], [ -39.943583433, -18.228860584 ], [ -39.943561409, -18.228754198 ], [ -39.943541648, -18.228647407 ], [ -39.943528349, -18.228585435 ], [ -39.943511089, -18.228487402 ], [ -39.943464664, -18.228256658 ], [ -39.943447381, -18.228158629 ], [ -39.943435531, -18.228105601 ], [ -39.943421067, -18.228025448 ], [ -39.943415177, -18.227998927 ], [ -39.94340299, -18.227936747 ], [ -39.943387122, -18.227847655 ], [ -39.943376504, -18.227794389 ], [ -39.943367636, -18.227759247 ], [ -39.943363749, -18.227732391 ], [ -39.943356098, -18.227696988 ], [ -39.943340166, -18.227607907 ], [ -39.943329122, -18.22755472 ], [ -39.943319735, -18.227501243 ], [ -39.943292611, -18.227361971 ] ] } },
{ "type": "Feature", "properties": { "Field": "000", "Length": 591.68013561512601 }, "geometry": { "type": "LineString", "coordinates": [ [ -39.944298408962446, -18.232636087820357 ], [ -39.944289079, -18.232591462 ], [ -39.944284807, -18.232564659 ], [ -39.944270812, -18.232493608 ], [ -39.944259839, -18.232431222 ], [ -39.944217797, -18.23221808 ], [ -39.94421009, -18.232173498 ], [ -39.944202157, -18.232138152 ], [ -39.944197825, -18.232111358 ], [ -39.944172675, -18.231977946 ], [ -39.944152163, -18.231880487 ], [ -39.944147866, -18.231853688 ], [ -39.9441402, -18.231818288 ], [ -39.944107048, -18.23164034 ], [ -39.944094255, -18.231578271 ], [ -39.944067575, -18.23143594 ], [ -39.944058861, -18.231391527 ], [ -39.944052752, -18.231365051 ], [ -39.944034416, -18.231267197 ], [ -39.944028436, -18.231240694 ], [ -39.944010493, -18.231142773 ], [ -39.94398708, -18.231027438 ], [ -39.943979388, -18.230982854 ], [ -39.943969521, -18.230938662 ], [ -39.943965302, -18.230911851 ], [ -39.943948463, -18.230822922 ], [ -39.943939126, -18.230778625 ], [ -39.943929273, -18.230725225 ], [ -39.943921551, -18.230689837 ], [ -39.943910641, -18.230627441 ], [ -39.943881971, -18.230485463 ], [ -39.94386475, -18.230387424 ], [ -39.943858971, -18.23036088 ], [ -39.943833061, -18.230227601 ], [ -39.943827139, -18.230201086 ], [ -39.943785033, -18.229978764999988 ], [ -39.943775576, -18.229934491 ], [ -39.943753812, -18.229818862 ], [ -39.943744426, -18.229774574 ], [ -39.943717727, -18.229632246 ], [ -39.943701411, -18.229552418 ], [ -39.943686042, -18.229463246 ], [ -39.943678029, -18.229427917 ], [ -39.94366023, -18.229339159 ], [ -39.94363883, -18.229223468 ], [ -39.943631521, -18.229188 ], [ -39.943608144, -18.229063465 ], [ -39.943602323, -18.229036929999989 ], [ -39.943599705, -18.229019029 ], [ -39.943588808, -18.228965814 ], [ -39.943584446, -18.228939025 ], [ -39.943548636, -18.228761547 ], [ -39.943529072, -18.228654723 ], [ -39.943512176, -18.228575006 ], [ -39.9435061, -18.228539326 ], [ -39.943499895, -18.22851287 ], [ -39.943495838, -18.228486037 ], [ -39.943486053, -18.228432626 ], [ -39.943450189, -18.228255158 ], [ -39.943432829, -18.228157142 ], [ -39.94341944, -18.228095188 ], [ -39.943409832, -18.228041747 ], [ -39.943365216, -18.227810677 ], [ -39.943352895, -18.227757747 ], [ -39.943342606, -18.227695254 ], [ -39.94330637, -18.227508656 ], [ -39.943288848, -18.227410666 ], [ -39.943281562, -18.227378473 ] ] } },
{ "type": "Feature", "properties": { "Field": "000", "Length": 590.63557539872863 }, "geometry": { "type": "LineString", "coordinates": [ [ -39.944284894, -18.232644341 ], [ -39.944277672, -18.232608864 ], [ -39.944263496, -18.232528664 ], [ -39.944233417, -18.232377742 ], [ -39.944207554, -18.232235273 ], [ -39.944198659, -18.232190893 ], [ -39.944192528, -18.232164422 ], [ -39.944168111, -18.232030885 ], [ -39.944160592, -18.231995457 ], [ -39.944157888, -18.231977568 ], [ -39.944153713, -18.231959939 ], [ -39.94414539, -18.231915458 ], [ -39.944123692, -18.231809011 ], [ -39.9441093, -18.231728846 ], [ -39.944101825, -18.23169341 ], [ -39.944082818, -18.231586494 ], [ -39.944070784, -18.231533503 ], [ -39.944052422, -18.231435654 ], [ -39.94404276, -18.231391421 ], [ -39.944022843, -18.231284656 ], [ -39.944015127, -18.231249267 ], [ -39.943997356, -18.231151317 ], [ -39.943973186, -18.231036125 ], [ -39.943966293, -18.230991421 ], [ -39.943947753, -18.230902802 ], [ -39.943932276, -18.230813647 ], [ -39.943925945, -18.230787218 ], [ -39.943918914, -18.230751699 ], [ -39.943915023, -18.230724843 ], [ -39.943907329, -18.23068945 ], [ -39.943899453, -18.230644894 ], [ -39.943889812, -18.230600657 ], [ -39.943876488, -18.230529488 ], [ -39.943868678, -18.230494118 ], [ -39.943850081, -18.230387136 ], [ -39.943845655, -18.230369563 ], [ -39.943840845, -18.230342844 ], [ -39.943827792, -18.230280824 ], [ -39.943821645, -18.230245156 ], [ -39.943805471, -18.230165302 ], [ -39.943780721, -18.230031821 ], [ -39.943753769, -18.22989873 ], [ -39.943740698, -18.229827519 ], [ -39.943721021, -18.229729903 ], [ -39.943710262, -18.229667483 ], [ -39.943686664, -18.229552182 ], [ -39.943675013, -18.229480746 ], [ -39.943651933, -18.229374565 ], [ -39.943637929, -18.229294337 ], [ -39.943632061, -18.229267812 ], [ -39.943605709, -18.229134611 ], [ -39.943583655, -18.229009857 ], [ -39.943577272, -18.22898344 ], [ -39.943567523, -18.228930022 ], [ -39.943525298, -18.228716913 ], [ -39.943514244, -18.22865454 ], [ -39.943485042, -18.228512661 ], [ -39.943476235, -18.228459094 ], [ -39.943466315, -18.228405705 ], [ -39.943458351, -18.228370366 ], [ -39.943440471, -18.228281623 ], [ -39.943429375, -18.228219256 ], [ -39.943423653, -18.228192702 ], [ -39.943417702, -18.228157003 ], [ -39.943404243, -18.228095062 ], [ -39.943393312, -18.22803267 ], [ -39.943385846, -18.227997231 ], [ -39.943363773, -18.227881655 ], [ -39.943357903, -18.22785513 ], [ -39.943349798, -18.227810612 ], [ -39.94334384, -18.227784105 ], [ -39.943329429, -18.227703943 ], [ -39.943309732, -18.227606331 ], [ -39.943301766, -18.22756179 ], [ -39.943282336, -18.227464129 ], [ -39.943273078, -18.227410632 ], [ -39.943269691, -18.227396202 ] ] } },
{ "type": "Feature", "properties": { "Field": "000", "Length": 589.67199054366904 }, "geometry": { "type": "LineString", "coordinates": [ [ -39.944271419, -18.23265257 ], [ -39.944266015, -18.232626449 ], [ -39.944264317, -18.232617559 ], [ -39.94424793, -18.232519389 ], [ -39.944246323, -18.232510484 ], [ -39.944230195, -18.232430621 ], [ -39.94422245, -18.232395238 ], [ -39.944220663, -18.232386364 ], [ -39.944208555, -18.232314997 ], [ -39.944200311, -18.232270503 ], [ -39.944178244, -18.232164126 ], [ -39.944155723, -18.232039448 ], [ -39.944153981, -18.232030565 ], [ -39.944146347, -18.23199516 ], [ -39.944133018, -18.231923993 ], [ -39.944121708, -18.231870857 ], [ -39.94411994, -18.231861979 ], [ -39.94411193, -18.231817445 ], [ -39.944089277, -18.231701972 ], [ -39.944087639, -18.231693071 ], [ -39.944081638, -18.23165738 ], [ -39.944070086, -18.231595089 ], [ -39.944068291, -18.231586216 ], [ -39.944060283, -18.231550886 ], [ -39.944056538, -18.231533169 ], [ -39.944043995, -18.231471054 ], [ -39.944042332, -18.231462158 ], [ -39.944037893, -18.23143538 ], [ -39.944036212, -18.231426486 ], [ -39.944028378, -18.231391121 ], [ -39.943986287, -18.231168798 ], [ -39.943971718, -18.231097853 ], [ -39.943970038, -18.231088959 ], [ -39.94396566, -18.231062172 ], [ -39.943960399, -18.231035532 ], [ -39.943957618, -18.231017655 ], [ -39.943940569, -18.230937969 ], [ -39.943912673, -18.230786665 ], [ -39.943910891, -18.230777789 ], [ -39.943904945, -18.230751279 ], [ -39.94390312, -18.230742412 ], [ -39.943893666, -18.230688946 ], [ -39.943891959, -18.230680057 ], [ -39.943882434, -18.230635797 ], [ -39.943880671, -18.230626918 ], [ -39.943874483, -18.230591256 ], [ -39.943871102, -18.230573473 ], [ -39.943863894, -18.230537986 ], [ -39.943857842, -18.230511498 ], [ -39.943855992, -18.230502635 ], [ -39.943846417, -18.230449189 ], [ -39.9438377, -18.230395609 ], [ -39.94383604, -18.230386712 ], [ -39.943824274, -18.230333668 ], [ -39.943810759, -18.230262532 ], [ -39.943797696, -18.230200516 ], [ -39.943769919, -18.230049192 ], [ -39.94376814, -18.230040316 ], [ -39.943762196, -18.230013806 ], [ -39.943760452, -18.230004923 ], [ -39.943757397, -18.229987087 ], [ -39.943749749, -18.229951684 ], [ -39.943734186, -18.22987172 ], [ -39.943727954, -18.229836065 ], [ -39.943726225, -18.22982718 ], [ -39.943722222, -18.229809515 ], [ -39.943720372, -18.229800652 ], [ -39.943712399, -18.229756113 ], [ -39.943710674, -18.229747227 ], [ -39.943704927, -18.229720677 ], [ -39.943703239, -18.229711785 ], [ -39.943699017, -18.229684975 ], [ -39.943687264, -18.229622719 ], [ -39.943685417, -18.229613856 ], [ -39.943677136, -18.229578584 ], [ -39.943675275, -18.229569723 ], [ -39.943658244, -18.229471654 ], [ -39.943656392, -18.229462792 ], [ -39.94365214, -18.22944518 ], [ -39.943646982, -18.22941852 ], [ -39.943645127000011, -18.229409659 ], [ -39.943641014, -18.229392017 ], [ -39.94363917, -18.229383153 ], [ -39.943630039, -18.229329636 ], [ -39.943628364, -18.229320741 ], [ -39.943618874, -18.229276474 ], [ -39.943617112, -18.229267595 ], [ -39.94360929, -18.229223031 ], [ -39.943607575, -18.229214144 ], [ -39.943597932, -18.229169907 ], [ -39.94359616, -18.22916103 ], [ -39.943574597, -18.229036196 ], [ -39.943572946, -18.229027298 ], [ -39.943569199, -18.229009582 ], [ -39.943562709, -18.228983189 ], [ -39.943560708, -18.228974357 ], [ -39.943546713, -18.228903306 ], [ -39.943534005, -18.228832035 ], [ -39.943532277, -18.22882315 ], [ -39.94351884, -18.228761205 ], [ -39.943517078, -18.228752326 ], [ -39.94350325, -18.228672071 ], [ -39.943501586, -18.228663175 ], [ -39.943475757, -18.228539083 ], [ -39.94347407, -18.228530191 ], [ -39.943462342, -18.228458766 ], [ -39.943460696, -18.228449867 ], [ -39.943443588, -18.228370191 ], [ -39.943440011, -18.228352443 ], [ -39.943421077, -18.228254693 ], [ -39.943406572, -18.228174547 ], [ -39.943403004, -18.228156797 ], [ -39.943389873, -18.228094793 ], [ -39.943388134, -18.22808591 ], [ -39.943378713, -18.228032439 ], [ -39.943350103, -18.22789045 ], [ -39.943346862, -18.227872643 ], [ -39.943337677, -18.227819135 ], [ -39.943335978, -18.227810244 ], [ -39.943324429, -18.227757155 ], [ -39.943322673, -18.227748275 ], [ -39.943316581, -18.227712598 ], [ -39.943314925, -18.2277037 ], [ -39.943300113, -18.227632801 ], [ -39.943298375, -18.227623917 ], [ -39.943285684, -18.227552644 ], [ -39.943258514, -18.227412895 ] ] } },
{ "type": "Feature", "properties": { "Field": "000", "Length": 588.65068042910559 }, "geometry": { "type": "LineString", "coordinates": [ [ -39.944258556964932, -18.232660424816014 ], [ -39.94425176, -18.232624759 ], [ -39.944244986, -18.232580039 ], [ -39.944235095, -18.232526645 ], [ -39.944221935, -18.232464646 ], [ -39.944217405, -18.232437882 ], [ -39.944209852, -18.232402461 ], [ -39.944205522, -18.232375666 ], [ -39.944192942, -18.232313558 ], [ -39.944187151, -18.232277835 ], [ -39.944181371, -18.232251291 ], [ -39.944167721, -18.232180179 ], [ -39.944158164, -18.232135925 ], [ -39.944137004, -18.232020193 ], [ -39.94409497, -18.231807049 ], [ -39.94408877, -18.231771389 ], [ -39.944077692, -18.231718208 ], [ -39.944065316, -18.231646884 ], [ -39.944054031, -18.231593743 ], [ -39.944024933, -18.231442646 ], [ -39.944008575, -18.231362826 ], [ -39.943997719, -18.231300421 ], [ -39.943984511, -18.231238432 ], [ -39.943981547, -18.231220581 ], [ -39.943970659, -18.231167364 ], [ -39.943945803, -18.231033902 ], [ -39.943924387, -18.230927402 ], [ -39.943911189, -18.230856212 ], [ -39.943905397, -18.230829671 ], [ -39.943899466, -18.230793969 ], [ -39.943886314, -18.230731969 ], [ -39.943878614, -18.230687385 ], [ -39.943867164, -18.230634277 ], [ -39.943857989, -18.230580767 ], [ -39.943843572, -18.230509793 ], [ -39.943824464, -18.230402893 ], [ -39.943813162, -18.230349756 ], [ -39.943806581, -18.230314157999977 ], [ -39.943784936, -18.230207701 ], [ -39.943775868, -18.230154174 ], [ -39.943764754, -18.230101 ], [ -39.943755176, -18.230047554 ], [ -39.943747608, -18.230012136 ], [ -39.943742982, -18.229985387 ], [ -39.94372297, -18.229887833 ], [ -39.943710103, -18.229816587 ], [ -39.943690487, -18.22971896 ], [ -39.9436757, -18.229638861 ], [ -39.94366256, -18.229576859 ], [ -39.943641044, -18.229461187 ], [ -39.943626392, -18.229390257 ], [ -39.943620296, -18.22935458 ], [ -39.943598928, -18.229248072 ], [ -39.943584552, -18.229167905 ], [ -39.943570546, -18.229096856 ], [ -39.943560053, -18.229034395 ], [ -39.943538983, -18.228937044 ], [ -39.943525821, -18.228865848 ], [ -39.943502684, -18.228750462 ], [ -39.943488222, -18.228670309 ], [ -39.943473582, -18.228599377 ], [ -39.943452028, -18.228483712 ], [ -39.943432383, -18.22838609 ], [ -39.943422717, -18.228332658 ], [ -39.943396415, -18.228199449 ], [ -39.943388516, -18.228154897 ], [ -39.943348868, -18.22795972 ], [ -39.943343014, -18.227924006 ], [ -39.943326124, -18.227835086 ], [ -39.943316786, -18.227790789 ], [ -39.943312207, -18.227764033 ], [ -39.943274209, -18.227568555 ], [ -39.943268436, -18.227542011 ], [ -39.943257335, -18.227479645 ], [ -39.943247339106925, -18.227429584535408 ] ] } },
{ "type": "Feature", "properties": { "Field": "000", "Length": 587.65810233438037 }, "geometry": { "type": "LineString", "coordinates": [ [ -39.944245726981315, -18.232668259884509 ], [ -39.944235571, -18.232605497 ], [ -39.944225552, -18.232552125 ], [ -39.944212897, -18.23249003 ], [ -39.944201344, -18.23242774 ], [ -39.944195208, -18.232401269 ], [ -39.944175518, -18.232294466 ], [ -39.9441564, -18.232196749 ], [ -39.944146702, -18.232152523 ], [ -39.944125619, -18.232036778 ], [ -39.944099129, -18.231903603 ], [ -39.944084299, -18.231823511 ], [ -39.944078416, -18.231796988 ], [ -39.944070387, -18.231752458 ], [ -39.944062835, -18.231717036 ], [ -39.944046661, -18.231627995 ], [ -39.944038832, -18.231592628 ], [ -39.944025079, -18.231521534 ], [ -39.944017267, -18.231476968 ], [ -39.94399232, -18.231352712 ], [ -39.943979581, -18.231281446 ], [ -39.943964725, -18.231210555 ], [ -39.943958892, -18.231174838 ], [ -39.943947363, -18.231121745 ], [ -39.943920846, -18.230979385 ], [ -39.943905939, -18.230908504 ], [ -39.943895119, -18.230846093 ], [ -39.943890865, -18.230828482 ], [ -39.943886142, -18.230801748 ], [ -39.943871683, -18.230730782 ], [ -39.943867052, -18.230704034 ], [ -39.943847116, -18.230606466 ], [ -39.943842956, -18.230579647 ], [ -39.943827033, -18.230499747 ], [ -39.943818225, -18.23044618 ], [ -39.943780654, -18.230259824 ], [ -39.943762729, -18.2301619 ], [ -39.943751504, -18.230108748 ], [ -39.943729958, -18.229993081 ], [ -39.943722523, -18.229957637 ], [ -39.943709174, -18.229886472 ], [ -39.943703374, -18.229859933 ], [ -39.943666157, -18.229664319 ], [ -39.94364667, -18.229566668 ], [ -39.94364055, -18.229530995 ], [ -39.943629249, -18.229477857 ], [ -39.943610948, -18.229379997 ], [ -39.943579216, -18.229220177 ], [ -39.943549958, -18.229059926 ], [ -39.943543865, -18.229033446 ], [ -39.943530925, -18.228962213 ], [ -39.943526399, -18.228944664 ], [ -39.943519138, -18.228909187 ], [ -39.943514682, -18.228882411 ], [ -39.943503703, -18.228829212 ], [ -39.943488938, -18.228749109 ], [ -39.943472785, -18.228669251 ], [ -39.943459735, -18.228598037 ], [ -39.943455725, -18.228580373 ], [ -39.943420223, -18.228393646 ], [ -39.943404136, -18.228313776 ], [ -39.943389407, -18.228233667 ], [ -39.943380219, -18.228189342 ], [ -39.943363318, -18.228100424 ], [ -39.943348275, -18.228029569 ], [ -39.943327147, -18.227913831 ], [ -39.943302455, -18.227789529 ], [ -39.943296337, -18.227753855 ], [ -39.943286927, -18.227709572 ], [ -39.943272, -18.227629497 ], [ -39.943257329, -18.227558571 ], [ -39.943251211, -18.227522897 ], [ -39.943236193048698, -18.227446231248621 ] ] } },
{ "type": "Feature", "properties": { "Field": "000", "Length": 586.55894458237015 }, "geometry": { "type": "LineString", "coordinates": [ [ -39.944233488, -18.232675734 ], [ -39.944212762, -18.232559571 ], [ -39.944196669, -18.232479702 ], [ -39.944192222, -18.232452925 ], [ -39.944182512, -18.232408702 ], [ -39.944162576, -18.23230194 ], [ -39.944147967, -18.232231002 ], [ -39.944138259, -18.232177578 ], [ -39.944124213, -18.232106536 ], [ -39.944121411, -18.232088661 ], [ -39.944089675, -18.231928841 ], [ -39.944083722, -18.231893143 ], [ -39.944076257, -18.231857704 ], [ -39.944059236, -18.231768807 ], [ -39.944053143, -18.231742327 ], [ -39.944035858, -18.231644299 ], [ -39.944022425, -18.231582354 ], [ -39.943987149, -18.231395588 ], [ -39.94397226, -18.231324703 ], [ -39.943958129, -18.231244496 ], [ -39.943954009, -18.231226855 ], [ -39.943938142, -18.231146945 ], [ -39.943925142, -18.231075722 ], [ -39.943907198, -18.23098699 ], [ -39.943902673, -18.230960226 ], [ -39.943891803, -18.230907006 ], [ -39.94387878, -18.230835786 ], [ -39.943848276, -18.230684943 ], [ -39.943840793, -18.230640325 ], [ -39.943828518, -18.230578161 ], [ -39.943824264, -18.23056055 ], [ -39.943803187, -18.230444804 ], [ -39.943784824, -18.230356151 ], [ -39.943762297, -18.230231473 ], [ -39.94372279, -18.230036269 ], [ -39.943701875, -18.229920497 ], [ -39.943681494, -18.229823013 ], [ -39.943654951, -18.229680658 ], [ -39.943645731, -18.229636338 ], [ -39.943629068, -18.229547379 ], [ -39.943612392, -18.22946762 ], [ -39.943593445, -18.229360694 ], [ -39.943566244, -18.229227649 ], [ -39.943534947, -18.229058565 ], [ -39.943515627, -18.228960884 ], [ -39.943511364, -18.228943273999988 ], [ -39.94347604, -18.228756517 ], [ -39.943464734, -18.22870338 ], [ -39.943448362, -18.228614372 ], [ -39.943439162, -18.228570048 ], [ -39.943427915, -18.228507707 ], [ -39.943415452, -18.228445577 ], [ -39.94340596, -18.228392117 ], [ -39.943370269, -18.228214618 ], [ -39.94335763, -18.228143335 ], [ -39.943350105, -18.228107908 ], [ -39.943336886, -18.228036722 ], [ -39.943323735, -18.227974721 ], [ -39.94331248, -18.227912381 ], [ -39.943287973, -18.227788045 ], [ -39.943280172, -18.227743478 ], [ -39.943274338, -18.227716945 ], [ -39.943257339, -18.227628044 ], [ -39.94324403, -18.227566074 ], [ -39.94323183, -18.227494722 ], [ -39.943224501069565, -18.227463693294471 ] ] } },
{ "type": "Feature", "properties": { "Field": "000", "Length": 585.74089836382745 }, "geometry": { "type": "LineString", "coordinates": [ [ -39.94422070990408, -18.232683537414317 ], [ -39.944216317, -18.232656717 ], [ -39.944214483, -18.232638727 ], [ -39.944202771, -18.232585671 ], [ -39.944177954, -18.232452202 ], [ -39.944169658, -18.232416932 ], [ -39.944145313, -18.232283384 ], [ -39.94413451, -18.232230152 ], [ -39.944123117, -18.232167834 ], [ -39.944098, -18.232043609 ], [ -39.944088658, -18.231990125 ], [ -39.944077476, -18.231936965 ], [ -39.944060676, -18.231848029 ], [ -39.944037402, -18.231732668 ], [ -39.944023377, -18.231652444 ], [ -39.94401019, -18.231590451 ], [ -39.944000685, -18.231536993 ], [ -39.943972298, -18.231394963 ], [ -39.943967716, -18.231368207 ], [ -39.943952969, -18.231297295 ], [ -39.943938556, -18.231217134 ], [ -39.943929397, -18.231172803 ], [ -39.943909355, -18.23106606 ], [ -39.94389455000001, -18.230995159 ], [ -39.943873282, -18.230879445 ], [ -39.943851641, -18.230772988 ], [ -39.943824866, -18.230630672 ], [ -39.943808451, -18.230550863 ], [ -39.943790868, -18.230452883 ], [ -39.943772156, -18.230364296 ], [ -39.943749679, -18.230239611 ], [ -39.943722328, -18.230106594 ], [ -39.943714575, -18.230062019 ], [ -39.943701736, -18.229999959 ], [ -39.943690764, -18.229937573 ], [ -39.943677997, -18.229875499 ], [ -39.943674956, -18.22985766 ], [ -39.943667196, -18.229822279 ], [ -39.943648971, -18.229724406 ], [ -39.943627884, -18.229617847 ], [ -39.943616766, -18.229555484 ], [ -39.943599494, -18.22947584 ], [ -39.943577496, -18.229351077 ], [ -39.943557425, -18.229253534 ], [ -39.943551154, -18.229217885 ], [ -39.943525177, -18.229084617 ], [ -39.943510628, -18.229004478 ], [ -39.943497222, -18.228942528 ], [ -39.943481457, -18.2288626 ], [ -39.943464001, -18.228764599 ], [ -39.943450406, -18.228702686 ], [ -39.943440845, -18.228649237 ], [ -39.94343076, -18.228595876 ], [ -39.94342314, -18.228560468 ], [ -39.943413709, -18.228506998 ], [ -39.943391708, -18.22839141 ], [ -39.943371473, -18.228293898 ], [ -39.943363569, -18.228249347 ], [ -39.943349223, -18.22817836 ], [ -39.943328656, -18.228062531 ], [ -39.943311165, -18.227982931 ], [ -39.943299788, -18.227920611 ], [ -39.943273676, -18.227787368 ], [ -39.943264111, -18.22773392 ], [ -39.943231024, -18.22757435 ], [ -39.943221844, -18.227520841 ], [ -39.943219438, -18.227502913 ], [ -39.943214499, -18.227478632 ] ] } },
{ "type": "Feature", "properties": { "Field": "000", "Length": 584.69443070553268 }, "geometry": { "type": "LineString", "coordinates": [ [ -39.944208458975751, -18.232691018858613 ], [ -39.944197713, -18.232628366 ], [ -39.944177751, -18.232530803 ], [ -39.944168295, -18.232477337 ], [ -39.944155096, -18.232415346 ], [ -39.944150823, -18.232388543 ], [ -39.944125277, -18.2322552 ], [ -39.944120973, -18.232228402 ], [ -39.944100941, -18.232130851 ], [ -39.94409668, -18.232113241 ], [ -39.944085464, -18.232050895 ], [ -39.94407061, -18.231980003 ], [ -39.944066371, -18.231953196 ], [ -39.944060878, -18.231926597 ], [ -39.944054754, -18.231890924 ], [ -39.944041509, -18.231828942 ], [ -39.944032096, -18.231775469999988 ], [ -39.944021395, -18.231722219 ], [ -39.944018739, -18.231704323 ], [ -39.944008835, -18.231650932 ], [ -39.943996805, -18.23159794 ], [ -39.94398512, -18.231535672 ], [ -39.943979198, -18.231509158 ], [ -39.943972495, -18.23147358 ], [ -39.943965214, -18.231428933 ], [ -39.943959399, -18.231402396 ], [ -39.943951522, -18.231357841 ], [ -39.943941065, -18.231304546 ], [ -39.943933008, -18.231269226 ], [ -39.943925899, -18.231233721 ], [ -39.943920409, -18.231197954 ], [ -39.943911186, -18.231153635 ], [ -39.943895949, -18.231073613 ], [ -39.9438877, -18.231038334 ], [ -39.943878947, -18.230984759 ], [ -39.943868153, -18.230931526 ], [ -39.943859224, -18.230877977 ], [ -39.943847065, -18.230825013 ], [ -39.943836592, -18.230762548 ], [ -39.9438303, -18.230736111 ], [ -39.943787947, -18.230513833 ], [ -39.943771087, -18.230434109 ], [ -39.943763308, -18.230389538 ], [ -39.943744153, -18.230291827 ], [ -39.943732938, -18.23022948 ], [ -39.943724958, -18.230194145 ], [ -39.943713593, -18.230131822 ], [ -39.943707749, -18.230105292 ], [ -39.943699725, -18.230060761 ], [ -39.943690486, -18.230016445 ], [ -39.943681013, -18.229962982 ], [ -39.94365545, -18.22983884 ], [ -39.943636509, -18.229731914 ], [ -39.943613107, -18.229616576 ], [ -39.943608565, -18.229589814 ], [ -39.943593065, -18.229509838 ], [ -39.943571313, -18.229403401 ], [ -39.943562166, -18.229349887 ], [ -39.943535656, -18.229216715 ], [ -39.943529474, -18.229181052 ], [ -39.943518432, -18.229127864 ], [ -39.94351568, -18.229109982 ], [ -39.943508475, -18.229074494 ], [ -39.943497298, -18.229012141 ], [ -39.943487787, -18.228967878 ], [ -39.943481508, -18.22893223 ], [ -39.943473867, -18.228896826 ], [ -39.943453104, -18.228781029 ], [ -39.943436024, -18.228701347 ], [ -39.94341476, -18.228585633 ], [ -39.94340694400001, -18.228550263 ], [ -39.943392425, -18.22847012 ], [ -39.943349823, -18.228257079 ], [ -39.943330026, -18.228150294 ], [ -39.943327301, -18.228132408 ], [ -39.94331772, -18.228088159 ], [ -39.943312178, -18.228052399 ], [ -39.943294785, -18.22797278 ], [ -39.943286136, -18.227928356 ], [ -39.943273984, -18.22787539 ], [ -39.943261109, -18.22779499 ], [ -39.94324496, -18.227715131 ], [ -39.943230951, -18.227653303 ], [ -39.943226072, -18.227626595 ], [ -39.943216489, -18.227564 ], [ -39.943202928123064, -18.227495912617847 ] ] } },
{ "type": "Feature", "properties": { "Field": "000", "Length": 583.63838936751085 }, "geometry": { "type": "LineString", "coordinates": [ [ -39.944195861, -18.232698712 ], [ -39.944188609, -18.23266311 ], [ -39.944182807, -18.232627388 ], [ -39.944168271, -18.232556436 ], [ -39.944153755, -18.232476292 ], [ -39.944139068, -18.232405369 ], [ -39.944131086, -18.232360831 ], [ -39.94411709700001, -18.232289779 ], [ -39.944112718, -18.232262992 ], [ -39.944098894, -18.23219191 ], [ -39.94408228, -18.232112139 ], [ -39.944071516, -18.23204972 ], [ -39.944061576, -18.232005543 ], [ -39.94405206, -18.231952087 ], [ -39.944028614, -18.231836758 ], [ -39.944024183, -18.231809979 ], [ -39.944006853, -18.231721136 ], [ -39.944002532, -18.23169434 ], [ -39.943970089, -18.23153465 ], [ -39.943960329, -18.231490436 ], [ -39.94395685, -18.231463529 ], [ -39.943939267, -18.231374731 ], [ -39.943930373, -18.231321178 ], [ -39.943915037, -18.23125038 ], [ -39.943893899, -18.231134644 ], [ -39.943887716, -18.231108184 ], [ -39.943873604, -18.231037154 ], [ -39.943857454, -18.230948109 ], [ -39.94384845, -18.230903749 ], [ -39.943844171, -18.230876947 ], [ -39.943834661, -18.230832684 ], [ -39.943826612, -18.230788156 ], [ -39.943807065, -18.230690517 ], [ -39.943795457, -18.230628236 ], [ -39.943784046, -18.230575119 ], [ -39.943778235, -18.230539399 ], [ -39.943756738, -18.230432915 ], [ -39.943750716, -18.230397226 ], [ -39.943724163, -18.230264063 ], [ -39.943715002, -18.23021055 ], [ -39.943692881, -18.230104182 ], [ -39.943667717, -18.229970772 ], [ -39.943656356, -18.229917646 ], [ -39.943646633, -18.229864225 ], [ -39.943637522, -18.229819885 ], [ -39.943622166, -18.229730711 ], [ -39.943605781, -18.229650896 ], [ -39.94359939000001, -18.229624481 ], [ -39.943584214, -18.229535279 ], [ -39.943556395, -18.229402352 ], [ -39.943540642, -18.229313241 ], [ -39.943531054, -18.229268993 ], [ -39.943524879, -18.229233329 ], [ -39.943505381, -18.22913568 ], [ -39.943478972, -18.228993302 ], [ -39.943471119, -18.22895794 ], [ -39.943466972, -18.22893112 ], [ -39.943449036, -18.228842387 ], [ -39.943446455, -18.228824481 ], [ -39.943436565, -18.228771087 ], [ -39.943421366, -18.228700263 ], [ -39.943399975, -18.228584569 ], [ -39.943370654, -18.228433512 ], [ -39.943351555, -18.228345 ], [ -39.94334111700001, -18.228282531 ], [ -39.943333446, -18.228247132 ], [ -39.943314055, -18.228140279 ], [ -39.943304373, -18.22809605 ], [ -39.943298776, -18.228060299 ], [ -39.94328827, -18.22800701200001 ], [ -39.943261546, -18.227883094 ], [ -39.943243245, -18.227776066 ], [ -39.943230374, -18.227714012 ], [ -39.943225895, -18.227696451 ], [ -39.943218393, -18.22766102 ], [ -39.943203307, -18.227571804 ], [ -39.943191482, -18.227513008 ] ] } },
{ "type": "Feature", "properties": { "Field": "000", "Length": 582.58496979330198 }, "geometry": { "type": "LineString", "coordinates": [ [ -39.94418384, -18.232706053 ], [ -39.944177795, -18.232679436 ], [ -39.944157964, -18.232581847999988 ], [ -39.944147146, -18.232519437 ], [ -39.944137949, -18.232475114 ], [ -39.944133571, -18.232448327 ], [ -39.944125933, -18.232412922 ], [ -39.944104012, -18.232297319 ], [ -39.944098349, -18.232270753 ], [ -39.944090603, -18.232226177 ], [ -39.94408644, -18.232208545 ], [ -39.944076605, -18.232155142 ], [ -39.944065444, -18.232101977 ], [ -39.944052501, -18.232030745 ], [ -39.944044962, -18.231995321 ], [ -39.944039185, -18.231959595 ], [ -39.94401183, -18.23182658 ], [ -39.943999241, -18.231755289 ], [ -39.943978951, -18.231657788 ], [ -39.943971665, -18.231613141 ], [ -39.943946471, -18.23148893 ], [ -39.943928312, -18.231391046 ], [ -39.943922719, -18.231364466 ], [ -39.943915298, -18.231319839 ], [ -39.943900702, -18.231248899 ], [ -39.943892554, -18.231213598 ], [ -39.943879607, -18.231133209 ], [ -39.943869695, -18.231089026 ], [ -39.943850359, -18.230991348 ], [ -39.943838918, -18.230929039 ], [ -39.943824581, -18.23085805 ], [ -39.943818362, -18.230822393 ], [ -39.943800392, -18.230733666 ], [ -39.94379433400001, -18.230697983 ], [ -39.943770916, -18.230582649 ], [ -39.943766796, -18.230555824 ], [ -39.943760806, -18.230529324 ], [ -39.943736058, -18.230395843 ], [ -39.943724833, -18.23034269 ], [ -39.943711694, -18.230271489999989 ], [ -39.94370416, -18.230236065 ], [ -39.943695132, -18.230182532 ], [ -39.94368369, -18.230129422 ], [ -39.943677151, -18.230093817 ], [ -39.943671345, -18.230067279 ], [ -39.943666892, -18.230040503 ], [ -39.943631298, -18.229862986 ], [ -39.943618799, -18.229791681 ], [ -39.94360351, -18.229711668 ], [ -39.94359955, -18.229693994 ], [ -39.943596612, -18.229676138 ], [ -39.943583202, -18.229614189 ], [ -39.943570846, -18.229542861 ], [ -39.943536983, -18.229374229 ], [ -39.943522636, -18.229294057 ], [ -39.943496439, -18.229160828 ], [ -39.943492018, -18.229134048 ], [ -39.94348235, -18.229089816 ], [ -39.943464118, -18.228991944 ], [ -39.943458244, -18.228965419 ], [ -39.943453803, -18.228938641 ], [ -39.943436257, -18.228849837 ], [ -39.943433515, -18.228831954 ], [ -39.943402988, -18.228681114 ], [ -39.94338014, -18.22855649 ], [ -39.943361974, -18.2284678 ], [ -39.943354252, -18.22842322 ], [ -39.943342909, -18.22837009 ], [ -39.943324627, -18.228272227 ], [ -39.943316985, -18.228236823 ], [ -39.943302606, -18.228156656 ], [ -39.943295763, -18.228130344 ], [ -39.943286185, -18.228086095 ], [ -39.943282148, -18.228059258 ], [ -39.943278503, -18.228041523 ], [ -39.943271167, -18.227996883 ], [ -39.943247091, -18.227881673 ], [ -39.94323503, -18.227810299 ], [ -39.943222205, -18.227748236 ], [ -39.943211905, -18.227704135 ], [ -39.943207526, -18.227677347 ], [ -39.943202152, -18.227650726 ], [ -39.943187676, -18.227561418 ], [ -39.943180942, -18.227535081 ], [ -39.943180118085458, -18.227529979529109 ] ] } },
{ "type": "Feature", "properties": { "Field": "000", "Length": 581.64239830832685 }, "geometry": { "type": "LineString", "coordinates": [ [ -39.944170989, -18.232713901 ], [ -39.94414519, -18.232589505 ], [ -39.944091669, -18.23230487 ], [ -39.944079708, -18.232251864 ], [ -39.944077158, -18.232233954 ], [ -39.944071624, -18.232207363 ], [ -39.944060395, -18.232145019 ], [ -39.944054363, -18.232118527 ], [ -39.944041953, -18.232056387 ], [ -39.944037793, -18.232029568 ], [ -39.944025788, -18.231967354999988 ], [ -39.944014346, -18.231914245 ], [ -39.944005016, -18.23186076 ], [ -39.943993986, -18.23180757 ], [ -39.943981219, -18.231736308 ], [ -39.943963125, -18.231647604 ], [ -39.943957989, -18.23161179 ], [ -39.943951551, -18.231585385 ], [ -39.943940821, -18.23153214 ], [ -39.943934653, -18.231496474 ], [ -39.943932286, -18.231487724 ], [ -39.943927479, -18.231461004 ], [ -39.943918158, -18.231416704 ], [ -39.943900819, -18.231318684 ], [ -39.943891362, -18.231274411 ], [ -39.943888419, -18.231256556 ], [ -39.943878395, -18.231212397 ], [ -39.943864359, -18.231132174 ], [ -39.94384969, -18.231061247999989 ], [ -39.943841843, -18.231016688 ], [ -39.943832353, -18.23097242 ], [ -39.943826248, -18.230936745 ], [ -39.943818638, -18.230901335 ], [ -39.943805753, -18.230830093 ], [ -39.943792541, -18.230768104 ], [ -39.943781331, -18.230705756 ], [ -39.943775438, -18.230679236 ], [ -39.943763948, -18.230616934 ], [ -39.943756434, -18.230581506 ], [ -39.943741424, -18.230501444 ], [ -39.943725432, -18.230421557 ], [ -39.94372285, -18.230403652 ], [ -39.94371465, -18.23035915 ], [ -39.943708567, -18.230332668 ], [ -39.94369889, -18.230279239 ], [ -39.943686225, -18.230217146 ], [ -39.943678457, -18.230172573 ], [ -39.94363417, -18.229950639 ], [ -39.943627999, -18.229914973999986 ], [ -39.943618717, -18.229870667 ], [ -39.943612663, -18.229834982999989 ], [ -39.943593581, -18.22973726 ], [ -39.943583906, -18.22968383 ], [ -39.943567127, -18.22960409 ], [ -39.943556069, -18.229541718 ], [ -39.943541447, -18.229470782 ], [ -39.943529924, -18.229408487 ], [ -39.943515685, -18.22933748 ], [ -39.943503071, -18.229266193 ], [ -39.943490199, -18.22920414 ], [ -39.94348585, -18.229177348 ], [ -39.943469446, -18.229097537 ], [ -39.943461582, -18.22905298 ], [ -39.943450383, -18.228999822 ], [ -39.943443573, -18.228964264 ], [ -39.943439499, -18.228937433 ], [ -39.943433728, -18.228910888 ], [ -39.943420555, -18.228839693 ], [ -39.943398995, -18.228733221 ], [ -39.943372493, -18.228590859 ], [ -39.943350754, -18.228484419 ], [ -39.943338065, -18.228413145 ], [ -39.943326335, -18.228360092 ], [ -39.943290055, -18.228164317 ], [ -39.943283032, -18.228138049 ], [ -39.943275291, -18.228102665 ], [ -39.943260053, -18.228013472 ], [ -39.943244724, -18.227933466 ], [ -39.94323522, -18.227889202 ], [ -39.943220775, -18.227809046 ], [ -39.943211757, -18.227764689 ], [ -39.943196077, -18.227693959999982 ], [ -39.943176666, -18.227577948 ], [ -39.943170236, -18.227551542 ], [ -39.943169326, -18.227546098 ] ] } },
{ "type": "Feature", "properties": { "Field": "000", "Length": 580.53702531658303 }, "geometry": { "type": "LineString", "coordinates": [ [ -39.94415764, -18.232722053 ], [ -39.944144859, -18.232660139 ], [ -39.944120759, -18.23253573 ], [ -39.944108959, -18.232473482 ], [ -39.944102985, -18.232437786 ], [ -39.944097032, -18.232411277 ], [ -39.944088379, -18.232366854 ], [ -39.944079053, -18.232313367 ], [ -39.944065414, -18.232251463 ], [ -39.944056315, -18.232197941 ], [ -39.944027834, -18.232055929 ], [ -39.944013498, -18.231975755 ], [ -39.944007439, -18.231949268 ], [ -39.943986351, -18.231842709 ], [ -39.943962284, -18.231709115 ], [ -39.943949129, -18.231647115 ], [ -39.943945286, -18.231620253 ], [ -39.943933475, -18.231567217 ], [ -39.943922068, -18.231504901 ], [ -39.943908934, -18.231442898 ], [ -39.943897924, -18.231380518 ], [ -39.943894019, -18.231362832 ], [ -39.943888122, -18.231327125 ], [ -39.943880083, -18.231291801 ], [ -39.943864078, -18.231211917 ], [ -39.943853122, -18.231149528 ], [ -39.94384402, -18.231105186 ], [ -39.943839669, -18.231078395 ], [ -39.943817951, -18.230971951 ], [ -39.943810346, -18.230927353 ], [ -39.943802869, -18.230891917 ], [ -39.943800017, -18.230874049 ], [ -39.943778215, -18.230767621 ], [ -39.943773829, -18.230740835 ], [ -39.94376113, -18.230678749 ], [ -39.943749889, -18.230616406 ], [ -39.94372468200001, -18.230492198 ], [ -39.943710315, -18.230412029 ], [ -39.943683974, -18.230278827 ], [ -39.943678054, -18.230243123 ], [ -39.943670248, -18.230207752 ], [ -39.943647049, -18.230083187 ], [ -39.943629981, -18.230003503 ], [ -39.943625517, -18.229976729 ], [ -39.943621359, -18.229959096 ], [ -39.943610032, -18.229896768 ], [ -39.94360619, -18.22987907 ], [ -39.94358707, -18.229772172 ], [ -39.943577772, -18.229727868 ], [ -39.943573303, -18.229701094 ], [ -39.943566993, -18.229674662 ], [ -39.943542715, -18.229550284 ], [ -39.943532977, -18.229496865 ], [ -39.943504577, -18.229354837 ], [ -39.943465093, -18.229141249 ], [ -39.9434537, -18.229088129 ], [ -39.943448986, -18.229061394 ], [ -39.943419109, -18.228910436 ], [ -39.943405959, -18.228839238 ], [ -39.943396585, -18.228794948 ], [ -39.943385059, -18.228732653 ], [ -39.943375951, -18.228688313 ], [ -39.94335668, -18.22858144 ], [ -39.943341887, -18.228510537 ], [ -39.943318096, -18.228386074 ], [ -39.943310264, -18.228350708 ], [ -39.943293981, -18.228261684 ], [ -39.943276683, -18.228172835 ], [ -39.94325828, -18.22808419 ], [ -39.94324566, -18.228012904 ], [ -39.94321955, -18.22787966 ], [ -39.943213329, -18.227844003 ], [ -39.94318615800001, -18.227710953 ], [ -39.943181601, -18.227684193 ], [ -39.943162528, -18.227586468 ], [ -39.943157398, -18.227563913 ] ] } },
{ "type": "Feature", "properties": { "Field": "000", "Length": 579.46384196441818 }, "geometry": { "type": "LineString", "coordinates": [ [ -39.94414427, -18.232730218 ], [ -39.944135964, -18.232685494 ], [ -39.944129841, -18.232659021 ], [ -39.944121949, -18.232614468 ], [ -39.944106075, -18.232534559 ], [ -39.944088836, -18.232436523 ], [ -39.944070345, -18.232347894 ], [ -39.944064356, -18.232312201 ], [ -39.944048079, -18.232232366 ], [ -39.943998997, -18.231974515 ], [ -39.943992971, -18.231948022 ], [ -39.943986512, -18.231912403 ], [ -39.943975158, -18.231859276 ], [ -39.943962773, -18.231787953 ], [ -39.943936803, -18.231654684 ], [ -39.943930664, -18.231619014 ], [ -39.943924178, -18.23159262 ], [ -39.94390048, -18.231468141 ], [ -39.943896317, -18.231450509 ], [ -39.943885458, -18.231388105 ], [ -39.943879761, -18.231361545 ], [ -39.943871971, -18.231316976 ], [ -39.943861719, -18.231272864 ], [ -39.943851221, -18.231219576 ], [ -39.943839567, -18.231157303 ], [ -39.943836881, -18.231139412 ], [ -39.94383104, -18.23111288 ], [ -39.943816521, -18.231032737 ], [ -39.94380553500001, -18.230979539 ], [ -39.943795743, -18.230926128 ], [ -39.943787645, -18.230890817 ], [ -39.943783152, -18.230864047 ], [ -39.943757657, -18.230730695 ], [ -39.943751794, -18.230704168 ], [ -39.943736967, -18.230624076 ], [ -39.943725955, -18.230570883 ], [ -39.943711465, -18.230490734 ], [ -39.943670739, -18.230286552 ], [ -39.943662974, -18.230241978 ], [ -39.943638929, -18.23011756 ], [ -39.943634413, -18.230090794 ], [ -39.943615583, -18.23000223 ], [ -39.943609177, -18.229966603 ], [ -39.943601648, -18.229931177 ], [ -39.943586091, -18.229842035 ], [ -39.94357265, -18.229770886 ], [ -39.943549468, -18.229655508 ], [ -39.94354533, -18.229637872 ], [ -39.943535552, -18.229584459 ], [ -39.943528224, -18.229548994 ], [ -39.943518812, -18.229495522 ], [ -39.943495396, -18.229380187 ], [ -39.94346219, -18.229202248 ], [ -39.943458259, -18.229184568 ], [ -39.943436325, -18.229068968 ], [ -39.943410945, -18.228944792 ], [ -39.943400092, -18.228882386 ], [ -39.943383524, -18.228802606 ], [ -39.943370892, -18.228731323 ], [ -39.943362785, -18.228696013 ], [ -39.943358804, -18.228669169 ], [ -39.943351143, -18.228633769 ], [ -39.943344561, -18.228589023 ], [ -39.943334652, -18.228544839 ], [ -39.943311259, -18.2284295 ], [ -39.943301288, -18.22837612 ], [ -39.943293655, -18.228340714 ], [ -39.943275975, -18.22824275 ], [ -39.943263336, -18.228180653 ], [ -39.943253489, -18.228127251 ], [ -39.943247559, -18.228100738 ], [ -39.943232563, -18.228020675 ], [ -39.943226818, -18.227994124 ], [ -39.943214221, -18.227922835 ], [ -39.943191257, -18.227807418 ], [ -39.943183582, -18.22777202 ], [ -39.943173537, -18.227718653 ], [ -39.943167981, -18.227682896 ], [ -39.943153771, -18.227621109 ], [ -39.943146326, -18.22758164 ] ] } },
{ "type": "Feature", "properties": { "Field": "000", "Length": 578.4471878794028 }, "geometry": { "type": "LineString", "coordinates": [ [ -39.944131060922267, -18.23273828456901 ], [ -39.944121405, -18.232684746 ], [ -39.944113569, -18.232649381 ], [ -39.944099494, -18.232578345 ], [ -39.944085802, -18.232498068 ], [ -39.944065314, -18.232391402 ], [ -39.944034762, -18.232240567 ], [ -39.944030562, -18.232213754 ], [ -39.944022079, -18.232169301 ], [ -39.944014456, -18.232133893 ], [ -39.944008233, -18.232098236 ], [ -39.944004156, -18.232080586 ], [ -39.943998037, -18.232044913 ], [ -39.943982738, -18.231964902 ], [ -39.943958615, -18.2318497 ], [ -39.943954533, -18.231822871 ], [ -39.943949207, -18.231796241 ], [ -39.943938397, -18.231733829 ], [ -39.943926704, -18.231680768 ], [ -39.943918939, -18.231636195 ], [ -39.943895697, -18.231520829 ], [ -39.943887864, -18.231476266 ], [ -39.943880081, -18.23144089 ], [ -39.943860553, -18.23133406 ], [ -39.943850638, -18.231289878 ], [ -39.943845662, -18.231263186 ], [ -39.943843228, -18.231245262 ], [ -39.943839112, -18.231227621 ], [ -39.943814648, -18.231103277 ], [ -39.943805653, -18.231049738 ], [ -39.943801568, -18.23103209 ], [ -39.943781051, -18.23092543 ], [ -39.943773226, -18.230890062 ], [ -39.943765814, -18.230845434 ], [ -39.943752347, -18.230783496 ], [ -39.943742811, -18.230730043 ], [ -39.943726708, -18.230650176 ], [ -39.943720624, -18.230614497 ], [ -39.943709516, -18.230561322 ], [ -39.943696889, -18.230490038 ], [ -39.943678548, -18.230401381 ], [ -39.943672325, -18.230365724 ], [ -39.943656301, -18.230285842 ], [ -39.943612509, -18.230054629 ], [ -39.943601034, -18.230001525 ], [ -39.943598184, -18.229983657 ], [ -39.943560629, -18.229788102 ], [ -39.943549316, -18.229725771 ], [ -39.943530887, -18.22963713 ], [ -39.943510806, -18.229530394 ], [ -39.943505113, -18.229503833 ], [ -39.94350054, -18.229477076 ], [ -39.943480463, -18.229379534 ], [ -39.943464742, -18.229290418 ], [ -39.94345531, -18.22924614 ], [ -39.943440618, -18.229166025 ], [ -39.943434737, -18.229139502 ], [ -39.943428681, -18.229103819 ], [ -39.943419154, -18.229059559 ], [ -39.943409079, -18.229006196 ], [ -39.94340152, -18.228970776 ], [ -39.943384064, -18.228872775 ], [ -39.943370774, -18.228810802 ], [ -39.943356153000011, -18.228730675 ], [ -39.943351975, -18.228713047 ], [ -39.943328634, -18.228588506 ], [ -39.943321064, -18.228553088 ], [ -39.94330611, -18.228473017 ], [ -39.943279064, -18.228339944 ], [ -39.943261737, -18.228241922 ], [ -39.943255856, -18.228215399 ], [ -39.943233505, -18.228099872 ], [ -39.943217103, -18.22802006 ], [ -39.943199473, -18.227922088 ], [ -39.94318298, -18.227842293 ], [ -39.943178312, -18.227815551 ], [ -39.94317229, -18.227789057 ], [ -39.943151804, -18.227673214 ], [ -39.943135891, -18.22759851 ] ] } },
{ "type": "Feature", "properties": { "Field": "000", "Length": 577.46169259495355 }, "geometry": { "type": "LineString", "coordinates": [ [ -39.94411792, -18.232746309 ], [ -39.944108777, -18.232692855 ], [ -39.944099086, -18.232648628 ], [ -39.944092954, -18.232612956 ], [ -39.944081856, -18.23255978 ], [ -39.944055887, -18.232417328 ], [ -39.944020139, -18.232239839 ], [ -39.944010809, -18.232186353 ], [ -39.943975572, -18.232008771 ], [ -39.943968265, -18.231964127 ], [ -39.943954449, -18.231902259 ], [ -39.943944135, -18.231848939 ], [ -39.943925371, -18.231741983 ], [ -39.943911929, -18.23168004 ], [ -39.943902207, -18.231626618 ], [ -39.943886012, -18.231546768 ], [ -39.943876301, -18.231493344 ], [ -39.943858849, -18.231404523 ], [ -39.943852756, -18.231368846 ], [ -39.943798551, -18.231093519 ], [ -39.943775628, -18.230968907 ], [ -39.943762694, -18.230906865 ], [ -39.943750979, -18.230844602 ], [ -39.94374497, -18.230818105 ], [ -39.943729757, -18.230738079 ], [ -39.943725618, -18.230720443 ], [ -39.943707908, -18.230622483 ], [ -39.943694619, -18.23056051 ], [ -39.943682228, -18.230489187 ], [ -39.943667476, -18.230418277 ], [ -39.943661178, -18.230382632 ], [ -39.943645045, -18.23030277 ], [ -39.943629101, -18.230213691 ], [ -39.943602018, -18.230080625 ], [ -39.943597559, -18.23005385 ], [ -39.94357806, -18.229956201 ], [ -39.943527512, -18.229689419 ], [ -39.943505663, -18.229583 ], [ -39.943496224, -18.229529532 ], [ -39.943480753, -18.229449551 ], [ -39.943476597, -18.229431918 ], [ -39.943452068, -18.2292984 ], [ -39.943439149, -18.229236355 ], [ -39.943420344, -18.229138582 ], [ -39.94341089, -18.229085116 ], [ -39.943388566, -18.228978787 ], [ -39.943371881, -18.228880664 ], [ -39.943353795, -18.228801185 ], [ -39.943343423, -18.228738705 ], [ -39.943327463, -18.228658812 ], [ -39.94331789000001, -18.228605366 ], [ -39.943306429, -18.228552259 ], [ -39.943298492, -18.228507714 ], [ -39.943274889, -18.228392414 ], [ -39.943247135, -18.228241086 ], [ -39.94322907, -18.228152377 ], [ -39.943221189, -18.228107823 ], [ -39.943205969, -18.228037002 ], [ -39.943179352, -18.22789466 ], [ -39.943159396, -18.227797095 ], [ -39.943138156, -18.227672212 ], [ -39.943125704088288, -18.227614978405779 ] ] } },
{ "type": "Feature", "properties": { "Field": "000", "Length": 576.17720361200031 }, "geometry": { "type": "LineString", "coordinates": [ [ -39.944105126995865, -18.232754121976217 ], [ -39.944095835, -18.232700634 ], [ -39.944082688, -18.232638633 ], [ -39.944059617, -18.232514046 ], [ -39.944048437, -18.232460884999988 ], [ -39.944040965, -18.232416266 ], [ -39.944026569, -18.232345288 ], [ -39.944021994, -18.232318531 ], [ -39.944014413, -18.232283115 ], [ -39.943992993, -18.232167427 ], [ -39.943976272, -18.232087676 ], [ -39.943951417, -18.231954213 ], [ -39.943940048, -18.231901089 ], [ -39.943912008, -18.231749809 ], [ -39.943897345, -18.231678881 ], [ -39.943882601, -18.231598775 ], [ -39.943869693, -18.231536728 ], [ -39.943841866, -18.231385412 ], [ -39.943809306, -18.231225744 ], [ -39.943792879, -18.231136745 ], [ -39.943778654, -18.231065735 ], [ -39.943762856, -18.230976632 ], [ -39.943747615, -18.230905816 ], [ -39.943741412, -18.230870156 ], [ -39.943709041, -18.230710452 ], [ -39.943691174, -18.230612519 ], [ -39.943679782, -18.230559399 ], [ -39.943667606, -18.230488043 ], [ -39.943630516, -18.230301598 ], [ -39.943614579, -18.230212518 ], [ -39.943603286, -18.230159378 ], [ -39.943583291, -18.230052627 ], [ -39.943545918, -18.229866234 ], [ -39.943526617, -18.229759366 ], [ -39.943517279, -18.229715069 ], [ -39.943500466, -18.229626136 ], [ -39.943484255, -18.229546289 ], [ -39.943450569, -18.229368432 ], [ -39.94344271, -18.229333072 ], [ -39.943437103, -18.229297321 ], [ -39.94342421, -18.229235272 ], [ -39.9434001, -18.229101684 ], [ -39.943371998, -18.228968811 ], [ -39.943349454, -18.228844136 ], [ -39.943335978, -18.228782199 ], [ -39.943330183, -18.228746477 ], [ -39.94329871, -18.228586609 ], [ -39.943285777, -18.228515375 ], [ -39.943279654, -18.228488902 ], [ -39.943273149, -18.228453291 ], [ -39.943260036, -18.228391284 ], [ -39.943252513, -18.228346672 ], [ -39.943239738, -18.2282846 ], [ -39.943219581, -18.228168705 ], [ -39.943215205, -18.228151121 ], [ -39.943192598, -18.228044846 ], [ -39.943166631, -18.227902394 ], [ -39.943144448, -18.227796039 ], [ -39.943133341, -18.227733674 ], [ -39.943129605, -18.227706798 ], [ -39.943124392, -18.227680148 ], [ -39.943117467, -18.227653856 ], [ -39.94311361415766, -18.22763452379105 ] ] } },
{ "type": "Feature", "properties": { "Field": "000", "Length": 575.05535251394531 }, "geometry": { "type": "LineString", "coordinates": [ [ -39.944092912974007, -18.232761580869195 ], [ -39.944061111, -18.232601602 ], [ -39.944024516, -18.23240588 ], [ -39.944018313, -18.232379424 ], [ -39.944008916, -18.232325949 ], [ -39.943990861, -18.232237238 ], [ -39.943983186, -18.23219265 ], [ -39.943958218, -18.232068398 ], [ -39.943941707, -18.231979413 ], [ -39.943934222, -18.231943978 ], [ -39.943910653, -18.231819477 ], [ -39.94390313, -18.231784049 ], [ -39.943900377, -18.231766167 ], [ -39.943892997, -18.231730713 ], [ -39.943879943, -18.231659498 ], [ -39.943872238, -18.231624107 ], [ -39.943860683, -18.231561817 ], [ -39.943851613, -18.231517469 ], [ -39.943838953, -18.23144619 ], [ -39.943833019, -18.231419678 ], [ -39.943828712, -18.23139288 ], [ -39.943822746, -18.231366374 ], [ -39.943805808, -18.231277462 ], [ -39.943794537, -18.231224319 ], [ -39.943763866, -18.231064309 ], [ -39.943761044, -18.231046437 ], [ -39.943757064, -18.231028767 ], [ -39.943745793, -18.230966429 ], [ -39.943734573, -18.230913276 ], [ -39.943721638, -18.230842042 ], [ -39.943698391, -18.230726676 ], [ -39.943692407, -18.230700174 ], [ -39.943674815, -18.230602195 ], [ -39.943669033, -18.230575652 ], [ -39.943633754, -18.230388887 ], [ -39.943607201, -18.230255723 ], [ -39.94359254, -18.230175603 ], [ -39.943577911, -18.230104669 ], [ -39.943560061, -18.230006733 ], [ -39.943548734, -18.2299536 ], [ -39.943526094, -18.229838124 ], [ -39.94351484, -18.229775784 ], [ -39.943498948, -18.229695878 ], [ -39.94348917, -18.229642466 ], [ -39.943477846, -18.229589332 ], [ -39.943434046, -18.22935812 ], [ -39.943427989, -18.229331633 ], [ -39.943420387, -18.229287034 ], [ -39.943409263, -18.229233863 ], [ -39.943396301, -18.229162633 ], [ -39.94339213, -18.229145003 ], [ -39.943384711, -18.229100376 ], [ -39.943353728, -18.228949622 ], [ -39.943341872, -18.228878217 ], [ -39.943323089, -18.228789644 ], [ -39.943303481, -18.228682827 ], [ -39.94329071, -18.228620754 ], [ -39.943270717, -18.228514002 ], [ -39.9432648, -18.228487487 ], [ -39.943250891, -18.22841642 ], [ -39.943241238, -18.228362987 ], [ -39.943228389, -18.228300929 ], [ -39.943222564, -18.22826521 ], [ -39.94320756, -18.228185148 ], [ -39.943182797, -18.228070071 ], [ -39.943155657, -18.227918641 ], [ -39.943135134, -18.227821185 ], [ -39.943119973, -18.22774115 ], [ -39.943117495, -18.227723231 ], [ -39.943109146, -18.227678754 ], [ -39.943102813, -18.227651986 ] ] } },
{ "type": "Feature", "properties": { "Field": "000", "Length": 573.92340457706564 }, "geometry": { "type": "LineString", "coordinates": [ [ -39.944080015, -18.232769457 ], [ -39.944074815, -18.232742528 ], [ -39.944068587, -18.232716078 ], [ -39.944057772, -18.232653667 ], [ -39.944048289, -18.232609398 ], [ -39.944023385, -18.232475944 ], [ -39.944011372, -18.232413733 ], [ -39.94400373, -18.232378329 ], [ -39.943994022, -18.232324904 ], [ -39.943987635, -18.232298488 ], [ -39.943971875, -18.232209379 ], [ -39.943948377, -18.232094059 ], [ -39.943925349, -18.231969465 ], [ -39.943911579, -18.231898374 ], [ -39.943903851, -18.231862987 ], [ -39.94389593, -18.231818439 ], [ -39.943890163, -18.231791893 ], [ -39.943882461, -18.23174731 ], [ -39.943871226, -18.23169416 ], [ -39.943842761, -18.231542952 ], [ -39.943826721, -18.231463074 ], [ -39.94382381, -18.231445215 ], [ -39.943817778, -18.231418723 ], [ -39.943803683, -18.23134769 ], [ -39.943792883, -18.231285276 ], [ -39.943786768, -18.231258801 ], [ -39.943776861, -18.23120541 ], [ -39.943764017, -18.231143351 ], [ -39.943757856, -18.231107684 ], [ -39.943741725, -18.231027823 ], [ -39.943722157, -18.230920999 ], [ -39.943707508, -18.230850069 ], [ -39.94369099, -18.230761085 ], [ -39.943677868, -18.230699079 ], [ -39.943661862, -18.230610009 ], [ -39.943656149, -18.230583453 ], [ -39.94364471, -18.230521143 ], [ -39.943604003, -18.230316957 ], [ -39.943584649, -18.230210098 ], [ -39.943553743, -18.230059329 ], [ -39.943544508, -18.230005828 ], [ -39.943529258, -18.229925808 ], [ -39.94350638, -18.229810375 ], [ -39.943496887, -18.229756916 ], [ -39.943483652, -18.229694931 ], [ -39.943472787, -18.229632528 ], [ -39.943454225, -18.229543913 ], [ -39.943436651, -18.229445931 ], [ -39.943432361, -18.229428327 ], [ -39.943423371, -18.229383965 ], [ -39.943419132, -18.229357157 ], [ -39.943409833, -18.229312853 ], [ -39.943405407, -18.229286073 ], [ -39.943377666, -18.229143927 ], [ -39.943371514, -18.229108259 ], [ -39.943354312, -18.229028601 ], [ -39.943348285, -18.228992914 ], [ -39.943335845, -18.22893078 ], [ -39.943324981, -18.228868376 ], [ -39.943306729, -18.228779702 ], [ -39.94328853, -18.228681824 ], [ -39.943278986, -18.228637568 ], [ -39.943252328, -18.228495232 ], [ -39.943240958, -18.228442108 ], [ -39.943231586, -18.228388629 ], [ -39.943198077, -18.228219932 ], [ -39.943192251, -18.228184214 ], [ -39.9431719, -18.228086724 ], [ -39.943150046, -18.22797111 ], [ -39.943139085, -18.227908722 ], [ -39.943124183, -18.22783784 ], [ -39.94311778, -18.227802212 ], [ -39.943106421, -18.227749086 ], [ -39.943100257, -18.22771342 ], [ -39.943091093088277, -18.227670072417542 ] ] } },
{ "type": "Feature", "properties": { "Field": "000", "Length": 572.98117935071025 }, "geometry": { "type": "LineString", "coordinates": [ [ -39.944066891894693, -18.232777471489978 ], [ -39.944053966, -18.23271487 ], [ -39.944044627, -18.232661385 ], [ -39.944014798, -18.232510418 ], [ -39.94399855, -18.232421389 ], [ -39.943992595, -18.232394881 ], [ -39.943974879, -18.232306107 ], [ -39.943948839, -18.232163667 ], [ -39.943942457, -18.23213725 ], [ -39.943931859, -18.232083981 ], [ -39.943899043, -18.231905975 ], [ -39.943891044, -18.231870643 ], [ -39.943869029, -18.231755057 ], [ -39.943852917, -18.231675192 ], [ -39.943843386, -18.231621739 ], [ -39.943815094, -18.231479691 ], [ -39.943805506, -18.231426247 ], [ -39.943792452, -18.231364228 ], [ -39.943782199, -18.231310897 ], [ -39.943776198, -18.231275205 ], [ -39.943762225, -18.23120415 ], [ -39.943754392, -18.231168784 ], [ -39.943742896, -18.231106484 ], [ -39.943728548, -18.231035498 ], [ -39.94371605, -18.230964192 ], [ -39.943704744, -18.230911056 ], [ -39.943700314, -18.230884276 ], [ -39.943694469, -18.230857746 ], [ -39.943683115, -18.230795422 ], [ -39.943656584, -18.230662254 ], [ -39.943648881, -18.230617671 ], [ -39.94362818, -18.230511043 ], [ -39.943618876, -18.23046674 ], [ -39.943610736, -18.230422228 ], [ -39.943602916, -18.230386859 ], [ -39.94359881, -18.230360033 ], [ -39.943586187, -18.230297932 ], [ -39.94356643, -18.230191141 ], [ -39.943555008, -18.230138027 ], [ -39.943541097, -18.230066961 ], [ -39.943498423, -18.229844738 ], [ -39.943485693, -18.22977347 ], [ -39.943479511, -18.22974701 ], [ -39.943456095, -18.229622482 ], [ -39.943437946, -18.229533789 ], [ -39.94342852, -18.229480318 ], [ -39.943410754, -18.229391554 ], [ -39.943402826, -18.229347007 ], [ -39.943393128, -18.229302781 ], [ -39.943387063, -18.229267099 ], [ -39.943369442, -18.229178309 ], [ -39.943359924, -18.229124853 ], [ -39.943325877, -18.228956254 ], [ -39.943320831, -18.228929575 ], [ -39.943316788, -18.22890274 ], [ -39.943300319, -18.228822941 ], [ -39.94329247, -18.228778381 ], [ -39.94325058, -18.228565211 ], [ -39.943242907, -18.228520624 ], [ -39.943229511, -18.228458671 ], [ -39.94321389, -18.228369539 ], [ -39.943199194, -18.228298618 ], [ -39.943174085, -18.228165199 ], [ -39.943166105, -18.228129863 ], [ -39.943150376, -18.228049928 ], [ -39.943134171, -18.227960891 ], [ -39.943123883, -18.227907566 ], [ -39.943117901, -18.227881064 ], [ -39.94311523, -18.22786317 ], [ -39.943109401, -18.227836636 ], [ -39.943103202, -18.227800976 ], [ -39.94309173, -18.227747872 ], [ -39.943088964, -18.227729991 ], [ -39.943079765, -18.2276864 ] ] } },
{ "type": "Feature", "properties": { "Field": "000", "Length": 572.15895641960492 }, "geometry": { "type": "LineString", "coordinates": [ [ -39.944052679, -18.232786151 ], [ -39.944037315, -18.232696863 ], [ -39.94401576, -18.23259039 ], [ -39.94401136, -18.232563606 ], [ -39.943996982, -18.232492625 ], [ -39.943987613, -18.232439145 ], [ -39.943977943, -18.232394914 ], [ -39.943973436, -18.232368146 ], [ -39.943962219, -18.232314992 ], [ -39.943945749, -18.232226 ], [ -39.943938302, -18.232190558 ], [ -39.943934238, -18.232163726 ], [ -39.943921144, -18.232101714 ], [ -39.943907339, -18.232030629 ], [ -39.943885988, -18.231914929 ], [ -39.943865911, -18.231817388 ], [ -39.943861178, -18.231790656 ], [ -39.94385344, -18.231755271 ], [ -39.943846461, -18.231710579 ], [ -39.943816709, -18.231559598 ], [ -39.943803692, -18.231497572 ], [ -39.943792612, -18.231435203 ], [ -39.943776529, -18.231355333 ], [ -39.943754981, -18.231239666 ], [ -39.94374184, -18.231177664 ], [ -39.943728044, -18.231106577 ], [ -39.943713972, -18.231026361 ], [ -39.9437062, -18.230990983 ], [ -39.943701894, -18.230964185 ], [ -39.94369426, -18.230928779 ], [ -39.943675738, -18.230830957 ], [ -39.943643939, -18.230671149 ], [ -39.943637846, -18.230635471 ], [ -39.943601583, -18.230448878 ], [ -39.943592259, -18.230404579 ], [ -39.943569033, -18.230280018 ], [ -39.943561728, -18.230244549 ], [ -39.94355562, -18.230208875 ], [ -39.943538868, -18.23012913 ], [ -39.943518616, -18.230022422 ], [ -39.943500804, -18.229933667 ], [ -39.943491339, -18.229880202 ], [ -39.943452902, -18.229684804 ], [ -39.943445211, -18.229640219 ], [ -39.943409678, -18.229462691 ], [ -39.943393632, -18.229373628 ], [ -39.943382293, -18.229320497 ], [ -39.94336589, -18.229231494 ], [ -39.943350114, -18.229151568 ], [ -39.943344034, -18.229125085 ], [ -39.943326589, -18.229027083 ], [ -39.943310158, -18.228947277 ], [ -39.943300566, -18.228893833 ], [ -39.943290745, -18.228849632 ], [ -39.943283168, -18.228805029 ], [ -39.943271429, -18.22874277 ], [ -39.943205325, -18.228405212 ], [ -39.943201408, -18.22837836 ], [ -39.943182947, -18.228289725 ], [ -39.943163234, -18.228182926 ], [ -39.943140979, -18.228076584 ], [ -39.943125314, -18.227987459 ], [ -39.943106692, -18.227898855 ], [ -39.943094542, -18.227827495 ], [ -39.943084814, -18.227783275 ], [ -39.943073387, -18.227720963 ], [ -39.943068912, -18.227702043 ] ] } },
{ "type": "Feature", "properties": { "Field": "000", "Length": 571.33703824546308 }, "geometry": { "type": "LineString", "coordinates": [ [ -39.944039952, -18.232793923 ], [ -39.944033235, -18.232758205 ], [ -39.944024501, -18.232704627 ], [ -39.944006494, -18.232615908 ], [ -39.943957123, -18.232358107 ], [ -39.94393889, -18.232269429 ], [ -39.943932872, -18.23223374 ], [ -39.943925249, -18.232198332 ], [ -39.943919442, -18.232162612 ], [ -39.943901043, -18.232073965 ], [ -39.943892972, -18.232029442 ], [ -39.943882044, -18.231976233 ], [ -39.94387607, -18.231940537 ], [ -39.943864227, -18.231878296 ], [ -39.943854389, -18.231834099 ], [ -39.943846557, -18.231789536 ], [ -39.943838643, -18.231754187 ], [ -39.943828402, -18.231691687 ], [ -39.943817483, -18.231638477 ], [ -39.943809487, -18.231593941 ], [ -39.943783755, -18.231469831 ], [ -39.943776175, -18.231425229 ], [ -39.943765208, -18.231372027 ], [ -39.943762776, -18.231354102 ], [ -39.943755083, -18.231318708 ], [ -39.943740081, -18.231238646 ], [ -39.943729026, -18.231185460999988 ], [ -39.943724697, -18.231158667 ], [ -39.94371045, -18.231087662 ], [ -39.943700946, -18.231034204 ], [ -39.943690787, -18.230990072 ], [ -39.943676644, -18.230909867 ], [ -39.943668849, -18.230874494 ], [ -39.943660969, -18.230829939 ], [ -39.943655217, -18.23080339 ], [ -39.943633382, -18.230687772 ], [ -39.943629305, -18.230670123 ], [ -39.943605473, -18.230545667 ], [ -39.943594488, -18.230483283 ], [ -39.943579444, -18.230412428 ], [ -39.9435663, -18.230341229 ], [ -39.94354692, -18.230243558 ], [ -39.943540696, -18.230207902 ], [ -39.943534894, -18.230181363 ], [ -39.943505796, -18.230030266 ], [ -39.943492902, -18.229968216 ], [ -39.943475265, -18.229870244 ], [ -39.943462293, -18.22980821 ], [ -39.943438162, -18.229683806 ], [ -39.943422518, -18.229594678 ], [ -39.943407571, -18.229523805 ], [ -39.943404621, -18.229505951 ], [ -39.943398479, -18.229479482 ], [ -39.94338038, -18.229381588 ], [ -39.943367395, -18.229319555 ], [ -39.943355634, -18.2292573 ], [ -39.943348334, -18.229212656 ], [ -39.943333394, -18.229141781 ], [ -39.943316796, -18.22905281 ], [ -39.943312554, -18.229026003 ], [ -39.943298979, -18.228964086 ], [ -39.943291327, -18.228919495 ], [ -39.943276553, -18.228848589 ], [ -39.943256943, -18.228741771999989 ], [ -39.943236772, -18.228644248 ], [ -39.943219156, -18.228546273 ], [ -39.943204567, -18.228475331999988 ], [ -39.943186176, -18.228377487 ], [ -39.943180506, -18.228350922 ], [ -39.943171104, -18.228297448 ], [ -39.943156286, -18.228226549 ], [ -39.943148698, -18.228181948 ], [ -39.943142538, -18.228155483 ], [ -39.943130072, -18.228093354 ], [ -39.943112389, -18.22799539 ], [ -39.943106477, -18.227968873 ], [ -39.943089164, -18.227880027 ], [ -39.943062932, -18.22773762 ], [ -39.943058482054703, -18.227717075252574 ] ] } },
{ "type": "Feature", "properties": { "Field": "000", "Length": 570.30216148513637 }, "geometry": { "type": "LineString", "coordinates": [ [ -39.944027457, -18.232801553 ], [ -39.944013151, -18.232720855 ], [ -39.94397986700001, -18.232552117 ], [ -39.943973741, -18.232516445 ], [ -39.943963391, -18.232463131 ], [ -39.943953487, -18.232418947 ], [ -39.943942411, -18.232356577 ], [ -39.943913743, -18.232214599 ], [ -39.943906567, -18.232169936 ], [ -39.943888565, -18.232081215 ], [ -39.94388576, -18.23206334 ], [ -39.943881346, -18.232045765 ], [ -39.94387392, -18.232010319 ], [ -39.943866301, -18.231965723 ], [ -39.943860717, -18.231939141 ], [ -39.943837319, -18.23181461 ], [ -39.94382263, -18.231743687 ], [ -39.943796055, -18.231601337 ], [ -39.943763567, -18.231441656 ], [ -39.943759277, -18.231414855 ], [ -39.943729702, -18.231263843 ], [ -39.943721739, -18.231219302 ], [ -39.943710637, -18.231166126 ], [ -39.943700128, -18.231103667 ], [ -39.943685888, -18.23103266 ], [ -39.943670589, -18.230961855 ], [ -39.943660238, -18.230899372 ], [ -39.943650766, -18.230855101 ], [ -39.943633624, -18.230766225 ], [ -39.943625961, -18.230721636 ], [ -39.943608908, -18.230641949 ], [ -39.943582902, -18.230499504 ], [ -39.943542637, -18.230295238 ], [ -39.943524286, -18.230197386 ], [ -39.94351686, -18.23016194 ], [ -39.943507237, -18.230108502 ], [ -39.943480433, -18.229975384 ], [ -39.943462355, -18.229877486 ], [ -39.943441921, -18.229780012 ], [ -39.943435926, -18.22974432 ], [ -39.943430259, -18.229717754 ], [ -39.943409408, -18.229601971 ], [ -39.943383982, -18.229477803 ], [ -39.943374397, -18.229424358 ], [ -39.943356395, -18.229335638 ], [ -39.943333774, -18.229210976 ], [ -39.943319011, -18.229140067 ], [ -39.94331289, -18.229104394 ], [ -39.943305394, -18.229068962 ], [ -39.943299539, -18.229033248 ], [ -39.94328463, -18.228962367 ], [ -39.943280039, -18.228935612 ], [ -39.943275767, -18.228918005 ], [ -39.943272974, -18.228900128 ], [ -39.943269103, -18.228882436 ], [ -39.943256118, -18.228811211 ], [ -39.943213793, -18.228598119 ], [ -39.943196028, -18.228500169 ], [ -39.943177662, -18.228411516 ], [ -39.943159887, -18.228313568 ], [ -39.943140816, -18.228225051 ], [ -39.943113238, -18.228073693999981 ], [ -39.943107526, -18.228047137 ], [ -39.943101203, -18.228011496 ], [ -39.943087947, -18.227949516 ], [ -39.943072009, -18.227860436 ], [ -39.94305711, -18.227789553 ], [ -39.943051219, -18.227753845 ], [ -39.943046733060861, -18.22773400926911 ] ] } },
{ "type": "Feature", "properties": { "Field": "000", "Length": 569.38528507487968 }, "geometry": { "type": "LineString", "coordinates": [ [ -39.944014531959127, -18.232809446773288 ], [ -39.94399684, -18.232711302 ], [ -39.943978821, -18.232622584 ], [ -39.943968336, -18.232560121 ], [ -39.943960541, -18.232524748 ], [ -39.943946908, -18.232453633 ], [ -39.94393571, -18.232400475 ], [ -39.943918061, -18.232302506 ], [ -39.943901529, -18.232222719 ], [ -39.943881921, -18.232115902 ], [ -39.943854724, -18.231982857 ], [ -39.943847314, -18.231938229 ], [ -39.943834646, -18.231876136 ], [ -39.943823113, -18.231813843 ], [ -39.943810067, -18.231751822 ], [ -39.943772842, -18.231556209 ], [ -39.943735743, -18.231369766 ], [ -39.943720065, -18.231280643 ], [ -39.943696533, -18.23116533 ], [ -39.943683911, -18.231094045 ], [ -39.94365524, -18.230952067 ], [ -39.943646128, -18.230898547 ], [ -39.94362591, -18.230801032 ], [ -39.94361905, -18.230765482 ], [ -39.943614935, -18.230738657 ], [ -39.94360561500001, -18.230694357 ], [ -39.943595724, -18.230640963 ], [ -39.943587977, -18.23060558 ], [ -39.943536143, -18.230329837 ], [ -39.94349725, -18.23013452 ], [ -39.94348757, -18.230081091 ], [ -39.943480306, -18.230045615 ], [ -39.943477515, -18.230027738 ], [ -39.943460739, -18.229947997 ], [ -39.943437746, -18.229823397 ], [ -39.943427558, -18.229779272 ], [ -39.943398392, -18.229619006 ], [ -39.943357779, -18.229414803 ], [ -39.943353284, -18.229388033 ], [ -39.943339076, -18.229317021 ], [ -39.943324599, -18.22923687 ], [ -39.943315386, -18.22919255 ], [ -39.943302061, -18.229121381 ], [ -39.943292721, -18.229077085 ], [ -39.94328328600001, -18.229023616 ], [ -39.943261521, -18.228917181 ], [ -39.943241707, -18.228810399 ], [ -39.943194322, -18.22857063 ], [ -39.943179904, -18.228490469 ], [ -39.943165033, -18.228419581 ], [ -39.943149096, -18.2283305 ], [ -39.943121582, -18.228197515 ], [ -39.943108649, -18.228126281 ], [ -39.943098255, -18.228063804 ], [ -39.943073204, -18.227948784 ], [ -39.943057468, -18.22785967 ], [ -39.943042896, -18.227788725 ], [ -39.943035726134411, -18.227749873728314 ] ] } },
{ "type": "Feature", "properties": { "Field": "000", "Length": 568.4149036120848 }, "geometry": { "type": "LineString", "coordinates": [ [ -39.944002689, -18.232816679 ], [ -39.943990093, -18.232754456 ], [ -39.943983745, -18.232718819 ], [ -39.943979622, -18.232701179 ], [ -39.943974991, -18.232674431 ], [ -39.943961955, -18.232612408 ], [ -39.943951617, -18.232549923 ], [ -39.943936826, -18.23247902 ], [ -39.943915873, -18.232372436 ], [ -39.943903931, -18.232301044 ], [ -39.943875897, -18.232168158 ], [ -39.943861409, -18.232088009 ], [ -39.943855414, -18.232061509 ], [ -39.943840911, -18.231981363 ], [ -39.943819924, -18.231874785 ], [ -39.943810496, -18.231821315 ], [ -39.94380419, -18.231794882 ], [ -39.943797001, -18.231759391 ], [ -39.943792535, -18.231732617 ], [ -39.943774626, -18.231643878999986 ], [ -39.943770279, -18.231617087 ], [ -39.943764377, -18.231590568 ], [ -39.943758055, -18.231554928 ], [ -39.943743303, -18.231484017 ], [ -39.943737216, -18.231448338 ], [ -39.943729175, -18.231413015 ], [ -39.943718545, -18.231350575 ], [ -39.94371115, -18.231315123 ], [ -39.943694662, -18.231226134 ], [ -39.943687081, -18.231190718 ], [ -39.943684218, -18.231172852 ], [ -39.943673253, -18.23111965 ], [ -39.943651643, -18.231003994 ], [ -39.943642153, -18.230959726 ], [ -39.943631302, -18.230897321 ], [ -39.943616811, -18.230826361 ], [ -39.943606884, -18.230782181 ], [ -39.943564076, -18.230550799 ], [ -39.943548533, -18.230480043 ], [ -39.943528011, -18.230364206 ], [ -39.943499435, -18.230222211 ], [ -39.943494869, -18.230195452 ], [ -39.943469081, -18.230062151 ], [ -39.943466296, -18.230044274 ], [ -39.943451438, -18.229973383 ], [ -39.943438196, -18.2299022 ], [ -39.943430387, -18.22986683 ], [ -39.943421062, -18.229813343 ], [ -39.943401263, -18.229715749 ], [ -39.943390318, -18.229653359 ], [ -39.943381586, -18.229608949 ], [ -39.943377438, -18.229591315 ], [ -39.943342304, -18.229404525 ], [ -39.943335947, -18.229378102 ], [ -39.943328776, -18.229342608 ], [ -39.943321226, -18.229298001 ], [ -39.943315739, -18.229271401 ], [ -39.943311553, -18.229244586 ], [ -39.943291323, -18.229147073 ], [ -39.943281403, -18.229093684 ], [ -39.943277294, -18.229076041 ], [ -39.943270074, -18.229031384999988 ], [ -39.94324813, -18.228924984 ], [ -39.943240601, -18.228880373 ], [ -39.943231236, -18.228836082 ], [ -39.943218413, -18.228764829 ], [ -39.943207034, -18.228711707 ], [ -39.943190339, -18.228622753 ], [ -39.943182517, -18.228587385 ], [ -39.943170479, -18.228516007 ], [ -39.94315899, -18.228462907 ], [ -39.943149096, -18.228409513 ], [ -39.943134002, -18.228338668 ], [ -39.943126365, -18.228294075 ], [ -39.943100321, -18.228160819 ], [ -39.943094384, -18.228125118 ], [ -39.943078762, -18.228054378 ], [ -39.943069357, -18.228000904 ], [ -39.94305330400001, -18.227921027 ], [ -39.943046063, -18.227876374 ], [ -39.943024383, -18.227766222999982 ] ] } },
{ "type": "Feature", "properties": { "Field": "000", "Length": 567.42307226051548 }, "geometry": { "type": "LineString", "coordinates": [ [ -39.943989693977556, -18.232824614878872 ], [ -39.943983036, -18.232788689 ], [ -39.943978438, -18.232771156 ], [ -39.943974044, -18.232744371 ], [ -39.943947496, -18.232611206 ], [ -39.943934865, -18.232539923 ], [ -39.943916841, -18.232451206 ], [ -39.943910595, -18.232415553 ], [ -39.943901129, -18.232371281 ], [ -39.943894032, -18.232326606 ], [ -39.943887357, -18.232291024 ], [ -39.943866373, -18.232193657 ], [ -39.943826377, -18.231980155 ], [ -39.943798305, -18.231838068 ], [ -39.943793998, -18.231811271 ], [ -39.943775859, -18.231722575 ], [ -39.943741696, -18.231544802 ], [ -39.943735736, -18.231518295 ], [ -39.943725707, -18.231464924 ], [ -39.94371267, -18.231402902 ], [ -39.943700833, -18.231331494 ], [ -39.943696708, -18.231313854 ], [ -39.943679892, -18.231224921 ], [ -39.943674175, -18.231198365 ], [ -39.943640416, -18.231020521 ], [ -39.943625284, -18.230949683 ], [ -39.943611175, -18.230869473 ], [ -39.94360517, -18.230842975 ], [ -39.943595028, -18.230789624 ], [ -39.943587313, -18.230754235 ], [ -39.94357799, -18.230700748 ], [ -39.94357041, -18.230665332 ], [ -39.943560518, -18.230611938 ], [ -39.943555231, -18.230576144 ], [ -39.943530733, -18.230461014 ], [ -39.943515152, -18.230371876 ], [ -39.94348277200001, -18.230212175 ], [ -39.943468646, -18.230131967 ], [ -39.943459432, -18.230087646 ], [ -39.943446195, -18.230016463 ], [ -39.943434961, -18.229963312 ], [ -39.943417777, -18.229874443 ], [ -39.943413231, -18.229847682 ], [ -39.943398798, -18.229776711 ], [ -39.943377403, -18.229661018 ], [ -39.943371487, -18.229634502 ], [ -39.943363206, -18.229590014 ], [ -39.943357184, -18.22956352 ], [ -39.943345811, -18.229501199 ], [ -39.943343445, -18.229483267 ], [ -39.943339341, -18.229465623 ], [ -39.943329274, -18.229412259 ], [ -39.94332282700001, -18.229385856 ], [ -39.943313843, -18.229341492999989 ], [ -39.943304834, -18.229287957 ], [ -39.94328973, -18.229207912 ], [ -39.943262635000011, -18.229074847 ], [ -39.94325355, -18.229021323 ], [ -39.943233041, -18.228923864 ], [ -39.943227071, -18.228888167 ], [ -39.94321605, -18.228834976 ], [ -39.943205182, -18.228772573 ], [ -39.943192265, -18.228710528 ], [ -39.943175982, -18.228621504 ], [ -39.943164935, -18.228568318 ], [ -39.943157102, -18.228523756 ], [ -39.943144283, -18.228461692 ], [ -39.943134242, -18.228408324 ], [ -39.943126344, -18.228372971 ], [ -39.943116743, -18.228319529 ], [ -39.943107509, -18.228275211999989 ], [ -39.943093145, -18.228195043 ], [ -39.943085728, -18.228159595 ], [ -39.943079743, -18.228123901 ], [ -39.943059182, -18.228026452 ], [ -39.943024483, -18.227839587 ], [ -39.943012761116897, -18.227782973564594 ] ] } },
{ "type": "Feature", "properties": { "Field": "000", "Length": 566.45978568329758 }, "geometry": { "type": "LineString", "coordinates": [ [ -39.94397629293362, -18.232832798651362 ], [ -39.943971161, -18.232805843 ], [ -39.943966806, -18.232788254 ], [ -39.9439596, -18.232743595 ], [ -39.943953682, -18.232717079 ], [ -39.943945853, -18.232672516 ], [ -39.943931402, -18.232601549 ], [ -39.943921965, -18.23254808 ], [ -39.943905503, -18.23246828 ], [ -39.943897938, -18.232423675 ], [ -39.943888704, -18.232379359 ], [ -39.943877327, -18.232317039 ], [ -39.94385527, -18.232210659 ], [ -39.943838332, -18.232121747 ], [ -39.943833946, -18.232094961 ], [ -39.943829843, -18.232077317 ], [ -39.943818759, -18.232014949 ], [ -39.943812802, -18.231988441 ], [ -39.943791952, -18.231881839 ], [ -39.943787756, -18.231855025 ], [ -39.943775226, -18.231792907 ], [ -39.943772502, -18.231775021 ], [ -39.943764588, -18.231739672 ], [ -39.943736033, -18.23158848 ], [ -39.943724849, -18.23153532 ], [ -39.943718698, -18.231499652 ], [ -39.943714463, -18.231482036 ], [ -39.943696822, -18.231393249 ], [ -39.943691009, -18.231357529 ], [ -39.943685924, -18.231330856 ], [ -39.943677942, -18.231295521 ], [ -39.943656652, -18.231179811 ], [ -39.943641623, -18.231108953 ], [ -39.943624263, -18.231010936 ], [ -39.943614111, -18.230966803 ], [ -39.943602936, -18.23090445 ], [ -39.943593431, -18.230860186 ], [ -39.943577053, -18.230771178 ], [ -39.9435674, -18.230726943 ], [ -39.943563346, -18.230700109 ], [ -39.943559503, -18.230682412 ], [ -39.943539899, -18.230575594 ], [ -39.943524914, -18.230504728 ], [ -39.943507447, -18.230406729 ], [ -39.94349469, -18.230344652999985 ], [ -39.943490413, -18.230327046 ], [ -39.943484597, -18.230291326999989 ], [ -39.943442901, -18.230078123 ], [ -39.943429968, -18.230006888 ], [ -39.943415831, -18.229935863 ], [ -39.943409732, -18.229909385 ], [ -39.943400104, -18.229855947 ], [ -39.943385516, -18.229785005 ], [ -39.943367526, -18.229687093 ], [ -39.943339453, -18.229545006 ], [ -39.943330482, -18.229491464 ], [ -39.943301209, -18.229349599 ], [ -39.9432803, -18.229233825 ], [ -39.943254776, -18.229109676 ], [ -39.943240491, -18.229029494 ], [ -39.943203057, -18.228843112 ], [ -39.943197509, -18.228807353 ], [ -39.943186259, -18.228754206 ], [ -39.943181527, -18.228727474 ], [ -39.943177366, -18.228709842 ], [ -39.943159877, -18.228611846 ], [ -39.943140026, -18.228514262 ], [ -39.943135356, -18.22848752 ], [ -39.943119468, -18.228407614 ], [ -39.943108212, -18.228354468 ], [ -39.943103773, -18.22832769 ], [ -39.943089636, -18.228256664 ], [ -39.943060018, -18.228096474 ], [ -39.943041737, -18.228007805 ], [ -39.943005889, -18.227821139 ], [ -39.943001183046398, -18.227799661211755 ] ] } },
{ "type": "Feature", "properties": { "Field": "000", "Length": 565.55474565968177 }, "geometry": { "type": "LineString", "coordinates": [ [ -39.943963601960199, -18.232840548795227 ], [ -39.943958365, -18.2328136 ], [ -39.943951984, -18.232787182 ], [ -39.943943079, -18.23273363 ], [ -39.943935064, -18.232698302 ], [ -39.943931175, -18.232671446 ], [ -39.943925034, -18.232644976 ], [ -39.943913964, -18.232582606 ], [ -39.943897711, -18.232502767 ], [ -39.943862631, -18.232315967 ], [ -39.943856523, -18.232289491 ], [ -39.943845427, -18.232227125 ], [ -39.94382926, -18.232147269 ], [ -39.943810997, -18.232049403 ], [ -39.943776959, -18.231880803 ], [ -39.94376009, -18.231782708 ], [ -39.943740679, -18.231694259 ], [ -39.94372374, -18.231596175 ], [ -39.943712367, -18.231543051 ], [ -39.943702376, -18.231489674 ], [ -39.943690794, -18.231436592 ], [ -39.943674735, -18.231347531 ], [ -39.943665027, -18.231303307 ], [ -39.94365322, -18.23124106 ], [ -39.943648946, -18.231214258 ], [ -39.94362205, -18.231081157 ], [ -39.943610312, -18.231009734 ], [ -39.943603996, -18.230983302 ], [ -39.943594261, -18.230929882 ], [ -39.943577498, -18.230850139 ], [ -39.943573088, -18.230823357 ], [ -39.943562749, -18.230770041 ], [ -39.943553018, -18.230725821 ], [ -39.943548717, -18.230699023 ], [ -39.94352865, -18.230592284 ], [ -39.943510627, -18.230503567 ], [ -39.943492982, -18.230405597 ], [ -39.943479637, -18.230343634 ], [ -39.943470544, -18.230290111 ], [ -39.943455627, -18.230219232 ], [ -39.943437219, -18.23012139 ], [ -39.943431274, -18.23009488 ], [ -39.94339458, -18.229899175 ], [ -39.94337231, -18.229792836 ], [ -39.943346291, -18.229650393 ], [ -39.943338416, -18.229615035 ], [ -39.943329668, -18.229570629 ], [ -39.943313773, -18.229481541 ], [ -39.94328518, -18.229339549 ], [ -39.94326211, -18.229214962 ], [ -39.943240246, -18.229108546 ], [ -39.9432207, -18.229001719 ], [ -39.943205932, -18.228930811 ], [ -39.943182624, -18.228806264 ], [ -39.943162743, -18.228708686 ], [ -39.943149878, -18.228637441 ], [ -39.943125325, -18.228513113 ], [ -39.943119393, -18.228477411 ], [ -39.943108213, -18.22842425 ], [ -39.943103521, -18.228397511 ], [ -39.943091921, -18.228344432 ], [ -39.943067361, -18.22821092 ], [ -39.943054625, -18.22814884 ], [ -39.943034852, -18.228042051 ], [ -39.943008039, -18.227908935 ], [ -39.94299686, -18.227846582 ], [ -39.942990275022609, -18.227815383107096 ] ] } },
{ "type": "Feature", "properties": { "Field": "000", "Length": 564.6765349607864 }, "geometry": { "type": "LineString", "coordinates": [ [ -39.943951164967352, -18.232848143836378 ], [ -39.943915708, -18.23267048 ], [ -39.943893094, -18.232545816 ], [ -39.943876542, -18.232466033 ], [ -39.943851739, -18.232332562 ], [ -39.943840796, -18.232279355999989 ], [ -39.943827429, -18.232208194 ], [ -39.943817927, -18.23216393 ], [ -39.943808326, -18.232110487 ], [ -39.943801079, -18.232075008 ], [ -39.943796777, -18.232048209 ], [ -39.943767769, -18.231906294 ], [ -39.943753312, -18.23182614 ], [ -39.943746064, -18.231781487 ], [ -39.943731866, -18.231719698 ], [ -39.943723123, -18.231666122 ], [ -39.94370652, -18.231586348 ], [ -39.943686225, -18.231479649 ], [ -39.943674892, -18.231426517 ], [ -39.943663735, -18.231364161 ], [ -39.943640912, -18.231248718 ], [ -39.943632934, -18.231204179 ], [ -39.943612574, -18.231106691 ], [ -39.943595235, -18.231008671 ], [ -39.943556451, -18.230813335 ], [ -39.943550476, -18.23077764 ], [ -39.943524022, -18.230644458 ], [ -39.943514685, -18.230590973 ], [ -39.943503011, -18.230537909 ], [ -39.9434986, -18.230511127 ], [ -39.943480102, -18.2304133 ], [ -39.943465444, -18.230342372 ], [ -39.94345404, -18.230280056 ], [ -39.943441305, -18.230217977 ], [ -39.943424903, -18.230128973 ], [ -39.943417128, -18.230093596 ], [ -39.943403298, -18.230022515 ], [ -39.943382632, -18.229906702 ], [ -39.943357819, -18.229791634 ], [ -39.943346414, -18.229720162 ], [ -39.943315393, -18.229569414 ], [ -39.943305904, -18.229515954 ], [ -39.943272669, -18.229347208 ], [ -39.94326142, -18.229284866 ], [ -39.943234546, -18.229151761 ], [ -39.943223352, -18.229089411 ], [ -39.943199105, -18.228965029 ], [ -39.943193195, -18.228938511 ], [ -39.943158178, -18.228751701 ], [ -39.943148601, -18.228707451 ], [ -39.943126724, -18.228591841 ], [ -39.943122775, -18.228574164 ], [ -39.943118287, -18.228547394 ], [ -39.943109019, -18.228503084 ], [ -39.943098308, -18.228440656 ], [ -39.94309048, -18.228405289 ], [ -39.943067299, -18.228289911 ], [ -39.943053013, -18.228209729 ], [ -39.943040179, -18.228147668 ], [ -39.943021907, -18.228049803 ], [ -39.943017755, -18.228032169 ], [ -39.943009916, -18.227987608 ], [ -39.942991753, -18.227898917 ], [ -39.942979699067692, -18.227830626383501 ] ] } },
{ "type": "Feature", "properties": { "Field": "000", "Length": 563.71858913895255 }, "geometry": { "type": "LineString", "coordinates": [ [ -39.943938583, -18.232855827 ], [ -39.943918503, -18.232758198 ], [ -39.943905568, -18.232686964 ], [ -39.943899906, -18.232660397 ], [ -39.94389056, -18.232606914 ], [ -39.943856454, -18.232438327 ], [ -39.943845887, -18.232375876 ], [ -39.943833217, -18.232313785 ], [ -39.94382322500001, -18.232260408 ], [ -39.943806712, -18.232180618 ], [ -39.943799032, -18.232136031 ], [ -39.943786532, -18.232073908 ], [ -39.943778722, -18.232029342 ], [ -39.943758703, -18.231931789 ], [ -39.943742145, -18.231842812 ], [ -39.943734884, -18.231798161 ], [ -39.943730367, -18.23178061 ], [ -39.943720753, -18.231736367 ], [ -39.943706363, -18.231656202 ], [ -39.94368147, -18.231531936 ], [ -39.943671927, -18.231478484 ], [ -39.943657073, -18.231407593 ], [ -39.943642558, -18.231327448 ], [ -39.943631739, -18.231274219 ], [ -39.943620405, -18.231211892 ], [ -39.943608605, -18.231158853 ], [ -39.94359981, -18.231114455 ], [ -39.943587456, -18.231043127 ], [ -39.943558179, -18.230892061 ], [ -39.943541868, -18.230812233 ], [ -39.943531057, -18.230749821 ], [ -39.943516806, -18.230678817 ], [ -39.943498498, -18.230580958 ], [ -39.943483536, -18.230510087 ], [ -39.943469206, -18.230429912 ], [ -39.943452815, -18.230350099 ], [ -39.943439827, -18.230278874 ], [ -39.94343390800001, -18.230252358 ], [ -39.943420297, -18.230181239 ], [ -39.9434126, -18.230136655 ], [ -39.943393913, -18.230048064 ], [ -39.943380512, -18.229976908 ], [ -39.943369942, -18.229914459 ], [ -39.943343937, -18.229790401 ], [ -39.943321257, -18.229665748 ], [ -39.943295754, -18.229541595 ], [ -39.943284588, -18.229479241 ], [ -39.943268505, -18.22939937 ], [ -39.943252086, -18.229310369 ], [ -39.943235498, -18.229230593 ], [ -39.943197221, -18.229025978 ], [ -39.943177066, -18.228928451 ], [ -39.943157251, -18.228821669 ], [ -39.943144779, -18.228759541 ], [ -39.943141905, -18.228741676 ], [ -39.943130567, -18.228688546 ], [ -39.943122709, -18.228643987 ], [ -39.943109954, -18.228581911 ], [ -39.943101562, -18.228528284 ], [ -39.943091709, -18.228484089 ], [ -39.943081829, -18.228430694 ], [ -39.943068877, -18.228368655 ], [ -39.943064308, -18.228341897 ], [ -39.943044612, -18.228244284 ], [ -39.943040121, -18.228217514 ], [ -39.943029114, -18.22816432 ], [ -39.943016119, -18.228093096 ], [ -39.943006773, -18.228048801 ], [ -39.942997116, -18.227995368 ], [ -39.942981027, -18.227915499 ], [ -39.942971739, -18.227862006 ], [ -39.942968415, -18.227846891 ] ] } },
{ "type": "Feature", "properties": { "Field": "000", "Length": 562.83653522879615 }, "geometry": { "type": "LineString", "coordinates": [ [ -39.943925277, -18.232863953 ], [ -39.943907256, -18.232774787 ], [ -39.943891451, -18.232685685 ], [ -39.943872822, -18.232597083 ], [ -39.943851514, -18.232481376 ], [ -39.943831831, -18.232383761 ], [ -39.943827426, -18.232356978 ], [ -39.943819733, -18.232321584 ], [ -39.943810061, -18.232268153 ], [ -39.943802392, -18.232232755 ], [ -39.943777204, -18.232099349 ], [ -39.943767729, -18.232055079 ], [ -39.943756406, -18.23199275 ], [ -39.943733359, -18.231877347 ], [ -39.94372173, -18.231805908 ], [ -39.943717059, -18.231788393 ], [ -39.943713886, -18.231770574 ], [ -39.94370599, -18.231735222 ], [ -39.943693227, -18.231663959 ], [ -39.943657987, -18.231486378 ], [ -39.943650169, -18.231441813 ], [ -39.94364418, -18.231415312 ], [ -39.943622639, -18.231299644 ], [ -39.943608112, -18.231228691 ], [ -39.943596441, -18.23116642 ], [ -39.943587072, -18.23112213 ], [ -39.943574839, -18.231050782 ], [ -39.943535843, -18.230855485 ], [ -39.943516015, -18.230748705 ], [ -39.943510234, -18.230722162 ], [ -39.943497079, -18.230650965 ], [ -39.943473888, -18.230535589 ], [ -39.943461403, -18.230464281 ], [ -39.943434644, -18.230331155 ], [ -39.94342681, -18.230286593 ], [ -39.943402927, -18.230171346 ], [ -39.943393821, -18.230117825 ], [ -39.943389731, -18.230100178 ], [ -39.943365321, -18.229975824 ], [ -39.943362932, -18.229957894 ], [ -39.943359263, -18.229940163 ], [ -39.943356715, -18.229922253 ], [ -39.943338775, -18.229833521 ], [ -39.943332784, -18.22980702 ], [ -39.943306666, -18.229664593 ], [ -39.943302279, -18.229647012 ], [ -39.943289929, -18.229584861 ], [ -39.943225174, -18.229247064 ], [ -39.943213704, -18.229193959 ], [ -39.943184377, -18.22903372 ], [ -39.943178161, -18.229007267 ], [ -39.94317544, -18.22898938 ], [ -39.943169485, -18.228962872 ], [ -39.943127224, -18.228740578 ], [ -39.943117689, -18.228696319 ], [ -39.943102252, -18.228616332 ], [ -39.943091775, -18.228553868 ], [ -39.943083357, -18.228509404 ], [ -39.943065311, -18.228420691 ], [ -39.943055117, -18.228376567 ], [ -39.943028982, -18.228234143 ], [ -39.943016178, -18.228172076 ], [ -39.943012092, -18.228145247 ], [ -39.943005438, -18.228109661 ], [ -39.942986841, -18.228030291 ], [ -39.942975499, -18.227958809 ], [ -39.942968822, -18.227923227 ], [ -39.942962979, -18.227896697 ], [ -39.942957310008033, -18.22786289604791 ] ] } },
{ "type": "Feature", "properties": { "Field": "000", "Length": 561.76259940237753 }, "geometry": { "type": "LineString", "coordinates": [ [ -39.943912331, -18.232871859 ], [ -39.943904552, -18.232835914 ], [ -39.943891565, -18.232764689 ], [ -39.943885971, -18.232738109 ], [ -39.943881701, -18.232711306 ], [ -39.943871218, -18.232658016 ], [ -39.943857965, -18.232596035 ], [ -39.943845387, -18.232524743 ], [ -39.943832525, -18.232462687 ], [ -39.943816008, -18.232373703 ], [ -39.943808282, -18.232338315 ], [ -39.943793305, -18.232258249 ], [ -39.943753132, -18.232053966 ], [ -39.943740058, -18.231982755 ], [ -39.943732567, -18.231947322 ], [ -39.943721583, -18.231884937 ], [ -39.943705826, -18.231805007 ], [ -39.943696033, -18.2317608 ], [ -39.94368991, -18.231725128 ], [ -39.943656845, -18.231556351 ], [ -39.943652349, -18.231529582 ], [ -39.943646448, -18.231503063 ], [ -39.943634797, -18.231440789 ], [ -39.943630563, -18.231423173 ], [ -39.943626674, -18.231396317 ], [ -39.943620844, -18.231369783 ], [ -39.943610742, -18.231316426 ], [ -39.94360841, -18.231307667 ], [ -39.94359881, -18.231254225 ], [ -39.943569195, -18.23110322 ], [ -39.943556542, -18.231031939 ], [ -39.943522518, -18.230863337 ], [ -39.943485848, -18.230667628 ], [ -39.943472108, -18.230596532 ], [ -39.943457358, -18.230525621 ], [ -39.943454745, -18.230507719 ], [ -39.943449341, -18.230481104 ], [ -39.943446517, -18.230463232 ], [ -39.94343725, -18.230418921 ], [ -39.943402992, -18.230241164 ], [ -39.943388225, -18.230170256 ], [ -39.943371823, -18.230081253 ], [ -39.943357115, -18.230010333 ], [ -39.94335213, -18.229983643 ], [ -39.943346649, -18.229947875 ], [ -39.943340676, -18.229921371 ], [ -39.943336167, -18.229894604 ], [ -39.943319857, -18.229814775 ], [ -39.943293168, -18.229672445 ], [ -39.94328358, -18.229628197 ], [ -39.943270582, -18.229556973 ], [ -39.943235791, -18.229379311 ], [ -39.943226092, -18.229325885 ], [ -39.943199416, -18.229192744 ], [ -39.943183182, -18.229103712 ], [ -39.943161298, -18.2289973 ], [ -39.943128374, -18.228819313 ], [ -39.943118796, -18.228775063 ], [ -39.943107041, -18.228712807 ], [ -39.943093976, -18.22865079 ], [ -39.943068456, -18.228508264 ], [ -39.943062412, -18.228481774 ], [ -39.943052466, -18.22842839 ], [ -39.94303514, -18.228348757 ], [ -39.943014765, -18.228232897 ], [ -39.943003533, -18.228179746 ], [ -39.942990193, -18.22810858 ], [ -39.942978349, -18.22805555 ], [ -39.94295724, -18.22793981 ], [ -39.942945198038942, -18.227880353192297 ] ] } },
{ "type": "Feature", "properties": { "Field": "000", "Length": 560.7976029268824 }, "geometry": { "type": "LineString", "coordinates": [ [ -39.943899044, -18.232879973 ], [ -39.943887195, -18.232826478 ], [ -39.943875591, -18.232764196 ], [ -39.943868894, -18.232719465 ], [ -39.94385683, -18.232666481 ], [ -39.94383533, -18.232550806 ], [ -39.943816877, -18.23246217 ], [ -39.943806028, -18.232399764 ], [ -39.943794536, -18.232346664 ], [ -39.943788485, -18.23231098 ], [ -39.943772665, -18.232231061 ], [ -39.943766579, -18.232195383 ], [ -39.943760335, -18.232168936 ], [ -39.943743544, -18.232079998 ], [ -39.943733984, -18.232035745 ], [ -39.94372349, -18.231973283 ], [ -39.94371536900001, -18.231937977 ], [ -39.943704097, -18.23187564 ], [ -39.943698442, -18.231839897 ], [ -39.943684828, -18.231777988 ], [ -39.943675904, -18.231733613 ], [ -39.943663324, -18.231662321 ], [ -39.943628138, -18.231484729 ], [ -39.943625214, -18.231466872 ], [ -39.943617132, -18.231431557 ], [ -39.943611547, -18.231395804 ], [ -39.943589654, -18.231289393 ], [ -39.943580299, -18.231235912 ], [ -39.943574547, -18.231209363 ], [ -39.943552934, -18.231093707 ], [ -39.94354546, -18.231058271 ], [ -39.943525876, -18.23095145 ], [ -39.943507275, -18.230862842 ], [ -39.943494492, -18.230791583 ], [ -39.943485261, -18.230747265 ], [ -39.943480861, -18.230720482 ], [ -39.943464944, -18.230640581 ], [ -39.943448579, -18.230551571 ], [ -39.943435232, -18.230489609 ], [ -39.943419171, -18.230400548 ], [ -39.943392411, -18.230267422 ], [ -39.943388146, -18.230240618 ], [ -39.943374776, -18.230178661 ], [ -39.94335991, -18.230098575 ], [ -39.943355853, -18.230071742 ], [ -39.94333915, -18.229991987 ], [ -39.9433315, -18.229947396 ], [ -39.94332729, -18.229929775 ], [ -39.943309127, -18.229831891 ], [ -39.943294662, -18.229760926 ], [ -39.943276356, -18.229663067 ], [ -39.943266922, -18.229618789 ], [ -39.94325224, -18.229538672 ], [ -39.943235768, -18.229458874 ], [ -39.943226645, -18.229405356 ], [ -39.943204996, -18.229298899 ], [ -39.943198755, -18.229263245 ], [ -39.943193037, -18.22923669 ], [ -39.943176484, -18.229147712 ], [ -39.943170699, -18.229121169 ], [ -39.943164681, -18.22908548 ], [ -39.943148332, -18.229005659 ], [ -39.943138816, -18.228952203 ], [ -39.943126228, -18.228890096 ], [ -39.943115274, -18.228827707 ], [ -39.943111163, -18.228810064 ], [ -39.943090408, -18.228703446 ], [ -39.943077469, -18.228641404 ], [ -39.943054939, -18.228516727 ], [ -39.943049053, -18.228490205 ], [ -39.943044761, -18.228463405 ], [ -39.943031314, -18.228401463 ], [ -39.943005693, -18.228268132 ], [ -39.942996671, -18.228214598 ], [ -39.942986287, -18.228170515 ], [ -39.942973535, -18.228099251 ], [ -39.94296582, -18.228063861 ], [ -39.942956192, -18.228010423 ], [ -39.942933445000293, -18.227897293001469 ] ] } },
{ "type": "Feature", "properties": { "Field": "000", "Length": 559.85342448587448 }, "geometry": { "type": "LineString", "coordinates": [ [ -39.94388612, -18.232887906 ], [ -39.943882881, -18.232869774 ], [ -39.943869108, -18.232807897 ], [ -39.943852509, -18.23270976 ], [ -39.943832224, -18.232612258 ], [ -39.943817415, -18.232532162 ], [ -39.943811417, -18.232505663 ], [ -39.943791104, -18.232398967 ], [ -39.943780063, -18.232345779 ], [ -39.94376273, -18.232247758 ], [ -39.943756841, -18.232221237 ], [ -39.943752099, -18.232194506 ], [ -39.943747534, -18.232176966 ], [ -39.943741579, -18.232141267 ], [ -39.943729188, -18.232079124 ], [ -39.943724646, -18.232052362 ], [ -39.943715033, -18.232008119 ], [ -39.943710628, -18.231981336 ], [ -39.943701387, -18.23193702 ], [ -39.943679824, -18.231821356 ], [ -39.943661443, -18.231732707 ], [ -39.943657083, -18.231705917 ], [ -39.943635325, -18.231590286 ], [ -39.943609908, -18.231466117 ], [ -39.943598413, -18.231403816 ], [ -39.94359584, -18.23138591 ], [ -39.943589244, -18.231359541 ], [ -39.943584709, -18.231332777 ], [ -39.943575669, -18.231288424 ], [ -39.943568056, -18.231243827 ], [ -39.943560363, -18.231208433 ], [ -39.94355395, -18.231172807 ], [ -39.943541233, -18.231110724 ], [ -39.943507694, -18.230932842 ], [ -39.943492703, -18.230861977 ], [ -39.94347288, -18.230755196 ], [ -39.943460322, -18.230693084 ], [ -39.943437508, -18.230568454 ], [ -39.94341912, -18.230479805 ], [ -39.943383696, -18.230293065 ], [ -39.943367764, -18.230213166999985 ], [ -39.943361804, -18.23018666 ], [ -39.943352939, -18.230133102 ], [ -39.943341325, -18.230070821 ], [ -39.943314527, -18.229937702 ], [ -39.943270627, -18.229706507 ], [ -39.943252144, -18.229617877 ], [ -39.943228822, -18.229493333 ], [ -39.943219617, -18.229449011 ], [ -39.943199891, -18.229342214 ], [ -39.943176696, -18.229226838 ], [ -39.943125745, -18.228960126 ], [ -39.943111155, -18.228889185 ], [ -39.943100605, -18.228826732 ], [ -39.94309293300001, -18.228791334 ], [ -39.943066397, -18.228658167 ], [ -39.94302960400001, -18.22846248 ], [ -39.943011583, -18.228373763 ], [ -39.942987596, -18.228249334 ], [ -39.942983167, -18.228222554 ], [ -39.942968302, -18.228151665 ], [ -39.942960345, -18.228107123 ], [ -39.942939575, -18.228000507 ], [ -39.942935086, -18.227973736 ], [ -39.942922311, -18.227913341 ] ] } },
{ "type": "Feature", "properties": { "Field": "000", "Length": 558.90016121952272 }, "geometry": { "type": "LineString", "coordinates": [ [ -39.943873548951217, -18.232895622769334 ], [ -39.94385851, -18.232824514 ], [ -39.943843271, -18.232735322 ], [ -39.943824847, -18.23264668 ], [ -39.943813555, -18.232584346 ], [ -39.943797075, -18.232504549 ], [ -39.943778588, -18.232406721 ], [ -39.943766024, -18.23234461 ], [ -39.943741329, -18.23221112 ], [ -39.943733598, -18.232175733 ], [ -39.943726365, -18.232131079 ], [ -39.943707824, -18.232042459 ], [ -39.943666795, -18.231829137 ], [ -39.943654026, -18.231767063 ], [ -39.943644471, -18.231713614 ], [ -39.943620616, -18.231589162 ], [ -39.943590602, -18.231438228 ], [ -39.943580994, -18.231384788 ], [ -39.943562942, -18.231296076 ], [ -39.943551736, -18.231233728 ], [ -39.943545802, -18.231207215 ], [ -39.943525524, -18.231100513 ], [ -39.943521441, -18.231082864 ], [ -39.943515192, -18.231047212 ], [ -39.943505593, -18.231002966 ], [ -39.943494738, -18.230940561 ], [ -39.943485239, -18.230896295 ], [ -39.943477241, -18.23085176 ], [ -39.943466149, -18.230798582 ], [ -39.943450692, -18.230718599 ], [ -39.94342505800001, -18.230576092 ], [ -39.943406386, -18.230487497 ], [ -39.943387921, -18.230389665 ], [ -39.943385131, -18.230371788 ], [ -39.943365268, -18.230274207 ], [ -39.94334267, -18.230158723 ], [ -39.94333336, -18.230105234 ], [ -39.943325647, -18.230069844 ], [ -39.943308869, -18.229980905 ], [ -39.943301438, -18.22994546 ], [ -39.943298665, -18.229927581 ], [ -39.943286543, -18.229865389 ], [ -39.943279123, -18.229820762 ], [ -39.943246156, -18.22966117 ], [ -39.943224754, -18.229545479 ], [ -39.943205142, -18.229447851 ], [ -39.943185051, -18.229341116 ], [ -39.943175779, -18.229296806 ], [ -39.943167959, -18.229252242 ], [ -39.943150175, -18.229163481 ], [ -39.94312491, -18.229030089 ], [ -39.94310486, -18.228932542 ], [ -39.943088916, -18.228843462 ], [ -39.94307628, -18.228781364 ], [ -39.943059495, -18.228692426 ], [ -39.943051924, -18.228657008 ], [ -39.943037166, -18.228576904 ], [ -39.943031582, -18.228550323 ], [ -39.943028737, -18.228532453 ], [ -39.943019148, -18.228488206 ], [ -39.943008292, -18.228425801 ], [ -39.942998755, -18.228381543 ], [ -39.942966317, -18.228212655 ], [ -39.942953606, -18.228150571 ], [ -39.94294233, -18.228088234 ], [ -39.942936528, -18.228061695 ], [ -39.942922155, -18.227981527 ], [ -39.942911087, -18.227929518 ] ] } },
{ "type": "Feature", "properties": { "Field": "000", "Length": 558.05457912008887 }, "geometry": { "type": "LineString", "coordinates": [ [ -39.943860426, -18.232903678 ], [ -39.943852319, -18.23285904 ], [ -39.943839453, -18.232796985 ], [ -39.943826907, -18.232725687 ], [ -39.94381188, -18.232654829 ], [ -39.94379736, -18.232574686 ], [ -39.943775524, -18.232468264 ], [ -39.943772663, -18.232450397 ], [ -39.943761706, -18.232397194 ], [ -39.943757626, -18.232370364 ], [ -39.943751548, -18.232343881 ], [ -39.943738375, -18.232272687 ], [ -39.943734291, -18.232255039 ], [ -39.943720601, -18.232174762 ], [ -39.943711669, -18.232130389 ], [ -39.943699893, -18.232077345 ], [ -39.943674987, -18.231943891 ], [ -39.9436411, -18.231775263 ], [ -39.943631998, -18.231721742 ], [ -39.943603872, -18.231579664 ], [ -39.943597621, -18.231544012 ], [ -39.943593468, -18.231526378 ], [ -39.943587095, -18.231490746 ], [ -39.943580949, -18.231464278 ], [ -39.943568216, -18.23139301 ], [ -39.943561819, -18.231366597 ], [ -39.943558019, -18.231339729 ], [ -39.943544826, -18.231277737 ], [ -39.943540467, -18.231250947 ], [ -39.943524487, -18.231171057 ], [ -39.943519984, -18.231144289 ], [ -39.943515545, -18.231126719 ], [ -39.943509523, -18.231091031 ], [ -39.94348624, -18.230975672 ], [ -39.943480367, -18.230939961 ], [ -39.943471628, -18.230895552 ], [ -39.943467319, -18.230877953 ], [ -39.9434626, -18.230851219 ], [ -39.94345164, -18.230798016 ], [ -39.943447184, -18.230771241 ], [ -39.943438011, -18.230726912 ], [ -39.943419082, -18.230619984 ], [ -39.943395314, -18.230504715 ], [ -39.943372105, -18.230380152 ], [ -39.943360814, -18.230327012 ], [ -39.943347839, -18.230255785 ], [ -39.943333547, -18.230184788 ], [ -39.943316893, -18.230095827 ], [ -39.943309085, -18.230060456 ], [ -39.943279103, -18.229900327 ], [ -39.943273381, -18.229873772 ], [ -39.943268941, -18.229846993999988 ], [ -39.943248811, -18.229740266 ], [ -39.943236497, -18.229687334 ], [ -39.943227259, -18.229633834 ], [ -39.943213356, -18.229562767 ], [ -39.943207194, -18.2295271 ], [ -39.943188905, -18.229438433 ], [ -39.943170473, -18.229340595 ], [ -39.943161303, -18.229296267 ], [ -39.943155168, -18.229260596 ], [ -39.943133607, -18.229154123 ], [ -39.943127595, -18.229118433 ], [ -39.943110704, -18.229029513 ], [ -39.943090586, -18.228931979 ], [ -39.943047108, -18.228700712 ], [ -39.943039109, -18.22866538 ], [ -39.94303132, -18.22862081 ], [ -39.943018577, -18.228558732 ], [ -39.942998658, -18.228451968 ], [ -39.942991583, -18.228416457 ], [ -39.942987255, -18.228398862 ], [ -39.942974639, -18.228327575 ], [ -39.942958159, -18.228247779 ], [ -39.942948877, -18.228194285 ], [ -39.942937274, -18.228141207 ], [ -39.942912683, -18.228007699 ], [ -39.94290021404003, -18.227945189200671 ] ] } },
{ "type": "Feature", "properties": { "Field": "000", "Length": 557.10910933602122 }, "geometry": { "type": "LineString", "coordinates": [ [ -39.943847251, -18.232911765 ], [ -39.943842948, -18.232884888 ], [ -39.943828975, -18.232813834 ], [ -39.943822885, -18.232778156 ], [ -39.943818436, -18.232760588 ], [ -39.943813055, -18.232733969 ], [ -39.943806835, -18.232698311 ], [ -39.943801012, -18.232671776 ], [ -39.943777595, -18.232547249 ], [ -39.943750797, -18.23241413 ], [ -39.943744777, -18.232378441 ], [ -39.943735132, -18.232334204 ], [ -39.943726, -18.232280687 ], [ -39.943716386, -18.232236444 ], [ -39.943709333, -18.232191763 ], [ -39.943681645, -18.232058811 ], [ -39.943671597, -18.232005444 ], [ -39.94366732, -18.231978642 ], [ -39.943661604, -18.231952086 ], [ -39.943646454, -18.231872049 ], [ -39.943642176, -18.231854442 ], [ -39.943635177, -18.231818917 ], [ -39.943617914, -18.231720885 ], [ -39.943605819, -18.231667907 ], [ -39.943598351, -18.231623288 ], [ -39.943592412, -18.231596776 ], [ -39.943580304, -18.231534582 ], [ -39.943572761, -18.231489974 ], [ -39.943568269, -18.231472417 ], [ -39.94355543, -18.231401167 ], [ -39.943549317, -18.231374692 ], [ -39.943539893, -18.231321221 ], [ -39.943532063, -18.231285854 ], [ -39.943512589, -18.231179015 ], [ -39.94350108, -18.231125918 ], [ -39.943496647, -18.231099139 ], [ -39.943485644, -18.231045945 ], [ -39.943462353, -18.230921395 ], [ -39.943440398, -18.230814996 ], [ -39.943432779, -18.2307704 ], [ -39.943416824, -18.230690506 ], [ -39.943400987, -18.230601409 ], [ -39.943380694, -18.230503908 ], [ -39.943364522, -18.230414866 ], [ -39.943348733, -18.230334941999988 ], [ -39.943344523, -18.230317321 ], [ -39.943332023, -18.230246016 ], [ -39.943308743, -18.230130656 ], [ -39.943302255, -18.230095042 ], [ -39.94329464, -18.230059633 ], [ -39.943279994, -18.22997951 ], [ -39.94325705, -18.229864089 ], [ -39.943239171, -18.229766158 ], [ -39.94321902, -18.22966863 ], [ -39.943214661, -18.22964184 ], [ -39.943192617, -18.229526259 ], [ -39.943178327, -18.229455261999988 ], [ -39.94317208, -18.229428815 ], [ -39.94316267, -18.229375342 ], [ -39.943146859, -18.229295422 ], [ -39.94314078, -18.229259742 ], [ -39.943121005, -18.229162144 ], [ -39.943099727, -18.229046432 ], [ -39.943086746, -18.228984399 ], [ -39.943063035, -18.228859922 ], [ -39.943057236, -18.228833383 ], [ -39.943016956, -18.22861993 ], [ -39.942986725, -18.228469036 ], [ -39.9429635, -18.228344475 ], [ -39.942947183, -18.228264648 ], [ -39.942937484, -18.228211222 ], [ -39.942921092, -18.228131409 ], [ -39.942911916, -18.228077898 ], [ -39.942888845082273, -18.227961575414785 ] ] } },
{ "type": "Feature", "properties": { "Field": "000", "Length": 556.24851778300047 }, "geometry": { "type": "LineString", "coordinates": [ [ -39.943834424, -18.232919639 ], [ -39.94381653, -18.232821585 ], [ -39.943795079, -18.232715092 ], [ -39.943775666, -18.232608243 ], [ -39.943754277, -18.232501739 ], [ -39.943744588, -18.232457511 ], [ -39.943736532, -18.232412985 ], [ -39.943729503, -18.2323683 ], [ -39.943719617, -18.232324112 ], [ -39.943713147, -18.232288496 ], [ -39.943707046, -18.232262018 ], [ -39.943689184, -18.232164084 ], [ -39.943673677, -18.23209332 ], [ -39.943647776, -18.231950857 ], [ -39.943620645, -18.231817799 ], [ -39.943606735, -18.231737557 ], [ -39.943591458, -18.231666748 ], [ -39.943583461, -18.231622212 ], [ -39.943545234, -18.231426776 ], [ -39.943534028, -18.231364427 ], [ -39.943507697, -18.231231223 ], [ -39.943499808, -18.23118667 ], [ -39.943486438, -18.231124712 ], [ -39.943444633, -18.230902339 ], [ -39.943422614, -18.230795952 ], [ -39.943418242, -18.230769164 ], [ -39.943405466, -18.230707092 ], [ -39.943397182, -18.230662605 ], [ -39.943386505, -18.230600172 ], [ -39.94336236, -18.230484974 ], [ -39.943355012, -18.230440337 ], [ -39.943344273, -18.230387093 ], [ -39.943339776, -18.230360324 ], [ -39.943327424, -18.2303074 ], [ -39.943318949, -18.230253784 ], [ -39.943297527, -18.230147286 ], [ -39.943263703, -18.229969453 ], [ -39.943250822, -18.229907401 ], [ -39.94322655, -18.22977384 ], [ -39.943209724, -18.229694109 ], [ -39.943198583, -18.229631751 ], [ -39.94318771, -18.229578531 ], [ -39.943173183, -18.229498389 ], [ -39.943155891, -18.229418749 ], [ -39.943126403, -18.229258537 ], [ -39.943113674, -18.229196456 ], [ -39.943105723, -18.229151913 ], [ -39.943090093, -18.229071959999981 ], [ -39.943072057, -18.228983246 ], [ -39.943051997, -18.228876505 ], [ -39.94303729, -18.228805586 ], [ -39.943012889, -18.228672047 ], [ -39.943001724, -18.228618883 ], [ -39.942974623, -18.228476624 ], [ -39.942963303, -18.22842349 ], [ -39.942947097, -18.228334453 ], [ -39.942935899, -18.228281296 ], [ -39.942911593, -18.228156924 ], [ -39.942900757, -18.228094516 ], [ -39.942895048, -18.228067958 ], [ -39.942889144, -18.228032252 ], [ -39.942877788054631, -18.227976960266016 ] ] } },
{ "type": "Feature", "properties": { "Field": "000", "Length": 555.03589338531197 }, "geometry": { "type": "LineString", "coordinates": [ [ -39.943823569, -18.232926302 ], [ -39.943815234, -18.232890726 ], [ -39.943796754, -18.232792897 ], [ -39.943784194, -18.232730785 ], [ -39.943768641, -18.232641642 ], [ -39.9437354, -18.232482102 ], [ -39.943730796, -18.232455349 ], [ -39.943727313, -18.232428442 ], [ -39.94371727, -18.232375075 ], [ -39.943689794, -18.232242082 ], [ -39.943679958, -18.232188679 ], [ -39.943655672, -18.232073508 ], [ -39.943632888, -18.231948873 ], [ -39.943617795, -18.231878028 ], [ -39.943598876, -18.231771098 ], [ -39.94358021, -18.231682502 ], [ -39.943569052, -18.231620146 ], [ -39.943562773, -18.231593707 ], [ -39.943539531, -18.231469148999988 ], [ -39.943532164, -18.231433692 ], [ -39.943528018, -18.231406871 ], [ -39.943522033, -18.231380369 ], [ -39.943508032, -18.231309319 ], [ -39.943497202, -18.23124691 ], [ -39.943493158, -18.231229254 ], [ -39.943468603, -18.231104926 ], [ -39.943464211, -18.231078141 ], [ -39.94345433, -18.231033952 ], [ -39.943428177, -18.230891531 ], [ -39.94341711, -18.230838348 ], [ -39.943384017, -18.230669576 ], [ -39.943373404, -18.230607133 ], [ -39.943351109, -18.230500799 ], [ -39.943329713, -18.230375939 ], [ -39.943320906, -18.230340783 ], [ -39.943313142, -18.230305404 ], [ -39.943302243, -18.230243006 ], [ -39.943275732, -18.230109834 ], [ -39.94326436, -18.230047513 ], [ -39.943251599, -18.229985439 ], [ -39.943247054, -18.229958677 ], [ -39.943237797, -18.229914365 ], [ -39.943229006, -18.229860795 ], [ -39.943223232, -18.229834251 ], [ -39.943209642, -18.229763128 ], [ -39.943196353, -18.229701155 ], [ -39.943187228, -18.229647636 ], [ -39.943171092, -18.229567776 ], [ -39.943165266, -18.229532058 ], [ -39.943143292, -18.229425662 ], [ -39.943126919, -18.229336654 ], [ -39.943112408, -18.229265697 ], [ -39.94309091800001, -18.229150021 ], [ -39.943063573, -18.229017003 ], [ -39.943051095, -18.228945695 ], [ -39.943038991, -18.2288835 ], [ -39.943023699, -18.228812694 ], [ -39.94300145, -18.228687971 ], [ -39.942987874, -18.228626054 ], [ -39.942978373, -18.228572595 ], [ -39.942948743, -18.228421593 ], [ -39.942934008, -18.228341485 ], [ -39.942917079, -18.228261774 ], [ -39.942905416, -18.228199502 ], [ -39.942897645, -18.228164124 ], [ -39.94288043, -18.228066084 ], [ -39.942863894, -18.227995516 ] ] } },
{ "type": "Feature", "properties": { "Field": "000", "Length": 554.23060523445315 }, "geometry": { "type": "LineString", "coordinates": [ [ -39.943811499, -18.232933711 ], [ -39.943801277, -18.23288912 ], [ -39.943794042, -18.232853639 ], [ -39.943764809, -18.232702565 ], [ -39.943752205, -18.232631277 ], [ -39.943729754, -18.232524972 ], [ -39.943723809, -18.232489272 ], [ -39.943716324, -18.232453838 ], [ -39.943712516, -18.232426971 ], [ -39.943706114, -18.232391343 ], [ -39.943700232, -18.23236482 ], [ -39.943695558, -18.232338079 ], [ -39.943671014, -18.232213749 ], [ -39.943640795, -18.232072065000011 ], [ -39.943626745, -18.231991845 ], [ -39.943612136, -18.231920907 ], [ -39.94359942, -18.231849637 ], [ -39.943586983, -18.231787502 ], [ -39.94358435, -18.231769603 ], [ -39.943568996, -18.231698809 ], [ -39.943560866, -18.231654296 ], [ -39.943548253, -18.231592193 ], [ -39.943514971, -18.231414267 ], [ -39.943505301, -18.231370035 ], [ -39.943496666, -18.231325609 ], [ -39.943480879, -18.231236503 ], [ -39.943462719, -18.231147812 ], [ -39.943448011, -18.2310677 ], [ -39.943438398, -18.231023457 ], [ -39.943406459, -18.230854482 ], [ -39.943371161, -18.230676911 ], [ -39.943358734, -18.230605594 ], [ -39.943336312, -18.230499284 ], [ -39.943324945, -18.230427806 ], [ -39.943314746, -18.230374465 ], [ -39.943302681, -18.230321482 ], [ -39.943285513, -18.23023261 ], [ -39.943281383, -18.230214971 ], [ -39.94327196, -18.2301615 ], [ -39.943257453, -18.230090543 ], [ -39.943212268, -18.229850387 ], [ -39.943195676, -18.229770611 ], [ -39.943181889, -18.229699523 ], [ -39.943174483, -18.229654894 ], [ -39.943163757, -18.229601648 ], [ -39.943150868, -18.229530406 ], [ -39.943121537, -18.229388552 ], [ -39.943104841, -18.229299598 ], [ -39.943095545, -18.229255293 ], [ -39.943077974, -18.229157311 ], [ -39.943055838, -18.229050946 ], [ -39.943038418, -18.228952939 ], [ -39.943022643, -18.228873013 ], [ -39.94301104, -18.228819934 ], [ -39.942983129, -18.228668633 ], [ -39.942956086, -18.228535559 ], [ -39.942950018, -18.228499878 ], [ -39.9429393, -18.22844663 ], [ -39.942923068, -18.228357598 ], [ -39.94291545, -18.228322189 ], [ -39.942910709, -18.228295459 ], [ -39.942898931, -18.228242416 ], [ -39.942890835, -18.228197896 ], [ -39.942886707, -18.228180257 ], [ -39.942863812, -18.228055641 ], [ -39.942853069034548, -18.228009971146886 ] ] } },
{ "type": "Feature", "properties": { "Field": "000", "Length": 553.51403646808683 }, "geometry": { "type": "LineString", "coordinates": [ [ -39.943796558988844, -18.232942881941128 ], [ -39.943788116, -18.232898327 ], [ -39.943780237, -18.23286297 ], [ -39.94376272, -18.232764979 ], [ -39.943749359, -18.23270302 ], [ -39.943724905, -18.232569489 ], [ -39.943718741, -18.232543025 ], [ -39.943708803, -18.232489639 ], [ -39.943702752, -18.232463151 ], [ -39.943681922, -18.232347364 ], [ -39.943672581, -18.232303068 ], [ -39.943666773, -18.232267347 ], [ -39.943654008, -18.232205273 ], [ -39.943645703, -18.232170006 ], [ -39.943639903, -18.232134284 ], [ -39.943635302, -18.232116752 ], [ -39.943626204, -18.23207241 ], [ -39.943609497, -18.23197429 ], [ -39.943597332, -18.231912106 ], [ -39.94359303, -18.231894505 ], [ -39.943585515, -18.231849893 ], [ -39.943576015, -18.231805627 ], [ -39.943568003, -18.231761094 ], [ -39.943558127, -18.231716904 ], [ -39.94351139, -18.231467832 ], [ -39.943485796, -18.231343696 ], [ -39.943475319, -18.231281232 ], [ -39.943469591, -18.231254678 ], [ -39.943462011, -18.231210076 ], [ -39.943447837, -18.231148282 ], [ -39.943435674, -18.231076923 ], [ -39.943425572, -18.23103278 ], [ -39.943421156, -18.231005998 ], [ -39.943415109, -18.23097951 ], [ -39.943409773, -18.230943722 ], [ -39.943405361, -18.230926146 ], [ -39.943376494, -18.230775008 ], [ -39.943362883, -18.230713098 ], [ -39.943349501, -18.230632774 ], [ -39.943328593, -18.230526183 ], [ -39.943322465, -18.230499711 ], [ -39.943318289, -18.230472894 ], [ -39.943300035, -18.23038422 ], [ -39.943294324, -18.230348485 ], [ -39.943289163, -18.230321826 ], [ -39.943267022, -18.230215462 ], [ -39.943258127, -18.230161908 ], [ -39.943231448, -18.230028767 ], [ -39.943225418, -18.22999308 ], [ -39.943223062, -18.229984328 ], [ -39.943207522, -18.229904359 ], [ -39.943198367, -18.229850846 ], [ -39.943174676, -18.229735563 ], [ -39.943157358, -18.229637539 ], [ -39.943149512, -18.229602176 ], [ -39.94311358400001, -18.229415524 ], [ -39.943109068, -18.229397972 ], [ -39.943101902, -18.229362477 ], [ -39.943084806, -18.229273593 ], [ -39.943072548, -18.229202249 ], [ -39.943064045, -18.229157799 ], [ -39.943044979, -18.229069282 ], [ -39.943022745, -18.228944556 ], [ -39.942990012, -18.22878492 ], [ -39.942965947, -18.228651325 ], [ -39.942943776, -18.228544967 ], [ -39.942932783, -18.228482584 ], [ -39.942916542, -18.228402743 ], [ -39.942895134, -18.228287051999981 ], [ -39.942886818, -18.228251787 ], [ -39.942870427, -18.228162782 ], [ -39.942864195, -18.228136332 ], [ -39.942852914, -18.228073996 ], [ -39.942841458006207, -18.228025477026286 ] ] } },
{ "type": "Feature", "properties": { "Field": "000", "Length": 552.67607047444153 }, "geometry": { "type": "LineString", "coordinates": [ [ -39.943783991999958, -18.232950595999746 ], [ -39.943765793, -18.232861805 ], [ -39.943751324, -18.232781653 ], [ -39.943736416, -18.232710772 ], [ -39.943711854, -18.23257726 ], [ -39.943688152, -18.232461978 ], [ -39.943677374, -18.232399561 ], [ -39.943651606, -18.232266257 ], [ -39.943613724, -18.232079957 ], [ -39.943598368, -18.231990784 ], [ -39.943591522, -18.231955231 ], [ -39.943585691, -18.231928698 ], [ -39.943574332, -18.231866375 ], [ -39.943556062, -18.231777704 ], [ -39.943541016, -18.231697649 ], [ -39.943524898, -18.231617785 ], [ -39.943512152, -18.23154652 ], [ -39.943488649, -18.231431202 ], [ -39.943475683, -18.231359973 ], [ -39.943469622, -18.231333487 ], [ -39.943463642, -18.231297792 ], [ -39.943448539, -18.231217747 ], [ -39.943437264, -18.231164604 ], [ -39.94342063, -18.23107564 ], [ -39.943412702, -18.231040293 ], [ -39.943392866, -18.230933515 ], [ -39.943368159, -18.230809215 ], [ -39.943356674, -18.230746913 ], [ -39.943346972, -18.230702687 ], [ -39.943339432, -18.230658079 ], [ -39.943323711, -18.230578143 ], [ -39.943317584, -18.230542471 ], [ -39.943283972, -18.230373792 ], [ -39.943277698, -18.230338144 ], [ -39.943251296, -18.230204953 ], [ -39.943235317, -18.230115879 ], [ -39.943215346, -18.230018317 ], [ -39.943142132, -18.229636063 ], [ -39.943120403, -18.229529621 ], [ -39.943101302, -18.22942272 ], [ -39.943094968, -18.229396293 ], [ -39.943087717, -18.229360814 ], [ -39.943045761, -18.229138467 ], [ -39.943028793, -18.229058763 ], [ -39.943011052, -18.228960809 ], [ -39.942989855, -18.22885427 ], [ -39.942981837, -18.228809738 ], [ -39.942963789, -18.228721025 ], [ -39.942949299, -18.228640877 ], [ -39.942934813, -18.228569916 ], [ -39.942918264, -18.228480937 ], [ -39.942903717, -18.228409987 ], [ -39.942890772, -18.228338755 ], [ -39.942865431, -18.228214572 ], [ -39.942862905, -18.228196659 ], [ -39.942856335, -18.228161059 ], [ -39.942830543067025, -18.228040053314462 ] ] } },
{ "type": "Feature", "properties": { "Field": "000", "Length": 551.97616227249841 }, "geometry": { "type": "LineString", "coordinates": [ [ -39.943770349989983, -18.232958969942331 ], [ -39.943762551, -18.232914119 ], [ -39.943750928, -18.232861045 ], [ -39.943742056, -18.232807488 ], [ -39.94371816, -18.232692243 ], [ -39.943700697, -18.232594243 ], [ -39.943683924, -18.232514502 ], [ -39.943671809, -18.232452309 ], [ -39.943662539, -18.232398814 ], [ -39.943649247, -18.232336841 ], [ -39.943644397, -18.232310128 ], [ -39.94364038, -18.232292466 ], [ -39.943630797, -18.232239021 ], [ -39.943616916, -18.232167949 ], [ -39.943612844, -18.232150298 ], [ -39.94360544, -18.232105669 ], [ -39.94359464, -18.232052437 ], [ -39.943581747, -18.231981196 ], [ -39.943564376, -18.231901572 ], [ -39.943553491, -18.231839171 ], [ -39.943539031, -18.231768206 ], [ -39.94351581, -18.231643644 ], [ -39.943509709, -18.231617167 ], [ -39.943491918, -18.231519221 ], [ -39.943468549, -18.231403877 ], [ -39.943459107, -18.231350409 ], [ -39.943455089, -18.231332747 ], [ -39.943443361, -18.231270487 ], [ -39.943431489, -18.231217463 ], [ -39.943423012, -18.231163847 ], [ -39.943414788, -18.231119348999982 ], [ -39.943396468, -18.231030688 ], [ -39.943373258, -18.230906125 ], [ -39.943364848, -18.23087088 ], [ -39.943354296, -18.230817602 ], [ -39.943342379, -18.230746206 ], [ -39.943326858, -18.230675445 ], [ -39.943310211, -18.230586483 ], [ -39.943302862, -18.230541846 ], [ -39.94328902, -18.230470767 ], [ -39.943279443, -18.230426517 ], [ -39.94325283, -18.230284174 ], [ -39.943237958, -18.230213286 ], [ -39.94322903, -18.230159738 ], [ -39.943218151, -18.23010652 ], [ -39.943209966, -18.230062015 ], [ -39.943182971, -18.229928932 ], [ -39.943170288, -18.229857657 ], [ -39.94315729, -18.229795627 ], [ -39.943146702, -18.22973318 ], [ -39.943114374, -18.229573469 ], [ -39.943095587, -18.229475693 ], [ -39.943086229, -18.229422211 ], [ -39.943064405, -18.229315788 ], [ -39.943053222, -18.229253436 ], [ -39.943038523, -18.229182515 ], [ -39.943031, -18.229137904 ], [ -39.943014418, -18.229058126 ], [ -39.943006854, -18.229013522 ], [ -39.942994598, -18.228951354 ], [ -39.942984917, -18.228907125 ], [ -39.94297398, -18.228844733 ], [ -39.942931891, -18.228631599 ], [ -39.942924161, -18.22858702 ], [ -39.942887164, -18.228400559 ], [ -39.942875813, -18.228338234 ], [ -39.942850879, -18.228213976 ], [ -39.942833817, -18.228125085 ], [ -39.942829505, -18.228098288 ], [ -39.942819651, -18.2280546 ] ] } },
{ "type": "Feature", "properties": { "Field": "000", "Length": 551.21041073711103 }, "geometry": { "type": "LineString", "coordinates": [ [ -39.943757137, -18.23296708 ], [ -39.943747876, -18.232913391 ], [ -39.943737586, -18.232869287 ], [ -39.943728811, -18.232815716 ], [ -39.943703448, -18.232691536 ], [ -39.943686179, -18.232593505 ], [ -39.943671055, -18.232522666 ], [ -39.943659042, -18.232460455 ], [ -39.943647986, -18.232398082 ], [ -39.94363305, -18.232327206 ], [ -39.943617899, -18.232247169 ], [ -39.943613757, -18.232229534 ], [ -39.943602399, -18.23216721 ], [ -39.943595105, -18.23213174 ], [ -39.943582696, -18.23206042 ], [ -39.943568951, -18.231989325 ], [ -39.943549968, -18.231900791 ], [ -39.943538688, -18.231838455 ], [ -39.943524177, -18.231767498 ], [ -39.94350825, -18.231678416 ], [ -39.943489505, -18.231589836 ], [ -39.94347589, -18.231509547 ], [ -39.94346409, -18.231456509 ], [ -39.943446232, -18.231358574 ], [ -39.943417286, -18.231216647 ], [ -39.943406896, -18.23115417 ], [ -39.943395061, -18.231091928 ], [ -39.94338371, -18.2310388 ], [ -39.943369736, -18.230967745 ], [ -39.943353439, -18.230878724 ], [ -39.94334006, -18.230816768 ], [ -39.943331115, -18.230763222 ], [ -39.943314493, -18.230683452 ], [ -39.943302406, -18.230621255 ], [ -39.943283027, -18.2305144 ], [ -39.943252699, -18.230363523 ], [ -39.943243386, -18.230310035 ], [ -39.943239451, -18.230292356 ], [ -39.943232978, -18.23025674 ], [ -39.943221688, -18.2302036 ], [ -39.943214021, -18.230159011 ], [ -39.943195307, -18.230061222 ], [ -39.943175285, -18.229963671 ], [ -39.943153966, -18.229847965 ], [ -39.943139232, -18.229777051 ], [ -39.943133546, -18.229741312 ], [ -39.943115258, -18.229652645 ], [ -39.943112334, -18.229634787 ], [ -39.943097991, -18.2295638 ], [ -39.943074409, -18.229439301 ], [ -39.943068178, -18.229403645 ], [ -39.943051524, -18.229323881 ], [ -39.943041933, -18.229270438 ], [ -39.943022536, -18.229172771 ], [ -39.943016306, -18.229137115 ], [ -39.943001405, -18.229066232 ], [ -39.942987219, -18.228986034 ], [ -39.942972172, -18.22891518 ], [ -39.942961108, -18.228852809 ], [ -39.942949953, -18.228799643 ], [ -39.942931675, -18.228701779 ], [ -39.94291708, -18.228630838 ], [ -39.942906465, -18.228568395 ], [ -39.942879336, -18.228435338 ], [ -39.942863063, -18.228346312999989 ], [ -39.94283785, -18.228222105 ], [ -39.942816387, -18.228106424 ], [ -39.942808649, -18.228069292 ] ] } },
{ "type": "Feature", "properties": { "Field": "000", "Length": 550.27086090585942 }, "geometry": { "type": "LineString", "coordinates": [ [ -39.943744261, -18.232974984 ], [ -39.943719858, -18.232850736 ], [ -39.943705999, -18.232770485 ], [ -39.94368153, -18.23265535 ], [ -39.943672307, -18.232601848 ], [ -39.943663081, -18.232557529 ], [ -39.943638245, -18.232424063 ], [ -39.943613141, -18.232299836 ], [ -39.943603753, -18.232246359 ], [ -39.943595579, -18.232211064 ], [ -39.943583043, -18.232139765 ], [ -39.943563829, -18.232042065 ], [ -39.943559356, -18.232015292 ], [ -39.943538863, -18.231917829 ], [ -39.943536076, -18.231899952 ], [ -39.943506444, -18.231748949 ], [ -39.943498861, -18.231704348 ], [ -39.943492632, -18.231677897 ], [ -39.943459143, -18.231500006 ], [ -39.943449336, -18.231455802 ], [ -39.943438876, -18.231402508 ], [ -39.943429393, -18.231349046 ], [ -39.943415958, -18.231287101 ], [ -39.943405167, -18.231224686 ], [ -39.943397403, -18.231189307 ], [ -39.943379669, -18.231091351 ], [ -39.943360233, -18.230993691 ], [ -39.943354388, -18.230957976 ], [ -39.943343114, -18.230904833 ], [ -39.943334962, -18.230860323 ], [ -39.943328907, -18.230833835999988 ], [ -39.943318152, -18.230771415 ], [ -39.943284727, -18.230602703 ], [ -39.943272057, -18.230531425 ], [ -39.943263354, -18.230487011 ], [ -39.943253559, -18.230442804 ], [ -39.943239664, -18.230371735 ], [ -39.943228663, -18.230309354 ], [ -39.943208882, -18.230211757 ], [ -39.943194271, -18.230131628 ], [ -39.943162651, -18.229971788 ], [ -39.943139439, -18.229847225 ], [ -39.943124484, -18.229776353 ], [ -39.943111945, -18.229705054 ], [ -39.943074761, -18.229518626 ], [ -39.943063769, -18.229456243 ], [ -39.943038672, -18.229332015 ], [ -39.943003228, -18.229145278 ], [ -39.942991772, -18.229092171 ], [ -39.942977287, -18.229012021 ], [ -39.942961055, -18.228932178 ], [ -39.942947811, -18.228860996 ], [ -39.942930923, -18.228781276999989 ], [ -39.942915409, -18.228692128 ], [ -39.942891595, -18.228567669 ], [ -39.942866348, -18.228443468 ], [ -39.942853509, -18.228372218 ], [ -39.942835498, -18.228283499 ], [ -39.942803471, -18.22811454 ], [ -39.942796395022313, -18.22808565609105 ] ] } },
{ "type": "Feature", "properties": { "Field": "000", "Length": 549.54521656847498 }, "geometry": { "type": "LineString", "coordinates": [ [ -39.943731210969489, -18.232982994831609 ], [ -39.943724729, -18.232947217 ], [ -39.943713417, -18.232894081 ], [ -39.943699366, -18.232813861 ], [ -39.943685923, -18.232742713 ], [ -39.943668839, -18.232663033 ], [ -39.943657839, -18.232600651 ], [ -39.943650173, -18.232565251 ], [ -39.943647441, -18.232547366 ], [ -39.943638927, -18.232502918 ], [ -39.943614053, -18.232378649 ], [ -39.943604599, -18.232325183 ], [ -39.943596974, -18.232289775 ], [ -39.943588833, -18.232245263 ], [ -39.943581422, -18.232209815 ], [ -39.943573802, -18.232165219 ], [ -39.943562295, -18.232112121 ], [ -39.943553047, -18.232058622 ], [ -39.943513969, -18.23186334 ], [ -39.943507841, -18.231827668 ], [ -39.943495065, -18.231765596 ], [ -39.943484027, -18.23170322 ], [ -39.943469328, -18.231632299 ], [ -39.94344443, -18.231498844 ], [ -39.943429511, -18.231427965 ], [ -39.943416494, -18.231356744 ], [ -39.943408619, -18.231321387 ], [ -39.943394193, -18.231241228 ], [ -39.943384689, -18.231196964 ], [ -39.943360239, -18.231063433 ], [ -39.94331603, -18.230841484 ], [ -39.943301976, -18.230761265 ], [ -39.943294628, -18.230725804 ], [ -39.943283248, -18.230663485 ], [ -39.943277086, -18.23063702 ], [ -39.943269984, -18.230601513 ], [ -39.943259005, -18.230539128 ], [ -39.943237332, -18.230432676 ], [ -39.943228078, -18.230379178 ], [ -39.943209837, -18.230290502 ], [ -39.943191774, -18.230192602 ], [ -39.943185708, -18.230166117 ], [ -39.943181171, -18.230139354 ], [ -39.943171866, -18.23009505 ], [ -39.943164097, -18.230050478 ], [ -39.943158353, -18.230023927 ], [ -39.943140309, -18.229926024 ], [ -39.943134387, -18.229899509 ], [ -39.94312627, -18.229854993 ], [ -39.943115189, -18.229801813 ], [ -39.943102623, -18.229730519 ], [ -39.943084511, -18.229641818 ], [ -39.943076417, -18.229597299 ], [ -39.943068669, -18.229561916 ], [ -39.943064253, -18.229535134 ], [ -39.943058651, -18.229508556 ], [ -39.94304894, -18.229455132 ], [ -39.943006571, -18.229242049 ], [ -39.942990339, -18.229153017 ], [ -39.942971919, -18.229064374 ], [ -39.942949553, -18.22894885 ], [ -39.942944998, -18.22892209 ], [ -39.942935848, -18.228877757 ], [ -39.94293293, -18.228859899 ], [ -39.942917736, -18.228789073 ], [ -39.942906264, -18.228726769 ], [ -39.942892602, -18.228646488 ], [ -39.942878468, -18.228575462 ], [ -39.94286678, -18.228522401 ], [ -39.942845489, -18.228406691 ], [ -39.942833473, -18.22834448 ], [ -39.942823928, -18.228300224 ], [ -39.942807089, -18.228211295 ], [ -39.942796165, -18.228148901 ], [ -39.942785682, -18.228099963 ] ] } },
{ "type": "Feature", "properties": { "Field": "000", "Length": 548.81578272482636 }, "geometry": { "type": "LineString", "coordinates": [ [ -39.943718498978647, -18.232990797889745 ], [ -39.943699525, -18.23289283 ], [ -39.9436916, -18.232848283 ], [ -39.943682255, -18.232803987 ], [ -39.943672921, -18.232750502 ], [ -39.943637313, -18.232572987 ], [ -39.943626493, -18.232510577 ], [ -39.943615285, -18.232457421 ], [ -39.94360376, -18.232395126 ], [ -39.943593888, -18.23235093500001 ], [ -39.943588249, -18.23231519 ], [ -39.943570592, -18.232226406 ], [ -39.943553934, -18.232137445 ], [ -39.943544314, -18.232093204 ], [ -39.943523045, -18.23197749 ], [ -39.943497419, -18.23185336 ], [ -39.943480029, -18.231755348 ], [ -39.94347239, -18.231719944 ], [ -39.943459126, -18.231648765 ], [ -39.943448196, -18.231595556 ], [ -39.943443595, -18.231568803 ], [ -39.943421973, -18.231462342 ], [ -39.943384798, -18.23126672 ], [ -39.943373818, -18.231213521 ], [ -39.943358899, -18.231133445 ], [ -39.943354619, -18.231106643 ], [ -39.943341929, -18.231044555 ], [ -39.943335537, -18.231008925 ], [ -39.94331459, -18.230911551 ], [ -39.943310563, -18.230884714 ], [ -39.943299236, -18.230822385 ], [ -39.943286596, -18.230760288 ], [ -39.943273808, -18.23068903 ], [ -39.943259133, -18.230618104 ], [ -39.943240241, -18.230520347 ], [ -39.94322900200001, -18.230458004 ], [ -39.94322305, -18.230431495 ], [ -39.943209623, -18.230360344 ], [ -39.943200197, -18.230316064 ], [ -39.943175903, -18.230182507 ], [ -39.943160925, -18.23011164 ], [ -39.943133665, -18.229969409 ], [ -39.943125768, -18.229924857 ], [ -39.943116246, -18.229880596 ], [ -39.94310682, -18.229827125 ], [ -39.943090719, -18.229747258 ], [ -39.943082796, -18.22970271 ], [ -39.943073424, -18.22965842 ], [ -39.943047331, -18.229525173 ], [ -39.943041268, -18.229489491 ], [ -39.943027173, -18.229418458 ], [ -39.943022536, -18.229391711 ], [ -39.943016524, -18.229365215 ], [ -39.942997252, -18.229267525 ], [ -39.942993128, -18.229249885 ], [ -39.942979498, -18.229169599 ], [ -39.942962854, -18.229089833 ], [ -39.942944447, -18.228991991 ], [ -39.942923022, -18.228885493 ], [ -39.942909845, -18.2288143 ], [ -39.942900573, -18.228769991 ], [ -39.942884441, -18.228680942 ], [ -39.942850526, -18.228512319 ], [ -39.942844434, -18.228476642 ], [ -39.942818968, -18.228343284 ], [ -39.942791926, -18.22821021 ], [ -39.94278082, -18.228138695 ], [ -39.942775124, -18.228114063 ] ] } },
{ "type": "Feature", "properties": { "Field": "000", "Length": 548.02506261120038 }, "geometry": { "type": "LineString", "coordinates": [ [ -39.943706207, -18.232998343 ], [ -39.943681623, -18.232874 ], [ -39.94367709, -18.232847236 ], [ -39.943667328, -18.232803023 ], [ -39.943656478, -18.232740617 ], [ -39.943646307, -18.232687271 ], [ -39.943622886, -18.232571938 ], [ -39.943610595, -18.2325006 ], [ -39.943597366, -18.232438614 ], [ -39.943581443, -18.232358714 ], [ -39.943570337, -18.23229635 ], [ -39.943519732, -18.232038767 ], [ -39.943499806, -18.231932004 ], [ -39.94348996, -18.231887808 ], [ -39.943482593, -18.231843173 ], [ -39.943475256, -18.231807711 ], [ -39.943469031, -18.231772054 ], [ -39.943458105, -18.231718845 ], [ -39.943453673, -18.231692066 ], [ -39.943436939, -18.231612317 ], [ -39.943429008, -18.231567771 ], [ -39.943364816, -18.231239065 ], [ -39.943358625, -18.231203403 ], [ -39.943344023, -18.231132464 ], [ -39.943338014, -18.231096773 ], [ -39.943322774, -18.231016752 ], [ -39.943310141, -18.230954653 ], [ -39.943300225, -18.230910471 ], [ -39.943286851, -18.230830145999985 ], [ -39.943273776, -18.230768131 ], [ -39.943257796, -18.230679057 ], [ -39.943239118, -18.230590464 ], [ -39.943212673, -18.230448092 ], [ -39.94320482, -18.23041273 ], [ -39.943196958, -18.230368173 ], [ -39.943185879, -18.230314993 ], [ -39.943164787, -18.230199249 ], [ -39.943146484, -18.230110585 ], [ -39.94312256, -18.229986145 ], [ -39.94310827, -18.229905963 ], [ -39.943096837, -18.229852852 ], [ -39.943081424, -18.22977286 ], [ -39.943075663, -18.229746313 ], [ -39.943062649, -18.229675092 ], [ -39.943014623, -18.229426244 ], [ -39.942980895, -18.229257587 ], [ -39.942966737, -18.229177384 ], [ -39.942950564, -18.22909753 ], [ -39.942930392, -18.228990809 ], [ -39.942913978, -18.228911 ], [ -39.942899156, -18.228830907 ], [ -39.942888037, -18.228777734 ], [ -39.942871801, -18.228688703 ], [ -39.94284793, -18.228573454 ], [ -39.942833746, -18.228493255 ], [ -39.942810858, -18.228377824 ], [ -39.942799499, -18.228315501 ], [ -39.942775836, -18.228200212 ], [ -39.942767838, -18.22814653 ], [ -39.942764259, -18.228128572 ] ] } },
{ "type": "Feature", "properties": { "Field": "000", "Length": 547.06352359449147 }, "geometry": { "type": "LineString", "coordinates": [ [ -39.943693493, -18.233006147 ], [ -39.943681104, -18.232943921 ], [ -39.943670597, -18.232899864 ], [ -39.943661574, -18.23284633 ], [ -39.943646011, -18.232766365 ], [ -39.943634974, -18.232703989 ], [ -39.94362253, -18.232641856 ], [ -39.943614443, -18.232606542 ], [ -39.943596043, -18.232499529 ], [ -39.94358228, -18.23243765 ], [ -39.943557708, -18.23230414 ], [ -39.943551592, -18.232277665 ], [ -39.943535369, -18.23219782 ], [ -39.943517672, -18.232099859 ], [ -39.94350981, -18.232064499 ], [ -39.943493848, -18.231984606 ], [ -39.943469792, -18.23185101 ], [ -39.943456655, -18.231789006 ], [ -39.943440265, -18.231700001 ], [ -39.943430578, -18.231655772 ], [ -39.943424331, -18.231620119 ], [ -39.943418542, -18.231593578 ], [ -39.943406555, -18.231531362 ], [ -39.943402202, -18.231504571 ], [ -39.943394718, -18.231469137 ], [ -39.943379647, -18.231389086 ], [ -39.943366386, -18.231327107 ], [ -39.943352321, -18.231246889 ], [ -39.943330464, -18.231140472 ], [ -39.943326289, -18.231113655 ], [ -39.943315146, -18.231060487 ], [ -39.94330719, -18.231015945 ], [ -39.943280947, -18.230882724 ], [ -39.943275102, -18.230847009 ], [ -39.943256759, -18.230758352 ], [ -39.943248427, -18.230704716 ], [ -39.943240598, -18.23066935 ], [ -39.943230576, -18.230615978 ], [ -39.943215715, -18.230545088 ], [ -39.943206406, -18.230491599 ], [ -39.943186477, -18.23039403 ], [ -39.943180293, -18.230358367 ], [ -39.943146463, -18.230180535 ], [ -39.943129572, -18.230100817 ], [ -39.943109791, -18.229994029 ], [ -39.943100756, -18.229949675 ], [ -39.943094677, -18.229913995 ], [ -39.943076804, -18.229825251 ], [ -39.943070423, -18.229789619 ], [ -39.943060622, -18.229745414 ], [ -39.943027409, -18.229567476 ], [ -39.943013993, -18.229505528 ], [ -39.942999512, -18.229425378 ], [ -39.942992196, -18.229389911 ], [ -39.942984611, -18.229345309 ], [ -39.94296651, -18.229256607 ], [ -39.942960376, -18.229220936 ], [ -39.942929087, -18.229061036 ], [ -39.942921465, -18.229025628 ], [ -39.942916967, -18.228998859 ], [ -39.942903179, -18.228927771 ], [ -39.942888525, -18.228856841 ], [ -39.94288065, -18.228812286 ], [ -39.942873135, -18.228776857 ], [ -39.942854352, -18.22867908 ], [ -39.942846529, -18.228634517 ], [ -39.942828178, -18.228545861 ], [ -39.942819099, -18.228492336 ], [ -39.94279192, -18.228359287 ], [ -39.942778022, -18.228279043 ], [ -39.942764908, -18.228217036 ], [ -39.942751698, -18.228145347 ] ] } },
{ "type": "Feature", "properties": { "Field": "000", "Length": 546.19500837732267 }, "geometry": { "type": "LineString", "coordinates": [ [ -39.943680755, -18.233013966 ], [ -39.943664778, -18.23293374 ], [ -39.943652835, -18.232880731 ], [ -39.943645214, -18.232836135 ], [ -39.9436376, -18.232800726 ], [ -39.943627016, -18.232738278 ], [ -39.943615762, -18.232685132 ], [ -39.943608361, -18.232640502 ], [ -39.943598326, -18.232596345 ], [ -39.943583223, -18.232507131 ], [ -39.943564148, -18.232418615 ], [ -39.943547952, -18.232329577 ], [ -39.943540161, -18.232294203 ], [ -39.943533789, -18.23225857 ], [ -39.94351218, -18.232152106 ], [ -39.943501309, -18.232089704 ], [ -39.943491605, -18.232045479 ], [ -39.943458441, -18.231867533 ], [ -39.943440387, -18.231778822 ], [ -39.943425661, -18.231698712 ], [ -39.943405416, -18.231601203 ], [ -39.943399591, -18.231565484 ], [ -39.943391631, -18.231530144 ], [ -39.943373793, -18.231432206 ], [ -39.943348539, -18.231308007 ], [ -39.943339616, -18.231254457 ], [ -39.94330054, -18.231059174 ], [ -39.943273939, -18.230916829 ], [ -39.943266301, -18.230881424 ], [ -39.943258559, -18.230836848 ], [ -39.943243598, -18.230765977 ], [ -39.943238388, -18.230730172 ], [ -39.943231809, -18.230694574 ], [ -39.94321229, -18.230596929 ], [ -39.943200867, -18.230543815 ], [ -39.94319196, -18.230490263 ], [ -39.943175161, -18.230410527 ], [ -39.943135355, -18.230196993 ], [ -39.943118128, -18.230117341 ], [ -39.943105709, -18.230046023 ], [ -39.943086001, -18.229948412 ], [ -39.943073211, -18.229877155 ], [ -39.943067441, -18.229850609 ], [ -39.943055781, -18.229788337 ], [ -39.943048002, -18.22975296 ], [ -39.943016313, -18.229583942 ], [ -39.942999397, -18.229504229 ], [ -39.942985397, -18.229424001 ], [ -39.942952013, -18.229255281 ], [ -39.942947949, -18.229228449 ], [ -39.94292942, -18.229139827 ], [ -39.942914404, -18.229059767 ], [ -39.942906845, -18.229024347 ], [ -39.942900876, -18.228988651 ], [ -39.942891337, -18.228944393 ], [ -39.942883552, -18.228899823 ], [ -39.942868542, -18.228828962 ], [ -39.942865977, -18.228811054 ], [ -39.942855814, -18.228757707 ], [ -39.942813615, -18.228544593 ], [ -39.942807882, -18.228508861 ], [ -39.942779205, -18.228366885 ], [ -39.942763212, -18.228277813 ], [ -39.942739988063821, -18.228160984321061 ] ] } },
{ "type": "Feature", "properties": { "Field": "000", "Length": 545.33408471575103 }, "geometry": { "type": "LineString", "coordinates": [ [ -39.943667810983818, -18.233021911913038 ], [ -39.94365954300001, -18.232977474 ], [ -39.943637185, -18.232871152 ], [ -39.943632745, -18.232844374 ], [ -39.943616768, -18.232764484 ], [ -39.943604311, -18.232693172 ], [ -39.943598424, -18.23266665 ], [ -39.943571416, -18.232524375 ], [ -39.943527359, -18.232302399 ], [ -39.943516438, -18.232240005 ], [ -39.943496042, -18.232142523 ], [ -39.943483966, -18.232071152 ], [ -39.943458431, -18.231947005 ], [ -39.943454408, -18.231920167 ], [ -39.943446739, -18.231884768 ], [ -39.943428409, -18.231786913 ], [ -39.94342261900001, -18.231760372 ], [ -39.943401065, -18.231644706 ], [ -39.943394957, -18.23161823 ], [ -39.94338704, -18.231573681 ], [ -39.94337551600001, -18.231520587 ], [ -39.943353137, -18.231395885 ], [ -39.943341674, -18.231342779 ], [ -39.94333701, -18.231316036 ], [ -39.94331897, -18.231227322 ], [ -39.94330973, -18.231173822 ], [ -39.94330205, -18.231138426 ], [ -39.943292599, -18.231084959 ], [ -39.943284976, -18.231049551 ], [ -39.943276836, -18.231005039 ], [ -39.943264175, -18.230942946 ], [ -39.943245993, -18.230845065 ], [ -39.943233544, -18.230782933 ], [ -39.943230665, -18.230765069 ], [ -39.943224835, -18.230738535 ], [ -39.943218909, -18.230702832 ], [ -39.943214682, -18.230685215 ], [ -39.943206824, -18.230640657 ], [ -39.943188621, -18.230551973 ], [ -39.943179505, -18.230498454 ], [ -39.943161087, -18.230409811 ], [ -39.943136215, -18.230276351 ], [ -39.943118444, -18.230187588 ], [ -39.943108925, -18.230134132 ], [ -39.943099414, -18.230089869 ], [ -39.943089669, -18.230036451 ], [ -39.943078625, -18.229983264 ], [ -39.943056392, -18.229867716 ], [ -39.943050376, -18.229832026 ], [ -39.943013405, -18.22964556 ], [ -39.943000087, -18.229574391 ], [ -39.942993983, -18.229547913 ], [ -39.942983211, -18.229485495 ], [ -39.942953334, -18.229334537 ], [ -39.942933632, -18.229227736 ], [ -39.942909408, -18.229112554 ], [ -39.942893066, -18.22902354 ], [ -39.942870241, -18.228908098 ], [ -39.94285931, -18.228845705 ], [ -39.94284448, -18.228774809 ], [ -39.942828315, -18.228685765 ], [ -39.94281155, -18.228606023 ], [ -39.9427937, -18.228508087 ], [ -39.942786157, -18.228472664 ], [ -39.942767686, -18.228374833 ], [ -39.942751283, -18.228295021 ], [ -39.942736717, -18.228214885 ], [ -39.942728383034108, -18.228176482157124 ] ] } },
{ "type": "Feature", "properties": { "Field": "000", "Length": 544.50834535317392 }, "geometry": { "type": "LineString", "coordinates": [ [ -39.943654670947453, -18.233029977712462 ], [ -39.943648115, -18.232994101 ], [ -39.943622707, -18.23286993 ], [ -39.943605134, -18.232771948 ], [ -39.94360077, -18.232754361 ], [ -39.943589515, -18.232692021 ], [ -39.943578519, -18.232638825 ], [ -39.943560306, -18.232540949 ], [ -39.943541705, -18.232452341 ], [ -39.943533154, -18.232398737 ], [ -39.943517896, -18.232327924 ], [ -39.943497939, -18.232221166 ], [ -39.943485164, -18.232159094 ], [ -39.943470847, -18.232078917 ], [ -39.943456763, -18.232007882 ], [ -39.943445242, -18.231954787 ], [ -39.943436755, -18.231901174 ], [ -39.943427195, -18.23185692 ], [ -39.94341588, -18.23179459 ], [ -39.943394317, -18.231688117 ], [ -39.943384844, -18.231634655 ], [ -39.94337891, -18.231608142 ], [ -39.943372453, -18.231572523 ], [ -39.943361545, -18.231519311 ], [ -39.943352161, -18.231465834 ], [ -39.943339533, -18.231403734 ], [ -39.943323157, -18.231314726 ], [ -39.943308141, -18.231243866 ], [ -39.943295044, -18.231172659 ], [ -39.943287612, -18.231137214 ], [ -39.943283217, -18.231110429 ], [ -39.943277349, -18.231083903 ], [ -39.943266022, -18.231021575 ], [ -39.94324959, -18.230941769 ], [ -39.943236961, -18.230870485 ], [ -39.943222294, -18.230799558 ], [ -39.943204104, -18.230701679 ], [ -39.943193333, -18.230648441 ], [ -39.943185516, -18.230603876 ], [ -39.943169192, -18.23052405 ], [ -39.943161271, -18.230479502 ], [ -39.94313477, -18.230346329 ], [ -39.94312313, -18.230284053 ], [ -39.943119148, -18.230266384 ], [ -39.943114841, -18.230239586 ], [ -39.943100746, -18.230168553 ], [ -39.943091128, -18.230115114 ], [ -39.943070915, -18.230017598 ], [ -39.943032384, -18.229813027 ], [ -39.943001891, -18.229662181 ], [ -39.942986963, -18.229582106 ], [ -39.942982656, -18.229564506 ], [ -39.942958652, -18.229430901 ], [ -39.942950809, -18.229395537 ], [ -39.942931983, -18.229297768 ], [ -39.942919547, -18.229226453 ], [ -39.942898168, -18.229129164 ], [ -39.942890568, -18.229084565 ], [ -39.942861701, -18.228933428 ], [ -39.942852415, -18.228889121 ], [ -39.942839538, -18.228817877 ], [ -39.942813575, -18.228684607 ], [ -39.942797175, -18.228604795 ], [ -39.942792631, -18.228578033 ], [ -39.942768176, -18.228453688 ], [ -39.942755327, -18.22838244 ], [ -39.942745094, -18.228338324 ], [ -39.942730989, -18.228258113 ], [ -39.942716995, -18.228191864 ] ] } },
{ "type": "Feature", "properties": { "Field": "000", "Length": 543.84488611297968 }, "geometry": { "type": "LineString", "coordinates": [ [ -39.943640905, -18.233038427 ], [ -39.943633337, -18.232993772 ], [ -39.943629358, -18.232976101 ], [ -39.943607093, -18.232860559 ], [ -39.943604518, -18.232842653 ], [ -39.943598875, -18.232816082 ], [ -39.94359423, -18.232789336 ], [ -39.943588347, -18.232762813 ], [ -39.943581898, -18.232727193 ], [ -39.943574403, -18.232691761 ], [ -39.943553081, -18.232576056 ], [ -39.94353846, -18.23250512 ], [ -39.943528495, -18.232460948 ], [ -39.943511866, -18.232362816 ], [ -39.943507386, -18.232345256 ], [ -39.943492309, -18.232274407 ], [ -39.943482312, -18.232211872 ], [ -39.943474329, -18.232176536 ], [ -39.943449304, -18.232043102 ], [ -39.943439569, -18.231998884 ], [ -39.943403152, -18.231803132 ], [ -39.943393738, -18.23175885 ], [ -39.943385974, -18.231714277 ], [ -39.943367628, -18.23162562 ], [ -39.943356112, -18.231563323 ], [ -39.943346359, -18.231519109 ], [ -39.943340384, -18.231483413 ], [ -39.94332942, -18.231430211 ], [ -39.943321969, -18.231385589 ], [ -39.943288691, -18.23121685 ], [ -39.943282742, -18.231181151 ], [ -39.943244059, -18.230985796 ], [ -39.94323962, -18.230959018 ], [ -39.94323403, -18.230932438 ], [ -39.943229791, -18.23090563 ], [ -39.943217991, -18.230852591 ], [ -39.943208418, -18.230799145 ], [ -39.943185839, -18.230683658 ], [ -39.943173055, -18.230612399 ], [ -39.943140678, -18.230452697 ], [ -39.943122621, -18.230354795 ], [ -39.943094282, -18.230212757 ], [ -39.943078251, -18.230123691 ], [ -39.943054795, -18.230008364 ], [ -39.94303859, -18.229919328 ], [ -39.943030864, -18.22988394 ], [ -39.942998739, -18.229714998 ], [ -39.942985442, -18.229653026 ], [ -39.942977556, -18.229608472 ], [ -39.942968002, -18.229564217 ], [ -39.942942328, -18.229421717 ], [ -39.942935857, -18.229395319 ], [ -39.942929916, -18.229359619 ], [ -39.94290966, -18.229252912 ], [ -39.942884259, -18.22912874 ], [ -39.942870516, -18.229057644 ], [ -39.942861164, -18.229004161999988 ], [ -39.942841416, -18.228906559 ], [ -39.942816631, -18.228773084 ], [ -39.942789263, -18.228640071 ], [ -39.942776803, -18.22856876 ], [ -39.942762388, -18.228497786 ], [ -39.942742388, -18.228391035 ], [ -39.942727002, -18.228320248 ], [ -39.942713865, -18.228239886 ], [ -39.942706669, -18.228205878 ] ] } },
{ "type": "Feature", "properties": { "Field": "000", "Length": 543.11205517927681 }, "geometry": { "type": "LineString", "coordinates": [ [ -39.94362822698379, -18.23304620990821 ], [ -39.943618766, -18.232992646 ], [ -39.943594274, -18.232868307 ], [ -39.943581726, -18.232797009 ], [ -39.943561308, -18.232699533 ], [ -39.943538562, -18.232574891 ], [ -39.943524025, -18.23250394 ], [ -39.94351603, -18.232468607 ], [ -39.943498413, -18.232370632 ], [ -39.943474967, -18.232255303 ], [ -39.943455583, -18.232148449 ], [ -39.943449755, -18.232121915 ], [ -39.943434568, -18.232041885 ], [ -39.943427106, -18.232006446 ], [ -39.943420922, -18.231970783 ], [ -39.943406425, -18.231899824 ], [ -39.943386515, -18.231793058 ], [ -39.943378858, -18.231757657 ], [ -39.94335931900001, -18.231650829 ], [ -39.943318462, -18.23144667 ], [ -39.943302249, -18.231357635 ], [ -39.943292947, -18.231313331 ], [ -39.943269771, -18.231188762 ], [ -39.943229431, -18.23098451 ], [ -39.943213186, -18.23089548 ], [ -39.943205267, -18.230860131 ], [ -39.943185369, -18.230753364 ], [ -39.943179558, -18.230726826 ], [ -39.943151563, -18.230575539 ], [ -39.943130968, -18.230478096 ], [ -39.943119055, -18.230415867000012 ], [ -39.943104949, -18.230335656 ], [ -39.943072652, -18.230175939 ], [ -39.943060104, -18.230104642 ], [ -39.943045466, -18.23003371 ], [ -39.943032242, -18.229962524 ], [ -39.942995233, -18.229776065 ], [ -39.942982408, -18.229704812 ], [ -39.942969091, -18.229642844 ], [ -39.942964525, -18.229616086 ], [ -39.942945227, -18.229518401 ], [ -39.94293087, -18.22943823 ], [ -39.94292179, -18.229393885 ], [ -39.942893054, -18.229242724 ], [ -39.942876515, -18.229162938 ], [ -39.942860286, -18.229073906 ], [ -39.942854266, -18.229047410999989 ], [ -39.942844321, -18.228994026999988 ], [ -39.942838494, -18.228967493 ], [ -39.942806406, -18.228798544 ], [ -39.942802028, -18.228771757 ], [ -39.942781835, -18.228674237 ], [ -39.942768222, -18.228603118 ], [ -39.942757499, -18.228540692 ], [ -39.942745498, -18.228487695 ], [ -39.942730943, -18.228407557 ], [ -39.942712286, -18.22831896 ], [ -39.942696420024753, -18.228219787154764 ] ] } },
{ "type": "Feature", "properties": { "Field": "000", "Length": 542.1225801517611 }, "geometry": { "type": "LineString", "coordinates": [ [ -39.943615632929045, -18.233053940560982 ], [ -39.9436084, -18.233009186 ], [ -39.943594939, -18.232947246 ], [ -39.94357195, -18.232822645 ], [ -39.943546719, -18.232698441 ], [ -39.943523718, -18.232573843 ], [ -39.943515758, -18.232538503 ], [ -39.943512937, -18.23252063 ], [ -39.943503906, -18.232476276 ], [ -39.943497648, -18.232440624 ], [ -39.94349357, -18.232422975 ], [ -39.943477984, -18.232343014 ], [ -39.943473713, -18.232316211 ], [ -39.943469338, -18.232298627 ], [ -39.943459659, -18.232245197 ], [ -39.943455609, -18.232227542 ], [ -39.943449286, -18.232191901 ], [ -39.943414409, -18.232014254 ], [ -39.943409862, -18.231987493 ], [ -39.943396729, -18.231925489 ], [ -39.943373353, -18.231800954 ], [ -39.943369172, -18.231783326 ], [ -39.94335799200001, -18.231720974 ], [ -39.943339748, -18.231632298 ], [ -39.943331979, -18.231587726 ], [ -39.943309897, -18.231472151 ], [ -39.943293571, -18.231392325 ], [ -39.943284452, -18.231338806 ], [ -39.943258992, -18.231214645 ], [ -39.943254374, -18.231187895 ], [ -39.943245254, -18.231143556 ], [ -39.943231511, -18.231063288 ], [ -39.94322166, -18.231019093 ], [ -39.943208847, -18.230947838 ], [ -39.943185543, -18.230832483 ], [ -39.943153781, -18.230663478 ], [ -39.943121404, -18.230503775 ], [ -39.943113408, -18.23045924 ], [ -39.943090835, -18.230343752 ], [ -39.943081883, -18.230290207 ], [ -39.943062991, -18.230201655 ], [ -39.943042073, -18.230085883 ], [ -39.943032906, -18.230041554 ], [ -39.943023157, -18.229988136 ], [ -39.943015299, -18.229952775 ], [ -39.943000088, -18.229872749 ], [ -39.942996055, -18.22985509 ], [ -39.942966244, -18.229694932 ], [ -39.942932239, -18.229526326 ], [ -39.942923057, -18.229472816 ], [ -39.942900148, -18.229357389 ], [ -39.942880031, -18.229250659 ], [ -39.942870651, -18.229206369999989 ], [ -39.942862704, -18.229161826 ], [ -39.942858822, -18.229144136 ], [ -39.942845638, -18.229072944 ], [ -39.942841627, -18.22905528 ], [ -39.942835245, -18.229019649 ], [ -39.942817088, -18.228930957 ], [ -39.942798294, -18.228833183 ], [ -39.94278738, -18.228770787 ], [ -39.942774529, -18.228708729 ], [ -39.942750621, -18.228584287 ], [ -39.942746388, -18.22856667 ], [ -39.942735386, -18.228504289 ], [ -39.942729376, -18.228477792 ], [ -39.942716338, -18.228406575 ], [ -39.942704866, -18.228353471 ], [ -39.942683980008461, -18.228236670047352 ] ] } },
{ "type": "Feature", "properties": { "Field": "000", "Length": 541.18229942079722 }, "geometry": { "type": "LineString", "coordinates": [ [ -39.943602692, -18.233061884 ], [ -39.943590157, -18.232990314 ], [ -39.943573367, -18.232910577 ], [ -39.943558881, -18.232830428 ], [ -39.943537357, -18.232723948 ], [ -39.943521166, -18.232634909 ], [ -39.943494216, -18.232501818 ], [ -39.943483355, -18.232439414 ], [ -39.943470259, -18.232377403 ], [ -39.943438072, -18.232208471 ], [ -39.943416674, -18.232101969 ], [ -39.943406426, -18.232048636 ], [ -39.943400625, -18.232012915 ], [ -39.943380261, -18.231915427 ], [ -39.943355536, -18.231781943 ], [ -39.943320068, -18.231604402 ], [ -39.943291901, -18.231453144 ], [ -39.943280931, -18.231399943 ], [ -39.943269891, -18.231337568 ], [ -39.943244524, -18.231213389 ], [ -39.94323661, -18.23116884 ], [ -39.943225924, -18.231115586 ], [ -39.943213343, -18.231044294 ], [ -39.943198106, -18.230973477 ], [ -39.943187068, -18.230911101 ], [ -39.943170764, -18.230831272 ], [ -39.943144283, -18.230688906 ], [ -39.94312063, -18.230573616 ], [ -39.943114646, -18.230537922 ], [ -39.943101868, -18.23047585 ], [ -39.943076091, -18.230342547 ], [ -39.943062053, -18.230262325 ], [ -39.943046668, -18.230191537 ], [ -39.943015585, -18.230022417 ], [ -39.942996536, -18.229933896 ], [ -39.942983913, -18.22986261 ], [ -39.942954371, -18.229711592 ], [ -39.942939756, -18.229631464 ], [ -39.942919609, -18.229533936 ], [ -39.942908557, -18.229471562 ], [ -39.942878474, -18.229320641 ], [ -39.942869042, -18.229267172 ], [ -39.942843909, -18.22914295 ], [ -39.942832907, -18.229080568 ], [ -39.942806085, -18.228947454 ], [ -39.942772483, -18.228769582 ], [ -39.942753162, -18.228671902 ], [ -39.942747068, -18.228645422 ], [ -39.942736663, -18.228582947 ], [ -39.942726978, -18.228538719 ], [ -39.942703618, -18.228414181 ], [ -39.942690192, -18.228352235 ], [ -39.942679301, -18.228289835 ], [ -39.942671974, -18.228252964 ] ] } },
{ "type": "Feature", "properties": { "Field": "000", "Length": 540.32939078965626 }, "geometry": { "type": "LineString", "coordinates": [ [ -39.943589128, -18.23307021 ], [ -39.943579044, -18.233007729 ], [ -39.943569128, -18.232963547 ], [ -39.943557386, -18.232901289 ], [ -39.943546171, -18.232848134 ], [ -39.9435098, -18.232652375 ], [ -39.943486238, -18.232537068 ], [ -39.943471716, -18.232456924 ], [ -39.943412136, -18.232154976 ], [ -39.943385902, -18.232012569 ], [ -39.94336911, -18.231932832 ], [ -39.943361454, -18.231888241 ], [ -39.943350432, -18.23183505 ], [ -39.943346004, -18.23180827 ], [ -39.943326458, -18.23171063 ], [ -39.943319027, -18.231666005 ], [ -39.943303434, -18.231595259 ], [ -39.943272339, -18.23142614 ], [ -39.943259048, -18.231364167 ], [ -39.94323793, -18.231248428 ], [ -39.943228358, -18.231204177 ], [ -39.94319259, -18.231017497 ], [ -39.943183063, -18.230973237 ], [ -39.94317037, -18.230901963 ], [ -39.943157636, -18.230839883 ], [ -39.943134014, -18.23071539 ], [ -39.943126635, -18.230670757 ], [ -39.943102423, -18.230555573 ], [ -39.943098064, -18.230528783 ], [ -39.943081951, -18.230448918 ], [ -39.943068823, -18.230377716 ], [ -39.943055587, -18.230315732 ], [ -39.943046244, -18.230262248 ], [ -39.943036958, -18.230217942 ], [ -39.943022435, -18.230137799 ], [ -39.942997309, -18.230013575 ], [ -39.942994727, -18.22999567 ], [ -39.94298607, -18.229951247 ], [ -39.942978213, -18.229915886 ], [ -39.942953536, -18.229782393 ], [ -39.942930715, -18.229666949 ], [ -39.94291757, -18.229595751 ], [ -39.942899498, -18.229507043 ], [ -39.942872176, -18.229364822 ], [ -39.942857562, -18.229284694 ], [ -39.942830746, -18.229151579 ], [ -39.942817906, -18.229080329 ], [ -39.942798176, -18.228982723 ], [ -39.942773135, -18.228849292 ], [ -39.942763834, -18.228804988 ], [ -39.94275582, -18.228760455 ], [ -39.94274328, -18.228698339 ], [ -39.94273184, -18.228645229 ], [ -39.94272106, -18.228582812 ], [ -39.942713611, -18.22854737 ], [ -39.942702347, -18.228485031 ], [ -39.942689624, -18.228422949 ], [ -39.94268159, -18.22837842 ], [ -39.942668901, -18.228316332 ], [ -39.942662784, -18.228280658 ], [ -39.942660273141712, -18.228268843666754 ] ] } },
{ "type": "Feature", "properties": { "Field": "000", "Length": 539.48406734442767 }, "geometry": { "type": "LineString", "coordinates": [ [ -39.943575994945896, -18.233078271673495 ], [ -39.943568553, -18.233033364 ], [ -39.943555893, -18.23297127 ], [ -39.943541064, -18.232891178 ], [ -39.943524515, -18.232811394 ], [ -39.943489656, -18.232624557 ], [ -39.943469857, -18.232526964 ], [ -39.943453508, -18.232437951 ], [ -39.943426815, -18.232304813 ], [ -39.94341905, -18.23226024 ], [ -39.943407909, -18.232207071 ], [ -39.943390628, -18.232118219 ], [ -39.943362373, -18.231966976 ], [ -39.943351078, -18.231913837 ], [ -39.943332828, -18.231815969 ], [ -39.943321739, -18.23176279 ], [ -39.943309793, -18.231700568 ], [ -39.943303838, -18.231664869 ], [ -39.943288753, -18.231594022 ], [ -39.943284344, -18.231567239 ], [ -39.943262483, -18.231451626 ], [ -39.943245872, -18.231371855 ], [ -39.943237022, -18.231318294 ], [ -39.943230191, -18.231282739 ], [ -39.943203089, -18.231149676 ], [ -39.943186591, -18.231060689 ], [ -39.943180674, -18.231034173 ], [ -39.943178044, -18.231016274 ], [ -39.943172158, -18.230989752 ], [ -39.943157339, -18.230909658 ], [ -39.943148029, -18.230865356 ], [ -39.943122558, -18.230731999 ], [ -39.943112798, -18.230669429999988 ], [ -39.943089302, -18.230563332 ], [ -39.943074911, -18.230483167 ], [ -39.943065532, -18.230438878 ], [ -39.943054, -18.230376584 ], [ -39.943043045, -18.23032338 ], [ -39.943035148, -18.230278828 ], [ -39.943022206, -18.230216788 ], [ -39.943005798, -18.230127785 ], [ -39.942996563, -18.230083468 ], [ -39.9429857, -18.230021065 ], [ -39.942969164, -18.229941279 ], [ -39.942950807, -18.229843428 ], [ -39.942924327, -18.229710251 ], [ -39.942909485, -18.229630161 ], [ -39.942894955, -18.229559209 ], [ -39.94284262, -18.229283552 ], [ -39.942828009, -18.229212614 ], [ -39.942801312, -18.229070285 ], [ -39.942791733, -18.229026036 ], [ -39.942787099, -18.228999288 ], [ -39.942769554, -18.228910483 ], [ -39.942763435, -18.22887481 ], [ -39.942747197, -18.228794968 ], [ -39.942739239, -18.228750426 ], [ -39.942719002, -18.228652915 ], [ -39.9427113, -18.228608331 ], [ -39.942682052, -18.228457261 ], [ -39.942674592, -18.228421821 ], [ -39.942648846, -18.228284352 ] ] } },
{ "type": "Feature", "properties": { "Field": "000", "Length": 538.57388887770958 }, "geometry": { "type": "LineString", "coordinates": [ [ -39.94356394897919, -18.233085665885632 ], [ -39.943555786, -18.233040808 ], [ -39.943544333, -18.2329877 ], [ -39.943522973, -18.232872002 ], [ -39.943511563, -18.232818886 ], [ -39.943487045, -18.232685366 ], [ -39.943474011, -18.232623343 ], [ -39.943444129, -18.232463197 ], [ -39.943438199, -18.232436684 ], [ -39.943430235, -18.232392143 ], [ -39.943415433, -18.232321241 ], [ -39.94340465, -18.232258825 ], [ -39.943389266, -18.232188037 ], [ -39.943377964, -18.232125704 ], [ -39.943370697, -18.232090228 ], [ -39.943363455, -18.232045575 ], [ -39.94335836, -18.232018904 ], [ -39.94335232, -18.231992413 ], [ -39.943347748, -18.231965656 ], [ -39.943340102, -18.231930252 ], [ -39.943323227, -18.231841329 ], [ -39.943315391, -18.231805964 ], [ -39.943310699, -18.231779226 ], [ -39.943304848, -18.231752696 ], [ -39.943291816, -18.231681479 ], [ -39.943277616, -18.231610465 ], [ -39.943271959, -18.231574722 ], [ -39.94323929, -18.231415074 ], [ -39.943217512, -18.231290275 ], [ -39.943191165, -18.231166283 ], [ -39.9431852, -18.231130586 ], [ -39.943167541, -18.231041802 ], [ -39.94316326, -18.231015 ], [ -39.943159136, -18.230997361 ], [ -39.943154689, -18.230970584 ], [ -39.943150674, -18.230952921 ], [ -39.943137423, -18.23088174 ], [ -39.943131487, -18.230855228 ], [ -39.943103891, -18.230703874 ], [ -39.943090079, -18.230642005 ], [ -39.943078837, -18.230579662 ], [ -39.943071239, -18.23054425 ], [ -39.943060274, -18.230481862 ], [ -39.943050921, -18.230437569 ], [ -39.943046258, -18.230410825 ], [ -39.943028499, -18.23032206 ], [ -39.943022384, -18.230286386 ], [ -39.942995134, -18.230153351 ], [ -39.942973034, -18.230028603 ], [ -39.942954614, -18.229939961 ], [ -39.942929358, -18.229806567 ], [ -39.942922997, -18.229780145 ], [ -39.942916918, -18.229744465 ], [ -39.942894972, -18.229628867 ], [ -39.942883547, -18.229575754 ], [ -39.942871713, -18.229513512 ], [ -39.942852196, -18.22940668 ], [ -39.942844704, -18.229371246 ], [ -39.942827972, -18.229282299 ], [ -39.942761593, -18.22894479 ], [ -39.94275059, -18.228882408 ], [ -39.942737704, -18.228820357 ], [ -39.942724786, -18.22874912 ], [ -39.942681851, -18.228536141 ], [ -39.942669108, -18.228464875 ], [ -39.942661514, -18.228429461 ], [ -39.942637191064584, -18.228300169343278 ] ] } },
{ "type": "Feature", "properties": { "Field": "000", "Length": 537.66709231371249 }, "geometry": { "type": "LineString", "coordinates": [ [ -39.943551153, -18.23309352 ], [ -39.943543339, -18.23304896 ], [ -39.94352963, -18.23298707 ], [ -39.943513875, -18.232897959 ], [ -39.94349528, -18.23280935 ], [ -39.943481501, -18.232729088 ], [ -39.943454134, -18.232596074 ], [ -39.943431187, -18.232471466 ], [ -39.94339785, -18.232302738 ], [ -39.943390122, -18.232258159 ], [ -39.943376457, -18.23219626 ], [ -39.94336402, -18.232124945 ], [ -39.943356591, -18.2320895 ], [ -39.94334368, -18.232018262 ], [ -39.943337878, -18.231991723 ], [ -39.943333103, -18.231964998 ], [ -39.943328798, -18.231947398 ], [ -39.943322351, -18.231911777 ], [ -39.943316554, -18.231885237 ], [ -39.943310332, -18.23184958 ], [ -39.943299116, -18.231796426 ], [ -39.943279185, -18.231689664 ], [ -39.943273379, -18.231663126 ], [ -39.943253632, -18.231556332 ], [ -39.943245998, -18.231520927 ], [ -39.943236853, -18.231467412 ], [ -39.943226773, -18.231423264 ], [ -39.943202953, -18.231289629 ], [ -39.943176798, -18.231165599 ], [ -39.943151926, -18.23103214 ], [ -39.943141101, -18.230978911 ], [ -39.943131618, -18.23092545 ], [ -39.943102239, -18.230774403 ], [ -39.943087714, -18.23069426 ], [ -39.943072517, -18.230623435 ], [ -39.943050183, -18.230507904 ], [ -39.943045652, -18.23048114 ], [ -39.943013931, -18.230321318 ], [ -39.943009443, -18.230294547 ], [ -39.942998668, -18.23024131 ], [ -39.94299409, -18.230214553 ], [ -39.942979052, -18.230143697 ], [ -39.942960218, -18.230036753 ], [ -39.942948819, -18.229983635 ], [ -39.942921771, -18.229841367 ], [ -39.942910641, -18.229788196 ], [ -39.942884218, -18.22964582 ], [ -39.942877077, -18.229610321 ], [ -39.942870867, -18.229583867 ], [ -39.942839639, -18.22941477 ], [ -39.942807692, -18.229254989 ], [ -39.942794813, -18.229183746 ], [ -39.942771174, -18.229068453 ], [ -39.942757978, -18.228997262 ], [ -39.94274849, -18.228952995 ], [ -39.942739433, -18.228899466 ], [ -39.942722918, -18.228819676 ], [ -39.942710197, -18.228748407 ], [ -39.942670964, -18.228553152 ], [ -39.942658253, -18.228481882 ], [ -39.942643585, -18.228410955 ], [ -39.942633839, -18.228357537 ], [ -39.942625434056417, -18.228316125277953 ] ] } },
{ "type": "Feature", "properties": { "Field": "000", "Length": 536.845014764442 }, "geometry": { "type": "LineString", "coordinates": [ [ -39.943538529980785, -18.233101268901759 ], [ -39.943496833, -18.232888048 ], [ -39.943490836, -18.232852356 ], [ -39.943481076, -18.232808142 ], [ -39.943465193, -18.232719052 ], [ -39.943446623, -18.232630439 ], [ -39.943422728, -18.232505993 ], [ -39.943414868, -18.232461436 ], [ -39.943400438, -18.232390464 ], [ -39.943394267, -18.232354799 ], [ -39.943355419, -18.232159475 ], [ -39.94332901, -18.232017096999986 ], [ -39.943316181, -18.231955035 ], [ -39.943297729, -18.231857201 ], [ -39.94329166, -18.231830716 ], [ -39.94327687, -18.231750618 ], [ -39.94326747, -18.231706333 ], [ -39.94323406, -18.231528429 ], [ -39.943210566, -18.231413109 ], [ -39.943200743, -18.231359703 ], [ -39.943195182, -18.231323947 ], [ -39.943185057, -18.231270593 ], [ -39.943165564, -18.23118216 ], [ -39.943161196, -18.231155372 ], [ -39.943141228, -18.231048616 ], [ -39.943127117, -18.230977586 ], [ -39.94312299, -18.230959947 ], [ -39.943110294, -18.230888673 ], [ -39.943100955, -18.230844377 ], [ -39.943067969, -18.2306664 ], [ -39.943056319, -18.230613331 ], [ -39.943039769, -18.230524353 ], [ -39.943021458, -18.23043569 ], [ -39.943015493, -18.230399993 ], [ -39.942999193, -18.230320162 ], [ -39.942994838, -18.230293372 ], [ -39.942966504, -18.230151332 ], [ -39.942953845, -18.230080053 ], [ -39.942947923, -18.230053538 ], [ -39.942931055, -18.229964614 ], [ -39.942923532, -18.229929187 ], [ -39.942914433, -18.229875665 ], [ -39.942893659, -18.229778256 ], [ -39.942871415, -18.229653532 ], [ -39.942854399, -18.229573838 ], [ -39.942850429, -18.229546993 ], [ -39.942835745, -18.229466877 ], [ -39.942793024, -18.229253858 ], [ -39.942774977, -18.229155955 ], [ -39.942749939, -18.229031715 ], [ -39.942747134, -18.22901384 ], [ -39.942725948, -18.228907299 ], [ -39.94272308, -18.228889433 ], [ -39.942705051, -18.228800717 ], [ -39.942691493, -18.228729589 ], [ -39.942687152, -18.228702797 ], [ -39.9426704, -18.228623052 ], [ -39.94264183, -18.228471862 ], [ -39.942627562, -18.228400861 ], [ -39.942619691, -18.228356305 ], [ -39.942614389161996, -18.228331114769652 ] ] } },
{ "type": "Feature", "properties": { "Field": "000", "Length": 535.9547842020902 }, "geometry": { "type": "LineString", "coordinates": [ [ -39.943526489, -18.23310866 ], [ -39.943509777, -18.233028833 ], [ -39.943474287, -18.232842104 ], [ -39.943461473, -18.23278004 ], [ -39.94344859, -18.232708797 ], [ -39.943425194, -18.232593459 ], [ -39.943378073, -18.232344452 ], [ -39.943365048, -18.232282428 ], [ -39.943360515, -18.232255664 ], [ -39.94334081, -18.232158053 ], [ -39.943317761, -18.232033462 ], [ -39.943286592, -18.231873541 ], [ -39.94327027500001, -18.231793712999984 ], [ -39.943262157, -18.231749198 ], [ -39.943251155, -18.231696003 ], [ -39.943233445, -18.231598044 ], [ -39.943197534, -18.231420585 ], [ -39.943170192, -18.231269188 ], [ -39.943153268, -18.231189477 ], [ -39.943128498, -18.231055999 ], [ -39.943122769, -18.231029446 ], [ -39.943114989, -18.230984875 ], [ -39.943103504, -18.230931773 ], [ -39.943072664, -18.230771793 ], [ -39.943056765, -18.230682707 ], [ -39.943021665, -18.2305051 ], [ -39.943006899, -18.230434191 ], [ -39.942986609, -18.230318317 ], [ -39.942980434, -18.230291855 ], [ -39.942962382, -18.230203144 ], [ -39.94294636, -18.230114077 ], [ -39.942926556, -18.230016484 ], [ -39.942899855, -18.229874156 ], [ -39.942875739, -18.229758953 ], [ -39.942868796, -18.229714257 ], [ -39.94284541, -18.229598916 ], [ -39.942833021, -18.229527594 ], [ -39.942815872, -18.229438719 ], [ -39.942799134, -18.229358971 ], [ -39.942738182, -18.229038884 ], [ -39.942717822, -18.228941396 ], [ -39.942706989, -18.228878988 ], [ -39.942687081, -18.228781414 ], [ -39.942674441, -18.228710132 ], [ -39.942655866, -18.228621519 ], [ -39.94263054, -18.228488137 ], [ -39.942624627, -18.228461621 ], [ -39.9426088, -18.228372522 ], [ -39.942603084080822, -18.228346457368549 ] ] } },
{ "type": "Feature", "properties": { "Field": "000", "Length": 535.24926862794541 }, "geometry": { "type": "LineString", "coordinates": [ [ -39.943512995909877, -18.233116942547095 ], [ -39.943489992, -18.233001344 ], [ -39.943483929, -18.232965662 ], [ -39.943477962, -18.232939157 ], [ -39.94347335, -18.232912405 ], [ -39.943467505, -18.232885875 ], [ -39.943437224, -18.232725798 ], [ -39.943420867, -18.232645978 ], [ -39.943401044, -18.232539197 ], [ -39.943383362, -18.232450417 ], [ -39.943361667, -18.232334776 ], [ -39.943350341, -18.232281643 ], [ -39.94333724, -18.232210437 ], [ -39.943315927, -18.232103919 ], [ -39.943308176, -18.232059343 ], [ -39.943288861, -18.231961661 ], [ -39.943273618, -18.231890845 ], [ -39.943264811, -18.231837278 ], [ -39.943257209, -18.231801866 ], [ -39.943250945, -18.231766216 ], [ -39.943240094, -18.231712993 ], [ -39.943233991, -18.231677317 ], [ -39.943221329, -18.231615224 ], [ -39.94321163, -18.231561798 ], [ -39.943200115, -18.231508702 ], [ -39.943192225, -18.231464149 ], [ -39.943176457, -18.231384221 ], [ -39.943170357, -18.231348545 ], [ -39.943147215, -18.23123316 ], [ -39.943144712, -18.231215244 ], [ -39.943138757, -18.231188736 ], [ -39.943101853, -18.230993068 ], [ -39.943092402, -18.230948793 ], [ -39.94308607, -18.230913154 ], [ -39.943075039, -18.230859964 ], [ -39.9430689, -18.230824294 ], [ -39.943058323, -18.230771021 ], [ -39.943052614, -18.230735285 ], [ -39.943039951, -18.230673192 ], [ -39.943033709, -18.230637539 ], [ -39.943020711, -18.230575509 ], [ -39.943009154, -18.230513219 ], [ -39.942999604, -18.230468963 ], [ -39.942991365, -18.230424468 ], [ -39.942987404, -18.230406794 ], [ -39.942970102, -18.230308768 ], [ -39.942964189, -18.230282252 ], [ -39.942954083, -18.230228894 ], [ -39.94294627, -18.230193525 ], [ -39.942924982, -18.230077814 ], [ -39.942915574, -18.230033531 ], [ -39.942911668, -18.230006677 ], [ -39.94290564, -18.229980184 ], [ -39.942889782, -18.229900273 ], [ -39.94288368, -18.229864597 ], [ -39.942873863, -18.229820395 ], [ -39.942854146, -18.229713596 ], [ -39.942840917, -18.229651611 ], [ -39.942815135, -18.229509128 ], [ -39.942809077, -18.229482641 ], [ -39.942804382, -18.229455903 ], [ -39.942786409, -18.229367177 ], [ -39.942764895, -18.229251505 ], [ -39.942749632, -18.229180693 ], [ -39.942723552, -18.229038259 ], [ -39.94270543, -18.228949561 ], [ -39.942693895, -18.228887267 ], [ -39.942653385, -18.228683046 ], [ -39.942621615, -18.228514042 ], [ -39.942604555, -18.228434356 ], [ -39.94259244501449, -18.228360896087857 ] ] } },
{ "type": "Feature", "properties": { "Field": "000", "Length": 534.31035106424304 }, "geometry": { "type": "LineString", "coordinates": [ [ -39.942580581032509, -18.228376997187741 ], [ -39.942586645, -18.228412023 ], [ -39.942616535, -18.228562979 ], [ -39.942618217, -18.228571872 ], [ -39.942627605, -18.228625347 ], [ -39.942649132, -18.228731826 ], [ -39.942663885, -18.22881193 ], [ -39.942709845, -18.229042759 ], [ -39.942727663, -18.229140699 ], [ -39.942751427, -18.229255967 ], [ -39.942760903, -18.229309429 ], [ -39.942806506, -18.229540323 ], [ -39.942826064, -18.229647146 ], [ -39.942840651, -18.229718088 ], [ -39.942855685, -18.229798144 ], [ -39.942863215, -18.229833568 ], [ -39.942876138, -18.229904804 ], [ -39.942904763, -18.23004679 ], [ -39.942906449, -18.230055681 ], [ -39.942912549, -18.230091357 ], [ -39.942931228, -18.230189152 ], [ -39.94295628, -18.230313387 ], [ -39.942972052, -18.230402495 ], [ -39.94297374, -18.230411386 ], [ -39.942992546, -18.230499954 ], [ -39.942994296, -18.230508834 ], [ -39.943003531, -18.230562334 ], [ -39.943037281, -18.230730987 ], [ -39.94303899, -18.230739875 ], [ -39.943058094, -18.230846775 ], [ -39.943059818, -18.230855659 ], [ -39.94306557, -18.230882207 ], [ -39.943077131, -18.230944496 ], [ -39.943078905, -18.230953372 ], [ -39.94308673, -18.230988737 ], [ -39.943104957, -18.23108661 ], [ -39.943127482, -18.231202106 ], [ -39.943129111, -18.231211007 ], [ -39.943133466, -18.231237798 ], [ -39.943135051, -18.231246706 ], [ -39.943162294, -18.231379743 ], [ -39.943163964, -18.231388636 ], [ -39.943168305, -18.231415428 ], [ -39.943181528, -18.231486613 ], [ -39.943183259, -18.231495497 ], [ -39.94319632, -18.231557515 ], [ -39.94319808, -18.231566394 ], [ -39.943206059, -18.231610931 ], [ -39.943215303, -18.231655244 ], [ -39.943228478, -18.231726437 ], [ -39.94324150100001, -18.231788461 ], [ -39.943262697, -18.231904187 ], [ -39.943282664, -18.232001749 ], [ -39.943354485, -18.23237506 ], [ -39.943356295, -18.232383929 ], [ -39.943362245, -18.232410438 ], [ -39.943364045, -18.232419307 ], [ -39.943368565, -18.232446072 ], [ -39.943393896, -18.232579453 ], [ -39.943423789, -18.232730408 ], [ -39.943455679, -18.232899391 ], [ -39.943470232, -18.232970338 ], [ -39.943476686, -18.233005957 ], [ -39.943478433, -18.233014837 ], [ -39.943484255, -18.233041371 ], [ -39.943497587, -18.233112538 ], [ -39.943500136956402, -18.233124835789734 ] ] } },
{ "type": "Feature", "properties": { "Field": "000", "Length": 533.44356562652445 }, "geometry": { "type": "LineString", "coordinates": [ [ -39.943488242937789, -18.233132136722705 ], [ -39.943480337, -18.233096899 ], [ -39.943466302, -18.233025855 ], [ -39.943383852, -18.232599279 ], [ -39.943374048, -18.232555074 ], [ -39.943361993, -18.232483699 ], [ -39.943354695, -18.232448229 ], [ -39.943350207, -18.232421458 ], [ -39.943340411, -18.232377252 ], [ -39.943332616, -18.232332684 ], [ -39.943296548, -18.232146056 ], [ -39.943283031, -18.232084128 ], [ -39.943265681, -18.231986109 ], [ -39.943254881, -18.231932877 ], [ -39.943248688, -18.231906418 ], [ -39.94323608, -18.231835131 ], [ -39.943225662, -18.231781829 ], [ -39.943216044, -18.231737587 ], [ -39.943204591, -18.231675279 ], [ -39.943193735, -18.231622057 ], [ -39.943189354, -18.23159527 ], [ -39.943169079, -18.231497766 ], [ -39.943158479, -18.231435321 ], [ -39.943145252, -18.231364136 ], [ -39.943131605, -18.231302233 ], [ -39.943128456, -18.231284411 ], [ -39.943124149, -18.231266811 ], [ -39.943112925, -18.231195313 ], [ -39.943099372, -18.231133391 ], [ -39.943090789, -18.231088955 ], [ -39.94308828, -18.231071041 ], [ -39.943080005, -18.231026551 ], [ -39.943061106, -18.230938001 ], [ -39.943038477, -18.23081334 ], [ -39.94302732, -18.230760175 ], [ -39.943009294, -18.230662268 ], [ -39.942999897, -18.230617983 ], [ -39.942976733, -18.230493411 ], [ -39.942957941, -18.23040484 ], [ -39.942946943, -18.230342458 ], [ -39.942902237, -18.230111404 ], [ -39.942896516, -18.230084849 ], [ -39.94287874, -18.229986901 ], [ -39.942874668, -18.22996925 ], [ -39.942847572, -18.22982699 ], [ -39.942836536, -18.229773802 ], [ -39.942830322, -18.229738143 ], [ -39.942813873, -18.229658341 ], [ -39.942790705, -18.22953377 ], [ -39.942769731, -18.229427191 ], [ -39.942763895, -18.229400659 ], [ -39.94275061, -18.229329483 ], [ -39.942743177, -18.229284859 ], [ -39.942724967, -18.229205406 ], [ -39.9426957, -18.229045156 ], [ -39.942653219, -18.228832094 ], [ -39.942635205, -18.228734185 ], [ -39.942625588, -18.228689943 ], [ -39.942611145, -18.228609786 ], [ -39.942591516, -18.228512162 ], [ -39.942582458, -18.228458633 ], [ -39.94257139, -18.22840545 ], [ -39.942569227084682, -18.22839245750869 ] ] } },
{ "type": "Feature", "properties": { "Field": "000", "Length": 532.62440916592266 }, "geometry": { "type": "LineString", "coordinates": [ [ -39.943474856, -18.233140354 ], [ -39.943452688, -18.233033621 ], [ -39.943439901, -18.232962363 ], [ -39.943418678, -18.232855828 ], [ -39.94339165, -18.232713557 ], [ -39.943373768, -18.232624814 ], [ -39.943369171, -18.23259806 ], [ -39.943356049, -18.232536054 ], [ -39.943337649, -18.232429041 ], [ -39.943323637, -18.232367213 ], [ -39.943312699, -18.232304821 ], [ -39.943296864, -18.232224905 ], [ -39.943285512, -18.232162581 ], [ -39.943266706, -18.232074013 ], [ -39.943252464, -18.231993824 ], [ -39.943235422, -18.23190493 ], [ -39.943228933, -18.231878536 ], [ -39.94321957, -18.231825056 ], [ -39.943201285, -18.231736388 ], [ -39.943174514, -18.231594072 ], [ -39.943159883, -18.231523138 ], [ -39.943146805, -18.231451928 ], [ -39.943142649, -18.231425108 ], [ -39.943132498, -18.231371759 ], [ -39.943124078, -18.231336517 ], [ -39.943115698, -18.231292045 ], [ -39.943109922, -18.231265501 ], [ -39.943098107, -18.23119409 ], [ -39.943077299, -18.231096688 ], [ -39.943061819, -18.231007534 ], [ -39.943046715, -18.23093669 ], [ -39.943023895, -18.230812061 ], [ -39.943005217, -18.230723468 ], [ -39.942994693, -18.230661012 ], [ -39.942975015, -18.230563396 ], [ -39.942963775, -18.230501053 ], [ -39.942941709, -18.230394674999989 ], [ -39.942932292, -18.230341203 ], [ -39.942921273, -18.230288011 ], [ -39.942901696, -18.230181189 ], [ -39.942890332, -18.230128064 ], [ -39.942876339, -18.230057012 ], [ -39.94286904, -18.230012368 ], [ -39.942860566, -18.229967912 ], [ -39.942840822, -18.229870309 ], [ -39.942820249, -18.229763658 ], [ -39.942815715, -18.229736894 ], [ -39.942799138, -18.229657116 ], [ -39.942758529, -18.22944372 ], [ -39.942750879, -18.229408318 ], [ -39.942732209, -18.229301347 ], [ -39.942724651, -18.229265927 ], [ -39.942717753, -18.229239629 ], [ -39.942708468, -18.229195322 ], [ -39.942686078, -18.229070621 ], [ -39.942665641, -18.228963947 ], [ -39.942642143, -18.228848627 ], [ -39.942622735, -18.228741777 ], [ -39.9426078, -18.228670901 ], [ -39.942599987, -18.228626335 ], [ -39.942576279, -18.228511056 ], [ -39.942565811, -18.22844859 ], [ -39.942558146065714, -18.228407817349531 ] ] } },
{ "type": "Feature", "properties": { "Field": "000", "Length": 531.72068094907002 }, "geometry": { "type": "LineString", "coordinates": [ [ -39.943460668, -18.233149063 ], [ -39.943447781, -18.233086593 ], [ -39.94344346, -18.233059798 ], [ -39.943436264, -18.233024309 ], [ -39.943426879, -18.232970831 ], [ -39.943403605, -18.232855471 ], [ -39.943392742, -18.232793067 ], [ -39.943382058, -18.232739813 ], [ -39.943373849, -18.232704525 ], [ -39.94335979, -18.232624306 ], [ -39.943339566, -18.232526792 ], [ -39.943325846, -18.23244652 ], [ -39.943313733, -18.232393546 ], [ -39.943305367, -18.232349072 ], [ -39.943299564, -18.232313351 ], [ -39.943283562, -18.232233465 ], [ -39.943280727, -18.232215595 ], [ -39.943271229, -18.232171329 ], [ -39.943255628, -18.232091371 ], [ -39.943249448, -18.232064911 ], [ -39.943242852, -18.232020166 ], [ -39.943233247, -18.231966724 ], [ -39.943221818, -18.231913612 ], [ -39.943206319, -18.231833636 ], [ -39.943193411, -18.231771588 ], [ -39.943178883, -18.231691446 ], [ -39.943171146, -18.231656061 ], [ -39.94316357, -18.231611458 ], [ -39.943141107, -18.231505156 ], [ -39.94312119, -18.231389223 ], [ -39.943094925, -18.231265215 ], [ -39.943083605, -18.23119373 ], [ -39.943062147, -18.231096457 ], [ -39.943051512, -18.231043194 ], [ -39.943026306, -18.230900617 ], [ -39.943015305, -18.230847422 ], [ -39.943008966, -18.230811784 ], [ -39.942992226, -18.230732037 ], [ -39.942978297, -18.230651798 ], [ -39.942964185, -18.230580768 ], [ -39.942960058, -18.230563129 ], [ -39.942948821, -18.230500785 ], [ -39.942923358, -18.230376625 ], [ -39.942916024, -18.230331985 ], [ -39.942894375, -18.230225529 ], [ -39.942885171, -18.230172023 ], [ -39.942875613, -18.230127769 ], [ -39.942833478, -18.229905453 ], [ -39.942787825, -18.229674568 ], [ -39.94277163, -18.22958553 ], [ -39.942758268, -18.229523571 ], [ -39.942750062, -18.22947907 ], [ -39.942742911, -18.229434403 ], [ -39.942736809, -18.229407925 ], [ -39.942730172, -18.229372337 ], [ -39.942713395, -18.229292596 ], [ -39.942695898, -18.229203783 ], [ -39.942673473, -18.229079089 ], [ -39.942662229, -18.22902594 ], [ -39.942651072, -18.228963584 ], [ -39.942638708, -18.228901436 ], [ -39.942627231, -18.228848333 ], [ -39.942618254, -18.228794792 ], [ -39.942595153, -18.228679399 ], [ -39.942588038, -18.228634727 ], [ -39.942558486, -18.228492914 ], [ -39.942546057, -18.228424575 ] ] } },
{ "type": "Feature", "properties": { "Field": "000", "Length": 530.83176472164087 }, "geometry": { "type": "LineString", "coordinates": [ [ -39.943447148, -18.233157362 ], [ -39.943440919, -18.233121618 ], [ -39.943433342, -18.233086202 ], [ -39.943421634, -18.233023938 ], [ -39.943415896, -18.232988207 ], [ -39.943392251, -18.232872915 ], [ -39.9433812, -18.232810541 ], [ -39.943373995, -18.232775054 ], [ -39.943369685, -18.232748256 ], [ -39.943356575, -18.232686248 ], [ -39.943345533, -18.232623873 ], [ -39.943330451, -18.232553025 ], [ -39.943317188, -18.232481846 ], [ -39.943313133, -18.232455013 ], [ -39.943299263, -18.232393156 ], [ -39.943267954, -18.232224073 ], [ -39.94325814, -18.23217987 ], [ -39.943255407, -18.232161985 ], [ -39.943232904, -18.232046485 ], [ -39.943220646, -18.231975142 ], [ -39.943194827, -18.231851048 ], [ -39.943190226, -18.231824295 ], [ -39.94317926, -18.231771093 ], [ -39.943141926, -18.2315755 ], [ -39.943126626, -18.231504695 ], [ -39.943115936, -18.231433121 ], [ -39.94310155, -18.231362142 ], [ -39.943084042, -18.231282546 ], [ -39.943065448, -18.231175563 ], [ -39.943045716, -18.231087179 ], [ -39.943034852, -18.231024775 ], [ -39.943029413, -18.230998166 ], [ -39.943025127, -18.230971365 ], [ -39.94301006500001, -18.230891313 ], [ -39.943000706, -18.230847021 ], [ -39.942994408, -18.230811376 ], [ -39.942979414, -18.230740511 ], [ -39.94296538, -18.230660289 ], [ -39.942947338, -18.230571575 ], [ -39.942932398, -18.230491502 ], [ -39.942910563, -18.230385081 ], [ -39.94289673, -18.230304826 ], [ -39.942876335, -18.230207345 ], [ -39.94287213, -18.230180532 ], [ -39.942863648, -18.230136078 ], [ -39.942857864, -18.230109536 ], [ -39.942854944, -18.230091678 ], [ -39.942828642, -18.229958469 ], [ -39.94280171, -18.22981618 ], [ -39.942788739, -18.229754145 ], [ -39.942757066, -18.229585125 ], [ -39.942743721, -18.229523162 ], [ -39.942726654, -18.229425099 ], [ -39.942710851, -18.229354395 ], [ -39.942697823, -18.229283176 ], [ -39.942688495, -18.229238878 ], [ -39.942673367, -18.229158837 ], [ -39.942660853, -18.229087534 ], [ -39.942645541, -18.229016732 ], [ -39.94263626, -18.228963238 ], [ -39.942611286, -18.228838987 ], [ -39.942598393, -18.228767746 ], [ -39.942580386, -18.228679026 ], [ -39.942569585, -18.228616612 ], [ -39.942554907, -18.228545687 ], [ -39.942548303, -18.228510093 ], [ -39.94254051, -18.228474719 ], [ -39.942534448024205, -18.228440666135988 ] ] } },
{ "type": "Feature", "properties": { "Field": "000", "Length": 530.01677983575644 }, "geometry": { "type": "LineString", "coordinates": [ [ -39.943432668, -18.23316625 ], [ -39.943427607, -18.233139308 ], [ -39.943419222, -18.23308568 ], [ -39.943410589, -18.233041252 ], [ -39.943402993, -18.232996653 ], [ -39.943393276, -18.23295243 ], [ -39.943356776, -18.232756693 ], [ -39.943348573, -18.232721404 ], [ -39.943340498, -18.232676881 ], [ -39.943336791, -18.232650001 ], [ -39.943317854, -18.232561458 ], [ -39.943306649, -18.23249911 ], [ -39.943281494, -18.232374892 ], [ -39.943276059, -18.232339118 ], [ -39.943264462, -18.232286038 ], [ -39.943258348, -18.232250364 ], [ -39.94324568, -18.232188272 ], [ -39.943237657, -18.232143741 ], [ -39.943221347, -18.232063912 ], [ -39.943210431, -18.232001517 ], [ -39.943200681, -18.231957301 ], [ -39.943196942, -18.231930426 ], [ -39.943192184, -18.231903698 ], [ -39.943177173, -18.231832836 ], [ -39.943160278, -18.231743917 ], [ -39.943151831, -18.23170868 ], [ -39.943142448, -18.231655203 ], [ -39.943133549, -18.231610824 ], [ -39.943129207, -18.231584031 ], [ -39.943121911, -18.231548561 ], [ -39.943119253, -18.231530665 ], [ -39.943111152, -18.231495355 ], [ -39.943103823, -18.231450714 ], [ -39.943094563, -18.231406402 ], [ -39.943088658, -18.231370696 ], [ -39.94307133, -18.231291064 ], [ -39.943065762, -18.231255308 ], [ -39.943060063, -18.231228749 ], [ -39.943054173, -18.23119304 ], [ -39.943044293, -18.231148851 ], [ -39.943037902, -18.231113221 ], [ -39.943016689, -18.231006685 ], [ -39.943007123, -18.230953237 ], [ -39.943001384, -18.230926686 ], [ -39.942990948, -18.230864216 ], [ -39.942966542, -18.230749069 ], [ -39.942954014, -18.230677768 ], [ -39.942931191, -18.230562325 ], [ -39.942926765, -18.230535545 ], [ -39.942911329, -18.230464767 ], [ -39.942887672, -18.230331106 ], [ -39.942877855, -18.230286904 ], [ -39.942860351, -18.230198092 ], [ -39.942849057, -18.230135758 ], [ -39.942835074, -18.230064705 ], [ -39.942827305, -18.230020133 ], [ -39.942817656, -18.229975897 ], [ -39.942804664, -18.229904672 ], [ -39.942797095, -18.229869254 ], [ -39.942790946, -18.229833585 ], [ -39.942776179, -18.229762677 ], [ -39.942763201, -18.22969145 ], [ -39.942753823, -18.229647161 ], [ -39.942729457, -18.2295228 ], [ -39.942708571, -18.229407022 ], [ -39.942696814, -18.229353975 ], [ -39.942685605, -18.229291627 ], [ -39.942670933, -18.229220701 ], [ -39.942644391, -18.229078346 ], [ -39.942630678, -18.229016457 ], [ -39.942615135, -18.228927313 ], [ -39.942610804, -18.228909718 ], [ -39.942594849, -18.228829824 ], [ -39.942590594, -18.228803019 ], [ -39.942586328, -18.22878541 ], [ -39.942581943, -18.228758624 ], [ -39.942569113, -18.228696561999982 ], [ -39.942554856, -18.228616375 ], [ -39.94253705, -18.228527618 ], [ -39.94253058, -18.228501221 ], [ -39.942522842097688, -18.228456753561364 ] ] } },
{ "type": "Feature", "properties": { "Field": "000", "Length": 529.06227674535239 }, "geometry": { "type": "LineString", "coordinates": [ [ -39.943419865941571, -18.233174108706823 ], [ -39.943412719, -18.233138248 ], [ -39.943400222, -18.233057793 ], [ -39.943390405, -18.233004387 ], [ -39.943375356, -18.232933533 ], [ -39.943364185, -18.232871179 ], [ -39.943356561, -18.232835771 ], [ -39.943341922, -18.232755648 ], [ -39.9433328, -18.23271131 ], [ -39.94332235400001, -18.232648841 ], [ -39.943305084, -18.232569197 ], [ -39.943286782, -18.232471337 ], [ -39.943267131, -18.232373716 ], [ -39.943259229, -18.232329165 ], [ -39.943251179, -18.232293844 ], [ -39.943245654, -18.232258082 ], [ -39.943237332, -18.232213601 ], [ -39.94323146, -18.232187076 ], [ -39.943200261, -18.23202716 ], [ -39.943170306, -18.231867026 ], [ -39.943140891, -18.231725187 ], [ -39.943113171, -18.231573854 ], [ -39.943088485, -18.23144955 ], [ -39.943073723, -18.231369447 ], [ -39.943060278, -18.231307504 ], [ -39.94304278100001, -18.23120951 ], [ -39.943029792, -18.231147478 ], [ -39.943022039, -18.231102903 ], [ -39.943006202, -18.231022987 ], [ -39.943002063, -18.231005351 ], [ -39.942991482, -18.230942903 ], [ -39.942983673, -18.230907532 ], [ -39.942968872, -18.230827435 ], [ -39.942955298, -18.230765518 ], [ -39.942944241, -18.230703146 ], [ -39.942919917, -18.230578777 ], [ -39.942912077, -18.230534216 ], [ -39.942893329, -18.230445636 ], [ -39.942871342, -18.23032087 ], [ -39.942849148, -18.230214517 ], [ -39.942828017, -18.23009878 ], [ -39.942817127, -18.230045564 ], [ -39.942810751, -18.230009932 ], [ -39.94280474, -18.229983435 ], [ -39.942774618, -18.22982333 ], [ -39.942759862, -18.22975242 ], [ -39.942743722, -18.229663373 ], [ -39.942725287, -18.229574733 ], [ -39.942722557, -18.229556848 ], [ -39.942711639, -18.229503637 ], [ -39.942702326, -18.229450149 ], [ -39.94268119, -18.229343598 ], [ -39.942671384, -18.22929019 ], [ -39.942663578, -18.229254819 ], [ -39.942633073, -18.22909478 ], [ -39.942619801, -18.229032804 ], [ -39.94259897500001, -18.228917016 ], [ -39.942582039, -18.228837307 ], [ -39.942563575, -18.228739475 ], [ -39.94255101, -18.228677363 ], [ -39.942533155, -18.228579428 ], [ -39.942511261, -18.228472807 ] ] } },
{ "type": "Feature", "properties": { "Field": "000", "Length": 528.11299365372759 }, "geometry": { "type": "LineString", "coordinates": [ [ -39.943408318, -18.233181197 ], [ -39.943366504, -18.23295862 ], [ -39.943326208, -18.23275436 ], [ -39.943317293, -18.232700809 ], [ -39.943313089, -18.232683187 ], [ -39.94329995, -18.232611987 ], [ -39.943290236, -18.232567764 ], [ -39.943285661, -18.232541007 ], [ -39.943272682, -18.232478973 ], [ -39.943259294, -18.232407816 ], [ -39.943256553, -18.232389932 ], [ -39.943252137, -18.232372357 ], [ -39.943249285, -18.232354489 ], [ -39.94323515, -18.232283463 ], [ -39.943224155, -18.232221081 ], [ -39.943218412, -18.23219453 ], [ -39.943215757, -18.232176634 ], [ -39.943205875, -18.232132445 ], [ -39.943199834, -18.23209676 ], [ -39.943193838, -18.23207026 ], [ -39.943189428, -18.232043478 ], [ -39.943183174, -18.232017033 ], [ -39.943167237, -18.231927952 ], [ -39.943157688, -18.231883696 ], [ -39.943153235, -18.23185692 ], [ -39.94313093, -18.231750588 ], [ -39.943121793, -18.231697071 ], [ -39.943103671, -18.231599181 ], [ -39.9430883, -18.23152839 ], [ -39.943080699, -18.231483791 ], [ -39.943035228, -18.231252874 ], [ -39.943027688, -18.231208265 ], [ -39.943014839, -18.231146207 ], [ -39.9430101, -18.231119476 ], [ -39.943002355, -18.231084092 ], [ -39.942987202, -18.230994887 ], [ -39.94296998, -18.230915233 ], [ -39.942955719, -18.230835047 ], [ -39.942940918, -18.230764146 ], [ -39.942933407, -18.230719533 ], [ -39.942922205, -18.230666376 ], [ -39.942893451, -18.230515218 ], [ -39.942876988, -18.230435419 ], [ -39.942857939, -18.230328509 ], [ -39.942844943, -18.230266479 ], [ -39.942817735, -18.230124238999988 ], [ -39.94279454, -18.230008864 ], [ -39.942787458, -18.229964187 ], [ -39.942779298, -18.229928888 ], [ -39.942763242, -18.229839827 ], [ -39.942753738, -18.229795563 ], [ -39.942738516, -18.229715538 ], [ -39.94272927, -18.229671224 ], [ -39.942708083, -18.229555496 ], [ -39.942700369, -18.229520106 ], [ -39.942687068, -18.229448934 ], [ -39.942677677, -18.229404647 ], [ -39.942661671, -18.229315578 ], [ -39.942647825, -18.2292445 ], [ -39.942629709, -18.229155801 ], [ -39.942619807, -18.229102409 ], [ -39.942607698, -18.229049434 ], [ -39.942585808, -18.228924653 ], [ -39.942558792, -18.228791574 ], [ -39.942554384, -18.228764791 ], [ -39.942545163, -18.228720472 ], [ -39.942529984, -18.22864044 ], [ -39.942522401, -18.228605025 ], [ -39.942511096, -18.228542693 ], [ -39.942501468, -18.228498453 ], [ -39.942499774, -18.22848873 ] ] } },
{ "type": "Feature", "properties": { "Field": "000", "Length": 527.18757400935681 }, "geometry": { "type": "LineString", "coordinates": [ [ -39.943395992945568, -18.23318876270395 ], [ -39.9433812, -18.2331083 ], [ -39.94337528, -18.233081784 ], [ -39.943365762, -18.233028329 ], [ -39.943347779, -18.232939604 ], [ -39.943340179, -18.232895005 ], [ -39.943313212, -18.232761917 ], [ -39.943285232, -18.232610628 ], [ -39.943263147, -18.232504253 ], [ -39.943251221, -18.232442027 ], [ -39.943238878, -18.232370697 ], [ -39.943222239, -18.23229093 ], [ -39.943212824, -18.232237458 ], [ -39.943200809, -18.232175247 ], [ -39.943193084, -18.23213986 ], [ -39.943175067, -18.232041952 ], [ -39.943165466, -18.231997706 ], [ -39.943149, -18.231908713 ], [ -39.943127269, -18.231802272 ], [ -39.943120002, -18.231757623 ], [ -39.943110175, -18.231713423 ], [ -39.943096683, -18.231642283 ], [ -39.943089048, -18.231597689 ], [ -39.943077356, -18.231544629 ], [ -39.943056421, -18.231428859 ], [ -39.943033094, -18.231313508 ], [ -39.943028784, -18.231286711 ], [ -39.943024852, -18.231269031 ], [ -39.943015026, -18.231215627 ], [ -39.943003577, -18.231162518 ], [ -39.94299425, -18.231109032 ], [ -39.942978363, -18.231029125 ], [ -39.942973882, -18.231002353 ], [ -39.942953573, -18.230904856 ], [ -39.942940916, -18.230833576 ], [ -39.942926591, -18.230762585 ], [ -39.94291898, -18.230717988 ], [ -39.942900582, -18.230629341 ], [ -39.942876414, -18.230504944 ], [ -39.942865262, -18.230442587 ], [ -39.942852662, -18.230380482 ], [ -39.942843226, -18.230327014 ], [ -39.942831676, -18.230273925 ], [ -39.942823801, -18.230229369 ], [ -39.942781683, -18.23001624 ], [ -39.94277238, -18.22996275 ], [ -39.942754238, -18.229874055 ], [ -39.942748399, -18.229838339 ], [ -39.942732013, -18.229758525 ], [ -39.942707718, -18.229634151 ], [ -39.942688361, -18.229527292 ], [ -39.942682376, -18.22950079 ], [ -39.942664584, -18.229412031 ], [ -39.942612594, -18.229136314 ], [ -39.942593072, -18.229047888 ], [ -39.942579535, -18.228976756 ], [ -39.942575602, -18.228949906 ], [ -39.942569214, -18.228914275 ], [ -39.94254214, -18.228781207 ], [ -39.942524234, -18.228683281 ], [ -39.942504517, -18.228585672 ], [ -39.942501897, -18.228567772 ], [ -39.942488417, -18.228504472 ] ] } },
{ "type": "Feature", "properties": { "Field": "000", "Length": 526.2219707020007 }, "geometry": { "type": "LineString", "coordinates": [ [ -39.943383386, -18.233196501 ], [ -39.94336735400001, -18.233107405 ], [ -39.943363211, -18.233089769 ], [ -39.943353201, -18.233036396 ], [ -39.943343626, -18.232992145 ], [ -39.943294525, -18.232734297 ], [ -39.943283247, -18.232681155 ], [ -39.943268716, -18.232601013 ], [ -39.943246998, -18.23249457 ], [ -39.943224563, -18.232369877 ], [ -39.943204179, -18.232272393 ], [ -39.943169226, -18.232085572 ], [ -39.943152649, -18.232005794 ], [ -39.943140635, -18.231943583 ], [ -39.943122891, -18.231845629 ], [ -39.943107992, -18.231774746 ], [ -39.943103275, -18.231748012 ], [ -39.943093473, -18.231703807 ], [ -39.943087455, -18.231668118 ], [ -39.94307228, -18.231588085 ], [ -39.943062895, -18.231543797 ], [ -39.943037475, -18.231401255 ], [ -39.94302201, -18.231330483 ], [ -39.943014256, -18.231285908 ], [ -39.943003196, -18.231232724 ], [ -39.94299302, -18.231179379 ], [ -39.942990382, -18.231161481 ], [ -39.942982888, -18.231126049 ], [ -39.942964597, -18.231028187 ], [ -39.942953267, -18.230975055 ], [ -39.942928013, -18.23084166 ], [ -39.942915341, -18.230779569 ], [ -39.94290464, -18.23071714 ], [ -39.942896704, -18.230681795 ], [ -39.94287617, -18.230575137 ], [ -39.942866801, -18.230530846 ], [ -39.942838995, -18.230379527 ], [ -39.942830296, -18.230335112 ], [ -39.942816882, -18.230273163 ], [ -39.942811329, -18.230237405 ], [ -39.942807289, -18.230219747 ], [ -39.942794133, -18.23014855 ], [ -39.942781189, -18.23008651 ], [ -39.942745989, -18.229899731 ], [ -39.942712431, -18.229731043 ], [ -39.942704389, -18.229686515 ], [ -39.942693218, -18.229633352 ], [ -39.942675656, -18.229535368 ], [ -39.942629507, -18.229304574 ], [ -39.942621926, -18.229259971 ], [ -39.942603358, -18.229162157 ], [ -39.942594391, -18.229117791 ], [ -39.942586093, -18.229082522 ], [ -39.942572044, -18.229011481 ], [ -39.942554906, -18.228913428 ], [ -39.942532777, -18.228807062 ], [ -39.942527666, -18.228780394 ], [ -39.942522172, -18.228744628 ], [ -39.942502042, -18.228647096 ], [ -39.942491041, -18.228584715 ], [ -39.942481418, -18.228540474 ], [ -39.942476507075462, -18.228520980299514 ] ] } },
{ "type": "Feature", "properties": { "Field": "000", "Length": 525.36968609739233 }, "geometry": { "type": "LineString", "coordinates": [ [ -39.943370715, -18.233204279 ], [ -39.943341935, -18.2330526 ], [ -39.943323745, -18.232963914 ], [ -39.943281749, -18.232741573 ], [ -39.943266902, -18.232670681 ], [ -39.943245551, -18.232554981 ], [ -39.943232415, -18.232492977 ], [ -39.943211899, -18.23237714 ], [ -39.943197657, -18.232306133 ], [ -39.943189762, -18.23227078 ], [ -39.943152983, -18.23207509 ], [ -39.943145145, -18.232039725 ], [ -39.943127266, -18.231950982 ], [ -39.943108722, -18.231843992 ], [ -39.943078953, -18.231702221 ], [ -39.943074608, -18.231675428 ], [ -39.943054378, -18.231568717 ], [ -39.943044744, -18.231524479 ], [ -39.943030848, -18.231444234 ], [ -39.943023399, -18.231408793 ], [ -39.943020392, -18.231390948 ], [ -39.943016026, -18.231373361 ], [ -39.943005796, -18.231320026 ], [ -39.942998247, -18.231275419 ], [ -39.942983588, -18.23120449 ], [ -39.942973993, -18.231151047 ], [ -39.94296284, -18.231097881 ], [ -39.942920536, -18.230875594 ], [ -39.942906018, -18.230804639 ], [ -39.942895104, -18.230742244 ], [ -39.942886376, -18.230697833 ], [ -39.942878505, -18.230662475 ], [ -39.942865298, -18.230591287 ], [ -39.942853566, -18.230538235 ], [ -39.942831172, -18.230413535 ], [ -39.942802573, -18.230271544 ], [ -39.942794952, -18.230226948 ], [ -39.942761463, -18.230058247 ], [ -39.942752133, -18.230004762 ], [ -39.942737694, -18.229933792 ], [ -39.942731513, -18.229898128 ], [ -39.942720255, -18.229844982 ], [ -39.942702013, -18.229747112 ], [ -39.942680438, -18.229640642 ], [ -39.942650664, -18.229480478 ], [ -39.942630233, -18.229383003 ], [ -39.942602359, -18.229231696 ], [ -39.942594979, -18.229196241 ], [ -39.94258719, -18.229151672 ], [ -39.942581073, -18.229125197 ], [ -39.942563174, -18.229036458 ], [ -39.942554782, -18.228991988 ], [ -39.942545804, -18.228938447 ], [ -39.942518295, -18.228805461 ], [ -39.942513376, -18.22877876 ], [ -39.942507938, -18.228742986 ], [ -39.942487652, -18.228645484 ], [ -39.942471119, -18.228556502 ], [ -39.942466251, -18.228536129 ] ] } },
{ "type": "Feature", "properties": { "Field": "000", "Length": 524.17615290192578 }, "geometry": { "type": "LineString", "coordinates": [ [ -39.94335800195369, -18.23321208276078 ], [ -39.943351012, -18.233175967 ], [ -39.943344651, -18.233149545 ], [ -39.94334074, -18.233122692 ], [ -39.943332655, -18.233078171 ], [ -39.94332143, -18.233025019 ], [ -39.943299769, -18.232909372 ], [ -39.943283591, -18.232829518 ], [ -39.943277507, -18.23279384 ], [ -39.943254064, -18.23267851 ], [ -39.943245164, -18.232624957 ], [ -39.943214478, -18.232474147 ], [ -39.943197083, -18.232376136 ], [ -39.943178816, -18.232287465 ], [ -39.943127809, -18.232020763 ], [ -39.943111072, -18.231941015 ], [ -39.943100699, -18.231878535 ], [ -39.943089287, -18.231825419 ], [ -39.943084679, -18.231798667 ], [ -39.943080571, -18.231781024 ], [ -39.943074221, -18.231745388 ], [ -39.943056442, -18.231656626 ], [ -39.943043623, -18.231585373 ], [ -39.943016634, -18.231452289 ], [ -39.943012347, -18.231425488 ], [ -39.943007093, -18.231398845 ], [ -39.943002858, -18.231381229 ], [ -39.942991673, -18.231318878 ], [ -39.942980774, -18.231265663 ], [ -39.942972996, -18.231221092 ], [ -39.942923892, -18.230972436 ], [ -39.942902625, -18.230856722 ], [ -39.942891481, -18.230803554 ], [ -39.942883614, -18.230758997 ], [ -39.942862033, -18.230652528 ], [ -39.942850508, -18.230590233 ], [ -39.942841012, -18.230545967 ], [ -39.942816427, -18.230412458 ], [ -39.94279306, -18.230297115 ], [ -39.942766545, -18.230154755 ], [ -39.94275508, -18.230101649 ], [ -39.942737424, -18.230003681 ], [ -39.942707282, -18.229852771 ], [ -39.942694321, -18.229781541 ], [ -39.942680361, -18.229710484 ], [ -39.942665381, -18.229639617 ], [ -39.942656019, -18.229586136 ], [ -39.942629703, -18.229452929 ], [ -39.942618375, -18.229390601 ], [ -39.942610834, -18.229355177 ], [ -39.942592393, -18.229257341 ], [ -39.942550438, -18.229044183 ], [ -39.942531033, -18.228937332 ], [ -39.942517118, -18.228875484 ], [ -39.942500498, -18.228786518 ], [ -39.942491577, -18.228732968 ], [ -39.942476769, -18.228662068 ], [ -39.942466854, -18.228608678 ], [ -39.942454933125319, -18.22855462856818 ] ] } },
{ "type": "Feature", "properties": { "Field": "000", "Length": 523.05040498330129 }, "geometry": { "type": "LineString", "coordinates": [ [ -39.943344833, -18.233220166 ], [ -39.943329905, -18.233149263 ], [ -39.943325987, -18.233122411 ], [ -39.943319547, -18.233086789 ], [ -39.943303765, -18.233006864 ], [ -39.943295799, -18.232962323 ], [ -39.943259182, -18.232775793 ], [ -39.943253245, -18.232749281 ], [ -39.943237348, -18.232660194 ], [ -39.943201869, -18.232482656 ], [ -39.94318252, -18.232375796 ], [ -39.943171133, -18.232322675 ], [ -39.943146214, -18.232189223 ], [ -39.943128542, -18.232100442 ], [ -39.943120611, -18.232055895 ], [ -39.943098619, -18.231949503 ], [ -39.943089993, -18.231895909 ], [ -39.943076463, -18.231833984 ], [ -39.943054742, -18.231718346 ], [ -39.943040401, -18.231647358 ], [ -39.943029379, -18.23158498 ], [ -39.943013331, -18.231505103 ], [ -39.943003594, -18.231460885 ], [ -39.942996402, -18.231416224 ], [ -39.942987067, -18.231371927 ], [ -39.942960229, -18.231229622 ], [ -39.942931584, -18.23108764 ], [ -39.942920331, -18.231025299 ], [ -39.942901007, -18.230927619 ], [ -39.942890005, -18.230865237 ], [ -39.942880533, -18.230820966 ], [ -39.942872617, -18.230776418 ], [ -39.942852543, -18.230678875 ], [ -39.94283585, -18.230589921 ], [ -39.94283011, -18.23056337 ], [ -39.942803741, -18.230420985 ], [ -39.942782007, -18.230314545 ], [ -39.942765411, -18.230225574 ], [ -39.942756403, -18.230181215 ], [ -39.942753529, -18.23016335 ], [ -39.942735729, -18.230074592 ], [ -39.942722758, -18.230003364 ], [ -39.942704813, -18.229914633 ], [ -39.942683171, -18.229798982 ], [ -39.942661561, -18.229692519 ], [ -39.942626033, -18.229505796 ], [ -39.942611741, -18.229434799 ], [ -39.942603987, -18.229390224 ], [ -39.942582448, -18.229283748 ], [ -39.942552093, -18.229123683 ], [ -39.94253955, -18.229061568 ], [ -39.942519658, -18.228954799 ], [ -39.9425043, -18.228884006 ], [ -39.942475271, -18.228723717 ], [ -39.942464217, -18.228670531 ], [ -39.942455865, -18.228626055 ], [ -39.942443937166075, -18.228572602744201 ] ] } },
{ "type": "Feature", "properties": { "Field": "000", "Length": 522.1467011540592 }, "geometry": { "type": "LineString", "coordinates": [ [ -39.943331631, -18.23322827 ], [ -39.943326771, -18.233201178 ], [ -39.943319088, -18.233165782 ], [ -39.943311439, -18.233121191 ], [ -39.94330763, -18.233103486 ], [ -39.943286477, -18.232987753 ], [ -39.943259152, -18.232854732 ], [ -39.943249699, -18.232801266 ], [ -39.943225963, -18.232676793 ], [ -39.943178816, -18.232436981 ], [ -39.943165688, -18.232365779 ], [ -39.943151016, -18.232294853 ], [ -39.943131288, -18.232188056 ], [ -39.943122232, -18.232143706 ], [ -39.943108981, -18.232072525 ], [ -39.943101501, -18.23203709 ], [ -39.943097125, -18.232010302 ], [ -39.943084196, -18.231948259 ], [ -39.943079704, -18.231921489 ], [ -39.943068018, -18.231868427 ], [ -39.943047192, -18.23175264 ], [ -39.943026779, -18.231655162 ], [ -39.943022588, -18.231628348 ], [ -39.943015891, -18.231592769 ], [ -39.943004192, -18.23153971 ], [ -39.942996774, -18.231495083 ], [ -39.942987434, -18.231450787 ], [ -39.942982963, -18.231424014 ], [ -39.942976909, -18.231397526 ], [ -39.94296577, -18.231335167 ], [ -39.942918353, -18.231095403 ], [ -39.942903871, -18.231015254 ], [ -39.942887808, -18.230935379 ], [ -39.942873404, -18.230855217 ], [ -39.94286233, -18.230802035 ], [ -39.942843731, -18.230704226 ], [ -39.942837652, -18.230677744 ], [ -39.942823048, -18.230597614 ], [ -39.94280031, -18.230482156 ], [ -39.942797673, -18.230464258 ], [ -39.942789206, -18.230419802 ], [ -39.942781532, -18.230384404 ], [ -39.942775025, -18.230348793 ], [ -39.942770721, -18.230331193 ], [ -39.942759643, -18.230268824 ], [ -39.942736413, -18.230153455 ], [ -39.942716537, -18.230046683 ], [ -39.942703181, -18.229984723 ], [ -39.942678123, -18.229851295 ], [ -39.942672041, -18.229815616 ], [ -39.942644723, -18.229682593 ], [ -39.942633824, -18.229620195 ], [ -39.942611979, -18.229513776 ], [ -39.942585967, -18.229371331 ], [ -39.942573063, -18.229309283 ], [ -39.942548734, -18.229184915 ], [ -39.942515332, -18.229007009 ], [ -39.942482662, -18.228847361 ], [ -39.942478189, -18.228820589 ], [ -39.942467728, -18.228767294 ], [ -39.942463411, -18.228740498 ], [ -39.942434245, -18.228588446 ] ] } },
{ "type": "Feature", "properties": { "Field": "000", "Length": 521.15734653633388 }, "geometry": { "type": "LineString", "coordinates": [ [ -39.943318476, -18.233236345 ], [ -39.943273451, -18.232996066 ], [ -39.943253175, -18.232898562 ], [ -39.943240286, -18.23282732 ], [ -39.943186635, -18.232551895000011 ], [ -39.943175294, -18.232489569 ], [ -39.943138143, -18.232303135 ], [ -39.943123715, -18.232222976 ], [ -39.943110927, -18.232160906 ], [ -39.943097737, -18.232089715 ], [ -39.943086799, -18.232036508 ], [ -39.943075513, -18.231974173 ], [ -39.943048152, -18.231841159 ], [ -39.943032478, -18.231752035 ], [ -39.9430141, -18.231663385 ], [ -39.94299956, -18.231583244 ], [ -39.942988339, -18.231530091 ], [ -39.942979034, -18.231476601 ], [ -39.94295571, -18.23136125 ], [ -39.942914813, -18.231147904 ], [ -39.942908878, -18.231121392 ], [ -39.942889232, -18.231014581 ], [ -39.942879954, -18.230970273 ], [ -39.942867164, -18.230899015 ], [ -39.942847889, -18.230801326 ], [ -39.942843288, -18.230774573 ], [ -39.942790717, -18.230508148 ], [ -39.942783315, -18.230463519 ], [ -39.942779111, -18.230445896 ], [ -39.942765436, -18.230374788 ], [ -39.942756066, -18.230330498 ], [ -39.942746826, -18.230276998 ], [ -39.942732228, -18.230206058 ], [ -39.942698628, -18.230028186 ], [ -39.942683501, -18.229957347 ], [ -39.942670841, -18.229886068 ], [ -39.942650293, -18.229779413 ], [ -39.942631831, -18.229690778 ], [ -39.942619791, -18.229619401 ], [ -39.942613617, -18.229592938999986 ], [ -39.942597755, -18.229513028 ], [ -39.942587465, -18.229459703 ], [ -39.94257984, -18.229415108 ], [ -39.942553295, -18.229281942 ], [ -39.9425315, -18.229166318 ], [ -39.942508604, -18.229050888 ], [ -39.942494153, -18.228970733 ], [ -39.942482167, -18.228917733 ], [ -39.94247083, -18.228855406 ], [ -39.942459869, -18.228802204 ], [ -39.942447265, -18.228730915 ], [ -39.942436447, -18.228677686 ], [ -39.942424113, -18.228605008 ] ] } },
{ "type": "Feature", "properties": { "Field": "000", "Length": 519.85263391306239 }, "geometry": { "type": "LineString", "coordinates": [ [ -39.943305454, -18.233244338 ], [ -39.943291527, -18.233164015 ], [ -39.943278325, -18.233102025 ], [ -39.943263332, -18.233021961 ], [ -39.943255641, -18.232986566 ], [ -39.943248343, -18.232941921 ], [ -39.943235326, -18.232879895 ], [ -39.943217157, -18.232782012 ], [ -39.943204129, -18.232719988 ], [ -39.943175987, -18.232568726 ], [ -39.943163031, -18.232506688 ], [ -39.943155587, -18.232462064 ], [ -39.943145505, -18.232408703 ], [ -39.943130727, -18.232337797 ], [ -39.943109093, -18.232222146 ], [ -39.943097546, -18.232169056 ], [ -39.943089894, -18.232124465 ], [ -39.943072792, -18.232035582 ], [ -39.943056397, -18.231955769 ], [ -39.943052008, -18.231928983 ], [ -39.943039674, -18.23186683 ], [ -39.943033656, -18.231840335 ], [ -39.94302088, -18.231769075 ], [ -39.943013597, -18.231733602 ], [ -39.943009336, -18.231706797 ], [ -39.943001918, -18.23167135 ], [ -39.942997567, -18.231644559 ], [ -39.942982681, -18.231573672999989 ], [ -39.942973161, -18.231520218 ], [ -39.942964328, -18.231475827 ], [ -39.942952472, -18.231422799 ], [ -39.942938094, -18.231342632 ], [ -39.942917105, -18.231236056 ], [ -39.942910973, -18.231200384 ], [ -39.942889224, -18.231093947 ], [ -39.94287639, -18.231022696 ], [ -39.942855437, -18.230916112 ], [ -39.942828907, -18.230773755 ], [ -39.942817838, -18.230720573 ], [ -39.942793459, -18.230596214 ], [ -39.942787393, -18.230560532 ], [ -39.942777921, -18.230516262 ], [ -39.942757139, -18.230409648 ], [ -39.942749476, -18.230365058 ], [ -39.942721281, -18.230222994 ], [ -39.942686172, -18.230036199 ], [ -39.942667337, -18.229947636 ], [ -39.942647813, -18.229840805 ], [ -39.942631547, -18.229760968 ], [ -39.942620505, -18.229698593 ], [ -39.942612916, -18.229663179 ], [ -39.942608321, -18.229636425 ], [ -39.942585312, -18.229521016 ], [ -39.94257921, -18.22948534 ], [ -39.942543874, -18.229307776 ], [ -39.942523864, -18.229201027 ], [ -39.942509303, -18.22913008 ], [ -39.94250165, -18.229085489 ], [ -39.942488112, -18.229014357 ], [ -39.942469244, -18.228925801 ], [ -39.942455119, -18.228845593 ], [ -39.942445801, -18.228801292 ], [ -39.94243669, -18.228747772 ], [ -39.942411931, -18.228624921 ] ] } },
{ "type": "Feature", "properties": { "Field": "000", "Length": 518.62585876987282 }, "geometry": { "type": "LineString", "coordinates": [ [ -39.943292561970722, -18.233252251833655 ], [ -39.943276835, -18.233162908 ], [ -39.943260483, -18.233083087 ], [ -39.943247465, -18.233011867 ], [ -39.943239665, -18.232976494 ], [ -39.943231785, -18.23293194 ], [ -39.943218905, -18.232869887 ], [ -39.943204316, -18.232789755 ], [ -39.943189467, -18.232718863 ], [ -39.943165087, -18.23258532 ], [ -39.94314691, -18.232496632 ], [ -39.943132364, -18.232416492 ], [ -39.943119835, -18.232354374 ], [ -39.94310667, -18.232283179 ], [ -39.943083244, -18.232167846 ], [ -39.943059842, -18.232043316 ], [ -39.94304198, -18.231954569 ], [ -39.9430359, -18.23191889 ], [ -39.943030039, -18.231892362 ], [ -39.943023677, -18.231856728 ], [ -39.943005472, -18.231768045 ], [ -39.942993083, -18.231696722 ], [ -39.942987381, -18.231670164 ], [ -39.942979313, -18.23162564 ], [ -39.942941912, -18.231439252 ], [ -39.942923447, -18.23134142 ], [ -39.942917806, -18.231314849 ], [ -39.942909896, -18.231270299 ], [ -39.942865216, -18.23103924 ], [ -39.942862937, -18.231030469 ], [ -39.942858511, -18.231003689 ], [ -39.942840579, -18.230914956 ], [ -39.942829683, -18.230852557 ], [ -39.942814508, -18.230772525 ], [ -39.942801189, -18.230710557 ], [ -39.942768869, -18.230541648 ], [ -39.942757789, -18.230488468 ], [ -39.942743259, -18.230408326 ], [ -39.942729083, -18.230337308 ], [ -39.942721298, -18.230292738 ], [ -39.942699583, -18.230186294 ], [ -39.942673396, -18.230043879 ], [ -39.942652742, -18.229946447 ], [ -39.942629802, -18.229821838 ], [ -39.942612127, -18.229733057 ], [ -39.942588629, -18.229608543 ], [ -39.942575815, -18.229546479 ], [ -39.942566724, -18.229492955 ], [ -39.9425294, -18.229306553 ], [ -39.942510866, -18.229208733 ], [ -39.942501411, -18.229164459 ], [ -39.942473478, -18.229013161 ], [ -39.942458319, -18.228942329 ], [ -39.942447343, -18.228879943 ], [ -39.942438266, -18.228835597 ], [ -39.942418808, -18.228728755 ], [ -39.94240038512666, -18.228643793584073 ] ] } },
{ "type": "Feature", "properties": { "Field": "000", "Length": 517.37115869242245 }, "geometry": { "type": "LineString", "coordinates": [ [ -39.943279716, -18.233260137 ], [ -39.943263303, -18.233170785 ], [ -39.943250673, -18.233108686 ], [ -39.943241331, -18.233055202 ], [ -39.943224935, -18.232975389 ], [ -39.943216858, -18.232930867 ], [ -39.943206, -18.232877645 ], [ -39.943188135, -18.232779711 ], [ -39.943184008, -18.232762072 ], [ -39.943173495, -18.232708787000011 ], [ -39.9431558, -18.232610825 ], [ -39.943141129, -18.232539898 ], [ -39.943136401, -18.232513166 ], [ -39.943130432, -18.232486661 ], [ -39.943118188, -18.232415315 ], [ -39.943105031, -18.232353316 ], [ -39.943099286, -18.232317586 ], [ -39.943081143, -18.232228891 ], [ -39.94306264, -18.232131066 ], [ -39.943040403, -18.23202472 ], [ -39.943029919, -18.231962257 ], [ -39.943014149, -18.23188233 ], [ -39.943006371, -18.231846953 ], [ -39.943001986, -18.231820167 ], [ -39.942990958, -18.231766977 ], [ -39.942985047, -18.231731271 ], [ -39.942972506, -18.231669156 ], [ -39.942962872, -18.231615719 ], [ -39.94294807, -18.231544818 ], [ -39.942922951, -18.2314114 ], [ -39.942903327, -18.231313774 ], [ -39.942893583, -18.231260356 ], [ -39.942880623, -18.231198318 ], [ -39.942869498, -18.231135957 ], [ -39.942863468, -18.231109464 ], [ -39.942856053, -18.231064837 ], [ -39.942832702, -18.23094949 ], [ -39.94280662, -18.230807057 ], [ -39.94279327000001, -18.230745096 ], [ -39.942776962, -18.230656076 ], [ -39.942746305, -18.230505261 ], [ -39.94273272, -18.230434138 ], [ -39.942721776, -18.230371747 ], [ -39.942712518, -18.230327434 ], [ -39.942684954, -18.230185257 ], [ -39.942651633, -18.230007337 ], [ -39.94264721, -18.229989764 ], [ -39.942632855, -18.229918778 ], [ -39.942625351, -18.229874164 ], [ -39.942599054, -18.229740954 ], [ -39.942574035, -18.229607519 ], [ -39.942561109, -18.229545476 ], [ -39.942551899, -18.229491971 ], [ -39.942537354, -18.229421021 ], [ -39.942525975, -18.229358701 ], [ -39.942509064, -18.229278987 ], [ -39.942494348, -18.229198876 ], [ -39.94248652, -18.229163509 ], [ -39.942458643, -18.229012202 ], [ -39.942445697, -18.228950162 ], [ -39.942431361, -18.228869988 ], [ -39.942408324, -18.228754584 ], [ -39.942394361, -18.228692746 ], [ -39.942388549013266, -18.228663141067571 ] ] } },
{ "type": "Feature", "properties": { "Field": "000", "Length": 516.22519447113802 }, "geometry": { "type": "LineString", "coordinates": [ [ -39.943266989, -18.233267949 ], [ -39.943249655, -18.233178229 ], [ -39.943243589, -18.233142548 ], [ -39.943235904, -18.233107152 ], [ -39.94322479, -18.233044789 ], [ -39.943199781, -18.232920544 ], [ -39.943176718, -18.232795956 ], [ -39.943169178, -18.232760532 ], [ -39.943164682, -18.232733763 ], [ -39.943158779, -18.232707245 ], [ -39.943141002, -18.232609297 ], [ -39.943131308, -18.23256507 ], [ -39.943122267, -18.232511539 ], [ -39.943091915, -18.232360668 ], [ -39.943077659, -18.232280481 ], [ -39.943062836, -18.232209584 ], [ -39.943046393, -18.232120587 ], [ -39.943025835, -18.232023137 ], [ -39.943010035, -18.231934034 ], [ -39.943005649, -18.231916453 ], [ -39.943003878, -18.231907575 ], [ -39.942972373000011, -18.231738526 ], [ -39.942966427, -18.231712016 ], [ -39.942946173, -18.23160531 ], [ -39.942940146, -18.231578817 ], [ -39.942923794, -18.231489805 ], [ -39.942916105, -18.23145441 ], [ -39.94290531, -18.231391996 ], [ -39.942893877, -18.231338884 ], [ -39.942887811, -18.231303203 ], [ -39.942882167, -18.231276633 ], [ -39.942874243, -18.231232086 ], [ -39.942860857, -18.231170131 ], [ -39.942854729, -18.23113446 ], [ -39.942847517, -18.231098974 ], [ -39.942843297, -18.231072163 ], [ -39.942835535, -18.231036784 ], [ -39.942827664, -18.230992228 ], [ -39.942818114, -18.230947972 ], [ -39.94279173, -18.23080559 ], [ -39.942771583, -18.230708062 ], [ -39.942764177, -18.230663433 ], [ -39.942758216, -18.230636927 ], [ -39.942750511, -18.230592344 ], [ -39.942738737, -18.230539301 ], [ -39.942730591, -18.23049479 ], [ -39.942724665, -18.230468275999989 ], [ -39.942708782, -18.230379187 ], [ -39.942686986, -18.230272758 ], [ -39.942638766, -18.230014758 ], [ -39.942630636, -18.229979454 ], [ -39.942623029, -18.229934856 ], [ -39.942613386, -18.229890619 ], [ -39.942607393, -18.229854927 ], [ -39.942601254, -18.229828457 ], [ -39.942592434, -18.229784064 ], [ -39.942557961, -18.229597161 ], [ -39.942546668, -18.229544022 ], [ -39.942531849, -18.229463929 ], [ -39.942524033, -18.229428559 ], [ -39.942519645, -18.229401774 ], [ -39.942517916, -18.229392889 ], [ -39.942492911, -18.229268643 ], [ -39.942486848, -18.229232961 ], [ -39.942473686, -18.229170963 ], [ -39.94245811, -18.229091001 ], [ -39.942449056, -18.229037472 ], [ -39.942437082, -18.228975254 ], [ -39.942431278, -18.228948716 ], [ -39.942428401, -18.228930851 ], [ -39.942419449, -18.228886482 ], [ -39.94241183, -18.228841886 ], [ -39.942389894, -18.228735483 ], [ -39.942377391019164, -18.228681380082943 ] ] } },
{ "type": "Feature", "properties": { "Field": "000", "Length": 515.27207187804447 }, "geometry": { "type": "LineString", "coordinates": [ [ -39.943254085, -18.23327587 ], [ -39.943248005, -18.233240005 ], [ -39.943206288, -18.233026804 ], [ -39.943201939, -18.233000012 ], [ -39.943197977, -18.232982339 ], [ -39.943168893, -18.232831239 ], [ -39.943156048, -18.23276918 ], [ -39.943140133, -18.232680096 ], [ -39.943121992, -18.232591401 ], [ -39.943117456, -18.232564637 ], [ -39.943080994, -18.23237808 ], [ -39.94306618, -18.232297985 ], [ -39.943049707, -18.232218187 ], [ -39.943033111, -18.232129216 ], [ -39.943028694, -18.232111641 ], [ -39.943017404, -18.232049307 ], [ -39.943007591, -18.232005104 ], [ -39.942997017, -18.231942655 ], [ -39.942979308, -18.23185388 ], [ -39.942971176, -18.231809367 ], [ -39.942961854, -18.231765067 ], [ -39.942940117, -18.231649433 ], [ -39.94292525, -18.231578544 ], [ -39.94292102, -18.231551735 ], [ -39.942912196, -18.231507342 ], [ -39.942909346, -18.231489474 ], [ -39.942903516, -18.23146294 ], [ -39.942897228, -18.231427294 ], [ -39.942882641, -18.231356352 ], [ -39.942878507, -18.231329529 ], [ -39.942870269, -18.231285034 ], [ -39.942848148, -18.231178666 ], [ -39.942830302, -18.231080729 ], [ -39.942819172, -18.231027559 ], [ -39.942814526, -18.231000813 ], [ -39.942779668, -18.230823162 ], [ -39.942766905, -18.2307519 ], [ -39.942758925, -18.230716564 ], [ -39.942747953, -18.230654178 ], [ -39.942741654, -18.230627742 ], [ -39.942730494, -18.230565386 ], [ -39.942724613, -18.230538863 ], [ -39.942678616, -18.230298847 ], [ -39.942667738, -18.230245629 ], [ -39.942658547, -18.230192121 ], [ -39.942635045, -18.230076803 ], [ -39.94262413, -18.230014407 ], [ -39.942578358, -18.229783544 ], [ -39.942565798, -18.229712249 ], [ -39.942556187, -18.229668005 ], [ -39.942538593, -18.22957921 ], [ -39.942527549, -18.229516835 ], [ -39.942509506, -18.229428122 ], [ -39.942505261, -18.229401315 ], [ -39.942490456, -18.229330414 ], [ -39.94248243, -18.229285883 ], [ -39.942450691, -18.229126063999988 ], [ -39.942436156, -18.229045923 ], [ -39.942404294, -18.228886126 ], [ -39.942394529, -18.228832711 ], [ -39.942388634, -18.228806191 ], [ -39.942372221, -18.228717189 ], [ -39.942367643, -18.228697315 ] ] } },
{ "type": "Feature", "properties": { "Field": "000", "Length": 514.13289568178493 }, "geometry": { "type": "LineString", "coordinates": [ [ -39.943241071989, -18.233283857938904 ], [ -39.943221766, -18.233176607 ], [ -39.943203789, -18.233087881 ], [ -39.943176256, -18.232945698 ], [ -39.943166628, -18.23289226 ], [ -39.943139841, -18.232759139 ], [ -39.943122047, -18.232661194 ], [ -39.943095154, -18.232528092 ], [ -39.943087522, -18.232483498 ], [ -39.943076215, -18.232430361 ], [ -39.943053142, -18.232305775 ], [ -39.943035035, -18.232217074 ], [ -39.943023699, -18.232154747 ], [ -39.943002279, -18.232048248 ], [ -39.942995992, -18.232012602 ], [ -39.942988276, -18.231977212 ], [ -39.942961693, -18.231834864 ], [ -39.942938492, -18.23171949 ], [ -39.942925155, -18.231648323 ], [ -39.942912216, -18.231586282 ], [ -39.942886041, -18.231443865 ], [ -39.942856279, -18.231292886 ], [ -39.942846461, -18.23123948 ], [ -39.942840478, -18.231212978 ], [ -39.942782685, -18.230910713 ], [ -39.942764591, -18.230822009 ], [ -39.942747056, -18.230724021 ], [ -39.942725198, -18.230617603 ], [ -39.942715641, -18.230564154 ], [ -39.942690967, -18.230439848 ], [ -39.942660737, -18.230279762 ], [ -39.942648184, -18.230217648 ], [ -39.942636899, -18.230155313 ], [ -39.94262403, -18.230093259 ], [ -39.942607755, -18.230004234 ], [ -39.942575593, -18.229844492 ], [ -39.942552344, -18.229719935 ], [ -39.942520399, -18.229560153 ], [ -39.942500797, -18.229453335 ], [ -39.94245286, -18.229213666 ], [ -39.942441827, -18.22915129 ], [ -39.942430651, -18.229098128 ], [ -39.942422946, -18.229053545 ], [ -39.942391359, -18.228893699 ], [ -39.942376764, -18.228813567 ], [ -39.942364137, -18.228751468 ], [ -39.942357566, -18.228715033 ] ] } },
{ "type": "Feature", "properties": { "Field": "000", "Length": 512.81225648985105 }, "geometry": { "type": "LineString", "coordinates": [ [ -39.943228465, -18.233291596 ], [ -39.943196641, -18.233122655 ], [ -39.943168086, -18.232980656 ], [ -39.94315667, -18.232918342 ], [ -39.943131746, -18.232794082 ], [ -39.943105667, -18.232651648 ], [ -39.943080461, -18.23252744 ], [ -39.943071155, -18.23247395 ], [ -39.943058153, -18.232411921 ], [ -39.943038998, -18.232305029 ], [ -39.943013716, -18.232180835 ], [ -39.943000734, -18.232109609 ], [ -39.942987718, -18.232047582 ], [ -39.942978129, -18.231994138 ], [ -39.942953136, -18.23186989 ], [ -39.942942025, -18.231807526 ], [ -39.942936001, -18.231781032 ], [ -39.942917766, -18.231683161 ], [ -39.942897701, -18.231585617 ], [ -39.942882321, -18.23150562 ], [ -39.942871709, -18.231443177 ], [ -39.94286424, -18.231407739 ], [ -39.942850894, -18.231336575 ], [ -39.942841399, -18.231292308 ], [ -39.942807642, -18.231114464 ], [ -39.942799762, -18.231079107 ], [ -39.942790488, -18.231025613 ], [ -39.942775311, -18.23094558 ], [ -39.942764687, -18.230892315 ], [ -39.942758681, -18.230865818 ], [ -39.942749398, -18.230812324 ], [ -39.942740338, -18.230767975 ], [ -39.942735988, -18.230741184 ], [ -39.942698381, -18.230554833 ], [ -39.942683904, -18.230474683 ], [ -39.94267817, -18.23044813 ], [ -39.942657764, -18.23034145 ], [ -39.9426454, -18.230270123 ], [ -39.942640875, -18.230252574 ], [ -39.942633489, -18.23021712 ], [ -39.942622292, -18.23015477 ], [ -39.942614757, -18.230119345 ], [ -39.942598204, -18.230030367 ], [ -39.942594118, -18.230012719 ], [ -39.942578521, -18.229932761 ], [ -39.942567189, -18.229870433 ], [ -39.942555679, -18.229817337 ], [ -39.942542963, -18.229746066 ], [ -39.942509334, -18.229577391 ], [ -39.942496993, -18.229506061 ], [ -39.942447133, -18.229257542 ], [ -39.942425665, -18.229141862 ], [ -39.942414426, -18.229088713 ], [ -39.942401505, -18.229017476 ], [ -39.942385587, -18.228937575 ], [ -39.942376644, -18.228884029 ], [ -39.942355192, -18.228777536 ], [ -39.942350933, -18.228759926 ], [ -39.942346465043663, -18.22873481824535 ] ] } },
{ "type": "Feature", "properties": { "Field": "000", "Length": 511.48218474683131 }, "geometry": { "type": "LineString", "coordinates": [ [ -39.943215177910204, -18.233299752496844 ], [ -39.943202399, -18.233228152 ], [ -39.943191156, -18.233175004 ], [ -39.943173341, -18.233077061 ], [ -39.94315517, -18.232988372 ], [ -39.943138416, -18.232899428 ], [ -39.94313246, -18.232872921 ], [ -39.943123428, -18.232819388 ], [ -39.94311401, -18.232775107 ], [ -39.943107949, -18.232739425 ], [ -39.943098897, -18.232695074 ], [ -39.943082501, -18.232606069 ], [ -39.943067793, -18.23253515 ], [ -39.943051547, -18.23244612 ], [ -39.943043876, -18.232410722 ], [ -39.943025882, -18.232312809 ], [ -39.94300793, -18.232224079 ], [ -39.942995105, -18.232152827 ], [ -39.942966281, -18.232010878 ], [ -39.942961842, -18.2319841 ], [ -39.942950713, -18.231930929 ], [ -39.9429445, -18.231895271 ], [ -39.942921443, -18.23177987 ], [ -39.942916824, -18.23175312 ], [ -39.942910983, -18.231726588 ], [ -39.942901508, -18.231673126 ], [ -39.942893579, -18.23163778 ], [ -39.942873736, -18.231531002 ], [ -39.942864505, -18.231486685 ], [ -39.942845068, -18.23137984 ], [ -39.94282504, -18.231282289 ], [ -39.942815558, -18.231228827 ], [ -39.942798313, -18.231139969 ], [ -39.942786976, -18.231086839 ], [ -39.942775985, -18.231024455 ], [ -39.942756719, -18.230926765 ], [ -39.942750714, -18.230891074 ], [ -39.942741019, -18.230846847 ], [ -39.942723033, -18.230748934 ], [ -39.942710005, -18.23068691 ], [ -39.942695088, -18.230606833 ], [ -39.942685767, -18.230562532 ], [ -39.942667741, -18.230464626 ], [ -39.942651427, -18.230384798 ], [ -39.942627223, -18.230251226 ], [ -39.942615919, -18.230198089 ], [ -39.942598445, -18.230109272 ], [ -39.942592128, -18.23007363 ], [ -39.942577644, -18.230002669 ], [ -39.942551009, -18.229860329 ], [ -39.942541203, -18.229816125 ], [ -39.942528243, -18.229744895 ], [ -39.942500184, -18.229602806 ], [ -39.942482095, -18.22950491 ], [ -39.94246085, -18.229398379 ], [ -39.942451161, -18.229344951 ], [ -39.942435937, -18.229274132 ], [ -39.942424746, -18.229211781 ], [ -39.942384576, -18.229007498 ], [ -39.942351754, -18.228829494 ], [ -39.942335242110545, -18.228754821499908 ] ] } },
{ "type": "Feature", "properties": { "Field": "000", "Length": 510.19390720549109 }, "geometry": { "type": "LineString", "coordinates": [ [ -39.943201388911064, -18.233308081464671 ], [ -39.943187959, -18.233227248 ], [ -39.94317667, -18.233174108 ], [ -39.943157265, -18.233067257 ], [ -39.943133909, -18.232951912 ], [ -39.943120878, -18.232880694 ], [ -39.943104893, -18.232800805 ], [ -39.943094281, -18.232738362 ], [ -39.943080811, -18.232676424 ], [ -39.943073146, -18.232631835 ], [ -39.943056851, -18.232552004 ], [ -39.943038874, -18.232454088 ], [ -39.943031276, -18.232418676 ], [ -39.943012776, -18.23232085 ], [ -39.943008849, -18.232303169 ], [ -39.942980739, -18.232151901 ], [ -39.942965721, -18.232081041 ], [ -39.942953399, -18.232018886 ], [ -39.942947548, -18.231983171 ], [ -39.942939866, -18.231947775 ], [ -39.942931831, -18.231903246 ], [ -39.942922293, -18.231858988 ], [ -39.942912551, -18.231805569 ], [ -39.942906569, -18.231779067 ], [ -39.942902301, -18.231752263 ], [ -39.942896561, -18.231725712 ], [ -39.942886919, -18.231672277 ], [ -39.942881154, -18.23164573 ], [ -39.94287168, -18.231592268 ], [ -39.942855007, -18.231512507 ], [ -39.942848705, -18.231476863 ], [ -39.942841401, -18.231441394 ], [ -39.942830552, -18.231378988 ], [ -39.942812248, -18.231290324 ], [ -39.94279509, -18.231201451 ], [ -39.942785976, -18.231147931 ], [ -39.942780095, -18.231121408 ], [ -39.942764316, -18.231041482 ], [ -39.942749925, -18.230961317 ], [ -39.942724848, -18.230837084 ], [ -39.942708565, -18.230748060999989 ], [ -39.942702711, -18.230721532 ], [ -39.942680315, -18.230606013 ], [ -39.942672783, -18.230570587 ], [ -39.942666657, -18.230534915 ], [ -39.942657457, -18.230490592 ], [ -39.942646424, -18.230428216 ], [ -39.942636169, -18.230384104 ], [ -39.942622826, -18.230303774 ], [ -39.942606434, -18.230223961 ], [ -39.942579398, -18.230081691 ], [ -39.942566478, -18.230019646 ], [ -39.942537986, -18.229868443 ], [ -39.942511113, -18.229735338 ], [ -39.942498465, -18.229664057 ], [ -39.94249235, -18.229637582 ], [ -39.942477772, -18.229557448 ], [ -39.94244688, -18.229397477 ], [ -39.942437413, -18.229353206 ], [ -39.942412187, -18.229219806 ], [ -39.942392265, -18.229122236 ], [ -39.942380975, -18.229059901 ], [ -39.94235468, -18.228926691 ], [ -39.942348583, -18.228891014 ], [ -39.942336366, -18.228828839 ], [ -39.942324135050299, -18.228774618222928 ] ] } },
{ "type": "Feature", "properties": { "Field": "000", "Length": 508.97571046085733 }, "geometry": { "type": "LineString", "coordinates": [ [ -39.943188827, -18.233315322 ], [ -39.943172952, -18.233225807 ], [ -39.943157007, -18.233145911 ], [ -39.943143998, -18.23307469 ], [ -39.943134827, -18.233030361 ], [ -39.943128967, -18.232994648 ], [ -39.943116201, -18.232932574 ], [ -39.943092299, -18.23280813 ], [ -39.943081207, -18.232745764 ], [ -39.943062537, -18.232657169 ], [ -39.943049729, -18.232585914 ], [ -39.943037046, -18.232523824 ], [ -39.94302253, -18.23244368 ], [ -39.943009874, -18.232381586 ], [ -39.942996716, -18.232310389 ], [ -39.942977086, -18.232212764 ], [ -39.942962197, -18.232132682 ], [ -39.942945439, -18.232052938 ], [ -39.942934448, -18.231990555 ], [ -39.942909388, -18.23186632 ], [ -39.942903106, -18.231830672 ], [ -39.942893727, -18.231786384 ], [ -39.942889302, -18.231759603 ], [ -39.942870869, -18.231661766 ], [ -39.942865135, -18.231635213 ], [ -39.94286229, -18.231617344 ], [ -39.942859668, -18.231608661 ], [ -39.94284831, -18.231546338 ], [ -39.94282149, -18.231413223 ], [ -39.942810593, -18.231350825 ], [ -39.942798917, -18.231297761 ], [ -39.942794513, -18.231270978 ], [ -39.942780513, -18.231199928 ], [ -39.942772947, -18.231155324 ], [ -39.942765981, -18.231119793 ], [ -39.942759885, -18.231093314 ], [ -39.942752161, -18.231048734 ], [ -39.94270847, -18.230826692 ], [ -39.942698987, -18.230773231 ], [ -39.942687904, -18.230720051 ], [ -39.942662109, -18.230586751 ], [ -39.942656168, -18.230560241 ], [ -39.942629878, -18.230417843 ], [ -39.942617279, -18.230355738 ], [ -39.942607988, -18.230302245 ], [ -39.942602007, -18.230275743 ], [ -39.942579531, -18.230160238 ], [ -39.942568156, -18.230097917 ], [ -39.942532061, -18.229911294 ], [ -39.94252265, -18.229867012 ], [ -39.942514209, -18.229822551 ], [ -39.942509957, -18.229804939 ], [ -39.9424851, -18.229671476 ], [ -39.942472275, -18.229609414 ], [ -39.942457923, -18.229529242 ], [ -39.942422499, -18.229351694 ], [ -39.942404718, -18.229253746 ], [ -39.942386053, -18.229165151 ], [ -39.942373306, -18.229093886 ], [ -39.942343196, -18.22894297 ], [ -39.942326843, -18.228853958 ], [ -39.942314084114791, -18.228792532552614 ] ] } },
{ "type": "Feature", "properties": { "Field": "000", "Length": 507.63863477851828 }, "geometry": { "type": "LineString", "coordinates": [ [ -39.943176471, -18.233322444 ], [ -39.943156717, -18.233215412 ], [ -39.943147447, -18.233171103 ], [ -39.943137722, -18.233117681 ], [ -39.943133644, -18.233100031 ], [ -39.943114281, -18.232993174 ], [ -39.943092725, -18.2328867 ], [ -39.943080716, -18.232824488 ], [ -39.943074779, -18.232788787 ], [ -39.94306175, -18.232726763 ], [ -39.94302821, -18.232548881 ], [ -39.943008335, -18.232451302 ], [ -39.942997498, -18.232388894 ], [ -39.942965503, -18.232229121 ], [ -39.942954036, -18.232166816 ], [ -39.942930374, -18.232051527 ], [ -39.942926353, -18.232024689 ], [ -39.942919847, -18.231989079 ], [ -39.942905797, -18.231918038 ], [ -39.942896178, -18.231873796 ], [ -39.942891667, -18.231847029 ], [ -39.942880598, -18.231793847 ], [ -39.942870055, -18.231731393 ], [ -39.942851973, -18.231642687 ], [ -39.942815805, -18.231456076 ], [ -39.942811607, -18.231438453 ], [ -39.94280406, -18.231393845 ], [ -39.942799623, -18.231376275 ], [ -39.942795559, -18.231349443 ], [ -39.942785981, -18.231305193 ], [ -39.942770632, -18.23122519 ], [ -39.942752913, -18.231127232 ], [ -39.942738943, -18.231056177 ], [ -39.942731192, -18.231020795 ], [ -39.942725382, -18.230985074 ], [ -39.942710208, -18.230914245 ], [ -39.942700995, -18.23086074 ], [ -39.942689064, -18.230798515 ], [ -39.942658917, -18.230647606 ], [ -39.94264737, -18.230585314 ], [ -39.942641382, -18.230558813 ], [ -39.94261528900001, -18.230416382 ], [ -39.942587113, -18.230274314 ], [ -39.942543217, -18.230043118 ], [ -39.942499566, -18.229821069 ], [ -39.942488236, -18.229767937 ], [ -39.942468899, -18.229661075 ], [ -39.942457702, -18.229607917 ], [ -39.942439744, -18.229509999 ], [ -39.942407735, -18.229350229 ], [ -39.942398266, -18.229296765 ], [ -39.942363107, -18.229119169 ], [ -39.942350319, -18.229047911 ], [ -39.942328855, -18.22894142 ], [ -39.942319425, -18.228887951 ], [ -39.942303361, -18.228811645 ] ] } },
{ "type": "Feature", "properties": { "Field": "000", "Length": 506.4328490167012 }, "geometry": { "type": "LineString", "coordinates": [ [ -39.943163388992687, -18.233329984957976 ], [ -39.943152438, -18.233267091 ], [ -39.943146617, -18.233240556 ], [ -39.94314047000001, -18.233204887 ], [ -39.9431348, -18.233178322 ], [ -39.943123471, -18.233115994 ], [ -39.943107278, -18.233036143 ], [ -39.943097957, -18.232982656 ], [ -39.943076188, -18.232876222 ], [ -39.943064004, -18.232814041 ], [ -39.943056147, -18.232769483 ], [ -39.943039822, -18.232689657 ], [ -39.943031994, -18.232645094 ], [ -39.943016572, -18.232565104 ], [ -39.942994139, -18.232449592 ], [ -39.942990094, -18.232431935 ], [ -39.942975795, -18.232351755 ], [ -39.942952334, -18.232236429 ], [ -39.942946202, -18.232200758 ], [ -39.94293563, -18.232147483 ], [ -39.942927651, -18.232112147 ], [ -39.942905487, -18.23198741 ], [ -39.942895701, -18.231943202 ], [ -39.942890914, -18.231916479 ], [ -39.942884787, -18.231890006 ], [ -39.942875413, -18.231836527 ], [ -39.942863985, -18.231783415 ], [ -39.942851465, -18.231712113 ], [ -39.94282149, -18.231561172 ], [ -39.942803002, -18.231463344000012 ], [ -39.942795248, -18.231427962 ], [ -39.942792477, -18.231410083 ], [ -39.942784702, -18.231374705 ], [ -39.942777074, -18.231330111 ], [ -39.942760821, -18.231250271 ], [ -39.94273983, -18.231134511 ], [ -39.942710256, -18.230983498 ], [ -39.942695418, -18.230912604 ], [ -39.942687922, -18.230867989 ], [ -39.942674491, -18.230796839 ], [ -39.942655195, -18.230699153 ], [ -39.942643891, -18.230646016 ], [ -39.942634365, -18.230592562 ], [ -39.942609813, -18.230468234 ], [ -39.942600738, -18.230414708 ], [ -39.942582646, -18.230326003 ], [ -39.942571231, -18.23026369 ], [ -39.942539824, -18.230103811 ], [ -39.942530145, -18.230050381 ], [ -39.942511865, -18.229961713 ], [ -39.94249904, -18.22989046 ], [ -39.942471815, -18.22975742 ], [ -39.9424528, -18.229650506 ], [ -39.942441061, -18.229597455 ], [ -39.942430309, -18.229535034 ], [ -39.942403372, -18.22940194 ], [ -39.942378532, -18.229268475 ], [ -39.942350231, -18.229126429 ], [ -39.942335408, -18.229046336 ], [ -39.942302389, -18.228877551 ], [ -39.942297938, -18.228850775 ], [ -39.942293192, -18.22882977 ] ] } },
{ "type": "Feature", "properties": { "Field": "000", "Length": 505.10380925049708 }, "geometry": { "type": "LineString", "coordinates": [ [ -39.943151028894796, -18.233337109426344 ], [ -39.943137912, -18.233265584 ], [ -39.94313068, -18.233230101 ], [ -39.943123124, -18.233185495 ], [ -39.943118784, -18.233167903 ], [ -39.943112237, -18.233132299 ], [ -39.943093715, -18.233043676 ], [ -39.943081564, -18.232972316 ], [ -39.943067783, -18.232901227 ], [ -39.943047531, -18.232803718 ], [ -39.943043077, -18.232776942 ], [ -39.943039009, -18.232759291 ], [ -39.94302048, -18.23266147 ], [ -39.943011034, -18.232617194 ], [ -39.94300229, -18.232563618 ], [ -39.942989284, -18.232501589 ], [ -39.942954316, -18.23231477 ], [ -39.942939679, -18.232243838 ], [ -39.942933339, -18.2322082 ], [ -39.942926974, -18.232181779 ], [ -39.942922331, -18.232155033 ], [ -39.942914635, -18.232119639 ], [ -39.942904127, -18.23205718 ], [ -39.942896629, -18.232021748 ], [ -39.942888774, -18.231977189 ], [ -39.942882547, -18.231950738 ], [ -39.942866734, -18.231870818 ], [ -39.942860526, -18.231835159 ], [ -39.942851041, -18.231790891 ], [ -39.942845109, -18.231755189 ], [ -39.942824228, -18.231648593 ], [ -39.942819739, -18.231621822 ], [ -39.942808833, -18.231568609 ], [ -39.94277824, -18.231408586 ], [ -39.942758412, -18.231310998 ], [ -39.942716568, -18.231088631 ], [ -39.942710611, -18.231062124 ], [ -39.942702602, -18.23101759 ], [ -39.942686299, -18.23093776 ], [ -39.94267508, -18.230875414 ], [ -39.942646002, -18.230724313 ], [ -39.942634387, -18.230671237 ], [ -39.942614821, -18.230564414 ], [ -39.942608996, -18.230537879 ], [ -39.94260442, -18.230511122 ], [ -39.942595216, -18.2304668 ], [ -39.942584373, -18.230404393 ], [ -39.942579038, -18.230377764 ], [ -39.942572716, -18.230351334 ], [ -39.942546394, -18.230208942 ], [ -39.94252486, -18.230102464 ], [ -39.942503748, -18.229986724 ], [ -39.94249416800001, -18.229942474 ], [ -39.942486125, -18.229897946 ], [ -39.942462717, -18.22978261 ], [ -39.94243754, -18.229649203 ], [ -39.942430131, -18.229613753 ], [ -39.942425898, -18.229586945 ], [ -39.942415617, -18.229533619 ], [ -39.942402184, -18.229471673 ], [ -39.942397933, -18.229444867 ], [ -39.942366548, -18.229284984 ], [ -39.942359066, -18.229240367 ], [ -39.942322842, -18.229062966 ], [ -39.942293805, -18.228902678 ], [ -39.942282449, -18.228848918 ] ] } },
{ "type": "Feature", "properties": { "Field": "000", "Length": 503.76646258418475 }, "geometry": { "type": "LineString", "coordinates": [ [ -39.943138763, -18.233344179 ], [ -39.943123854, -18.233264001 ], [ -39.943111056, -18.233201933 ], [ -39.943099341, -18.23313967 ], [ -39.943080508, -18.233051107 ], [ -39.94307313, -18.233006474 ], [ -39.943053369, -18.232899683 ], [ -39.943034857, -18.232811058 ], [ -39.943013807, -18.232704492 ], [ -39.943002701, -18.232642127 ], [ -39.942995317, -18.232606673 ], [ -39.942989167, -18.232571005 ], [ -39.942981327, -18.232535639999988 ], [ -39.942969304, -18.232473431 ], [ -39.942936128, -18.232295487 ], [ -39.942903624, -18.232135808 ], [ -39.942896257, -18.232091173 ], [ -39.942885522, -18.232037928 ], [ -39.942874218, -18.231975596 ], [ -39.942858852, -18.231904805 ], [ -39.942849345, -18.231851347 ], [ -39.942814744, -18.231673651 ], [ -39.942801892, -18.231602403 ], [ -39.942771672, -18.231451507 ], [ -39.942767332, -18.231424714 ], [ -39.942761518, -18.231398177 ], [ -39.942753712, -18.231353611 ], [ -39.942735193, -18.231264987 ], [ -39.94271543, -18.231158196 ], [ -39.94269429300001, -18.231051646 ], [ -39.942690035, -18.231024841 ], [ -39.942678304, -18.230971789 ], [ -39.942670676, -18.230927194 ], [ -39.942654665, -18.23084731 ], [ -39.942642, -18.230776032 ], [ -39.942617895, -18.230660827 ], [ -39.942595025, -18.230536206 ], [ -39.942580496, -18.230465253 ], [ -39.942571211, -18.23041176 ], [ -39.942560113, -18.230358583 ], [ -39.942554013, -18.230322907 ], [ -39.942519438, -18.230145206 ], [ -39.942511637, -18.230109834 ], [ -39.942488666, -18.22998523 ], [ -39.942455268, -18.229816513 ], [ -39.942440555, -18.229736402 ], [ -39.942424268, -18.229656569 ], [ -39.942413168, -18.229594203 ], [ -39.942387474, -18.229470086 ], [ -39.942378192, -18.229416593 ], [ -39.942350201, -18.229274491 ], [ -39.942346019, -18.229247675 ], [ -39.942309706, -18.229070291 ], [ -39.942296179, -18.228999158 ], [ -39.942287973, -18.228945504 ], [ -39.942279656, -18.228901021 ], [ -39.942271785, -18.228867925 ] ] } },
{ "type": "Feature", "properties": { "Field": "000", "Length": 502.667898998385 }, "geometry": { "type": "LineString", "coordinates": [ [ -39.943126015, -18.233351527 ], [ -39.943084762, -18.233138092 ], [ -39.94306628, -18.233049461 ], [ -39.94305348, -18.232978205 ], [ -39.943047776, -18.232951646 ], [ -39.943045024, -18.232933764 ], [ -39.943009967, -18.232756149 ], [ -39.943003978, -18.232720456 ], [ -39.942984022, -18.232622892 ], [ -39.942977864, -18.232587224 ], [ -39.94296871400001, -18.232542892 ], [ -39.942940277, -18.23239168 ], [ -39.942932938, -18.232356217 ], [ -39.942921658, -18.232293881 ], [ -39.942912156, -18.232249616 ], [ -39.942905601, -18.232214014 ], [ -39.942897791, -18.232178643 ], [ -39.94287762, -18.232071922 ], [ -39.942874925, -18.232054032 ], [ -39.942869304, -18.232027458 ], [ -39.942857843, -18.231965152 ], [ -39.942849807, -18.231929827 ], [ -39.942834819, -18.231849762 ], [ -39.942827244, -18.231814345 ], [ -39.942821177, -18.231778664 ], [ -39.942787147, -18.231600867 ], [ -39.942761858, -18.231476674 ], [ -39.942751073, -18.231414258 ], [ -39.94271402, -18.231227806 ], [ -39.942678775, -18.231041035 ], [ -39.942663644, -18.230970197 ], [ -39.94264903, -18.230890069 ], [ -39.942638162, -18.230836849 ], [ -39.942634166, -18.230810007 ], [ -39.942625924, -18.230765512 ], [ -39.942619633, -18.230739075 ], [ -39.942603466, -18.23065922 ], [ -39.942585798, -18.230561254 ], [ -39.942565723, -18.230463712 ], [ -39.942547977, -18.230365758 ], [ -39.94253501, -18.230303723 ], [ -39.942519541, -18.230223741 ], [ -39.942503456, -18.230134685 ], [ -39.942462592, -18.229930527 ], [ -39.94244602, -18.229841553 ], [ -39.942436722, -18.229797248 ], [ -39.942427504, -18.229743745 ], [ -39.942409645, -18.229654997 ], [ -39.942401573, -18.229610474 ], [ -39.942387797, -18.229548598 ], [ -39.942379349, -18.229494978 ], [ -39.942357851, -18.229388494 ], [ -39.942351468, -18.229352863 ], [ -39.942338424, -18.229290842 ], [ -39.94232935, -18.229237316 ], [ -39.942297154, -18.229077579999984 ], [ -39.942278983, -18.228998119 ], [ -39.942271404, -18.228935274 ], [ -39.942266991, -18.228908492 ], [ -39.942262223, -18.228884968 ] ] } },
{ "type": "Feature", "properties": { "Field": "000", "Length": 501.37174620990891 }, "geometry": { "type": "LineString", "coordinates": [ [ -39.943112792, -18.233359149 ], [ -39.943098839, -18.233288067 ], [ -39.943090997, -18.233243507 ], [ -39.943073044, -18.233154777 ], [ -39.943052694, -18.233048086 ], [ -39.943045067, -18.23301268 ], [ -39.943016479, -18.232861493 ], [ -39.943010764, -18.232834937 ], [ -39.942996434, -18.232754763 ], [ -39.942971457, -18.232630512 ], [ -39.942963524, -18.232585965 ], [ -39.942952455, -18.232532783 ], [ -39.942930862, -18.232417124 ], [ -39.942919924, -18.232363917 ], [ -39.942908666, -18.232301578 ], [ -39.942886904, -18.232195142 ], [ -39.942877539, -18.232141662 ], [ -39.942870114, -18.232106216 ], [ -39.942865458, -18.232079472 ], [ -39.94285396, -18.232026372 ], [ -39.942851434, -18.23200846 ], [ -39.94284592, -18.231981865 ], [ -39.942843181, -18.231963981 ], [ -39.942831761, -18.231910866 ], [ -39.94282215, -18.231857426 ], [ -39.942816467, -18.231830863 ], [ -39.942779399, -18.231635223 ], [ -39.942768739, -18.231581964 ], [ -39.942762641, -18.231555486 ], [ -39.942741328, -18.23143978 ], [ -39.942682116, -18.231137766 ], [ -39.9426659, -18.231048731 ], [ -39.942652778, -18.230986725 ], [ -39.942638942, -18.230915645 ], [ -39.942610778, -18.230764387 ], [ -39.942604836, -18.230737876 ], [ -39.94258921, -18.230657923 ], [ -39.94256273, -18.230515557 ], [ -39.942549722, -18.230453529 ], [ -39.942531595, -18.230355639 ], [ -39.94251317, -18.230266998 ], [ -39.942494662, -18.230169173 ], [ -39.942487236, -18.230124547 ], [ -39.942468025, -18.230026847 ], [ -39.94245299, -18.22995599 ], [ -39.94243482, -18.229858107 ], [ -39.942425225, -18.229813861 ], [ -39.942414158, -18.22975149 ], [ -39.942396176, -18.229662765 ], [ -39.942388315, -18.229618208 ], [ -39.94237624, -18.229565226 ], [ -39.94235664, -18.229449243 ], [ -39.942350129, -18.229422855 ], [ -39.942342636, -18.229387422 ], [ -39.942338192, -18.229360644 ], [ -39.942329965, -18.22932536 ], [ -39.94231271, -18.229227327 ], [ -39.94229619, -18.229147538 ], [ -39.942284264, -18.229085311 ], [ -39.942266685, -18.229005729 ], [ -39.94226125, -18.228969955 ], [ -39.942258636, -18.228942958 ], [ -39.942251509, -18.228904064 ] ] } },
{ "type": "Feature", "properties": { "Field": "000", "Length": 499.73353157269315 }, "geometry": { "type": "LineString", "coordinates": [ [ -39.943099314960222, -18.233366917775243 ], [ -39.943092994, -18.233331203 ], [ -39.94308026800001, -18.233269121 ], [ -39.943065681, -18.233188989 ], [ -39.943049109, -18.233109209 ], [ -39.943039794, -18.233055721 ], [ -39.943023467, -18.232975896 ], [ -39.943015524, -18.232931351 ], [ -39.942994103, -18.232824853 ], [ -39.942983139, -18.232762465 ], [ -39.942963634, -18.232664817 ], [ -39.942954068, -18.23261137 ], [ -39.942923744, -18.232460493 ], [ -39.942897215, -18.232318135 ], [ -39.942887675, -18.232273878 ], [ -39.942874931, -18.232202612 ], [ -39.942868736, -18.232176155 ], [ -39.942859288, -18.232122688 ], [ -39.942845326, -18.232051631 ], [ -39.942839166, -18.232025165 ], [ -39.942834816, -18.231998374 ], [ -39.942822932, -18.231936141 ], [ -39.942806158, -18.2318564 ], [ -39.942793749, -18.23178508 ], [ -39.942767626, -18.231651839 ], [ -39.942761673, -18.23162533 ], [ -39.94272654, -18.23143854 ], [ -39.942708432, -18.231349839 ], [ -39.942693855, -18.231269704 ], [ -39.942667125, -18.231136573 ], [ -39.942656912, -18.231083235 ], [ -39.942647659, -18.231029736 ], [ -39.942638021, -18.230985498 ], [ -39.942625295, -18.23091423 ], [ -39.942607313, -18.230825505 ], [ -39.942576307, -18.230665555 ], [ -39.942551469, -18.230532089 ], [ -39.942539134, -18.230469936 ], [ -39.942534757, -18.230452351 ], [ -39.942525654, -18.23040801 ], [ -39.942516359, -18.230354519 ], [ -39.942500487, -18.23027461 ], [ -39.942475565, -18.230141158 ], [ -39.942462905, -18.230079064 ], [ -39.942453307, -18.230025622 ], [ -39.942440391, -18.229963576 ], [ -39.942422005, -18.229865731 ], [ -39.942409089, -18.229803685 ], [ -39.94239944, -18.229750251 ], [ -39.942390012, -18.229705972 ], [ -39.942383409, -18.229670377 ], [ -39.942379303, -18.229643551 ], [ -39.942361712, -18.229563971 ], [ -39.942351098, -18.229501528 ], [ -39.942334662, -18.229421723 ], [ -39.942323136, -18.229359428 ], [ -39.942315459, -18.229324031 ], [ -39.942298029, -18.229226026 ], [ -39.942279706, -18.229137365 ], [ -39.942271624, -18.229092843 ], [ -39.942265409, -18.22906639 ], [ -39.942244067, -18.228950688 ], [ -39.942238887052454, -18.228926560244329 ] ] } },
{ "type": "Feature", "properties": { "Field": "000", "Length": 498.43242552619193 }, "geometry": { "type": "LineString", "coordinates": [ [ -39.94308631196467, -18.23337441280804 ], [ -39.94307641, -18.233320611 ], [ -39.943066952, -18.233276338 ], [ -39.943052455, -18.23319619 ], [ -39.943032164, -18.233098689 ], [ -39.943022912, -18.233045191 ], [ -39.943011752, -18.232992026 ], [ -39.943001385, -18.232929545 ], [ -39.942986047, -18.232858748 ], [ -39.942969957, -18.232769692 ], [ -39.942953571, -18.232689878 ], [ -39.942933986, -18.232583057 ], [ -39.942908871, -18.232458832 ], [ -39.942897701, -18.232396478 ], [ -39.942888466, -18.232352161 ], [ -39.942882595, -18.23231645 ], [ -39.942867617, -18.232245582 ], [ -39.942841013, -18.232103238 ], [ -39.942793264, -18.231863534 ], [ -39.942778789, -18.231783383 ], [ -39.942762672, -18.231703519 ], [ -39.942749526, -18.23163232 ], [ -39.94273593, -18.231570407 ], [ -39.942727187, -18.231516831 ], [ -39.942717811, -18.231472541 ], [ -39.942701313, -18.231383554 ], [ -39.942691766, -18.231339298 ], [ -39.942680763, -18.231276916 ], [ -39.942652269, -18.231134906 ], [ -39.942646128, -18.231099236 ], [ -39.94261175, -18.2309215 ], [ -39.942607571000011, -18.230894684 ], [ -39.942587147, -18.230797209 ], [ -39.942551229, -18.230610554 ], [ -39.942535146, -18.230521498 ], [ -39.942514364, -18.230424090999989 ], [ -39.942508406, -18.230388393 ], [ -39.942485557, -18.230272954 ], [ -39.942479383, -18.23023729 ], [ -39.942471921, -18.230201851 ], [ -39.942421161, -18.229935106 ], [ -39.9424153, -18.229908579 ], [ -39.942407225, -18.229864056 ], [ -39.942399525, -18.229828663 ], [ -39.942388271, -18.229766323 ], [ -39.942370478, -18.229677563 ], [ -39.94236432400001, -18.229641896 ], [ -39.942349342, -18.229571029 ], [ -39.942333091, -18.229482 ], [ -39.942316517, -18.229402221 ], [ -39.942312136, -18.229375434 ], [ -39.942299614, -18.229313315 ], [ -39.942292066, -18.229268708 ], [ -39.942270661, -18.229162206 ], [ -39.942266546, -18.229144565 ], [ -39.94225891, -18.229099970999989 ], [ -39.942233104, -18.228966673 ], [ -39.9422282, -18.228945609 ] ] } },
{ "type": "Feature", "properties": { "Field": "000", "Length": 497.28041693742364 }, "geometry": { "type": "LineString", "coordinates": [ [ -39.943072425, -18.233382417 ], [ -39.943063174, -18.233328844 ], [ -39.94304649, -18.233239888 ], [ -39.943033239, -18.233177907 ], [ -39.943023567, -18.233124477 ], [ -39.943012781, -18.233071242 ], [ -39.943008268, -18.233044475 ], [ -39.942995228, -18.232982453 ], [ -39.942987928, -18.232937808 ], [ -39.942969761, -18.232849118 ], [ -39.942953456, -18.232760098 ], [ -39.942945948, -18.232724668 ], [ -39.942932368, -18.232653543 ], [ -39.942921322, -18.232591169 ], [ -39.942897954, -18.232475825 ], [ -39.942881678, -18.232386801 ], [ -39.942844309, -18.232200407 ], [ -39.942797111, -18.231951414 ], [ -39.942779551, -18.231862612 ], [ -39.942773521, -18.23183612 ], [ -39.942758988, -18.231755978 ], [ -39.942744368, -18.231685042 ], [ -39.942731447, -18.231613806 ], [ -39.942720166, -18.231560664 ], [ -39.942697013, -18.231436091 ], [ -39.942689593, -18.231400644 ], [ -39.942685227, -18.231373855 ], [ -39.942677327, -18.231338503 ], [ -39.9426732, -18.231311679 ], [ -39.942639237, -18.231143065 ], [ -39.942634933, -18.231116267 ], [ -39.942619196, -18.231036334 ], [ -39.942595911, -18.230911783 ], [ -39.94257704, -18.230823227 ], [ -39.942571127, -18.230787522 ], [ -39.942560598, -18.23073424 ], [ -39.942552798, -18.230689673 ], [ -39.942538317, -18.230618711 ], [ -39.942525306, -18.230547489 ], [ -39.942513917, -18.230494369 ], [ -39.942507709, -18.23045871 ], [ -39.942478469, -18.230307637 ], [ -39.942460276, -18.230218952 ], [ -39.942408551, -18.22994319 ], [ -39.942394527, -18.229872144 ], [ -39.942390442, -18.229854496 ], [ -39.942375533, -18.229774418 ], [ -39.942363849, -18.229721356 ], [ -39.942349838, -18.22964113 ], [ -39.942336714, -18.229579124 ], [ -39.942313297, -18.229454596 ], [ -39.942303779, -18.229410334 ], [ -39.942295876, -18.229365783 ], [ -39.942286918, -18.229321415 ], [ -39.942277611, -18.229267925 ], [ -39.942266433, -18.229214764 ], [ -39.942258249, -18.229170259 ], [ -39.942243818, -18.229099288 ], [ -39.942222662, -18.228983556 ], [ -39.942218177131622, -18.228963472589431 ] ] } },
{ "type": "Feature", "properties": { "Field": "000", "Length": 496.14656866656151 }, "geometry": { "type": "LineString", "coordinates": [ [ -39.943059335, -18.233389962 ], [ -39.943039122, -18.233274186 ], [ -39.943018511, -18.233176746 ], [ -39.943000799, -18.233078787 ], [ -39.94298254000001, -18.232990114 ], [ -39.942970155, -18.232918791 ], [ -39.942936388, -18.232750141 ], [ -39.942919427, -18.232661233 ], [ -39.94290517, -18.232581046 ], [ -39.942888649, -18.232501257 ], [ -39.942877776, -18.232438855 ], [ -39.942855814, -18.232332457 ], [ -39.942829943, -18.232199171 ], [ -39.942821973, -18.232154631 ], [ -39.942793636, -18.232012592 ], [ -39.94277361, -18.231905846 ], [ -39.94276605, -18.231870426 ], [ -39.942755554, -18.231807965 ], [ -39.942733578, -18.23170157 ], [ -39.942724908, -18.231657149 ], [ -39.942719014, -18.231621441 ], [ -39.942711075, -18.231586097 ], [ -39.942704692, -18.231550466 ], [ -39.942698771, -18.231523951 ], [ -39.942686591, -18.23146177 ], [ -39.942682287, -18.231434971 ], [ -39.942676608, -18.231408408 ], [ -39.942672561, -18.231381573 ], [ -39.942661072, -18.231328473 ], [ -39.942634271, -18.231186162 ], [ -39.942613015, -18.231079633 ], [ -39.942581617, -18.230910566 ], [ -39.942564337, -18.230830924 ], [ -39.942541399, -18.230706314 ], [ -39.942535712, -18.230679753 ], [ -39.942513704, -18.230564165 ], [ -39.942504366, -18.230519868 ], [ -39.94248974, -18.230439742 ], [ -39.942457191, -18.230270874 ], [ -39.942443881, -18.230208905 ], [ -39.942426318, -18.230110921 ], [ -39.942403306, -18.229995512 ], [ -39.942380089, -18.22987095 ], [ -39.942360765, -18.22977327 ], [ -39.94234927, -18.22972017 ], [ -39.942332263, -18.229622097 ], [ -39.942317251, -18.229551236 ], [ -39.942300127, -18.229462357 ], [ -39.942289055, -18.229409175 ], [ -39.942259531, -18.229248968 ], [ -39.942232235, -18.229115942 ], [ -39.942219151, -18.229044732 ], [ -39.942208425, -18.228980855 ] ] } },
{ "type": "Feature", "properties": { "Field": "000", "Length": 494.57441042099617 }, "geometry": { "type": "LineString", "coordinates": [ [ -39.943046326, -18.233397461 ], [ -39.943024087, -18.233272685 ], [ -39.943012331, -18.233219637 ], [ -39.942999582, -18.233148372 ], [ -39.942993984, -18.233121793 ], [ -39.942982547, -18.233059483 ], [ -39.94297313900001, -18.2330152 ], [ -39.942961953, -18.232952849 ], [ -39.942949406, -18.232890734 ], [ -39.942941373, -18.232846204 ], [ -39.942924677, -18.232766448 ], [ -39.942910386, -18.232686267 ], [ -39.942889815, -18.232579616 ], [ -39.942875268, -18.232499477 ], [ -39.942823745, -18.232242061 ], [ -39.942810795, -18.232170829 ], [ -39.942799886, -18.232117617 ], [ -39.942792066, -18.232073052 ], [ -39.942770096, -18.231966656 ], [ -39.942755988, -18.231886445 ], [ -39.942744543, -18.231833336 ], [ -39.94274076, -18.231806466 ], [ -39.942725508, -18.231726446 ], [ -39.942715693, -18.231682244 ], [ -39.942705917, -18.231628831 ], [ -39.94269479, -18.23157566 ], [ -39.942657137, -18.231380122 ], [ -39.942640966, -18.231300267 ], [ -39.94262688, -18.231220053 ], [ -39.942600078, -18.231086934 ], [ -39.94258501, -18.231006883 ], [ -39.942578989, -18.230971195 ], [ -39.942568031, -18.230917992 ], [ -39.942563383, -18.230891246 ], [ -39.942551956, -18.230838133 ], [ -39.942543394, -18.230793693 ], [ -39.942537425, -18.230757997 ], [ -39.942519957, -18.230669178 ], [ -39.94251563, -18.230651583 ], [ -39.942442606, -18.230269295 ], [ -39.942431096, -18.230216198 ], [ -39.942415177, -18.230127115 ], [ -39.94235755, -18.229834011 ], [ -39.942346545, -18.22977163 ], [ -39.942328386, -18.229682939 ], [ -39.942319398, -18.2296294 ], [ -39.942299145, -18.229531891 ], [ -39.942274427, -18.229407593 ], [ -39.942266123, -18.229363109 ], [ -39.942257726, -18.229309482 ], [ -39.942240448, -18.229229839 ], [ -39.942217818, -18.229114362 ], [ -39.942208363, -18.229070087 ], [ -39.942196177071665, -18.229002684396391 ] ] } },
{ "type": "Feature", "properties": { "Field": "000", "Length": 492.94317561979528 }, "geometry": { "type": "LineString", "coordinates": [ [ -39.943033262, -18.233404991 ], [ -39.943024047, -18.233351535 ], [ -39.943020285, -18.233333822 ], [ -39.943009818, -18.233271356 ], [ -39.942990887, -18.233182812 ], [ -39.942979979, -18.233120416 ], [ -39.942958385, -18.233013949 ], [ -39.942949395, -18.23296041 ], [ -39.94293959, -18.232916206 ], [ -39.942928458, -18.232853845 ], [ -39.94290683, -18.232747385 ], [ -39.942892713, -18.232667176 ], [ -39.94287528400001, -18.23257835 ], [ -39.942869247, -18.232542664 ], [ -39.942865049, -18.232525041 ], [ -39.94285578, -18.232471545 ], [ -39.942810805, -18.232249737 ], [ -39.942796183, -18.232169611 ], [ -39.942790209, -18.232143106 ], [ -39.942779623, -18.232080659 ], [ -39.942765993, -18.232018753 ], [ -39.942742986, -18.231894156 ], [ -39.94273008, -18.231832108 ], [ -39.942724369, -18.231796373 ], [ -39.942710962, -18.231725219 ], [ -39.942704589, -18.2316988 ], [ -39.942694707, -18.231645405 ], [ -39.942683418, -18.231592265 ], [ -39.942675817, -18.231547666 ], [ -39.942662804, -18.231485639 ], [ -39.942656906, -18.231449931 ], [ -39.942646978, -18.231405752 ], [ -39.942632131, -18.231325663 ], [ -39.942629652, -18.231307744 ], [ -39.942621434, -18.231272458 ], [ -39.942602291, -18.231165565 ], [ -39.942590645, -18.231112495 ], [ -39.942575166, -18.231032515 ], [ -39.942564831, -18.23097003 ], [ -39.94255329, -18.230916939 ], [ -39.942548799, -18.230890169 ], [ -39.942538961, -18.230845971 ], [ -39.942507531, -18.230676909 ], [ -39.942497729, -18.230632704 ], [ -39.94248816, -18.230579257 ], [ -39.94247015, -18.230490538 ], [ -39.942424885, -18.230250395 ], [ -39.942418606, -18.230223955 ], [ -39.942407715, -18.230161556 ], [ -39.942391024, -18.230081799 ], [ -39.942375326, -18.229992679 ], [ -39.942351445, -18.229877432 ], [ -39.94233364, -18.229779488 ], [ -39.942314044, -18.229681857 ], [ -39.942306646, -18.229637227 ], [ -39.942287226, -18.229539564 ], [ -39.94226655, -18.229442137 ], [ -39.942244904, -18.229317317 ], [ -39.942225471, -18.229228872 ], [ -39.94220715, -18.229131015 ], [ -39.942189908, -18.229051366 ], [ -39.942185044, -18.229025128 ] ] } },
{ "type": "Feature", "properties": { "Field": "000", "Length": 491.48290750176301 }, "geometry": { "type": "LineString", "coordinates": [ [ -39.943019454, -18.23341295 ], [ -39.943005365, -18.233332692 ], [ -39.94300002, -18.233296905 ], [ -39.942993404, -18.233261313 ], [ -39.942966099, -18.233128288 ], [ -39.942937982, -18.232977021 ], [ -39.942925864, -18.232924048 ], [ -39.942917752, -18.232879532 ], [ -39.942915184, -18.232861624 ], [ -39.94288726, -18.232719511 ], [ -39.942872935, -18.232639335 ], [ -39.942865353, -18.232603919 ], [ -39.942844206, -18.232488185 ], [ -39.942832964, -18.232435036 ], [ -39.942830119, -18.232417167 ], [ -39.94281847, -18.232364098 ], [ -39.942798635, -18.232257319 ], [ -39.942776894, -18.23215088 ], [ -39.942767824, -18.232097354 ], [ -39.942748122, -18.231999742 ], [ -39.94274342, -18.231973005 ], [ -39.942728728, -18.231902083 ], [ -39.942685279, -18.23167081 ], [ -39.942677366, -18.23163546 ], [ -39.942672729, -18.231608713 ], [ -39.942661486, -18.231555564 ], [ -39.942658658, -18.231537693 ], [ -39.942649694, -18.231493325 ], [ -39.942645487, -18.231466513 ], [ -39.942632431, -18.231404494 ], [ -39.942595259, -18.231208872 ], [ -39.942578762, -18.231129078 ], [ -39.942554934, -18.230995445 ], [ -39.942549625, -18.230968812 ], [ -39.942543003, -18.230942449 ], [ -39.942532801, -18.230889108 ], [ -39.942526974, -18.230862574 ], [ -39.942510768, -18.230773538 ], [ -39.942485165, -18.230640204 ], [ -39.942477381, -18.230595634 ], [ -39.942467448, -18.230551456 ], [ -39.942460404, -18.230515939 ], [ -39.942446161, -18.23043575 ], [ -39.94242299, -18.23032037 ], [ -39.942418596, -18.230293585 ], [ -39.942406638, -18.230231364 ], [ -39.942381156, -18.230107207 ], [ -39.94236856, -18.230035918 ], [ -39.942356094, -18.229973788 ], [ -39.942350005, -18.229947308 ], [ -39.942338832, -18.229884954 ], [ -39.942314097, -18.229760659 ], [ -39.94229616, -18.229662738 ], [ -39.942290238, -18.229636223 ], [ -39.942283917, -18.229600582 ], [ -39.942276453, -18.229565143 ], [ -39.942272004, -18.229538367 ], [ -39.942248681, -18.229423015 ], [ -39.942238944, -18.229369595 ], [ -39.942231477, -18.229334157 ], [ -39.942202564, -18.229183028 ], [ -39.942196797, -18.229156482 ], [ -39.942192702, -18.229129653 ], [ -39.94218265, -18.2290855 ], [ -39.942174846, -18.229045723 ] ] } },
{ "type": "Feature", "properties": { "Field": "000", "Length": 489.95723164399357 }, "geometry": { "type": "LineString", "coordinates": [ [ -39.943007776, -18.233419681 ], [ -39.942996992, -18.233366489 ], [ -39.942983641, -18.23328616 ], [ -39.942968812, -18.233215264 ], [ -39.942947769, -18.233108696 ], [ -39.942924915, -18.232984073 ], [ -39.942907991, -18.232904361 ], [ -39.942895289, -18.232833089 ], [ -39.942889461, -18.232806555 ], [ -39.942878946, -18.232744097 ], [ -39.942870914, -18.232708771999981 ], [ -39.942861306, -18.232655331 ], [ -39.942837185, -18.232530926 ], [ -39.942831024, -18.232495259 ], [ -39.942823327, -18.232459866 ], [ -39.942815123, -18.232415365 ], [ -39.94279339, -18.232308924 ], [ -39.942783647, -18.232255505 ], [ -39.942770679, -18.23219347 ], [ -39.942753304, -18.232095456 ], [ -39.942737349, -18.232015562 ], [ -39.942733159, -18.231997936 ], [ -39.942723299, -18.231944537 ], [ -39.942712297, -18.231891342 ], [ -39.942706142, -18.231855674 ], [ -39.942685355, -18.231749061 ], [ -39.942674047, -18.23168673 ], [ -39.942664283, -18.231642517 ], [ -39.942652645, -18.231580241 ], [ -39.942641413, -18.23152709 ], [ -39.942632636, -18.231473519 ], [ -39.942627436, -18.231446865999985 ], [ -39.942617381, -18.231402713 ], [ -39.942611493, -18.231367004 ], [ -39.94259873, -18.23130493 ], [ -39.942577137, -18.231189271 ], [ -39.942559187, -18.23110054 ], [ -39.942536303, -18.230975922 ], [ -39.942515789, -18.230878463 ], [ -39.942465769, -18.230611591 ], [ -39.942445314, -18.230514121 ], [ -39.942431176, -18.230433915 ], [ -39.942411603, -18.230336279 ], [ -39.942388234, -18.230211743 ], [ -39.942366376, -18.230105326 ], [ -39.942355019, -18.230043003 ], [ -39.942333659, -18.229936493 ], [ -39.942324087, -18.229883046 ], [ -39.942297698, -18.229749853 ], [ -39.942281132, -18.229660877 ], [ -39.942268487, -18.22959878 ], [ -39.942257326, -18.229536425 ], [ -39.942242691, -18.229465492 ], [ -39.942177326, -18.229127802 ], [ -39.94217094, -18.229101385 ], [ -39.942164772047548, -18.22906606827226 ] ] } },
{ "type": "Feature", "properties": { "Field": "000", "Length": 488.40687035909406 }, "geometry": { "type": "LineString", "coordinates": [ [ -39.942994940954783, -18.23342707976192 ], [ -39.942979733, -18.233347007 ], [ -39.942972249, -18.23330239 ], [ -39.942953656, -18.23321378 ], [ -39.94293641, -18.233124923 ], [ -39.942915179, -18.233009202 ], [ -39.942896881, -18.232920536999988 ], [ -39.942870906, -18.232778086 ], [ -39.942848925, -18.232671692 ], [ -39.942834671, -18.232591505 ], [ -39.942823885, -18.232538269 ], [ -39.942814318, -18.232484822 ], [ -39.942766239, -18.232245179 ], [ -39.942745281, -18.232129413 ], [ -39.942718453, -18.231996299 ], [ -39.942707068, -18.231933981 ], [ -39.942687157, -18.231836408 ], [ -39.942664237, -18.231711796 ], [ -39.942642855, -18.23160529 ], [ -39.942634955, -18.231560739 ], [ -39.942622313, -18.231498642 ], [ -39.942610632, -18.231436373 ], [ -39.942603095, -18.231400948 ], [ -39.942596932, -18.231365281999985 ], [ -39.942592944, -18.231347614 ], [ -39.942588208, -18.231320882 ], [ -39.94258038, -18.231285515 ], [ -39.942564568, -18.231196414 ], [ -39.94254971, -18.231125524 ], [ -39.942535305, -18.231045361 ], [ -39.942526547, -18.231000956 ], [ -39.94251675, -18.23095675 ], [ -39.942510573, -18.230921086 ], [ -39.942482449, -18.230779008 ], [ -39.942479888, -18.2307611 ], [ -39.942470648, -18.230716785 ], [ -39.942457808, -18.230645535 ], [ -39.942393413, -18.230316865 ], [ -39.942385762, -18.230272274 ], [ -39.9423746, -18.230219109 ], [ -39.942364863, -18.23016569 ], [ -39.942351944, -18.230103645 ], [ -39.9423404, -18.230041353 ], [ -39.942328962, -18.229988242 ], [ -39.942311675, -18.229890213 ], [ -39.942279449, -18.229730483 ], [ -39.94225499, -18.229596954 ], [ -39.942248961, -18.229570461 ], [ -39.942227965, -18.229463885 ], [ -39.942215028, -18.229392652 ], [ -39.942198148, -18.229312931 ], [ -39.94219209500001, -18.229277248 ], [ -39.942164711, -18.229144238 ], [ -39.942154286131391, -18.229087245718311 ] ] } },
{ "type": "Feature", "properties": { "Field": "000", "Length": 486.99372043607627 }, "geometry": { "type": "LineString", "coordinates": [ [ -39.942981398, -18.233434886 ], [ -39.942975978, -18.233399605 ], [ -39.942974459, -18.233390685 ], [ -39.942964904, -18.233346431 ], [ -39.942957178, -18.233301853 ], [ -39.942953817, -18.233284066 ], [ -39.94292819, -18.233159937 ], [ -39.942911053, -18.233061885 ], [ -39.942890761, -18.232964384 ], [ -39.942881798, -18.232910842 ], [ -39.942867329, -18.232839878 ], [ -39.942853251, -18.232759663 ], [ -39.942841382, -18.23270664 ], [ -39.94281995, -18.232590954 ], [ -39.942789088, -18.232430978 ], [ -39.942776416, -18.232368887 ], [ -39.942771445, -18.232342195 ], [ -39.942767356, -18.232324548 ], [ -39.942765718, -18.232315647 ], [ -39.94276126, -18.232288872 ], [ -39.942759494, -18.232279994 ], [ -39.942744643, -18.232209102 ], [ -39.942723754, -18.232093325 ], [ -39.942712543, -18.232040171 ], [ -39.942692684, -18.231933396 ], [ -39.942674412, -18.231844726 ], [ -39.942649494, -18.231711274 ], [ -39.94264775, -18.231702392 ], [ -39.94264199, -18.231675845 ], [ -39.942634679, -18.231631203 ], [ -39.942627341, -18.231595741 ], [ -39.942619032, -18.231551258 ], [ -39.942609479, -18.231507003 ], [ -39.942604809, -18.231480261 ], [ -39.942603037, -18.231471384 ], [ -39.942591945, -18.231418207 ], [ -39.942575586, -18.231329196 ], [ -39.94256423, -18.23127607 ], [ -39.942550095, -18.231195864 ], [ -39.94253501, -18.231125018 ], [ -39.942522453, -18.231053722 ], [ -39.942519093, -18.231035935 ], [ -39.942483248, -18.230858464 ], [ -39.942465253, -18.230760552 ], [ -39.942450843, -18.230689578 ], [ -39.942443284, -18.230644973 ], [ -39.942425168, -18.230556274 ], [ -39.942417802, -18.23051164 ], [ -39.942408377, -18.230467361 ], [ -39.942398427, -18.230413977 ], [ -39.942392587, -18.230387446 ], [ -39.942383264, -18.23033396 ], [ -39.942379963, -18.230316163 ], [ -39.942367639, -18.230254008 ], [ -39.942365802, -18.230245143 ], [ -39.942359842, -18.230218636 ], [ -39.942350498, -18.230165153 ], [ -39.942344716, -18.230138611 ], [ -39.942342969, -18.230129729 ], [ -39.942326167, -18.230040794 ], [ -39.942312659, -18.229978864 ], [ -39.942297621, -18.229889642 ], [ -39.942284315, -18.229827673 ], [ -39.942274506, -18.229774266 ], [ -39.94226852300001, -18.229747764 ], [ -39.94226224, -18.229712118 ], [ -39.942251056, -18.229658958 ], [ -39.942242068, -18.22960542 ], [ -39.942222242, -18.229507832 ], [ -39.942204325, -18.229409907 ], [ -39.942187486, -18.229330179 ], [ -39.942177635, -18.229276779 ], [ -39.942157364, -18.229179274 ], [ -39.942152358, -18.229152588 ], [ -39.942147975, -18.229125802 ], [ -39.9421442, -18.229107616 ] ] } },
{ "type": "Feature", "properties": { "Field": "000", "Length": 485.52336720352997 }, "geometry": { "type": "LineString", "coordinates": [ [ -39.9429662, -18.233443646 ], [ -39.94296192, -18.233416153 ], [ -39.942953231, -18.233371736 ], [ -39.942943251, -18.233309198 ], [ -39.942934742, -18.233273975 ], [ -39.942925555, -18.233229649 ], [ -39.942917909, -18.233185057 ], [ -39.942907025, -18.23313184 ], [ -39.942898183, -18.233078279 ], [ -39.942892763, -18.233051666 ], [ -39.942881984, -18.232989249 ], [ -39.942872802, -18.232944922 ], [ -39.942866312, -18.232909309 ], [ -39.942847561, -18.23282073 ], [ -39.942840922, -18.232785142 ], [ -39.942835658, -18.232749344 ], [ -39.942826214, -18.232705068 ], [ -39.942813567, -18.232633787 ], [ -39.94276821, -18.23241205 ], [ -39.942754574, -18.232331765 ], [ -39.942745869, -18.232287351 ], [ -39.942733707, -18.232234387 ], [ -39.942723177, -18.232171930999989 ], [ -39.942708435, -18.232091824 ], [ -39.942679296, -18.231949934 ], [ -39.942658839, -18.231843262 ], [ -39.942655136, -18.231816382 ], [ -39.94264567, -18.23177211 ], [ -39.942633572, -18.231700742 ], [ -39.942625158, -18.231665498 ], [ -39.94262109, -18.231638666 ], [ -39.942611773, -18.231594366 ], [ -39.942602299, -18.231540903 ], [ -39.942592309, -18.231496736 ], [ -39.942588272, -18.2314699 ], [ -39.942580351, -18.231434552 ], [ -39.942559193, -18.23131882 ], [ -39.942549919, -18.231274511 ], [ -39.942533508, -18.231185509 ], [ -39.942518613, -18.231114625 ], [ -39.942512302, -18.231078982 ], [ -39.942489515, -18.230963533 ], [ -39.942470802, -18.230874946 ], [ -39.942453698, -18.230776889 ], [ -39.942435535, -18.230688198 ], [ -39.942427917, -18.230643602 ], [ -39.942392954, -18.23046597 ], [ -39.942385262, -18.230421385 ], [ -39.942374409, -18.230368162 ], [ -39.942363245, -18.230305807 ], [ -39.942347056, -18.230225956 ], [ -39.942330793, -18.230136929 ], [ -39.942315655, -18.230066092 ], [ -39.942309148, -18.230030482 ], [ -39.94229972, -18.229986203 ], [ -39.942284118, -18.229897068 ], [ -39.942272083, -18.229844077 ], [ -39.942258017, -18.229763859999981 ], [ -39.942244525, -18.229701927 ], [ -39.942239778, -18.229675197 ], [ -39.942235804, -18.229657526 ], [ -39.942230101, -18.229621789 ], [ -39.942201421, -18.229470619 ], [ -39.942162384, -18.229275329 ], [ -39.942144999, -18.229195708 ], [ -39.942139381, -18.22915996 ], [ -39.942133453065757, -18.229129320339883 ] ] } },
{ "type": "Feature", "properties": { "Field": "000", "Length": 483.94814099466998 }, "geometry": { "type": "LineString", "coordinates": [ [ -39.942953044, -18.233451229 ], [ -39.942932047, -18.233326802 ], [ -39.942930411, -18.2333179 ], [ -39.942913554, -18.233238176 ], [ -39.942892819, -18.233131554 ], [ -39.942889669, -18.233113732 ], [ -39.942879384, -18.233051239 ], [ -39.942876148, -18.233033431 ], [ -39.942860611, -18.232953462 ], [ -39.942836975, -18.232838168 ], [ -39.942833713, -18.232820365 ], [ -39.942826219, -18.232775749 ], [ -39.942824597, -18.232766846 ], [ -39.942813619, -18.232713647 ], [ -39.942802468, -18.23265129 ], [ -39.942769981, -18.232491608 ], [ -39.942768289, -18.232482717 ], [ -39.942762338, -18.232447018 ], [ -39.942760655, -18.232438124 ], [ -39.942756605, -18.232420469 ], [ -39.942754756, -18.232411606 ], [ -39.942751629, -18.232393781 ], [ -39.942747847, -18.232376071 ], [ -39.942746119, -18.232367186 ], [ -39.942740654, -18.232331416 ], [ -39.942739102, -18.232322502 ], [ -39.942719735, -18.232234044 ], [ -39.942717912, -18.232225176 ], [ -39.942697183, -18.232109373 ], [ -39.942695475, -18.232100485 ], [ -39.942687924, -18.232065063 ], [ -39.942676488, -18.232002753 ], [ -39.942674717, -18.231993876 ], [ -39.94266867, -18.231967387 ], [ -39.942666793, -18.231958529 ], [ -39.942652501, -18.231878348 ], [ -39.942650815, -18.231869456 ], [ -39.942643337, -18.23183402 ], [ -39.9426416, -18.231825136 ], [ -39.942632613, -18.231771598 ], [ -39.942610954, -18.231665143 ], [ -39.942609234, -18.231656257 ], [ -39.942599755, -18.231602795 ], [ -39.942590655, -18.231558454 ], [ -39.942577565, -18.231487246 ], [ -39.942564173, -18.231425293 ], [ -39.942543133, -18.231309542 ], [ -39.942528414, -18.231238625 ], [ -39.942526688, -18.231229739 ], [ -39.942523618, -18.231211904 ], [ -39.942521907, -18.231203016 ], [ -39.942518025, -18.231185326 ], [ -39.942505447, -18.231114034 ], [ -39.942503728, -18.231105148 ], [ -39.942491916, -18.231052112 ], [ -39.942481941, -18.230998733 ], [ -39.942454812, -18.230865676 ], [ -39.942439311, -18.230776525 ], [ -39.942437619, -18.230767633 ], [ -39.94242987, -18.230732251 ], [ -39.942426318, -18.230714498 ], [ -39.942401469, -18.230581034 ], [ -39.942399695, -18.230572158 ], [ -39.942393956, -18.230545607 ], [ -39.942384807, -18.230492093 ], [ -39.942383079, -18.230483208 ], [ -39.942378944, -18.23046557 ], [ -39.942376987, -18.230456729 ], [ -39.942375244, -18.230447846 ], [ -39.94234183, -18.230269943 ], [ -39.942340031, -18.23026107 ], [ -39.942331978, -18.23022575 ], [ -39.942330184, -18.230216876 ], [ -39.942324582, -18.230181126 ], [ -39.94232305, -18.230172207999988 ], [ -39.942292266, -18.230021417 ], [ -39.942288869, -18.230003636 ], [ -39.942274218, -18.229923514 ], [ -39.942252886, -18.229817 ], [ -39.942245102, -18.229772431 ], [ -39.942230182, -18.229701552 ], [ -39.942228418, -18.229692673 ], [ -39.942220514, -18.229648123 ], [ -39.94221881, -18.229639233 ], [ -39.942211262, -18.229603811 ], [ -39.942190974, -18.229487937 ], [ -39.942157051, -18.229319316 ], [ -39.942141619, -18.229248538 ], [ -39.942137917, -18.229230813 ], [ -39.942132554, -18.22920419 ], [ -39.942130981, -18.229195279 ], [ -39.942129692, -18.229186326 ], [ -39.942127996, -18.229177435 ], [ -39.942126023, -18.229168596 ], [ -39.942122847, -18.229150741 ] ] } },
{ "type": "Feature", "properties": { "Field": "000", "Length": 482.160844883295 }, "geometry": { "type": "LineString", "coordinates": [ [ -39.942941884, -18.233457662 ], [ -39.942938353, -18.233440395 ], [ -39.942936872, -18.233431469 ], [ -39.942931466, -18.233395691 ], [ -39.942925063, -18.233360063 ], [ -39.942907907, -18.233280397 ], [ -39.942896468, -18.233218088000015 ], [ -39.942894709, -18.233209208 ], [ -39.942892643, -18.233200389 ], [ -39.942890942, -18.233191499 ], [ -39.94288384, -18.233146825 ], [ -39.9428823, -18.233137909 ], [ -39.942880346, -18.233129066 ], [ -39.942876134, -18.233111446 ], [ -39.942874346, -18.233102571 ], [ -39.942862685, -18.2330403 ], [ -39.942858705, -18.233022629 ], [ -39.942857068, -18.233013729 ], [ -39.942851149, -18.232978025 ], [ -39.942849442, -18.232969136 ], [ -39.942824317, -18.232844912 ], [ -39.942822599, -18.232836025 ], [ -39.942818431, -18.232809208 ], [ -39.942810246, -18.232764704 ], [ -39.942806688, -18.232746952 ], [ -39.942799047, -18.232711548 ], [ -39.942794576, -18.232684776 ], [ -39.942792889, -18.232675883 ], [ -39.942769779, -18.232560492 ], [ -39.942761985, -18.232515924 ], [ -39.942750491, -18.232462825 ], [ -39.942746035, -18.232436051 ], [ -39.942741929, -18.232418407 ], [ -39.942740198, -18.232409523 ], [ -39.942727704, -18.232338217 ], [ -39.94270708, -18.23224078 ], [ -39.94269985, -18.232196126 ], [ -39.942698071, -18.23218725 ], [ -39.942688567, -18.232142985 ], [ -39.942680824, -18.232098409 ], [ -39.942669796, -18.23204522 ], [ -39.942658571, -18.231982875 ], [ -39.942643723, -18.231911982 ], [ -39.942633156, -18.231849533 ], [ -39.942623374, -18.231805325 ], [ -39.942609042, -18.231734336 ], [ -39.942599942, -18.231680814 ], [ -39.942578876, -18.231574251 ], [ -39.942571257, -18.231529655 ], [ -39.942552679, -18.231441044 ], [ -39.9425225, -18.231280949 ], [ -39.942520686, -18.231272079 ], [ -39.942516541, -18.231254445 ], [ -39.942512988, -18.231236692 ], [ -39.942505397, -18.231192092 ], [ -39.942499753, -18.231165522 ], [ -39.942490245, -18.231112065 ], [ -39.942463193, -18.230978994 ], [ -39.942451802, -18.230916676 ], [ -39.942445818, -18.230890175 ], [ -39.942444097, -18.230881288 ], [ -39.942420019, -18.230747696 ], [ -39.94241193, -18.230712383 ], [ -39.942398428, -18.230641246 ], [ -39.942394374, -18.230623591 ], [ -39.942392707, -18.230614696 ], [ -39.942382129, -18.230552248 ], [ -39.942376102, -18.230525755 ], [ -39.942374477, -18.230516852 ], [ -39.942370014, -18.230490078 ], [ -39.94236235, -18.23045468 ], [ -39.942357849, -18.230427911 ], [ -39.942346509, -18.230374782 ], [ -39.942337107, -18.230321308 ], [ -39.942331362, -18.230294759 ], [ -39.942326867, -18.23026799 ], [ -39.942322577, -18.230250387 ], [ -39.942320626, -18.230241544 ], [ -39.942315239, -18.230214926 ], [ -39.942311042, -18.230188113 ], [ -39.942305514, -18.230161521 ], [ -39.942301082, -18.230134743 ], [ -39.942279464, -18.230028281 ], [ -39.942264724, -18.229948174 ], [ -39.942249839, -18.229877289 ], [ -39.942240886, -18.229823745 ], [ -39.942227814, -18.22976173 ], [ -39.942218243, -18.229708283 ], [ -39.942197437, -18.229610882 ], [ -39.942187069, -18.229548402 ], [ -39.942183908, -18.229530582 ], [ -39.942168415, -18.229450605 ], [ -39.942160356, -18.229415286 ], [ -39.94215079, -18.229361839 ], [ -39.942144799, -18.22933534 ], [ -39.942140547, -18.229308535 ], [ -39.942138737, -18.229299665 ], [ -39.942124916, -18.229237798 ], [ -39.942118123, -18.229202237 ], [ -39.942111392163113, -18.229173874687312 ] ] } },
{ "type": "Feature", "properties": { "Field": "000", "Length": 480.70676426474762 }, "geometry": { "type": "LineString", "coordinates": [ [ -39.942928955992187, -18.233465113956676 ], [ -39.942924066, -18.23343801 ], [ -39.942914955, -18.233375351 ], [ -39.942909643, -18.233348718 ], [ -39.942893443, -18.233278097 ], [ -39.942890652, -18.23326022 ], [ -39.942876536, -18.233189191 ], [ -39.942865614, -18.233126796 ], [ -39.942843764, -18.233020378 ], [ -39.942831217, -18.23294908 ], [ -39.942812895, -18.232860419 ], [ -39.942798839, -18.2327802 ], [ -39.942768387, -18.232629347 ], [ -39.942756298, -18.232557977 ], [ -39.942735798, -18.232460516 ], [ -39.942718202, -18.232362538 ], [ -39.942703009, -18.232291712 ], [ -39.942690694, -18.232229555 ], [ -39.942685537, -18.232193743 ], [ -39.942675603, -18.232149565 ], [ -39.942665842, -18.232096149 ], [ -39.942656158, -18.23205192 ], [ -39.942620142, -18.231856101 ], [ -39.942610345, -18.231811894999982 ], [ -39.942598239, -18.2317497 ], [ -39.942593948, -18.231732097 ], [ -39.942583546, -18.231669621 ], [ -39.942560429, -18.231554232 ], [ -39.942553085, -18.231509593 ], [ -39.942532608, -18.231412128 ], [ -39.942509743, -18.231287506 ], [ -39.942494631, -18.231216664 ], [ -39.942475257, -18.231109808 ], [ -39.942457178, -18.231021101999989 ], [ -39.942450908, -18.230985453 ], [ -39.942446642, -18.230967844 ], [ -39.942437699, -18.230914298 ], [ -39.942431548, -18.23088783 ], [ -39.942425586, -18.230852133 ], [ -39.942406839, -18.23075435 ], [ -39.942394968, -18.230701325999984 ], [ -39.942367289, -18.230549985 ], [ -39.942357696, -18.230505738 ], [ -39.942313905, -18.230274524 ], [ -39.942295079, -18.23018596 ], [ -39.942287579, -18.230141345 ], [ -39.942278282, -18.230097041 ], [ -39.942262204, -18.230007983 ], [ -39.94223671, -18.229883828 ], [ -39.942229115, -18.229839228 ], [ -39.942213203, -18.229759326 ], [ -39.942203799, -18.229705852 ], [ -39.942183092, -18.229608431 ], [ -39.942171067, -18.229537052 ], [ -39.942146731, -18.229421891 ], [ -39.942136504, -18.229359389 ], [ -39.942109258, -18.229226353 ], [ -39.942101370083101, -18.229194115339599 ] ] } },
{ "type": "Feature", "properties": { "Field": "000", "Length": 479.15496228567201 }, "geometry": { "type": "LineString", "coordinates": [ [ -39.942915930949198, -18.233472621678168 ], [ -39.942900364, -18.233374011 ], [ -39.942896811, -18.233356258 ], [ -39.94289218, -18.233338734 ], [ -39.942886115, -18.233303052 ], [ -39.942875743, -18.233258966 ], [ -39.942871152, -18.233232211 ], [ -39.94286312, -18.233196886 ], [ -39.942855899, -18.233152229 ], [ -39.942834586, -18.233045711 ], [ -39.942825707, -18.232992155 ], [ -39.942812319, -18.232930201 ], [ -39.942798227, -18.232859168 ], [ -39.942780873, -18.23276115 ], [ -39.942772136, -18.232716742 ], [ -39.94276779, -18.23269915 ], [ -39.942755451, -18.23262782 ], [ -39.942745457, -18.232583654 ], [ -39.942729696, -18.232503725 ], [ -39.942709209, -18.232387882 ], [ -39.94269545400001, -18.232326002 ], [ -39.942688404, -18.232290486 ], [ -39.942672781, -18.232201354 ], [ -39.942662122, -18.232157331 ], [ -39.942653275, -18.232112942 ], [ -39.94264895, -18.232086147 ], [ -39.942644628, -18.23206855 ], [ -39.94263912, -18.232032786 ], [ -39.942626355, -18.231970712 ], [ -39.942622134, -18.231943902 ], [ -39.942617863, -18.231926294 ], [ -39.942613538, -18.231899499 ], [ -39.942609592, -18.231881822 ], [ -39.942603452, -18.231846152 ], [ -39.942591611, -18.231793122 ], [ -39.942562119, -18.23163291 ], [ -39.942553794, -18.231597647 ], [ -39.942543172, -18.231535205 ], [ -39.942537975, -18.231508552 ], [ -39.942531718, -18.231482108 ], [ -39.942524162, -18.231437502 ], [ -39.942519363, -18.231420019 ], [ -39.942508238, -18.231357657 ], [ -39.942500782, -18.231322217 ], [ -39.942495016, -18.23128649 ], [ -39.942480197, -18.231215592 ], [ -39.942460714, -18.231108754 ], [ -39.942442154, -18.231020138 ], [ -39.942436298, -18.230984425 ], [ -39.942432183, -18.230966783 ], [ -39.942421138, -18.230904409 ], [ -39.942417053, -18.230886761 ], [ -39.942412872, -18.230859945 ], [ -39.942406977, -18.230833423999982 ], [ -39.942388566, -18.230735583 ], [ -39.942376957, -18.230682506 ], [ -39.942366229, -18.230620081 ], [ -39.942360275, -18.230593573 ], [ -39.942350788, -18.230540112 ], [ -39.94233267, -18.230451413 ], [ -39.942318591, -18.230371197 ], [ -39.942300967, -18.230282407 ], [ -39.942281937, -18.230193882 ], [ -39.942270257, -18.230131614 ], [ -39.942269139, -18.23012264 ], [ -39.94226518, -18.230104965 ], [ -39.942256426, -18.230051391 ], [ -39.942222231, -18.229882819 ], [ -39.942211416, -18.229820408 ], [ -39.942198861, -18.229758295 ], [ -39.942193111, -18.229722566 ], [ -39.94217876, -18.22965158 ], [ -39.942165136, -18.229589673 ], [ -39.942157894, -18.229545019 ], [ -39.942137592, -18.22944752 ], [ -39.94212536, -18.229376173 ], [ -39.942108089, -18.229287319 ], [ -39.942100688, -18.229251869 ], [ -39.942091686006172, -18.229215642024865 ] ] } },
{ "type": "Feature", "properties": { "Field": "000", "Length": 477.14450390216928 }, "geometry": { "type": "LineString", "coordinates": [ [ -39.942902784, -18.233480199 ], [ -39.942894766, -18.233427015 ], [ -39.94288367, -18.233364649 ], [ -39.942871405, -18.233302483 ], [ -39.942863181, -18.233267199 ], [ -39.942858315, -18.233240489 ], [ -39.94284873, -18.23319624 ], [ -39.942842791, -18.23316054 ], [ -39.942835577, -18.233125054 ], [ -39.942825983, -18.233071611 ], [ -39.942820354, -18.233045038 ], [ -39.942809406, -18.232982648 ], [ -39.94279071, -18.232894059 ], [ -39.942778465, -18.232831889 ], [ -39.942772971, -18.232796123 ], [ -39.942769008, -18.23277845 ], [ -39.942767351, -18.232769553 ], [ -39.942756506, -18.232707146 ], [ -39.942745105, -18.232654029 ], [ -39.942738719, -18.232618398 ], [ -39.942732682, -18.232591907 ], [ -39.942724771, -18.232547358 ], [ -39.942718613, -18.232520893 ], [ -39.942716843, -18.232512015 ], [ -39.942708439, -18.232467548 ], [ -39.942696311, -18.232396184 ], [ -39.942690183, -18.232369713 ], [ -39.942681257, -18.232325339 ], [ -39.942676932, -18.232298544 ], [ -39.94266439, -18.232236429 ], [ -39.942659881, -18.232209662 ], [ -39.942644178, -18.232138938 ], [ -39.942636903, -18.23209429 ], [ -39.942622328, -18.232023346 ], [ -39.9426146, -18.231978767 ], [ -39.942602711, -18.231916534 ], [ -39.942575854, -18.231783426 ], [ -39.942571409, -18.231756649 ], [ -39.94256212, -18.231712343 ], [ -39.942556143, -18.231676648 ], [ -39.942545175, -18.231623447 ], [ -39.942525239, -18.231516686 ], [ -39.942519256, -18.231490184 ], [ -39.942511324, -18.231445638 ], [ -39.942505132, -18.23141918 ], [ -39.942493627, -18.231356882 ], [ -39.942484365, -18.23131257 ], [ -39.942478661, -18.231276835 ], [ -39.942457038, -18.231170374 ], [ -39.942444501, -18.231099075 ], [ -39.942427976, -18.231019287 ], [ -39.942423598, -18.2309925 ], [ -39.94241451, -18.230948156 ], [ -39.942402238, -18.230876815 ], [ -39.942396072, -18.230850352 ], [ -39.942386536, -18.230796899 ], [ -39.942372226, -18.230725906 ], [ -39.942370407, -18.230717037 ], [ -39.942364177, -18.230690587 ], [ -39.942361446, -18.230672703 ], [ -39.942359887, -18.230663789 ], [ -39.942350104, -18.230610377 ], [ -39.942320156, -18.230459432 ], [ -39.942310941, -18.230405928 ], [ -39.942309202, -18.230397044 ], [ -39.942282306, -18.230263943 ], [ -39.942278094, -18.230246323 ], [ -39.942270955, -18.230210823 ], [ -39.942261916, -18.230157292 ], [ -39.942245331, -18.230077515 ], [ -39.942234888, -18.230015046 ], [ -39.942211363, -18.229899732 ], [ -39.942180224, -18.229730621 ], [ -39.94217621, -18.229712958 ], [ -39.942169772, -18.229677337 ], [ -39.94216795, -18.229668469 ], [ -39.942145462, -18.229562171 ], [ -39.942139807, -18.229526429 ], [ -39.942121318, -18.2294378 ], [ -39.94210799, -18.229357468 ], [ -39.942091689, -18.229277638 ], [ -39.942082993, -18.229240595 ] ] } },
{ "type": "Feature", "properties": { "Field": "000", "Length": 475.15886298166441 }, "geometry": { "type": "LineString", "coordinates": [ [ -39.942074084, -18.229266168 ], [ -39.942079518, -18.229291852 ], [ -39.942092565, -18.229363067 ], [ -39.942124641, -18.229522825 ], [ -39.942132076, -18.229567448 ], [ -39.942146783, -18.229638367 ], [ -39.94215303, -18.229664813 ], [ -39.942154767, -18.229673696 ], [ -39.942201645, -18.229922744 ], [ -39.942219747, -18.230011446 ], [ -39.942232344, -18.230082735 ], [ -39.942260818, -18.230224749 ], [ -39.94227202, -18.230287098 ], [ -39.942277999, -18.230313599 ], [ -39.942282767, -18.230340325 ], [ -39.942295682, -18.23040237 ], [ -39.942323983, -18.230553605 ], [ -39.942329953, -18.230580109 ], [ -39.942340261, -18.23063343 ], [ -39.942349355, -18.230686953 ], [ -39.94235533, -18.230713455 ], [ -39.942362011, -18.230749035 ], [ -39.942373156, -18.230802203 ], [ -39.94242556, -18.231077848 ], [ -39.942431559, -18.231104346 ], [ -39.942441285, -18.231157766 ], [ -39.942455385, -18.231228798 ], [ -39.942469583, -18.231308994 ], [ -39.942482524, -18.231371034 ], [ -39.942486897, -18.231397821 ], [ -39.94250532, -18.231486462 ], [ -39.942529679, -18.231620008 ], [ -39.942544693, -18.231690868 ], [ -39.942569851, -18.231824279 ], [ -39.942598508, -18.231966259 ], [ -39.942606121, -18.232010856 ], [ -39.942620454, -18.232081844999989 ], [ -39.94263878, -18.2321797 ], [ -39.942655079, -18.232259531 ], [ -39.942675388, -18.232366228 ], [ -39.942681145, -18.232392776 ], [ -39.942691855, -18.232455202 ], [ -39.942711696, -18.232552788 ], [ -39.942721316, -18.232606226 ], [ -39.942732504, -18.232659385 ], [ -39.942745978, -18.232730528 ], [ -39.94275873, -18.232792604 ], [ -39.942775548, -18.232890706 ], [ -39.942784539, -18.232935067999986 ], [ -39.942792604, -18.232970386 ], [ -39.942800527, -18.233014933 ], [ -39.942824742, -18.233139321 ], [ -39.942829329, -18.233166076 ], [ -39.942859909, -18.233316905 ], [ -39.9428786, -18.233414697 ], [ -39.942887123, -18.233468305 ], [ -39.94288762, -18.233477324 ], [ -39.942887977998126, -18.233488733940177 ] ] } },
{ "type": "Feature", "properties": { "Field": "000", "Length": 473.05545647440363 }, "geometry": { "type": "LineString", "coordinates": [ [ -39.942874119992794, -18.233496721781613 ], [ -39.942873243, -18.233470142 ], [ -39.942871912, -18.233461203 ], [ -39.94285987, -18.233389826 ], [ -39.942846894, -18.233327793 ], [ -39.942830441, -18.233238798 ], [ -39.942809824, -18.23314136 ], [ -39.9428055, -18.233114566 ], [ -39.942792829, -18.233052476 ], [ -39.942780265, -18.232981181 ], [ -39.94276656, -18.232919292 ], [ -39.942761188, -18.232883512 ], [ -39.942757238, -18.232865838999988 ], [ -39.942749661, -18.232821237999989 ], [ -39.94273501, -18.232750309 ], [ -39.942730682, -18.232723516 ], [ -39.942724622, -18.232697032 ], [ -39.942716992, -18.23265244 ], [ -39.942700658, -18.232572616 ], [ -39.942696368, -18.232545817 ], [ -39.942690488, -18.232519296 ], [ -39.942687933, -18.232501391 ], [ -39.942674766, -18.232439397 ], [ -39.942670623, -18.232412578 ], [ -39.942662984, -18.232377175999989 ], [ -39.942648133, -18.232297088 ], [ -39.942644013, -18.232279449 ], [ -39.94263933, -18.232252711 ], [ -39.942627822, -18.232199615 ], [ -39.942608595, -18.232092735 ], [ -39.942597469, -18.232039565 ], [ -39.942577587, -18.231932794 ], [ -39.942571555, -18.231906303 ], [ -39.942565544, -18.231870615 ], [ -39.94255768, -18.231835257 ], [ -39.94252893, -18.2316841 ], [ -39.942522805, -18.231657628 ], [ -39.942515417, -18.231612999 ], [ -39.942498854, -18.231533219 ], [ -39.942482826, -18.231444154 ], [ -39.942460561, -18.231337814 ], [ -39.942443437, -18.23123976 ], [ -39.94243392, -18.231195499 ], [ -39.942424551, -18.231142021 ], [ -39.942416895, -18.23110662 ], [ -39.942413942, -18.231088769 ], [ -39.942407767, -18.23106231 ], [ -39.942388596, -18.230955422 ], [ -39.942342802, -18.230724563 ], [ -39.942330239, -18.230653269 ], [ -39.942318679, -18.230600183 ], [ -39.942309187, -18.230546724 ], [ -39.942295872, -18.230484756 ], [ -39.942285441, -18.230422287 ], [ -39.942271891, -18.230360366 ], [ -39.942264443, -18.230315745 ], [ -39.942246533, -18.230227008 ], [ -39.942240468, -18.230191327 ], [ -39.942229178, -18.230138188 ], [ -39.942212818, -18.230049178 ], [ -39.942187349, -18.229925019 ], [ -39.942174984, -18.229853693 ], [ -39.942148328, -18.229720548 ], [ -39.942140082, -18.229666901 ], [ -39.942118245, -18.229569708 ], [ -39.942109053, -18.229516202 ], [ -39.942107349, -18.229507313 ], [ -39.942084774, -18.229391825 ], [ -39.942078533, -18.229365379 ], [ -39.942064675, -18.229293174 ] ] } },
{ "type": "Feature", "properties": { "Field": "000", "Length": 470.86001930623888 }, "geometry": { "type": "LineString", "coordinates": [ [ -39.942861439, -18.233504031 ], [ -39.942858804, -18.233468479 ], [ -39.942856787, -18.233459665 ], [ -39.942855176, -18.233450764 ], [ -39.942847656, -18.233406152 ], [ -39.942829594, -18.233317443 ], [ -39.942803588, -18.233174998 ], [ -39.942792426, -18.233121834 ], [ -39.942784011, -18.233077369 ], [ -39.942777876, -18.2330509 ], [ -39.942773595, -18.233024101 ], [ -39.942765981, -18.232988694 ], [ -39.942758238, -18.232944118 ], [ -39.942752068, -18.232917657 ], [ -39.942744577, -18.232873043999987 ], [ -39.942731983, -18.232810939 ], [ -39.942727602, -18.232784153 ], [ -39.942699588, -18.232642056 ], [ -39.942686534, -18.232570842 ], [ -39.942677068, -18.232526571 ], [ -39.942671064, -18.232490881 ], [ -39.942658211, -18.232428825 ], [ -39.942628564, -18.232268639 ], [ -39.942617984, -18.2322246 ], [ -39.942596622, -18.232108903 ], [ -39.942581611, -18.232038042 ], [ -39.942574164, -18.231993421 ], [ -39.942560909, -18.231922241 ], [ -39.942549609, -18.231869103 ], [ -39.942524429, -18.231735697 ], [ -39.942520314, -18.231718056 ], [ -39.942500888, -18.231611211 ], [ -39.94248029, -18.231513769 ], [ -39.942469573, -18.231451343 ], [ -39.94245458, -18.231380479 ], [ -39.942431755, -18.231255851 ], [ -39.942415671, -18.231175981 ], [ -39.94240783, -18.23113142 ], [ -39.942396373, -18.231078314 ], [ -39.942388888000011, -18.231033699 ], [ -39.942374075, -18.2309628 ], [ -39.942359657, -18.23088264 ], [ -39.942353689, -18.230856136 ], [ -39.942347788, -18.230820432 ], [ -39.942325936, -18.230714014 ], [ -39.94230987400001, -18.230624954 ], [ -39.942302294, -18.230589539 ], [ -39.942290788, -18.230527241 ], [ -39.942282845, -18.230491898 ], [ -39.942275693, -18.230447234 ], [ -39.942267415, -18.230402746 ], [ -39.942248967, -18.230314109 ], [ -39.942240183, -18.230269709 ], [ -39.942227428, -18.230198446 ], [ -39.94221784, -18.230154199 ], [ -39.942211551, -18.230118553 ], [ -39.942200266, -18.230065413 ], [ -39.942195764, -18.230038646 ], [ -39.942171386, -18.229914287 ], [ -39.94214664, -18.229780806 ], [ -39.942134719, -18.229727793 ], [ -39.942124282, -18.229665325 ], [ -39.942105557, -18.229576742 ], [ -39.942092882, -18.229505466 ], [ -39.942075301, -18.229416668 ], [ -39.94206807, -18.229390455 ], [ -39.942062648, -18.229363846 ], [ -39.942057798, -18.229346379 ], [ -39.9420568, -18.229337411 ], [ -39.942055312063026, -18.229320048735438 ] ] } },
{ "type": "Feature", "properties": { "Field": "000", "Length": 468.34673853954337 }, "geometry": { "type": "LineString", "coordinates": [ [ -39.942848828, -18.2335113 ], [ -39.942847891, -18.233502809 ], [ -39.942847325, -18.233493788 ], [ -39.942846449, -18.233484788999984 ], [ -39.942845335, -18.233475815 ], [ -39.94284382, -18.233466894 ], [ -39.942833106, -18.233413646 ], [ -39.942827081, -18.233377958 ], [ -39.942825357, -18.233369073 ], [ -39.9428216, -18.233351358 ], [ -39.942820002, -18.233342451 ], [ -39.942817159, -18.233324581 ], [ -39.942815437, -18.233315695 ], [ -39.942811616, -18.233297993 ], [ -39.942809982, -18.233289092 ], [ -39.942807068, -18.233271233 ], [ -39.942805387, -18.233262339 ], [ -39.942796269, -18.233218001 ], [ -39.942794715, -18.233209087 ], [ -39.942790553, -18.233182268 ], [ -39.942788725, -18.233173401 ], [ -39.942784528, -18.233155777 ], [ -39.942782866, -18.23314688 ], [ -39.942781476, -18.233137941 ], [ -39.942779813, -18.233129045 ], [ -39.942777947, -18.233120185 ], [ -39.942775844, -18.233111374 ], [ -39.942771341, -18.233093819 ], [ -39.942769475, -18.23308496 ], [ -39.942763051, -18.233049335 ], [ -39.94276064, -18.233031409 ], [ -39.942758975, -18.233022513 ], [ -39.942750878, -18.232987202 ], [ -39.942749147, -18.232978317 ], [ -39.942744497, -18.232951571 ], [ -39.942742615, -18.232942714999986 ], [ -39.942736363, -18.23291627 ], [ -39.942734767, -18.232907362 ], [ -39.942732181, -18.232889457 ], [ -39.942730556, -18.232880554 ], [ -39.942725054, -18.232853957 ], [ -39.942723504, -18.232845042 ], [ -39.942720755, -18.232827159 ], [ -39.94271917, -18.23281825 ], [ -39.942713986, -18.232791594 ], [ -39.942707962, -18.232765101 ], [ -39.942706271, -18.232756209 ], [ -39.942700416, -18.232720495999985 ], [ -39.942698717, -18.232711606 ], [ -39.942687633, -18.232658426 ], [ -39.942685919, -18.232649539 ], [ -39.942658208, -18.232498203 ], [ -39.94264736, -18.23244498 ], [ -39.942642971, -18.232427399 ], [ -39.942641293, -18.232418506 ], [ -39.942637423, -18.232391647 ], [ -39.942635714, -18.232382759 ], [ -39.942631794, -18.232365077 ], [ -39.942628791, -18.232347232 ], [ -39.942626889, -18.23233838 ], [ -39.94262468, -18.232329593 ], [ -39.942622736, -18.232320748 ], [ -39.942599797, -18.232205326 ], [ -39.942581578, -18.232107452 ], [ -39.942579654, -18.232098604 ], [ -39.942569228, -18.232054529 ], [ -39.942567575, -18.232045631 ], [ -39.942560642, -18.232000933 ], [ -39.942558914, -18.231992048 ], [ -39.942547308, -18.231938971 ], [ -39.942545754, -18.231930056 ], [ -39.942540438, -18.231894266 ], [ -39.942536619, -18.231876564 ], [ -39.942533402, -18.231858753 ], [ -39.942531563, -18.231849888 ], [ -39.942523644, -18.23181454 ], [ -39.942521931, -18.231805652 ], [ -39.942509541, -18.231734329 ], [ -39.942507608, -18.231725483 ], [ -39.942501139, -18.231699085 ], [ -39.942499419, -18.231690199 ], [ -39.942490729, -18.231636615 ], [ -39.942477398, -18.231565448 ], [ -39.942465795, -18.23151237 ], [ -39.942464063, -18.231503485 ], [ -39.942449675, -18.23142332 ], [ -39.942447832, -18.231414456 ], [ -39.942439884, -18.231379114 ], [ -39.942438154, -18.231370228999989 ], [ -39.942422437, -18.231281113 ], [ -39.942420672, -18.231272234 ], [ -39.942407504, -18.231210237 ], [ -39.942405807, -18.231201346 ], [ -39.942389944, -18.231112254 ], [ -39.942378561, -18.231059133 ], [ -39.942359192, -18.230961461 ], [ -39.94235313, -18.230925779 ], [ -39.942351461, -18.230916884 ], [ -39.942337247, -18.230845873 ], [ -39.94233575, -18.230836949 ], [ -39.94233307, -18.230819057 ], [ -39.942331413, -18.23081016 ], [ -39.94231472, -18.230730403 ], [ -39.942300199, -18.23065026 ], [ -39.942285608, -18.230579319 ], [ -39.942277944, -18.230534731 ], [ -39.942276105, -18.230525866 ], [ -39.942272043, -18.230508213 ], [ -39.942270271, -18.230499336 ], [ -39.942267075, -18.230481522 ], [ -39.942263111, -18.230454676 ], [ -39.942261499, -18.230445771 ], [ -39.942223392, -18.230259514 ], [ -39.942216563, -18.230223959 ], [ -39.942210826, -18.230188228 ], [ -39.942209158, -18.230179332 ], [ -39.94218906, -18.230081795 ], [ -39.942187346, -18.230072907 ], [ -39.942154422, -18.22989492 ], [ -39.94214854, -18.229868398 ], [ -39.942146815, -18.229859512 ], [ -39.942139052, -18.229814939 ], [ -39.942137346, -18.22980605 ], [ -39.942133727, -18.229788309 ], [ -39.942121109, -18.229735444 ], [ -39.942119381, -18.229726558 ], [ -39.942105991, -18.229646236 ], [ -39.942104295, -18.229637345 ], [ -39.942089731, -18.229566398 ], [ -39.942068344, -18.229450705 ], [ -39.942066431, -18.229441854 ], [ -39.942044834090005, -18.229350124382286 ] ] } },
{ "type": "Feature", "properties": { "Field": "000", "Length": 464.71134289309691 }, "geometry": { "type": "LineString", "coordinates": [ [ -39.942837258954171, -18.233517968707897 ], [ -39.942830206, -18.233473019 ], [ -39.942824777, -18.233446409 ], [ -39.94281397, -18.233383998 ], [ -39.942808359, -18.233357423 ], [ -39.942799324, -18.233303893 ], [ -39.942792074, -18.233268415 ], [ -39.942779045, -18.233197197 ], [ -39.942771448, -18.233161785 ], [ -39.942769718, -18.233152901 ], [ -39.942763069, -18.233117314 ], [ -39.942760022, -18.233099476 ], [ -39.942758698, -18.233090528 ], [ -39.942756932, -18.233081658 ], [ -39.94275279, -18.233064022 ], [ -39.942751001, -18.23305515 ], [ -39.94274614, -18.233028439 ], [ -39.94274419, -18.233019599 ], [ -39.942737762, -18.232993192 ], [ -39.942735971, -18.232984322 ], [ -39.942732797, -18.232966503 ], [ -39.942731044, -18.232957623 ], [ -39.94272178, -18.232913312 ], [ -39.942715532, -18.232877661 ], [ -39.94271022, -18.232851029999985 ], [ -39.94270737, -18.232833165 ], [ -39.942705641, -18.232824284 ], [ -39.942699768, -18.23279776 ], [ -39.942698026, -18.232788878 ], [ -39.94267704, -18.232673117 ], [ -39.942668067, -18.232628753 ], [ -39.942651689, -18.232539746 ], [ -39.942644265, -18.2325043 ], [ -39.942642657, -18.232495397 ], [ -39.942638304, -18.232468606 ], [ -39.942636577, -18.232459723 ], [ -39.942629021, -18.232424302 ], [ -39.942624228, -18.232397581 ], [ -39.942622336, -18.23238873 ], [ -39.942618162, -18.232371101 ], [ -39.942616304, -18.232362241 ], [ -39.942599092, -18.232273377 ], [ -39.942589216, -18.232229189 ], [ -39.942587525, -18.2322203 ], [ -39.942573913, -18.232140011 ], [ -39.942572188, -18.232131126 ], [ -39.942555529, -18.232051363 ], [ -39.942542522, -18.231980142 ], [ -39.942538638, -18.231962455 ], [ -39.942535386, -18.231944653 ], [ -39.942531428, -18.231926994 ], [ -39.942515239, -18.231837955 ], [ -39.942505925, -18.231793655 ], [ -39.942492704, -18.231722469 ], [ -39.942490786, -18.231713622 ], [ -39.942484551, -18.231687173 ], [ -39.942482816, -18.231678292 ], [ -39.942469029, -18.231598031 ], [ -39.942454583, -18.231527064 ], [ -39.94244648, -18.231482548 ], [ -39.942430398, -18.231402677 ], [ -39.942424005, -18.231367048 ], [ -39.942420168, -18.231349352 ], [ -39.942418475, -18.231340463 ], [ -39.942409388, -18.231286939 ], [ -39.942407673, -18.231278053 ], [ -39.942402175, -18.231251455 ], [ -39.942395898, -18.231225016 ], [ -39.942394221, -18.231216128 ], [ -39.942385744, -18.231162512 ], [ -39.942380059, -18.231135957 ], [ -39.942351965, -18.230993873999985 ], [ -39.942346032, -18.230967362 ], [ -39.942344293, -18.230958481 ], [ -39.942336387, -18.230913931 ], [ -39.942334511, -18.230905076 ], [ -39.942330418, -18.230887429 ], [ -39.942328713, -18.230878543 ], [ -39.942318186, -18.230816087 ], [ -39.942308925, -18.230771779 ], [ -39.942295427, -18.230700641 ], [ -39.942287879, -18.230665219 ], [ -39.942286121, -18.23065634 ], [ -39.942246045, -18.230442852 ], [ -39.942233033, -18.230380826 ], [ -39.942221331, -18.230318561 ], [ -39.94220349, -18.230229811 ], [ -39.94219579300001, -18.230185228 ], [ -39.942194102, -18.230176337 ], [ -39.94216723, -18.230043232 ], [ -39.942152496, -18.229963125 ], [ -39.942147053, -18.229936517 ], [ -39.942145445, -18.229927613 ], [ -39.942139555, -18.229891904 ], [ -39.94213789, -18.229883009 ], [ -39.942118331, -18.229785372 ], [ -39.942107944, -18.22974129 ], [ -39.942106225, -18.229732408 ], [ -39.942094251, -18.22966102 ], [ -39.94209262, -18.229652119 ], [ -39.942053294, -18.229447686 ], [ -39.942051345, -18.229438844 ], [ -39.942039517452457, -18.229388609921692 ] ] } },
{ "type": "Feature", "properties": { "Field": "000", "Length": 12.75479914675309 }, "geometry": { "type": "LineString", "coordinates": [ [ -39.942751376148678, -18.233128798318589 ], [ -39.942759887, -18.233161748 ], [ -39.942766163, -18.233197396 ], [ -39.942768652, -18.233215313 ], [ -39.942770451, -18.233224185 ], [ -39.942774356, -18.233241866 ] ] } },
{ "type": "Feature", "properties": { "Field": "000", "Length": 6.7524483327251321 }, "geometry": { "type": "LineString", "coordinates": [ [ -39.94273734729007, -18.233057916614122 ], [ -39.942738674, -18.233064486 ], [ -39.9427428, -18.233082126 ], [ -39.942744676, -18.233090983 ], [ -39.942749210737858, -18.233117857446377 ] ] } },
{ "type": "Feature", "properties": { "Field": "000", "Length": 3.7396680194566709 }, "geometry": { "type": "LineString", "coordinates": [ [ -39.942730164612946, -18.233021625653329 ], [ -39.942731852, -18.23302893 ], [ -39.942736736226628, -18.233054829175554 ] ] } },
{ "type": "Feature", "properties": { "Field": "000", "Length": 4.3380160946015112 }, "geometry": { "type": "LineString", "coordinates": [ [ -39.942657237, -18.232653151 ], [ -39.942661662, -18.232674503 ], [ -39.942664860305676, -18.232691670434768 ] ] } },
{ "type": "Feature", "properties": { "Field": "000", "Length": 357.41567722990908 }, "geometry": { "type": "LineString", "coordinates": [ [ -39.942038493105692, -18.229440851606654 ], [ -39.942049268, -18.229502697 ], [ -39.942066721, -18.229591518 ], [ -39.942089395, -18.229716171 ], [ -39.942096454, -18.229751685 ], [ -39.942098326, -18.229760544 ], [ -39.942102487, -18.229778176 ], [ -39.942110896, -18.229822642 ], [ -39.942123649, -18.229884717 ], [ -39.942138248, -18.229974007 ], [ -39.942164316, -18.230098052 ], [ -39.942179289, -18.23017812 ], [ -39.942190046, -18.23023136 ], [ -39.942194693, -18.230258105 ], [ -39.942198466, -18.230275817 ], [ -39.942203105, -18.230302563 ], [ -39.942210571, -18.230338001 ], [ -39.942216768, -18.230373662 ], [ -39.942228106, -18.230426792 ], [ -39.942244737, -18.230515756 ], [ -39.94225585, -18.23056893 ], [ -39.942265369, -18.230622385 ], [ -39.942269562, -18.230649199 ], [ -39.942271385, -18.230658066 ], [ -39.942281168, -18.230702275 ], [ -39.94229603, -18.230782361 ], [ -39.942303591, -18.230817781 ], [ -39.942314688, -18.230880146 ], [ -39.942327551, -18.230942202 ], [ -39.942329311, -18.230951081 ], [ -39.942332476, -18.230968901 ], [ -39.942340062, -18.231004315 ], [ -39.942345026, -18.231031009 ], [ -39.942349101, -18.231048659 ], [ -39.94235744, -18.231093137 ], [ -39.942361315, -18.231110828 ], [ -39.94236566, -18.231137619 ], [ -39.942370858, -18.231164272 ], [ -39.94237848, -18.231208867 ], [ -39.942390163, -18.231261928999988 ], [ -39.942397735, -18.231306532 ], [ -39.942400954, -18.231324342 ], [ -39.942404382, -18.231342118 ], [ -39.942406262, -18.231350975 ], [ -39.942410701, -18.231368544 ], [ -39.942412397, -18.231377435 ], [ -39.942420068, -18.231422023 ], [ -39.942434066, -18.231493072999985 ], [ -39.942440278, -18.231528731 ], [ -39.942455179, -18.231599613 ], [ -39.942456773, -18.231608521 ], [ -39.942458129, -18.231617465 ], [ -39.942460168, -18.231635434 ], [ -39.942461593, -18.231644368 ], [ -39.942464915, -18.231671293 ], [ -39.942468062, -18.231689115 ], [ -39.94247501, -18.231724649 ], [ -39.942479366, -18.231751439 ], [ -39.94248126, -18.231760293 ], [ -39.942486377, -18.231777694 ], [ -39.942488256, -18.231786551 ], [ -39.942489864, -18.231795457 ], [ -39.942491688, -18.231804325 ], [ -39.942509046, -18.231883951 ], [ -39.942515755, -18.231919527 ], [ -39.942518588, -18.231937397 ], [ -39.942522594, -18.231955061 ], [ -39.942527766, -18.231981719 ], [ -39.942532258, -18.232008489 ], [ -39.942533888, -18.232017391 ], [ -39.942545933, -18.232070379 ], [ -39.942563164, -18.232159239 ], [ -39.94256473, -18.232168151 ], [ -39.94256721, -18.23218607 ], [ -39.942570449, -18.232203878 ], [ -39.942571768, -18.232212827 ], [ -39.942573293, -18.232221746 ], [ -39.942575644, -18.232230499 ], [ -39.942581413, -18.232247712 ], [ -39.942583925, -18.232256425 ], [ -39.942589077, -18.232283086 ], [ -39.942590467, -18.232292026 ], [ -39.942591261, -18.232301031 ], [ -39.942592318, -18.232310012 ], [ -39.942593857, -18.232318929 ], [ -39.94259554, -18.232327822 ], [ -39.942607211, -18.232380886 ], [ -39.942608985, -18.232389763 ], [ -39.942626689, -18.232496883 ], [ -39.942628324, -18.232505784 ], [ -39.942635829, -18.232541215 ], [ -39.942650012, -18.232616646 ] ] } },
{ "type": "Feature", "properties": { "Field": "001", "Length": 46.870809270641161 }, "geometry": { "type": "LineString", "coordinates": [ [ -39.942638034, -18.233571377 ], [ -39.942633883, -18.23355166 ], [ -39.942629493, -18.233524874 ], [ -39.942623592, -18.233498355 ], [ -39.942617924, -18.233462614 ], [ -39.942603258, -18.233391687 ], [ -39.942592298, -18.233329298 ], [ -39.942581547, -18.233276057 ], [ -39.942577183, -18.233249268 ], [ -39.942565037, -18.233187081 ], [ -39.942559371, -18.233154584 ] ] } },
{ "type": "Feature", "properties": { "Field": "001", "Length": 95.342872716437043 }, "geometry": { "type": "LineString", "coordinates": [ [ -39.942637365979287, -18.233652007863146 ], [ -39.942632024, -18.233616709 ], [ -39.942625167, -18.233581159 ], [ -39.942616137, -18.233527626 ], [ -39.942612424, -18.233509904 ], [ -39.942610748, -18.233501009 ], [ -39.94260609, -18.233474265 ], [ -39.9426043, -18.233465392 ], [ -39.942592868, -18.23341228 ], [ -39.942591188, -18.233403386 ], [ -39.94257391, -18.233305356 ], [ -39.942568532, -18.233278736 ], [ -39.942564171, -18.233251947 ], [ -39.942552024, -18.23318976 ], [ -39.942545804, -18.233154103 ], [ -39.942533496, -18.233091945 ], [ -39.942522945, -18.233047899 ], [ -39.942521205, -18.233039016 ], [ -39.942508877, -18.232967683 ], [ -39.94249329, -18.232887724 ], [ -39.942483724, -18.232834276 ], [ -39.942481978, -18.232825395 ], [ -39.942477294, -18.2328042 ] ] } },
{ "type": "Feature", "properties": { "Field": "001", "Length": 136.39049362955859 }, "geometry": { "type": "LineString", "coordinates": [ [ -39.942625217, -18.233658386 ], [ -39.942603548, -18.23353349 ], [ -39.942571176, -18.233373787 ], [ -39.942568456, -18.2333559 ], [ -39.942557733, -18.233302652999988 ], [ -39.942549106, -18.23324906 ], [ -39.942539931, -18.233204732 ], [ -39.942523223, -18.23311578 ], [ -39.942507898, -18.233044981 ], [ -39.942503466, -18.233018201 ], [ -39.942479065, -18.232893846 ], [ -39.942467894, -18.232831492 ], [ -39.942460086, -18.232796121 ], [ -39.942431955, -18.232654045 ], [ -39.942425761, -18.232627587 ], [ -39.94241391500001, -18.232565347 ], [ -39.94240956, -18.232538556 ], [ -39.942403642, -18.232512041 ], [ -39.942401944, -18.23250315 ], [ -39.942392403, -18.2324462 ] ] } },
{ "type": "Feature", "properties": { "Field": "001", "Length": 178.82054099088009 }, "geometry": { "type": "LineString", "coordinates": [ [ -39.942612828964783, -18.233664889799808 ], [ -39.942608209, -18.233638625 ], [ -39.942597362, -18.233585401 ], [ -39.942591816, -18.233549643 ], [ -39.942585243, -18.233514044 ], [ -39.942554775, -18.233363193 ], [ -39.942538597, -18.233274152 ], [ -39.942526009, -18.233212045 ], [ -39.942514579, -18.233149734 ], [ -39.942494282, -18.233052234 ], [ -39.942455127, -18.232838591 ], [ -39.942425849, -18.232696726 ], [ -39.942421151, -18.232669989 ], [ -39.942415381, -18.232643444 ], [ -39.94240975, -18.232607698 ], [ -39.942398501, -18.232554551 ], [ -39.942388302, -18.23250121 ], [ -39.942377932, -18.232438731 ], [ -39.942369058, -18.232394347 ], [ -39.942360461, -18.232359144 ], [ -39.942352469, -18.232314609 ], [ -39.942346368, -18.232288132 ], [ -39.94234152, -18.232252283 ], [ -39.942339277, -18.232234336 ], [ -39.942337818, -18.232225407 ], [ -39.942327806, -18.232181246 ], [ -39.942314844, -18.232128456 ], [ -39.942312908, -18.23211961 ], [ -39.942304682213532, -18.232076262394937 ] ] } },
{ "type": "Feature", "properties": { "Field": "001", "Length": 471.98747008681863 }, "geometry": { "type": "LineString", "coordinates": [ [ -39.941786615026579, -18.229478482124904 ], [ -39.941797815, -18.229531099 ], [ -39.941800725, -18.229539698 ], [ -39.941805608, -18.229566405 ], [ -39.941809377, -18.229593276 ], [ -39.94181103, -18.229602174 ], [ -39.941820421, -18.229646461 ], [ -39.941826598, -18.229682125 ], [ -39.941828455, -18.229690986 ], [ -39.941834521, -18.229717471 ], [ -39.941836196, -18.229726366 ], [ -39.941840718, -18.229753131 ], [ -39.941842366, -18.22976203 ], [ -39.941868092, -18.229895342 ], [ -39.94188169400001, -18.229957253 ], [ -39.941892421, -18.230010499 ], [ -39.94189723, -18.230037219 ], [ -39.941900849, -18.230064109 ], [ -39.941902495, -18.230073008 ], [ -39.941911885, -18.230117295 ], [ -39.941920107, -18.230161792 ], [ -39.941958037, -18.230348082 ], [ -39.941967412, -18.230401561 ], [ -39.941974007, -18.230437157 ], [ -39.941981381, -18.230472612 ], [ -39.942007947, -18.230614963 ], [ -39.942013649, -18.230641522 ], [ -39.942015405, -18.230650402 ], [ -39.942024967, -18.230703851 ], [ -39.942026689, -18.230712737 ], [ -39.942037795, -18.230765912 ], [ -39.942039487, -18.230774804 ], [ -39.942044026, -18.230801567 ], [ -39.942045742, -18.230810454 ], [ -39.94205134, -18.230837032 ], [ -39.942057782, -18.230872653 ], [ -39.942059588, -18.230881524 ], [ -39.942065441, -18.230908052 ], [ -39.94207952, -18.230979088 ], [ -39.942104533, -18.231112524 ], [ -39.942129973, -18.231245886 ], [ -39.94213185, -18.231254744 ], [ -39.942138001, -18.231281211 ], [ -39.942139597, -18.231290119 ], [ -39.942140754, -18.231299088 ], [ -39.942142152, -18.231308026 ], [ -39.942143783, -18.231316928 ], [ -39.942145734, -18.231325771 ], [ -39.942152499, -18.231352101 ], [ -39.942154417, -18.23136095 ], [ -39.94216706, -18.231432232 ], [ -39.942168792, -18.231441117 ], [ -39.94217636, -18.231476535 ], [ -39.942178006, -18.231485435 ], [ -39.942182205, -18.231512248 ], [ -39.942183774, -18.23152116 ], [ -39.942190881, -18.231556666 ], [ -39.942197059, -18.231592328 ], [ -39.942208118, -18.231645512 ], [ -39.942216572, -18.23168997 ], [ -39.942218115, -18.231698887 ], [ -39.942220889, -18.231716766 ], [ -39.942222466, -18.231725676 ], [ -39.942227993, -18.231752269 ], [ -39.942230005, -18.231761099 ], [ -39.942234394, -18.231778681 ], [ -39.942236259, -18.231787541 ], [ -39.942240731, -18.231814314 ], [ -39.942242481, -18.231823195 ], [ -39.942248589, -18.231849671 ], [ -39.942250311, -18.231858557 ], [ -39.94225305, -18.231876441 ], [ -39.942254644, -18.231885349 ], [ -39.942261895, -18.231920828 ], [ -39.942266171, -18.231947629 ], [ -39.942270827, -18.231974374 ], [ -39.942272628, -18.231983246 ], [ -39.942282313, -18.232027474 ], [ -39.94228403, -18.232036361 ], [ -39.942298379, -18.232116533 ], [ -39.942313934, -18.232187287 ], [ -39.942322785, -18.232240847 ], [ -39.942324535, -18.232249729 ], [ -39.942343832, -18.232347414 ], [ -39.942368213, -18.232462566 ], [ -39.942379748, -18.232534019 ], [ -39.942389888, -18.232578154 ], [ -39.942400437, -18.232640607 ], [ -39.942406517, -18.232667089 ], [ -39.942419353, -18.23273834 ], [ -39.942436106, -18.232818084 ], [ -39.942447986, -18.232889486 ], [ -39.942465323, -18.232969117 ], [ -39.942478886, -18.233049413 ], [ -39.942508151, -18.23319128 ], [ -39.942518428, -18.233253774 ], [ -39.942529831, -18.233306892 ], [ -39.942544255, -18.233387052 ], [ -39.942568983, -18.233502136 ], [ -39.942583929, -18.233591373 ], [ -39.942591821, -18.233626727 ], [ -39.942599887, -18.233671684 ] ] } },
{ "type": "Feature", "properties": { "Field": "001", "Length": 473.33331945647063 }, "geometry": { "type": "LineString", "coordinates": [ [ -39.942586927965927, -18.23367848782312 ], [ -39.942568041, -18.233580438 ], [ -39.942555615, -18.233509122 ], [ -39.942524274, -18.233358435 ], [ -39.942491418, -18.233180436 ], [ -39.942472548, -18.23309188 ], [ -39.942445109, -18.2329405 ], [ -39.942430437, -18.232869574 ], [ -39.942417802, -18.23279829 ], [ -39.942386005, -18.232638482 ], [ -39.942378175, -18.232593919 ], [ -39.942366941, -18.232540768 ], [ -39.942354243, -18.232469495 ], [ -39.942350193, -18.23245184 ], [ -39.942334566, -18.232371886 ], [ -39.942326764, -18.232327319 ], [ -39.942308412, -18.232238664 ], [ -39.942299267, -18.232185149 ], [ -39.942289877, -18.232140862 ], [ -39.94227495, -18.232060787 ], [ -39.942270651, -18.232043185 ], [ -39.94224927, -18.23192749 ], [ -39.942239894, -18.231883201 ], [ -39.942235581, -18.231856404 ], [ -39.942227865, -18.231821015 ], [ -39.942220116, -18.231776439 ], [ -39.942208915, -18.231723282 ], [ -39.942204607, -18.231696484 ], [ -39.942194104, -18.231643197 ], [ -39.942182615, -18.231590096 ], [ -39.942178091, -18.231563331 ], [ -39.94216891, -18.231519005 ], [ -39.94216311, -18.231483283 ], [ -39.942153344, -18.23143907 ], [ -39.942135346, -18.231341159 ], [ -39.942129568, -18.231314615 ], [ -39.942125443, -18.231287791 ], [ -39.942117618, -18.231252424 ], [ -39.942109489, -18.23120791 ], [ -39.942101801, -18.231172515 ], [ -39.942097692, -18.231145689 ], [ -39.94209159, -18.231119211 ], [ -39.942066997, -18.230985704 ], [ -39.942051373, -18.23090575 ], [ -39.942045465, -18.230879233 ], [ -39.942037543, -18.230834685 ], [ -39.942031853, -18.230808124 ], [ -39.942025909, -18.230772423 ], [ -39.942013105, -18.230710357 ], [ -39.942002126, -18.230647972 ], [ -39.941988958, -18.230585974 ], [ -39.941970677, -18.230488111 ], [ -39.94196122, -18.230443837 ], [ -39.941949503, -18.230381575 ], [ -39.941941519, -18.23034624 ], [ -39.9419352, -18.230310598 ], [ -39.941929466, -18.230284046 ], [ -39.94191562000001, -18.230203793 ], [ -39.941892108, -18.230088477 ], [ -39.941884825, -18.230043829 ], [ -39.941876259, -18.22999939 ], [ -39.941854052, -18.229893039 ], [ -39.941839552, -18.229812892 ], [ -39.941814696, -18.229688619 ], [ -39.941808435, -18.229652968 ], [ -39.941799114, -18.229608668 ], [ -39.941793152, -18.229572971 ], [ -39.941778337, -18.229502071999988 ], [ -39.941770986021488, -18.229473072084762 ] ] } },
{ "type": "Feature", "properties": { "Field": "001", "Length": 486.24023997785838 }, "geometry": { "type": "LineString", "coordinates": [ [ -39.942574529955657, -18.233684996776041 ], [ -39.94251123, -18.233365322 ], [ -39.942477083, -18.233178365 ], [ -39.942457987, -18.233089853 ], [ -39.942445444, -18.233018555 ], [ -39.942423078, -18.232903029999985 ], [ -39.942412307, -18.232840612 ], [ -39.942395335, -18.232760909 ], [ -39.94238432, -18.23269853 ], [ -39.942318112, -18.23236099 ], [ -39.942307286, -18.23229858 ], [ -39.942289946, -18.23221895 ], [ -39.94227391, -18.232129886 ], [ -39.942248869, -18.232005647 ], [ -39.942236162, -18.231934375 ], [ -39.942228319, -18.231899011 ], [ -39.942192396, -18.231712358 ], [ -39.942181541, -18.231649953 ], [ -39.942175485, -18.231623466 ], [ -39.942169176, -18.231587823 ], [ -39.942164931, -18.231570209 ], [ -39.942158726, -18.23153455 ], [ -39.942152562, -18.231508085 ], [ -39.942138483, -18.23142787 ], [ -39.942122983, -18.231357105 ], [ -39.94211386, -18.231303586 ], [ -39.942106506, -18.231268127 ], [ -39.942096964, -18.231214675 ], [ -39.942090791, -18.231188212 ], [ -39.942088021, -18.231170333 ], [ -39.94207855, -18.231126062 ], [ -39.942064762, -18.2310458 ], [ -39.942051093, -18.230983902 ], [ -39.942042223, -18.230930345 ], [ -39.942035202, -18.230894824 ], [ -39.942028868, -18.230868396 ], [ -39.942011014, -18.23077046 ], [ -39.941999729, -18.23071732 ], [ -39.94199594, -18.23069045 ], [ -39.941989274, -18.230654867 ], [ -39.941977578, -18.230601807 ], [ -39.941966628, -18.230539417 ], [ -39.941954845, -18.230486376 ], [ -39.941944294, -18.230433096999988 ], [ -39.941940192, -18.23040627 ], [ -39.941918217, -18.230299875 ], [ -39.94189951, -18.230192911 ], [ -39.941884583, -18.230122033 ], [ -39.94186996, -18.230041906 ], [ -39.941847321, -18.229935638 ], [ -39.941837991, -18.229882152 ], [ -39.941832299, -18.229855592 ], [ -39.941821786, -18.229793133 ], [ -39.941795858, -18.22966906 ], [ -39.941782259, -18.229588769 ], [ -39.941765831, -18.229508963 ], [ -39.941757577, -18.229473685 ], [ -39.941753427, -18.229446864 ], [ -39.941745455, -18.229411527 ], [ -39.94174077, -18.229384787 ], [ -39.941736206, -18.22936502 ] ] } },
{ "type": "Feature", "properties": { "Field": "001", "Length": 487.63499792428235 }, "geometry": { "type": "LineString", "coordinates": [ [ -39.942561453, -18.233692253 ], [ -39.942549052, -18.233630025 ], [ -39.94253951, -18.233576573 ], [ -39.942517448, -18.233470194 ], [ -39.942481731, -18.233283504999982 ], [ -39.942468782, -18.233212273 ], [ -39.942448612, -18.233114749 ], [ -39.942398964, -18.232847813 ], [ -39.942380473, -18.232759184 ], [ -39.94237102, -18.232705717 ], [ -39.942363489, -18.232670292 ], [ -39.942345231, -18.232572424 ], [ -39.942328835, -18.232492612 ], [ -39.942319273, -18.232439163 ], [ -39.942297022, -18.232323618 ], [ -39.942270018, -18.232190537 ], [ -39.942252022, -18.232092625 ], [ -39.942230965, -18.231986061 ], [ -39.942226301, -18.231959318 ], [ -39.942220462, -18.231932786 ], [ -39.942199643, -18.231826178 ], [ -39.942190144, -18.23177272 ], [ -39.942177484, -18.231710626 ], [ -39.942159836, -18.231612656 ], [ -39.94215362, -18.231586203 ], [ -39.942146443, -18.23155071 ], [ -39.942120021, -18.231408335 ], [ -39.94210665, -18.231346377 ], [ -39.942088714, -18.231248455 ], [ -39.942073081, -18.231168503 ], [ -39.942067106, -18.231141999 ], [ -39.942051633, -18.231052844 ], [ -39.94203506, -18.230973065 ], [ -39.942025632, -18.230919594 ], [ -39.942014199, -18.230866483 ], [ -39.941994306, -18.230759714 ], [ -39.941985111, -18.23071539 ], [ -39.94197406, -18.230653016 ], [ -39.941957028, -18.230564121 ], [ -39.941934781, -18.230457777 ], [ -39.941922392, -18.230386454 ], [ -39.941904067, -18.230297794 ], [ -39.941892957, -18.23023543 ], [ -39.941873573, -18.23013776 ], [ -39.941856917, -18.2300488 ], [ -39.941832741, -18.229933608 ], [ -39.941809912, -18.229808981 ], [ -39.941795748, -18.229737961 ], [ -39.941787762, -18.229693423 ], [ -39.941778151, -18.22964918 ], [ -39.941762076, -18.229560121 ], [ -39.941756164, -18.229533605 ], [ -39.941728468, -18.22939145 ], [ -39.941721451077463, -18.229359378354047 ] ] } },
{ "type": "Feature", "properties": { "Field": "001", "Length": 488.97654663981751 }, "geometry": { "type": "LineString", "coordinates": [ [ -39.942548224, -18.233700657 ], [ -39.942531852, -18.233611363 ], [ -39.942497565, -18.233442808 ], [ -39.942493426, -18.233415987 ], [ -39.942480654, -18.233344725 ], [ -39.942449305, -18.23319404 ], [ -39.94243002, -18.233087169 ], [ -39.942421071, -18.233042799 ], [ -39.942399491, -18.232927138 ], [ -39.942386919, -18.232865028 ], [ -39.942377198, -18.232811606 ], [ -39.942350051, -18.232678551 ], [ -39.942334617, -18.23258939 ], [ -39.942317788, -18.23250966 ], [ -39.942305045, -18.232438394 ], [ -39.942289806, -18.232367577 ], [ -39.94225941, -18.232207519 ], [ -39.94224686, -18.232145405 ], [ -39.942232695, -18.232065204 ], [ -39.942220354, -18.232003052 ], [ -39.94220703, -18.231941085 ], [ -39.942190801, -18.231852052 ], [ -39.942183572, -18.231816569 ], [ -39.942176073, -18.231771954 ], [ -39.942114476, -18.231461173 ], [ -39.942103324, -18.231398816 ], [ -39.94208946, -18.231327742 ], [ -39.94208353, -18.231301229 ], [ -39.942078788, -18.231274498 ], [ -39.942067648, -18.231221329 ], [ -39.942049955, -18.231123367 ], [ -39.942040828, -18.23107903 ], [ -39.942026271, -18.230998893 ], [ -39.942014158, -18.230936699 ], [ -39.941997106, -18.230857012 ], [ -39.941984977, -18.230785649 ], [ -39.94195856, -18.23065246 ], [ -39.941947148, -18.230590146 ], [ -39.941940887, -18.230563703 ], [ -39.941931825, -18.230519354 ], [ -39.941908747, -18.2303856 ], [ -39.941895382, -18.230323641 ], [ -39.941876771, -18.230225834 ], [ -39.941858584, -18.230137148 ], [ -39.941828257, -18.229977078 ], [ -39.94180478, -18.229861755 ], [ -39.941777924, -18.229719454 ], [ -39.941761847, -18.229639582 ], [ -39.941745808, -18.229550518 ], [ -39.941723531, -18.22944418 ], [ -39.941711555, -18.229372793 ], [ -39.941707874, -18.229355567 ] ] } },
{ "type": "Feature", "properties": { "Field": "001", "Length": 489.47833605887035 }, "geometry": { "type": "LineString", "coordinates": [ [ -39.942535532, -18.23370872 ], [ -39.942508552, -18.233565914 ], [ -39.942488034, -18.233468456 ], [ -39.942479816, -18.233423957 ], [ -39.942466513, -18.233343621 ], [ -39.942434726, -18.233193019 ], [ -39.942415797, -18.233086091 ], [ -39.942402996, -18.233024023 ], [ -39.942381576, -18.232908335 ], [ -39.942374123, -18.232872894 ], [ -39.94236258, -18.232810602 ], [ -39.9423352, -18.232677591 ], [ -39.942326898, -18.232623951 ], [ -39.942322004, -18.232597245 ], [ -39.942308564, -18.232535301 ], [ -39.942290396, -18.232437419 ], [ -39.942275303, -18.232366573 ], [ -39.94224489, -18.232206519 ], [ -39.942230578, -18.232135525 ], [ -39.942212688, -18.232037596 ], [ -39.942192342, -18.231940105 ], [ -39.94218261, -18.231886684 ], [ -39.942178739, -18.231868993 ], [ -39.942159843, -18.231762058 ], [ -39.942154031, -18.231735522 ], [ -39.942135435, -18.231637712 ], [ -39.942099952, -18.231460175 ], [ -39.942071455, -18.231308973 ], [ -39.942051495, -18.231211409 ], [ -39.942039197, -18.231140072 ], [ -39.942019307, -18.231042496 ], [ -39.942004796, -18.230962351 ], [ -39.941982689, -18.23085598 ], [ -39.941956607, -18.230713547 ], [ -39.941943923, -18.230651458 ], [ -39.941932181, -18.2305892 ], [ -39.94192084, -18.23053607 ], [ -39.941912007, -18.230482507 ], [ -39.941893453, -18.23038469 ], [ -39.941889436, -18.230367028 ], [ -39.941870924, -18.230269204 ], [ -39.941843672, -18.230136169 ], [ -39.941817307, -18.229993784 ], [ -39.941792464, -18.229869509 ], [ -39.941788154, -18.229842711 ], [ -39.941771682, -18.229762913 ], [ -39.941756739, -18.229682841 ], [ -39.941744064, -18.22962075 ], [ -39.941728015, -18.229531687 ], [ -39.941709248, -18.229443111 ], [ -39.941694394101496, -18.229359161573608 ] ] } },
{ "type": "Feature", "properties": { "Field": "001", "Length": 490.03025057534251 }, "geometry": { "type": "LineString", "coordinates": [ [ -39.94252169597636, -18.233717509865606 ], [ -39.94250284, -18.233610304 ], [ -39.942478919, -18.233495064 ], [ -39.942468566, -18.23344175 ], [ -39.942453445, -18.23335254 ], [ -39.942436646, -18.233272804 ], [ -39.94243226, -18.233246018 ], [ -39.94242168, -18.233201977 ], [ -39.94240376, -18.233104052 ], [ -39.942394786, -18.233050511 ], [ -39.942379461, -18.232979711 ], [ -39.942346039, -18.232801808 ], [ -39.942331229, -18.232730908 ], [ -39.942307356, -18.232597282 ], [ -39.942297156, -18.232553159 ], [ -39.942273901, -18.232428604 ], [ -39.942264176, -18.232384383 ], [ -39.942249928, -18.232313378 ], [ -39.942222275, -18.232162033 ], [ -39.94220719, -18.232091186 ], [ -39.942196054, -18.232028826 ], [ -39.942181542, -18.23195787 ], [ -39.942169976, -18.231895582 ], [ -39.942156984, -18.231833551 ], [ -39.942148284, -18.231779968 ], [ -39.942130469, -18.231691213 ], [ -39.942122705, -18.231646639 ], [ -39.942109921, -18.231584569 ], [ -39.942101795, -18.231549263 ], [ -39.942094415, -18.231504631 ], [ -39.942085521, -18.23146025 ], [ -39.942080936000011, -18.231433495 ], [ -39.942073109, -18.231398128 ], [ -39.942058824, -18.231317946 ], [ -39.942041335, -18.231229131 ], [ -39.942029935, -18.231176013 ], [ -39.942020743, -18.231122505 ], [ -39.942004654, -18.231042635 ], [ -39.941983399, -18.230926919 ], [ -39.941960198, -18.230811545 ], [ -39.941940401, -18.23070476 ], [ -39.94192906, -18.23065163 ], [ -39.941917574, -18.230589328 ], [ -39.941906523, -18.230536143 ], [ -39.941893941, -18.230464851 ], [ -39.9418789, -18.230393995 ], [ -39.941856152, -18.230269354 ], [ -39.94184994, -18.2302429 ], [ -39.941839653, -18.230189575 ], [ -39.9418301, -18.23014532 ], [ -39.941816268, -18.230065065 ], [ -39.94179786, -18.229967223 ], [ -39.941781035, -18.229887492 ], [ -39.941771372, -18.22983406 ], [ -39.941757035, -18.229763072 ], [ -39.941740692, -18.229674058 ], [ -39.94172957, -18.229620886 ], [ -39.941716835, -18.229549619 ], [ -39.941704773, -18.229487417 ], [ -39.941679297, -18.229363247 ] ] } },
{ "type": "Feature", "properties": { "Field": "001", "Length": 490.3782920118212 }, "geometry": { "type": "LineString", "coordinates": [ [ -39.942509456990969, -18.23372528495608 ], [ -39.942502103, -18.233689523 ], [ -39.94249034, -18.233618104 ], [ -39.942460572, -18.233476332 ], [ -39.942439944, -18.233360512 ], [ -39.94242532, -18.233289577 ], [ -39.942419438, -18.233253868 ], [ -39.942412495, -18.233218332 ], [ -39.942406353, -18.233191863 ], [ -39.942397463, -18.233147482 ], [ -39.942378572, -18.233040548 ], [ -39.942367324, -18.2329874 ], [ -39.942350639, -18.232898444 ], [ -39.942337815, -18.232836381 ], [ -39.942289037, -18.232578477 ], [ -39.942279328, -18.232534253 ], [ -39.942266362, -18.232463024 ], [ -39.942240716, -18.232338898 ], [ -39.942234804, -18.232303193 ], [ -39.942219199, -18.232223236 ], [ -39.942209856, -18.232169752 ], [ -39.942192676, -18.23209009 ], [ -39.942180217, -18.232018779 ], [ -39.942172653, -18.231983359 ], [ -39.942162892, -18.231929944 ], [ -39.942142439, -18.231832473 ], [ -39.942111534, -18.231663323 ], [ -39.942089614, -18.231556917 ], [ -39.942070568, -18.231459187 ], [ -39.942066022, -18.231432425 ], [ -39.942056699, -18.231388126 ], [ -39.942033851, -18.231263501 ], [ -39.942017063, -18.231183763 ], [ -39.942004211, -18.231112515 ], [ -39.941976319, -18.230970396 ], [ -39.941969169, -18.230925729 ], [ -39.941963173, -18.230899229 ], [ -39.941946135, -18.230810335 ], [ -39.941935055, -18.230757155 ], [ -39.9419137, -18.230641455 ], [ -39.941892337, -18.230534946 ], [ -39.941884615, -18.230490366 ], [ -39.941855897, -18.230348397 ], [ -39.941843378, -18.230277095 ], [ -39.941815789, -18.230144124 ], [ -39.941808406, -18.230099491 ], [ -39.9417818, -18.229957147 ], [ -39.941765114, -18.229877389 ], [ -39.941751856, -18.229806209 ], [ -39.941742553, -18.229761906 ], [ -39.941726506, -18.229672843 ], [ -39.941706489, -18.22957529 ], [ -39.941700545, -18.22953959 ], [ -39.941686896, -18.229468478 ], [ -39.941666023041108, -18.229367904198071 ] ] } },
{ "type": "Feature", "properties": { "Field": "001", "Length": 490.79923008090873 }, "geometry": { "type": "LineString", "coordinates": [ [ -39.942496213, -18.233733698 ], [ -39.942486466, -18.233680225 ], [ -39.942479283, -18.233635562 ], [ -39.942451349, -18.233502657 ], [ -39.942433454, -18.233404728 ], [ -39.942383429, -18.233147042 ], [ -39.942377227, -18.233111382 ], [ -39.942365991, -18.233058232 ], [ -39.942361681, -18.233031435 ], [ -39.94235095, -18.232978189 ], [ -39.942336435, -18.232898045 ], [ -39.942317633, -18.232809475 ], [ -39.942311971, -18.232773733 ], [ -39.94229558, -18.232684728 ], [ -39.942280487, -18.232613882 ], [ -39.942274387, -18.232578206 ], [ -39.942260624, -18.232507114 ], [ -39.942247461, -18.232445116 ], [ -39.942228221, -18.23234742 ], [ -39.942193092, -18.232160629 ], [ -39.9421798, -18.232098656 ], [ -39.94216642, -18.232018331 ], [ -39.942154919, -18.231965233 ], [ -39.942144837, -18.231911872 ], [ -39.942131542, -18.231849899 ], [ -39.942100281, -18.231680809 ], [ -39.942094435, -18.231654279 ], [ -39.942091391, -18.23163644 ], [ -39.942084957, -18.231610034 ], [ -39.942074293, -18.231547599 ], [ -39.942048991, -18.231423408 ], [ -39.942038032, -18.23136102 ], [ -39.942030636, -18.231325568 ], [ -39.942019304, -18.231263241 ], [ -39.94197055, -18.231014521 ], [ -39.941958119, -18.230943205 ], [ -39.941948336, -18.230898996 ], [ -39.941933483, -18.230818908 ], [ -39.941925709, -18.230783531 ], [ -39.941921194, -18.230756764 ], [ -39.941905062, -18.230676903 ], [ -39.941888995, -18.230587843 ], [ -39.941879755, -18.230543528 ], [ -39.941859598, -18.230436804 ], [ -39.941838305, -18.230330282 ], [ -39.941828882, -18.230276811 ], [ -39.941819904, -18.230232447 ], [ -39.941808069, -18.230179415 ], [ -39.941794598, -18.230099104 ], [ -39.941773808, -18.230001699 ], [ -39.941763717, -18.229939177 ], [ -39.941755342, -18.229894705 ], [ -39.941747569, -18.229859327 ], [ -39.941726418, -18.229752779 ], [ -39.941705356, -18.229637031 ], [ -39.941689859, -18.229566265 ], [ -39.941684294, -18.22953051 ], [ -39.941675251, -18.229486157 ], [ -39.941666458, -18.229432588 ], [ -39.94165240509944, -18.2293726824239 ] ] } },
{ "type": "Feature", "properties": { "Field": "001", "Length": 491.16280505956075 }, "geometry": { "type": "LineString", "coordinates": [ [ -39.942483542, -18.233741748 ], [ -39.942460861, -18.233616726 ], [ -39.942436744, -18.233501523 ], [ -39.942410339, -18.233359144 ], [ -39.942404629, -18.233332587 ], [ -39.942393161, -18.233270282 ], [ -39.942349319, -18.233048268 ], [ -39.942325143, -18.232914691 ], [ -39.94230376, -18.232817403 ], [ -39.942295206, -18.232763799 ], [ -39.942282182, -18.23269258 ], [ -39.942265709, -18.232612782 ], [ -39.942250946, -18.232532678 ], [ -39.942220558, -18.232381813 ], [ -39.942200562, -18.232275062 ], [ -39.942167224, -18.232106334 ], [ -39.942151148, -18.232017276 ], [ -39.942101294, -18.231768756 ], [ -39.942090883, -18.231706282 ], [ -39.942065265, -18.231582151 ], [ -39.942050954, -18.231501973 ], [ -39.942022653, -18.231359927 ], [ -39.942001358, -18.231244218 ], [ -39.941976456, -18.231119953 ], [ -39.941942822, -18.230942087 ], [ -39.941926378, -18.230862284 ], [ -39.941918663, -18.230817703 ], [ -39.94189197, -18.230684564 ], [ -39.941877343, -18.230604438 ], [ -39.941859404, -18.230515706 ], [ -39.941832841, -18.230373354 ], [ -39.941821664, -18.230320193 ], [ -39.941810281, -18.230257874 ], [ -39.941800415, -18.230213682 ], [ -39.941784628, -18.230124576 ], [ -39.941759138, -18.230000421 ], [ -39.94175018, -18.229946877 ], [ -39.941741776, -18.22990241 ], [ -39.941704615, -18.229715978 ], [ -39.941693531, -18.229653609 ], [ -39.941676668, -18.229573886 ], [ -39.941670704, -18.229538189 ], [ -39.941658671, -18.229475981 ], [ -39.941653151, -18.229440219 ], [ -39.941639655028382, -18.229377156132578 ] ] } },
{ "type": "Feature", "properties": { "Field": "001", "Length": 491.56290931255666 }, "geometry": { "type": "LineString", "coordinates": [ [ -39.942470374, -18.233750113 ], [ -39.942446422, -18.233615958 ], [ -39.942422043, -18.233500806 ], [ -39.942405119, -18.233411892 ], [ -39.942394139, -18.233349507 ], [ -39.942374759, -18.233251836 ], [ -39.942363216, -18.233189544 ], [ -39.942331207, -18.233029774 ], [ -39.942311418, -18.232922988 ], [ -39.942291411, -18.232825433 ], [ -39.942269121, -18.232700716 ], [ -39.942247269, -18.232594298 ], [ -39.942236115, -18.232531941 ], [ -39.942211236, -18.232407672 ], [ -39.942200145, -18.232345305 ], [ -39.94218077, -18.232247634 ], [ -39.94216586, -18.232176753 ], [ -39.942134524, -18.232007675 ], [ -39.94212347, -18.23195449 ], [ -39.942104821, -18.23185669 ], [ -39.942091916, -18.231794642 ], [ -39.942077473, -18.231714486 ], [ -39.942050756, -18.231581352 ], [ -39.942036609, -18.231501147 ], [ -39.942002871, -18.231332492 ], [ -39.941987084, -18.231243386999989 ], [ -39.941965296, -18.231136957 ], [ -39.941949044, -18.231047928 ], [ -39.941925536, -18.23093261 ], [ -39.94191301, -18.230861309 ], [ -39.94190368200001, -18.230817011 ], [ -39.941888865, -18.230736917 ], [ -39.941868983, -18.230639339 ], [ -39.941841765, -18.2304971 ], [ -39.941830617, -18.230443933 ], [ -39.941818582, -18.230372555 ], [ -39.941801571, -18.23029286 ], [ -39.941793841, -18.230248281 ], [ -39.941770032, -18.230123821 ], [ -39.941750559, -18.230035385 ], [ -39.941721593, -18.229875085 ], [ -39.941692841, -18.229733122 ], [ -39.941657934, -18.229546293 ], [ -39.941643371, -18.229475346 ], [ -39.941636263, -18.229430673 ], [ -39.941626237040445, -18.229381864196895 ] ] } },
{ "type": "Feature", "properties": { "Field": "001", "Length": 491.77935573856757 }, "geometry": { "type": "LineString", "coordinates": [ [ -39.942457562, -18.233758252 ], [ -39.942433155, -18.233624697 ], [ -39.942400321, -18.233465079 ], [ -39.942381186, -18.233358184 ], [ -39.942365248, -18.233278287 ], [ -39.942350841, -18.233198125 ], [ -39.942318098, -18.23303849 ], [ -39.942305484, -18.232967204 ], [ -39.942288154, -18.232878361 ], [ -39.942280096, -18.232843040999988 ], [ -39.942273032, -18.232807528 ], [ -39.942260986, -18.232736151 ], [ -39.942247375, -18.232665032 ], [ -39.942234368, -18.232603004 ], [ -39.94221109, -18.232478452 ], [ -39.942196359, -18.232407538 ], [ -39.942183765, -18.232336248 ], [ -39.942169801, -18.232265191 ], [ -39.942150911, -18.232176639 ], [ -39.942136595, -18.232096462 ], [ -39.942117961, -18.231998659 ], [ -39.942103288, -18.231927733 ], [ -39.942093934, -18.231874251 ], [ -39.942070359, -18.231758946 ], [ -39.942057527, -18.231687695 ], [ -39.942049947, -18.231652279 ], [ -39.942037205, -18.231581013 ], [ -39.942031021, -18.231554553 ], [ -39.942024761, -18.231518902 ], [ -39.942018954, -18.231492364 ], [ -39.942007896, -18.231429992 ], [ -39.941987829, -18.231332448 ], [ -39.94197337, -18.231252294 ], [ -39.941955678, -18.231163517 ], [ -39.94193589, -18.23105673 ], [ -39.941924569, -18.231003596 ], [ -39.941899129, -18.230870234 ], [ -39.941889994, -18.230825899 ], [ -39.94187413, -18.230736806 ], [ -39.94185391, -18.230639291 ], [ -39.941827215000011, -18.230496962 ], [ -39.941812229, -18.230426096 ], [ -39.94180349, -18.230372519 ], [ -39.941790389, -18.230310509 ], [ -39.94176461, -18.230168026 ], [ -39.941757452, -18.23013253 ], [ -39.941733526, -18.230026519 ], [ -39.941720188, -18.229955353 ], [ -39.941708327, -18.229883948 ], [ -39.941689556, -18.229795373 ], [ -39.941681432, -18.229750858 ], [ -39.941675728, -18.2297243 ], [ -39.94166469, -18.229661924 ], [ -39.941657034, -18.229626523 ], [ -39.941642842, -18.229546326 ], [ -39.941627896, -18.229475452 ], [ -39.94161963, -18.229421807 ], [ -39.941613519075581, -18.229388171416026 ] ] } },
{ "type": "Feature", "properties": { "Field": "001", "Length": 491.84711966045319 }, "geometry": { "type": "LineString", "coordinates": [ [ -39.942444698982754, -18.233766423911831 ], [ -39.942437668, -18.233730484 ], [ -39.942435089, -18.233712578 ], [ -39.942429151, -18.233686067 ], [ -39.942412782, -18.233597058 ], [ -39.942382488, -18.233446175 ], [ -39.94236976, -18.233374907 ], [ -39.942352001, -18.233286141 ], [ -39.942340893, -18.233223777 ], [ -39.942312105, -18.233081821 ], [ -39.942285744, -18.232939435 ], [ -39.942260209, -18.232815288 ], [ -39.942249559, -18.23275285 ], [ -39.942231014, -18.232655032 ], [ -39.942219336, -18.232601969 ], [ -39.942199654, -18.232495165 ], [ -39.942181902, -18.232406398 ], [ -39.942168888, -18.232335177 ], [ -39.942126178, -18.232122156 ], [ -39.942101268, -18.231988702 ], [ -39.942088524, -18.231926624 ], [ -39.942076021, -18.23185532 ], [ -39.942069883, -18.23182885 ], [ -39.942050425, -18.231731194 ], [ -39.942040689, -18.231677774 ], [ -39.942032886, -18.231642402 ], [ -39.942016072, -18.231544298 ], [ -39.942006175, -18.231500113 ], [ -39.941989621, -18.231411135 ], [ -39.941960863, -18.231269173 ], [ -39.941934077, -18.231126859 ], [ -39.941923037, -18.231064484 ], [ -39.941876656, -18.230833732 ], [ -39.941849083, -18.230682374 ], [ -39.941802538, -18.230451651 ], [ -39.941788608, -18.230371412 ], [ -39.941770756, -18.230282664 ], [ -39.941763118, -18.23023807 ], [ -39.941751271, -18.23017583 ], [ -39.941727139, -18.230060631 ], [ -39.941704895, -18.229945084 ], [ -39.941692093, -18.229873828 ], [ -39.941677255, -18.229802934 ], [ -39.941671022, -18.229767279 ], [ -39.941637584, -18.229598569 ], [ -39.941631374, -18.22956291 ], [ -39.941620832, -18.22950963 ], [ -39.941611758, -18.229456104 ], [ -39.941599651, -18.229395736 ] ] } },
{ "type": "Feature", "properties": { "Field": "001", "Length": 491.94227642994849 }, "geometry": { "type": "LineString", "coordinates": [ [ -39.942432466, -18.233774195 ], [ -39.942427097, -18.233747119 ], [ -39.942424608, -18.233738401 ], [ -39.94241715, -18.23369378 ], [ -39.942405903, -18.233640631 ], [ -39.942394458, -18.233578323 ], [ -39.94236818800001, -18.233445108 ], [ -39.942361891, -18.233409463 ], [ -39.942350974, -18.233356252 ], [ -39.942324309, -18.233213918 ], [ -39.942307446, -18.233134194 ], [ -39.942290044, -18.233036184 ], [ -39.94228262, -18.233000738 ], [ -39.942267709, -18.23292066 ], [ -39.942242576, -18.232796438 ], [ -39.942235121, -18.232751816 ], [ -39.942227723, -18.232716365 ], [ -39.942216374, -18.23265404 ], [ -39.942202748, -18.232592133 ], [ -39.942186629, -18.232503083 ], [ -39.942165644, -18.232396505 ], [ -39.942154253, -18.232334187 ], [ -39.94213621, -18.232245474 ], [ -39.942129951, -18.232209823 ], [ -39.942108005, -18.232103422 ], [ -39.942085044, -18.231978817 ], [ -39.942075976, -18.231934469 ], [ -39.942071572, -18.231907685 ], [ -39.942044554, -18.231774607 ], [ -39.942034964, -18.231721163 ], [ -39.942020106, -18.231650272 ], [ -39.942012955, -18.231605605 ], [ -39.941999653, -18.231534433 ], [ -39.941990003, -18.231490197 ], [ -39.941980391, -18.231436757 ], [ -39.941962403, -18.231348033 ], [ -39.941957627, -18.231321308 ], [ -39.94194435, -18.231259332 ], [ -39.941907076, -18.231054549 ], [ -39.941853594, -18.23078829 ], [ -39.941832971, -18.230672469 ], [ -39.941801797, -18.23052175 ], [ -39.941795704, -18.230486073 ], [ -39.941785036, -18.230432816 ], [ -39.941767199, -18.230334878 ], [ -39.941759752, -18.230299436 ], [ -39.941741587, -18.230201553 ], [ -39.941723456, -18.230112856 ], [ -39.941705435, -18.230014948 ], [ -39.941692421, -18.229952921 ], [ -39.941684878, -18.229908313 ], [ -39.941645772, -18.229713036 ], [ -39.941637799, -18.229668496 ], [ -39.941623495, -18.229597501 ], [ -39.941618966, -18.229570737 ], [ -39.941608304, -18.229517479 ], [ -39.941597974, -18.229454993 ], [ -39.941586594, -18.229402858 ] ] } },
{ "type": "Feature", "properties": { "Field": "001", "Length": 492.07762616591202 }, "geometry": { "type": "LineString", "coordinates": [ [ -39.942419515991666, -18.233782421952494 ], [ -39.942413249, -18.233746701 ], [ -39.942403482, -18.233702489 ], [ -39.942388601, -18.233622406 ], [ -39.942374306, -18.23355141 ], [ -39.942364624, -18.233497981 ], [ -39.942339572, -18.233373744 ], [ -39.942330114, -18.233320278 ], [ -39.942311299, -18.233222507 ], [ -39.942300101, -18.23316935 ], [ -39.942287191, -18.233098111 ], [ -39.942281576, -18.233071536 ], [ -39.942277577, -18.233044694 ], [ -39.942264224, -18.232973531 ], [ -39.942254075, -18.232929397 ], [ -39.942241213, -18.232858151 ], [ -39.942212932, -18.232716102 ], [ -39.942201613, -18.232653772 ], [ -39.942186383, -18.232582953 ], [ -39.942169271, -18.232484897 ], [ -39.942155899, -18.23242294 ], [ -39.942141007, -18.232342859 ], [ -39.942133291, -18.232307469 ], [ -39.9421148, -18.232209642 ], [ -39.942100481, -18.23213865 ], [ -39.942075626, -18.232005187 ], [ -39.942063056, -18.231943076 ], [ -39.942056922, -18.231907406 ], [ -39.942045822, -18.231854229 ], [ -39.942038142, -18.231809643 ], [ -39.942032218, -18.231783128 ], [ -39.942004107, -18.231641048 ], [ -39.941998401, -18.231605312 ], [ -39.941972059, -18.23147211 ], [ -39.94195414, -18.231374186 ], [ -39.941945258, -18.231329803 ], [ -39.941936941, -18.231294539 ], [ -39.941927638, -18.231250235 ], [ -39.941914349, -18.231169897 ], [ -39.941895807, -18.231072078 ], [ -39.941877244, -18.230983463 ], [ -39.941866063, -18.23092111 ], [ -39.941837661, -18.230779083 ], [ -39.941816323, -18.230663381 ], [ -39.941801753, -18.230592436 ], [ -39.941788615, -18.230521235 ], [ -39.941753452, -18.23034364 ], [ -39.941692608, -18.230023534 ], [ -39.941677754, -18.229952642 ], [ -39.941665544, -18.229881291 ], [ -39.941647381, -18.229792601 ], [ -39.94161994, -18.229650401 ], [ -39.94159137, -18.229508405 ], [ -39.941580937, -18.22944593399998 ], [ -39.941573924, -18.229409769 ] ] } },
{ "type": "Feature", "properties": { "Field": "001", "Length": 492.17968797894025 }, "geometry": { "type": "LineString", "coordinates": [ [ -39.942406768, -18.23379052 ], [ -39.942398537, -18.233746053 ], [ -39.942385196, -18.23368409 ], [ -39.942377524, -18.233639502 ], [ -39.942366618, -18.233586289 ], [ -39.942350177, -18.233497292 ], [ -39.942337119, -18.233435274 ], [ -39.942312482, -18.233301774 ], [ -39.94230102, -18.233248668 ], [ -39.942256437, -18.233008408 ], [ -39.942241057, -18.232937619 ], [ -39.942224967, -18.232848563 ], [ -39.942177181, -18.232608867 ], [ -39.942154906, -18.232484148 ], [ -39.942141041, -18.232422289 ], [ -39.942131467, -18.232368843 ], [ -39.942103121, -18.232226805 ], [ -39.942064699, -18.232022216 ], [ -39.942051544, -18.231960216 ], [ -39.94204249, -18.231906687 ], [ -39.942031191, -18.231853549 ], [ -39.942016534, -18.231773428 ], [ -39.941998448, -18.231684722 ], [ -39.941975445, -18.231560124 ], [ -39.941957589, -18.231471376 ], [ -39.941941252, -18.231382362 ], [ -39.941913525, -18.231249416 ], [ -39.941897984, -18.231160272 ], [ -39.941883001, -18.231080206 ], [ -39.941862233, -18.230982797 ], [ -39.941844941, -18.230884769 ], [ -39.941811214, -18.230716112 ], [ -39.941792891, -18.230618255 ], [ -39.941785512, -18.2305828 ], [ -39.941779492, -18.230547112 ], [ -39.941716356, -18.230227411 ], [ -39.941703564, -18.230156154 ], [ -39.941665819, -18.229960632 ], [ -39.941659956, -18.229934105 ], [ -39.941642106, -18.229836169 ], [ -39.941630945, -18.229783004 ], [ -39.941603592, -18.229640789 ], [ -39.941576457, -18.229507732 ], [ -39.941567876, -18.229454132 ], [ -39.94156077, -18.229416944 ] ] } },
{ "type": "Feature", "properties": { "Field": "001", "Length": 492.35022328187654 }, "geometry": { "type": "LineString", "coordinates": [ [ -39.942393593, -18.23379889 ], [ -39.942385861, -18.233754814 ], [ -39.942384129, -18.233745929 ], [ -39.942373033, -18.233692752 ], [ -39.942363338, -18.233639326 ], [ -39.942346697, -18.23355956 ], [ -39.942345013, -18.233550667 ], [ -39.942334109, -18.23348827 ], [ -39.94233233, -18.233479394 ], [ -39.942324592, -18.233444009 ], [ -39.942322832, -18.23343513 ], [ -39.942299941, -18.233310513 ], [ -39.942298147, -18.233301639 ], [ -39.942282915, -18.233230821 ], [ -39.942281218, -18.233221931 ], [ -39.942265719, -18.233132779 ], [ -39.942247849, -18.233044035 ], [ -39.942241651, -18.233008374 ], [ -39.942239876, -18.232999498 ], [ -39.942232059, -18.232964128 ], [ -39.942230286, -18.232955251 ], [ -39.942212193, -18.232857356 ], [ -39.942199181, -18.232795329 ], [ -39.942197498, -18.232786436 ], [ -39.942188193, -18.232732946 ], [ -39.942186335, -18.232724085 ], [ -39.94217805, -18.232688813 ], [ -39.942176253, -18.232679941 ], [ -39.942165041, -18.232617593 ], [ -39.942149243, -18.232537671 ], [ -39.942140162, -18.232484146 ], [ -39.942138358, -18.232475275 ], [ -39.942128262, -18.23243113 ], [ -39.94212647, -18.232422257 ], [ -39.942108522, -18.232324337 ], [ -39.942091671, -18.232244612 ], [ -39.942089936, -18.232235728 ], [ -39.942062235, -18.232084391 ], [ -39.942060409, -18.232075524 ], [ -39.94205453, -18.232049 ], [ -39.942052804, -18.232040114 ], [ -39.942048117, -18.232013375 ], [ -39.942046381, -18.232004491 ], [ -39.942037097, -18.231960184 ], [ -39.942035454, -18.231951284 ], [ -39.942030958, -18.231924515 ], [ -39.942029076, -18.231915658 ], [ -39.942026943, -18.231906854 ], [ -39.942025162, -18.231897978 ], [ -39.942017444, -18.231853398 ], [ -39.941993588, -18.231728946 ], [ -39.941980466, -18.231666941 ], [ -39.941978752, -18.231658053 ], [ -39.941961213, -18.231560065 ], [ -39.94195943, -18.23155119 ], [ -39.94195178, -18.231515788 ], [ -39.941950092, -18.231506896 ], [ -39.941945491, -18.231480143 ], [ -39.941943726, -18.231471264 ], [ -39.941934099, -18.231427024 ], [ -39.941932345, -18.231418143 ], [ -39.941912727, -18.231311328 ], [ -39.941908209, -18.231293777 ], [ -39.94189923, -18.231249413 ], [ -39.941897662, -18.2312405 ], [ -39.941893421, -18.231213693 ], [ -39.941891728, -18.231204802 ], [ -39.941886074, -18.231178234 ], [ -39.941884363, -18.231169345 ], [ -39.941870052, -18.231089168 ], [ -39.941868273, -18.231080292 ], [ -39.941851102, -18.231000628 ], [ -39.94184934, -18.230991749 ], [ -39.941841042, -18.230947263 ], [ -39.941829165, -18.230875862 ], [ -39.941827471, -18.23086697 ], [ -39.941799816, -18.230734012 ], [ -39.941790306, -18.230680556 ], [ -39.941772527, -18.230591794 ], [ -39.941761812, -18.230529367 ], [ -39.941760087, -18.230520482 ], [ -39.941748872, -18.230467327 ], [ -39.941735875, -18.230396105 ], [ -39.941701465, -18.230227574 ], [ -39.941699902, -18.230218661 ], [ -39.941694321, -18.230182907 ], [ -39.941692645, -18.230174013 ], [ -39.941679574, -18.230111997 ], [ -39.941677919, -18.230103099 ], [ -39.941667345, -18.23004065 ], [ -39.941665614, -18.230031765 ], [ -39.94164869, -18.229952053 ], [ -39.941646926, -18.229943175 ], [ -39.941601441, -18.22970307 ], [ -39.941563495, -18.229516782 ], [ -39.94156188, -18.229507878 ], [ -39.941554445, -18.229463253 ], [ -39.94155246, -18.229454418 ], [ -39.941550376, -18.229436454 ], [ -39.941547888032794, -18.229423970164532 ] ] } },
{ "type": "Feature", "properties": { "Field": "001", "Length": 492.36744350653458 }, "geometry": { "type": "LineString", "coordinates": [ [ -39.942380960973018, -18.233806914851538 ], [ -39.942369573, -18.233744242 ], [ -39.942353151, -18.233664434 ], [ -39.942341553, -18.233602151 ], [ -39.942331941, -18.233557908 ], [ -39.94231919700001, -18.233486643 ], [ -39.942303104, -18.233406774 ], [ -39.942287001, -18.23331772 ], [ -39.94226819, -18.233229153 ], [ -39.942247416, -18.233113357 ], [ -39.942231444, -18.233033466 ], [ -39.942225083, -18.232997831 ], [ -39.942213911, -18.232944669 ], [ -39.942195634, -18.232846805 ], [ -39.942177435, -18.23275812 ], [ -39.942173129, -18.232731322 ], [ -39.942148068, -18.232607087 ], [ -39.942132171, -18.232518 ], [ -39.94211583, -18.232438177 ], [ -39.942099122, -18.232349225 ], [ -39.942077271, -18.232242807 ], [ -39.942069452, -18.232198242 ], [ -39.942053726, -18.232118306 ], [ -39.942042895, -18.232055898 ], [ -39.94203313, -18.232011685 ], [ -39.94201375, -18.231914015 ], [ -39.941982363, -18.231744945 ], [ -39.941966022, -18.231665123 ], [ -39.941948323, -18.231567161 ], [ -39.941919626, -18.231425188 ], [ -39.941896314, -18.231300642 ], [ -39.941883296, -18.231238616 ], [ -39.941863753, -18.231131789 ], [ -39.941835005, -18.230989825 ], [ -39.941800396, -18.230802945 ], [ -39.941783297, -18.230723267 ], [ -39.941764499, -18.230625493 ], [ -39.941748785, -18.230536376 ], [ -39.941737819, -18.230483175 ], [ -39.941714519, -18.230358627 ], [ -39.941692454, -18.230252249 ], [ -39.941678155, -18.230172069 ], [ -39.941663487, -18.230101142 ], [ -39.941649292, -18.230020945 ], [ -39.941630681, -18.229932339 ], [ -39.94159709, -18.229754466 ], [ -39.941562141, -18.229576832 ], [ -39.941554376, -18.229541452 ], [ -39.941535543003276, -18.229431496019117 ] ] } },
{ "type": "Feature", "properties": { "Field": "001", "Length": 492.26307685196764 }, "geometry": { "type": "LineString", "coordinates": [ [ -39.942368912, -18.233814569 ], [ -39.942358851, -18.233761264 ], [ -39.942341768, -18.233681583 ], [ -39.942326923, -18.233601494 ], [ -39.942316918, -18.23355733 ], [ -39.942299643, -18.2334593 ], [ -39.942273946, -18.233325983 ], [ -39.942255097, -18.233237423 ], [ -39.942247881, -18.233192765 ], [ -39.942221677, -18.233059538 ], [ -39.942212256, -18.233006067 ], [ -39.942192223, -18.232908517 ], [ -39.942180947, -18.23284618 ], [ -39.942170228, -18.232792933 ], [ -39.942158033, -18.232721579 ], [ -39.942139, -18.232633055 ], [ -39.942124147, -18.232552967 ], [ -39.942108, -18.232473108 ], [ -39.942093715, -18.232392926 ], [ -39.942082097, -18.232339851 ], [ -39.94206639, -18.232259912 ], [ -39.942026477, -18.232046396 ], [ -39.942016596, -18.232002207 ], [ -39.942006523, -18.231948844 ], [ -39.941988314, -18.231860162 ], [ -39.94198262, -18.231824425 ], [ -39.941969752, -18.231753179 ], [ -39.941941491, -18.231611127 ], [ -39.94193356, -18.23156658 ], [ -39.941927857, -18.231540022 ], [ -39.941917898, -18.231486639 ], [ -39.941906889, -18.231433446 ], [ -39.941887142, -18.231326652 ], [ -39.941869308, -18.2312379 ], [ -39.941858154, -18.231175544 ], [ -39.941804791, -18.230909263 ], [ -39.941790873, -18.230829021 ], [ -39.94176883, -18.230722639 ], [ -39.941746893, -18.230607039 ], [ -39.941740757, -18.230571369 ], [ -39.941726662, -18.230500336 ], [ -39.941724072, -18.230482431 ], [ -39.941702692, -18.230375925 ], [ -39.941694829, -18.230340566 ], [ -39.941688657, -18.230304901 ], [ -39.941679731, -18.230260527 ], [ -39.94167544, -18.230233726 ], [ -39.94165209, -18.23011838 ], [ -39.941634714, -18.230020366 ], [ -39.941609312, -18.229896194 ], [ -39.941584332, -18.229762752 ], [ -39.941566222, -18.229674051 ], [ -39.941553367, -18.229602804 ], [ -39.94153862, -18.229531892 ], [ -39.941520792091978, -18.229440659470715 ] ] } },
{ "type": "Feature", "properties": { "Field": "001", "Length": 492.3064901567202 }, "geometry": { "type": "LineString", "coordinates": [ [ -39.942355813, -18.23382289 ], [ -39.942348182, -18.233778221 ], [ -39.942328955, -18.233689735 ], [ -39.942317795, -18.233627379 ], [ -39.942302208, -18.233556631 ], [ -39.942290554, -18.233485195 ], [ -39.942284533, -18.233458701 ], [ -39.942270183, -18.233378529 ], [ -39.942241059, -18.233236636 ], [ -39.942234945, -18.233200962 ], [ -39.942217004, -18.23311223 ], [ -39.942207017, -18.233058852 ], [ -39.942199591, -18.233014226 ], [ -39.942177253, -18.2329079 ], [ -39.942165073, -18.232836544 ], [ -39.942154266, -18.232783313 ], [ -39.942145252, -18.232729778 ], [ -39.94212628, -18.232641242 ], [ -39.942109967, -18.232552223 ], [ -39.942095242, -18.232481307 ], [ -39.942079013, -18.232392274 ], [ -39.942053031, -18.232268212 ], [ -39.942042565, -18.232205746 ], [ -39.942035126, -18.232170303 ], [ -39.942017048, -18.232072405 ], [ -39.942005759, -18.232019265 ], [ -39.941975753, -18.23186833 ], [ -39.941958889, -18.231770234 ], [ -39.941928045, -18.231619453 ], [ -39.941903427, -18.23148595 ], [ -39.941867525, -18.231299293 ], [ -39.941854539, -18.231237261 ], [ -39.941845144, -18.231183786 ], [ -39.941832462, -18.231121696 ], [ -39.94182772, -18.231094966 ], [ -39.941808998, -18.231006381 ], [ -39.941774598, -18.230819466 ], [ -39.941754496, -18.230721929 ], [ -39.941722611, -18.230552945 ], [ -39.941716688, -18.23052643 ], [ -39.941698991, -18.230428468 ], [ -39.941691823, -18.230392974 ], [ -39.941679742, -18.230339993 ], [ -39.941666294, -18.230259679 ], [ -39.941639085, -18.230126636 ], [ -39.941618389, -18.230010828 ], [ -39.941581003, -18.229824437 ], [ -39.941568135, -18.229753192 ], [ -39.941554963, -18.229691195 ], [ -39.941540974, -18.229610965 ], [ -39.941525981, -18.229540101 ], [ -39.941507942018937, -18.229448642096017 ] ] } },
{ "type": "Feature", "properties": { "Field": "001", "Length": 492.31202311834238 }, "geometry": { "type": "LineString", "coordinates": [ [ -39.942342731935426, -18.233831200650009 ], [ -39.942329492, -18.233759437 ], [ -39.942314411, -18.23368859 ], [ -39.942280456, -18.233510779 ], [ -39.942269257, -18.233457622 ], [ -39.94225991, -18.233404139 ], [ -39.942257438, -18.233386219 ], [ -39.94224593500001, -18.233333121 ], [ -39.942228182, -18.233244354 ], [ -39.942211797, -18.233155348 ], [ -39.942198938, -18.233093292 ], [ -39.942186084, -18.233022044 ], [ -39.942159416, -18.232888901 ], [ -39.94213213, -18.232737496 ], [ -39.942114641, -18.232657895 ], [ -39.942105886, -18.23261349 ], [ -39.942095218, -18.232551055 ], [ -39.942082466, -18.232488979 ], [ -39.942066217, -18.232399949 ], [ -39.942043807, -18.232293637 ], [ -39.942029721, -18.232222602 ], [ -39.942016067, -18.23214232 ], [ -39.942008512, -18.232106899 ], [ -39.942000582, -18.232062352 ], [ -39.9419839, -18.231982594 ], [ -39.941967402, -18.231893606 ], [ -39.941954987, -18.231831468 ], [ -39.941947426, -18.231786862 ], [ -39.941930569, -18.231707138 ], [ -39.941922473, -18.231662618 ], [ -39.94191155, -18.231609408 ], [ -39.94189368, -18.231511475 ], [ -39.941876553, -18.231422597 ], [ -39.941865386, -18.231369433 ], [ -39.941852702, -18.231298158 ], [ -39.941843342, -18.231253865 ], [ -39.941819126, -18.231129477 ], [ -39.94179915, -18.231022722 ], [ -39.941778893, -18.230925215 ], [ -39.941760112, -18.230818262 ], [ -39.941733052, -18.230685192 ], [ -39.941711421, -18.230569539 ], [ -39.941701673, -18.230525323 ], [ -39.941683956, -18.230427365 ], [ -39.94166403, -18.230329795 ], [ -39.941651649, -18.230258471 ], [ -39.941632943, -18.230169883 ], [ -39.941604997, -18.230018588 ], [ -39.941575622, -18.229867539 ], [ -39.941564062, -18.229814452 ], [ -39.941525918, -18.229609815 ], [ -39.941494826, -18.22945679 ] ] } },
{ "type": "Feature", "properties": { "Field": "001", "Length": 492.33706782720662 }, "geometry": { "type": "LineString", "coordinates": [ [ -39.942329933963485, -18.233839330827148 ], [ -39.94231862, -18.233785784 ], [ -39.942310713, -18.233741233 ], [ -39.942303276, -18.23370579 ], [ -39.942276119, -18.23356354 ], [ -39.942261434, -18.233492616 ], [ -39.942251503, -18.233439229 ], [ -39.94224292, -18.233385629 ], [ -39.942225433, -18.233306029 ], [ -39.942204171, -18.233190314 ], [ -39.94217946, -18.233066014 ], [ -39.942156052, -18.232941485 ], [ -39.942139761, -18.232861653 ], [ -39.942130713, -18.232808122 ], [ -39.942118876, -18.232745881 ], [ -39.942092891, -18.232621819 ], [ -39.942080569, -18.232550485 ], [ -39.942069478, -18.232497307 ], [ -39.942041392, -18.232346035 ], [ -39.942015472, -18.232221961 ], [ -39.94200153, -18.232141724 ], [ -39.941969394, -18.231981977 ], [ -39.941956475, -18.23191074 ], [ -39.941930267, -18.231777514 ], [ -39.941918875, -18.231715196 ], [ -39.941896926, -18.231608796 ], [ -39.941881141, -18.231519691 ], [ -39.941869386, -18.231466643 ], [ -39.941861687, -18.231422059 ], [ -39.941843923, -18.231333295 ], [ -39.941820815, -18.231208714 ], [ -39.941806003, -18.231137815 ], [ -39.941784798, -18.23102209 ], [ -39.941764001, -18.230924686 ], [ -39.941748883, -18.230835475 ], [ -39.941732421, -18.230755675 ], [ -39.941697085, -18.230568919 ], [ -39.941682042, -18.230498064 ], [ -39.941667441, -18.230417934 ], [ -39.94165776, -18.230373705 ], [ -39.941636714, -18.230257954 ], [ -39.941618713, -18.230169233 ], [ -39.941593635, -18.230035808 ], [ -39.941575829, -18.229947051 ], [ -39.941560801, -18.229866993 ], [ -39.94155663, -18.229849363 ], [ -39.941546096, -18.229796082 ], [ -39.941513092, -18.229618108 ], [ -39.941507116, -18.229591605 ], [ -39.941493758, -18.229520442 ], [ -39.941482142070846, -18.229464669340167 ] ] } },
{ "type": "Feature", "properties": { "Field": "001", "Length": 492.3956258107421 }, "geometry": { "type": "LineString", "coordinates": [ [ -39.942316584, -18.233847811 ], [ -39.942303608, -18.233785473 ], [ -39.942289292, -18.233705296 ], [ -39.942276612, -18.233643205 ], [ -39.942270652, -18.233607508 ], [ -39.94226181, -18.233563118 ], [ -39.94224825, -18.233501198 ], [ -39.942226121, -18.233376455 ], [ -39.942212421, -18.233314563 ], [ -39.942191567, -18.233198781 ], [ -39.942178631, -18.233136739 ], [ -39.942163862, -18.233056637 ], [ -39.942152602, -18.233003491 ], [ -39.942143857, -18.232949915 ], [ -39.942125271, -18.232861304 ], [ -39.942112831, -18.23278999 ], [ -39.942102118, -18.232736741 ], [ -39.942096029, -18.232710261 ], [ -39.942076649, -18.23261259 ], [ -39.94206387, -18.232541331 ], [ -39.942054428, -18.232497054 ], [ -39.942042253, -18.232425698 ], [ -39.942029686, -18.232363587 ], [ -39.942018704, -18.232301202 ], [ -39.942008688, -18.232257041 ], [ -39.941994442, -18.232186035 ], [ -39.941984873, -18.232132588 ], [ -39.941961796, -18.232017191 ], [ -39.941949047, -18.231945926 ], [ -39.941938185, -18.231892705 ], [ -39.941923427, -18.231812601 ], [ -39.94191704, -18.231786185 ], [ -39.941909652, -18.231750732 ], [ -39.941890174, -18.231643893 ], [ -39.941878985, -18.231590734 ], [ -39.941869858, -18.231537216 ], [ -39.941856749, -18.231475208 ], [ -39.941841955, -18.23139511 ], [ -39.941832578, -18.23135082 ], [ -39.941811751, -18.231235033 ], [ -39.941788544, -18.23111966 ], [ -39.941766899, -18.23100401 ], [ -39.941749471, -18.230924397 ], [ -39.941745589, -18.23089754 ], [ -39.9417219, -18.230773059 ], [ -39.941710754, -18.230719892 ], [ -39.941697745, -18.23064867 ], [ -39.941681745, -18.230568784 ], [ -39.941670149, -18.230506501 ], [ -39.941662493, -18.2304711 ], [ -39.941652606, -18.230417705 ], [ -39.941644871, -18.23038232 ], [ -39.941599363, -18.230142219 ], [ -39.94158512, -18.230071213 ], [ -39.94157597200001, -18.230017698 ], [ -39.941557259, -18.229929112 ], [ -39.941544293, -18.229857883 ], [ -39.941531429, -18.229795827 ], [ -39.941512069, -18.229688969 ], [ -39.941508107, -18.229671295 ], [ -39.941496564, -18.229609003 ], [ -39.941486934, -18.229564764 ], [ -39.941479381, -18.229520157 ], [ -39.941469268, -18.229472667 ] ] } },
{ "type": "Feature", "properties": { "Field": "001", "Length": 492.43345957405865 }, "geometry": { "type": "LineString", "coordinates": [ [ -39.941456695068567, -18.229480477323879 ], [ -39.94146597, -18.22952429 ], [ -39.941479156, -18.22959548 ], [ -39.941486895, -18.229630864 ], [ -39.94150373, -18.229719794 ], [ -39.941514511, -18.229782209 ], [ -39.941534255, -18.229879813 ], [ -39.941545607, -18.229942136 ], [ -39.941560596, -18.230013 ], [ -39.941573124, -18.2300843 ], [ -39.941590754000011, -18.230173089 ], [ -39.941607288, -18.23026207 ], [ -39.941609021, -18.230270953 ], [ -39.941614767, -18.230297503 ], [ -39.941640215, -18.230430863 ], [ -39.941667179, -18.230563951 ], [ -39.941695419, -18.230715196999988 ], [ -39.941697142, -18.230724083 ], [ -39.941706514, -18.230768373 ], [ -39.941720399, -18.230839443 ], [ -39.941739534, -18.230946336 ], [ -39.941760463, -18.231043713 ], [ -39.941776608, -18.231132759 ], [ -39.941798063, -18.23123925 ], [ -39.941805846, -18.231283821 ], [ -39.941807522, -18.231292712999984 ], [ -39.941811357, -18.231310409 ], [ -39.941818873, -18.23135502 ], [ -39.941854217, -18.231532583 ], [ -39.941855926, -18.231541471 ], [ -39.941863809, -18.231586024 ], [ -39.941871198, -18.231621476 ], [ -39.941896313, -18.231754895 ], [ -39.941898082, -18.231763771 ], [ -39.941910113, -18.231816762 ], [ -39.941915413, -18.231843396 ], [ -39.941931535, -18.231932445 ], [ -39.941939063, -18.231967869 ], [ -39.941951262, -18.23203922 ], [ -39.941967581, -18.232119047 ], [ -39.941969328, -18.232127929 ], [ -39.941975684, -18.232163563 ], [ -39.941991657, -18.232243454 ], [ -39.941993483, -18.232252321 ], [ -39.942007084, -18.232314231 ], [ -39.942021125, -18.232394451 ], [ -39.94203188, -18.232447691 ], [ -39.942044367, -18.232518998 ], [ -39.942064614, -18.232625706 ], [ -39.942083995, -18.232723376 ], [ -39.942095425, -18.232776487 ], [ -39.942108365, -18.23284772 ], [ -39.942129327000011, -18.232954301 ], [ -39.942139034, -18.233007725 ], [ -39.942152028, -18.233069754 ], [ -39.942161517, -18.233123213 ], [ -39.942174795, -18.233185188 ], [ -39.942199357, -18.233318699 ], [ -39.94221415, -18.233389601 ], [ -39.942223368, -18.233443104 ], [ -39.942235153, -18.233505355 ], [ -39.942236919, -18.233514233 ], [ -39.942246734, -18.233558434 ], [ -39.942255275, -18.233602877 ], [ -39.942257143, -18.233611732999989 ], [ -39.94225921, -18.233620545 ], [ -39.942265271, -18.233656227 ], [ -39.942303330984117, -18.233856230916526 ] ] } },
{ "type": "Feature", "properties": { "Field": "001", "Length": 492.48125088504418 }, "geometry": { "type": "LineString", "coordinates": [ [ -39.94229090496124, -18.233864124800608 ], [ -39.942264876, -18.233730234 ], [ -39.942257291, -18.233685633 ], [ -39.942245346, -18.23362341 ], [ -39.942230465, -18.233552523 ], [ -39.942216595, -18.23348145 ], [ -39.942196967, -18.233374637 ], [ -39.94218745, -18.233330375 ], [ -39.942171114, -18.23324136 ], [ -39.942166881, -18.233214551 ], [ -39.942148416, -18.233125917 ], [ -39.942136846, -18.23306363 ], [ -39.942123688, -18.233001631 ], [ -39.942088933, -18.232814776 ], [ -39.942077362, -18.232761691 ], [ -39.94205582, -18.232655215 ], [ -39.942043748, -18.232583842 ], [ -39.942030426, -18.232521875 ], [ -39.942018002, -18.232450558 ], [ -39.94199896100001, -18.232352827 ], [ -39.941996154, -18.232334953 ], [ -39.941985619, -18.232281671 ], [ -39.941973729, -18.232228651 ], [ -39.941958662, -18.2321486 ], [ -39.941954373, -18.232121799 ], [ -39.941935908, -18.232033165 ], [ -39.941926759, -18.231979650999982 ], [ -39.94191421, -18.231917537 ], [ -39.94190488200001, -18.231864051 ], [ -39.941862007, -18.23165106 ], [ -39.94183041, -18.231482026 ], [ -39.941806907, -18.231366708 ], [ -39.941790702, -18.231277671 ], [ -39.941779759, -18.231224465 ], [ -39.941764989, -18.231144363 ], [ -39.941757699, -18.231108891 ], [ -39.941745033, -18.231037613 ], [ -39.941727903, -18.230957942 ], [ -39.941716835, -18.230895571 ], [ -39.941681969, -18.230717922 ], [ -39.941676152, -18.230682202 ], [ -39.941663281, -18.230620148 ], [ -39.941655231, -18.230575621 ], [ -39.941647766, -18.230540183 ], [ -39.941630862, -18.230451265 ], [ -39.941623161, -18.230415873 ], [ -39.941610309, -18.230344625 ], [ -39.941595634, -18.230273699 ], [ -39.941568791, -18.230131395 ], [ -39.941557611, -18.230078235 ], [ -39.941550168, -18.230033611 ], [ -39.94153173, -18.229944972 ], [ -39.941517128, -18.229864842 ], [ -39.941493789, -18.229749493 ], [ -39.941474975, -18.229642546 ], [ -39.941463533, -18.229589436 ], [ -39.941452519, -18.229527056 ], [ -39.941444798, -18.229487868 ] ] } },
{ "type": "Feature", "properties": { "Field": "001", "Length": 492.45696821787732 }, "geometry": { "type": "LineString", "coordinates": [ [ -39.942279251923139, -18.233871527629006 ], [ -39.942257078, -18.233764503 ], [ -39.942241324, -18.233675392 ], [ -39.942217059, -18.233560218 ], [ -39.942199282, -18.23346227 ], [ -39.942181297, -18.233373545 ], [ -39.942172037, -18.233320049 ], [ -39.942150317, -18.233204411 ], [ -39.942103852, -18.232973674 ], [ -39.942098017, -18.232937958 ], [ -39.942089281, -18.232893549 ], [ -39.942078191, -18.232831182 ], [ -39.942057159, -18.232733824 ], [ -39.942046218, -18.232671432 ], [ -39.942036706, -18.232627169 ], [ -39.942024158, -18.232555872 ], [ -39.94201631, -18.232520509 ], [ -39.94197233, -18.232289328 ], [ -39.941960534, -18.232236289 ], [ -39.94194141, -18.232129392 ], [ -39.941932142, -18.232085082 ], [ -39.941910389, -18.23196945 ], [ -39.941901316, -18.231925103 ], [ -39.941892168, -18.231871588 ], [ -39.941882547, -18.231827347 ], [ -39.94187092, -18.231765069 ], [ -39.941847522, -18.231649731 ], [ -39.941833872, -18.231578619 ], [ -39.941826113, -18.231534045 ], [ -39.94181161, -18.231463087 ], [ -39.941784745, -18.231320787 ], [ -39.941753264, -18.231160921 ], [ -39.941730743, -18.231036242 ], [ -39.941717153, -18.230974328 ], [ -39.941703925, -18.230903143 ], [ -39.941684313, -18.230805515 ], [ -39.941675074, -18.230752015 ], [ -39.941610745, -18.230423333 ], [ -39.941593304, -18.23032533 ], [ -39.941579541, -18.230263450999985 ], [ -39.941564653, -18.230183369 ], [ -39.94155735, -18.2301479 ], [ -39.941549518, -18.230103337 ], [ -39.941540144, -18.230059047 ], [ -39.94153209, -18.230014521 ], [ -39.941522558, -18.229970262 ], [ -39.941504172, -18.229872416 ], [ -39.941479286, -18.229748149 ], [ -39.941463644, -18.22965902 ], [ -39.941446866, -18.22957928 ], [ -39.94143232700867, -18.229495615049899 ] ] } },
{ "type": "Feature", "properties": { "Field": "001", "Length": 492.54669995260895 }, "geometry": { "type": "LineString", "coordinates": [ [ -39.942266717, -18.23387949 ], [ -39.942241135, -18.233755229 ], [ -39.942227385, -18.233674961 ], [ -39.942202835, -18.233559842 ], [ -39.94219184, -18.23349746 ], [ -39.942175256, -18.233417683 ], [ -39.942163336, -18.233355455 ], [ -39.942135931, -18.233204069 ], [ -39.942122593, -18.233142105 ], [ -39.942112743, -18.233088705 ], [ -39.942091608, -18.232982154 ], [ -39.942082585, -18.23292862 ], [ -39.942076713, -18.232902095 ], [ -39.942049175, -18.232759913 ], [ -39.942037894, -18.232706771 ], [ -39.942013065, -18.232573304 ], [ -39.942000174, -18.232511253 ], [ -39.941992431, -18.232466677 ], [ -39.941977951, -18.232395714 ], [ -39.941961194, -18.232306771 ], [ -39.941944307, -18.232227052 ], [ -39.941930112, -18.232146855 ], [ -39.941913512, -18.232067081 ], [ -39.941894407, -18.231960181 ], [ -39.941868996, -18.231836011 ], [ -39.941855162, -18.231755756 ], [ -39.941836928, -18.231667079 ], [ -39.941781887, -18.231382708 ], [ -39.94177063, -18.231320368 ], [ -39.941735489, -18.231142768 ], [ -39.941720394, -18.231062722 ], [ -39.941714731, -18.23102698 ], [ -39.941699698, -18.230956123 ], [ -39.941683904, -18.2308762 ], [ -39.941659157, -18.230742718 ], [ -39.941646374, -18.230680648 ], [ -39.941636703, -18.230627217 ], [ -39.941622203, -18.230556259 ], [ -39.941598712, -18.230431743 ], [ -39.941587715, -18.230378548 ], [ -39.941578821, -18.230324994 ], [ -39.941558233, -18.23022755 ], [ -39.941552122, -18.230191875 ], [ -39.941521553, -18.230031848 ], [ -39.941508352, -18.229969857 ], [ -39.94149703, -18.229907528 ], [ -39.941461836, -18.229729938 ], [ -39.941448694, -18.229658738 ], [ -39.941435302, -18.229596785 ], [ -39.94142656, -18.229534078 ], [ -39.941421132080819, -18.229502569469151 ] ] } },
{ "type": "Feature", "properties": { "Field": "000", "Length": 120.34123425881502 }, "geometry": { "type": "LineString", "coordinates": [ [ -39.942246119172232, -18.230595660377425 ], [ -39.942237791, -18.230549153 ], [ -39.942217897, -18.230451577 ], [ -39.942209809, -18.230407056 ], [ -39.942202675, -18.230380815 ], [ -39.94219583200001, -18.230336104 ], [ -39.942179974, -18.230256192 ], [ -39.942173738, -18.230220538 ], [ -39.942166168, -18.23018512 ], [ -39.942153105, -18.230113907 ], [ -39.942143641, -18.230069635 ], [ -39.942139369, -18.230042832 ], [ -39.942124963, -18.229981086 ], [ -39.942110828, -18.229891728 ], [ -39.942089172, -18.229785273 ], [ -39.94207912, -18.229731907 ], [ -39.942073275, -18.229705376 ], [ -39.942057067, -18.22961634 ], [ -39.942038, -18.229526714 ] ] } },
{ "type": "Feature", "properties": { "Field": "001", "Length": 492.55814128984332 }, "geometry": { "type": "LineString", "coordinates": [ [ -39.942253553955005, -18.233887852778974 ], [ -39.942228215, -18.233763376 ], [ -39.942212915, -18.233674193 ], [ -39.942193618, -18.233585721 ], [ -39.942170394, -18.23346116 ], [ -39.942162113, -18.233425888 ], [ -39.942128686, -18.233247986 ], [ -39.942122686, -18.233212295 ], [ -39.942109654, -18.233150271 ], [ -39.942088277, -18.233034576 ], [ -39.942077481, -18.232981342 ], [ -39.942073356, -18.232954518 ], [ -39.942056728, -18.232874749 ], [ -39.942029471, -18.232732518 ], [ -39.942021622, -18.232697155 ], [ -39.942018825, -18.232679279 ], [ -39.942003641, -18.232599248 ], [ -39.941990945, -18.232537161 ], [ -39.941980115, -18.232474752 ], [ -39.941954559, -18.232350609 ], [ -39.941939516, -18.232270553 ], [ -39.941931899, -18.232235144 ], [ -39.941920869, -18.232172767 ], [ -39.941897195, -18.232057481 ], [ -39.941880007, -18.231959436 ], [ -39.941869168, -18.231906211 ], [ -39.941860752, -18.231870967 ], [ -39.941837168, -18.231737294 ], [ -39.941826216, -18.23168409 ], [ -39.941812758, -18.231612944 ], [ -39.94180863, -18.231595305 ], [ -39.94179604, -18.231524015 ], [ -39.941788072, -18.231488676 ], [ -39.941775838, -18.231426505 ], [ -39.941752933, -18.23130189 ], [ -39.941743508, -18.23125761 ], [ -39.94173373, -18.231204197 ], [ -39.941728003, -18.231177643 ], [ -39.941705797, -18.231062091 ], [ -39.941698239, -18.231017485 ], [ -39.941685174, -18.230955468 ], [ -39.94167195, -18.230884282 ], [ -39.941658972, -18.230822248 ], [ -39.941642997, -18.230733174 ], [ -39.941602666, -18.23052892 ], [ -39.941586107, -18.230439943 ], [ -39.941570932, -18.230369113 ], [ -39.941553559, -18.230271099 ], [ -39.941540872, -18.23020901 ], [ -39.941512253, -18.230057829 ], [ -39.94149325, -18.229969299 ], [ -39.941483325, -18.229906753 ], [ -39.941475713, -18.229871343 ], [ -39.941441716, -18.22969354 ], [ -39.941421256, -18.229596072 ], [ -39.941408110093334, -18.229510900604723 ] ] } },
{ "type": "Feature", "properties": { "Field": "001", "Length": 492.46843213206682 }, "geometry": { "type": "LineString", "coordinates": [ [ -39.942239915, -18.233896517 ], [ -39.942228257, -18.233843232 ], [ -39.942220711, -18.233798624 ], [ -39.942210298, -18.233745321 ], [ -39.942199753, -18.233682868 ], [ -39.942187251, -18.233620745 ], [ -39.942181007, -18.233594297 ], [ -39.942159391, -18.233478642 ], [ -39.942118882, -18.23327442 ], [ -39.942106066, -18.233203167 ], [ -39.942098602, -18.233167728 ], [ -39.942082371, -18.233078696 ], [ -39.94207678, -18.233052115 ], [ -39.942072511, -18.233025311999988 ], [ -39.942066303, -18.232998857 ], [ -39.942044374, -18.232883256 ], [ -39.942038454, -18.23285674 ], [ -39.942017053, -18.232741049 ], [ -39.942000646, -18.232661238 ], [ -39.941983947, -18.232572285 ], [ -39.941976476, -18.232536848 ], [ -39.941964408, -18.232465475 ], [ -39.941944915, -18.232377042 ], [ -39.941911998, -18.232199054 ], [ -39.941884782, -18.232066013 ], [ -39.941869087, -18.231976893 ], [ -39.941846229, -18.231870667 ], [ -39.941824449, -18.231745868 ], [ -39.94180956, -18.231674983 ], [ -39.941798746, -18.231612572 ], [ -39.941751213, -18.231372829 ], [ -39.941740082, -18.231310469 ], [ -39.941724105, -18.231230578 ], [ -39.941712973, -18.231168218 ], [ -39.941692582, -18.231070736 ], [ -39.941671848, -18.230954934 ], [ -39.941656026, -18.230875015 ], [ -39.941651764, -18.230857405 ], [ -39.941630432, -18.230741702 ], [ -39.941612048, -18.230653053 ], [ -39.941607572, -18.230626280999989 ], [ -39.941588079, -18.230528631 ], [ -39.941572224, -18.230439537 ], [ -39.941554817, -18.23035992 ], [ -39.94154564, -18.23030641 ], [ -39.941519612, -18.230173151 ], [ -39.941498002, -18.230057495 ], [ -39.94147733, -18.229960067 ], [ -39.941468618, -18.229906486 ], [ -39.941454916, -18.229835383 ], [ -39.941444961, -18.229791209 ], [ -39.941436309, -18.229746785 ], [ -39.941423495, -18.229675531 ], [ -39.941408732, -18.229604623 ], [ -39.941405958, -18.229586743 ], [ -39.941400325, -18.229560171 ], [ -39.941393582, -18.229520522 ] ] } },
{ "type": "Feature", "properties": { "Field": "001", "Length": 492.40698416873175 }, "geometry": { "type": "LineString", "coordinates": [ [ -39.942227229921954, -18.233904575642633 ], [ -39.942211659, -18.233833282 ], [ -39.942205854, -18.233797561 ], [ -39.942187947, -18.233699634 ], [ -39.942162957, -18.233575386 ], [ -39.942141125, -18.233459768 ], [ -39.94213518, -18.233424068 ], [ -39.942114409, -18.233326659 ], [ -39.942091359, -18.233202068 ], [ -39.94208221, -18.233157736 ], [ -39.942066083, -18.233068686 ], [ -39.942018744, -18.232828908 ], [ -39.942004669, -18.232748692 ], [ -39.94197026, -18.232580161 ], [ -39.941949877, -18.232464301 ], [ -39.941933292, -18.232393761 ], [ -39.941894583, -18.232180043 ], [ -39.941871988, -18.232073765999989 ], [ -39.941856394, -18.23198463 ], [ -39.941831981, -18.231869485 ], [ -39.941818489, -18.231789177 ], [ -39.941798737, -18.231691575 ], [ -39.941790254, -18.231647121 ], [ -39.941785954, -18.231620322 ], [ -39.941762307, -18.231505031 ], [ -39.941756139, -18.231469366 ], [ -39.941747065, -18.231425019 ], [ -39.941742621, -18.231398241 ], [ -39.941709397, -18.231229493 ], [ -39.941698322, -18.231167123 ], [ -39.941683024, -18.231096318 ], [ -39.941664043, -18.230989398 ], [ -39.941637518, -18.230856229 ], [ -39.941617927, -18.230749409 ], [ -39.94159725, -18.230651982 ], [ -39.941590937, -18.23061634 ], [ -39.941573399, -18.230527534 ], [ -39.941570887, -18.230509619 ], [ -39.941565148, -18.230483068 ], [ -39.941557337, -18.230438502 ], [ -39.941540175, -18.230358837 ], [ -39.941524081, -18.230269782 ], [ -39.9414867, -18.230074196 ], [ -39.941465058, -18.229967738 ], [ -39.941443968, -18.229851994 ], [ -39.941424443, -18.229763568 ], [ -39.941406936, -18.229665576 ], [ -39.941387412, -18.229567931 ], [ -39.941380483, -18.229529197 ] ] } },
{ "type": "Feature", "properties": { "Field": "001", "Length": 492.37798155303676 }, "geometry": { "type": "LineString", "coordinates": [ [ -39.942214148, -18.233912886 ], [ -39.942197485, -18.233832895 ], [ -39.94217498, -18.233708214 ], [ -39.942163492, -18.233655113 ], [ -39.942155584, -18.233610562 ], [ -39.942148334, -18.233575083 ], [ -39.942106479, -18.233352719 ], [ -39.942086198, -18.233255215 ], [ -39.942076636, -18.233201767 ], [ -39.942058981, -18.233112982 ], [ -39.942054854, -18.233086159 ], [ -39.942046131, -18.233041748 ], [ -39.942038306, -18.23300638 ], [ -39.942018425, -18.232899609 ], [ -39.942007698, -18.232846363 ], [ -39.941989853, -18.232748426 ], [ -39.94196974, -18.232650891 ], [ -39.941930891, -18.232446375 ], [ -39.941913802, -18.232366694999985 ], [ -39.941886647, -18.232215268 ], [ -39.941861097, -18.232091124 ], [ -39.941843026, -18.231993225 ], [ -39.941835333, -18.231957831 ], [ -39.941822066, -18.231886652 ], [ -39.941816367, -18.231860093 ], [ -39.941803707, -18.231788814 ], [ -39.94179067, -18.231726791 ], [ -39.941773148, -18.231628801 ], [ -39.941745647, -18.231495813 ], [ -39.941724621, -18.231380059 ], [ -39.941706787, -18.231291307 ], [ -39.94168702, -18.231184517 ], [ -39.941664823, -18.231078164 ], [ -39.941648936, -18.230989075 ], [ -39.941632687, -18.230909235 ], [ -39.94162516, -18.230864624 ], [ -39.941608609, -18.230775646 ], [ -39.941583268, -18.230651462 ], [ -39.941573565, -18.230598037 ], [ -39.941559471, -18.230527004 ], [ -39.941550284, -18.230473495 ], [ -39.941529463, -18.230376096 ], [ -39.941508484, -18.230260334 ], [ -39.941478589, -18.230109379 ], [ -39.94143311, -18.229869273 ], [ -39.941421931, -18.229816112 ], [ -39.941413693, -18.22978083 ], [ -39.941399241, -18.229700675 ], [ -39.941379985, -18.229602982 ], [ -39.941367878065122, -18.229537544351977 ] ] } },
{ "type": "Feature", "properties": { "Field": "001", "Length": 492.3407052191522 }, "geometry": { "type": "LineString", "coordinates": [ [ -39.942201533910122, -18.233920899536937 ], [ -39.942192898, -18.233876407 ], [ -39.942183119, -18.233832197 ], [ -39.942167056, -18.233743137 ], [ -39.942148821, -18.233654459 ], [ -39.942142669, -18.233618791 ], [ -39.942135313, -18.233583332 ], [ -39.942129505, -18.233547611 ], [ -39.942118928, -18.233494338 ], [ -39.942114344, -18.233467582 ], [ -39.942077738, -18.23328105 ], [ -39.942068347, -18.233236763 ], [ -39.94205688, -18.233174458 ], [ -39.942047538, -18.233130162 ], [ -39.942036836, -18.233067733 ], [ -39.942011691, -18.232943513 ], [ -39.941981865, -18.232783358 ], [ -39.941958584, -18.232667998 ], [ -39.941938992, -18.232561179 ], [ -39.941931452, -18.232525755 ], [ -39.941921953, -18.232472296 ], [ -39.941899254, -18.232366039 ], [ -39.941884338, -18.232285962 ], [ -39.941873739, -18.232223517 ], [ -39.941848385, -18.232099336 ], [ -39.941826448, -18.231983736 ], [ -39.941809946, -18.231903943 ], [ -39.941794626, -18.231814764 ], [ -39.9417795, -18.231743925 ], [ -39.941758418, -18.23162818 ], [ -39.941729288, -18.23148628700001 ], [ -39.941718489, -18.231423874 ], [ -39.941693935, -18.231299546 ], [ -39.941681245, -18.231228271 ], [ -39.941648677, -18.231068604 ], [ -39.941629485, -18.230961719 ], [ -39.941619676, -18.230917515 ], [ -39.941593894, -18.230775032 ], [ -39.94157252, -18.230668525 ], [ -39.941566368, -18.230632857 ], [ -39.941560732, -18.230606285 ], [ -39.941556247, -18.230579514 ], [ -39.941542187, -18.230508475 ], [ -39.941534242, -18.230463931 ], [ -39.941518806, -18.230393153 ], [ -39.941506983, -18.230330909 ], [ -39.941492868, -18.230250699 ], [ -39.941443809, -18.230002035 ], [ -39.941424576, -18.229895156 ], [ -39.941398241, -18.229771161 ], [ -39.94138536, -18.229699918 ], [ -39.941355194, -18.229545945 ] ] } },
{ "type": "Feature", "properties": { "Field": "001", "Length": 492.30864707159895 }, "geometry": { "type": "LineString", "coordinates": [ [ -39.942189413990143, -18.233928598951053 ], [ -39.942175113, -18.233857557 ], [ -39.942165253, -18.233813364 ], [ -39.942154204, -18.23375099 ], [ -39.942134389, -18.233653399 ], [ -39.942128875, -18.233617636 ], [ -39.942119292, -18.233573387 ], [ -39.94210668, -18.2335021 ], [ -39.942094231, -18.233439967 ], [ -39.9420845, -18.233395748 ], [ -39.942070393, -18.233315537 ], [ -39.942065271, -18.23328887 ], [ -39.942058936, -18.233262443 ], [ -39.942045918, -18.233191223 ], [ -39.942032975, -18.233129182 ], [ -39.942018474, -18.233049035 ], [ -39.94201089900001, -18.233013618 ], [ -39.941988635, -18.232898076 ], [ -39.941982746, -18.232862367 ], [ -39.941957241, -18.232738214 ], [ -39.941939483, -18.232640263 ], [ -39.941933806, -18.232613699 ], [ -39.941925088, -18.232560119 ], [ -39.941914629, -18.232516051 ], [ -39.9419014, -18.232444867 ], [ -39.941886575, -18.23237397 ], [ -39.94188182100001, -18.232347240999989 ], [ -39.941877462, -18.232329653 ], [ -39.941859159, -18.232222625 ], [ -39.94183736, -18.232116196 ], [ -39.941831383, -18.232080501 ], [ -39.941827009, -18.232062916 ], [ -39.941818036, -18.232018551 ], [ -39.941810007, -18.23197402 ], [ -39.941802725, -18.231938547 ], [ -39.941800125, -18.231920644 ], [ -39.941792294, -18.231885278 ], [ -39.94176887, -18.231760751 ], [ -39.941758117, -18.23170751 ], [ -39.941746828, -18.231645175 ], [ -39.94173926, -18.231609756 ], [ -39.941718882, -18.231503071 ], [ -39.94171303600001, -18.231476541 ], [ -39.941701727, -18.23141421 ], [ -39.941685812, -18.231334308 ], [ -39.941680081, -18.231298576 ], [ -39.941674522, -18.23127199 ], [ -39.941668441, -18.231236311 ], [ -39.941660217, -18.231201026 ], [ -39.94163744, -18.231085575 ], [ -39.941617046, -18.230969717 ], [ -39.941599915, -18.230890046 ], [ -39.941563669, -18.230703449 ], [ -39.941549505, -18.230623247 ], [ -39.941535099, -18.230552272 ], [ -39.941525595, -18.230498814 ], [ -39.94151241, -18.23043682 ], [ -39.94149609, -18.230347802 ], [ -39.941476214, -18.230250223 ], [ -39.941450076, -18.2301078 ], [ -39.941436488, -18.23004588500001 ], [ -39.941418257, -18.229948013 ], [ -39.941413955, -18.229921215 ], [ -39.941406874, -18.229885704 ], [ -39.941400531, -18.229859279 ], [ -39.941379091, -18.229752784 ], [ -39.941361114, -18.229654869 ], [ -39.941353936, -18.229619376 ], [ -39.941349934, -18.229592535 ], [ -39.941342612, -18.229554277 ] ] } },
{ "type": "Feature", "properties": { "Field": "001", "Length": 492.22057369095523 }, "geometry": { "type": "LineString", "coordinates": [ [ -39.942176990980435, -18.233936490907301 ], [ -39.942152655, -18.233821167 ], [ -39.942139643, -18.233749946 ], [ -39.942126491, -18.233687945 ], [ -39.942088474, -18.233483286 ], [ -39.942079633, -18.233438897 ], [ -39.942069814, -18.233394695 ], [ -39.942057329, -18.233323388 ], [ -39.941995857, -18.233012584 ], [ -39.941968056, -18.232861264 ], [ -39.941940946, -18.232728202 ], [ -39.941927865, -18.232656992999985 ], [ -39.941923721, -18.232630171 ], [ -39.941917933, -18.23260363 ], [ -39.941908036, -18.232550237 ], [ -39.941899809, -18.232514953 ], [ -39.941890331, -18.232461491 ], [ -39.941877226, -18.232399481 ], [ -39.941856732, -18.232292816 ], [ -39.94184418, -18.232221519999989 ], [ -39.941831368, -18.232159454 ], [ -39.941816501, -18.232079369 ], [ -39.941798312, -18.231990683 ], [ -39.941783891, -18.231910523 ], [ -39.941760463, -18.23179519 ], [ -39.941730389, -18.231635077 ], [ -39.94170891, -18.23152859 ], [ -39.941706154, -18.231510708 ], [ -39.941700387, -18.231484162 ], [ -39.941690519, -18.231430764 ], [ -39.941669137, -18.231324259 ], [ -39.941654942, -18.231244062 ], [ -39.941645157, -18.231199853 ], [ -39.941635206, -18.23114647 ], [ -39.941624276, -18.231093261 ], [ -39.941605691, -18.230986277 ], [ -39.94159243, -18.230924298 ], [ -39.941562435, -18.230773361 ], [ -39.941543341, -18.23067564 ], [ -39.941525608, -18.230577684 ], [ -39.941497136, -18.23043567 ], [ -39.941481161, -18.230346595 ], [ -39.94146786, -18.230284624 ], [ -39.941435009, -18.230106624 ], [ -39.941418219, -18.230026887 ], [ -39.94139881, -18.229920037 ], [ -39.941362605, -18.229742632 ], [ -39.941340879, -18.229626996 ], [ -39.941329787035158, -18.229562770203572 ] ] } },
{ "type": "Feature", "properties": { "Field": "001", "Length": 492.18032953967929 }, "geometry": { "type": "LineString", "coordinates": [ [ -39.94216358789096, -18.23394500547645 ], [ -39.942137638, -18.233820408 ], [ -39.942121399, -18.233731377 ], [ -39.942096543, -18.233607104 ], [ -39.942085105, -18.233544794 ], [ -39.94207559, -18.233500532 ], [ -39.94206614, -18.233447065 ], [ -39.942060082, -18.233420579 ], [ -39.942046119, -18.233340344 ], [ -39.942040333, -18.233313802 ], [ -39.942022183, -18.233215917 ], [ -39.941989878, -18.233056201 ], [ -39.941947977, -18.232833844 ], [ -39.941935001, -18.23277181 ], [ -39.941927455, -18.232727202 ], [ -39.941916664, -18.232673968 ], [ -39.941896712, -18.232567209 ], [ -39.941884954, -18.232514162 ], [ -39.941878459, -18.23247855 ], [ -39.941870995, -18.232443111 ], [ -39.941849791, -18.232327386 ], [ -39.941842125, -18.232291987 ], [ -39.941837611, -18.23226522 ], [ -39.941821133, -18.232185423 ], [ -39.941813307, -18.23214086 ], [ -39.941806059, -18.23210538 ], [ -39.94180183, -18.232078571 ], [ -39.941783139, -18.231989981 ], [ -39.94177482, -18.231936343 ], [ -39.941768925, -18.231909822 ], [ -39.941751937, -18.231820919 ], [ -39.94173022, -18.231714475 ], [ -39.941717404, -18.231643222 ], [ -39.941697675, -18.231545615 ], [ -39.941693215, -18.23151884 ], [ -39.941687218, -18.231492341 ], [ -39.941675651, -18.231430053 ], [ -39.941658961, -18.231350296 ], [ -39.941641569, -18.231252285 ], [ -39.941627108, -18.231181319 ], [ -39.941619294, -18.231136753 ], [ -39.941613433, -18.231110226 ], [ -39.941600391, -18.23103901 ], [ -39.941590798, -18.230994763 ], [ -39.94155759, -18.230816824 ], [ -39.941537335, -18.230719316 ], [ -39.941509455, -18.230568009 ], [ -39.94148408, -18.230443832 ], [ -39.94146654, -18.230345845 ], [ -39.941454899, -18.230292774 ], [ -39.941442683, -18.230230599 ], [ -39.941425264, -18.230132592 ], [ -39.941417654, -18.230097182 ], [ -39.941390528, -18.229954927 ], [ -39.941376841, -18.229893033 ], [ -39.941366133, -18.229830605 ], [ -39.941355171, -18.229777402 ], [ -39.941316181, -18.229571781 ] ] } },
{ "type": "Feature", "properties": { "Field": "001", "Length": 492.15520031420692 }, "geometry": { "type": "LineString", "coordinates": [ [ -39.942150342917643, -18.233953419597587 ], [ -39.942124873, -18.233828978 ], [ -39.942108694, -18.233739937 ], [ -39.942081765, -18.233606842 ], [ -39.942077465, -18.233580042999982 ], [ -39.942061198, -18.233500206 ], [ -39.942051733, -18.233446742 ], [ -39.942040676, -18.233393557 ], [ -39.942031069, -18.233340116 ], [ -39.942025561, -18.23331352 ], [ -39.942009889, -18.233224396 ], [ -39.941998529, -18.23317127 ], [ -39.941971957, -18.23303811 ], [ -39.941948745, -18.232913547 ], [ -39.941936146, -18.232851442 ], [ -39.941921271, -18.232771358 ], [ -39.941915549, -18.232744803 ], [ -39.941899541, -18.232655734 ], [ -39.941895345, -18.232638109 ], [ -39.941881968, -18.23256695 ], [ -39.941872395, -18.232522699 ], [ -39.941861934, -18.232469404 ], [ -39.94184417, -18.232371454 ], [ -39.941811994, -18.232211714 ], [ -39.94179594300001, -18.232122652 ], [ -39.94176882, -18.231989593 ], [ -39.941763894, -18.231962893 ], [ -39.941759977, -18.231936041 ], [ -39.941751689, -18.231891554 ], [ -39.941731279, -18.231794075 ], [ -39.94171545, -18.231714158 ], [ -39.941701232, -18.231633965 ], [ -39.941686281, -18.231563092 ], [ -39.941671996, -18.23148291 ], [ -39.941639202, -18.231323285 ], [ -39.94162877, -18.231260814 ], [ -39.941612366, -18.231181003 ], [ -39.941603442, -18.231127454 ], [ -39.941565871, -18.230941097 ], [ -39.941551895, -18.230860865 ], [ -39.941532524, -18.230763193 ], [ -39.941521152, -18.23071007 ], [ -39.941495394, -18.230567583 ], [ -39.94148195, -18.23050564 ], [ -39.9414737, -18.230461146 ], [ -39.941461008, -18.230399059 ], [ -39.941453435, -18.230354455 ], [ -39.941436886, -18.230274671 ], [ -39.941424935, -18.23021245 ], [ -39.941415607, -18.230158963 ], [ -39.941404693, -18.230105751999989 ], [ -39.941386408, -18.230007889 ], [ -39.941358958, -18.229874891 ], [ -39.941346438, -18.22980359 ], [ -39.941313251, -18.229634834 ], [ -39.941303307, -18.229580307 ] ] } },
{ "type": "Feature", "properties": { "Field": "001", "Length": 492.15548377287109 }, "geometry": { "type": "LineString", "coordinates": [ [ -39.9421371, -18.233961832 ], [ -39.942112474, -18.233837481999988 ], [ -39.942094634, -18.233739544 ], [ -39.942072341, -18.233633209 ], [ -39.942049317, -18.233508614 ], [ -39.942035093, -18.233437605 ], [ -39.942030642, -18.233410829 ], [ -39.942011158, -18.233313177 ], [ -39.941993318, -18.233215239 ], [ -39.941968483, -18.233090962 ], [ -39.941956985, -18.233037863 ], [ -39.941932929, -18.232904267 ], [ -39.941902634, -18.232753385 ], [ -39.941879734, -18.232628769 ], [ -39.941869957, -18.232584559 ], [ -39.941857769, -18.232522379 ], [ -39.94185189, -18.232486668999986 ], [ -39.941842753, -18.232442334 ], [ -39.941838457, -18.232415534 ], [ -39.941834445, -18.232397871 ], [ -39.941826276, -18.232353364 ], [ -39.941812919, -18.232291403 ], [ -39.941776494, -18.232095653 ], [ -39.941754446, -18.231989271 ], [ -39.941743734, -18.231926844 ], [ -39.941725747, -18.23183812 ], [ -39.941701844, -18.231713677 ], [ -39.941686917, -18.231642799 ], [ -39.941655617, -18.231473715 ], [ -39.941628452, -18.231340664 ], [ -39.941615901, -18.231269367 ], [ -39.941599325, -18.231189589 ], [ -39.94158688, -18.231118275 ], [ -39.941520018, -18.230771658999984 ], [ -39.941497723, -18.230665324 ], [ -39.941482132, -18.230576188 ], [ -39.941444787, -18.230389789 ], [ -39.941430261, -18.230309647 ], [ -39.941410569, -18.230212034 ], [ -39.94137197, -18.230007474 ], [ -39.941337835, -18.229838892 ], [ -39.941318122, -18.229732092 ], [ -39.94130049, -18.229643304 ], [ -39.941291007, -18.229588453 ] ] } },
{ "type": "Feature", "properties": { "Field": "001", "Length": 492.16436765257697 }, "geometry": { "type": "LineString", "coordinates": [ [ -39.942123747, -18.233970315 ], [ -39.942117811, -18.233934697 ], [ -39.942099785, -18.233845981 ], [ -39.942080129, -18.233739172 ], [ -39.942059926, -18.233641654 ], [ -39.942034948, -18.233508212 ], [ -39.942020705, -18.233437206 ], [ -39.942011173, -18.233383753 ], [ -39.942003729, -18.23334831 ], [ -39.941985513, -18.233250436 ], [ -39.941971173, -18.233179448 ], [ -39.941963503, -18.23313486 ], [ -39.941944315, -18.233046366 ], [ -39.941937345, -18.233010836 ], [ -39.941923706, -18.232930551 ], [ -39.94188474, -18.232735248 ], [ -39.94187242000001, -18.232663914 ], [ -39.941848508, -18.232548672 ], [ -39.941837584, -18.232486278 ], [ -39.941819675, -18.23239754 ], [ -39.941810166, -18.232344083 ], [ -39.941793778, -18.232264269 ], [ -39.941759997, -18.232086429 ], [ -39.941739629, -18.231988942 ], [ -39.941729001, -18.231926502 ], [ -39.941709439, -18.231828864 ], [ -39.941698291, -18.231766507 ], [ -39.941687431, -18.231713285 ], [ -39.941682932, -18.231686516 ], [ -39.941665709, -18.231606863 ], [ -39.941653555, -18.231535503 ], [ -39.941646055, -18.231500071 ], [ -39.94162749, -18.231402256 ], [ -39.941616201, -18.231349117 ], [ -39.941603452, -18.231277852 ], [ -39.941585125, -18.231189192 ], [ -39.941572427, -18.231117919 ], [ -39.941563133, -18.231073614 ], [ -39.941534604, -18.230922417 ], [ -39.941528748, -18.230895889 ], [ -39.941514961, -18.230824801 ], [ -39.941509105, -18.230789088 ], [ -39.941485016, -18.23067388 ], [ -39.941475462, -18.23062043 ], [ -39.941461173, -18.230549432 ], [ -39.941453659, -18.23050482 ], [ -39.941420154, -18.230336122 ], [ -39.94141555, -18.230309369 ], [ -39.941374038, -18.230096132 ], [ -39.941362856, -18.23003378 ], [ -39.941350217, -18.229971682 ], [ -39.941343859, -18.229936047 ], [ -39.941321405, -18.229829743 ], [ -39.94130212, -18.229722873 ], [ -39.941287397, -18.229651956 ], [ -39.941278343012343, -18.229596839075107 ] ] } },
{ "type": "Feature", "properties": { "Field": "001", "Length": 492.09279985896188 }, "geometry": { "type": "LineString", "coordinates": [ [ -39.942111245943501, -18.233978256683912 ], [ -39.942101677, -18.233924733 ], [ -39.942088651, -18.233862709 ], [ -39.942070571, -18.233764811 ], [ -39.942057483, -18.233702798 ], [ -39.942051768, -18.233667064 ], [ -39.942029676, -18.233560691 ], [ -39.942022667, -18.233516003 ], [ -39.942006525, -18.233436144 ], [ -39.941981367, -18.233302732 ], [ -39.941965204, -18.233222876 ], [ -39.941945284, -18.233116112 ], [ -39.94193736, -18.233080765 ], [ -39.941923065, -18.233009769 ], [ -39.941907335, -18.232920654 ], [ -39.941872172, -18.232743059 ], [ -39.941864054, -18.232698543 ], [ -39.941842283, -18.232592109 ], [ -39.941824851, -18.232494104 ], [ -39.941811782, -18.232432088 ], [ -39.941791889, -18.232325319 ], [ -39.941770618, -18.232218793 ], [ -39.941754368, -18.232129764 ], [ -39.941725216, -18.231987876 ], [ -39.941716958, -18.231943384 ], [ -39.941712764, -18.23191657 ], [ -39.941694491, -18.231827899 ], [ -39.941675008, -18.231721062 ], [ -39.941653515, -18.231614576 ], [ -39.941637025, -18.231525586999989 ], [ -39.941629436, -18.231490173 ], [ -39.941621746, -18.231445588 ], [ -39.94161539600001, -18.231419164 ], [ -39.94159933, -18.23133929 ], [ -39.941592155, -18.231294627 ], [ -39.941585219, -18.23125909 ], [ -39.941579045, -18.231232628 ], [ -39.941559522, -18.231125797 ], [ -39.941538197, -18.231019281 ], [ -39.941533548, -18.230992535 ], [ -39.941529532, -18.230974873 ], [ -39.941518258, -18.230912536 ], [ -39.941505156, -18.230850526 ], [ -39.941490814, -18.230770353 ], [ -39.941472336, -18.230681721 ], [ -39.941459596, -18.230610455 ], [ -39.941448165, -18.230557343 ], [ -39.941423363, -18.230423871 ], [ -39.941412222, -18.230370702 ], [ -39.941401359, -18.230308299 ], [ -39.941367717, -18.230139626 ], [ -39.941351798, -18.230050542 ], [ -39.941342404, -18.230006256 ], [ -39.941325984, -18.229917256 ], [ -39.941314632, -18.229864128 ], [ -39.94130493, -18.229810702 ], [ -39.941278234, -18.229677565 ], [ -39.941265142074428, -18.229605581409263 ] ] } },
{ "type": "Feature", "properties": { "Field": "001", "Length": 492.06903541302489 }, "geometry": { "type": "LineString", "coordinates": [ [ -39.942098340966005, -18.233986454809738 ], [ -39.942087098, -18.233923535 ], [ -39.942061821, -18.233799339 ], [ -39.942055789, -18.233763652 ], [ -39.942040765, -18.233692794 ], [ -39.942028098, -18.233621516 ], [ -39.942013455, -18.233550584 ], [ -39.942002532, -18.23348819 ], [ -39.941991784, -18.233434948 ], [ -39.941983918, -18.233390391 ], [ -39.941956821, -18.233257327 ], [ -39.941939368, -18.233159325 ], [ -39.941925339, -18.23308828 ], [ -39.941909994, -18.233017484 ], [ -39.941897945, -18.232946109 ], [ -39.941888538, -18.232901824999985 ], [ -39.941870706, -18.232803886 ], [ -39.941855757, -18.232733013 ], [ -39.941847626, -18.232688499 ], [ -39.941820649, -18.232555413 ], [ -39.941809646, -18.232493032 ], [ -39.941787854, -18.232386602 ], [ -39.94177532, -18.232315302 ], [ -39.941754058, -18.232208774999989 ], [ -39.941745063, -18.232155237 ], [ -39.94171878, -18.232031232 ], [ -39.941712863, -18.231995528 ], [ -39.94169794, -18.231915452 ], [ -39.941688425, -18.231871189 ], [ -39.941658415, -18.231711065 ], [ -39.941647375, -18.231657878 ], [ -39.941627378, -18.231551126 ], [ -39.941614518, -18.23148907 ], [ -39.941606671, -18.23144451 ], [ -39.941598896, -18.231409133 ], [ -39.94158486, -18.231338089 ], [ -39.941572422, -18.231266774 ], [ -39.941564249, -18.231231479 ], [ -39.941553646, -18.23117821 ], [ -39.941541324, -18.231106877 ], [ -39.941527787, -18.231035745 ], [ -39.941514866, -18.2309737 ], [ -39.941503435, -18.230911389 ], [ -39.941485712, -18.230822617 ], [ -39.941476083, -18.230769179 ], [ -39.941459364, -18.230689428 ], [ -39.941445094, -18.230609244 ], [ -39.941439306, -18.230582702 ], [ -39.941429455, -18.230529301 ], [ -39.941419975, -18.230485032 ], [ -39.941403757, -18.230395998 ], [ -39.941397574, -18.230369537 ], [ -39.94138501, -18.230298242 ], [ -39.941377369, -18.230262838 ], [ -39.941369322, -18.230218311 ], [ -39.941352725, -18.230138536 ], [ -39.941338667, -18.230058317 ], [ -39.941327449, -18.230005164 ], [ -39.941307723, -18.229898367 ], [ -39.941274029, -18.229729703 ], [ -39.941252085047417, -18.229614049249882 ] ] } },
{ "type": "Feature", "properties": { "Field": "001", "Length": 492.03661524005844 }, "geometry": { "type": "LineString", "coordinates": [ [ -39.942085242, -18.233994776 ], [ -39.942070883, -18.233914064 ], [ -39.942063132, -18.233878681 ], [ -39.942048031, -18.233798636 ], [ -39.942028252, -18.233701039 ], [ -39.942012231, -18.233611972 ], [ -39.941997487, -18.233541059 ], [ -39.941991395, -18.233505382 ], [ -39.941973915, -18.233416566 ], [ -39.941965928, -18.233372028 ], [ -39.941940427, -18.233247875 ], [ -39.941924837, -18.233158738 ], [ -39.941907286, -18.233069935 ], [ -39.941897759, -18.233025675 ], [ -39.94188527, -18.232954368 ], [ -39.941872244, -18.232892343 ], [ -39.941858018, -18.232812151 ], [ -39.941814756, -18.232599232 ], [ -39.941798895, -18.232510139 ], [ -39.941773496, -18.232385966 ], [ -39.94175756300001, -18.232296885 ], [ -39.941741634, -18.232216986 ], [ -39.941734037, -18.232172386 ], [ -39.941707729, -18.232048386 ], [ -39.941683752, -18.231914777 ], [ -39.941670727, -18.231852752 ], [ -39.941649107000011, -18.231737098 ], [ -39.94163302, -18.231657228 ], [ -39.941616194, -18.231568296 ], [ -39.941599918, -18.231488462 ], [ -39.941590453, -18.231434997 ], [ -39.941572579, -18.231346253 ], [ -39.941558413, -18.231266051 ], [ -39.941539335, -18.231177536 ], [ -39.941518756, -18.231061708 ], [ -39.94150565, -18.230999699 ], [ -39.941489197, -18.230910704 ], [ -39.941471424, -18.230821941 ], [ -39.941465336, -18.230786263 ], [ -39.941440062, -18.230662067 ], [ -39.941416931, -18.23053749 ], [ -39.941403949, -18.230475458 ], [ -39.941375561, -18.230324237 ], [ -39.941361127, -18.230253266 ], [ -39.94135672, -18.230226483 ], [ -39.941338515, -18.2301378 ], [ -39.941327409, -18.230075436 ], [ -39.941314479, -18.230013393 ], [ -39.941296733, -18.229915439 ], [ -39.941238867, -18.229622586 ] ] } },
{ "type": "Feature", "properties": { "Field": "001", "Length": 492.03113530041702 }, "geometry": { "type": "LineString", "coordinates": [ [ -39.942072930991706, -18.234002596961581 ], [ -39.942069059, -18.233984651 ], [ -39.942063288, -18.233948925 ], [ -39.942055, -18.233904438 ], [ -39.942038232, -18.233824696 ], [ -39.942030075, -18.233780187 ], [ -39.942015703, -18.233709204 ], [ -39.942001229, -18.233629053 ], [ -39.941982737, -18.233540424 ], [ -39.941976874, -18.233504712 ], [ -39.941959714, -18.233415839 ], [ -39.941942248, -18.23332702 ], [ -39.941937955, -18.233309417 ], [ -39.941908397, -18.233149216 ], [ -39.94189461, -18.233078128 ], [ -39.941883296, -18.233024993 ], [ -39.941877469, -18.232989275 ], [ -39.94185932, -18.232900582 ], [ -39.941845055, -18.232820396 ], [ -39.941833678, -18.232767273 ], [ -39.941825383, -18.232722788 ], [ -39.941814276, -18.232669613 ], [ -39.941806433, -18.232625052 ], [ -39.94179397700001, -18.23256292 ], [ -39.94178463, -18.232509437 ], [ -39.94176393, -18.232412015 ], [ -39.94172134, -18.232180596 ], [ -39.941689862, -18.232029935 ], [ -39.941674235, -18.231940804 ], [ -39.941647439, -18.231807684 ], [ -39.941627819, -18.231700869 ], [ -39.941595882, -18.231541086 ], [ -39.94157973, -18.231452041 ], [ -39.941565092, -18.231381108 ], [ -39.941551063, -18.231300885 ], [ -39.941524007, -18.231167813 ], [ -39.941504629, -18.231060958 ], [ -39.941490816, -18.230999089 ], [ -39.941454293, -18.230803355 ], [ -39.941441289, -18.230741327 ], [ -39.941404185, -18.230545693 ], [ -39.941391076, -18.230483684 ], [ -39.941379949, -18.230421323 ], [ -39.941348342, -18.23026148 ], [ -39.941332188, -18.230172435 ], [ -39.941315484, -18.23009268 ], [ -39.941305908, -18.230039234 ], [ -39.941291592, -18.229968242 ], [ -39.94128577, -18.229932523 ], [ -39.941274776, -18.229879327 ], [ -39.94126152, -18.229808146 ], [ -39.94124647, -18.229737293 ], [ -39.941226645049476, -18.229630479266564 ] ] } },
{ "type": "Feature", "properties": { "Field": "001", "Length": 492.00210175135607 }, "geometry": { "type": "LineString", "coordinates": [ [ -39.942060437, -18.234010305 ], [ -39.942047092, -18.23393888 ], [ -39.942017156, -18.233787933 ], [ -39.942005799, -18.233734806 ], [ -39.941996102, -18.23368138 ], [ -39.941988756, -18.233645918 ], [ -39.941984379, -18.233619131 ], [ -39.941973068, -18.233565995 ], [ -39.941963563, -18.233512538 ], [ -39.941933815, -18.233361556 ], [ -39.941926189, -18.233316961 ], [ -39.941920152, -18.23329047 ], [ -39.941910419, -18.233237049 ], [ -39.941904625, -18.233210509 ], [ -39.941900202, -18.233183728 ], [ -39.941887575, -18.233121628 ], [ -39.941877983, -18.233068185 ], [ -39.941868788, -18.233023861 ], [ -39.941860984, -18.232979294 ], [ -39.941848128, -18.232917237 ], [ -39.941831794, -18.232828222 ], [ -39.941818665, -18.232766217 ], [ -39.941810576, -18.232721697 ], [ -39.941796194, -18.232650716 ], [ -39.941785543, -18.232588279 ], [ -39.941742181, -18.232375378 ], [ -39.941733685, -18.232330927 ], [ -39.941723282, -18.232268452 ], [ -39.941714885, -18.232223983 ], [ -39.941703356, -18.232170889999988 ], [ -39.941698564, -18.232144168 ], [ -39.941689271, -18.232099862 ], [ -39.941678019, -18.232037522 ], [ -39.941665369, -18.231975426 ], [ -39.941654385, -18.231913042 ], [ -39.941639656, -18.231842126 ], [ -39.941617719, -18.231726527 ], [ -39.941611784, -18.231690825 ], [ -39.941579185, -18.231531164 ], [ -39.941534442, -18.231290931 ], [ -39.94150941, -18.231166691 ], [ -39.941494764, -18.231086568 ], [ -39.941476315, -18.230997931 ], [ -39.941456701, -18.230891115 ], [ -39.941449145, -18.230855694 ], [ -39.941442887, -18.230820043 ], [ -39.941424557, -18.230731383 ], [ -39.941410131, -18.230651224 ], [ -39.941399146, -18.230598026 ], [ -39.941387609, -18.230535733 ], [ -39.941379763, -18.23050037 ], [ -39.941363323, -18.230411372 ], [ -39.941347006, -18.230331545 ], [ -39.941327493, -18.230224712 ], [ -39.941309113, -18.230136062 ], [ -39.94128782, -18.230020353 ], [ -39.941276832, -18.229967155 ], [ -39.94126399, -18.229895905 ], [ -39.941248197, -18.229815982 ], [ -39.941233216, -18.229745115 ], [ -39.94121435810456, -18.229638414591594 ] ] } },
{ "type": "Feature", "properties": { "Field": "001", "Length": 492.0124626720613 }, "geometry": { "type": "LineString", "coordinates": [ [ -39.942047145, -18.234018202 ], [ -39.942015207, -18.233848833 ], [ -39.941989498, -18.233724719 ], [ -39.941979873, -18.233671281 ], [ -39.941955113, -18.23354699 ], [ -39.941947212, -18.233502439 ], [ -39.941939694, -18.233467011 ], [ -39.9419335, -18.233431349 ], [ -39.941918982, -18.233360394 ], [ -39.941911338, -18.233315802 ], [ -39.941872908, -18.233120402 ], [ -39.941834263, -18.23291585 ], [ -39.941826966, -18.23288038 ], [ -39.941820719, -18.232844727 ], [ -39.941813038, -18.23280933 ], [ -39.941790285, -18.232693875 ], [ -39.941781731, -18.232649434 ], [ -39.941771007, -18.232587008 ], [ -39.941745262, -18.2324629 ], [ -39.941737241, -18.232418368 ], [ -39.941722661, -18.232347425 ], [ -39.941707303, -18.232258252 ], [ -39.9416904, -18.232178536 ], [ -39.941682742, -18.232133946 ], [ -39.941671845, -18.232080731 ], [ -39.941658449, -18.232009575 ], [ -39.941650762, -18.23197418 ], [ -39.941639219, -18.231911886999988 ], [ -39.941625005, -18.231840876 ], [ -39.941615682, -18.231787389 ], [ -39.941603305, -18.231725243 ], [ -39.941594186, -18.231671724 ], [ -39.941587905, -18.231645285 ], [ -39.941566199, -18.231538839 ], [ -39.941521159, -18.231298657 ], [ -39.941493049, -18.231156577 ], [ -39.941481927, -18.231094215 ], [ -39.941475825, -18.231067738 ], [ -39.941441305, -18.230890027 ], [ -39.941427073, -18.230809836 ], [ -39.941411738, -18.230739038 ], [ -39.941390306, -18.230623352 ], [ -39.941334135, -18.230339182 ], [ -39.941319997, -18.230258976999988 ], [ -39.941311273, -18.230214566 ], [ -39.94129594, -18.230143767 ], [ -39.941247789, -18.229885756 ], [ -39.941231709, -18.229805884 ], [ -39.941222044, -18.229761652 ], [ -39.941213912, -18.229717139 ], [ -39.941202756, -18.229645908 ] ] } },
{ "type": "Feature", "properties": { "Field": "001", "Length": 491.98906553674345 }, "geometry": { "type": "LineString", "coordinates": [ [ -39.942033323, -18.234026414 ], [ -39.942027834, -18.233990651 ], [ -39.942014553, -18.233919475 ], [ -39.941994802, -18.233821872 ], [ -39.941988565, -18.233786218 ], [ -39.941982742, -18.233759682999988 ], [ -39.941965609, -18.233670805 ], [ -39.941957587, -18.233635478 ], [ -39.941940889, -18.233546524 ], [ -39.94192855, -18.233475194 ], [ -39.941904901, -18.233359903 ], [ -39.941895666, -18.233306402 ], [ -39.941863906, -18.233146586 ], [ -39.941839273, -18.233013086 ], [ -39.941826213, -18.232951068 ], [ -39.941810052, -18.232862024 ], [ -39.941796924, -18.232800019 ], [ -39.941781237, -18.232720076 ], [ -39.941758631, -18.232595412 ], [ -39.941733543, -18.232471181 ], [ -39.941725558, -18.232426644 ], [ -39.941710469, -18.232355797 ], [ -39.941693801, -18.232266839 ], [ -39.94167266, -18.232160289 ], [ -39.941666872, -18.232124566 ], [ -39.941653512, -18.232053403 ], [ -39.941649314, -18.232035779 ], [ -39.941619353, -18.231884836 ], [ -39.941603137, -18.231795801 ], [ -39.94157823, -18.231671538 ], [ -39.941568663, -18.23161809 ], [ -39.941545059, -18.23150279 ], [ -39.94152073, -18.231369239 ], [ -39.941511468, -18.231324928 ], [ -39.941503633, -18.231280366 ], [ -39.941477056, -18.231147206 ], [ -39.941469132, -18.231102659 ], [ -39.941441951, -18.23096961 ], [ -39.94143594, -18.23093392 ], [ -39.941395816, -18.230729629 ], [ -39.941382757, -18.230658415 ], [ -39.941359642, -18.230543025 ], [ -39.94135011, -18.230489572 ], [ -39.941328219, -18.230383161 ], [ -39.941305612, -18.230258496 ], [ -39.941290553, -18.230187644 ], [ -39.941276646, -18.230116578 ], [ -39.941264148, -18.230045272 ], [ -39.941249546, -18.229974333 ], [ -39.941242127, -18.229929706 ], [ -39.941232011, -18.229876351 ], [ -39.941201591, -18.229725492 ], [ -39.941190007, -18.229654142 ] ] } },
{ "type": "Feature", "properties": { "Field": "001", "Length": 491.89370763426439 }, "geometry": { "type": "LineString", "coordinates": [ [ -39.94202035493997, -18.234034118631865 ], [ -39.942012956, -18.233988751 ], [ -39.942003054, -18.233935359 ], [ -39.941983304, -18.233837756 ], [ -39.941972183, -18.233775394 ], [ -39.941952603, -18.23367776 ], [ -39.941939326, -18.233615784 ], [ -39.941931674, -18.233571193 ], [ -39.941913311, -18.233473344 ], [ -39.941897129, -18.233393491 ], [ -39.941886003, -18.23333113 ], [ -39.941869616, -18.233251315 ], [ -39.941858516000011, -18.23318895 ], [ -39.941843776, -18.233118037 ], [ -39.941826165, -18.233020061 ], [ -39.941814892, -18.232966918 ], [ -39.941795119, -18.232860129 ], [ -39.941785597, -18.232815868 ], [ -39.941777363, -18.232771371 ], [ -39.941766243, -18.232718199 ], [ -39.941745873, -18.232602338 ], [ -39.941727499, -18.232513686 ], [ -39.941712856, -18.232433563 ], [ -39.941692337, -18.232336105 ], [ -39.941685778, -18.232300504 ], [ -39.941667599, -18.232211816 ], [ -39.94164403, -18.23207814 ], [ -39.941638056, -18.232051636 ], [ -39.941604589, -18.231882931 ], [ -39.941589743, -18.231802842 ], [ -39.941566078, -18.231687554 ], [ -39.941553447, -18.23161627 ], [ -39.941532091, -18.23150976 ], [ -39.941511042, -18.231394009 ], [ -39.941498154, -18.231331958 ], [ -39.941493583, -18.231305201 ], [ -39.941447257, -18.231065242 ], [ -39.941441015, -18.231038795 ], [ -39.941432256, -18.23099439 ], [ -39.941405632, -18.230852049 ], [ -39.941392868, -18.230789974 ], [ -39.941375139, -18.230692018 ], [ -39.941345591, -18.230550205 ], [ -39.941334235, -18.230487881 ], [ -39.941318132, -18.230408014 ], [ -39.941294141, -18.230274407 ], [ -39.941274064, -18.230176865 ], [ -39.941262342, -18.230114604 ], [ -39.941256564, -18.230078878 ], [ -39.941233238, -18.229963527 ], [ -39.941215575, -18.22986556 ], [ -39.941193396, -18.229759203 ], [ -39.941179869, -18.229678901 ], [ -39.941176565, -18.229662823 ] ] } },
{ "type": "Feature", "properties": { "Field": "001", "Length": 491.77625756303081 }, "geometry": { "type": "LineString", "coordinates": [ [ -39.942007903995957, -18.23404151598038 ], [ -39.942004162, -18.234023349 ], [ -39.941996843, -18.233978707 ], [ -39.94197222, -18.233854392 ], [ -39.94195569, -18.23376541 ], [ -39.941940419, -18.233694599 ], [ -39.941931328, -18.233641076 ], [ -39.941916582, -18.233570164 ], [ -39.941895089, -18.233454488 ], [ -39.941882408, -18.233392398 ], [ -39.941872997, -18.233338925 ], [ -39.941856654, -18.233259103 ], [ -39.94184381, -18.233187853 ], [ -39.941834121, -18.233143626 ], [ -39.941827251, -18.233108077 ], [ -39.941778555, -18.232850159 ], [ -39.941765455, -18.232788149 ], [ -39.941751524, -18.232717086 ], [ -39.94173214, -18.232610232 ], [ -39.94171176, -18.232512748 ], [ -39.941702588, -18.232459237 ], [ -39.941691154, -18.232406125 ], [ -39.94167969, -18.23234382 ], [ -39.941666961, -18.232281739 ], [ -39.941628574, -18.232077143 ], [ -39.941605322, -18.231961778 ], [ -39.941578146, -18.231819532 ], [ -39.941567306, -18.231766307 ], [ -39.941559458, -18.231721747 ], [ -39.941541204, -18.231633073 ], [ -39.941530087, -18.23157071 ], [ -39.941517364, -18.231508628 ], [ -39.941502352, -18.231428567 ], [ -39.941492854, -18.231384302 ], [ -39.941480277, -18.231313009 ], [ -39.941464344, -18.231233111 ], [ -39.941453223, -18.231170749 ], [ -39.941442098, -18.231117577 ], [ -39.94143422, -18.231073022 ], [ -39.941408571, -18.230948896 ], [ -39.941389078, -18.23084206 ], [ -39.941356716, -18.230673159 ], [ -39.941329376, -18.23054014 ], [ -39.941317594, -18.230477889 ], [ -39.941310326, -18.230433239 ], [ -39.941262886, -18.23019348 ], [ -39.941236541, -18.230051091 ], [ -39.941206217, -18.229900214 ], [ -39.941200143, -18.229864534 ], [ -39.941182072, -18.229775826 ], [ -39.941163341023973, -18.229671363133704 ] ] } },
{ "type": "Feature", "properties": { "Field": "001", "Length": 491.69103675283594 }, "geometry": { "type": "LineString", "coordinates": [ [ -39.941994763952827, -18.234049322734588 ], [ -39.9419805, -18.23396907 ], [ -39.941969591, -18.233915857 ], [ -39.941963719, -18.233880146 ], [ -39.941939331, -18.233755788 ], [ -39.941924361, -18.233684919 ], [ -39.94191846, -18.233649212 ], [ -39.941905483, -18.233587178 ], [ -39.94189094, -18.233507039 ], [ -39.941869676, -18.233400511 ], [ -39.941858089, -18.233338227 ], [ -39.941850515, -18.233302809 ], [ -39.941830776, -18.233196014 ], [ -39.941821087, -18.233151787 ], [ -39.941807986, -18.23308058 ], [ -39.941790288, -18.232991803 ], [ -39.941775856, -18.232911645 ], [ -39.94172843, -18.232671883 ], [ -39.941719075, -18.232618401 ], [ -39.941705556, -18.232556473 ], [ -39.941693298, -18.232494306 ], [ -39.941682502, -18.232431892 ], [ -39.941669445, -18.232369873 ], [ -39.941661518, -18.232325326 ], [ -39.941650561, -18.232272122 ], [ -39.941644699, -18.23223641 ], [ -39.941622524, -18.232120851 ], [ -39.941618409, -18.232103209 ], [ -39.941606867, -18.232040917 ], [ -39.941558022, -18.231792214 ], [ -39.941546999, -18.231729836 ], [ -39.941526521, -18.231632371 ], [ -39.941520395, -18.231596699 ], [ -39.941504439, -18.231516805 ], [ -39.941498062, -18.231481173 ], [ -39.94147815, -18.2313836 ], [ -39.941471605, -18.231347996 ], [ -39.94146923, -18.231330064 ], [ -39.94145432, -18.231259184 ], [ -39.941442922, -18.231196867 ], [ -39.941440433, -18.23117895 ], [ -39.94142956, -18.23112573 ], [ -39.941421681, -18.231081176 ], [ -39.941413576, -18.231045866 ], [ -39.941394044, -18.230948223 ], [ -39.941371302, -18.230823581 ], [ -39.941363893, -18.230788132 ], [ -39.941342175, -18.230672494 ], [ -39.941318653, -18.230557179 ], [ -39.941288878, -18.230397015 ], [ -39.941263911, -18.230272762 ], [ -39.9412315, -18.23010387 ], [ -39.941223649, -18.23005931 ], [ -39.94119463, -18.229917397 ], [ -39.941185195, -18.229863928 ], [ -39.941167354, -18.229775177 ], [ -39.941149830000327, -18.229680089001764 ] ] } },
{ "type": "Feature", "properties": { "Field": "001", "Length": 491.55029323304092 }, "geometry": { "type": "LineString", "coordinates": [ [ -39.941982230964086, -18.234056768824569 ], [ -39.941974934, -18.234021124 ], [ -39.941965474, -18.233967659 ], [ -39.941954641, -18.233914432 ], [ -39.941948484, -18.233878765 ], [ -39.941940842, -18.233843361 ], [ -39.941931438, -18.233789887 ], [ -39.941916673, -18.233718979 ], [ -39.941903924, -18.233647714 ], [ -39.941890615, -18.233585744 ], [ -39.941876043, -18.233505609 ], [ -39.941853093, -18.233390189 ], [ -39.941846899, -18.233354528 ], [ -39.941830658, -18.233274686 ], [ -39.941819547, -18.233212322 ], [ -39.941783898, -18.233034815 ], [ -39.94176287, -18.232919061 ], [ -39.941744793, -18.232830354 ], [ -39.941733644, -18.232767996 ], [ -39.94172967, -18.232750325 ], [ -39.941702081, -18.232608152 ], [ -39.941692664, -18.23256387 ], [ -39.941679825, -18.23249262 ], [ -39.941674027, -18.232466081 ], [ -39.941664029, -18.232412705 ], [ -39.941652865, -18.232359541 ], [ -39.941645112, -18.232314966 ], [ -39.941622547, -18.232199476 ], [ -39.941614831, -18.232154895 ], [ -39.941600386, -18.232083927 ], [ -39.941587055, -18.232012759 ], [ -39.94158118, -18.231986235 ], [ -39.941571571, -18.231932794 ], [ -39.94154171, -18.231781833 ], [ -39.9415306, -18.231719469 ], [ -39.941519001, -18.23166639 ], [ -39.94148346, -18.23147967 ], [ -39.941460145, -18.231364317 ], [ -39.941452205, -18.231319771 ], [ -39.941442854, -18.231275477 ], [ -39.941427273, -18.231186339 ], [ -39.941417733, -18.231142081 ], [ -39.941406237, -18.231079781 ], [ -39.941393083, -18.231017781 ], [ -39.941366782, -18.230875385 ], [ -39.941325386, -18.230662127 ], [ -39.941312668, -18.230600045 ], [ -39.941275802, -18.230404368999984 ], [ -39.94126642, -18.230360081 ], [ -39.941199742, -18.230013433 ], [ -39.941176175, -18.229898126 ], [ -39.941163407, -18.229826865 ], [ -39.941136114043651, -18.229688947220559 ] ] } },
{ "type": "Feature", "properties": { "Field": "001", "Length": 491.44956668343383 }, "geometry": { "type": "LineString", "coordinates": [ [ -39.941969982923879, -18.234064045619746 ], [ -39.941945076, -18.233939622 ], [ -39.941935302, -18.233886208 ], [ -39.941925896, -18.233841925 ], [ -39.94191306, -18.233770674 ], [ -39.94190025, -18.233708609 ], [ -39.941889291, -18.23364622 ], [ -39.941875926, -18.233584262 ], [ -39.941857628, -18.233486401 ], [ -39.941811008, -18.233246494 ], [ -39.941801838, -18.233192983 ], [ -39.941769352, -18.233033301 ], [ -39.941749747, -18.232926484 ], [ -39.941730082, -18.232828865 ], [ -39.941715691, -18.2327487 ], [ -39.94169994, -18.232668769 ], [ -39.941691949, -18.232633436 ], [ -39.941663411, -18.232482241 ], [ -39.941643646, -18.232384641 ], [ -39.941622297, -18.232268941 ], [ -39.941606135, -18.232189085 ], [ -39.941602001, -18.232162262 ], [ -39.941595386, -18.23212667 ], [ -39.941585716, -18.232082438 ], [ -39.941572446, -18.23201126 ], [ -39.94156846, -18.231993592 ], [ -39.941559356, -18.23194007 ], [ -39.941544261, -18.231869225 ], [ -39.941524666, -18.231762406 ], [ -39.941504507, -18.23166488 ], [ -39.94145028, -18.231380366 ], [ -39.941435596, -18.231309442 ], [ -39.941420952, -18.231229319 ], [ -39.941401278, -18.231131703 ], [ -39.94139679, -18.231104932 ], [ -39.941371478, -18.230980743 ], [ -39.941368688, -18.230962866 ], [ -39.94133501, -18.230785008 ], [ -39.941318461, -18.230705224 ], [ -39.941303372, -18.230625177 ], [ -39.941297465, -18.230598659 ], [ -39.941273277, -18.230465084 ], [ -39.941251296, -18.23035869 ], [ -39.941236888, -18.230278528 ], [ -39.941210463, -18.23014534 ], [ -39.941200892, -18.230091893 ], [ -39.941194363, -18.230065509 ], [ -39.94117963, -18.229985401 ], [ -39.941161342, -18.229896733 ], [ -39.941150322, -18.229834355 ], [ -39.941135021, -18.229754344 ], [ -39.941123123048705, -18.229697337233379 ] ] } },
{ "type": "Feature", "properties": { "Field": "001", "Length": 491.40131485123493 }, "geometry": { "type": "LineString", "coordinates": [ [ -39.941957245977633, -18.23407161288193 ], [ -39.941952181, -18.234044873 ], [ -39.94194249600001, -18.234000644 ], [ -39.941896456, -18.233760635 ], [ -39.941888863, -18.233725222 ], [ -39.941876231, -18.233653938 ], [ -39.941855836, -18.233556457 ], [ -39.941852994, -18.233538587 ], [ -39.941843738, -18.233494275 ], [ -39.941834005, -18.233440855 ], [ -39.941818201, -18.233360933 ], [ -39.941807297, -18.233298536 ], [ -39.941798327, -18.23325417 ], [ -39.94178752, -18.233191757 ], [ -39.941781083, -18.233165352 ], [ -39.941771432, -18.233111918 ], [ -39.941754998, -18.233032113 ], [ -39.941736933, -18.232934212 ], [ -39.941729291, -18.232898809 ], [ -39.941715625, -18.232827699 ], [ -39.941709716, -18.232791994 ], [ -39.941688041, -18.232685542 ], [ -39.941650599, -18.232489967 ], [ -39.941642955, -18.232454563 ], [ -39.941629169, -18.232383474999988 ], [ -39.941619763, -18.232330001 ], [ -39.941612224, -18.232294577 ], [ -39.941607782, -18.232267799 ], [ -39.941590823, -18.232188095 ], [ -39.941579024, -18.232116681 ], [ -39.941571025, -18.232081349 ], [ -39.941554848, -18.231992307 ], [ -39.941550713, -18.23197467 ], [ -39.94152601, -18.231850369 ], [ -39.941513316, -18.231779095 ], [ -39.941486046, -18.231646064 ], [ -39.941466298, -18.23153927 ], [ -39.941457407, -18.23149489 ], [ -39.941451334, -18.231459209 ], [ -39.941438201, -18.231397205 ], [ -39.941430403, -18.231352637 ], [ -39.941415833, -18.231281692 ], [ -39.94140108, -18.231201587 ], [ -39.941395256, -18.231175053 ], [ -39.941368067, -18.231032809 ], [ -39.941360216, -18.230997447 ], [ -39.941308291, -18.230721719 ], [ -39.94128106, -18.23058868 ], [ -39.941266749, -18.230508502 ], [ -39.941253138, -18.230437383 ], [ -39.941233431, -18.230339773 ], [ -39.941213641, -18.230232986 ], [ -39.941195433, -18.230144304 ], [ -39.941191435, -18.230117462 ], [ -39.94117459000001, -18.230037735 ], [ -39.941158337, -18.229948707 ], [ -39.941146912, -18.229895593 ], [ -39.941130694, -18.229806559 ], [ -39.941110675103872, -18.229705376524983 ] ] } },
{ "type": "Feature", "properties": { "Field": "001", "Length": 491.33044464058912 }, "geometry": { "type": "LineString", "coordinates": [ [ -39.941943884981178, -18.234079550902628 ], [ -39.94190605, -18.233883817 ], [ -39.941877562, -18.233741806 ], [ -39.941859956, -18.233643829 ], [ -39.941846584, -18.233581872 ], [ -39.94182361, -18.233466456 ], [ -39.941818445, -18.233439797 ], [ -39.941808055, -18.23337732 ], [ -39.941787068, -18.233270743 ], [ -39.941781204, -18.23323503 ], [ -39.941762876, -18.23314637 ], [ -39.941744481, -18.233048526 ], [ -39.941737117, -18.233013069 ], [ -39.941724314, -18.232941813 ], [ -39.941702301, -18.232835425 ], [ -39.941691533, -18.232773006 ], [ -39.94166287, -18.232631026 ], [ -39.941635757, -18.232488769 ], [ -39.941619651, -18.232408903 ], [ -39.941606239, -18.23233775 ], [ -39.941603493, -18.232319866 ], [ -39.941597525, -18.232293361 ], [ -39.941587536, -18.232239984 ], [ -39.941576212, -18.232186851 ], [ -39.941555527, -18.23207104 ], [ -39.941532932, -18.231955556 ], [ -39.94152315, -18.231911347 ], [ -39.941511121, -18.231849139 ], [ -39.941501852, -18.231795643 ], [ -39.941470984, -18.231644867 ], [ -39.941466726, -18.231618062 ], [ -39.941441013, -18.231484748 ], [ -39.941433285, -18.231440169 ], [ -39.941421853, -18.231387057 ], [ -39.941389933, -18.231218078 ], [ -39.941371574, -18.231129424 ], [ -39.941353538, -18.231031519 ], [ -39.941321308, -18.23087179 ], [ -39.941293721, -18.230720434 ], [ -39.94127896, -18.230649525 ], [ -39.941264025, -18.230569451 ], [ -39.941225746, -18.230374023 ], [ -39.941212678, -18.230302812 ], [ -39.941187417, -18.230178613 ], [ -39.941173329, -18.230098399 ], [ -39.941158141, -18.230027572 ], [ -39.941153605, -18.230000809 ], [ -39.941134148, -18.229903153 ], [ -39.941111013, -18.229778577 ], [ -39.941097626011526, -18.229713804055763 ] ] } },
{ "type": "Feature", "properties": { "Field": "001", "Length": 491.31711944433869 }, "geometry": { "type": "LineString", "coordinates": [ [ -39.941930055992785, -18.234087766964485 ], [ -39.941924608, -18.234060947 ], [ -39.941914054, -18.233998495 ], [ -39.941894582, -18.233900841 ], [ -39.941883033, -18.23383855 ], [ -39.941868283, -18.233767639 ], [ -39.941843211, -18.233634213 ], [ -39.941811023, -18.233474475 ], [ -39.941796692, -18.233394301 ], [ -39.941774417, -18.23327876 ], [ -39.941770353, -18.233261107 ], [ -39.941760192, -18.23320776 ], [ -39.941757464, -18.233189874 ], [ -39.941737421, -18.233092326 ], [ -39.941731545, -18.233056615999988 ], [ -39.941724289, -18.233021137 ], [ -39.941711543, -18.232949872 ], [ -39.941692675, -18.232861316 ], [ -39.941673535, -18.232754421 ], [ -39.94165993, -18.232683302 ], [ -39.941648508, -18.232630187 ], [ -39.941634354, -18.232559165 ], [ -39.94162981, -18.232532403 ], [ -39.94161507, -18.23246149 ], [ -39.941603884, -18.232399138 ], [ -39.941589503, -18.232328158 ], [ -39.941576452, -18.232256943 ], [ -39.941568833, -18.232221535 ], [ -39.941560885, -18.232176991 ], [ -39.941556826, -18.232159337 ], [ -39.941549069, -18.232114763 ], [ -39.941532602, -18.232034964 ], [ -39.941519367, -18.23196378 ], [ -39.941506598, -18.231901706 ], [ -39.941492322, -18.231821523 ], [ -39.941482927, -18.231777237 ], [ -39.941473064, -18.231723838 ], [ -39.941456635, -18.231644032 ], [ -39.941449305, -18.231599392 ], [ -39.941445172, -18.231581754 ], [ -39.94141661, -18.231430563 ], [ -39.94140189, -18.231359646 ], [ -39.941394115, -18.231315075 ], [ -39.941353557, -18.231110861 ], [ -39.941337398, -18.231021817 ], [ -39.941324815, -18.230959709 ], [ -39.941320406, -18.230942132 ], [ -39.941291683, -18.23079097 ], [ -39.941280691, -18.230728587 ], [ -39.941263946, -18.23064884 ], [ -39.94124783, -18.230559789 ], [ -39.941240396, -18.230524344 ], [ -39.941220375, -18.230417598 ], [ -39.941190419, -18.230266654 ], [ -39.941182484, -18.230222108 ], [ -39.941176507, -18.230195604 ], [ -39.94116372, -18.230124346 ], [ -39.941147183, -18.23004456 ], [ -39.941135511, -18.229982289 ], [ -39.941122744, -18.229920216 ], [ -39.941098043, -18.229786727 ], [ -39.941084916, -18.229722013 ] ] } },
{ "type": "Feature", "properties": { "Field": "001", "Length": 491.27165105050699 }, "geometry": { "type": "LineString", "coordinates": [ [ -39.941917073965136, -18.234095479829474 ], [ -39.941911518, -18.234068306 ], [ -39.941889505, -18.233943544 ], [ -39.941873844, -18.233863597 ], [ -39.941860503, -18.233801633 ], [ -39.941849354, -18.233739276 ], [ -39.941841818, -18.233703851 ], [ -39.941832069, -18.233650433 ], [ -39.941818488, -18.233588518 ], [ -39.941809166, -18.23353503 ], [ -39.94179461, -18.233464082 ], [ -39.941782088, -18.233392781 ], [ -39.94175035, -18.233232962 ], [ -39.941742354, -18.233188426 ], [ -39.941724081, -18.233099755 ], [ -39.941701763, -18.232975043 ], [ -39.941672619, -18.232833153 ], [ -39.941657235, -18.232743984 ], [ -39.94161326, -18.232521993 ], [ -39.941600141, -18.232459987 ], [ -39.941580692, -18.232353143 ], [ -39.941573073, -18.232317735 ], [ -39.941561811, -18.232255395 ], [ -39.941540468, -18.232148883 ], [ -39.941527218, -18.232077701 ], [ -39.941513815, -18.23201575 ], [ -39.94150603, -18.23197118 ], [ -39.941496869, -18.23192685 ], [ -39.941482767, -18.231846638 ], [ -39.941445504, -18.231660225 ], [ -39.941407018, -18.231455646 ], [ -39.941394941, -18.231393446 ], [ -39.941387172, -18.231358067 ], [ -39.941370623, -18.231269088 ], [ -39.9413508, -18.231171498999988 ], [ -39.9413277, -18.231046917 ], [ -39.941300685, -18.230913838 ], [ -39.941291077, -18.230860397 ], [ -39.941278502, -18.230798288 ], [ -39.941262566, -18.230709207 ], [ -39.941248897, -18.230647309 ], [ -39.941224129, -18.230513831 ], [ -39.941214806, -18.230469531 ], [ -39.941205508, -18.230416041 ], [ -39.941190178, -18.230336035 ], [ -39.941175434, -18.230265122 ], [ -39.941165719, -18.230211699 ], [ -39.941119036, -18.229971804 ], [ -39.941105944, -18.229909792 ], [ -39.94108849, -18.229811791 ], [ -39.941082725, -18.229785244 ], [ -39.941072568055013, -18.229729987299269 ] ] } },
{ "type": "Feature", "properties": { "Field": "001", "Length": 491.23426001549734 }, "geometry": { "type": "LineString", "coordinates": [ [ -39.941904363, -18.234103031 ], [ -39.941898609, -18.234076088 ], [ -39.941891016, -18.234031488 ], [ -39.9418613, -18.233871314 ], [ -39.941851367, -18.233827135 ], [ -39.94184245, -18.233782759 ], [ -39.941834439, -18.233738226 ], [ -39.941802686, -18.233578409 ], [ -39.941789638, -18.233507194 ], [ -39.941775419, -18.233436184 ], [ -39.941759143, -18.233347159 ], [ -39.941739044, -18.233249620999981 ], [ -39.941720698, -18.233151769 ], [ -39.941709427, -18.233098625 ], [ -39.941688612, -18.232982836 ], [ -39.94166122, -18.232849827 ], [ -39.941655112, -18.232814153 ], [ -39.941653211, -18.232796169 ], [ -39.941641982, -18.232743018 ], [ -39.941633897, -18.232698497 ], [ -39.941629807, -18.232680849 ], [ -39.941616342, -18.232609705 ], [ -39.941608642, -18.232574313 ], [ -39.941598681, -18.232520931 ], [ -39.941589124, -18.232476677 ], [ -39.941557562, -18.232307637 ], [ -39.941515083, -18.232094574 ], [ -39.941510379, -18.232067836999988 ], [ -39.94149755, -18.232005775 ], [ -39.941474366, -18.231881207 ], [ -39.941468346, -18.231845519 ], [ -39.941445935, -18.231739206 ], [ -39.941424749, -18.231623479 ], [ -39.941409859, -18.231552594 ], [ -39.941392138, -18.231454636 ], [ -39.941359254, -18.231285827 ], [ -39.941349516, -18.231232408 ], [ -39.941337847, -18.231179343 ], [ -39.941329868, -18.231134804 ], [ -39.941320511, -18.231090511 ], [ -39.941307617, -18.23101927 ], [ -39.941276794, -18.230859287 ], [ -39.941263905, -18.230797236 ], [ -39.941250985, -18.230726 ], [ -39.941225699, -18.230601806 ], [ -39.941209273, -18.230512806 ], [ -39.941199879, -18.230468521 ], [ -39.941184296, -18.230379383 ], [ -39.941176581, -18.230343993 ], [ -39.941157416, -18.230246284 ], [ -39.941152823, -18.23021953 ], [ -39.941132786, -18.23012198 ], [ -39.941123447, -18.230068496 ], [ -39.941117651, -18.230041956 ], [ -39.941109678, -18.229997416 ], [ -39.941091688, -18.229908693 ], [ -39.941059368, -18.229738025 ] ] } },
{ "type": "Feature", "properties": { "Field": "001", "Length": 491.16857532698231 }, "geometry": { "type": "LineString", "coordinates": [ [ -39.941892085935308, -18.234110325680188 ], [ -39.94187765, -18.23403896 ], [ -39.941851725, -18.233896501 ], [ -39.941820756, -18.233745744 ], [ -39.941792313, -18.233594533 ], [ -39.941772508, -18.23349694 ], [ -39.941755761, -18.233407995 ], [ -39.94174647900001, -18.233354502 ], [ -39.941731586, -18.233283618 ], [ -39.941721666, -18.233230229 ], [ -39.941695019, -18.233097082 ], [ -39.941687406, -18.233052485 ], [ -39.941673759, -18.232981372 ], [ -39.941656548, -18.232901716 ], [ -39.941634743, -18.232776921 ], [ -39.941618898, -18.232697007 ], [ -39.941614804, -18.232679361 ], [ -39.941601547, -18.232608181 ], [ -39.941570674, -18.232457406 ], [ -39.941544608, -18.23231497 ], [ -39.941529875, -18.232244056 ], [ -39.941492166, -18.232048527 ], [ -39.9414846, -18.232013109 ], [ -39.941478625, -18.231977413 ], [ -39.941467859, -18.231924174 ], [ -39.941455096, -18.231852911 ], [ -39.941445375, -18.23180869 ], [ -39.941439116, -18.231773039 ], [ -39.941421007, -18.231684338 ], [ -39.941416927, -18.231657508 ], [ -39.941410121, -18.231621949 ], [ -39.941398528, -18.231568868 ], [ -39.941362427, -18.231373063 ], [ -39.94134975, -18.231310972 ], [ -39.941338569, -18.23124862 ], [ -39.94132358, -18.231177755 ], [ -39.94128895, -18.231000063 ], [ -39.941278023, -18.23093767 ], [ -39.941262448, -18.230857707 ], [ -39.941250866, -18.230804625 ], [ -39.941234578, -18.230715602 ], [ -39.941212661, -18.230609196 ], [ -39.941184867, -18.230457874 ], [ -39.941156269, -18.230315883 ], [ -39.941140012, -18.230226855 ], [ -39.941118392, -18.230120393 ], [ -39.94109499, -18.229995863 ], [ -39.941078708, -18.229916029 ], [ -39.941062652, -18.229826968 ], [ -39.941054909, -18.229791584 ], [ -39.941046111, -18.229746031 ] ] } },
{ "type": "Feature", "properties": { "Field": "001", "Length": 491.12211429380795 }, "geometry": { "type": "LineString", "coordinates": [ [ -39.941879658953603, -18.23411770877776 ], [ -39.941864836, -18.23404672 ], [ -39.941852869, -18.233984501 ], [ -39.941833571, -18.233877633 ], [ -39.94181985, -18.233815745 ], [ -39.941808916, -18.233753353 ], [ -39.941787194, -18.23364691 ], [ -39.941779871, -18.233602268 ], [ -39.941754687, -18.233478056 ], [ -39.941728401, -18.233335657 ], [ -39.941696099, -18.233175941 ], [ -39.941683565, -18.233104641 ], [ -39.941677492, -18.233078158 ], [ -39.941664352, -18.233006958 ], [ -39.941641838, -18.232900665 ], [ -39.941621676, -18.232784770999988 ], [ -39.941585943, -18.232607279 ], [ -39.941572131, -18.232536195 ], [ -39.941567921, -18.232509384 ], [ -39.941553036, -18.232438498 ], [ -39.941548471, -18.232411739 ], [ -39.941530939, -18.232322932 ], [ -39.941526599, -18.23229614 ], [ -39.941520611, -18.232269638 ], [ -39.941503966, -18.232180676 ], [ -39.941498187, -18.232154132 ], [ -39.941486871, -18.232091802 ], [ -39.941470705, -18.232011947 ], [ -39.941464654, -18.231976263 ], [ -39.941407936, -18.231692193 ], [ -39.941395795, -18.231620831 ], [ -39.94138578, -18.23157667 ], [ -39.941377212, -18.231532231 ], [ -39.941353215, -18.231398625 ], [ -39.941338427, -18.231327721 ], [ -39.941308472, -18.231167587 ], [ -39.941297056, -18.231114472 ], [ -39.94128131, -18.23103454 ], [ -39.941254849, -18.230892171 ], [ -39.941234761, -18.230794631 ], [ -39.941218764, -18.23070556 ], [ -39.941197615, -18.230608226 ], [ -39.941183857, -18.230527959 ], [ -39.941178289, -18.230501375 ], [ -39.941156674, -18.23038572 ], [ -39.941147007, -18.230341487 ], [ -39.941128905, -18.230243593 ], [ -39.941100843, -18.230101504 ], [ -39.941096275, -18.230074746 ], [ -39.941072791, -18.229959424 ], [ -39.941056951, -18.229870328 ], [ -39.941044647, -18.229808169 ], [ -39.941032715035597, -18.229754120161228 ] ] } },
{ "type": "Feature", "properties": { "Field": "001", "Length": 491.13181078841143 }, "geometry": { "type": "LineString", "coordinates": [ [ -39.941866558, -18.234125492 ], [ -39.941845754, -18.234018379 ], [ -39.941832849, -18.233956331 ], [ -39.941827343, -18.233920567 ], [ -39.941818682, -18.233876145 ], [ -39.941812286, -18.233849731 ], [ -39.941795969, -18.233760713 ], [ -39.941775993, -18.233663152 ], [ -39.941769952, -18.233627467 ], [ -39.941764248, -18.233600908 ], [ -39.941746457, -18.233502962 ], [ -39.941740484, -18.233476458 ], [ -39.941735898, -18.233449703 ], [ -39.941718125, -18.23336094 ], [ -39.94170664, -18.233298638 ], [ -39.94169716, -18.233254368 ], [ -39.941653366, -18.233023155 ], [ -39.941630905, -18.232916852 ], [ -39.941614101, -18.232818747 ], [ -39.941600975, -18.232756742 ], [ -39.941582508, -18.23265891 ], [ -39.941571336, -18.232605748 ], [ -39.941553467, -18.232507815 ], [ -39.941547532, -18.232481302 ], [ -39.941535961, -18.232419015 ], [ -39.941528278, -18.232383619 ], [ -39.941520064, -18.232339119 ], [ -39.941516122, -18.232321442 ], [ -39.941511636, -18.232294671 ], [ -39.941479391, -18.232125749 ], [ -39.941458245, -18.2320192 ], [ -39.941451939, -18.231983557 ], [ -39.941424983, -18.231850467 ], [ -39.941413393, -18.231788183 ], [ -39.941396665, -18.231708433 ], [ -39.941384331, -18.231637102 ], [ -39.941368039, -18.231557269 ], [ -39.941356998, -18.231494894 ], [ -39.941344642, -18.231432745 ], [ -39.941340334, -18.231405947 ], [ -39.941325365, -18.231335078 ], [ -39.941295982, -18.231174847 ], [ -39.941282508, -18.23111291 ], [ -39.941275944, -18.231077309 ], [ -39.941268325, -18.231041901 ], [ -39.941252338, -18.230952828 ], [ -39.941234053, -18.23086416 ], [ -39.941213609, -18.230757487 ], [ -39.941202569, -18.230695111 ], [ -39.941185198, -18.230615487 ], [ -39.941170766, -18.230535329 ], [ -39.941158541, -18.230473156 ], [ -39.941152489, -18.230437472 ], [ -39.94113444, -18.23034876 ], [ -39.941121453, -18.230277535 ], [ -39.941089727, -18.230117713 ], [ -39.94108017, -18.230064264 ], [ -39.941072497, -18.230028866 ], [ -39.941056898, -18.229948907 ], [ -39.941044132, -18.229877646 ], [ -39.941020154, -18.229761706 ] ] } },
{ "type": "Feature", "properties": { "Field": "001", "Length": 491.1531021677493 }, "geometry": { "type": "LineString", "coordinates": [ [ -39.941852879941088, -18.234133618675095 ], [ -39.941838334, -18.234053409 ], [ -39.941821435, -18.233973693 ], [ -39.941814394, -18.23392901 ], [ -39.941809322, -18.233902335 ], [ -39.941797426, -18.233849316 ], [ -39.941770744, -18.233706984 ], [ -39.94175591, -18.233636089 ], [ -39.941733632, -18.23351137 ], [ -39.941710306, -18.233396019 ], [ -39.941685027, -18.233262629 ], [ -39.941673795, -18.233209478 ], [ -39.941658135, -18.233120352 ], [ -39.941639287, -18.233031792 ], [ -39.941634866, -18.233005011 ], [ -39.941616456, -18.232916367 ], [ -39.941603645, -18.232835957 ], [ -39.941588004, -18.23276522 ], [ -39.941571519, -18.232685425 ], [ -39.941559333, -18.23261407 ], [ -39.94153219, -18.232481015 ], [ -39.941522989, -18.232427508 ], [ -39.941503264, -18.232329901 ], [ -39.941495526, -18.232285324 ], [ -39.941447044, -18.232036556 ], [ -39.941437635, -18.231983083 ], [ -39.94142753, -18.23193894 ], [ -39.941408582, -18.231841192 ], [ -39.941399216, -18.231787712 ], [ -39.941384291, -18.231716834 ], [ -39.941375146, -18.231663319 ], [ -39.941360528, -18.231592383 ], [ -39.941346184, -18.23151221 ], [ -39.941322736, -18.231396882 ], [ -39.941309755, -18.231325655 ], [ -39.94130234, -18.231290207 ], [ -39.941282904, -18.231183361 ], [ -39.941268035, -18.231112473 ], [ -39.941265251, -18.231094595 ], [ -39.941258934, -18.231068164 ], [ -39.941250353, -18.231023727 ], [ -39.941241424, -18.230970179 ], [ -39.9412325, -18.230925804 ], [ -39.941224346, -18.230890505 ], [ -39.94119843, -18.230757226 ], [ -39.941187495, -18.230694834 ], [ -39.941170899, -18.230615059 ], [ -39.941149861, -18.230499307 ], [ -39.941125937, -18.230384067 ], [ -39.941107156, -18.230277115 ], [ -39.941087371, -18.230179519 ], [ -39.94107951, -18.230144158 ], [ -39.941060748, -18.230037203 ], [ -39.941049335, -18.229984087 ], [ -39.941022821, -18.229841727 ], [ -39.941006916020349, -18.229769700092159 ] ] } },
{ "type": "Feature", "properties": { "Field": "001", "Length": 491.15177802108082 }, "geometry": { "type": "LineString", "coordinates": [ [ -39.941839696, -18.234141451 ], [ -39.941816813, -18.234016674 ], [ -39.941802245, -18.233945728 ], [ -39.941799577, -18.233927835 ], [ -39.941792609, -18.233892304 ], [ -39.941779444, -18.233830306 ], [ -39.941741433, -18.233634831 ], [ -39.941712013, -18.233474607 ], [ -39.94169728, -18.233403693 ], [ -39.941684238, -18.233332476 ], [ -39.941655641, -18.233190485 ], [ -39.94164341, -18.233119137 ], [ -39.941624795, -18.233030532 ], [ -39.941614846, -18.232977148 ], [ -39.941602135, -18.232915064 ], [ -39.941590964, -18.232843558 ], [ -39.941573014, -18.232764051 ], [ -39.941553674, -18.232666374 ], [ -39.941547793, -18.232630664 ], [ -39.941526768, -18.232524093 ], [ -39.94152093, -18.232497561 ], [ -39.941494505, -18.232355186 ], [ -39.941475001, -18.232257538 ], [ -39.941447783, -18.2321153 ], [ -39.941438545, -18.232061799 ], [ -39.94141275, -18.231937701 ], [ -39.941386047, -18.231795373 ], [ -39.941346007, -18.231591067 ], [ -39.941333156, -18.231519819 ], [ -39.941323501, -18.231475584 ], [ -39.941310271, -18.231404398999988 ], [ -39.941289165, -18.231297844 ], [ -39.941269637, -18.231191013 ], [ -39.941241258, -18.231048982 ], [ -39.941228271, -18.230977757 ], [ -39.94119878, -18.230835932000016 ], [ -39.941196293, -18.230818014 ], [ -39.941188164, -18.230773501 ], [ -39.941158196, -18.230622559 ], [ -39.941138802, -18.230515706 ], [ -39.941109316, -18.230373881 ], [ -39.941095515, -18.230293621 ], [ -39.941081761, -18.230222527 ], [ -39.941070268, -18.230169427 ], [ -39.941044117, -18.230027006 ], [ -39.941025891, -18.229938327 ], [ -39.941007723, -18.229840444 ], [ -39.940994454, -18.229777226 ] ] } },
{ "type": "Feature", "properties": { "Field": "001", "Length": 491.19005378348163 }, "geometry": { "type": "LineString", "coordinates": [ [ -39.941826513, -18.234149283 ], [ -39.941791882, -18.233962161 ], [ -39.941762933, -18.233820234 ], [ -39.941722444, -18.233606817 ], [ -39.941697256, -18.233482605 ], [ -39.94168661, -18.233420168 ], [ -39.941659241, -18.233277955 ], [ -39.941647918, -18.233224822 ], [ -39.941636721, -18.233162472 ], [ -39.941632638, -18.233144824 ], [ -39.941617832, -18.233064728 ], [ -39.941589485, -18.23292269 ], [ -39.941570531, -18.232815766 ], [ -39.941549336, -18.23271844 ], [ -39.941533537, -18.232629337 ], [ -39.941519656, -18.232558266 ], [ -39.941507831, -18.232505232 ], [ -39.941481531, -18.232362836 ], [ -39.941467138, -18.232291858 ], [ -39.941455549, -18.232229573 ], [ -39.941447687, -18.232194213 ], [ -39.941418561, -18.23203394 ], [ -39.941399162, -18.231945489 ], [ -39.941382001, -18.23184744 ], [ -39.941334429, -18.231607704 ], [ -39.941320052, -18.231527537 ], [ -39.941305333, -18.23145662 ], [ -39.941300661, -18.231429878 ], [ -39.941289831, -18.231376651 ], [ -39.94126601, -18.231252193 ], [ -39.941256549, -18.231198728 ], [ -39.941250943, -18.231172151 ], [ -39.941217154, -18.230994312 ], [ -39.94119964, -18.230914716 ], [ -39.941192435, -18.230870057 ], [ -39.941176206, -18.230790214 ], [ -39.9411666, -18.230736772 ], [ -39.9411505, -18.230656905 ], [ -39.941117158, -18.230478989 ], [ -39.941105543, -18.230425913 ], [ -39.941089658, -18.230336824 ], [ -39.9410738, -18.230266131 ], [ -39.941065108, -18.230212547 ], [ -39.941040355, -18.230088255 ], [ -39.941034458, -18.230061735 ], [ -39.941027697, -18.230017013 ], [ -39.941008796, -18.229919257 ], [ -39.941001164, -18.229883851 ], [ -39.94098996, -18.229821503 ], [ -39.940982224094398, -18.229784611450167 ] ] } },
{ "type": "Feature", "properties": { "Field": "001", "Length": 491.22040046017059 }, "geometry": { "type": "LineString", "coordinates": [ [ -39.941813269949492, -18.234157151678044 ], [ -39.941809068, -18.234130365 ], [ -39.941801653, -18.234094917 ], [ -39.941773896, -18.233943589 ], [ -39.941752894, -18.233846226 ], [ -39.941745088, -18.233801659 ], [ -39.941727845, -18.233712801 ], [ -39.941716845, -18.233650419 ], [ -39.94170205, -18.233579516 ], [ -39.941697743, -18.233561916 ], [ -39.941651503, -18.233312759 ], [ -39.941631528, -18.233215198 ], [ -39.941620263, -18.23315286 ], [ -39.941597489, -18.233037408 ], [ -39.941582592, -18.232957327 ], [ -39.941573036, -18.232913073 ], [ -39.941559123, -18.232832831 ], [ -39.941534668, -18.232717693 ], [ -39.941520954, -18.232637419999989 ], [ -39.941510248, -18.23258417 ], [ -39.941507544, -18.232566281 ], [ -39.94149941, -18.232530977 ], [ -39.941486554, -18.23246892 ], [ -39.941466961, -18.232362101 ], [ -39.941454206, -18.232300025 ], [ -39.941444278, -18.232246638 ], [ -39.941431005, -18.232184661 ], [ -39.941405698, -18.2320421 ], [ -39.941384411, -18.231944793 ], [ -39.941365652, -18.231837837 ], [ -39.941359726, -18.231811323 ], [ -39.941339391, -18.23170463 ], [ -39.941324289, -18.231633787 ], [ -39.941308786, -18.231544636 ], [ -39.941266527, -18.231331533 ], [ -39.941245127, -18.231215841 ], [ -39.941218954, -18.231082608 ], [ -39.941207851, -18.231020243 ], [ -39.941184921, -18.230914032 ], [ -39.941176213, -18.230860451 ], [ -39.941158174, -18.230771737 ], [ -39.941150424, -18.230727161 ], [ -39.941116993, -18.23055845 ], [ -39.941103854, -18.23048725 ], [ -39.941096388, -18.230451811 ], [ -39.941076961, -18.230344964 ], [ -39.941055883, -18.230247616 ], [ -39.941042488, -18.230167293 ], [ -39.941019945, -18.230061007 ], [ -39.941002619, -18.229962985 ], [ -39.940986667, -18.22988309 ], [ -39.94097727, -18.229829615 ], [ -39.940969784, -18.229792124 ] ] } },
{ "type": "Feature", "properties": { "Field": "001", "Length": 491.22947111485462 }, "geometry": { "type": "LineString", "coordinates": [ [ -39.941799297950944, -18.234165452688348 ], [ -39.941790853, -18.234111801 ], [ -39.941783752, -18.234076294 ], [ -39.941776187, -18.23403169 ], [ -39.941767277, -18.233987313 ], [ -39.941762956, -18.233960517 ], [ -39.941743415, -18.233872094 ], [ -39.94173067700001, -18.233800827 ], [ -39.941716531, -18.233729804 ], [ -39.9417037, -18.233658552 ], [ -39.941678306, -18.233534379 ], [ -39.941660198, -18.233436486 ], [ -39.941642674, -18.233347678 ], [ -39.941636729, -18.233311978 ], [ -39.941614388, -18.233205652 ], [ -39.941598954, -18.23311649 ], [ -39.941572527, -18.232983303 ], [ -39.941561212, -18.232920973 ], [ -39.941548551, -18.232858879 ], [ -39.941537063, -18.232796578 ], [ -39.94152045, -18.232716806 ], [ -39.941512628, -18.232672242 ], [ -39.941496781, -18.232592328 ], [ -39.941489211, -18.232547725 ], [ -39.941470347, -18.232459168 ], [ -39.941435026, -18.232272409 ], [ -39.94142169, -18.232210445 ], [ -39.941389054, -18.232032409 ], [ -39.941371423, -18.231952837 ], [ -39.941349248, -18.231828102 ], [ -39.941334786, -18.231757137 ], [ -39.941321526, -18.231685957 ], [ -39.941304903, -18.231606187 ], [ -39.941302374, -18.231588275 ], [ -39.941295699, -18.231552693 ], [ -39.941269209, -18.231419518 ], [ -39.941262871, -18.231383879 ], [ -39.941244829, -18.231295166 ], [ -39.941230588, -18.231214976 ], [ -39.941217003, -18.231143853 ], [ -39.941200496, -18.231064061 ], [ -39.941191259, -18.231010561 ], [ -39.941170399, -18.230913169 ], [ -39.941153456, -18.230815086 ], [ -39.941145746, -18.230779696 ], [ -39.941137821, -18.230735148 ], [ -39.941126687, -18.230681978 ], [ -39.941105062, -18.230566325 ], [ -39.941076274, -18.230424368 ], [ -39.941060544, -18.230335254 ], [ -39.941043086, -18.230255647 ], [ -39.941030777, -18.230184312 ], [ -39.941007656, -18.230068923 ], [ -39.940960786, -18.229819873 ], [ -39.9409564220447, -18.229800193201587 ] ] } },
{ "type": "Feature", "properties": { "Field": "001", "Length": 491.20234699792735 }, "geometry": { "type": "LineString", "coordinates": [ [ -39.941786471970964, -18.234173072827289 ], [ -39.941774424, -18.234101437 ], [ -39.941752885, -18.233985769 ], [ -39.941748491, -18.233958984 ], [ -39.941734206, -18.233897213 ], [ -39.941726844, -18.233861755 ], [ -39.941719482, -18.233817119 ], [ -39.941700074, -18.233719454 ], [ -39.941685751, -18.233639278 ], [ -39.941677925, -18.233603911 ], [ -39.941642108, -18.233417239 ], [ -39.941632787, -18.233372939 ], [ -39.941621996, -18.233310524 ], [ -39.94159974, -18.233204182 ], [ -39.941587502, -18.233132835 ], [ -39.941574805, -18.233070748 ], [ -39.941570296, -18.233043981 ], [ -39.941546503, -18.232919518 ], [ -39.941524944, -18.232813045 ], [ -39.94149803, -18.232670753 ], [ -39.941485015, -18.232608727 ], [ -39.941474581, -18.232546256 ], [ -39.941450077, -18.232431128 ], [ -39.94144075, -18.232377642 ], [ -39.941433443, -18.232342173 ], [ -39.941422075, -18.232279852 ], [ -39.941410423, -18.232226783 ], [ -39.941401757, -18.232182362 ], [ -39.94138307, -18.232075394 ], [ -39.9413572, -18.23195131 ], [ -39.941341514, -18.231862189 ], [ -39.941325244, -18.231782353 ], [ -39.941310631, -18.231702225 ], [ -39.941275198, -18.231524678 ], [ -39.941241343, -18.231346851 ], [ -39.941230061, -18.231293709 ], [ -39.941203888, -18.231151292 ], [ -39.94119802, -18.231124766 ], [ -39.941177973, -18.231018023 ], [ -39.941152976, -18.230893776 ], [ -39.941140586, -18.230822454 ], [ -39.941103181, -18.230636066 ], [ -39.941090864, -18.230564732 ], [ -39.941075833, -18.230493875 ], [ -39.941058173, -18.230405091 ], [ -39.941045692, -18.230333783 ], [ -39.941028788, -18.230254067 ], [ -39.941007392, -18.230138375 ], [ -39.940994803, -18.230076268 ], [ -39.940969595, -18.229942866 ], [ -39.940951928, -18.229854083 ], [ -39.940947479, -18.229827307 ], [ -39.940943416092821, -18.229808047439981 ] ] } },
{ "type": "Feature", "properties": { "Field": "001", "Length": 491.1363316195887 }, "geometry": { "type": "LineString", "coordinates": [ [ -39.941774633, -18.234180106 ], [ -39.941756388, -18.234082154 ], [ -39.941747324, -18.234028626 ], [ -39.941716126, -18.233877912 ], [ -39.941703436, -18.233806638 ], [ -39.941692611, -18.23375341 ], [ -39.94166434, -18.233602169 ], [ -39.941656752, -18.233566755 ], [ -39.941641417, -18.23348675 ], [ -39.941619846, -18.233380279 ], [ -39.941610709, -18.233326762 ], [ -39.941575071, -18.233149253 ], [ -39.941550916, -18.233015673 ], [ -39.941534544, -18.232935856 ], [ -39.941526374, -18.232891349 ], [ -39.941516928, -18.232847073 ], [ -39.94150093, -18.232758002 ], [ -39.941470473, -18.23260715 ], [ -39.941457839, -18.232535866 ], [ -39.941449531, -18.2325006 ], [ -39.941444708, -18.232473882 ], [ -39.941431765, -18.232411842 ], [ -39.94142097400001, -18.232349427 ], [ -39.94138718, -18.232180782 ], [ -39.941373149, -18.232100558 ], [ -39.941364586, -18.232056119 ], [ -39.94133933, -18.23193192 ], [ -39.941317941, -18.231816226 ], [ -39.941286388, -18.231656373 ], [ -39.941271519, -18.231576288 ], [ -39.94125867, -18.23151423 ], [ -39.941233654, -18.231380794 ], [ -39.94121538000001, -18.231292124 ], [ -39.941199923, -18.231212141 ], [ -39.941190703, -18.231158637 ], [ -39.941182894, -18.231123267 ], [ -39.941171711, -18.231060915 ], [ -39.94114359, -18.230918836 ], [ -39.941125968, -18.230820862 ], [ -39.941108444, -18.230732054 ], [ -39.941093504, -18.230661179 ], [ -39.941074192, -18.230554313 ], [ -39.941050384, -18.230439052 ], [ -39.941030959, -18.230332204 ], [ -39.941014399, -18.230252423 ], [ -39.941005784, -18.230207992 ], [ -39.940999847, -18.230172291 ], [ -39.940981775, -18.230083583 ], [ -39.940956865, -18.22995013 ], [ -39.940951079, -18.229923587 ], [ -39.940943147, -18.229879041 ], [ -39.940930677091863, -18.229815740466339 ] ] } },
{ "type": "Feature", "properties": { "Field": "001", "Length": 491.10500907673014 }, "geometry": { "type": "LineString", "coordinates": [ [ -39.941762187889502, -18.234187500420536 ], [ -39.941741801, -18.234080585 ], [ -39.941734372, -18.23403596 ], [ -39.941706521, -18.233903038 ], [ -39.941696183, -18.233840553 ], [ -39.941679374, -18.233760819 ], [ -39.941649693, -18.233600639 ], [ -39.941642, -18.233565245 ], [ -39.941628541, -18.2334941 ], [ -39.941611833, -18.233414346 ], [ -39.941595631, -18.233325309 ], [ -39.941574314, -18.233218791 ], [ -39.941567834, -18.233183176 ], [ -39.941556689, -18.233130009 ], [ -39.941538078, -18.233023029 ], [ -39.941522919, -18.232952196 ], [ -39.941507277, -18.232872246 ], [ -39.941484634, -18.232747587 ], [ -39.941460902, -18.232632312 ], [ -39.941446605, -18.232552131 ], [ -39.941416823, -18.232410362 ], [ -39.94140473800001, -18.232338992 ], [ -39.941376163, -18.232196997 ], [ -39.941362966, -18.232125806 ], [ -39.941358687, -18.232099005 ], [ -39.941326468, -18.231939273 ], [ -39.941323619, -18.231921405 ], [ -39.941300871, -18.231805948 ], [ -39.941287907, -18.231734719 ], [ -39.941269816, -18.231646014 ], [ -39.941212419, -18.23134368 ], [ -39.941200953, -18.231290575 ], [ -39.941194448, -18.231254964 ], [ -39.9411835, -18.231201759 ], [ -39.941178926, -18.231175002 ], [ -39.941167976, -18.231121797 ], [ -39.941157185, -18.231059382 ], [ -39.941142501, -18.230988458 ], [ -39.94112886, -18.230917344 ], [ -39.941111246, -18.230819369 ], [ -39.941086578, -18.230695062 ], [ -39.941077134, -18.230650785 ], [ -39.941061053, -18.230561728 ], [ -39.94103588, -18.230437514 ], [ -39.941022971, -18.230366275 ], [ -39.940993313, -18.230215276999985 ], [ -39.94098704, -18.230179629 ], [ -39.940972253, -18.230108724 ], [ -39.940953611, -18.230010923 ], [ -39.94095092100001, -18.229993032 ], [ -39.940917766072793, -18.22982353737217 ] ] } },
{ "type": "Feature", "properties": { "Field": "001", "Length": 490.90934318887929 }, "geometry": { "type": "LineString", "coordinates": [ [ -39.941749482933261, -18.234195048652879 ], [ -39.941727337, -18.23407988 ], [ -39.941722851, -18.234053109 ], [ -39.94170069, -18.233946749 ], [ -39.941686381, -18.23386657 ], [ -39.941661358, -18.233742328 ], [ -39.941640371, -18.233626567 ], [ -39.941594071, -18.2333958 ], [ -39.941582924, -18.233333442 ], [ -39.941573606, -18.233289141 ], [ -39.941528297, -18.233049005 ], [ -39.941496033, -18.232889282 ], [ -39.941476609, -18.232782434 ], [ -39.941461035, -18.232702472 ], [ -39.941449741, -18.232649333 ], [ -39.941440398, -18.232595849 ], [ -39.941404465, -18.232418394 ], [ -39.941390468, -18.232338165 ], [ -39.941371711, -18.232249587 ], [ -39.941350687, -18.232133833 ], [ -39.941325822, -18.232009561 ], [ -39.941312906, -18.231938324 ], [ -39.941306662, -18.231911877 ], [ -39.941301472, -18.231885222 ], [ -39.941290134, -18.231822896 ], [ -39.941277857, -18.231760732 ], [ -39.941273395, -18.231733957 ], [ -39.941259159, -18.23166295 ], [ -39.941245588, -18.231601032 ], [ -39.941227482, -18.231493974 ], [ -39.941209125, -18.231405319 ], [ -39.941197425, -18.231343054 ], [ -39.941174017, -18.231227718 ], [ -39.941167905, -18.231192043 ], [ -39.941153784, -18.231121015 ], [ -39.941145831, -18.231076472 ], [ -39.941116011, -18.230925504 ], [ -39.941101934, -18.230845288 ], [ -39.941076275, -18.230721164 ], [ -39.941058515, -18.230623213 ], [ -39.941021289, -18.230436793 ], [ -39.941004929, -18.230347782 ], [ -39.940982098, -18.23023234 ], [ -39.940970781, -18.23017001 ], [ -39.940964738, -18.230143521 ], [ -39.94093914, -18.230010186 ], [ -39.940929524, -18.229965943 ], [ -39.940915701, -18.229885687 ], [ -39.940905322, -18.229832817 ] ] } },
{ "type": "Feature", "properties": { "Field": "001", "Length": 490.76750196004571 }, "geometry": { "type": "LineString", "coordinates": [ [ -39.941735764954672, -18.234203198737532 ], [ -39.941723387, -18.234131527 ], [ -39.941682508, -18.233927372 ], [ -39.941669677, -18.233856121 ], [ -39.941634876, -18.23367846 ], [ -39.941627169, -18.233633878 ], [ -39.941589569, -18.233447526 ], [ -39.941571998, -18.233349544 ], [ -39.941555618, -18.233269728 ], [ -39.941529584, -18.233127287 ], [ -39.941495874, -18.232958627 ], [ -39.941474135, -18.232842993 ], [ -39.941457742, -18.23276318 ], [ -39.941444819, -18.232691944 ], [ -39.941403761, -18.232487822 ], [ -39.941376099, -18.232336478 ], [ -39.941356989, -18.232247969 ], [ -39.941341232, -18.232158859 ], [ -39.941326762, -18.232087895 ], [ -39.941320762, -18.232052204 ], [ -39.941299858, -18.231945611 ], [ -39.941283118, -18.231865864 ], [ -39.941260808, -18.231750329 ], [ -39.941249981, -18.23168792 ], [ -39.941229198, -18.231590513 ], [ -39.941214777, -18.231501197 ], [ -39.941201426, -18.231439236 ], [ -39.941168108, -18.231270504 ], [ -39.941136551, -18.231101464 ], [ -39.941101067, -18.230923926 ], [ -39.941083612, -18.230825925 ], [ -39.941058149, -18.230701764 ], [ -39.941032001, -18.230559343 ], [ -39.94100649, -18.230435191 ], [ -39.940990326, -18.230346147 ], [ -39.940968838, -18.230239661 ], [ -39.940933376, -18.230052927 ], [ -39.940913109, -18.229955422 ], [ -39.940899737, -18.229875096 ], [ -39.940893191, -18.229841976 ] ] } },
{ "type": "Feature", "properties": { "Field": "001", "Length": 490.56307443411964 }, "geometry": { "type": "LineString", "coordinates": [ [ -39.941722635980469, -18.234210998883047 ], [ -39.941712192, -18.234148485 ], [ -39.941693781, -18.234059841 ], [ -39.941677404, -18.233970833 ], [ -39.941668166, -18.233926517 ], [ -39.94166226, -18.233890811 ], [ -39.941649454, -18.233828745 ], [ -39.941620025, -18.233677706 ], [ -39.941614021, -18.233642015 ], [ -39.941606469, -18.233606594 ], [ -39.94158799, -18.233508764 ], [ -39.941578791, -18.233464441 ], [ -39.941572785, -18.23342875 ], [ -39.941565496, -18.233393278 ], [ -39.941559145, -18.233357642 ], [ -39.941542484, -18.233277879 ], [ -39.941506052, -18.23308213 ], [ -39.941496516, -18.233037872 ], [ -39.941461285, -18.232851098 ], [ -39.9414515, -18.232806889 ], [ -39.941438773, -18.232735621 ], [ -39.941415479, -18.232620264 ], [ -39.941409374, -18.232584588 ], [ -39.941394354, -18.232513729 ], [ -39.941360977, -18.23233581900001 ], [ -39.941342395, -18.232247207 ], [ -39.941316916, -18.232104675 ], [ -39.941309361, -18.232069254 ], [ -39.941280253, -18.231918158 ], [ -39.941272366, -18.231882803 ], [ -39.941265908, -18.231847185 ], [ -39.941254595, -18.231794049 ], [ -39.941235374, -18.231687168 ], [ -39.941216648, -18.231598584 ], [ -39.941194554, -18.231473836 ], [ -39.941189334, -18.231447187 ], [ -39.941185008, -18.231429591 ], [ -39.941176708, -18.231385106 ], [ -39.941160315, -18.231305293 ], [ -39.941128768, -18.231136251 ], [ -39.941084641, -18.230914287 ], [ -39.94106682, -18.230816346 ], [ -39.94104326, -18.230701038999985 ], [ -39.941015225, -18.230549758 ], [ -39.940988696, -18.23041659 ], [ -39.940975833, -18.230345344 ], [ -39.940953667, -18.230238985 ], [ -39.94094598, -18.230194399 ], [ -39.940923851, -18.230078832 ], [ -39.940896948, -18.229945733 ], [ -39.940885113, -18.229874324 ], [ -39.940880374119935, -18.229851652573782 ] ] } },
{ "type": "Feature", "properties": { "Field": "001", "Length": 490.4301155701491 }, "geometry": { "type": "LineString", "coordinates": [ [ -39.941709017935842, -18.234219089591914 ], [ -39.941696356, -18.234138546 ], [ -39.941681045, -18.234067744 ], [ -39.941662878, -18.233969861 ], [ -39.941634669, -18.233827799 ], [ -39.941623525, -18.23376544 ], [ -39.94160531, -18.233676759 ], [ -39.941599146, -18.233641093 ], [ -39.941577598, -18.233534617 ], [ -39.941563612, -18.233454387 ], [ -39.941527799, -18.23327691 ], [ -39.941489577, -18.233072286 ], [ -39.941480083, -18.233028019 ], [ -39.941473934, -18.232992351 ], [ -39.941457484, -18.232912549 ], [ -39.941422209, -18.232725782 ], [ -39.941397085, -18.232601559 ], [ -39.941392583, -18.23257479 ], [ -39.941379959, -18.23251269 ], [ -39.941359918, -18.232405946 ], [ -39.941334986, -18.232281687 ], [ -39.941322172, -18.232210432999985 ], [ -39.941309786, -18.232148289 ], [ -39.941290143, -18.232041478 ], [ -39.94126971, -18.231944004 ], [ -39.941253224, -18.231855014 ], [ -39.941230112, -18.231739624 ], [ -39.941220647, -18.231686159 ], [ -39.941203685, -18.231606455 ], [ -39.941198098, -18.231570702 ], [ -39.941188519, -18.231517256 ], [ -39.941149206, -18.231322017 ], [ -39.941114428, -18.231135165 ], [ -39.941097528, -18.231055449 ], [ -39.941088108, -18.231001977 ], [ -39.941078787, -18.230957677 ], [ -39.941046897, -18.230788694 ], [ -39.941028779, -18.230699995 ], [ -39.941002227, -18.230557641 ], [ -39.940989583, -18.230495544 ], [ -39.940971361, -18.230397671 ], [ -39.940953288, -18.230308962999988 ], [ -39.940945536, -18.230264388 ], [ -39.940910437, -18.230086781 ], [ -39.940907706, -18.230068895 ], [ -39.940897496, -18.230015556 ], [ -39.940882433, -18.229944705 ], [ -39.940868461, -18.229860647 ] ] } },
{ "type": "Feature", "properties": { "Field": "001", "Length": 490.18145393320009 }, "geometry": { "type": "LineString", "coordinates": [ [ -39.941697204976812, -18.234226107867773 ], [ -39.941684601, -18.234154246 ], [ -39.9416665, -18.234065543 ], [ -39.941649895, -18.233976574 ], [ -39.941635016, -18.233905687 ], [ -39.941608924, -18.233763256 ], [ -39.941600862, -18.233727937 ], [ -39.941588296, -18.233665826 ], [ -39.941576462, -18.233603584 ], [ -39.941569266, -18.233558923 ], [ -39.941556411, -18.233496866 ], [ -39.941546761, -18.233443432 ], [ -39.941533752, -18.233381404 ], [ -39.941525588, -18.233336896 ], [ -39.941519698, -18.233310375 ], [ -39.941484798, -18.233123544 ], [ -39.941466752, -18.233034832 ], [ -39.941458991, -18.232990258 ], [ -39.941453184, -18.23296372 ], [ -39.941438067, -18.232883677 ], [ -39.94142027, -18.232794918 ], [ -39.941407587, -18.232723643 ], [ -39.941387071, -18.232626185 ], [ -39.941372714, -18.232546014 ], [ -39.94134973, -18.2324306 ], [ -39.941343374, -18.232394965 ], [ -39.941327895, -18.232324196 ], [ -39.941314469, -18.232243878 ], [ -39.941294926, -18.232146237 ], [ -39.941280682, -18.232066049 ], [ -39.941265388, -18.231995242 ], [ -39.941253212, -18.23193306 ], [ -39.941240405, -18.231861805 ], [ -39.941232724, -18.231826409 ], [ -39.941209225, -18.231701895 ], [ -39.941193118, -18.231622029 ], [ -39.941188541, -18.231595272 ], [ -39.941184204, -18.231577679 ], [ -39.941181404, -18.231559803 ], [ -39.941164404, -18.231470902 ], [ -39.941135703, -18.23132893 ], [ -39.941128178, -18.231284319 ], [ -39.941112294, -18.231204412 ], [ -39.941104579, -18.231159831 ], [ -39.941086077, -18.231071204 ], [ -39.94106699, -18.230964301 ], [ -39.941039752, -18.230831264 ], [ -39.941027211, -18.230759965 ], [ -39.941013853, -18.230698005 ], [ -39.940994388, -18.230591164 ], [ -39.940977671, -18.230511413 ], [ -39.940971779, -18.230475704 ], [ -39.940956699, -18.230395655 ], [ -39.94093866, -18.230306941 ], [ -39.940920159, -18.230209116 ], [ -39.940914415, -18.230182565 ], [ -39.940909868, -18.230155803 ], [ -39.940898873, -18.230102607 ], [ -39.940877247, -18.229986954 ], [ -39.940868053, -18.22994263 ], [ -39.940855815, -18.229870195 ] ] } },
{ "type": "Feature", "properties": { "Field": "001", "Length": 489.90528099727453 }, "geometry": { "type": "LineString", "coordinates": [ [ -39.941685045, -18.234233332 ], [ -39.941677503, -18.234197462 ], [ -39.941662761, -18.234117355 ], [ -39.941650031, -18.234055274 ], [ -39.941640502, -18.23400182 ], [ -39.941621958, -18.233913201 ], [ -39.941601587, -18.23379734 ], [ -39.941583974, -18.233717765 ], [ -39.941566869, -18.233628882 ], [ -39.941554447, -18.233557565 ], [ -39.941539025, -18.233486784 ], [ -39.9415332, -18.233451066 ], [ -39.941503248, -18.233300121 ], [ -39.941482955, -18.233193421 ], [ -39.941480188, -18.233175541 ], [ -39.941453617, -18.23304238 ], [ -39.941447805, -18.23300666 ], [ -39.941416033, -18.232846847 ], [ -39.941406595, -18.232802569 ], [ -39.941392687, -18.232722327 ], [ -39.941372043, -18.232624893 ], [ -39.941355217, -18.232526791 ], [ -39.941347428, -18.232491417 ], [ -39.941321122, -18.232358208 ], [ -39.941313123, -18.232322876 ], [ -39.941306642, -18.232278116 ], [ -39.941295823, -18.232224887 ], [ -39.941291539, -18.232198085 ], [ -39.941276933, -18.232127147 ], [ -39.941265624, -18.232064816 ], [ -39.941247255, -18.231976163 ], [ -39.941227522, -18.231869368 ], [ -39.941207125, -18.231771887 ], [ -39.941202889, -18.231745079 ], [ -39.941189334, -18.23167395 ], [ -39.941183494, -18.231647418 ], [ -39.941174061, -18.231593949 ], [ -39.941157279, -18.23151421 ], [ -39.941133798, -18.231389693 ], [ -39.941121101, -18.231327606 ], [ -39.941108203, -18.231256366 ], [ -39.941098887, -18.231212065 ], [ -39.941087744, -18.231149706 ], [ -39.941074679, -18.231087689 ], [ -39.941067333, -18.231043051 ], [ -39.941061729, -18.231016473 ], [ -39.9410573, -18.230989693 ], [ -39.941026466, -18.230838911 ], [ -39.941014113, -18.230767582999988 ], [ -39.941008806, -18.230740949 ], [ -39.940998839, -18.230696778 ], [ -39.940981397, -18.230598774 ], [ -39.940962497, -18.230510224 ], [ -39.940940582, -18.230385447 ], [ -39.940925249, -18.230314649 ], [ -39.940905403, -18.230207872 ], [ -39.940871658, -18.230039218 ], [ -39.940842473, -18.229880268 ] ] } },
{ "type": "Feature", "properties": { "Field": "001", "Length": 489.64709511331193 }, "geometry": { "type": "LineString", "coordinates": [ [ -39.941672635944187, -18.234240704735505 ], [ -39.941657577, -18.23416935 ], [ -39.941632891, -18.234035859 ], [ -39.941605611, -18.233902829 ], [ -39.941588591, -18.233804758 ], [ -39.941581417, -18.233769265 ], [ -39.941577091, -18.233751669 ], [ -39.94156172, -18.23367167 ], [ -39.941554067, -18.233636268 ], [ -39.941540085, -18.233556038 ], [ -39.941524015, -18.233485389 ], [ -39.941508467, -18.233396245 ], [ -39.941489897, -18.233307631 ], [ -39.941475639, -18.233227445 ], [ -39.941463506, -18.233165255 ], [ -39.941451867, -18.233112184 ], [ -39.941431414, -18.232996336 ], [ -39.941393931, -18.232809963 ], [ -39.941380031, -18.232729719 ], [ -39.941368132, -18.2326767 ], [ -39.94135739, -18.232623457 ], [ -39.941343734, -18.232543175 ], [ -39.941331145, -18.232481068 ], [ -39.941323536, -18.23243647 ], [ -39.941300487, -18.232330282 ], [ -39.941295329, -18.232294471 ], [ -39.941290631, -18.232267733 ], [ -39.941264053, -18.232134574 ], [ -39.941257758, -18.232098928 ], [ -39.941244204, -18.232037007 ], [ -39.94121958, -18.231903505 ], [ -39.94120473000001, -18.231832613 ], [ -39.941197142, -18.231788012 ], [ -39.94118452, -18.231725911 ], [ -39.941174693, -18.231672507 ], [ -39.941168916, -18.231645962 ], [ -39.941157711, -18.231583614 ], [ -39.941140959, -18.231503869 ], [ -39.941126292, -18.23142375 ], [ -39.941108452, -18.231334999 ], [ -39.941097257, -18.231272649 ], [ -39.941084229, -18.231210625 ], [ -39.941073446, -18.231148208 ], [ -39.941060037, -18.231086258 ], [ -39.941049702, -18.231023773 ], [ -39.941013543, -18.23084636 ], [ -39.940996157, -18.230748347 ], [ -39.940984249, -18.230695331 ], [ -39.940966474, -18.230597382 ], [ -39.940949477, -18.230517685 ], [ -39.940942083, -18.230473054 ], [ -39.940927222, -18.230392967 ], [ -39.940912139, -18.23032212 ], [ -39.940896068, -18.230233061 ], [ -39.940858626, -18.230046681 ], [ -39.940829358, -18.22989017 ] ] } },
{ "type": "Feature", "properties": { "Field": "001", "Length": 489.44707262842229 }, "geometry": { "type": "LineString", "coordinates": [ [ -39.941659843, -18.234248305 ], [ -39.941644738, -18.234177116 ], [ -39.941621976, -18.234052477 ], [ -39.941600027, -18.233946077 ], [ -39.9415737, -18.233803685 ], [ -39.941543721, -18.233652745 ], [ -39.941529439, -18.233572563 ], [ -39.941509303, -18.233484262 ], [ -39.9414925, -18.233386156 ], [ -39.941475389, -18.233306481 ], [ -39.941466376, -18.233252945 ], [ -39.941445791, -18.233146296 ], [ -39.941433954, -18.233093265 ], [ -39.941413635, -18.232977396 ], [ -39.941384811, -18.232835446 ], [ -39.941367433, -18.232737433 ], [ -39.94134968, -18.232657886 ], [ -39.94134133, -18.232613409 ], [ -39.941334111, -18.232568752 ], [ -39.941323914, -18.232515411 ], [ -39.941306521, -18.232426579 ], [ -39.94128925, -18.232346935 ], [ -39.941277934, -18.23227545 ], [ -39.941259531, -18.232186804 ], [ -39.941246694, -18.232115554 ], [ -39.941229459, -18.232035903 ], [ -39.941220981, -18.231991449 ], [ -39.941212003, -18.231937908 ], [ -39.941204239, -18.231902528 ], [ -39.941172078, -18.231733592 ], [ -39.941162771, -18.231689288999988 ], [ -39.941141068, -18.231573649 ], [ -39.94113167, -18.231529363 ], [ -39.941108558, -18.231404784 ], [ -39.941099002, -18.231360529 ], [ -39.941077645, -18.23124483 ], [ -39.941042887, -18.231067162 ], [ -39.941035516, -18.231022528 ], [ -39.941008028, -18.230889537 ], [ -39.940979986, -18.230738257 ], [ -39.940964925, -18.230667406 ], [ -39.940950828, -18.230587193 ], [ -39.940935183, -18.230516457 ], [ -39.940917702, -18.23041846 ], [ -39.940897968, -18.230320855 ], [ -39.940885326, -18.230249573 ], [ -39.940837267, -18.230009926 ], [ -39.940817067, -18.22989945 ] ] } },
{ "type": "Feature", "properties": { "Field": "001", "Length": 489.21328895636765 }, "geometry": { "type": "LineString", "coordinates": [ [ -39.94164677895774, -18.234256066791943 ], [ -39.941628681, -18.234166978 ], [ -39.941602151, -18.234024621 ], [ -39.941578599, -18.233909311 ], [ -39.941569308, -18.233855819 ], [ -39.94155309, -18.233775974 ], [ -39.94152284, -18.233615891 ], [ -39.941490095, -18.233456257 ], [ -39.941478102, -18.233384872 ], [ -39.941461108, -18.233305174 ], [ -39.941449633, -18.23324287 ], [ -39.941440673, -18.233189327 ], [ -39.941418236, -18.233083019 ], [ -39.941399164, -18.232976114 ], [ -39.941377302, -18.232869697 ], [ -39.941359741, -18.232771713 ], [ -39.941331494, -18.232638868 ], [ -39.941324209, -18.232594221 ], [ -39.941313624, -18.232540949 ], [ -39.941300746, -18.232469705 ], [ -39.941274688, -18.232345657 ], [ -39.941267442, -18.232301004 ], [ -39.941248205, -18.232203308 ], [ -39.941235705, -18.232132003 ], [ -39.941211467, -18.232016824 ], [ -39.941200635, -18.231954415 ], [ -39.941186019, -18.231883478 ], [ -39.941171594, -18.231803319 ], [ -39.941150013, -18.23169685 ], [ -39.941131926, -18.231598953 ], [ -39.941117545, -18.231527973 ], [ -39.941106282, -18.231465634 ], [ -39.94108763, -18.231377036 ], [ -39.941066676, -18.23126127 ], [ -39.941046033, -18.231154631 ], [ -39.941038157, -18.231119274 ], [ -39.941028104, -18.231065908 ], [ -39.941019, -18.231012386 ], [ -39.940969532, -18.230763796 ], [ -39.940946668, -18.230639174 ], [ -39.940922684, -18.230523946 ], [ -39.940903489, -18.230417061 ], [ -39.940884979, -18.230328435 ], [ -39.940870544, -18.230248278 ], [ -39.940831622, -18.230052966 ], [ -39.940820372, -18.229990625 ], [ -39.940804149, -18.229909203 ] ] } },
{ "type": "Feature", "properties": { "Field": "001", "Length": 489.00090362293128 }, "geometry": { "type": "LineString", "coordinates": [ [ -39.941633752950764, -18.23426380575237 ], [ -39.941601901, -18.234103598 ], [ -39.941595783, -18.234067925 ], [ -39.941579665, -18.233988061 ], [ -39.941568424, -18.233925718 ], [ -39.941558759, -18.233881485 ], [ -39.94153346, -18.233748099 ], [ -39.94152248, -18.233685714 ], [ -39.941511038, -18.233632604 ], [ -39.941477387, -18.233463932 ], [ -39.94146309100001, -18.233383752 ], [ -39.941434784, -18.233241707 ], [ -39.941422131, -18.233170427 ], [ -39.941398863, -18.233055065 ], [ -39.941386293, -18.232983771 ], [ -39.941362723, -18.232868465 ], [ -39.941348319, -18.232788302 ], [ -39.941329701, -18.232699698 ], [ -39.94131894, -18.232637278 ], [ -39.941314703, -18.232619663 ], [ -39.941303882, -18.232566434 ], [ -39.941284785, -18.232459532 ], [ -39.941261946, -18.232353303 ], [ -39.941252992, -18.232299759 ], [ -39.941241779, -18.232246604 ], [ -39.94122961, -18.232175247 ], [ -39.941205311, -18.232060079 ], [ -39.941193384, -18.231988684 ], [ -39.941175184, -18.2319 ], [ -39.94115886, -18.231810983 ], [ -39.941143962, -18.2317401 ], [ -39.941099022, -18.231499901 ], [ -39.941084987, -18.231428858 ], [ -39.941079886, -18.231411453 ], [ -39.941071041, -18.231357892 ], [ -39.941063241, -18.231322519 ], [ -39.94104531, -18.231224596 ], [ -39.941016569, -18.231082631 ], [ -39.941003946, -18.231011346 ], [ -39.940967355, -18.230824811 ], [ -39.940955915, -18.230771701 ], [ -39.940937208, -18.230664737 ], [ -39.940912978, -18.230549556 ], [ -39.940894428, -18.230442566 ], [ -39.94087219, -18.230336221 ], [ -39.940864192, -18.230291685 ], [ -39.940832475, -18.230131862 ], [ -39.940807575, -18.229998407 ], [ -39.940791179, -18.229918995 ] ] } },
{ "type": "Feature", "properties": { "Field": "001", "Length": 488.77201718892934 }, "geometry": { "type": "LineString", "coordinates": [ [ -39.941620492, -18.234271684 ], [ -39.941591303, -18.234120526 ], [ -39.941579978, -18.234067393 ], [ -39.941558886, -18.23395165 ], [ -39.941536658, -18.233845302 ], [ -39.941502255, -18.233658388 ], [ -39.941466219, -18.233480952 ], [ -39.941456674, -18.233427501 ], [ -39.941438893, -18.233338739 ], [ -39.941432743, -18.233303071 ], [ -39.941406536, -18.233169844 ], [ -39.941366184, -18.232956404 ], [ -39.941353109, -18.232894388 ], [ -39.941338686, -18.232814229 ], [ -39.941288945, -18.232565688 ], [ -39.941274952, -18.232485459 ], [ -39.94126443, -18.232432175 ], [ -39.941248971, -18.232361402 ], [ -39.941238036, -18.23229901 ], [ -39.941225526, -18.232236888 ], [ -39.941214854, -18.232174454 ], [ -39.94119321, -18.232077219 ], [ -39.941176872, -18.231979042 ], [ -39.941156357, -18.231881584 ], [ -39.94115232, -18.231854748 ], [ -39.941140447, -18.231792512 ], [ -39.941132462, -18.231757178 ], [ -39.941125423, -18.23172166 ], [ -39.941110311, -18.231641616 ], [ -39.941105936, -18.231614828 ], [ -39.941073656, -18.231445913 ], [ -39.941048364, -18.23132172 ], [ -39.94103706, -18.231259388 ], [ -39.941002214, -18.231081735 ], [ -39.94099443, -18.231037165 ], [ -39.940956496, -18.230850875 ], [ -39.940936236, -18.230744169 ], [ -39.940927291, -18.230690623 ], [ -39.94089954, -18.230557683 ], [ -39.940880923, -18.230450704 ], [ -39.940868103, -18.23038864 ], [ -39.940849733, -18.230290792 ], [ -39.940832701, -18.230211101 ], [ -39.940813366, -18.230113423 ], [ -39.94080943, -18.230086573 ], [ -39.940796204, -18.230015388 ], [ -39.940786215, -18.229971221 ], [ -39.940778093, -18.229928875 ] ] } },
{ "type": "Feature", "properties": { "Field": "001", "Length": 488.5138938665832 }, "geometry": { "type": "LineString", "coordinates": [ [ -39.941607811, -18.234279218 ], [ -39.941561866, -18.234048059 ], [ -39.941540701, -18.233932328 ], [ -39.941516587, -18.233817125 ], [ -39.941485799, -18.233647955 ], [ -39.941455009, -18.233497164 ], [ -39.941450852, -18.233470345 ], [ -39.941442318, -18.2334259 ], [ -39.941430852, -18.233372795 ], [ -39.941411192, -18.233265986 ], [ -39.941384711, -18.233132809 ], [ -39.941376856, -18.233088250999984 ], [ -39.941349283, -18.232946074 ], [ -39.941338364, -18.232892864 ], [ -39.941322274, -18.232803808 ], [ -39.941305564, -18.232724055 ], [ -39.941287059, -18.23262623 ], [ -39.941275981, -18.232573049 ], [ -39.941260269, -18.232483932 ], [ -39.94123593, -18.232368772 ], [ -39.941229952, -18.232333077 ], [ -39.941211011, -18.232235328 ], [ -39.941201461, -18.232181877 ], [ -39.941178552, -18.232075662 ], [ -39.941163225, -18.231986484 ], [ -39.94114138, -18.231880064 ], [ -39.941137157, -18.231853254 ], [ -39.941125465, -18.231790987 ], [ -39.941117492, -18.23175565 ], [ -39.94110532, -18.231693467 ], [ -39.941099305, -18.231657778 ], [ -39.941086065, -18.231586595 ], [ -39.941082088, -18.231568924 ], [ -39.941075988, -18.231533248 ], [ -39.941051954, -18.231408827 ], [ -39.941035267, -18.23132907 ], [ -39.94099288, -18.231106797 ], [ -39.940983411, -18.231053334 ], [ -39.94096526900001, -18.230964639 ], [ -39.940957296, -18.230929302 ], [ -39.940950849, -18.230893681 ], [ -39.94093981, -18.230840493 ], [ -39.94092326, -18.230751515 ], [ -39.940912529, -18.23068909 ], [ -39.940891517, -18.230591728 ], [ -39.940874091, -18.230493722 ], [ -39.940846424, -18.230351563 ], [ -39.940840219, -18.230315903 ], [ -39.940829793, -18.230262602 ], [ -39.940801998, -18.23012967 ], [ -39.94078688, -18.230040459 ], [ -39.940764831118777, -18.229938887547082 ] ] } },
{ "type": "Feature", "properties": { "Field": "001", "Length": 488.31068028605614 }, "geometry": { "type": "LineString", "coordinates": [ [ -39.941595095, -18.234286773 ], [ -39.941587414, -18.234251208 ], [ -39.941577418, -18.234197832 ], [ -39.941559393, -18.234109116 ], [ -39.941533291, -18.233966686 ], [ -39.941508906, -18.233851535 ], [ -39.941487575, -18.233735832 ], [ -39.941476171, -18.233682714 ], [ -39.941460569, -18.233593579 ], [ -39.941456278, -18.233575976 ], [ -39.94142744, -18.233424833 ], [ -39.941415985, -18.233371725 ], [ -39.941403378, -18.233300437 ], [ -39.941389048, -18.233229448 ], [ -39.941374025, -18.233149389 ], [ -39.941370004, -18.233131727 ], [ -39.941362375, -18.233087132 ], [ -39.941349598, -18.233025061 ], [ -39.941304055, -18.232784965 ], [ -39.941289011, -18.23271411 ], [ -39.941279204, -18.232660703 ], [ -39.941261262, -18.23257197 ], [ -39.941251838, -18.2325185 ], [ -39.941238392, -18.232456557 ], [ -39.941232747, -18.232420812 ], [ -39.941224864, -18.232385457 ], [ -39.941189957, -18.232198627 ], [ -39.941184008, -18.232172118 ], [ -39.941179383, -18.232145369 ], [ -39.941175014, -18.232127783 ], [ -39.941170453, -18.232101024 ], [ -39.941164376, -18.232074541 ], [ -39.941154963, -18.232021068 ], [ -39.941143675, -18.231967928 ], [ -39.941131589, -18.231896558 ], [ -39.94111264, -18.23179881 ], [ -39.941101151, -18.23174571 ], [ -39.941084574, -18.231656735 ], [ -39.941080577, -18.231639069 ], [ -39.94105311, -18.231487693 ], [ -39.941015516, -18.23130134 ], [ -39.940968783, -18.231052267 ], [ -39.940957085, -18.230999208 ], [ -39.940947229, -18.230945808 ], [ -39.940923691, -18.230830496 ], [ -39.94091012, -18.23075937 ], [ -39.940894834, -18.230670186 ], [ -39.940877231, -18.230590608 ], [ -39.940851039, -18.230448194 ], [ -39.940832866, -18.230359505 ], [ -39.940804348, -18.230208306 ], [ -39.940790921, -18.23014636 ], [ -39.940772249, -18.23003939 ], [ -39.940752300100279, -18.22994834845764 ] ] } },
{ "type": "Feature", "properties": { "Field": "001", "Length": 488.15155627171919 }, "geometry": { "type": "LineString", "coordinates": [ [ -39.94158187, -18.23429463 ], [ -39.941546733, -18.234116785 ], [ -39.941516976, -18.233956618 ], [ -39.941489201, -18.233823681 ], [ -39.94147528, -18.233743441 ], [ -39.94146315, -18.23369047 ], [ -39.941446809, -18.233592294 ], [ -39.941440845, -18.233565788 ], [ -39.941416404, -18.233441439 ], [ -39.94140687, -18.233397181 ], [ -39.941388877, -18.233299268 ], [ -39.941379668, -18.233254947 ], [ -39.94134963, -18.233094828 ], [ -39.941336834, -18.23303276 ], [ -39.941318598, -18.232934888 ], [ -39.941312864, -18.232908336 ], [ -39.941253738, -18.232606306 ], [ -39.941239101, -18.232526182 ], [ -39.941230957, -18.23249088 ], [ -39.94122164, -18.232437392 ], [ -39.941205846, -18.232357469 ], [ -39.941196866, -18.232303928 ], [ -39.941188685, -18.232268634 ], [ -39.941177123, -18.232206345 ], [ -39.941168676, -18.232171109 ], [ -39.941164478, -18.232144295 ], [ -39.941158804, -18.232117731 ], [ -39.941156105, -18.232099841 ], [ -39.941137086, -18.232002106 ], [ -39.941127646, -18.231957829 ], [ -39.941118934, -18.231904248 ], [ -39.941112293, -18.23186866 ], [ -39.941081727, -18.231717828 ], [ -39.941066742, -18.231637763 ], [ -39.941050709, -18.231557883 ], [ -39.941046583, -18.231531059 ], [ -39.941038297, -18.231486571 ], [ -39.94100092, -18.231300179 ], [ -39.940962435, -18.2310956 ], [ -39.940940837, -18.230989134 ], [ -39.940919246, -18.230873475 ], [ -39.940915136, -18.230855832 ], [ -39.940895738, -18.230758165 ], [ -39.940878617, -18.23066011 ], [ -39.940861325, -18.23058047 ], [ -39.940828057, -18.230402541 ], [ -39.940809597, -18.230313906 ], [ -39.940795116, -18.230233756 ], [ -39.940776435, -18.230145164 ], [ -39.940757759, -18.230038194 ], [ -39.9407402530016, -18.229957444007365 ] ] } },
{ "type": "Feature", "properties": { "Field": "001", "Length": 487.96372519305964 }, "geometry": { "type": "LineString", "coordinates": [ [ -39.941569111, -18.23430221 ], [ -39.941546042, -18.234186737 ], [ -39.941525513, -18.234080078 ], [ -39.941519359, -18.23404441 ], [ -39.941508277, -18.233991231 ], [ -39.941496902, -18.23392891 ], [ -39.941476518, -18.233831427 ], [ -39.941462087, -18.233751268 ], [ -39.941456048, -18.233724778 ], [ -39.941443152, -18.233653537 ], [ -39.941439258, -18.23363585 ], [ -39.941435006, -18.233609044 ], [ -39.941429437, -18.233582459 ], [ -39.941424902, -18.233555696 ], [ -39.941394396, -18.233404852 ], [ -39.941372601, -18.233289228 ], [ -39.941366648, -18.23326272 ], [ -39.941354434, -18.233191369 ], [ -39.941336828, -18.233102576000011 ], [ -39.941330931, -18.233076056 ], [ -39.941314797, -18.232987008 ], [ -39.941284126, -18.232836195 ], [ -39.941265024, -18.232738474 ], [ -39.941252057, -18.232667246 ], [ -39.941244901, -18.232631749 ], [ -39.941238567, -18.232605321 ], [ -39.941228133, -18.232542851 ], [ -39.941218186, -18.232498675 ], [ -39.941197274, -18.232382902 ], [ -39.941172482, -18.232258617 ], [ -39.941167937, -18.232231855 ], [ -39.941152779, -18.232161023 ], [ -39.941141685, -18.232098656 ], [ -39.941108672, -18.23192987 ], [ -39.941101425, -18.231885217 ], [ -39.941084509, -18.231805504 ], [ -39.941073176, -18.231743175999988 ], [ -39.941063505, -18.231698945 ], [ -39.94105908, -18.231672164 ], [ -39.941042958, -18.231592301 ], [ -39.941021799, -18.231476569 ], [ -39.940963813, -18.23118353 ], [ -39.940947885, -18.231094448 ], [ -39.940918935, -18.230952521 ], [ -39.94091488, -18.230925688 ], [ -39.940906518, -18.230881213 ], [ -39.940881176, -18.23075703 ], [ -39.940871821, -18.230703548 ], [ -39.940834704, -18.230517108 ], [ -39.940823464, -18.230454766 ], [ -39.940806202, -18.23036591 ], [ -39.940790881, -18.23029511 ], [ -39.940780424, -18.230232643 ], [ -39.940760427, -18.230135086 ], [ -39.940737914, -18.230010406 ], [ -39.94072811103964, -18.229966611177115 ] ] } },
{ "type": "Feature", "properties": { "Field": "001", "Length": 487.79353332165073 }, "geometry": { "type": "LineString", "coordinates": [ [ -39.941556006, -18.234309996 ], [ -39.941498424, -18.234016301 ], [ -39.941480139, -18.233918438 ], [ -39.941461988, -18.233829745 ], [ -39.94145241, -18.233776299 ], [ -39.941434319, -18.233687595 ], [ -39.941411494, -18.233562967 ], [ -39.941352045, -18.233260995 ], [ -39.941337804, -18.233180806 ], [ -39.941314219, -18.233065502 ], [ -39.941305061, -18.233011989 ], [ -39.941296042, -18.232967632 ], [ -39.941289724, -18.232931991 ], [ -39.941283517, -18.232905536 ], [ -39.941273453, -18.232852171 ], [ -39.941260579, -18.232790118 ], [ -39.941241286, -18.232683248 ], [ -39.941224514, -18.232603507 ], [ -39.94119971, -18.232470036 ], [ -39.941178316, -18.232363532 ], [ -39.941156372, -18.232247934 ], [ -39.941150645, -18.23222138 ], [ -39.941125452, -18.232087975 ], [ -39.94109855, -18.231954875 ], [ -39.941087839, -18.231892447 ], [ -39.941064814, -18.23177704 ], [ -39.941056738, -18.231732518 ], [ -39.941049081, -18.231697117 ], [ -39.941031579, -18.231608305 ], [ -39.941005051, -18.231465947 ], [ -39.940968471, -18.23127941 ], [ -39.940958819, -18.231235175 ], [ -39.940955964, -18.231217307 ], [ -39.940940521, -18.231137321 ], [ -39.940928039, -18.231066013 ], [ -39.94091083, -18.230986357 ], [ -39.940895254, -18.230897218 ], [ -39.940869858, -18.230773045 ], [ -39.940857045, -18.230701791 ], [ -39.94083371, -18.230586441 ], [ -39.940819182, -18.230506299 ], [ -39.940801038, -18.230417604 ], [ -39.940789474, -18.230355316 ], [ -39.940778103, -18.230302191 ], [ -39.940763394, -18.230222079 ], [ -39.940749057, -18.230151091 ], [ -39.940724701, -18.230017544 ], [ -39.940715979131596, -18.229975616632615 ] ] } },
{ "type": "Feature", "properties": { "Field": "001", "Length": 487.77582306005985 }, "geometry": { "type": "LineString", "coordinates": [ [ -39.941541851, -18.23431786 ], [ -39.941523736, -18.234219817 ], [ -39.941499651, -18.234095405 ], [ -39.941457399, -18.2338823 ], [ -39.94144639, -18.23381992 ], [ -39.941433158, -18.233757935 ], [ -39.941428619, -18.233731173 ], [ -39.941420824, -18.233695799 ], [ -39.941399597, -18.233580078 ], [ -39.941383672, -18.233500179 ], [ -39.941372579, -18.233437812 ], [ -39.941347178, -18.233313639 ], [ -39.94132635, -18.233197852 ], [ -39.941316858, -18.233153585 ], [ -39.941305079, -18.233091334 ], [ -39.941299343, -18.233064782 ], [ -39.941281657, -18.232966818 ], [ -39.941268845, -18.232904753 ], [ -39.941255441, -18.232833598 ], [ -39.941242347, -18.232771587 ], [ -39.941231585, -18.232709167 ], [ -39.941206197, -18.232584992 ], [ -39.941196806, -18.232531516 ], [ -39.941158208, -18.232336146 ], [ -39.941123077, -18.232149355 ], [ -39.941084082, -18.231954057 ], [ -39.941071732, -18.231882728 ], [ -39.941058783, -18.231820689 ], [ -39.941038742, -18.231713945 ], [ -39.941030981, -18.231678565 ], [ -39.941022807, -18.231634059 ], [ -39.94100433, -18.231545427 ], [ -39.940976516, -18.231394109 ], [ -39.940954684, -18.231287687 ], [ -39.940946644, -18.231243158 ], [ -39.940926896, -18.231145555 ], [ -39.940908077, -18.231038609 ], [ -39.94089294, -18.230967772 ], [ -39.94088231, -18.230905332 ], [ -39.940869476, -18.230843271 ], [ -39.940842272, -18.230701029 ], [ -39.940824286, -18.230612306 ], [ -39.940806503, -18.230514358 ], [ -39.940784364, -18.230407994 ], [ -39.940774781, -18.230354549 ], [ -39.940757633, -18.230265674 ], [ -39.940746328, -18.230212537 ], [ -39.940732562, -18.230141445 ], [ -39.940723321, -18.230087945 ], [ -39.94071738, -18.230061434 ], [ -39.940708041, -18.230007949 ], [ -39.940702939, -18.229983494 ] ] } },
{ "type": "Feature", "properties": { "Field": "001", "Length": 487.70279242746761 }, "geometry": { "type": "LineString", "coordinates": [ [ -39.941529084960933, -18.234324952804677 ], [ -39.941516564, -18.234262346 ], [ -39.941507312, -18.234208847 ], [ -39.941480977, -18.234075644 ], [ -39.941474867, -18.234039969 ], [ -39.941458083, -18.23396023 ], [ -39.941453791, -18.23393343 ], [ -39.941436814, -18.233844525 ], [ -39.941418606, -18.233755842 ], [ -39.941391542, -18.233613577 ], [ -39.941380216, -18.233560444 ], [ -39.94135968, -18.23344461 ], [ -39.941333708, -18.233320545 ], [ -39.941320316, -18.233240222 ], [ -39.941296697, -18.233124925 ], [ -39.941282884, -18.233053842 ], [ -39.941268408, -18.232973691 ], [ -39.941227676, -18.232769509 ], [ -39.941213061, -18.232689382 ], [ -39.941190045, -18.232573973 ], [ -39.941180491, -18.232520524 ], [ -39.941162299, -18.232431838 ], [ -39.94113488, -18.232289635 ], [ -39.941122044, -18.232218384 ], [ -39.941095131, -18.232085286 ], [ -39.941084898, -18.232031951 ], [ -39.941073976, -18.231969557 ], [ -39.941064585, -18.23192527 ], [ -39.941058627, -18.231889572 ], [ -39.941043939, -18.231818649 ], [ -39.941009947, -18.231640845 ], [ -39.940986238, -18.231525565 ], [ -39.940967642, -18.231427756 ], [ -39.940953678, -18.231347522 ], [ -39.940940304, -18.231285565 ], [ -39.940923072, -18.231196705 ], [ -39.940913329, -18.231152488 ], [ -39.940905876, -18.231107866 ], [ -39.94087778, -18.230956596 ], [ -39.94085439, -18.230841256 ], [ -39.94082439, -18.23068113 ], [ -39.94080965, -18.230610217 ], [ -39.940789897, -18.230503425 ], [ -39.940771366, -18.230414803 ], [ -39.940746762, -18.230281298 ], [ -39.940740719, -18.230254808 ], [ -39.940731903, -18.230210414 ], [ -39.940698697, -18.230032475 ], [ -39.940690062054003, -18.229991271257681 ] ] } },
{ "type": "Feature", "properties": { "Field": "001", "Length": 487.55423333075288 }, "geometry": { "type": "LineString", "coordinates": [ [ -39.941516432, -18.234331982 ], [ -39.941498465, -18.234243102 ], [ -39.941465807, -18.23406507 ], [ -39.941457143, -18.234029882 ], [ -39.941450021, -18.233994379 ], [ -39.941431069, -18.233887454 ], [ -39.941405468, -18.233763319 ], [ -39.941382271, -18.233638753 ], [ -39.941363551, -18.233550168 ], [ -39.941350184, -18.233469841 ], [ -39.941338678, -18.233416743999985 ], [ -39.941309952, -18.233265582 ], [ -39.941297099, -18.233203524 ], [ -39.941289319, -18.233158953 ], [ -39.941270032, -18.233061266 ], [ -39.941244882, -18.232927854 ], [ -39.941237277, -18.232892443 ], [ -39.941229538, -18.232847865 ], [ -39.941209121, -18.232750388 ], [ -39.941167569, -18.232527971 ], [ -39.941123457, -18.232306006 ], [ -39.941111614, -18.232243765 ], [ -39.941107274, -18.232216972 ], [ -39.941084996, -18.232110634 ], [ -39.941073561, -18.232048324 ], [ -39.941067842, -18.23201259 ], [ -39.941051081, -18.231932847 ], [ -39.9410316, -18.231826009 ], [ -39.941016498, -18.231755165 ], [ -39.941008929, -18.231710561 ], [ -39.941003346, -18.231683979 ], [ -39.940990572, -18.231612718 ], [ -39.940973394, -18.231533056 ], [ -39.940961193, -18.231470879 ], [ -39.940945739, -18.23138172 ], [ -39.940928797, -18.231302012 ], [ -39.940917708, -18.231239644 ], [ -39.940899215, -18.231151016 ], [ -39.94088463, -18.231070883 ], [ -39.940872154, -18.231008755 ], [ -39.940862971, -18.230955246 ], [ -39.940855348, -18.230919838 ], [ -39.940827658, -18.230777683 ], [ -39.940816486, -18.23072452 ], [ -39.940807661, -18.230670956 ], [ -39.940795164, -18.230608832 ], [ -39.940782121, -18.230537616 ], [ -39.940756337, -18.230413516 ], [ -39.940746868, -18.230360052 ], [ -39.940722356, -18.230235717 ], [ -39.9407008, -18.230120051 ], [ -39.940675371010187, -18.230000145047981 ] ] } },
{ "type": "Feature", "properties": { "Field": "001", "Length": 487.48035802075043 }, "geometry": { "type": "LineString", "coordinates": [ [ -39.941503724940098, -18.234339041704377 ], [ -39.94148392, -18.23424129 ], [ -39.941454636, -18.234081043 ], [ -39.941433498, -18.233983707 ], [ -39.941416478, -18.233885635 ], [ -39.94139414, -18.233779309 ], [ -39.941383388, -18.233716888 ], [ -39.941371447, -18.233654664 ], [ -39.941355567, -18.233583976 ], [ -39.941348959, -18.233548383 ], [ -39.941343418, -18.233512623 ], [ -39.941322084, -18.233406109 ], [ -39.941302609, -18.23329927 ], [ -39.941283969, -18.233210669 ], [ -39.941247585, -18.233014912 ], [ -39.94122237, -18.232890705 ], [ -39.941214683, -18.232846119 ], [ -39.941187175, -18.232713132 ], [ -39.941156249, -18.232543985 ], [ -39.941143633, -18.232481884 ], [ -39.941132038, -18.2324196 ], [ -39.941106785, -18.2322954 ], [ -39.941093796, -18.232224175 ], [ -39.941084317, -18.232179906 ], [ -39.941078195, -18.232144233 ], [ -39.941066961, -18.232091082 ], [ -39.941049091, -18.231993149 ], [ -39.941034082, -18.231922288 ], [ -39.941018842, -18.231833095 ], [ -39.941001772, -18.231753412 ], [ -39.940995655, -18.231717739 ], [ -39.940981687, -18.231646683 ], [ -39.940975654, -18.231610996 ], [ -39.940960618, -18.23154014 ], [ -39.940942903, -18.231451366 ], [ -39.940933801, -18.231397844 ], [ -39.940913858, -18.231300278 ], [ -39.940899709, -18.231220073 ], [ -39.940884958, -18.231149162 ], [ -39.940873626, -18.231086835 ], [ -39.940857244, -18.231007019 ], [ -39.940847764, -18.230953557 ], [ -39.940841942, -18.230927022 ], [ -39.940820117, -18.230811403 ], [ -39.940801456, -18.230722807 ], [ -39.94077951, -18.230598034 ], [ -39.940765611, -18.230526966 ], [ -39.940750372, -18.230456149 ], [ -39.94072146, -18.23030502 ], [ -39.940712221, -18.230260704 ], [ -39.940700145, -18.230189332 ], [ -39.940667491, -18.230029681 ], [ -39.940662451017111, -18.230007949073777 ] ] } },
{ "type": "Feature", "properties": { "Field": "001", "Length": 487.42370605335316 }, "geometry": { "type": "LineString", "coordinates": [ [ -39.941490413938787, -18.234346436702481 ], [ -39.941477535, -18.234283842 ], [ -39.94146806700001, -18.234230378 ], [ -39.941459134, -18.234186005 ], [ -39.941445106, -18.234105781 ], [ -39.941420379, -18.233990697 ], [ -39.941401369, -18.233883781 ], [ -39.941389033, -18.233821628 ], [ -39.941379265, -18.233777416 ], [ -39.941365062, -18.23369722 ], [ -39.941339624, -18.233573055 ], [ -39.941328486, -18.233510695 ], [ -39.94129527, -18.233341945 ], [ -39.941286258, -18.23328841 ], [ -39.941262283, -18.23317318 ], [ -39.941234426, -18.233021869 ], [ -39.941215017, -18.232924204 ], [ -39.941209019, -18.232897705 ], [ -39.941198298, -18.232835279 ], [ -39.941172533, -18.232711175 ], [ -39.941129353, -18.232479856 ], [ -39.941105015, -18.232355489 ], [ -39.941090076, -18.232284614 ], [ -39.941080806, -18.232231119 ], [ -39.94106381, -18.232151421 ], [ -39.941049281, -18.232071279 ], [ -39.941039106, -18.23202715 ], [ -39.941033472, -18.231991404 ], [ -39.941027794, -18.231964841 ], [ -39.941007219, -18.231849013 ], [ -39.940967074, -18.231653928 ], [ -39.940960641, -18.231618305 ], [ -39.940956946, -18.231591424 ], [ -39.940948449, -18.231546973 ], [ -39.940929983, -18.231458339 ], [ -39.940918846, -18.231395979 ], [ -39.940897447, -18.231289477 ], [ -39.940883429, -18.231209252 ], [ -39.940871936, -18.231156151 ], [ -39.940837523, -18.230978422 ], [ -39.940833006, -18.230951656 ], [ -39.940827193, -18.230925119 ], [ -39.940814286, -18.23085388 ], [ -39.940799909, -18.230782899 ], [ -39.940788285, -18.230729825 ], [ -39.940769356, -18.230622895999989 ], [ -39.940752311, -18.230534003 ], [ -39.940742583, -18.230489783 ], [ -39.940713044, -18.230338763 ], [ -39.940707199, -18.230303048 ], [ -39.940681665, -18.230169703 ], [ -39.940672843, -18.230125309 ], [ -39.940649398084979, -18.230015833396816 ] ] } },
{ "type": "Feature", "properties": { "Field": "001", "Length": 487.04396309741105 }, "geometry": { "type": "LineString", "coordinates": [ [ -39.941476895, -18.234350592 ], [ -39.941463678, -18.234288547 ], [ -39.941449558, -18.234208338 ], [ -39.941427618, -18.234092739 ], [ -39.941406644, -18.23399537 ], [ -39.941399829, -18.233959812 ], [ -39.941389711, -18.233897294 ], [ -39.941385513, -18.23387967 ], [ -39.941365804, -18.23378206 ], [ -39.941351741, -18.233701842 ], [ -39.941333425, -18.23361318 ], [ -39.941306228, -18.233470937 ], [ -39.941291577, -18.233400007 ], [ -39.941267152, -18.233266472 ], [ -39.941253913, -18.233204489 ], [ -39.941223776, -18.233044385999989 ], [ -39.941210951, -18.232982323 ], [ -39.941201637, -18.232928835 ], [ -39.941184597, -18.232839941 ], [ -39.941178547, -18.232813452 ], [ -39.941144435, -18.23263567 ], [ -39.941129903, -18.232564717 ], [ -39.941118907, -18.232502335 ], [ -39.941091084, -18.232360203 ], [ -39.941085218, -18.232333677 ], [ -39.94107433500001, -18.232271276 ], [ -39.941063786, -18.232217997 ], [ -39.941057682, -18.23219152 ], [ -39.941035438, -18.232075974 ], [ -39.941027552, -18.232040619 ], [ -39.941022009, -18.23200486 ], [ -39.941014661, -18.231969399 ], [ -39.940995426, -18.23186252 ], [ -39.940972079, -18.231747173 ], [ -39.9409604, -18.23169411 ], [ -39.940953124, -18.231649461 ], [ -39.940942685, -18.231596163 ], [ -39.940936557, -18.231560491 ], [ -39.940915229, -18.231453976 ], [ -39.940905504, -18.231400554 ], [ -39.940887061, -18.231311916 ], [ -39.940873202, -18.231231665 ], [ -39.940837343, -18.231054197 ], [ -39.940823003, -18.230974024 ], [ -39.940811654, -18.230920895 ], [ -39.940796978, -18.230840778 ], [ -39.940778379, -18.230752169 ], [ -39.940768822, -18.23069872 ], [ -39.940752966, -18.230618807999988 ], [ -39.940738722, -18.230538619 ], [ -39.940727358, -18.230485493 ], [ -39.940711667, -18.230405552 ], [ -39.940695803, -18.230316459 ], [ -39.940676109, -18.230218846 ], [ -39.940659416, -18.230129892 ], [ -39.940637218091524, -18.23002319043993 ] ] } },
{ "type": "Feature", "properties": { "Field": "001", "Length": 486.30625028531063 }, "geometry": { "type": "LineString", "coordinates": [ [ -39.94146242, -18.234351798 ], [ -39.9414564, -18.23432508 ], [ -39.941453525, -18.234307215 ], [ -39.941431311, -18.234191663 ], [ -39.941421944, -18.234138183 ], [ -39.941393791, -18.23400532 ], [ -39.941375224, -18.233898333 ], [ -39.941356727, -18.233809705 ], [ -39.941332022, -18.233676217 ], [ -39.941322593, -18.233631938 ], [ -39.941297321, -18.233498546 ], [ -39.941277249, -18.233401004 ], [ -39.941260358, -18.233312084 ], [ -39.941251015, -18.2332586 ], [ -39.941241612, -18.233214316 ], [ -39.941221647, -18.233107559 ], [ -39.941200123, -18.233001079 ], [ -39.941173843, -18.23285868 ], [ -39.941160557, -18.232796706 ], [ -39.941147607, -18.232725474 ], [ -39.941132989, -18.232654537999988 ], [ -39.941121462, -18.232592243 ], [ -39.941115648, -18.232565706 ], [ -39.941104345, -18.232503374 ], [ -39.941098474, -18.232476849 ], [ -39.941086379, -18.232414652 ], [ -39.941078631, -18.232370076 ], [ -39.941067684, -18.232316871 ], [ -39.941053371, -18.232236693 ], [ -39.94104695, -18.232210285 ], [ -39.941032191, -18.232130181 ], [ -39.941018697, -18.232068248 ], [ -39.941011942, -18.23203268 ], [ -39.941004631, -18.231988036 ], [ -39.94099216, -18.231925908 ], [ -39.94098639, -18.231890181 ], [ -39.940942904, -18.231677304 ], [ -39.940932392, -18.231614845 ], [ -39.940926671, -18.23158829 ], [ -39.940920402, -18.23155264 ], [ -39.940897578, -18.231437198 ], [ -39.940891327, -18.231401545 ], [ -39.940869533, -18.231295116 ], [ -39.940859281, -18.231232618 ], [ -39.940837108, -18.23112626 ], [ -39.940831253, -18.231090546 ], [ -39.940825478, -18.231064002 ], [ -39.940780074, -18.230833072 ], [ -39.94075691, -18.230708501 ], [ -39.940733894, -18.230593093 ], [ -39.940719475, -18.230512932 ], [ -39.940706208, -18.230450954 ], [ -39.940688258, -18.230353035 ], [ -39.940660058, -18.230210971 ], [ -39.940633032, -18.230068699 ], [ -39.940624508133887, -18.230030867594188 ] ] } },
{ "type": "Feature", "properties": { "Field": "001", "Length": 485.5935554362382 }, "geometry": { "type": "LineString", "coordinates": [ [ -39.941448998945873, -18.234352916754602 ], [ -39.94143535, -18.234291033 ], [ -39.941404253, -18.234121915 ], [ -39.941381481, -18.234015672 ], [ -39.941361158, -18.233899803 ], [ -39.941335378, -18.233775702 ], [ -39.941323168, -18.233704351 ], [ -39.941310324, -18.233642292 ], [ -39.94128499, -18.233508912 ], [ -39.941266724, -18.23342024 ], [ -39.941252334, -18.233340075 ], [ -39.941246602, -18.233313522 ], [ -39.941236975, -18.233260084 ], [ -39.941223827, -18.233198083 ], [ -39.941202732, -18.23308234 ], [ -39.941176714, -18.232958285 ], [ -39.94117106, -18.232922541 ], [ -39.94115776400001, -18.232851368 ], [ -39.94114468, -18.232789355 ], [ -39.941135126, -18.232735905 ], [ -39.941122199, -18.232673861 ], [ -39.941100862, -18.232558159 ], [ -39.94108618, -18.232487235 ], [ -39.941062858, -18.23236269 ], [ -39.941046855, -18.232282805 ], [ -39.941039126, -18.232238226 ], [ -39.941031021, -18.232202916 ], [ -39.941018404, -18.23213163 ], [ -39.940999739, -18.232043034 ], [ -39.940992257, -18.231998417 ], [ -39.940981542, -18.231945169000014 ], [ -39.940967007, -18.231865027 ], [ -39.940931095, -18.231687569 ], [ -39.940916864, -18.231607378 ], [ -39.94088153, -18.231429813 ], [ -39.940870061, -18.231367508 ], [ -39.940860582, -18.231323239 ], [ -39.940845366, -18.231234043 ], [ -39.940837264, -18.231198733 ], [ -39.940830102, -18.231163237 ], [ -39.940791117, -18.230958744 ], [ -39.940772885, -18.230870067 ], [ -39.940748591, -18.230736509 ], [ -39.94072176, -18.230603396 ], [ -39.940713423, -18.230558918 ], [ -39.940710812, -18.230541016 ], [ -39.94069212, -18.230452425 ], [ -39.940679331, -18.230381167 ], [ -39.940649112, -18.230230271 ], [ -39.940617357, -18.230061265 ], [ -39.940612126146966, -18.230038346643941 ] ] } },
{ "type": "Feature", "properties": { "Field": "001", "Length": 484.53752372118743 }, "geometry": { "type": "LineString", "coordinates": [ [ -39.941434876, -18.23435125 ], [ -39.941420765, -18.234289338 ], [ -39.941409508, -18.234226998 ], [ -39.941388706, -18.234120388 ], [ -39.941366107, -18.234014112 ], [ -39.941360864, -18.233978311 ], [ -39.941356864, -18.233960646 ], [ -39.941346113, -18.233898224 ], [ -39.941317526, -18.233756231 ], [ -39.941272203, -18.233516097 ], [ -39.941255389, -18.233436364 ], [ -39.941237966, -18.233338358 ], [ -39.941222423, -18.23325839 ], [ -39.941207247, -18.233187561 ], [ -39.941198264, -18.23313402 ], [ -39.941189584, -18.233089602 ], [ -39.941175897, -18.233027707 ], [ -39.941161807, -18.232956673 ], [ -39.941146858, -18.232876602 ], [ -39.941141396, -18.232840831 ], [ -39.941098554, -18.232627834 ], [ -39.941092714, -18.232592118 ], [ -39.941076331, -18.232503111 ], [ -39.941070032, -18.232476676 ], [ -39.94105838, -18.232414402 ], [ -39.941052705, -18.232387838 ], [ -39.94104307, -18.232334402 ], [ -39.941035337, -18.232299016 ], [ -39.94102565, -18.232245588 ], [ -39.941016657, -18.232201226 ], [ -39.941002514, -18.232121021 ], [ -39.940988995, -18.232059093 ], [ -39.940957593, -18.231890026 ], [ -39.940941676, -18.231819345 ], [ -39.940919232, -18.231694654 ], [ -39.940909935, -18.231650349 ], [ -39.940886609, -18.231525806 ], [ -39.940865143, -18.231419316 ], [ -39.940839759, -18.231285944 ], [ -39.940826653, -18.231223934 ], [ -39.940805798, -18.231108152 ], [ -39.940791237, -18.231037205 ], [ -39.940774964, -18.230948179 ], [ -39.940751431, -18.230832867 ], [ -39.940723347, -18.230681594 ], [ -39.940712123, -18.230628442 ], [ -39.940701211, -18.230566046 ], [ -39.940687227, -18.230504212 ], [ -39.940680045, -18.23046872 ], [ -39.940661509, -18.230361728 ], [ -39.940627362, -18.230193148 ], [ -39.940606001, -18.23007745 ], [ -39.940598957031384, -18.230046301138803 ] ] } },
{ "type": "Feature", "properties": { "Field": "001", "Length": 483.43776193246606 }, "geometry": { "type": "LineString", "coordinates": [ [ -39.941420051, -18.234349273 ], [ -39.941407995, -18.234296008 ], [ -39.941400187, -18.234251442 ], [ -39.941381249, -18.234153692 ], [ -39.941358949, -18.234047358 ], [ -39.94134484, -18.233967148 ], [ -39.941315162, -18.233816153 ], [ -39.941307048, -18.233771637 ], [ -39.94129087, -18.233691784 ], [ -39.941273329, -18.233593797 ], [ -39.941247765, -18.233469655 ], [ -39.941228222, -18.233362827 ], [ -39.941212035, -18.233282976 ], [ -39.941200614, -18.233220663 ], [ -39.941192826, -18.233185288 ], [ -39.941176851, -18.233096213 ], [ -39.941161556, -18.233025407 ], [ -39.941145655, -18.232945504 ], [ -39.941134039, -18.232883224 ], [ -39.941126581, -18.232838603 ], [ -39.941098897, -18.232696446 ], [ -39.941087373, -18.232643352 ], [ -39.941070117, -18.232545319 ], [ -39.941045298, -18.232421039 ], [ -39.941031948, -18.232349875 ], [ -39.941013566, -18.232261225 ], [ -39.940989634, -18.232127608 ], [ -39.9409624, -18.23199457 ], [ -39.940948681, -18.231914297 ], [ -39.940923156, -18.231799372 ], [ -39.940904794, -18.231692353 ], [ -39.940881353, -18.231577023 ], [ -39.940861573, -18.231470235 ], [ -39.940838333, -18.231354868 ], [ -39.940828987, -18.231301385 ], [ -39.940811685, -18.231221747 ], [ -39.940796419, -18.231132559 ], [ -39.9407765, -18.231034988 ], [ -39.9407621, -18.230954824 ], [ -39.940743438, -18.230866228 ], [ -39.940725478, -18.23076831 ], [ -39.940695899, -18.230617298 ], [ -39.940686241, -18.230563866 ], [ -39.940668339, -18.230484349 ], [ -39.940653356, -18.230395117 ], [ -39.940632561, -18.230288505 ], [ -39.940617435, -18.230217667 ], [ -39.940594902, -18.23009299 ], [ -39.940586130000831, -18.230054049003705 ] ] } },
{ "type": "Feature", "properties": { "Field": "001", "Length": 481.77326531647941 }, "geometry": { "type": "LineString", "coordinates": [ [ -39.941402283941287, -18.234342394703049 ], [ -39.941393485, -18.23429789 ], [ -39.941386227, -18.234253239 ], [ -39.941374609, -18.234190959 ], [ -39.941362375, -18.234128788 ], [ -39.941348578, -18.234066916 ], [ -39.94134079900001, -18.234022345 ], [ -39.941336991, -18.23400464 ], [ -39.941332816, -18.233977823 ], [ -39.94132247, -18.233924508 ], [ -39.941316355, -18.233898034 ], [ -39.941295207, -18.233782299 ], [ -39.941268306, -18.233649199 ], [ -39.94125078, -18.23355121 ], [ -39.941227261, -18.233435894 ], [ -39.941201007, -18.23329349 ], [ -39.941194809, -18.233267033 ], [ -39.941188563, -18.233231379999985 ], [ -39.941172336, -18.233151536 ], [ -39.941166275, -18.233115853 ], [ -39.941120348, -18.232885018 ], [ -39.941111034, -18.232831529 ], [ -39.941087638, -18.232716191 ], [ -39.941074377, -18.232645012 ], [ -39.941068518, -18.232618484 ], [ -39.941061825, -18.232582905 ], [ -39.941057631, -18.232556091 ], [ -39.940992999, -18.232227463 ], [ -39.940980047, -18.232156232 ], [ -39.940971052, -18.232111871 ], [ -39.940966701, -18.232085079 ], [ -39.940941058, -18.231960952 ], [ -39.940935171, -18.231925244 ], [ -39.940929402, -18.231898698 ], [ -39.940926336, -18.231880862 ], [ -39.940913007, -18.231818897 ], [ -39.94089583200001, -18.23172085 ], [ -39.940870454, -18.231596673999988 ], [ -39.940849091, -18.231480976 ], [ -39.940824447, -18.231356664 ], [ -39.940816839, -18.231312066 ], [ -39.940799567, -18.231232423 ], [ -39.940791214, -18.231187947 ], [ -39.940783946, -18.231143297 ], [ -39.940772143, -18.231081049 ], [ -39.940759072, -18.231019033 ], [ -39.940744059, -18.230938973 ], [ -39.940713515, -18.230788136 ], [ -39.940704509, -18.2307346 ], [ -39.940692731, -18.230672348 ], [ -39.940686876, -18.230645819 ], [ -39.940668206, -18.230548023 ], [ -39.940651316, -18.230468304 ], [ -39.940644802, -18.230432695 ], [ -39.940637791, -18.230388008 ], [ -39.940601743, -18.230210574 ], [ -39.940580927, -18.230094785 ], [ -39.940573843, -18.230061471 ] ] } },
{ "type": "Feature", "properties": { "Field": "001", "Length": 480.13367203656537 }, "geometry": { "type": "LineString", "coordinates": [ [ -39.941387067910902, -18.234335999561104 ], [ -39.941378072, -18.234291684 ], [ -39.941368868, -18.234238178 ], [ -39.941357049, -18.234175933 ], [ -39.94133675, -18.234078434 ], [ -39.941327666, -18.234024909 ], [ -39.941315774, -18.233962677 ], [ -39.941308383, -18.233927224 ], [ -39.941303912, -18.233909662 ], [ -39.941272903, -18.233740529 ], [ -39.941252544, -18.23364304 ], [ -39.941236755, -18.233553935 ], [ -39.941218921, -18.233465184 ], [ -39.941212806, -18.233438709 ], [ -39.94120119, -18.233367267 ], [ -39.941182378, -18.2332787 ], [ -39.941174349, -18.23323417 ], [ -39.941160059, -18.233163173 ], [ -39.941152242, -18.233118608 ], [ -39.941104276, -18.232878944 ], [ -39.941076144, -18.232727679 ], [ -39.94106858, -18.23269226 ], [ -39.9410513, -18.232603408 ], [ -39.941028045, -18.232478853 ], [ -39.941008158, -18.232381275 ], [ -39.94100065, -18.232336662 ], [ -39.940990887, -18.232292449 ], [ -39.940983217, -18.232247861 ], [ -39.94097716, -18.232221374 ], [ -39.940968356, -18.232176977 ], [ -39.940952359, -18.232087906 ], [ -39.940927228, -18.231963684 ], [ -39.940917845, -18.231910206 ], [ -39.94089921, -18.231821605 ], [ -39.940893471, -18.231785874 ], [ -39.940880419, -18.231714659 ], [ -39.940856087, -18.231599498 ], [ -39.940831986, -18.231465909 ], [ -39.940817967, -18.231394862 ], [ -39.940812058, -18.231368345 ], [ -39.940802605, -18.231314879 ], [ -39.940782257, -18.231217388 ], [ -39.940754808, -18.231066009 ], [ -39.940745319, -18.231021742 ], [ -39.940728253, -18.230932852 ], [ -39.940715305, -18.230870813 ], [ -39.940707332, -18.230826273 ], [ -39.940697872, -18.230782 ], [ -39.940683858, -18.230701774 ], [ -39.940672829, -18.230648584 ], [ -39.940651167, -18.230532937 ], [ -39.940638025, -18.230470935 ], [ -39.940622261, -18.230381826 ], [ -39.940598145, -18.230266623 ], [ -39.940566851, -18.230097538 ], [ -39.940560980090886, -18.230069733430444 ] ] } },
{ "type": "Feature", "properties": { "Field": "001", "Length": 478.41965711130558 }, "geometry": { "type": "LineString", "coordinates": [ [ -39.94137120599089, -18.234329332956531 ], [ -39.941365648, -18.2343028 ], [ -39.941349922, -18.234213685 ], [ -39.941318141, -18.234053873 ], [ -39.941301815, -18.233964856 ], [ -39.941286894, -18.233893978 ], [ -39.941274217, -18.233822701 ], [ -39.94123846, -18.233645214 ], [ -39.941186438, -18.233369503 ], [ -39.94117041, -18.233289622 ], [ -39.941164434, -18.233263118 ], [ -39.941138261, -18.2331207 ], [ -39.941127079, -18.23306754 ], [ -39.941120821, -18.233031889 ], [ -39.941102982, -18.232943138 ], [ -39.941089861, -18.232881131 ], [ -39.941060156, -18.232720955 ], [ -39.941031763, -18.232578926 ], [ -39.941014089, -18.232480961 ], [ -39.940995558, -18.23239234 ], [ -39.940989265, -18.232356694 ], [ -39.940974997, -18.232285693 ], [ -39.940967187, -18.232241127 ], [ -39.940946862, -18.232143632 ], [ -39.940934538, -18.232072299 ], [ -39.940915042, -18.23197465 ], [ -39.940903909, -18.231912289 ], [ -39.940885108, -18.23182372 ], [ -39.940879589, -18.231787957 ], [ -39.940871211, -18.231743486 ], [ -39.940853272, -18.231654753 ], [ -39.940839771, -18.231592822 ], [ -39.940824579, -18.231503622 ], [ -39.940803953, -18.23139698 ], [ -39.940794577, -18.231352691 ], [ -39.940786798, -18.23130812 ], [ -39.940767977, -18.231219554 ], [ -39.940763561, -18.231192773 ], [ -39.940749613, -18.231121713 ], [ -39.940740432, -18.231068204 ], [ -39.940720474, -18.23097064 ], [ -39.940694818, -18.230837315 ], [ -39.940683737, -18.230784136 ], [ -39.940670146, -18.230703843 ], [ -39.940655326, -18.230632945 ], [ -39.940635408, -18.230526181 ], [ -39.940622114, -18.230464208 ], [ -39.940604263, -18.230366272 ], [ -39.940588977, -18.230295464 ], [ -39.940555272, -18.230108434 ], [ -39.940548475, -18.230078166 ] ] } },
{ "type": "Feature", "properties": { "Field": "001", "Length": 476.6766897318883 }, "geometry": { "type": "LineString", "coordinates": [ [ -39.941355082, -18.234322556 ], [ -39.941338652, -18.234233124 ], [ -39.94133127, -18.234188491 ], [ -39.94131284, -18.23409985 ], [ -39.941284021, -18.233948704 ], [ -39.941271134, -18.233886653 ], [ -39.941262473, -18.233833065 ], [ -39.941251039, -18.233779953 ], [ -39.941224632, -18.233646762 ], [ -39.941220002, -18.233620014 ], [ -39.941186897, -18.233451244 ], [ -39.941175907, -18.233388861 ], [ -39.941148551, -18.233255845 ], [ -39.941124457, -18.233122255 ], [ -39.941090384, -18.232953661 ], [ -39.941079061, -18.232891332 ], [ -39.941057066, -18.23278494 ], [ -39.941044317, -18.232713676 ], [ -39.941016067, -18.232571621 ], [ -39.941003671, -18.232500299 ], [ -39.940977817, -18.232376212 ], [ -39.940964043, -18.232305122 ], [ -39.940953217, -18.232242712 ], [ -39.940932899, -18.232145216 ], [ -39.940917015, -18.232056127 ], [ -39.940894079, -18.231940704 ], [ -39.940889639, -18.231913926 ], [ -39.940876192, -18.231851984 ], [ -39.940862282, -18.231771741 ], [ -39.940820916, -18.231567676 ], [ -39.94080353, -18.231469664 ], [ -39.94077871, -18.231345384 ], [ -39.940765539, -18.231274189 ], [ -39.940752519, -18.231212164 ], [ -39.940719187, -18.231034246 ], [ -39.940715178, -18.231016582 ], [ -39.940669847, -18.230785639 ], [ -39.940654398, -18.23069648 ], [ -39.940641307, -18.230634468 ], [ -39.940629899, -18.230572153 ], [ -39.940608039, -18.230465736 ], [ -39.940586705, -18.230350033 ], [ -39.940563003, -18.230234752 ], [ -39.94054281, -18.230118862 ], [ -39.940535714002323, -18.230086770010512 ] ] } },
{ "type": "Feature", "properties": { "Field": "001", "Length": 474.50126083842707 }, "geometry": { "type": "LineString", "coordinates": [ [ -39.941338387868583, -18.234311901269901 ], [ -39.941311126, -18.234160446 ], [ -39.941299677, -18.234107337 ], [ -39.941283737, -18.23402744 ], [ -39.941277722, -18.233991751 ], [ -39.941260435, -18.2339029 ], [ -39.941247563, -18.233831656 ], [ -39.941228806, -18.233743078 ], [ -39.941213313, -18.233663101 ], [ -39.941198802, -18.233582956 ], [ -39.941172399, -18.233449764 ], [ -39.941162956, -18.233396297 ], [ -39.941147791, -18.233325465 ], [ -39.941101445, -18.233076326 ], [ -39.941088479, -18.23301429 ], [ -39.941066337, -18.232898726 ], [ -39.941044353, -18.232792331999988 ], [ -39.941036552, -18.232747765 ], [ -39.940995008, -18.232534533 ], [ -39.940990449, -18.232507773 ], [ -39.940964959, -18.232383618 ], [ -39.940953987, -18.232321231 ], [ -39.940946262, -18.232285844 ], [ -39.940939663, -18.232250249 ], [ -39.940931321, -18.232214989 ], [ -39.94090922, -18.232090242 ], [ -39.940895821, -18.232019086 ], [ -39.940864045, -18.231859273 ], [ -39.940847572, -18.231770282 ], [ -39.9408397, -18.231734924 ], [ -39.940831898, -18.231690356 ], [ -39.940805084, -18.23155724 ], [ -39.940793913, -18.231494886 ], [ -39.940783066, -18.231441662 ], [ -39.940742614, -18.231228239 ], [ -39.940720996, -18.231121777 ], [ -39.940711798, -18.23106827 ], [ -39.940698685, -18.231006262 ], [ -39.940682036, -18.2309173 ], [ -39.940665611, -18.230837493 ], [ -39.940645358, -18.230730786 ], [ -39.940637734, -18.230686191 ], [ -39.940624871, -18.230624135 ], [ -39.940595877, -18.23047302 ], [ -39.940591829, -18.230455364 ], [ -39.940561855, -18.230295233 ], [ -39.940552159, -18.230251007 ], [ -39.940529654, -18.230126326 ], [ -39.940522933012154, -18.230095388055947 ] ] } },
{ "type": "Feature", "properties": { "Field": "001", "Length": 472.26158822397758 }, "geometry": { "type": "LineString", "coordinates": [ [ -39.941323077860531, -18.234300217316537 ], [ -39.941310205, -18.234237137 ], [ -39.941297641, -18.234165842 ], [ -39.941266937, -18.234015036 ], [ -39.941242881, -18.233881439 ], [ -39.941215097, -18.233748505 ], [ -39.941207393, -18.233703922 ], [ -39.941195056, -18.233641769 ], [ -39.941192395, -18.233623874 ], [ -39.941180641, -18.233561618 ], [ -39.941174859, -18.233535075 ], [ -39.94115458, -18.233428372 ], [ -39.941134438, -18.233330843 ], [ -39.94112201, -18.233259526 ], [ -39.941109289, -18.233197444 ], [ -39.941081413, -18.233046136 ], [ -39.94106818800001, -18.23298415 ], [ -39.941051175, -18.232895251 ], [ -39.941038158, -18.232833225 ], [ -39.941025481, -18.232761949 ], [ -39.941010766, -18.232691031 ], [ -39.940994737, -18.232601965 ], [ -39.940965443, -18.232460103 ], [ -39.940951204, -18.232379914 ], [ -39.94092838, -18.232264471 ], [ -39.940916229, -18.232211504 ], [ -39.940902171, -18.232131286 ], [ -39.940885012, -18.232042412 ], [ -39.940878963, -18.232006728 ], [ -39.940840161, -18.231811395 ], [ -39.940831217, -18.231757849 ], [ -39.940821445, -18.231713638 ], [ -39.940813581, -18.23166908 ], [ -39.94080602, -18.231633661 ], [ -39.940794456, -18.231571372 ], [ -39.940778188, -18.231491536 ], [ -39.940763758, -18.231411377 ], [ -39.940740772, -18.231295963 ], [ -39.940729456, -18.231233633 ], [ -39.940716513, -18.231171593 ], [ -39.940691553, -18.231038148 ], [ -39.940683855, -18.231002755 ], [ -39.940648102, -18.230816072 ], [ -39.940630183, -18.230727335 ], [ -39.940621028, -18.230673822 ], [ -39.940592373, -18.230531841 ], [ -39.940581514, -18.230469437 ], [ -39.940558134, -18.230354095 ], [ -39.940548637, -18.230300636 ], [ -39.940510436, -18.230103815 ] ] } },
{ "type": "Feature", "properties": { "Field": "001", "Length": 469.48843927183231 }, "geometry": { "type": "LineString", "coordinates": [ [ -39.941306102969733, -18.234284342845843 ], [ -39.941251874, -18.234008143 ], [ -39.941232329, -18.233901315 ], [ -39.941219949, -18.23383917 ], [ -39.941213878, -18.233812686 ], [ -39.941202641, -18.233750343 ], [ -39.941198344, -18.233732741 ], [ -39.941168829, -18.233572533 ], [ -39.941159033, -18.233528326 ], [ -39.941153064, -18.23349263 ], [ -39.941120872, -18.233332893 ], [ -39.941101239, -18.23322608 ], [ -39.941090222, -18.233172888 ], [ -39.941082519, -18.233128305 ], [ -39.941071566, -18.233075101 ], [ -39.941066857, -18.233048365 ], [ -39.941053805, -18.232986345 ], [ -39.941009761, -18.232755175 ], [ -39.940995267, -18.232684216 ], [ -39.940978, -18.232586184 ], [ -39.940956483, -18.232488923 ], [ -39.94093607, -18.232373069 ], [ -39.940920148, -18.232293169 ], [ -39.940903054, -18.23221349 ], [ -39.940886871, -18.232124449 ], [ -39.940875739, -18.232071279 ], [ -39.940858374, -18.231973263 ], [ -39.940841344, -18.231893572 ], [ -39.940835478, -18.23185786 ], [ -39.940817523, -18.231759942 ], [ -39.94080989, -18.231724536 ], [ -39.940801299, -18.231680101 ], [ -39.940796903, -18.231653316 ], [ -39.940764635, -18.231493594 ], [ -39.94075, -18.231413469 ], [ -39.940719967, -18.231262539 ], [ -39.940703824, -18.231173492 ], [ -39.940683873, -18.231075927 ], [ -39.94067272, -18.23101357 ], [ -39.940658295, -18.230942598 ], [ -39.940615286, -18.230720434 ], [ -39.940602795, -18.230649128 ], [ -39.940581779, -18.230551767 ], [ -39.940562977, -18.230444818 ], [ -39.940542576, -18.230347337 ], [ -39.940528937000011, -18.230276223 ], [ -39.940524502, -18.230249445 ], [ -39.940512057, -18.230187311 ], [ -39.94050767, -18.230160525 ], [ -39.940497019099418, -18.230112861444901 ] ] } },
{ "type": "Feature", "properties": { "Field": "001", "Length": 465.70322991948029 }, "geometry": { "type": "LineString", "coordinates": [ [ -39.941287495729327, -18.234259047658647 ], [ -39.941258794, -18.234116814 ], [ -39.941254249, -18.234090053 ], [ -39.941234666, -18.233992419 ], [ -39.941223654, -18.233930039 ], [ -39.941214123, -18.23388578 ], [ -39.9412005, -18.233814663 ], [ -39.941189461, -18.233761475 ], [ -39.941186601, -18.233743608 ], [ -39.941182649, -18.233725933 ], [ -39.941173737, -18.233672382 ], [ -39.941156102, -18.233583594 ], [ -39.941146499, -18.233539348 ], [ -39.941133986, -18.233468046 ], [ -39.941115603, -18.233379396 ], [ -39.941079263, -18.233183631 ], [ -39.941041194, -18.232997367 ], [ -39.941006093, -18.23281057 ], [ -39.940981103, -18.232686322 ], [ -39.940964053, -18.232588256 ], [ -39.940946107, -18.232508748 ], [ -39.940938894, -18.232473262 ], [ -39.9409336, -18.232437468 ], [ -39.940924224, -18.23238399 ], [ -39.940918135, -18.23235751 ], [ -39.940904496, -18.232286396 ], [ -39.940896423, -18.232251079 ], [ -39.940882204, -18.232170886 ], [ -39.940861935, -18.232073381 ], [ -39.940844241, -18.231975419 ], [ -39.940822728, -18.231868937 ], [ -39.940803716, -18.231762022 ], [ -39.940790598, -18.231700015 ], [ -39.940780907, -18.231646588 ], [ -39.940740795000011, -18.231442294 ], [ -39.940727875, -18.231371057 ], [ -39.940718257, -18.231326815 ], [ -39.940697407, -18.231220213 ], [ -39.940678028, -18.231113358 ], [ -39.940671418, -18.231086992 ], [ -39.940661325, -18.231033633 ], [ -39.940655593, -18.230997901 ], [ -39.940630372, -18.230873695 ], [ -39.940622402, -18.230829155 ], [ -39.940601547, -18.230722554 ], [ -39.940591079, -18.230660089 ], [ -39.940567196, -18.23055407 ], [ -39.940551248, -18.230455834 ], [ -39.940534169, -18.230376153 ], [ -39.940514791, -18.230278482 ], [ -39.940501897, -18.230207241 ], [ -39.940491435, -18.230153947 ], [ -39.94048429, -18.230121445 ] ] } },
{ "type": "Feature", "properties": { "Field": "001", "Length": 461.53338431022058 }, "geometry": { "type": "LineString", "coordinates": [ [ -39.941266571, -18.234230602 ], [ -39.941235994, -18.234070389 ], [ -39.94121591, -18.233972849 ], [ -39.941212117, -18.23394598 ], [ -39.941205899, -18.233910322 ], [ -39.941190014, -18.233839635 ], [ -39.941174866, -18.233759598 ], [ -39.941162588, -18.233688258 ], [ -39.941141778, -18.233590856 ], [ -39.941116006, -18.233448372 ], [ -39.941090289, -18.233324259 ], [ -39.941079036, -18.233261918 ], [ -39.941058157, -18.233155322 ], [ -39.94105129, -18.233110614 ], [ -39.941036972, -18.23304885 ], [ -39.941026239, -18.232995605 ], [ -39.941015206, -18.232933228 ], [ -39.940997225, -18.232844504 ], [ -39.940982447, -18.232764403 ], [ -39.940966421, -18.232684522 ], [ -39.940956991, -18.232631052 ], [ -39.940927741, -18.232489182 ], [ -39.94091536, -18.232417858 ], [ -39.940897304, -18.232329147 ], [ -39.940891063, -18.232293493 ], [ -39.940877752, -18.232231524 ], [ -39.940867345, -18.232169049 ], [ -39.94085054, -18.232089314 ], [ -39.940829516, -18.23197356 ], [ -39.940814304, -18.231902737 ], [ -39.940790076, -18.231769169 ], [ -39.940768499, -18.2316627 ], [ -39.940752388, -18.231573647 ], [ -39.940723662, -18.23143168 ], [ -39.94070935, -18.231351502 ], [ -39.94069511, -18.231280496 ], [ -39.940679906, -18.231209672 ], [ -39.940676498, -18.231191893 ], [ -39.940671156, -18.231156106 ], [ -39.940664541, -18.231120514 ], [ -39.940652792, -18.231067465 ], [ -39.940640372, -18.230996147 ], [ -39.940632743, -18.23096074 ], [ -39.940601171, -18.230800891 ], [ -39.940579377, -18.230676094 ], [ -39.940562367, -18.230605646 ], [ -39.940555178, -18.230570156 ], [ -39.940548956, -18.230534499 ], [ -39.940539831, -18.230471842 ], [ -39.940534874, -18.230445147 ], [ -39.940511868, -18.23033895 ], [ -39.940480467, -18.230169884 ], [ -39.940471629120864, -18.230129981545716 ] ] } },
{ "type": "Feature", "properties": { "Field": "001", "Length": 457.83495809089214 }, "geometry": { "type": "LineString", "coordinates": [ [ -39.941248392, -18.234205888 ], [ -39.941233235, -18.234134299 ], [ -39.94121995, -18.234063124 ], [ -39.941205545, -18.233992148 ], [ -39.941195138, -18.233929673 ], [ -39.941174248, -18.233832287 ], [ -39.941162485, -18.233770033 ], [ -39.941150294, -18.233698679 ], [ -39.94112054, -18.233556905 ], [ -39.941101328, -18.233450022 ], [ -39.941083995, -18.233361179 ], [ -39.941070967, -18.233299155 ], [ -39.941061313, -18.233245722 ], [ -39.94104216, -18.233148011 ], [ -39.941036302, -18.233112298 ], [ -39.941013774, -18.233006008 ], [ -39.940999595, -18.232925808 ], [ -39.940978015, -18.232819339 ], [ -39.940952973, -18.232685908 ], [ -39.940916879, -18.232508483 ], [ -39.940906036, -18.232446076 ], [ -39.940876636, -18.232295032 ], [ -39.940865134, -18.232241934 ], [ -39.940852825, -18.232170599 ], [ -39.940841682, -18.232117431 ], [ -39.940817214, -18.231983902 ], [ -39.940799975, -18.231904252 ], [ -39.940775633, -18.231770703 ], [ -39.940769978, -18.231744135 ], [ -39.940767044, -18.231726279 ], [ -39.940753843, -18.231664288 ], [ -39.9407346, -18.231557411 ], [ -39.940722679, -18.231504397 ], [ -39.940716593, -18.231468719 ], [ -39.940687636, -18.231317597 ], [ -39.940667354, -18.231220094 ], [ -39.940656687, -18.231157659 ], [ -39.940638289, -18.231069012 ], [ -39.940625614, -18.230997735 ], [ -39.940614547, -18.230944553 ], [ -39.940593823, -18.230837929 ], [ -39.94058201, -18.230775683 ], [ -39.940566656, -18.230686508 ], [ -39.940542748, -18.230580494 ], [ -39.94052184, -18.230455559 ], [ -39.940497256, -18.230340447 ], [ -39.940471916, -18.230197892 ], [ -39.940459773, -18.230137976 ] ] } },
{ "type": "Feature", "properties": { "Field": "001", "Length": 453.92841576805318 }, "geometry": { "type": "LineString", "coordinates": [ [ -39.941228791, -18.234179242 ], [ -39.941218721, -18.234134465 ], [ -39.941192786, -18.23400119 ], [ -39.941185216, -18.233956586 ], [ -39.941165705, -18.233858939 ], [ -39.941159709, -18.23383244 ], [ -39.94112841, -18.233663355 ], [ -39.941106554, -18.233556938 ], [ -39.941091325, -18.233476914 ], [ -39.941086955, -18.233450126 ], [ -39.941060171, -18.233317004 ], [ -39.941042415, -18.233219052 ], [ -39.941029466, -18.233157013 ], [ -39.941020382, -18.233103489 ], [ -39.940996232, -18.232988292 ], [ -39.940988612, -18.232943696 ], [ -39.940960697, -18.232801581 ], [ -39.940949562, -18.232748411 ], [ -39.940929557, -18.232641661 ], [ -39.940912829, -18.232561912 ], [ -39.940888686, -18.23242833 ], [ -39.940849202, -18.232233121 ], [ -39.940839723, -18.232179659 ], [ -39.940825531, -18.232108644 ], [ -39.940818263, -18.232063994 ], [ -39.940809834, -18.232019531 ], [ -39.940804287, -18.231992943 ], [ -39.94079139, -18.231940138 ], [ -39.940784082, -18.231895494 ], [ -39.940765541, -18.231797675 ], [ -39.94075345000001, -18.231726306 ], [ -39.940743258, -18.231682181 ], [ -39.94073795, -18.231655548 ], [ -39.940725236, -18.231584278 ], [ -39.940708587, -18.231504513 ], [ -39.940704306, -18.231477711 ], [ -39.940682728, -18.231371242 ], [ -39.940673324, -18.231317768 ], [ -39.940664002, -18.231273468 ], [ -39.940649256, -18.231193362 ], [ -39.940632231, -18.231122917 ], [ -39.940624248, -18.231069233 ], [ -39.940614986, -18.231015736 ], [ -39.940599902, -18.230944889 ], [ -39.940587201, -18.230873616 ], [ -39.940567508, -18.230776003 ], [ -39.940553933, -18.230695708 ], [ -39.940532263, -18.230598479 ], [ -39.940517613, -18.230509196 ], [ -39.940491939, -18.230385075 ], [ -39.940485472, -18.230349458 ], [ -39.940474471, -18.230296263 ], [ -39.940455216, -18.230180228 ], [ -39.940447766019432, -18.230146072089056 ] ] } },
{ "type": "Feature", "properties": { "Field": "001", "Length": 449.88422954443007 }, "geometry": { "type": "LineString", "coordinates": [ [ -39.941208446, -18.234151585 ], [ -39.941189817, -18.234062043 ], [ -39.941172253, -18.233964059 ], [ -39.941143354, -18.233822124 ], [ -39.941130689, -18.233750845 ], [ -39.941119774, -18.233697634 ], [ -39.941108351, -18.233635322 ], [ -39.941091688, -18.23355556 ], [ -39.941072309, -18.233448704 ], [ -39.941050404, -18.233342296 ], [ -39.941038843, -18.233280007 ], [ -39.941029834, -18.233226471 ], [ -39.941018434, -18.233173352 ], [ -39.941007264, -18.233110998 ], [ -39.940995417, -18.233057969 ], [ -39.94098403200001, -18.23299565 ], [ -39.940968099, -18.232915752 ], [ -39.940958581, -18.232862296 ], [ -39.940934765, -18.232747037 ], [ -39.94091679, -18.232649121 ], [ -39.940900028, -18.232569378 ], [ -39.940874592, -18.232426839 ], [ -39.94086138, -18.23236485 ], [ -39.940843666, -18.232276076 ], [ -39.94083084, -18.232204824 ], [ -39.940817732, -18.232142815 ], [ -39.940811223, -18.232107205 ], [ -39.940807277, -18.232080357 ], [ -39.940798838, -18.232035895 ], [ -39.94077704, -18.231938692 ], [ -39.940766664, -18.231876212 ], [ -39.940752429, -18.231805205 ], [ -39.940741945, -18.231742742 ], [ -39.940723428, -18.231654118 ], [ -39.94070579, -18.231556147 ], [ -39.940699274, -18.231529759 ], [ -39.9406866, -18.231458482 ], [ -39.940675222, -18.231405359999989 ], [ -39.940658308, -18.231316443 ], [ -39.940652585, -18.231289889 ], [ -39.940645914, -18.231254306 ], [ -39.9406389, -18.231209619 ], [ -39.940625903, -18.231156837 ], [ -39.940616365, -18.231112579 ], [ -39.940605845, -18.231040983 ], [ -39.940585239, -18.230943542 ], [ -39.94057105, -18.230863344 ], [ -39.940551352, -18.230765732 ], [ -39.940540519, -18.230703323 ], [ -39.940521399, -18.230614816 ], [ -39.94051035, -18.230552442 ], [ -39.940502151, -18.230498787 ], [ -39.940485692, -18.23042822 ], [ -39.940474945, -18.230374978 ], [ -39.940467303, -18.230330385 ], [ -39.940458531, -18.230285983 ], [ -39.94044759, -18.230223592 ], [ -39.940440606, -18.230178901 ], [ -39.940435723, -18.230154193 ] ] } },
{ "type": "Feature", "properties": { "Field": "001", "Length": 445.50330424633643 }, "geometry": { "type": "LineString", "coordinates": [ [ -39.941186849, -18.234122225 ], [ -39.941169515, -18.234031079 ], [ -39.941161838, -18.233986492 ], [ -39.941140453, -18.233879987 ], [ -39.941115791, -18.233746492 ], [ -39.94110462, -18.233693329 ], [ -39.941079145, -18.233559973 ], [ -39.9410732, -18.233533462 ], [ -39.941058952, -18.233453274 ], [ -39.941028512, -18.233302419 ], [ -39.9410175, -18.233240039 ], [ -39.941003179, -18.233169047 ], [ -39.940993605, -18.233115601 ], [ -39.940981722, -18.233062579 ], [ -39.940962445, -18.232955707 ], [ -39.94094773, -18.232884789 ], [ -39.940936406, -18.23282246 ], [ -39.94092013, -18.232742625 ], [ -39.940899821, -18.232635928 ], [ -39.940880242, -18.232538294 ], [ -39.940867603, -18.232467011 ], [ -39.94085114, -18.232387211 ], [ -39.940839761, -18.232324891 ], [ -39.940825415, -18.232253904 ], [ -39.940819667, -18.232218175 ], [ -39.940805887, -18.232156299 ], [ -39.940790526, -18.232067126 ], [ -39.940786484, -18.232049469 ], [ -39.940781749, -18.232022737 ], [ -39.940763561, -18.23194328 ], [ -39.94075187, -18.23187185 ], [ -39.94071878, -18.231703077 ], [ -39.94070932, -18.231649612 ], [ -39.94069806, -18.231596467 ], [ -39.940690638, -18.23155184 ], [ -39.940670179, -18.231454371 ], [ -39.940653924, -18.231365343 ], [ -39.940632452, -18.231258853 ], [ -39.94062634, -18.231223179 ], [ -39.940602545, -18.231107915 ], [ -39.940590622, -18.23103652 ], [ -39.940582181, -18.230992059 ], [ -39.940570481, -18.230939001 ], [ -39.940557814, -18.230867722 ], [ -39.940546808, -18.230814528 ], [ -39.940525111, -18.230698887 ], [ -39.94050986, -18.230628072 ], [ -39.940489867, -18.230512151 ], [ -39.940469887, -18.230423818 ], [ -39.940457873, -18.230352437 ], [ -39.940437525, -18.230254946 ], [ -39.940426016, -18.230183489 ], [ -39.9404218970339, -18.230163515164385 ] ] } },
{ "type": "Feature", "properties": { "Field": "001", "Length": 441.56195361106296 }, "geometry": { "type": "LineString", "coordinates": [ [ -39.94116746593896, -18.234095875676932 ], [ -39.941105271, -18.233766739 ], [ -39.941083466, -18.233660312 ], [ -39.941036081, -18.233411351 ], [ -39.941011259, -18.233287072 ], [ -39.941001885, -18.233233593 ], [ -39.940991077, -18.233180362 ], [ -39.940983003, -18.233135839 ], [ -39.940967684, -18.233065037 ], [ -39.940952247, -18.232975876 ], [ -39.940935233, -18.232896182 ], [ -39.940904979, -18.2327361 ], [ -39.94089217, -18.232674034 ], [ -39.940877533, -18.23259391 ], [ -39.940859223, -18.232505246 ], [ -39.94085311, -18.232469572 ], [ -39.940835353, -18.232380806 ], [ -39.940827741, -18.232336209 ], [ -39.94081303, -18.23226529 ], [ -39.940803974, -18.232211761 ], [ -39.940793839, -18.232167625 ], [ -39.940786841, -18.232132099 ], [ -39.940776392, -18.232069631 ], [ -39.940769526, -18.232034082 ], [ -39.940750172, -18.231945622 ], [ -39.940731281, -18.231838687 ], [ -39.940720072, -18.231785531 ], [ -39.940694872, -18.231652128 ], [ -39.940683492, -18.231599005 ], [ -39.94066984, -18.231518722 ], [ -39.940654761, -18.231447874 ], [ -39.940630242, -18.231314355 ], [ -39.940616978, -18.231252376 ], [ -39.940595769, -18.231145839 ], [ -39.940585324, -18.23108337 ], [ -39.940576244, -18.231039024 ], [ -39.94056835, -18.230994472 ], [ -39.940559061, -18.230950166 ], [ -39.940540421, -18.230852364 ], [ -39.940536379, -18.230834707 ], [ -39.940516361, -18.230727959 ], [ -39.940500557, -18.230657256 ], [ -39.940485923, -18.230567971 ], [ -39.940473493, -18.230505835 ], [ -39.940461825, -18.23045277 ], [ -39.940446507, -18.230372762 ], [ -39.940438788, -18.230328181 ], [ -39.940430551, -18.230292899 ], [ -39.940423275, -18.230257425 ], [ -39.940409073032761, -18.230172162196659 ] ] } },
{ "type": "Feature", "properties": { "Field": "001", "Length": 437.42656024630327 }, "geometry": { "type": "LineString", "coordinates": [ [ -39.941146897, -18.234067913 ], [ -39.94113782, -18.234023172 ], [ -39.941124207, -18.233942883 ], [ -39.941098787, -18.233809518 ], [ -39.94109473, -18.233791864 ], [ -39.941086589, -18.233747352 ], [ -39.941072793, -18.23368548 ], [ -39.941057623, -18.233596277 ], [ -39.94103475, -18.233480842 ], [ -39.941028387, -18.233454421 ], [ -39.941017772, -18.233391978 ], [ -39.940998039, -18.233294373 ], [ -39.940987302, -18.233231949 ], [ -39.940980765, -18.233205566 ], [ -39.940973544, -18.233170082 ], [ -39.940967748, -18.233134359 ], [ -39.940953405, -18.233063372 ], [ -39.940939152, -18.232983184 ], [ -39.940921807, -18.232903555 ], [ -39.940909091, -18.232832285 ], [ -39.940895962, -18.23277028 ], [ -39.940876321, -18.232663469 ], [ -39.940866486, -18.23261927 ], [ -39.940860613, -18.232583559 ], [ -39.940844002, -18.232503787 ], [ -39.94083473, -18.232450292 ], [ -39.940818795, -18.232370395 ], [ -39.94081646, -18.232352458 ], [ -39.940802929, -18.232290532 ], [ -39.940794971, -18.23224599 ], [ -39.940785476, -18.232201724 ], [ -39.94078121, -18.23217492 ], [ -39.940765269, -18.232095024 ], [ -39.940761327, -18.232068175 ], [ -39.940754664, -18.23203259 ], [ -39.940735181, -18.231944156 ], [ -39.940727402, -18.231899585 ], [ -39.940721608, -18.231873044 ], [ -39.940707774, -18.23179279 ], [ -39.940694117, -18.231730889 ], [ -39.940683643, -18.231668425 ], [ -39.940670267, -18.231606468 ], [ -39.940658232, -18.23153509 ], [ -39.940639736, -18.231446462 ], [ -39.940620638, -18.231339561 ], [ -39.940589221, -18.231188888 ], [ -39.940583539, -18.231153149 ], [ -39.94057585, -18.231117754 ], [ -39.940572103, -18.23109088 ], [ -39.940560969, -18.23103771 ], [ -39.940558642, -18.231019773 ], [ -39.940542086, -18.23093999 ], [ -39.940527519, -18.230859854 ], [ -39.94050241, -18.230735628 ], [ -39.940499731, -18.230717735 ], [ -39.9404932, -18.230691351 ], [ -39.940485646, -18.23065593 ], [ -39.940473846, -18.230584516 ], [ -39.940463904, -18.23054034 ], [ -39.940433101, -18.230380353 ], [ -39.940425213, -18.2303358 ], [ -39.94040823, -18.230256099 ], [ -39.940398094, -18.230193584 ], [ -39.940395474, -18.230181332 ] ] } },
{ "type": "Feature", "properties": { "Field": "001", "Length": 433.18901304506619 }, "geometry": { "type": "LineString", "coordinates": [ [ -39.941127999, -18.234042222 ], [ -39.941100649, -18.233899537 ], [ -39.941094798, -18.233863823 ], [ -39.941062148, -18.233704171 ], [ -39.941044841, -18.233606146 ], [ -39.941012529, -18.233446431 ], [ -39.941001402, -18.23338407 ], [ -39.94097437, -18.233241799 ], [ -39.940962775, -18.233188719 ], [ -39.940933003, -18.233028554 ], [ -39.94090403, -18.232886633 ], [ -39.940860342, -18.232655401 ], [ -39.940845407, -18.232584525 ], [ -39.940832755, -18.232513244 ], [ -39.940818318, -18.232442274 ], [ -39.94080001, -18.232344415 ], [ -39.940774653, -18.232220234 ], [ -39.94075603, -18.23212243 ], [ -39.940741725, -18.232042251 ], [ -39.940732676, -18.231997899 ], [ -39.940720516, -18.231944935 ], [ -39.940713362, -18.231900269 ], [ -39.94069166, -18.231784628 ], [ -39.940680187, -18.231731524 ], [ -39.940643216, -18.231535867 ], [ -39.940625236, -18.231447142 ], [ -39.940605541, -18.23134034 ], [ -39.940589518, -18.231260458 ], [ -39.940583357, -18.231224792 ], [ -39.940573656, -18.231180566 ], [ -39.940550792, -18.231055944 ], [ -39.940531037, -18.230958343 ], [ -39.940511176, -18.230851568 ], [ -39.940485144, -18.23071831 ], [ -39.940472049, -18.230656299 ], [ -39.940459501, -18.230585002 ], [ -39.940441175, -18.230496342 ], [ -39.94041075, -18.230336289 ], [ -39.94039588, -18.230265401 ], [ -39.940383128000867, -18.230192872004917 ] ] } },
{ "type": "Feature", "properties": { "Field": "001", "Length": 428.86973315760537 }, "geometry": { "type": "LineString", "coordinates": [ [ -39.941108521, -18.234015744 ], [ -39.941100376, -18.233970669 ], [ -39.94109443, -18.233944159 ], [ -39.941089448, -18.233917468 ], [ -39.941077497, -18.233846077 ], [ -39.941062015, -18.233775309 ], [ -39.941051371, -18.233722047 ], [ -39.941032072, -18.233615179 ], [ -39.941022781, -18.233570873 ], [ -39.941014951, -18.23352631 ], [ -39.941008654, -18.233499875 ], [ -39.940995731, -18.23343783 ], [ -39.940985482, -18.233375332 ], [ -39.940975619, -18.233321933 ], [ -39.940948385, -18.233188895 ], [ -39.940924039, -18.233055346 ], [ -39.940898995, -18.232931108 ], [ -39.940881637, -18.232851481 ], [ -39.940871081, -18.232789029 ], [ -39.940848477, -18.232664364 ], [ -39.940825143, -18.232558233 ], [ -39.940816255, -18.232504679 ], [ -39.940800668, -18.232424718 ], [ -39.940794844, -18.232398184 ], [ -39.940778663, -18.232309143 ], [ -39.940749898, -18.232167183 ], [ -39.940729287, -18.23205136 ], [ -39.9407031, -18.231927337 ], [ -39.940699193, -18.231900483 ], [ -39.940685272, -18.231829419 ], [ -39.940679247, -18.231793731 ], [ -39.94066399, -18.231722918 ], [ -39.940648501, -18.23164294 ], [ -39.940634097, -18.231562777 ], [ -39.940616941, -18.231483111 ], [ -39.940612837, -18.231456284 ], [ -39.940588323, -18.231331949 ], [ -39.940568883, -18.231225104 ], [ -39.940561187, -18.231189711 ], [ -39.940552634, -18.231145269 ], [ -39.940541692, -18.231082878 ], [ -39.940526942, -18.231011967 ], [ -39.94050081, -18.230878727 ], [ -39.940483028, -18.230780779 ], [ -39.940471844, -18.230727619 ], [ -39.94046734, -18.230700851 ], [ -39.940449223, -18.230612151 ], [ -39.940429424, -18.230505367000013 ], [ -39.94040050800001, -18.230363434 ], [ -39.94039439, -18.230327761 ], [ -39.940383528, -18.230274539999989 ], [ -39.940371004001634, -18.230204996009064 ] ] } },
{ "type": "Feature", "properties": { "Field": "001", "Length": 424.76785492520088 }, "geometry": { "type": "LineString", "coordinates": [ [ -39.94109053484113, -18.233991293099923 ], [ -39.941084167, -18.233955217 ], [ -39.94107408, -18.23391107 ], [ -39.941062968, -18.233848706 ], [ -39.94103953, -18.233733376 ], [ -39.941004516, -18.233546565 ], [ -39.94097798, -18.233422609 ], [ -39.940968361, -18.233360019 ], [ -39.940960635, -18.23331544 ], [ -39.940941441, -18.233226948 ], [ -39.940896078, -18.232986821 ], [ -39.940881628, -18.232915853 ], [ -39.94086432, -18.232836217 ], [ -39.940854043, -18.232773723 ], [ -39.940834861, -18.232666835 ], [ -39.940811316, -18.232560747 ], [ -39.940801933, -18.232507269 ], [ -39.940780883, -18.232400703 ], [ -39.940753067, -18.232249386 ], [ -39.940743181, -18.232205197 ], [ -39.940732349, -18.232151971 ], [ -39.940715516, -18.23205387 ], [ -39.940703968, -18.232000781 ], [ -39.940693417, -18.231947503 ], [ -39.940682381, -18.231885127 ], [ -39.940673189, -18.231840802 ], [ -39.940667129, -18.231805119 ], [ -39.940648347, -18.231716547 ], [ -39.940633055, -18.231636534 ], [ -39.94062375, -18.231583044 ], [ -39.940604659, -18.231494531 ], [ -39.940599112, -18.231458773 ], [ -39.94059104, -18.231414249 ], [ -39.940574339, -18.231334495 ], [ -39.940554848, -18.231227658 ], [ -39.940538793, -18.231147782 ], [ -39.940527662, -18.231085422 ], [ -39.940483285, -18.230863504 ], [ -39.940467255, -18.230774438 ], [ -39.940461619, -18.230747867 ], [ -39.940450043, -18.23068558 ], [ -39.940433005, -18.23060589 ], [ -39.940415379, -18.230507917 ], [ -39.940386188, -18.230366036 ], [ -39.940375451, -18.230303612 ], [ -39.940358767002138, -18.230217233011107 ] ] } },
{ "type": "Feature", "properties": { "Field": "001", "Length": 420.35049521187227 }, "geometry": { "type": "LineString", "coordinates": [ [ -39.941070585, -18.233964172 ], [ -39.941065638, -18.233936677 ], [ -39.941057568, -18.23390136 ], [ -39.941044709, -18.233830113 ], [ -39.941033813, -18.233776899 ], [ -39.941011782, -18.233661315 ], [ -39.941007715, -18.233643663 ], [ -39.940996497, -18.233581317 ], [ -39.940979001, -18.233492503 ], [ -39.940970685, -18.233457238 ], [ -39.940947421, -18.233323514 ], [ -39.9409265, -18.233226134 ], [ -39.94091211, -18.233145969 ], [ -39.940895336, -18.233066228 ], [ -39.940884301, -18.233003852 ], [ -39.940873203, -18.232950675 ], [ -39.940863285, -18.232897286 ], [ -39.940853631, -18.232853051 ], [ -39.940845441, -18.232808548 ], [ -39.940832012, -18.23272823 ], [ -39.940818434, -18.232666314 ], [ -39.940806597, -18.232604072 ], [ -39.940793227, -18.232542114 ], [ -39.940784008, -18.232488611 ], [ -39.940761764, -18.232373065 ], [ -39.940752431, -18.232319579 ], [ -39.940742261, -18.23227545 ], [ -39.940721157, -18.232168894 ], [ -39.940709773, -18.232106575 ], [ -39.940705753, -18.232088913 ], [ -39.940693327, -18.232017596 ], [ -39.940680791, -18.23195548 ], [ -39.940675034, -18.231919751 ], [ -39.940658275, -18.231840008 ], [ -39.94065406, -18.231813197 ], [ -39.940633569, -18.231715734 ], [ -39.940623899, -18.231662303 ], [ -39.940597653, -18.231529083 ], [ -39.940583921, -18.231448813 ], [ -39.940556206, -18.231315865 ], [ -39.940538518, -18.231217902 ], [ -39.940527273, -18.231164754 ], [ -39.940504096, -18.231040185 ], [ -39.940466842, -18.23085377 ], [ -39.940458736, -18.230809252 ], [ -39.940449299, -18.230764974 ], [ -39.940445376, -18.230738123 ], [ -39.940437393, -18.230693585 ], [ -39.940420204, -18.230613925 ], [ -39.940402313, -18.230515995 ], [ -39.940374888, -18.230382993 ], [ -39.940357472, -18.230284985 ], [ -39.940346671002175, -18.23022932901122 ] ] } },
{ "type": "Feature", "properties": { "Field": "001", "Length": 415.99934008868576 }, "geometry": { "type": "LineString", "coordinates": [ [ -39.941050831925651, -18.233937319632101 ], [ -39.941032807, -18.233848127 ], [ -39.941025229, -18.233803525 ], [ -39.941017514, -18.233768135 ], [ -39.941004212, -18.233696963 ], [ -39.940970339, -18.233528332 ], [ -39.940961464, -18.233474775 ], [ -39.94094872, -18.233412697 ], [ -39.940934531, -18.2333325 ], [ -39.940917548, -18.233252799 ], [ -39.940908885, -18.233208377 ], [ -39.940901229, -18.233163787 ], [ -39.94087557600001, -18.233039662 ], [ -39.940871097, -18.23301289 ], [ -39.940861996, -18.232968548 ], [ -39.940850584, -18.232906234 ], [ -39.940833124, -18.232817414 ], [ -39.940818717, -18.232737252 ], [ -39.940796783, -18.232630849 ], [ -39.940788458, -18.232586368 ], [ -39.940778951, -18.232542104 ], [ -39.940773227, -18.232506371 ], [ -39.940753955, -18.232408681 ], [ -39.940739213, -18.232328574 ], [ -39.940722215, -18.232248877 ], [ -39.940707172, -18.232168821 ], [ -39.940696272, -18.232115607 ], [ -39.940656482, -18.23190207 ], [ -39.940648845, -18.231866665 ], [ -39.94062541600001, -18.231742139 ], [ -39.940619278, -18.231715669 ], [ -39.940607751, -18.231653375 ], [ -39.94059505, -18.231591288 ], [ -39.940587174, -18.231546733 ], [ -39.940579858, -18.231511266 ], [ -39.940569073, -18.23144885 ], [ -39.940541769, -18.231315825 ], [ -39.940528983, -18.231244566 ], [ -39.940471057, -18.230951517 ], [ -39.940459975, -18.230889148 ], [ -39.940436253, -18.23077387 ], [ -39.940420927, -18.230684692 ], [ -39.940404094, -18.230604962 ], [ -39.940387718, -18.230515954 ], [ -39.940362476, -18.230391752 ], [ -39.940335170001731, -18.230240830009595 ] ] } },
{ "type": "Feature", "properties": { "Field": "001", "Length": 411.26654780668264 }, "geometry": { "type": "LineString", "coordinates": [ [ -39.941029453915178, -18.23390821052028 ], [ -39.941013587, -18.233818478 ], [ -39.941002119, -18.233765373 ], [ -39.940989136, -18.233694146 ], [ -39.940972609, -18.233614359 ], [ -39.940969841, -18.233596479 ], [ -39.940955453, -18.233525499 ], [ -39.940946445, -18.233471963 ], [ -39.940929361, -18.233383077 ], [ -39.940916541, -18.233321013 ], [ -39.940890598, -18.233187739 ], [ -39.940887692, -18.233169879 ], [ -39.940883517, -18.23315225 ], [ -39.940867349, -18.233072395 ], [ -39.940852223, -18.232992354 ], [ -39.940846434, -18.232965812 ], [ -39.940837132, -18.232912322 ], [ -39.940819547, -18.232823525 ], [ -39.940808469, -18.232761155 ], [ -39.940792477, -18.232681268 ], [ -39.940787858, -18.232654518 ], [ -39.940769109, -18.232565938 ], [ -39.940764011, -18.232530119 ], [ -39.94075971, -18.232512518 ], [ -39.9407497, -18.232459144 ], [ -39.940741614, -18.23242383 ], [ -39.940736756, -18.232397119 ], [ -39.940721849, -18.232326237 ], [ -39.940689014, -18.232148235 ], [ -39.940657471, -18.23198838 ], [ -39.940651452, -18.231952691 ], [ -39.94061093, -18.231748472 ], [ -39.940591261, -18.231641665 ], [ -39.940573328, -18.231552931 ], [ -39.940557069, -18.231463904 ], [ -39.940547625, -18.231419627 ], [ -39.940519801, -18.231277496 ], [ -39.94051238, -18.231232869 ], [ -39.940468894, -18.23101079 ], [ -39.940453934, -18.230939919 ], [ -39.940444901, -18.230886387 ], [ -39.94041659, -18.230744343 ], [ -39.940410727, -18.230708631 ], [ -39.940387484, -18.230593264 ], [ -39.940374521, -18.230522034 ], [ -39.940355808, -18.230433447999989 ], [ -39.940333615, -18.230308716 ], [ -39.9403222160011, -18.230253784005331 ] ] } },
{ "type": "Feature", "properties": { "Field": "001", "Length": 406.83185133506578 }, "geometry": { "type": "LineString", "coordinates": [ [ -39.94101029, -18.233880505 ], [ -39.941003994, -18.233843943 ], [ -39.940984085, -18.23374637 ], [ -39.940958838, -18.233612974 ], [ -39.940946102, -18.233550894 ], [ -39.940918131, -18.233399603 ], [ -39.940897781, -18.233302113 ], [ -39.940856391, -18.233088854 ], [ -39.940838395, -18.232990942 ], [ -39.940828894, -18.232946677 ], [ -39.940822568, -18.232911036 ], [ -39.940811587, -18.232857837 ], [ -39.94079532, -18.232768811 ], [ -39.94078071, -18.232697873 ], [ -39.940775067, -18.232662129 ], [ -39.940756567, -18.232573501 ], [ -39.940742253, -18.232493324 ], [ -39.940726868, -18.232422536 ], [ -39.940711636, -18.232342513 ], [ -39.940703353, -18.232307241 ], [ -39.940692621, -18.232244816 ], [ -39.940672842, -18.232138028 ], [ -39.940654653, -18.232049342 ], [ -39.940644549, -18.231995985 ], [ -39.940640573, -18.23196914 ], [ -39.940597937, -18.231756105 ], [ -39.940575303, -18.231631445 ], [ -39.940563943, -18.231578319 ], [ -39.940538947, -18.23144488 ], [ -39.94052767, -18.231391738 ], [ -39.940516452, -18.231329392 ], [ -39.940507149, -18.231285088 ], [ -39.940494515, -18.231213805 ], [ -39.940473093, -18.231107306 ], [ -39.940461911, -18.231044954 ], [ -39.940441267, -18.23094752 ], [ -39.940428738, -18.23087622 ], [ -39.940400249, -18.230734209 ], [ -39.940366899, -18.230556294 ], [ -39.940349676, -18.230476641 ], [ -39.940329597, -18.230369904 ], [ -39.940320305, -18.230316412 ], [ -39.940309978, -18.230265561 ] ] } },
{ "type": "Feature", "properties": { "Field": "001", "Length": 402.81056395708731 }, "geometry": { "type": "LineString", "coordinates": [ [ -39.940990673, -18.233852144 ], [ -39.940984312, -18.233817112 ], [ -39.94097833, -18.233790609 ], [ -39.940960274, -18.233692707 ], [ -39.940931793, -18.233550694 ], [ -39.940918917, -18.233479451 ], [ -39.940912849, -18.233452966 ], [ -39.940889349, -18.233328452 ], [ -39.94086252, -18.233195339 ], [ -39.940850891, -18.233133061 ], [ -39.940845215, -18.233097321 ], [ -39.940835033, -18.233043977 ], [ -39.940814709, -18.232946482 ], [ -39.94078099, -18.232768631 ], [ -39.940765953, -18.232697775 ], [ -39.940756671, -18.232644281 ], [ -39.940744335, -18.232582128 ], [ -39.940736367, -18.232537588 ], [ -39.940723705, -18.232475494 ], [ -39.940714092, -18.232422054 ], [ -39.940687969, -18.232298018 ], [ -39.940648393, -18.232084445 ], [ -39.94064213, -18.232058002 ], [ -39.940635035, -18.232022494 ], [ -39.940615949, -18.231915591 ], [ -39.940598979, -18.231835888 ], [ -39.940591598, -18.231791255 ], [ -39.940578645, -18.231729217 ], [ -39.940560917, -18.23163126 ], [ -39.940551453, -18.231586988 ], [ -39.940531359, -18.231480254 ], [ -39.940518381, -18.23141822 ], [ -39.940480309, -18.23121357 ], [ -39.94045507500001, -18.231089367 ], [ -39.940447496, -18.231044764 ], [ -39.940432243, -18.23097395 ], [ -39.940407714, -18.230840432 ], [ -39.940373829, -18.230671804 ], [ -39.94035444, -18.23056495 ], [ -39.940330385, -18.230449736 ], [ -39.940322539, -18.230405176 ], [ -39.940316995, -18.230378586 ], [ -39.94030943, -18.230333982 ], [ -39.940296153, -18.230273148 ] ] } },
{ "type": "Feature", "properties": { "Field": "001", "Length": 5.8208e-11 }, "geometry": { "type": "LineString", "coordinates": [ [ -39.940971186856821, -18.23382397326046 ], [ -39.940971186856821, -18.23382397326046 ] ] } },
{ "type": "Feature", "properties": { "Field": "001", "Length": 398.8511107572844 }, "geometry": { "type": "LineString", "coordinates": [ [ -39.940971186856821, -18.23382397326046 ], [ -39.940926427, -18.233592783 ], [ -39.940915458, -18.233539581 ], [ -39.940909022, -18.233503959 ], [ -39.940899705, -18.233459658 ], [ -39.940879967, -18.233352863 ], [ -39.940854877, -18.233228633 ], [ -39.940830944, -18.233095016 ], [ -39.940801722, -18.232953141 ], [ -39.940777114, -18.232819636 ], [ -39.940749522, -18.232686665 ], [ -39.940728446, -18.232570919 ], [ -39.940705673, -18.232455467 ], [ -39.940694457, -18.23239312 ], [ -39.940678952, -18.232322356 ], [ -39.940671055, -18.232277804 ], [ -39.940656535, -18.23220685 ], [ -39.940637472, -18.232099943 ], [ -39.940621882, -18.232029196 ], [ -39.940597627, -18.231895632 ], [ -39.940583037, -18.23182469 ], [ -39.940554534, -18.23167349 ], [ -39.940533285, -18.23156696 ], [ -39.940528844, -18.231540182 ], [ -39.940498278, -18.231389349 ], [ -39.94046424, -18.231202374 ], [ -39.940452839, -18.231149256 ], [ -39.940447976, -18.231122545 ], [ -39.940441895, -18.231096063 ], [ -39.94043775, -18.231069242 ], [ -39.940417504, -18.230971732 ], [ -39.940407233, -18.230918404 ], [ -39.940394758, -18.230847095 ], [ -39.940385256, -18.23080283 ], [ -39.940375297, -18.230749448 ], [ -39.940350489, -18.230625166 ], [ -39.94033781800001, -18.230553888 ], [ -39.940324372, -18.230491946 ], [ -39.940300565, -18.230358308 ], [ -39.940283349, -18.230280175 ] ] } },
{ "type": "Feature", "properties": { "Field": "001", "Length": 394.96497452897245 }, "geometry": { "type": "LineString", "coordinates": [ [ -39.9409521, -18.233796379 ], [ -39.94093981, -18.233734199 ], [ -39.940931846, -18.23369886 ], [ -39.940908614, -18.233574300000019 ], [ -39.940883852, -18.23345001 ], [ -39.940863923, -18.233343248 ], [ -39.940849164, -18.233272338 ], [ -39.940846493, -18.233254444 ], [ -39.940836609, -18.233201049 ], [ -39.940823557, -18.23313903 ], [ -39.940818075, -18.233103262 ], [ -39.940782795, -18.232925688 ], [ -39.940775133, -18.232890288 ], [ -39.940760594, -18.232810147 ], [ -39.940745722, -18.232739259 ], [ -39.940730797, -18.232659183 ], [ -39.940725066, -18.23263263 ], [ -39.940713046, -18.232561249999986 ], [ -39.940704662, -18.232525999 ], [ -39.940677844, -18.232383691 ], [ -39.940665987, -18.232330664 ], [ -39.940655082, -18.232268267 ], [ -39.940642609, -18.232206139 ], [ -39.940626444, -18.232117096 ], [ -39.940602651, -18.232001832 ], [ -39.94058473, -18.231903907 ], [ -39.940558265, -18.231770727 ], [ -39.940522402, -18.231584063 ], [ -39.94051652, -18.231548354 ], [ -39.940499145, -18.231468731 ], [ -39.940487254, -18.231406498 ], [ -39.940479772, -18.231361881 ], [ -39.940458657, -18.231255326 ], [ -39.940444763, -18.231175082 ], [ -39.940434885, -18.231130892 ], [ -39.940421538, -18.231059727 ], [ -39.940396032, -18.230935574 ], [ -39.940382038, -18.230855345 ], [ -39.940351335, -18.230704538 ], [ -39.94033697, -18.230624369 ], [ -39.940330782, -18.23059791 ], [ -39.940321226, -18.23054446 ], [ -39.940303681, -18.230455656 ], [ -39.940290946, -18.230384389 ], [ -39.940270409, -18.230287276 ] ] } },
{ "type": "Feature", "properties": { "Field": "001", "Length": 390.92835606829374 }, "geometry": { "type": "LineString", "coordinates": [ [ -39.940932184958768, -18.233767587774537 ], [ -39.940927209, -18.233740378 ], [ -39.940915491, -18.233687323 ], [ -39.94089583200001, -18.233580515 ], [ -39.940890042, -18.233553973 ], [ -39.940866381, -18.233429487 ], [ -39.940839628, -18.23329636 ], [ -39.940826788, -18.23322511 ], [ -39.94081222, -18.233154165 ], [ -39.94080443, -18.233109595 ], [ -39.940789084, -18.233029592 ], [ -39.94077454, -18.232958641999986 ], [ -39.940766419, -18.232914127 ], [ -39.940758777, -18.232878723 ], [ -39.940735206, -18.232754221 ], [ -39.940724091, -18.232701048 ], [ -39.940699798, -18.23256749 ], [ -39.940682381, -18.232487876 ], [ -39.94067293, -18.232434409 ], [ -39.94065488, -18.232345697 ], [ -39.940618184, -18.232149993 ], [ -39.940600245, -18.23206126 ], [ -39.940572933, -18.231919038 ], [ -39.940567171, -18.23188331 ], [ -39.940561159, -18.231856814 ], [ -39.940553119, -18.231812286 ], [ -39.940545421, -18.231776893 ], [ -39.940526214, -18.231679191 ], [ -39.940503554, -18.231554535 ], [ -39.940484098, -18.231466095 ], [ -39.940475798, -18.23142161 ], [ -39.940467426, -18.23136798 ], [ -39.940459001, -18.231323516 ], [ -39.940445183, -18.231261648 ], [ -39.940429506, -18.231172525 ], [ -39.940421719, -18.23113715 ], [ -39.940389229, -18.230968271 ], [ -39.940381517, -18.230932881 ], [ -39.940367295, -18.230852689 ], [ -39.940352623, -18.230781762 ], [ -39.940322354, -18.230621683 ], [ -39.940316307, -18.230595194 ], [ -39.940303362, -18.230523961 ], [ -39.94029056, -18.230461894 ], [ -39.940279283, -18.230399558 ], [ -39.940257650082266, -18.230294277400372 ] ] } },
{ "type": "Feature", "properties": { "Field": "001", "Length": 386.50424103139483 }, "geometry": { "type": "LineString", "coordinates": [ [ -39.940910039, -18.233735571 ], [ -39.940905474, -18.233707849 ], [ -39.940899792, -18.233681287 ], [ -39.940885462, -18.233601112 ], [ -39.94086531, -18.233503584 ], [ -39.940848848, -18.233414591 ], [ -39.940820627, -18.233272531 ], [ -39.940813004, -18.233227935 ], [ -39.940798346, -18.233157006 ], [ -39.940774947, -18.233032475 ], [ -39.940761757, -18.232970482 ], [ -39.940757414, -18.23294369 ], [ -39.940748517, -18.23289931 ], [ -39.940734892, -18.232837403 ], [ -39.940718264, -18.232739271 ], [ -39.940694557, -18.23262399 ], [ -39.940688714, -18.232588275 ], [ -39.940682555, -18.23256181 ], [ -39.940670156, -18.232499668 ], [ -39.94065975, -18.232455589 ], [ -39.940646922, -18.232375182 ], [ -39.940628838, -18.232286476 ], [ -39.940604279, -18.232152963 ], [ -39.940600203, -18.232135313 ], [ -39.940594253, -18.232099614 ], [ -39.940587245, -18.23206409 ], [ -39.94057729, -18.232019917 ], [ -39.940566152, -18.231957557 ], [ -39.940558801, -18.231922097 ], [ -39.940552975, -18.231886379 ], [ -39.940540422, -18.231824265 ], [ -39.940530441, -18.231780097 ], [ -39.940524879, -18.23174434 ], [ -39.94050098, -18.231619896 ], [ -39.940495169, -18.231584176 ], [ -39.940475857, -18.231495707 ], [ -39.940454928, -18.231379936 ], [ -39.940427838, -18.231246871 ], [ -39.940415378, -18.23117556 ], [ -39.940402647, -18.231113479 ], [ -39.940398088, -18.23108672 ], [ -39.940360111, -18.230900438 ], [ -39.940344374, -18.230811325 ], [ -39.940326407, -18.230722597 ], [ -39.940312944, -18.230642285 ], [ -39.940295336, -18.230562709 ], [ -39.940284313, -18.230500331 ], [ -39.940247321, -18.230313868 ], [ -39.940244439, -18.230301528 ] ] } },
{ "type": "Feature", "properties": { "Field": "001", "Length": 382.43737076670823 }, "geometry": { "type": "LineString", "coordinates": [ [ -39.940890011950131, -18.233706617725794 ], [ -39.940870434, -18.233598963 ], [ -39.940850304, -18.233501431 ], [ -39.940841174, -18.233447914 ], [ -39.940825039, -18.233368052 ], [ -39.940818541, -18.23333244 ], [ -39.940805575, -18.233270404 ], [ -39.940796206, -18.233216925 ], [ -39.940783628, -18.233154816 ], [ -39.940765223, -18.233056973 ], [ -39.940746416, -18.232968405 ], [ -39.940734958, -18.232906098 ], [ -39.940720028, -18.232835222 ], [ -39.940715144, -18.232808514 ], [ -39.94071131, -18.232781651 ], [ -39.940701424, -18.232728256 ], [ -39.940696176, -18.232701612 ], [ -39.94068616, -18.232657451 ], [ -39.940673381, -18.232586191 ], [ -39.940655358, -18.232497474 ], [ -39.940647315, -18.232462151 ], [ -39.940641674, -18.232426406 ], [ -39.940636277, -18.232399789 ], [ -39.940625309, -18.232337402 ], [ -39.940610354, -18.23226653 ], [ -39.940599956, -18.232213224 ], [ -39.940587563, -18.232141902 ], [ -39.940556958, -18.231991077 ], [ -39.940532981, -18.231857468 ], [ -39.940517243, -18.23178675 ], [ -39.940490003, -18.231635337 ], [ -39.940465708, -18.231510963 ], [ -39.940458092, -18.231475554 ], [ -39.9404434, -18.231395439 ], [ -39.940418032, -18.23127126 ], [ -39.940406614, -18.231208947 ], [ -39.940404005, -18.231191045 ], [ -39.940389151, -18.231120154 ], [ -39.940379677, -18.231066691 ], [ -39.940348394, -18.230915993 ], [ -39.940339647, -18.230862417 ], [ -39.940329693, -18.230809034 ], [ -39.940309603, -18.230711494 ], [ -39.940302889, -18.230666766 ], [ -39.940298076, -18.230640047 ], [ -39.940280553, -18.230560453 ], [ -39.940269365, -18.230498102 ], [ -39.940231550109829, -18.230308600550345 ] ] } },
{ "type": "Feature", "properties": { "Field": "001", "Length": 378.70273195314917 }, "geometry": { "type": "LineString", "coordinates": [ [ -39.940872818, -18.23368176 ], [ -39.940867434, -18.233654398 ], [ -39.94086118900001, -18.233627951 ], [ -39.940846961, -18.233556942 ], [ -39.940820517, -18.23341457 ], [ -39.940786865, -18.233245899 ], [ -39.940753005, -18.233068073 ], [ -39.940732399, -18.232970632 ], [ -39.940722781, -18.232917192 ], [ -39.940707766, -18.232846332 ], [ -39.940695732, -18.232774954 ], [ -39.940685822, -18.232721563 ], [ -39.940672623, -18.232659572 ], [ -39.940657481, -18.232579533 ], [ -39.940643127, -18.232508548 ], [ -39.940622599, -18.232401889 ], [ -39.940611583, -18.232339509 ], [ -39.940592719, -18.232250952 ], [ -39.940571896, -18.232135164 ], [ -39.940554835, -18.232055479 ], [ -39.940546185, -18.232011055 ], [ -39.940533487, -18.231939782 ], [ -39.94052640000001, -18.231904273 ], [ -39.940517313, -18.231850749 ], [ -39.940503879, -18.231788804 ], [ -39.940489941, -18.231717743 ], [ -39.940467407, -18.231593066 ], [ -39.940445723, -18.231486616 ], [ -39.940438013, -18.231442034 ], [ -39.940427637, -18.231388724 ], [ -39.940405634, -18.231282334 ], [ -39.940389808, -18.231193235 ], [ -39.940366028, -18.231077969 ], [ -39.940358368, -18.231033379 ], [ -39.940350989, -18.230997924 ], [ -39.940339429, -18.230935635 ], [ -39.940331761, -18.230900236 ], [ -39.940320561, -18.230837886 ], [ -39.940299095, -18.230731396 ], [ -39.940287556, -18.230659943 ], [ -39.940270009, -18.230580355 ], [ -39.940260583, -18.230526884 ], [ -39.940249504, -18.230473704 ], [ -39.940241534, -18.230429163 ], [ -39.940218305, -18.230317275 ] ] } },
{ "type": "Feature", "properties": { "Field": "001", "Length": 5.8208e-11 }, "geometry": { "type": "LineString", "coordinates": [ [ -39.940851568763755, -18.23365103988062 ], [ -39.940851568763755, -18.23365103988062 ] ] } },
{ "type": "Feature", "properties": { "Field": "001", "Length": 374.25302867094234 }, "geometry": { "type": "LineString", "coordinates": [ [ -39.940851568763755, -18.23365103988062 ], [ -39.940834712, -18.233571169 ], [ -39.940810052, -18.233437673 ], [ -39.940807388, -18.233419779 ], [ -39.940792187, -18.233348955 ], [ -39.940760966, -18.233179857 ], [ -39.940745811, -18.233109024 ], [ -39.940736032, -18.233055611 ], [ -39.940726201, -18.233011412 ], [ -39.940711815, -18.232931246 ], [ -39.940698305, -18.232869316 ], [ -39.940674416, -18.232735692 ], [ -39.940650833, -18.232620389 ], [ -39.940618969, -18.232451401 ], [ -39.940602545, -18.232371594 ], [ -39.940591634, -18.232309197 ], [ -39.940577755, -18.232247342 ], [ -39.940563734, -18.232167117 ], [ -39.940538032, -18.232043002 ], [ -39.94051891, -18.231936104 ], [ -39.940511289, -18.231900696 ], [ -39.940491504, -18.231793909 ], [ -39.940476342, -18.231723077 ], [ -39.940463982, -18.23165175 ], [ -39.9404487, -18.231571736 ], [ -39.940435905, -18.231509667 ], [ -39.940416369, -18.231402838 ], [ -39.940395547, -18.231305439 ], [ -39.940376361, -18.231198552 ], [ -39.940365785, -18.231145278 ], [ -39.940352314, -18.231083341 ], [ -39.940341716, -18.231020895 ], [ -39.940325814, -18.230940992 ], [ -39.94031966, -18.230905324 ], [ -39.940310168, -18.230861057 ], [ -39.940291318, -18.230763292 ], [ -39.940274081, -18.230665256 ], [ -39.940256958, -18.230585583 ], [ -39.940250619, -18.230549944 ], [ -39.940237559, -18.230487926 ], [ -39.940215696, -18.230372314 ], [ -39.940205475153064, -18.23032600169353 ] ] } },
{ "type": "Feature", "properties": { "Field": "001", "Length": 369.85500590510259 }, "geometry": { "type": "LineString", "coordinates": [ [ -39.940830782, -18.233620988 ], [ -39.940818029, -18.233559695 ], [ -39.940791895, -18.233417271 ], [ -39.94077706, -18.233346375 ], [ -39.940767417, -18.23329294 ], [ -39.940755014, -18.233230799 ], [ -39.940747507, -18.233186185 ], [ -39.94073263300001, -18.233115298 ], [ -39.940722704, -18.23306191 ], [ -39.940715078, -18.233026503 ], [ -39.940696856, -18.23292863 ], [ -39.940682135, -18.232857713 ], [ -39.940665937, -18.232768675 ], [ -39.940633172, -18.232599844 ], [ -39.940628599, -18.232573087 ], [ -39.940601207, -18.232440078 ], [ -39.940574509, -18.23229775 ], [ -39.940561302, -18.23223576 ], [ -39.940556566, -18.232209028 ], [ -39.940543624, -18.232146988 ], [ -39.940525455, -18.232049105 ], [ -39.940514791, -18.231995847 ], [ -39.940502121, -18.23192457 ], [ -39.940489374, -18.231862492 ], [ -39.940474561, -18.231782398 ], [ -39.940459452, -18.231711555 ], [ -39.94045105, -18.231667088 ], [ -39.940442119, -18.23161354 ], [ -39.940427646, -18.231542576 ], [ -39.940416553, -18.231480209 ], [ -39.940393197, -18.231364864 ], [ -39.940363127, -18.23120475 ], [ -39.940349939, -18.231142756 ], [ -39.940337709, -18.231080584 ], [ -39.940323638, -18.231000367 ], [ -39.940308448, -18.230920337 ], [ -39.940295009, -18.230858393 ], [ -39.940272223, -18.230733758 ], [ -39.940264536, -18.230698363 ], [ -39.940258623, -18.230662658 ], [ -39.940247366, -18.230609512 ], [ -39.940235715, -18.230547238 ], [ -39.940224259, -18.230494131 ], [ -39.940216468, -18.230449562 ], [ -39.94021025, -18.230423109 ], [ -39.940200114, -18.230369757 ], [ -39.940192346037321, -18.230334932167295 ] ] } },
{ "type": "Feature", "properties": { "Field": "001", "Length": 365.53242752445948 }, "geometry": { "type": "LineString", "coordinates": [ [ -39.940810260890082, -18.23359132046712 ], [ -39.940797494, -18.233529433 ], [ -39.940781783, -18.233440315 ], [ -39.940739374, -18.233227239 ], [ -39.940723586, -18.233138134 ], [ -39.940703116, -18.233040667 ], [ -39.94068844, -18.232960549 ], [ -39.940659739, -18.232818577 ], [ -39.940645321, -18.232738416 ], [ -39.94063461, -18.232685167 ], [ -39.940611359, -18.232560611 ], [ -39.940583979, -18.2324276 ], [ -39.940557338, -18.232285262 ], [ -39.940523319, -18.232116658 ], [ -39.940515703, -18.232072061 ], [ -39.94049957, -18.2319922 ], [ -39.940495079, -18.231965429 ], [ -39.94047035, -18.231841133 ], [ -39.940455538, -18.231761037999988 ], [ -39.940438964, -18.231681259 ], [ -39.940428497, -18.231618794 ], [ -39.940410526, -18.231530067 ], [ -39.940401473, -18.231476538 ], [ -39.940377443, -18.231361318 ], [ -39.940367223, -18.231298816 ], [ -39.940354164, -18.231236797 ], [ -39.940342866, -18.231174464 ], [ -39.94032569, -18.231094802 ], [ -39.940316765, -18.231041253 ], [ -39.940306779, -18.230987875 ], [ -39.940293031, -18.23091678 ], [ -39.94027963, -18.230854828 ], [ -39.940271779, -18.230810269 ], [ -39.940242925, -18.230659129 ], [ -39.940229216, -18.230597239 ], [ -39.940219037, -18.23053473 ], [ -39.940209006, -18.230490572 ], [ -39.940201119, -18.230446017999988 ], [ -39.94018471, -18.230366208 ], [ -39.940179473091128, -18.230343688391834 ] ] } },
{ "type": "Feature", "properties": { "Field": "001", "Length": 361.09481756040452 }, "geometry": { "type": "LineString", "coordinates": [ [ -39.940788955, -18.233560518 ], [ -39.940781572, -18.233524954 ], [ -39.940768117, -18.23344464 ], [ -39.9407274, -18.233240456 ], [ -39.940713088, -18.233160278 ], [ -39.940699185, -18.233089211 ], [ -39.940691315, -18.233053852 ], [ -39.940674743, -18.232964878 ], [ -39.940642488, -18.232805152 ], [ -39.940634624, -18.232760595 ], [ -39.940588838, -18.232520542 ], [ -39.940566961, -18.232414128 ], [ -39.940550531, -18.232325129 ], [ -39.940535956, -18.232254185 ], [ -39.940533212, -18.232236301 ], [ -39.940509472, -18.232121027 ], [ -39.940503707, -18.2320853 ], [ -39.94049543, -18.232040811 ], [ -39.94047904, -18.231960997 ], [ -39.940471129, -18.231916448 ], [ -39.940453512, -18.231827656 ], [ -39.940435168, -18.231729803 ], [ -39.940423833, -18.231676672 ], [ -39.940410351, -18.231596363 ], [ -39.940402181, -18.231561067 ], [ -39.940391765, -18.231507765 ], [ -39.940387645, -18.23148094 ], [ -39.940379138, -18.231436491 ], [ -39.9403657, -18.231374546 ], [ -39.940356449, -18.231321048 ], [ -39.940340335, -18.231241183 ], [ -39.94033088, -18.231187717 ], [ -39.940319435, -18.231134607 ], [ -39.940304904, -18.231054465 ], [ -39.940282709, -18.230938911 ], [ -39.940259311, -18.230823573 ], [ -39.940240975, -18.230725718 ], [ -39.940210958, -18.230574785 ], [ -39.940201665, -18.230521294 ], [ -39.94018494, -18.230441543 ], [ -39.940167249045501, -18.230352003230287 ] ] } },
{ "type": "Feature", "properties": { "Field": "001", "Length": 356.73024438933157 }, "geometry": { "type": "LineString", "coordinates": [ [ -39.940768251903641, -18.233530587390874 ], [ -39.940758145, -18.233466695 ], [ -39.940753048, -18.233440024 ], [ -39.940727593, -18.233315862 ], [ -39.940714888, -18.23324459 ], [ -39.940696928, -18.233155862 ], [ -39.940685613, -18.233093531 ], [ -39.940679526, -18.233067051 ], [ -39.940666504, -18.232995831 ], [ -39.940651817, -18.232924908 ], [ -39.940642071, -18.232871489 ], [ -39.940623775, -18.232782824 ], [ -39.940610264, -18.232711687 ], [ -39.940605934, -18.232684893 ], [ -39.940596741, -18.232640568 ], [ -39.940575092, -18.232524919 ], [ -39.940563836, -18.232471772 ], [ -39.940557357, -18.232436157 ], [ -39.940546364, -18.232382961 ], [ -39.94053707, -18.232329469 ], [ -39.940520157, -18.232240553 ], [ -39.94049265000001, -18.232107565 ], [ -39.940471726, -18.231991794 ], [ -39.940451681, -18.231894247 ], [ -39.940423824, -18.231742936 ], [ -39.940405535, -18.231654268 ], [ -39.940395022, -18.23159181 ], [ -39.940379895, -18.231520971 ], [ -39.940372352, -18.231476363 ], [ -39.940365325, -18.231440843 ], [ -39.940353691, -18.231387771 ], [ -39.940344619, -18.231334245 ], [ -39.940332067, -18.231272131 ], [ -39.94031717, -18.23119205 ], [ -39.940305991, -18.231138889 ], [ -39.940271048, -18.230952066 ], [ -39.94025807, -18.230890032 ], [ -39.940248471, -18.23083659 ], [ -39.940209691, -18.230641253 ], [ -39.940186772, -18.23051664 ], [ -39.940154277, -18.230360827 ] ] } },
{ "type": "Feature", "properties": { "Field": "001", "Length": 352.87646779576511 }, "geometry": { "type": "LineString", "coordinates": [ [ -39.94075022, -18.233504518 ], [ -39.940745282, -18.233474935 ], [ -39.940727107, -18.233386246 ], [ -39.940700298, -18.233243936 ], [ -39.940678301, -18.233137545 ], [ -39.940670817, -18.233092928 ], [ -39.94064568, -18.232968707 ], [ -39.940627839, -18.232870769 ], [ -39.940603785, -18.232755554 ], [ -39.940589663, -18.232675346 ], [ -39.94058367, -18.232648845 ], [ -39.940572342, -18.232586517 ], [ -39.94056292, -18.232542237 ], [ -39.940549709, -18.232471049 ], [ -39.940524989, -18.232346751 ], [ -39.940517795, -18.23230209 ], [ -39.940507719, -18.232248728 ], [ -39.940490144, -18.232169145 ], [ -39.940479947, -18.232115804 ], [ -39.940471693, -18.232062157 ], [ -39.94046389, -18.232026785 ], [ -39.940453816, -18.231973422 ], [ -39.940438737, -18.231902574 ], [ -39.940417536, -18.231786849 ], [ -39.940396314, -18.231680314 ], [ -39.940383743, -18.23160902 ], [ -39.940366682, -18.231529335 ], [ -39.940352432, -18.231449147 ], [ -39.940335633, -18.231369411 ], [ -39.940319523, -18.231280359 ], [ -39.940284448, -18.231102747 ], [ -39.94027851, -18.231067046 ], [ -39.940263398, -18.230987002 ], [ -39.940243111, -18.2308895 ], [ -39.940217326, -18.230747018 ], [ -39.940196246, -18.23064967 ], [ -39.940187647, -18.230596072 ], [ -39.940178907, -18.230551664 ], [ -39.940172908, -18.230515972 ], [ -39.940165437, -18.230480535 ], [ -39.940150835, -18.230418831 ], [ -39.940141796, -18.230369317 ] ] } },
{ "type": "Feature", "properties": { "Field": "001", "Length": 348.57335473586789 }, "geometry": { "type": "LineString", "coordinates": [ [ -39.940729867799554, -18.23347509481896 ], [ -39.940720816, -18.233421761 ], [ -39.940712518, -18.233386492 ], [ -39.940691351, -18.233270761 ], [ -39.940673424, -18.233182026 ], [ -39.94066739, -18.233155534 ], [ -39.940654848, -18.233084236 ], [ -39.940627951, -18.232951135 ], [ -39.9406141, -18.232870884 ], [ -39.940598512, -18.232800136 ], [ -39.940566814, -18.23263112 ], [ -39.940542799, -18.232515898 ], [ -39.940533991, -18.232462331 ], [ -39.940510947, -18.232346928 ], [ -39.940493772000011, -18.232248881 ], [ -39.940479426, -18.232187123 ], [ -39.940467157, -18.232115782 ], [ -39.940461637, -18.232089188 ], [ -39.940445261, -18.23200018 ], [ -39.940424235, -18.231902821 ], [ -39.940416815, -18.231858194 ], [ -39.940387167, -18.231707194 ], [ -39.940367384, -18.231600407 ], [ -39.940355385, -18.231547409 ], [ -39.940339949, -18.231458248 ], [ -39.940321442, -18.231369622 ], [ -39.940293125, -18.231218389 ], [ -39.940280092, -18.231156366 ], [ -39.9402489, -18.230987264 ], [ -39.940230211, -18.230898673 ], [ -39.94021822, -18.230827288 ], [ -39.940203167, -18.230747234 ], [ -39.940190856, -18.230694302 ], [ -39.940183458, -18.23065885 ], [ -39.940173231, -18.230596348 ], [ -39.94016201, -18.230534003 ], [ -39.940152827, -18.230489676 ], [ -39.940138158, -18.230427987 ], [ -39.940128668030709, -18.230378246160992 ] ] } },
{ "type": "Feature", "properties": { "Field": "001", "Length": 133.11862289365106 }, "geometry": { "type": "LineString", "coordinates": [ [ -39.940481742081296, -18.232263860445308 ], [ -39.940496217, -18.23234315 ], [ -39.940520672, -18.232467496 ], [ -39.940528091, -18.232512121 ], [ -39.940534688, -18.232547716 ], [ -39.940536572, -18.232556572 ], [ -39.940542778, -18.232583028 ], [ -39.940544716, -18.232591873 ], [ -39.940557461, -18.232653951 ], [ -39.94055913, -18.232662846 ], [ -39.940571515, -18.232734169 ], [ -39.94057323, -18.232743057 ], [ -39.940597304, -18.232858267 ], [ -39.940598996, -18.232867159 ], [ -39.940616185, -18.232965203 ], [ -39.9406179, -18.23297409 ], [ -39.940639959, -18.23308047 ], [ -39.940652984, -18.233151688 ], [ -39.94066595, -18.233213723 ], [ -39.9406762, -18.233267055 ], [ -39.940692227, -18.233356121 ], [ -39.940693999, -18.233364998 ], [ -39.940705449, -18.233418106 ], [ -39.940707098, -18.233427004 ], [ -39.940710279, -18.233446774 ] ] } },
{ "type": "Feature", "properties": { "Field": "001", "Length": 127.39524851593032 }, "geometry": { "type": "LineString", "coordinates": [ [ -39.940691629915719, -18.233419813595436 ], [ -39.940678725, -18.233357872 ], [ -39.940655402, -18.233233328 ], [ -39.940639329, -18.233153455 ], [ -39.940631363, -18.233108914 ], [ -39.940605518, -18.232984826 ], [ -39.940593385, -18.232922636 ], [ -39.94058466, -18.232869057 ], [ -39.940574694, -18.232815676 ], [ -39.940557404, -18.232736036 ], [ -39.940543886, -18.232655732 ], [ -39.940521114, -18.23254949 ], [ -39.940506708, -18.232469328 ], [ -39.940497493, -18.232425007 ], [ -39.94048787, -18.232371569 ], [ -39.940480276, -18.232336155 ], [ -39.940476122, -18.232309335 ], [ -39.940471283, -18.232288082 ] ] } },
{ "type": "Feature", "properties": { "Field": "001", "Length": 120.54366074654152 }, "geometry": { "type": "LineString", "coordinates": [ [ -39.940669514987761, -18.233388097932451 ], [ -39.940650094, -18.233281047 ], [ -39.940618313, -18.233121235 ], [ -39.94060321, -18.23304119 ], [ -39.940578927, -18.232926019 ], [ -39.940560451, -18.232819018 ], [ -39.940547307, -18.232757017 ], [ -39.94052739, -18.232650252 ], [ -39.940504046, -18.232534904 ], [ -39.940489216, -18.232454812 ], [ -39.940481527, -18.232419417 ], [ -39.940472523, -18.23236588 ], [ -39.940468471, -18.232348225 ], [ -39.940462747033564, -18.232316873183844 ] ] } },
{ "type": "Feature", "properties": { "Field": "001", "Length": 114.75394941215947 }, "geometry": { "type": "LineString", "coordinates": [ [ -39.940650201971707, -18.233360648850613 ], [ -39.940621171, -18.233207373 ], [ -39.940606231, -18.233136498 ], [ -39.940593918, -18.233065163 ], [ -39.940565577, -18.232932336 ], [ -39.940561463, -18.232905511 ], [ -39.940554316, -18.232870013 ], [ -39.940545081, -18.232816512 ], [ -39.940528628, -18.23273671 ], [ -39.940508996, -18.232629897 ], [ -39.940492357, -18.23255013 ], [ -39.940482851, -18.232496673 ], [ -39.940463314, -18.232399031 ], [ -39.940458965, -18.232372239 ], [ -39.940452176, -18.232341114 ] ] } },
{ "type": "Feature", "properties": { "Field": "001", "Length": 109.20519858221051 }, "geometry": { "type": "LineString", "coordinates": [ [ -39.940631237665109, -18.233333695369559 ], [ -39.940612672, -18.233243308 ], [ -39.94060495, -18.233198728 ], [ -39.940577353, -18.233056556 ], [ -39.940572955, -18.233038977 ], [ -39.940563912, -18.232994624 ], [ -39.940556064, -18.232950064 ], [ -39.940550109, -18.232923556 ], [ -39.940532205, -18.232825629 ], [ -39.94050854, -18.23271034 ], [ -39.940496231, -18.232639005 ], [ -39.940481331, -18.232568122 ], [ -39.940468598, -18.232496855 ], [ -39.940462716, -18.232470332 ], [ -39.940453157, -18.232416883 ], [ -39.94044240302474, -18.232363524122754 ] ] } },
{ "type": "Feature", "properties": { "Field": "001", "Length": 103.28982864262696 }, "geometry": { "type": "LineString", "coordinates": [ [ -39.940609739, -18.233303139 ], [ -39.940602849, -18.233267728 ], [ -39.940595441, -18.2332231 ], [ -39.94057143, -18.233098675 ], [ -39.940554536, -18.233018957 ], [ -39.940513859, -18.232805573 ], [ -39.940490371, -18.232690252 ], [ -39.940478077, -18.232618914 ], [ -39.940444492, -18.232450231 ], [ -39.940435466, -18.232396697 ], [ -39.940432971105885, -18.232385152489972 ] ] } },
{ "type": "Feature", "properties": { "Field": "001", "Length": 5.8208e-11 }, "geometry": { "type": "LineString", "coordinates": [ [ -39.940589025994605, -18.233273700969946 ], [ -39.940589025994605, -18.233273700969946 ] ] } },
{ "type": "Feature", "properties": { "Field": "001", "Length": 97.390539552138065 }, "geometry": { "type": "LineString", "coordinates": [ [ -39.940589025994605, -18.233273700969946 ], [ -39.940585716, -18.23325526 ], [ -39.940581134, -18.233237724 ], [ -39.940577703, -18.233219949 ], [ -39.940556366, -18.23309508 ], [ -39.940540881, -18.233024312 ], [ -39.940510944, -18.232864175 ], [ -39.940492485, -18.23277554 ], [ -39.940482268, -18.232722202 ], [ -39.940469886, -18.232650879 ], [ -39.940462416, -18.232615441 ], [ -39.940445906, -18.232526456 ], [ -39.940431346, -18.232455508 ], [ -39.940422964, -18.2324081 ] ] } },
{ "type": "Feature", "properties": { "Field": "001", "Length": 91.330500811481357 }, "geometry": { "type": "LineString", "coordinates": [ [ -39.940567957, -18.233243756 ], [ -39.940557818, -18.233191535 ], [ -39.940543209, -18.233102247 ], [ -39.940524095, -18.233013739 ], [ -39.940498212, -18.232871273 ], [ -39.940479358, -18.232782713 ], [ -39.940460093, -18.23267584 ], [ -39.94044048300001, -18.232578211 ], [ -39.940429415, -18.23251584 ], [ -39.940417953, -18.232462734 ], [ -39.940412563, -18.232431951 ] ] } },
{ "type": "Feature", "properties": { "Field": "001", "Length": 85.777814776682973 }, "geometry": { "type": "LineString", "coordinates": [ [ -39.940548062, -18.233215479 ], [ -39.940541027, -18.233179443 ], [ -39.940537486, -18.233152543 ], [ -39.94053153, -18.233116844 ], [ -39.94052607, -18.233090239 ], [ -39.940521529, -18.233072693 ], [ -39.94050702700001, -18.233001735 ], [ -39.940474613, -18.232823662 ], [ -39.940464818, -18.232779456 ], [ -39.940448736, -18.232699585 ], [ -39.94044301, -18.232663852 ], [ -39.940420293, -18.23254839 ], [ -39.940410899, -18.232494914 ], [ -39.940402046047787, -18.232453091225711 ] ] } },
{ "type": "Feature", "properties": { "Field": "001", "Length": 80.941000162685512 }, "geometry": { "type": "LineString", "coordinates": [ [ -39.940529452, -18.233189029 ], [ -39.94052072, -18.233133781 ], [ -39.940501582, -18.233045277 ], [ -39.940484518, -18.232956387 ], [ -39.940460202, -18.232822834 ], [ -39.940432538, -18.232689876 ], [ -39.940411485, -18.232574127 ], [ -39.940407486, -18.23255646 ], [ -39.94039973, -18.232511886 ], [ -39.940391301062661, -18.232469644313984 ] ] } },
{ "type": "Feature", "properties": { "Field": "001", "Length": 76.376951004374178 }, "geometry": { "type": "LineString", "coordinates": [ [ -39.940512438, -18.233164848 ], [ -39.940501238, -18.233110406 ], [ -39.940491146, -18.23306626 ], [ -39.940469766, -18.232950565 ], [ -39.940464074, -18.232924004 ], [ -39.940455012, -18.232870476 ], [ -39.940428137, -18.232737372 ], [ -39.94041849, -18.232693135 ], [ -39.940401677, -18.232604202 ], [ -39.94038812, -18.232523904 ], [ -39.940380483, -18.23248631 ] ] } },
{ "type": "Feature", "properties": { "Field": "001", "Length": 71.301295057734819 }, "geometry": { "type": "LineString", "coordinates": [ [ -39.940492536787424, -18.233136563055773 ], [ -39.940478305, -18.233073348 ], [ -39.940470393, -18.233028798 ], [ -39.940457703, -18.23296671 ], [ -39.940439857, -18.232868772999989 ], [ -39.94040739, -18.232709087 ], [ -39.94039766, -18.232655667 ], [ -39.940386834, -18.232602439 ], [ -39.940369611, -18.232503059 ] ] } },
{ "type": "Feature", "properties": { "Field": "001", "Length": 67.594071731041225 }, "geometry": { "type": "LineString", "coordinates": [ [ -39.940469736, -18.233104156 ], [ -39.940456268, -18.233030656 ], [ -39.940449995, -18.233004216 ], [ -39.940429572, -18.232888363 ], [ -39.940400139, -18.232746527 ], [ -39.94039105800001, -18.232693002 ], [ -39.940372544, -18.232604377 ], [ -39.940353984, -18.232503464 ] ] } },
{ "type": "Feature", "properties": { "Field": "001", "Length": 64.332139060979372 }, "geometry": { "type": "LineString", "coordinates": [ [ -39.940450061, -18.233076193 ], [ -39.940443362, -18.233038314 ], [ -39.940437069, -18.233011878 ], [ -39.940413641, -18.232878179 ], [ -39.940383582, -18.232736464 ], [ -39.940376348, -18.232691809 ], [ -39.940361151, -18.232620984 ], [ -39.940351982, -18.232567473 ], [ -39.940339737, -18.232504555 ] ] } },
{ "type": "Feature", "properties": { "Field": "001", "Length": 178.747169879697 }, "geometry": { "type": "LineString", "coordinates": [ [ -39.940114114, -18.230388146 ], [ -39.940136772, -18.230484668 ], [ -39.940149733, -18.230546704 ], [ -39.940168027, -18.230653734 ], [ -39.940177263, -18.23069805 ], [ -39.940187471, -18.230742171 ], [ -39.940202666, -18.2308222 ], [ -39.940213228, -18.230884651 ], [ -39.940222562, -18.230928948 ], [ -39.940237702, -18.231008987 ], [ -39.940243463, -18.231035534 ], [ -39.94026805, -18.231169042 ], [ -39.940282955, -18.231239924 ], [ -39.940290549, -18.231284524 ], [ -39.940302363, -18.231346769 ], [ -39.94032443, -18.231453147 ], [ -39.940335131, -18.231515576 ], [ -39.940344747, -18.231559819 ], [ -39.940365914, -18.231675549 ], [ -39.940393103, -18.231808596 ], [ -39.94039953, -18.23184422 ], [ -39.940405135, -18.231870797 ], [ -39.940414447, -18.231924286 ], [ -39.940425166, -18.231975708 ] ] } },
{ "type": "Feature", "properties": { "Field": "001", "Length": 59.51354362522482 }, "geometry": { "type": "LineString", "coordinates": [ [ -39.94042957, -18.233048169 ], [ -39.940409306, -18.232942555 ], [ -39.940401893, -18.232897928 ], [ -39.940390196, -18.232835662 ], [ -39.940372824, -18.232756038 ], [ -39.940358351, -18.232675886 ], [ -39.940331924, -18.2325427 ], [ -39.940327807077978, -18.232519237444336 ] ] } },
{ "type": "Feature", "properties": { "Field": "001", "Length": 177.68474239180011 }, "geometry": { "type": "LineString", "coordinates": [ [ -39.940410578, -18.231974743 ], [ -39.940399444, -18.231921681 ], [ -39.940390214, -18.231868179 ], [ -39.940371366, -18.231770414 ], [ -39.940356174, -18.231699588 ], [ -39.940346949, -18.231646085 ], [ -39.940333504, -18.231574937 ], [ -39.940316841, -18.231495175 ], [ -39.94030591, -18.231432782 ], [ -39.940282432, -18.231317459 ], [ -39.940268341, -18.231237245 ], [ -39.940250132, -18.231148563 ], [ -39.940230338, -18.231041778 ], [ -39.940224166, -18.231015315 ], [ -39.940210183, -18.230944262 ], [ -39.940196745, -18.230873113 ], [ -39.940187769, -18.230819571 ], [ -39.940155492, -18.23065985 ], [ -39.94013785, -18.23056188 ], [ -39.940113553, -18.230446712 ], [ -39.940101908082298, -18.230396448355208 ] ] } },
{ "type": "Feature", "properties": { "Field": "001", "Length": 54.982242524095298 }, "geometry": { "type": "LineString", "coordinates": [ [ -39.94041047000001, -18.233022384 ], [ -39.940405013, -18.232995774 ], [ -39.940400571, -18.232968997 ], [ -39.94039403, -18.232942615 ], [ -39.940387191, -18.232897903 ], [ -39.940379068, -18.232853388 ], [ -39.94036662100001, -18.232791255 ], [ -39.940362212, -18.232773679 ], [ -39.940349436, -18.232702418 ], [ -39.940336358, -18.232640404 ], [ -39.940325237, -18.232578041 ], [ -39.940315881, -18.232533916 ] ] } },
{ "type": "Feature", "properties": { "Field": "001", "Length": 175.54824548740947 }, "geometry": { "type": "LineString", "coordinates": [ [ -39.940392925881724, -18.231963998367256 ], [ -39.940359685, -18.231786174 ], [ -39.940338239, -18.23167968 ], [ -39.940317463, -18.231563885 ], [ -39.940302129, -18.231493087 ], [ -39.940290949, -18.231430734 ], [ -39.940262276, -18.231288757 ], [ -39.940255082, -18.231244096 ], [ -39.940231219, -18.231128845 ], [ -39.940216486, -18.231048737 ], [ -39.94019794, -18.230960118 ], [ -39.940181784, -18.230871074 ], [ -39.940172899, -18.230817519 ], [ -39.940160059, -18.230764701 ], [ -39.940148116, -18.230693309 ], [ -39.94012773, -18.230586625 ], [ -39.940110768, -18.230506921 ], [ -39.940095612, -18.230426885 ], [ -39.940090371, -18.230404296 ] ] } },
{ "type": "Feature", "properties": { "Field": "001", "Length": 5.8208e-11 }, "geometry": { "type": "LineString", "coordinates": [ [ -39.940388813919768, -18.232988340595011 ], [ -39.940388813919768, -18.232988340595011 ] ] } },
{ "type": "Feature", "properties": { "Field": "001", "Length": 49.046395682129379 }, "geometry": { "type": "LineString", "coordinates": [ [ -39.940388813919768, -18.232988340595011 ], [ -39.940376438, -18.232925869 ], [ -39.940372305, -18.232899046 ], [ -39.940361798, -18.232845759 ], [ -39.940350572, -18.232783413999989 ], [ -39.940343156, -18.232747967 ], [ -39.940331638, -18.23268567 ], [ -39.94031134, -18.23258817 ], [ -39.940304783108758, -18.232552467592171 ] ] } },
{ "type": "Feature", "properties": { "Field": "001", "Length": 173.48256512518643 }, "geometry": { "type": "LineString", "coordinates": [ [ -39.940376723, -18.231954135 ], [ -39.940357599, -18.231855937 ], [ -39.940345009, -18.231784646 ], [ -39.940333517, -18.231731546 ], [ -39.94030036, -18.231553598 ], [ -39.94028753900001, -18.231491535 ], [ -39.940276069, -18.23142923 ], [ -39.940249028, -18.231296156 ], [ -39.940239898, -18.231242639 ], [ -39.940212343, -18.23110966 ], [ -39.940201371, -18.231047274 ], [ -39.940176476, -18.230923008 ], [ -39.940159799, -18.230824883 ], [ -39.940145412, -18.230763134 ], [ -39.940132107, -18.230682798 ], [ -39.940122002, -18.230629441 ], [ -39.940078025, -18.230412694 ] ] } },
{ "type": "Feature", "properties": { "Field": "001", "Length": 42.943745657999834 }, "geometry": { "type": "LineString", "coordinates": [ [ -39.940367916, -18.23295392 ], [ -39.940349954, -18.23285539 ], [ -39.940330488, -18.232757735 ], [ -39.940322617, -18.232713179 ], [ -39.940313186, -18.2326689 ], [ -39.940304883, -18.232624416 ], [ -39.940293055, -18.23257252 ] ] } },
{ "type": "Feature", "properties": { "Field": "001", "Length": 171.36150267035555 }, "geometry": { "type": "LineString", "coordinates": [ [ -39.940360144, -18.231944044 ], [ -39.940351988, -18.231899352 ], [ -39.940349533, -18.23188143 ], [ -39.940336643, -18.231819379 ], [ -39.94033034, -18.231783735 ], [ -39.940316984, -18.231721775 ], [ -39.94028569000001, -18.23155269 ], [ -39.940239967, -18.231321818 ], [ -39.940222713, -18.231223784 ], [ -39.940214397, -18.231188519 ], [ -39.940201409, -18.231126487 ], [ -39.940170077, -18.230957408 ], [ -39.940160842, -18.230913092 ], [ -39.940144861, -18.230824018 ], [ -39.940131035, -18.230762152 ], [ -39.940115817, -18.230672956 ], [ -39.94008788, -18.230530845 ], [ -39.940080307, -18.230495428 ], [ -39.940073829, -18.230459812 ], [ -39.940065126122263, -18.230421467538669 ] ] } },
{ "type": "Feature", "properties": { "Field": "001", "Length": 5.8208e-11 }, "geometry": { "type": "LineString", "coordinates": [ [ -39.940345332951686, -18.231935028754261 ], [ -39.940345332951686, -18.231935028754261 ] ] } },
{ "type": "Feature", "properties": { "Field": "001", "Length": 169.41144840582058 }, "geometry": { "type": "LineString", "coordinates": [ [ -39.940345332951686, -18.231935028754261 ], [ -39.940322607, -18.231819452 ], [ -39.940316305, -18.231783808 ], [ -39.940294314, -18.231677416 ], [ -39.940254316, -18.231463915 ], [ -39.940234177, -18.231366385 ], [ -39.940220907, -18.231286043 ], [ -39.940185448, -18.231117711 ], [ -39.940156623, -18.230957388 ], [ -39.940147086, -18.23091313 ], [ -39.940134003, -18.23084192 ], [ -39.940124186, -18.230797718 ], [ -39.940104758, -18.230690871 ], [ -39.9400942, -18.230637594 ], [ -39.940088207, -18.230611094 ], [ -39.940073868, -18.23053092 ], [ -39.940063528, -18.230477604 ], [ -39.940052694, -18.230429924 ] ] } },
{ "type": "Feature", "properties": { "Field": "001", "Length": 37.277380701304935 }, "geometry": { "type": "LineString", "coordinates": [ [ -39.940347494, -18.232920284 ], [ -39.940339731, -18.232876908 ], [ -39.940326657, -18.232814892 ], [ -39.940307515, -18.232707998 ], [ -39.94029827, -18.232663684 ], [ -39.940293667, -18.232636931 ], [ -39.940283499099543, -18.232589032468905 ] ] } },
{ "type": "Feature", "properties": { "Field": "001", "Length": 167.23491559972911 }, "geometry": { "type": "LineString", "coordinates": [ [ -39.940329795, -18.231924097 ], [ -39.940324582, -18.231897021 ], [ -39.940308295, -18.231826418 ], [ -39.940282115, -18.231684001 ], [ -39.94026378, -18.231595343 ], [ -39.940249736, -18.231515121 ], [ -39.94023515, -18.231444179 ], [ -39.94022206, -18.231372971 ], [ -39.940212953, -18.23132863 ], [ -39.940203892, -18.231275102 ], [ -39.940195954, -18.231239757 ], [ -39.940175949, -18.231142202 ], [ -39.940166687, -18.231088706 ], [ -39.940148187, -18.230990879 ], [ -39.940142534, -18.230955136 ], [ -39.940132437, -18.230910992 ], [ -39.940119146, -18.230839817 ], [ -39.940109182, -18.230795645 ], [ -39.940087818, -18.230679947 ], [ -39.940069788, -18.230591232 ], [ -39.940051739, -18.230493329 ], [ -39.940040045, -18.230438528 ] ] } },
{ "type": "Feature", "properties": { "Field": "001", "Length": 31.327894166136993 }, "geometry": { "type": "LineString", "coordinates": [ [ -39.940327323730173, -18.232887062625256 ], [ -39.94032009, -18.232850208 ], [ -39.940311709, -18.232814957 ], [ -39.940292934, -18.232708004 ], [ -39.940287233, -18.232681445 ], [ -39.940273996, -18.232608621 ] ] } },
{ "type": "Feature", "properties": { "Field": "001", "Length": 165.00621687037128 }, "geometry": { "type": "LineString", "coordinates": [ [ -39.940314186, -18.231912712 ], [ -39.940294835, -18.231832218 ], [ -39.940290051, -18.231805495 ], [ -39.940284247, -18.231778956 ], [ -39.940270486, -18.23169869 ], [ -39.940246779, -18.23158341 ], [ -39.940235887, -18.231521011 ], [ -39.94022523, -18.231467751 ], [ -39.94022066, -18.231440994 ], [ -39.940201032, -18.231343369 ], [ -39.94018848, -18.231272072 ], [ -39.940174981, -18.23121014 ], [ -39.940150287, -18.231076649 ], [ -39.940144422, -18.231050123 ], [ -39.940128643, -18.230961017 ], [ -39.940117302, -18.230907887 ], [ -39.94010022, -18.230819 ], [ -39.940090557, -18.230774767 ], [ -39.940038449, -18.23049907 ], [ -39.940027208014698, -18.230447144067909 ] ] } },
{ "type": "Feature", "properties": { "Field": "001", "Length": 25.812594814752238 }, "geometry": { "type": "LineString", "coordinates": [ [ -39.940307601, -18.232859944 ], [ -39.940297737, -18.232816457 ], [ -39.940289692, -18.232771929 ], [ -39.940282364, -18.232736465 ], [ -39.94026334805546, -18.232630568308839 ] ] } },
{ "type": "Feature", "properties": { "Field": "001", "Length": 162.4695326408287 }, "geometry": { "type": "LineString", "coordinates": [ [ -39.940295027, -18.231898737 ], [ -39.940281145, -18.231837244 ], [ -39.940272996, -18.231792733 ], [ -39.940267525, -18.231756964 ], [ -39.94025205, -18.231676984 ], [ -39.940236301, -18.231606269 ], [ -39.94022076, -18.231517124 ], [ -39.940203353, -18.231428295 ], [ -39.940200773, -18.231410389 ], [ -39.94018716, -18.23134848 ], [ -39.940183108, -18.231321646 ], [ -39.940174947, -18.231277137 ], [ -39.940159873, -18.231206288 ], [ -39.940138828, -18.231090537 ], [ -39.940131083, -18.231055153 ], [ -39.940113457, -18.23095718 ], [ -39.940079764, -18.230788516 ], [ -39.940072107, -18.230753115 ], [ -39.940063218, -18.230699561 ], [ -39.940038227, -18.230575313 ], [ -39.940025886, -18.230503982 ], [ -39.940014679095022, -18.230455364412197 ] ] } },
{ "type": "Feature", "properties": { "Field": "001", "Length": 20.256941853024156 }, "geometry": { "type": "LineString", "coordinates": [ [ -39.940285602, -18.232833231 ], [ -39.940282138, -18.232815353 ], [ -39.940278532, -18.232788461 ], [ -39.940259139, -18.232690793 ], [ -39.940252485065045, -18.232652959369833 ] ] } },
{ "type": "Feature", "properties": { "Field": "001", "Length": 160.0792738790301 }, "geometry": { "type": "LineString", "coordinates": [ [ -39.940276952, -18.231885553 ], [ -39.940262644, -18.231814552 ], [ -39.940251246, -18.231743079 ], [ -39.940216307, -18.231574647 ], [ -39.940186394, -18.231414506 ], [ -39.940175511, -18.231361289 ], [ -39.9401663, -18.231307784 ], [ -39.9401397, -18.231174629 ], [ -39.940125324, -18.231094461 ], [ -39.940110378, -18.23102358800001 ], [ -39.940098455, -18.230952192 ], [ -39.940085222, -18.230890208 ], [ -39.940064092, -18.230783656 ], [ -39.940055742, -18.23073918 ], [ -39.940048327, -18.230694552 ], [ -39.940026556, -18.230588118 ], [ -39.940011025, -18.230498972 ], [ -39.940003236063347, -18.230462872293582 ] ] } },
{ "type": "Feature", "properties": { "Field": "001", "Length": 157.75403157852972 }, "geometry": { "type": "LineString", "coordinates": [ [ -39.940259465949019, -18.231872798693402 ], [ -39.940254883, -18.23184524 ], [ -39.940247293, -18.231809826 ], [ -39.940242155, -18.231774012 ], [ -39.940231352, -18.231711598 ], [ -39.940222515, -18.231667208 ], [ -39.940210144, -18.231614288 ], [ -39.940196, -18.231543264 ], [ -39.940183085, -18.231472027 ], [ -39.94016188, -18.231365489 ], [ -39.940146071, -18.231276387 ], [ -39.940110715, -18.231098826 ], [ -39.940102728, -18.231054289 ], [ -39.940079897, -18.230938847 ], [ -39.940073799, -18.230903171 ], [ -39.940054432, -18.230805498 ], [ -39.940044905, -18.230752044 ], [ -39.940013556, -18.230592154 ], [ -39.939998798, -18.230502888 ], [ -39.939991669, -18.230470462 ] ] } },
{ "type": "Feature", "properties": { "Field": "001", "Length": 11.957646717358998 }, "geometry": { "type": "LineString", "coordinates": [ [ -39.940262070678635, -18.232781218408416 ], [ -39.940251421, -18.232728475 ], [ -39.940241839168984, -18.23267490294478 ] ] } },
{ "type": "Feature", "properties": { "Field": "001", "Length": 155.64201259860661 }, "geometry": { "type": "LineString", "coordinates": [ [ -39.940243248924624, -18.231861654615606 ], [ -39.940232733, -18.231808025 ], [ -39.94022329, -18.231745411 ], [ -39.940207506, -18.231665486 ], [ -39.940199414, -18.231630173 ], [ -39.940186618, -18.231568105 ], [ -39.940177418, -18.231514599 ], [ -39.940146914, -18.231363755 ], [ -39.94013965900001, -18.231319103 ], [ -39.940129693, -18.231265722 ], [ -39.94011089, -18.231177153 ], [ -39.940089611, -18.231061441 ], [ -39.940070671, -18.230963692 ], [ -39.940064912, -18.230937144 ], [ -39.940058917, -18.230901452 ], [ -39.940043524, -18.230821457 ], [ -39.940032421, -18.230759092 ], [ -39.940021139, -18.23070595 ], [ -39.94000745, -18.230634845 ], [ -39.940000953, -18.230599233 ], [ -39.939991122, -18.230536673 ], [ -39.939980367, -18.230477877 ] ] } },
{ "type": "Feature", "properties": { "Field": "001", "Length": 153.51482452433751 }, "geometry": { "type": "LineString", "coordinates": [ [ -39.94022762093126, -18.231851033654298 ], [ -39.940216919, -18.231797212 ], [ -39.940210943, -18.231761516 ], [ -39.940202064, -18.231717133 ], [ -39.940195831, -18.231681478 ], [ -39.940179254, -18.2316017 ], [ -39.940157342, -18.231486096 ], [ -39.940147969, -18.231441806 ], [ -39.940138104, -18.231388407 ], [ -39.940130678, -18.231352961 ], [ -39.940118104, -18.231281668 ], [ -39.940084384, -18.23111301 ], [ -39.940055502, -18.230961875 ], [ -39.940019289, -18.230766088 ], [ -39.94001239100001, -18.230730545 ], [ -39.940002154, -18.23068643 ], [ -39.939986559, -18.230597294 ], [ -39.93997959, -18.2305526 ], [ -39.93996765, -18.230486221 ] ] } },
{ "type": "Feature", "properties": { "Field": "001", "Length": 5.8208e-11 }, "geometry": { "type": "LineString", "coordinates": [ [ -39.940211565888546, -18.231840122462671 ], [ -39.940211565888546, -18.231840122462671 ] ] } },
{ "type": "Feature", "properties": { "Field": "001", "Length": 151.32228081077096 }, "geometry": { "type": "LineString", "coordinates": [ [ -39.940211565888546, -18.231840122462671 ], [ -39.940204245, -18.231804827 ], [ -39.940184501, -18.231698033 ], [ -39.940131202, -18.23143174 ], [ -39.940121687, -18.231378284 ], [ -39.940112336, -18.23133399 ], [ -39.940089458, -18.23120937 ], [ -39.94007147, -18.231120647 ], [ -39.940040776, -18.230960641 ], [ -39.940034741, -18.230924955 ], [ -39.940022498, -18.230862785 ], [ -39.940004745, -18.230764833 ], [ -39.939993726, -18.230711641 ], [ -39.939987417, -18.230685208 ], [ -39.93995848, -18.23051574 ], [ -39.939954331, -18.23049496 ] ] } },
{ "type": "Feature", "properties": { "Field": "001", "Length": 148.89132028933722 }, "geometry": { "type": "LineString", "coordinates": [ [ -39.940193957, -18.231828155 ], [ -39.940184663, -18.231783267 ], [ -39.940172648, -18.231711886 ], [ -39.940152679, -18.231614324 ], [ -39.940137589, -18.231534277 ], [ -39.940112569, -18.231410034 ], [ -39.940106514, -18.231374351 ], [ -39.940092117, -18.231303373 ], [ -39.940075985, -18.231214324 ], [ -39.940056114, -18.231116744 ], [ -39.940044631, -18.231054442 ], [ -39.940030478, -18.230983419 ], [ -39.939996115, -18.230796498 ], [ -39.939953606, -18.23058344 ], [ -39.939939267, -18.230504843 ] ] } },
{ "type": "Feature", "properties": { "Field": "001", "Length": 146.63148952586002 }, "geometry": { "type": "LineString", "coordinates": [ [ -39.940177093, -18.231816694 ], [ -39.940169845, -18.231781554 ], [ -39.940156321, -18.231701251 ], [ -39.940137745, -18.231612638 ], [ -39.940123208, -18.231532498 ], [ -39.940112132, -18.231479317 ], [ -39.940090325, -18.231363694 ], [ -39.940070484, -18.231266108 ], [ -39.940061192, -18.231212616 ], [ -39.940041451, -18.231115012 ], [ -39.940023093, -18.231017162 ], [ -39.940017364, -18.230990608 ], [ -39.940009533, -18.230946046 ], [ -39.939987176, -18.230830519 ], [ -39.939967511, -18.230723712 ], [ -39.939931946, -18.230546189 ], [ -39.939926041, -18.230513521 ] ] } },
{ "type": "Feature", "properties": { "Field": "001", "Length": 144.45749863335109 }, "geometry": { "type": "LineString", "coordinates": [ [ -39.940161038, -18.231805783 ], [ -39.940146363, -18.231725049 ], [ -39.940126027, -18.231627556 ], [ -39.94011291, -18.231556353 ], [ -39.940108639, -18.23152955 ], [ -39.940088661, -18.231431989 ], [ -39.940073896, -18.231351887 ], [ -39.940058898, -18.231281023 ], [ -39.940045963, -18.231209789 ], [ -39.940033291, -18.231147697 ], [ -39.940018179, -18.231067653 ], [ -39.940012013, -18.231031988 ], [ -39.940002818, -18.230987663 ], [ -39.939994713, -18.230943146 ], [ -39.939987011, -18.230907754 ], [ -39.939982124, -18.230881047 ], [ -39.939978242, -18.23085419 ], [ -39.939963651, -18.230783248 ], [ -39.939950853, -18.230711992 ], [ -39.939912963045771, -18.230522101229347 ] ] } },
{ "type": "Feature", "properties": { "Field": "001", "Length": 142.17728208226231 }, "geometry": { "type": "LineString", "coordinates": [ [ -39.940145528889069, -18.231793866436838 ], [ -39.940129723, -18.231713626 ], [ -39.940114542, -18.231642798 ], [ -39.940100557, -18.231562567 ], [ -39.940079164, -18.231456064 ], [ -39.940061002, -18.23135818 ], [ -39.940040855, -18.231260651 ], [ -39.940032987, -18.231216094 ], [ -39.940010141, -18.231100655 ], [ -39.939988029, -18.230985086 ], [ -39.939981838, -18.230949424 ], [ -39.939970413, -18.230896311 ], [ -39.939962848, -18.230851706 ], [ -39.939952103, -18.230798463 ], [ -39.939935982, -18.230709412 ], [ -39.939899898056382, -18.230530673279251 ] ] } },
{ "type": "Feature", "properties": { "Field": "001", "Length": 139.37728658978395 }, "geometry": { "type": "LineString", "coordinates": [ [ -39.940126228, -18.231777613 ], [ -39.940110281, -18.231688969 ], [ -39.940102763, -18.231653541 ], [ -39.940072324, -18.231493491 ], [ -39.940064811, -18.231458061 ], [ -39.940015542, -18.231200243 ], [ -39.93999049100001, -18.231076005 ], [ -39.939965865, -18.230942504 ], [ -39.939930254, -18.230755796 ], [ -39.939917034, -18.230693809 ], [ -39.939898953, -18.230595911 ], [ -39.939887327045689, -18.23053892122395 ] ] } },
{ "type": "Feature", "properties": { "Field": "001", "Length": 5.8208e-11 }, "geometry": { "type": "LineString", "coordinates": [ [ -39.940109111911234, -18.231763199513825 ], [ -39.940109111911234, -18.231763199513825 ] ] } },
{ "type": "Feature", "properties": { "Field": "001", "Length": 136.83145595824132 }, "geometry": { "type": "LineString", "coordinates": [ [ -39.940109111911234, -18.231763199513825 ], [ -39.940094442, -18.231682854 ], [ -39.940067863, -18.231549695 ], [ -39.940049351, -18.23145187 ], [ -39.940041705, -18.231416467 ], [ -39.940022215, -18.231309631 ], [ -39.939969551, -18.231043222 ], [ -39.939948701, -18.230927439 ], [ -39.939914189, -18.230749727 ], [ -39.93990106, -18.230687722 ], [ -39.939892666, -18.230643253 ], [ -39.93988997, -18.230625363 ], [ -39.939874873072839, -18.230547092377623 ] ] } },
{ "type": "Feature", "properties": { "Field": "001", "Length": 133.9254206839513 }, "geometry": { "type": "LineString", "coordinates": [ [ -39.940088733, -18.231746038 ], [ -39.940083186, -18.231719943 ], [ -39.940077997, -18.231675029 ], [ -39.940073291, -18.231648293 ], [ -39.94005664, -18.231568528 ], [ -39.940044284, -18.231506379 ], [ -39.940036261, -18.231461847 ], [ -39.940025252, -18.231408654 ], [ -39.94001273, -18.231337352 ], [ -39.940002052, -18.231284097 ], [ -39.939980895, -18.231168364 ], [ -39.939960689, -18.231070847 ], [ -39.939937737, -18.23094624 ], [ -39.939909622, -18.230804161 ], [ -39.939896362, -18.230732981 ], [ -39.939886839, -18.23068872 ], [ -39.939862187, -18.230555416 ] ] } },
{ "type": "Feature", "properties": { "Field": "001", "Length": 130.89700161891423 }, "geometry": { "type": "LineString", "coordinates": [ [ -39.940069466, -18.231727481 ], [ -39.940067323, -18.231717188 ], [ -39.940063793, -18.231690286 ], [ -39.940061367, -18.231663274 ], [ -39.940058257, -18.231645445 ], [ -39.940034308, -18.23153021 ], [ -39.940015168, -18.231432497 ], [ -39.939999283, -18.231343408 ], [ -39.939990297, -18.231299044 ], [ -39.939967573, -18.231174399 ], [ -39.939949235, -18.231085741 ], [ -39.939938179, -18.231023368 ], [ -39.93990122, -18.2308369 ], [ -39.939881159, -18.23073016 ], [ -39.93986666, -18.230659201 ], [ -39.939857707, -18.230605656 ], [ -39.939849826, -18.230563526 ] ] } },
{ "type": "Feature", "properties": { "Field": "001", "Length": 127.98817802201155 }, "geometry": { "type": "LineString", "coordinates": [ [ -39.940053780877868, -18.231709986370586 ], [ -39.940049956, -18.231690276 ], [ -39.940046981, -18.231663313 ], [ -39.940042503, -18.231636541 ], [ -39.940002191, -18.231441488 ], [ -39.939983378, -18.23133454 ], [ -39.939972513, -18.23128132 ], [ -39.939951256, -18.231165604 ], [ -39.939936374, -18.231094718 ], [ -39.939922262, -18.231014507 ], [ -39.939909332, -18.230952465 ], [ -39.939899523, -18.230899057 ], [ -39.939886751, -18.230836984 ], [ -39.939853459, -18.23065906 ], [ -39.93983651, -18.230572263 ] ] } },
{ "type": "Feature", "properties": { "Field": "001", "Length": 124.98554503895494 }, "geometry": { "type": "LineString", "coordinates": [ [ -39.940037265985303, -18.23169156591133 ], [ -39.940031178, -18.231654834 ], [ -39.940021878, -18.23161053 ], [ -39.940015521, -18.231574894 ], [ -39.93999163, -18.231459649 ], [ -39.939977837, -18.231379388 ], [ -39.939971919, -18.231352872 ], [ -39.939947058, -18.23121941 ], [ -39.939931314, -18.231139478 ], [ -39.939925354, -18.231112971 ], [ -39.9399065, -18.23100603 ], [ -39.939893331, -18.230944033 ], [ -39.939867146, -18.230810803 ], [ -39.939854697, -18.230739489 ], [ -39.939844002, -18.230686237 ], [ -39.93983604, -18.230641696 ], [ -39.939823555, -18.230580763 ] ] } },
{ "type": "Feature", "properties": { "Field": "001", "Length": 122.11177525901201 }, "geometry": { "type": "LineString", "coordinates": [ [ -39.940020852, -18.23167347 ], [ -39.93999142, -18.231530225 ], [ -39.939982226, -18.231476718 ], [ -39.939972653, -18.231432467 ], [ -39.939961639000011, -18.231370087 ], [ -39.939948687, -18.231308048 ], [ -39.939937567, -18.231245686 ], [ -39.939926628, -18.231192479 ], [ -39.93990483, -18.231076855 ], [ -39.939893866, -18.231014468 ], [ -39.939885866, -18.230979136 ], [ -39.939877233, -18.230934709 ], [ -39.939873447, -18.230907839 ], [ -39.939865536, -18.230872489 ], [ -39.939848167, -18.230783653 ], [ -39.939838591, -18.230730207 ], [ -39.939827454, -18.230677038 ], [ -39.93981217501139, -18.230588229066207 ] ] } },
{ "type": "Feature", "properties": { "Field": "001", "Length": 119.09936890743482 }, "geometry": { "type": "LineString", "coordinates": [ [ -39.940002997, -18.231654293 ], [ -39.939997967, -18.231626495 ], [ -39.939987888, -18.231582347 ], [ -39.939959171, -18.231431183 ], [ -39.939934096, -18.23130695 ], [ -39.93991756, -18.231217969 ], [ -39.93991177, -18.231191427 ], [ -39.939898526, -18.231111082 ], [ -39.939890522, -18.231075751 ], [ -39.939880603, -18.231022362 ], [ -39.939868824, -18.230969319 ], [ -39.939857799, -18.230897792 ], [ -39.93984084, -18.230818087999989 ], [ -39.939824128, -18.230729136 ], [ -39.939812701, -18.230676023 ], [ -39.939803407, -18.230613389 ], [ -39.939799992, -18.230595815 ] ] } },
{ "type": "Feature", "properties": { "Field": "001", "Length": 115.8674680783094 }, "geometry": { "type": "LineString", "coordinates": [ [ -39.939984527773326, -18.231634455782967 ], [ -39.939982965, -18.231626065 ], [ -39.93997173, -18.231582172 ], [ -39.93995999, -18.231510749 ], [ -39.939950021, -18.231457369 ], [ -39.939938494, -18.231404275 ], [ -39.939933878, -18.231377524 ], [ -39.939917606, -18.231297689 ], [ -39.939879727, -18.231093006 ], [ -39.939852825, -18.230959906 ], [ -39.939839344, -18.230879597 ], [ -39.93982801, -18.230826466 ], [ -39.939809278, -18.23072868 ], [ -39.939801707, -18.230693262 ], [ -39.939793378, -18.230648782 ], [ -39.939790763, -18.230630881 ], [ -39.939785151, -18.230605002 ] ] } },
{ "type": "Feature", "properties": { "Field": "001", "Length": 112.50674107398727 }, "geometry": { "type": "LineString", "coordinates": [ [ -39.939964508, -18.231612953 ], [ -39.939954374, -18.23156817 ], [ -39.939939588, -18.231478908 ], [ -39.939923208, -18.231399092 ], [ -39.939908212, -18.231319028 ], [ -39.939902477, -18.231292476 ], [ -39.93987813, -18.231158928 ], [ -39.93986872, -18.231114645 ], [ -39.939861034, -18.231070059 ], [ -39.939837569, -18.230954734 ], [ -39.939828841, -18.230901155 ], [ -39.939805072, -18.230785886 ], [ -39.939772106042689, -18.230613077223772 ] ] } },
{ "type": "Feature", "properties": { "Field": "001", "Length": 109.28012708328447 }, "geometry": { "type": "LineString", "coordinates": [ [ -39.939945353829174, -18.231592380059862 ], [ -39.939917797, -18.231440732 ], [ -39.939891091, -18.231307596 ], [ -39.939861316, -18.231147432 ], [ -39.939848586, -18.231085351 ], [ -39.939842375, -18.231049692 ], [ -39.939829688, -18.230987604 ], [ -39.939808103, -18.230871943 ], [ -39.939773027, -18.230694332 ], [ -39.939759427025891, -18.230620926139796 ] ] } },
{ "type": "Feature", "properties": { "Field": "001", "Length": 106.40103231047526 }, "geometry": { "type": "LineString", "coordinates": [ [ -39.939928857819396, -18.231574662112408 ], [ -39.939910601, -18.231484945 ], [ -39.939903502, -18.23144027 ], [ -39.939881505, -18.231333879 ], [ -39.939860806, -18.231218071 ], [ -39.939839665, -18.231111521 ], [ -39.939824631, -18.231031464 ], [ -39.939813484, -18.230978297 ], [ -39.939785144, -18.230827068 ], [ -39.939769581, -18.230747103 ], [ -39.939760081, -18.230702838 ], [ -39.93974618, -18.230629127 ] ] } },
{ "type": "Feature", "properties": { "Field": "001", "Length": 102.7656443849397 }, "geometry": { "type": "LineString", "coordinates": [ [ -39.939908559946218, -18.231550101720732 ], [ -39.939904986, -18.231531543 ], [ -39.939898405, -18.231505171 ], [ -39.939885996, -18.231424704 ], [ -39.939869135, -18.23134498 ], [ -39.939855192, -18.231264742 ], [ -39.939837037, -18.231166857 ], [ -39.939822555, -18.231095896 ], [ -39.939814444, -18.231051379 ], [ -39.939799716, -18.230980463 ], [ -39.939755782, -18.230749274 ], [ -39.93974601, -18.230705063 ], [ -39.93973724300001, -18.23065149 ], [ -39.939734044, -18.23063664 ] ] } },
{ "type": "Feature", "properties": { "Field": "001", "Length": 98.479352556269788 }, "geometry": { "type": "LineString", "coordinates": [ [ -39.939886806, -18.231520378 ], [ -39.939878544, -18.231475588 ], [ -39.939872127, -18.23143082 ], [ -39.93986595, -18.231395156 ], [ -39.93985933, -18.231359564 ], [ -39.939851174, -18.231324265 ], [ -39.939825669, -18.231181737 ], [ -39.939807146, -18.231093114 ], [ -39.939795993, -18.231030757 ], [ -39.939775958, -18.230933207 ], [ -39.939761611, -18.230853035 ], [ -39.939745443, -18.23077318 ], [ -39.939737587, -18.230728621 ], [ -39.939720962, -18.230644738 ] ] } },
{ "type": "Feature", "properties": { "Field": "001", "Length": 5.8208e-11 }, "geometry": { "type": "LineString", "coordinates": [ [ -39.939868047954612, -18.23149474872595 ], [ -39.939868047954612, -18.23149474872595 ] ] } },
{ "type": "Feature", "properties": { "Field": "001", "Length": 94.636198277399899 }, "geometry": { "type": "LineString", "coordinates": [ [ -39.939868047954612, -18.23149474872595 ], [ -39.939858961, -18.231439881 ], [ -39.939851807, -18.231404384 ], [ -39.939847641, -18.231377566 ], [ -39.939813093, -18.23119986 ], [ -39.939807089, -18.231164169 ], [ -39.939790471, -18.231084399 ], [ -39.939779184, -18.231022064 ], [ -39.939759681, -18.230924416 ], [ -39.939736857, -18.230799787 ], [ -39.939729306, -18.230764365 ], [ -39.939724714, -18.230737611 ], [ -39.939706629, -18.230653611 ] ] } },
{ "type": "Feature", "properties": { "Field": "001", "Length": 90.418454271849228 }, "geometry": { "type": "LineString", "coordinates": [ [ -39.939848905851925, -18.231468594164991 ], [ -39.93982324, -18.231323869 ], [ -39.93980844, -18.231252967 ], [ -39.939794014, -18.231172808 ], [ -39.939782879, -18.231119638 ], [ -39.939768001, -18.231039554 ], [ -39.939746465, -18.230933077 ], [ -39.939736138, -18.23087059 ], [ -39.939729336, -18.23083503 ], [ -39.939721696, -18.230799626 ], [ -39.939710002, -18.230737359 ], [ -39.939696571, -18.230675414 ], [ -39.939693849103769, -18.230665109392845 ] ] } },
{ "type": "Feature", "properties": { "Field": "001", "Length": 86.252983076802252 }, "geometry": { "type": "LineString", "coordinates": [ [ -39.939830492, -18.231443434 ], [ -39.939812638, -18.231343156 ], [ -39.939790357, -18.231236819 ], [ -39.939779628, -18.231174394 ], [ -39.939760016, -18.231076766 ], [ -39.939757091, -18.231058909 ], [ -39.939727442, -18.23090791 ], [ -39.939710034, -18.230809901 ], [ -39.939693115, -18.230730188 ], [ -39.939680459, -18.230677352 ] ] } },
{ "type": "Feature", "properties": { "Field": "001", "Length": 82.329468928246783 }, "geometry": { "type": "LineString", "coordinates": [ [ -39.939812683988777, -18.231419572941455 ], [ -39.939795376, -18.231329362 ], [ -39.939774872, -18.231231902 ], [ -39.939735019, -18.231018375 ], [ -39.939729211, -18.230991838 ], [ -39.939713784, -18.230911849 ], [ -39.939694539, -18.230804972 ], [ -39.939679522, -18.230734111 ], [ -39.93966860508479, -18.230688465354529 ] ] } },
{ "type": "Feature", "properties": { "Field": "001", "Length": 78.210502312423088 }, "geometry": { "type": "LineString", "coordinates": [ [ -39.939793136, -18.231394992 ], [ -39.939766448, -18.231261299 ], [ -39.939753444, -18.231190076 ], [ -39.939740919, -18.231127957 ], [ -39.939719707, -18.231012234 ], [ -39.939691089, -18.230870247 ], [ -39.93967854, -18.230798949 ], [ -39.939665773, -18.230736876 ], [ -39.939657117062012, -18.230700291262053 ] ] } },
{ "type": "Feature", "properties": { "Field": "001", "Length": 74.141309752309809 }, "geometry": { "type": "LineString", "coordinates": [ [ -39.939773676, -18.231370523 ], [ -39.939767736, -18.231342633 ], [ -39.939750953, -18.231253694 ], [ -39.939740517, -18.231191224 ], [ -39.939723874, -18.231111458 ], [ -39.939702551, -18.230995754 ], [ -39.939689025, -18.230933827 ], [ -39.939676651, -18.230871681 ], [ -39.939664568, -18.23080031 ], [ -39.93964596, -18.230711777 ] ] } },
{ "type": "Feature", "properties": { "Field": "001", "Length": 69.483368825652832 }, "geometry": { "type": "LineString", "coordinates": [ [ -39.939752721804261, -18.231344174970726 ], [ -39.939747635, -18.231317427 ], [ -39.939743734, -18.231290573 ], [ -39.939727522, -18.231201537 ], [ -39.939707934, -18.231103905 ], [ -39.939688288, -18.230997095 ], [ -39.939669136, -18.230908594 ], [ -39.939650057, -18.230801689 ], [ -39.93963477, -18.230726502 ] ] } },
{ "type": "Feature", "properties": { "Field": "001", "Length": 64.194322721833785 }, "geometry": { "type": "LineString", "coordinates": [ [ -39.939734457904706, -18.231321209463083 ], [ -39.939713803, -18.231204826 ], [ -39.939695881, -18.23111609 ], [ -39.939680001, -18.231027 ], [ -39.939657764, -18.230920654 ], [ -39.939634508, -18.230796099 ], [ -39.939624994, -18.230750616 ] ] } },
{ "type": "Feature", "properties": { "Field": "001", "Length": 5.8208e-11 }, "geometry": { "type": "LineString", "coordinates": [ [ -39.939716757782108, -18.231298952855663 ], [ -39.939716757782108, -18.231298952855663 ] ] } },
{ "type": "Feature", "properties": { "Field": "001", "Length": 59.628997312125627 }, "geometry": { "type": "LineString", "coordinates": [ [ -39.939716757782108, -18.231298952855663 ], [ -39.939703051, -18.231226967 ], [ -39.939697129, -18.231191264 ], [ -39.9396772, -18.231093694 ], [ -39.939664817, -18.231022371 ], [ -39.939637457, -18.230889356 ], [ -39.939619821, -18.230791384 ], [ -39.939614734033178, -18.230769016145878 ] ] } },
{ "type": "Feature", "properties": { "Field": "001", "Length": 55.719102540330226 }, "geometry": { "type": "LineString", "coordinates": [ [ -39.939698331989888, -18.231279847943604 ], [ -39.939680662, -18.231181274 ], [ -39.939664486, -18.231101421 ], [ -39.939650584, -18.231021177 ], [ -39.939641804, -18.230976776 ], [ -39.939624324, -18.230897174 ], [ -39.939613062, -18.230834834 ], [ -39.939609285, -18.230807964 ], [ -39.939604577079734, -18.230784415398833 ] ] } },
{ "type": "Feature", "properties": { "Field": "001", "Length": 51.667642395997206 }, "geometry": { "type": "LineString", "coordinates": [ [ -39.939681124896872, -18.231262169426532 ], [ -39.939676148, -18.231234495 ], [ -39.939670345, -18.231207957 ], [ -39.939665938, -18.231181174 ], [ -39.939651614, -18.231110183 ], [ -39.939634553, -18.231012118 ], [ -39.939623594, -18.230958915 ], [ -39.939607793, -18.230888211 ], [ -39.939604019, -18.23086134 ], [ -39.93959223401508, -18.230803129074477 ] ] } },
{ "type": "Feature", "properties": { "Field": "001", "Length": 46.558831082353663 }, "geometry": { "type": "LineString", "coordinates": [ [ -39.93966210689058, -18.23124263037629 ], [ -39.939652682, -18.231188908 ], [ -39.939636808, -18.231108999 ], [ -39.9396202, -18.231010863 ], [ -39.939614842, -18.230984239 ], [ -39.939600444, -18.230922492 ], [ -39.93959514, -18.230895858 ], [ -39.939587737, -18.230851229 ], [ -39.939582755, -18.230828853 ] ] } },
{ "type": "Feature", "properties": { "Field": "001", "Length": 41.539319056145423 }, "geometry": { "type": "LineString", "coordinates": [ [ -39.939644797814672, -18.231224847071026 ], [ -39.939626893, -18.231135101 ], [ -39.939624365, -18.231117189 ], [ -39.939606568, -18.231019244 ], [ -39.939591092, -18.230957736 ], [ -39.939581559, -18.230895134 ], [ -39.939573418031891, -18.230855862153824 ] ] } },
{ "type": "Feature", "properties": { "Field": "001", "Length": 36.356417154970501 }, "geometry": { "type": "LineString", "coordinates": [ [ -39.939627128979438, -18.231205748898919 ], [ -39.939616063, -18.231151346 ], [ -39.939593325, -18.231026703 ], [ -39.939578561, -18.230965035 ], [ -39.939564096054269, -18.230882829308413 ] ] } },
{ "type": "Feature", "properties": { "Field": "001", "Length": 31.194752860800911 }, "geometry": { "type": "LineString", "coordinates": [ [ -39.939555428, -18.230907906 ], [ -39.939558296, -18.230924781 ], [ -39.939559622, -18.230933729 ], [ -39.939563181, -18.230960627 ], [ -39.939564648, -18.230969555 ], [ -39.939566316, -18.230978451 ], [ -39.939567524, -18.230987414 ], [ -39.939569264, -18.231005412 ], [ -39.939570604, -18.231014358 ], [ -39.939572289, -18.23102325 ], [ -39.939575775, -18.231031651 ], [ -39.939583033, -18.231057858 ], [ -39.939588305, -18.231084495 ], [ -39.939596017, -18.231119885 ], [ -39.939607948, -18.231184899 ] ] } },
{ "type": "Feature", "properties": { "Field": "001", "Length": 25.781822847295718 }, "geometry": { "type": "LineString", "coordinates": [ [ -39.939590115, -18.231165516 ], [ -39.939569065, -18.231058925999989 ], [ -39.939556971, -18.231015242 ], [ -39.939550932, -18.230979556 ], [ -39.939546814, -18.230943622 ], [ -39.939545475042642, -18.230936697220507 ] ] } }
]
}
