{
"type": "FeatureCollection",
"name": "vectors (53)",
"crs": { "type": "name", "properties": { "name": "urn:ogc:def:crs:OGC:1.3:CRS84" } },
"features": [
{ "type": "Feature", "properties": { "Field": "000", "Length": 197.89349603400575 }, "geometry": { "type": "LineString", "coordinates": [ [ -40.054262431, -18.383181597 ], [ -40.054230028, -18.38316379 ], [ -40.054213761, -18.383154546 ], [ -40.054173386, -18.38313097 ], [ -40.054165372, -18.383126162 ], [ -40.054149594, -18.383116175 ], [ -40.054141612, -18.383111318 ], [ -40.054100571, -18.383088818 ], [ -40.054044163, -18.383055634 ], [ -40.053994778, -18.383028859 ], [ -40.053986629, -18.383024263 ], [ -40.053930932, -18.382990001 ], [ -40.053849231, -18.382944371 ], [ -40.053704303, -18.382858849 ], [ -40.05363904, -18.382822186 ], [ -40.053566943, -18.382778864 ], [ -40.053542479, -18.382765099 ], [ -40.053534255, -18.382760626 ], [ -40.053500873, -18.38274357 ], [ -40.053492618, -18.382739148 ], [ -40.053468456, -18.382724907 ], [ -40.053435821, -18.382706582 ], [ -40.053363988, -18.382662861 ], [ -40.053355942, -18.382658101 ], [ -40.053298665, -18.382626302 ], [ -40.053242812, -18.382592272 ], [ -40.053234749, -18.382587538 ], [ -40.053201848, -18.382569653 ], [ -40.053129762, -18.382526314 ], [ -40.053121678, -18.382521615 ], [ -40.053014364, -18.382464132 ], [ -40.053006172000011, -18.382459606 ], [ -40.052973974, -18.382440589 ], [ -40.052965996, -18.382435726 ], [ -40.052911079, -18.382400333 ], [ -40.052903132, -18.382395424 ], [ -40.05289502, -18.382390768 ], [ -40.052747874, -18.382308771 ], [ -40.052731707, -18.382299369 ], [ -40.052691615, -18.38227536 ], [ -40.052659491104542, -18.382257187059132 ] ] } },
{ "type": "Feature", "properties": { "Field": "000", "Length": 199.65029854031732 }, "geometry": { "type": "LineString", "coordinates": [ [ -40.054255769928801, -18.383192688962794 ], [ -40.05421467, -18.383171212 ], [ -40.054182056, -18.383152852 ], [ -40.054134067, -18.383123855 ], [ -40.054109481, -18.383110293 ], [ -40.054036758, -18.383067934 ], [ -40.053987718, -18.383040588 ], [ -40.053923519, -18.383002249 ], [ -40.053744968, -18.382899943 ], [ -40.053559504, -18.382791095 ], [ -40.053428395, -18.382718722 ], [ -40.053332729, -18.382660262 ], [ -40.053283345, -18.382633487 ], [ -40.053203083, -18.382585587 ], [ -40.053114096, -18.382533978 ], [ -40.05303193, -18.382489116 ], [ -40.052983089, -18.382461447 ], [ -40.052887176, -18.382403356 ], [ -40.052838779, -18.382374984 ], [ -40.052789529, -18.382347985 ], [ -40.052757264, -18.382329072 ], [ -40.05265949, -18.382273882 ], [ -40.052636114, -18.382263996 ] ] } },
{ "type": "Feature", "properties": { "Field": "000", "Length": 201.45612272980213 }, "geometry": { "type": "LineString", "coordinates": [ [ -40.054248435696067, -18.383204900837743 ], [ -40.054199279, -18.383178659 ], [ -40.054110526, -18.383126685 ], [ -40.053996726, -18.383061861 ], [ -40.053932523, -18.38302353 ], [ -40.053883512, -18.382996136 ], [ -40.05383529, -18.382967494 ], [ -40.053777963, -18.382935776 ], [ -40.053713045, -18.382898559 ], [ -40.053568126, -18.382813022 ], [ -40.053405219, -18.382720957 ], [ -40.053357625, -18.382691373 ], [ -40.053284175, -18.382650175 ], [ -40.053211504, -18.382607735 ], [ -40.053138113, -18.382566441 ], [ -40.053114234, -18.38255177 ], [ -40.053081413, -18.382533751 ], [ -40.05300095, -18.382486158 ], [ -40.052976189, -18.382472887 ], [ -40.052920273, -18.382438952 ], [ -40.052847492, -18.382396684 ], [ -40.052781858, -18.382360629 ], [ -40.052725487, -18.382327387 ], [ -40.052684514, -18.382304774 ], [ -40.05266037, -18.382290504 ], [ -40.052643728, -18.382281892 ], [ -40.052612618, -18.38227084 ] ] } },
{ "type": "Feature", "properties": { "Field": "000", "Length": 202.32852970539216 }, "geometry": { "type": "LineString", "coordinates": [ [ -40.054241660559015, -18.383216181787905 ], [ -40.054216724, -18.383204188 ], [ -40.054175759, -18.383181564 ], [ -40.054086999, -18.383129599 ], [ -40.053868178, -18.383003549 ], [ -40.053827984, -18.382979694 ], [ -40.053697633, -18.382906084 ], [ -40.053617362, -18.382858195 ], [ -40.053543982, -18.382816884 ], [ -40.053471319, -18.382774431 ], [ -40.053405787, -18.382738208 ], [ -40.053342499, -18.382698517 ], [ -40.053130557, -18.382579099 ], [ -40.052993438, -18.382498703 ], [ -40.052960691, -18.382480562 ], [ -40.052912802, -18.382451416 ], [ -40.052831539, -18.382405079 ], [ -40.052798686, -18.382387112 ], [ -40.052693757, -18.382325749 ], [ -40.052644858, -18.382298173 ], [ -40.052619995, -18.382285077 ], [ -40.052611309, -18.382281552 ], [ -40.052600629, -18.382274332 ] ] } },
{ "type": "Feature", "properties": { "Field": "000", "Length": 203.53879029850148 }, "geometry": { "type": "LineString", "coordinates": [ [ -40.054233539969651, -18.383229702982913 ], [ -40.054151984, -18.383183759 ], [ -40.054071598, -18.383136047 ], [ -40.054014349, -18.383104199 ], [ -40.053925341, -18.383052623 ], [ -40.053892557, -18.383034541 ], [ -40.05381203, -18.382987047 ], [ -40.053689697, -18.382918244 ], [ -40.053625438, -18.382879998 ], [ -40.053511748, -18.382814999 ], [ -40.053471502, -18.382791224 ], [ -40.053406154, -18.382754699 ], [ -40.053310508, -18.382696209 ], [ -40.053196544, -18.382631649 ], [ -40.053163441, -18.382614105 ], [ -40.053131195, -18.382595161 ], [ -40.053098326, -18.38257722 ], [ -40.052977954, -18.382505335 ], [ -40.052937148, -18.382482448 ], [ -40.052848766, -18.382429898 ], [ -40.052791377, -18.382398284 ], [ -40.052735128, -18.382364853 ], [ -40.052693786, -18.382342859 ], [ -40.052620307, -18.382301708 ], [ -40.052612287, -18.382296908 ], [ -40.052597054, -18.382286177 ], [ -40.052584632, -18.382278991 ] ] } },
{ "type": "Feature", "properties": { "Field": "000", "Length": 204.93389579117664 }, "geometry": { "type": "LineString", "coordinates": [ [ -40.054226643602988, -18.383241185782925 ], [ -40.054185372, -18.38321862 ], [ -40.054080455, -18.383157238 ], [ -40.053860732, -18.383032625 ], [ -40.053796696, -18.382994039 ], [ -40.053739495, -18.382962115 ], [ -40.053593654, -18.382878018 ], [ -40.053568988, -18.382864586 ], [ -40.053520756, -18.38283596 ], [ -40.053390956, -18.382761467 ], [ -40.053287029, -18.382698566 ], [ -40.053238209, -18.382670863 ], [ -40.053213289, -18.382657865 ], [ -40.05316432, -18.382630402 ], [ -40.053083212, -18.382583817 ], [ -40.053067375, -18.382573917 ], [ -40.052833253, -18.382437103 ], [ -40.052775951, -18.382405344 ], [ -40.052711528, -18.382367351 ], [ -40.052612741, -18.382313829 ], [ -40.052573567, -18.382288475 ], [ -40.052566100417565, -18.382284388228548 ] ] } },
{ "type": "Feature", "properties": { "Field": "000", "Length": 205.31787784956532 }, "geometry": { "type": "LineString", "coordinates": [ [ -40.054218963, -18.383253974 ], [ -40.054185853, -18.383235413 ], [ -40.054057271, -18.383159019 ], [ -40.053942916, -18.383095093 ], [ -40.053862302, -18.383047731 ], [ -40.053837684, -18.383034219999988 ], [ -40.053757672, -18.382985938 ], [ -40.053537994, -18.382861253 ], [ -40.053425437, -18.382794482 ], [ -40.05332032, -18.382733411 ], [ -40.053295739, -18.382719837 ], [ -40.053263828, -18.382700384 ], [ -40.053149016, -18.382637208 ], [ -40.053084474, -18.3825994 ], [ -40.053052644, -18.382579826 ], [ -40.052987338, -18.382543231 ], [ -40.05280977, -18.382439377 ], [ -40.052760579, -18.382412279 ], [ -40.052704114, -18.382379181 ], [ -40.052663324, -18.382356268 ], [ -40.052597296, -18.382320875 ], [ -40.052558377, -18.382295166 ], [ -40.052556227, -18.382293995 ] ] } },
{ "type": "Feature", "properties": { "Field": "000", "Length": 205.58752181158661 }, "geometry": { "type": "LineString", "coordinates": [ [ -40.054211846942074, -18.383265822967545 ], [ -40.054178822, -18.383247322 ], [ -40.054171232, -18.383241922 ], [ -40.054042687, -18.383165471 ], [ -40.054009789, -18.383147578 ], [ -40.053953584, -18.38311408 ], [ -40.053895731, -18.383083244 ], [ -40.05383104, -18.383045668 ], [ -40.0537593, -18.383001808 ], [ -40.053701631, -18.382970659 ], [ -40.053605033, -18.382913612 ], [ -40.053555651, -18.382886832 ], [ -40.053482531, -18.382845101 ], [ -40.05340176, -18.382797986 ], [ -40.053313724, -18.382744909 ], [ -40.053265156, -18.382716806 ], [ -40.053109881, -18.382630177 ], [ -40.053046135, -18.382591157 ], [ -40.052996802, -18.382564295 ], [ -40.052819046, -18.382460734 ], [ -40.052761545, -18.382429305 ], [ -40.052705491, -18.382395576 ], [ -40.052648656, -18.382363061 ], [ -40.052590742, -18.38233233 ], [ -40.052547042, -18.382304623 ] ] } },
{ "type": "Feature", "properties": { "Field": "000", "Length": 205.83398168268451 }, "geometry": { "type": "LineString", "coordinates": [ [ -40.05420496, -18.38327729 ], [ -40.054180033, -18.383263451 ], [ -40.054132324, -18.383234035 ], [ -40.05404272, -18.383183408 ], [ -40.053929509, -18.383117651 ], [ -40.053864046, -18.383081314 ], [ -40.053751805, -18.383014059 ], [ -40.053685919, -18.382978426 ], [ -40.053579997, -18.382918636 ], [ -40.053491441, -18.382866354 ], [ -40.0534023, -18.382814987 ], [ -40.053322085, -18.382767014 ], [ -40.053289292, -18.382748947 ], [ -40.053232813, -18.382715871 ], [ -40.053102246, -18.38264261 ], [ -40.052989247, -18.382576522 ], [ -40.052917145, -18.382533207 ], [ -40.052859488, -18.382502039 ], [ -40.052795124, -18.382463953 ], [ -40.052778647, -18.382455055 ], [ -40.052730665, -18.382426048 ], [ -40.052673366, -18.382394285 ], [ -40.05260049, -18.382352166 ], [ -40.052567492, -18.382334442 ], [ -40.052537588, -18.382315563 ] ] } },
{ "type": "Feature", "properties": { "Field": "000", "Length": 206.11539316202786 }, "geometry": { "type": "LineString", "coordinates": [ [ -40.054197622, -18.383289508 ], [ -40.054156494, -18.383266081 ], [ -40.054132917, -18.38325097 ], [ -40.05410879, -18.383236674 ], [ -40.054019111, -18.383186168 ], [ -40.053946684, -18.383143348 ], [ -40.053864775, -18.383098059 ], [ -40.053808961, -18.38306397 ], [ -40.053744331, -18.383026298 ], [ -40.053703643, -18.383003218 ], [ -40.053654157, -18.382976615 ], [ -40.053605516, -18.382948625 ], [ -40.05357264, -18.382930696 ], [ -40.053500631, -18.38288724 ], [ -40.053443708, -18.382854865 ], [ -40.053419787, -18.382840257 ], [ -40.053314686, -18.382779161 ], [ -40.053281967, -18.382760971 ], [ -40.053249871, -18.382741797 ], [ -40.053192986, -18.382709362 ], [ -40.053094827, -18.382654798 ], [ -40.05292575, -18.382555013 ], [ -40.05285205700001, -18.38251421 ], [ -40.052795998, -18.38248049 ], [ -40.052771432, -18.382466891 ], [ -40.052723206, -18.382438256 ], [ -40.052690431, -18.382420159 ], [ -40.052633925, -18.382387126 ], [ -40.052559968, -18.382346761 ], [ -40.052527419, -18.38232733 ] ] } },
{ "type": "Feature", "properties": { "Field": "000", "Length": 206.43697922128962 }, "geometry": { "type": "LineString", "coordinates": [ [ -40.054189589, -18.383302883 ], [ -40.05415667, -18.383284602 ], [ -40.054117499, -18.383259244 ], [ -40.054068905, -18.383231181 ], [ -40.053996765, -18.383187922 ], [ -40.053923873, -18.383145828 ], [ -40.053874441, -18.383119133 ], [ -40.053842042, -18.38310043 ], [ -40.053802445, -18.38307568 ], [ -40.053721926, -18.383028174 ], [ -40.053681368, -18.383004886 ], [ -40.05356622, -18.382942271 ], [ -40.053493756, -18.38289951 ], [ -40.05344493, -18.382871817 ], [ -40.053357085, -18.382818454 ], [ -40.0533245, -18.382800046 ], [ -40.053211577, -18.38273384 ], [ -40.053130398, -18.382687369 ], [ -40.053031698, -18.382633701 ], [ -40.052967822, -18.382594874 ], [ -40.052935293, -18.382576378 ], [ -40.052879228, -18.382542665 ], [ -40.052838367, -18.382519867 ], [ -40.052798382, -18.382495695 ], [ -40.052732859, -18.382459456 ], [ -40.052700903, -18.382440071 ], [ -40.052652258, -18.382412088 ], [ -40.052602768, -18.38238549 ], [ -40.052577513, -18.382373096 ], [ -40.052536085, -18.382351252 ], [ -40.052516637, -18.382339806 ] ] } },
{ "type": "Feature", "properties": { "Field": "000", "Length": 206.68556115088452 }, "geometry": { "type": "LineString", "coordinates": [ [ -40.054183143, -18.383313616 ], [ -40.054141905, -18.38329098 ], [ -40.054118243, -18.383275993 ], [ -40.054069763, -18.383247749 ], [ -40.05404591, -18.383233039 ], [ -40.05396495, -18.38318622 ], [ -40.053925287, -18.383161569 ], [ -40.053884111, -18.383139292 ], [ -40.05382734, -18.383106676 ], [ -40.053633732, -18.382993219 ], [ -40.053584381, -18.382966388 ], [ -40.053495103, -18.382915238 ], [ -40.0534216, -18.382874125 ], [ -40.053365922, -18.382839833 ], [ -40.053293004, -18.382797782 ], [ -40.0532207, -18.382754773 ], [ -40.05313144, -18.382703596 ], [ -40.053008461, -18.382635852 ], [ -40.052968187, -18.38261212 ], [ -40.052896582, -18.38256806 ], [ -40.052847446, -18.382540871 ], [ -40.052791015, -18.38250772 ], [ -40.052725619, -18.382471274 ], [ -40.052693469, -18.382452182 ], [ -40.052604061, -18.38240124 ], [ -40.052538125, -18.382365691 ], [ -40.052507277377963, -18.382350636184459 ] ] } },
{ "type": "Feature", "properties": { "Field": "000", "Length": 206.88290788173552 }, "geometry": { "type": "LineString", "coordinates": [ [ -40.054177125, -18.383323636 ], [ -40.054160703, -18.383313752 ], [ -40.054135583, -18.38330111 ], [ -40.054111235, -18.38328716 ], [ -40.05408725, -18.383272647 ], [ -40.053965698, -18.383202595 ], [ -40.053925603, -18.383178588 ], [ -40.053876773, -18.383150901 ], [ -40.053739839, -18.383070218 ], [ -40.053666709, -18.383028502 ], [ -40.053610604, -18.382994851 ], [ -40.053577498, -18.382977313 ], [ -40.05341428, -18.382885751 ], [ -40.053350444, -18.382846864 ], [ -40.053285571, -18.382809576 ], [ -40.053221352, -18.382771267 ], [ -40.053083183, -18.382692528 ], [ -40.053059123, -18.382678128 ], [ -40.052961018, -18.382623476 ], [ -40.052897142, -18.382584649 ], [ -40.052848105, -18.382557299 ], [ -40.052767676, -18.382509652999989 ], [ -40.052718496, -18.382482535 ], [ -40.05261381, -18.382420793 ], [ -40.052499899010641, -18.38235917400576 ] ] } },
{ "type": "Feature", "properties": { "Field": "000", "Length": 207.04182062247821 }, "geometry": { "type": "LineString", "coordinates": [ [ -40.054169989927075, -18.383335516960546 ], [ -40.054128421, -18.383313035 ], [ -40.054056349, -18.383269674 ], [ -40.053974847, -18.38322372 ], [ -40.053926776, -18.383194847 ], [ -40.053878031, -18.383167024 ], [ -40.053821797, -18.38313357 ], [ -40.053740644, -18.383087056 ], [ -40.053691547, -18.383059802 ], [ -40.053635344, -18.383026301 ], [ -40.053577915, -18.38299475 ], [ -40.053374919, -18.382878647 ], [ -40.053343139, -18.382859 ], [ -40.05326267400001, -18.382811408 ], [ -40.053173165, -18.382760627 ], [ -40.053076514, -18.382703663 ], [ -40.052978388, -18.382649044 ], [ -40.0528821, -18.382591522 ], [ -40.052841113, -18.382568931 ], [ -40.052744624, -18.382511716 ], [ -40.052663052, -18.382465876 ], [ -40.052606567, -18.38243281 ], [ -40.052540836, -18.382396916 ], [ -40.052516844, -18.382382414 ], [ -40.052492131, -18.382369162 ] ] } },
{ "type": "Feature", "properties": { "Field": "000", "Length": 207.03638124211901 }, "geometry": { "type": "LineString", "coordinates": [ [ -40.054162746902705, -18.383347576946793 ], [ -40.054121323, -18.383324926 ], [ -40.054049156, -18.383281707999988 ], [ -40.053976118, -18.383239846 ], [ -40.053919795, -18.383206529 ], [ -40.053854235, -18.383170351 ], [ -40.05379845, -18.383136219 ], [ -40.053725107, -18.383094845 ], [ -40.053675797, -18.383067945 ], [ -40.053619608, -18.383034422 ], [ -40.053578446, -18.383012122 ], [ -40.053513728, -18.382974589 ], [ -40.053480967, -18.382956469 ], [ -40.053375901, -18.382895317 ], [ -40.05332806, -18.382866098 ], [ -40.053101047, -18.382735519 ], [ -40.053053118, -18.382706432 ], [ -40.05296265, -18.382657224 ], [ -40.052915092, -18.382627587 ], [ -40.052858751, -18.382594298 ], [ -40.052801317, -18.382562757 ], [ -40.052712046, -18.382511597 ], [ -40.052655961, -18.382477915 ], [ -40.052590873, -18.38244097 ], [ -40.052524947, -18.382405403 ], [ -40.052484547, -18.382381989 ] ] } },
{ "type": "Feature", "properties": { "Field": "000", "Length": 207.04563935992894 }, "geometry": { "type": "LineString", "coordinates": [ [ -40.054155783784338, -18.383359170874236 ], [ -40.054140032, -18.383349986 ], [ -40.054115142, -18.383336937 ], [ -40.054066993, -18.383308186 ], [ -40.054017723, -18.38328122 ], [ -40.053921731, -18.383223249 ], [ -40.053864123, -18.383192 ], [ -40.053792077, -18.383148601 ], [ -40.05372705, -18.383111557 ], [ -40.053653346, -18.383070773 ], [ -40.053621262, -18.383051581 ], [ -40.053571783, -18.383024967 ], [ -40.053539904, -18.383005468 ], [ -40.05345067, -18.382954249 ], [ -40.053216521, -18.382817477 ], [ -40.053167483, -18.382790127 ], [ -40.053094613, -18.382748 ], [ -40.053022233, -18.382705109 ], [ -40.052948655, -18.382664119 ], [ -40.052892882, -18.382629971 ], [ -40.052778524, -18.382566051 ], [ -40.052721751, -18.382533438 ], [ -40.05262508, -18.382476504 ], [ -40.052559664, -18.38244009 ], [ -40.052509576, -18.382414535 ], [ -40.052478060389021, -18.382392960266316 ] ] } },
{ "type": "Feature", "properties": { "Field": "000", "Length": 207.03332043407343 }, "geometry": { "type": "LineString", "coordinates": [ [ -40.054148386943915, -18.383371486967896 ], [ -40.054100083, -18.383343839 ], [ -40.054068236, -18.383324292 ], [ -40.054010892, -18.383292602 ], [ -40.053922467, -18.38324012 ], [ -40.053849277, -18.3831985 ], [ -40.053793314, -18.383164635 ], [ -40.053744795, -18.383136454 ], [ -40.053574238, -18.383038992 ], [ -40.053542215, -18.383019706 ], [ -40.053469344, -18.38297758 ], [ -40.053411857, -18.382946127 ], [ -40.053379836, -18.382926841 ], [ -40.053364242, -18.382916594 ], [ -40.053315888, -18.382888158 ], [ -40.053291525, -18.38287423 ], [ -40.05323374, -18.38284328 ], [ -40.053153373, -18.38279554 ], [ -40.053088164, -18.38275879 ], [ -40.053040169, -18.382729802 ], [ -40.052869703, -18.382632195 ], [ -40.052805389, -18.382594034 ], [ -40.052715236, -18.382544303 ], [ -40.052593625, -18.382474345 ], [ -40.052511413, -18.382429559 ], [ -40.052503072, -18.382425289 ], [ -40.052471689, -18.382403737 ] ] } },
{ "type": "Feature", "properties": { "Field": "000", "Length": 207.01808704158211 }, "geometry": { "type": "LineString", "coordinates": [ [ -40.05414076864767, -18.383384171794084 ], [ -40.054100081, -18.383360392 ], [ -40.054052225, -18.383331195 ], [ -40.053994658, -18.383299876 ], [ -40.053938842, -18.383265791 ], [ -40.053590605, -18.383064639 ], [ -40.053550629, -18.383040452 ], [ -40.053501506, -18.383013242 ], [ -40.053453002, -18.382985036 ], [ -40.053403681, -18.382958154 ], [ -40.053355944, -18.382928781 ], [ -40.053291548, -18.382890745 ], [ -40.053201626, -18.382840635 ], [ -40.053112876, -18.382788654 ], [ -40.053055746, -18.382756614 ], [ -40.052966804, -18.382704933 ], [ -40.052910785, -18.382671152 ], [ -40.052853882, -18.382638745 ], [ -40.052805586, -18.382610218 ], [ -40.052764873, -18.38258718 ], [ -40.052723506, -18.382565228 ], [ -40.052650753, -18.382522917 ], [ -40.052577414, -18.382481537 ], [ -40.05253736, -18.382457469 ], [ -40.05251263, -18.382444146 ], [ -40.052465323123407, -18.382414504077328 ] ] } },
{ "type": "Feature", "properties": { "Field": "000", "Length": 207.01385348092731 }, "geometry": { "type": "LineString", "coordinates": [ [ -40.054132684760923, -18.383397631848375 ], [ -40.054077, -18.383362315 ], [ -40.0540529, -18.383347977 ], [ -40.053987294, -18.383311876 ], [ -40.053898967, -18.383259243 ], [ -40.053825932, -18.383217376 ], [ -40.053785924, -18.383193238 ], [ -40.053688237, -18.383137906 ], [ -40.053624058, -18.383099538 ], [ -40.053583219, -18.383076703 ], [ -40.053445521, -18.382997214 ], [ -40.053396115, -18.382970474 ], [ -40.053356333, -18.382945999 ], [ -40.053275816, -18.382898487 ], [ -40.053227064, -18.382870676 ], [ -40.053202237, -18.382857517 ], [ -40.05316149, -18.382834533 ], [ -40.053097034, -18.382796591 ], [ -40.053056203, -18.382773743 ], [ -40.052975357, -18.382726745 ], [ -40.052911235, -18.38268829 ], [ -40.052829631, -18.382642501 ], [ -40.052740874, -18.382590532 ], [ -40.052593952, -18.382508168 ], [ -40.052513191, -18.382461038 ], [ -40.052489762, -18.38244572 ], [ -40.052465638, -18.382431419 ], [ -40.052458111, -18.382426703 ] ] } },
{ "type": "Feature", "properties": { "Field": "000", "Length": 206.99459107156798 }, "geometry": { "type": "LineString", "coordinates": [ [ -40.054126311446836, -18.383408243716531 ], [ -40.054094526, -18.383389163 ], [ -40.054054805, -18.383364597 ], [ -40.053981131, -18.383323763 ], [ -40.053827621, -18.383234313 ], [ -40.053803994, -18.383219274 ], [ -40.053779822, -18.383205047 ], [ -40.053714249, -18.383168891 ], [ -40.053625363, -18.383117123 ], [ -40.053592574, -18.383099049 ], [ -40.053535876, -18.383066316 ], [ -40.053439095, -18.383009552 ], [ -40.053389922, -18.382982423 ], [ -40.053317955, -18.382938904 ], [ -40.053293394, -18.382925297 ], [ -40.053220804, -18.382882732 ], [ -40.053138609, -18.382837916 ], [ -40.053042116, -18.382780707 ], [ -40.052960559, -18.382734843 ], [ -40.052904663, -18.382700876 ], [ -40.052806818, -18.382645801 ], [ -40.052718583, -18.382593027 ], [ -40.052619918, -18.382539302 ], [ -40.052579243, -18.382516202 ], [ -40.052450487388803, -18.382439597231315 ] ] } },
{ "type": "Feature", "properties": { "Field": "000", "Length": 206.95659864470002 }, "geometry": { "type": "LineString", "coordinates": [ [ -40.052443126, -18.382452049 ], [ -40.05245909, -18.382460894 ], [ -40.052467171, -18.382465588 ], [ -40.052490606, -18.382480891 ], [ -40.052595699, -18.382541997 ], [ -40.052710828, -18.382604641 ], [ -40.05279108, -18.382652556 ], [ -40.052904773, -18.382717549 ], [ -40.052960667, -18.382751517 ], [ -40.053058071, -18.3828073 ], [ -40.053106388, -18.382835795 ], [ -40.053147097, -18.382858839 ], [ -40.05321293, -18.382894562 ], [ -40.053221099, -18.382899124 ], [ -40.053245129, -18.382913567 ], [ -40.053277669, -18.382932044 ], [ -40.053390065, -18.382999059 ], [ -40.053447538, -18.383030535 ], [ -40.053512228, -18.383068112 ], [ -40.053568413, -18.383101638 ], [ -40.053609476, -18.383124101 ], [ -40.053690494, -18.383170828 ], [ -40.053748, -18.383202248 ], [ -40.053804464, -18.383235345 ], [ -40.053836258, -18.383254971 ], [ -40.053941238, -18.383316257 ], [ -40.053997917, -18.383349019 ], [ -40.054068473655263, -18.383388812926601 ], [ -40.054090056062734, -18.383402366530561 ], [ -40.054119255791107, -18.383419534428615 ] ] } },
{ "type": "Feature", "properties": { "Field": "000", "Length": 206.96279557777041 }, "geometry": { "type": "LineString", "coordinates": [ [ -40.054113922798301, -18.383428871395754 ], [ -40.054073043, -18.383407355 ], [ -40.054032268, -18.383384423 ], [ -40.053975657, -18.383351553 ], [ -40.053927624, -18.383322624 ], [ -40.053878375, -18.383295622 ], [ -40.053829661, -18.383267749 ], [ -40.053717468, -18.383200422 ], [ -40.053692594, -18.383187345 ], [ -40.05358683, -18.383127302 ], [ -40.053545677, -18.383104987 ], [ -40.053408672, -18.383024415 ], [ -40.053286748, -18.382954955 ], [ -40.05319029, -18.382897693 ], [ -40.053124708, -18.382861551 ], [ -40.053068333, -18.382828315 ], [ -40.052970414, -18.382773359 ], [ -40.052898562, -18.382729668 ], [ -40.052736308, -18.382636558 ], [ -40.052704173, -18.382617444 ], [ -40.052556942, -18.382535586 ], [ -40.052468405, -18.382483276 ], [ -40.052436394, -18.382463436 ] ] } },
{ "type": "Feature", "properties": { "Field": "000", "Length": 206.978502709624 }, "geometry": { "type": "LineString", "coordinates": [ [ -40.054106435665581, -18.383441337819256 ], [ -40.054056695, -18.383414455 ], [ -40.053960573, -18.38335668 ], [ -40.05392807, -18.383338141 ], [ -40.05384599, -18.383293134 ], [ -40.053806386, -18.383268396 ], [ -40.053758272, -18.383239588 ], [ -40.053677366, -18.383192684 ], [ -40.05362807, -18.38316576 ], [ -40.053554939, -18.383124045 ], [ -40.053513919, -18.38310151 ], [ -40.053441502, -18.383058675 ], [ -40.05341686700001, -18.383045191 ], [ -40.053328029, -18.382993349 ], [ -40.053199684, -18.382916592 ], [ -40.053109421, -18.382867042 ], [ -40.052987176, -18.382798097 ], [ -40.052859055, -18.382721001 ], [ -40.052793542, -18.382684746 ], [ -40.052737481, -18.382651029 ], [ -40.052648536, -18.382599352 ], [ -40.052615767, -18.382581247 ], [ -40.0525574, -18.382551307 ], [ -40.052509454, -18.382522246 ], [ -40.052470179, -18.382497034 ], [ -40.052430415283418, -18.382473547167411 ] ] } },
{ "type": "Feature", "properties": { "Field": "000", "Length": 206.9612560673875 }, "geometry": { "type": "LineString", "coordinates": [ [ -40.05409929, -18.383453235 ], [ -40.054083212, -18.383443694 ], [ -40.054058034, -18.383431157 ], [ -40.054001512, -18.383398148 ], [ -40.053945651, -18.383364129 ], [ -40.053823446, -18.383295121 ], [ -40.05379159, -18.383275585 ], [ -40.053686683, -18.383214184 ], [ -40.053596547, -18.383164426 ], [ -40.053490962, -18.383104095 ], [ -40.053458909, -18.383084854 ], [ -40.05338593, -18.383042899 ], [ -40.053321798, -18.383004459 ], [ -40.053264929, -18.382971998 ], [ -40.053192405, -18.382929329 ], [ -40.053070136, -18.382860425 ], [ -40.053029003, -18.382838076 ], [ -40.052900952, -18.382760873 ], [ -40.052795056, -18.382701042 ], [ -40.052657792, -18.382620873 ], [ -40.052584418, -18.382579548 ], [ -40.052510337, -18.382539392 ], [ -40.052470626, -18.382514812 ], [ -40.052439445, -18.382494308 ], [ -40.052423615068392, -18.38248504904 ] ] } },
{ "type": "Feature", "properties": { "Field": "000", "Length": 206.94179036168111 }, "geometry": { "type": "LineString", "coordinates": [ [ -40.054091942898637, -18.38346546894325 ], [ -40.054010182, -18.383419701 ], [ -40.053937946, -18.383376589 ], [ -40.053799531, -18.383298244 ], [ -40.053735527, -18.383259609 ], [ -40.053646386, -18.383208243 ], [ -40.053605358, -18.383185719 ], [ -40.05355699, -18.383157302 ], [ -40.053524058, -18.383139466 ], [ -40.053467534, -18.38310646 ], [ -40.053410477, -18.383074301 ], [ -40.053354542, -18.383040393 ], [ -40.053241547, -18.382974299 ], [ -40.053111285, -18.382900545 ], [ -40.053071004, -18.382876824 ], [ -40.053029698, -18.382854769 ], [ -40.052997118, -18.382836355 ], [ -40.052916753, -18.38278861 ], [ -40.052877047, -18.382764021 ], [ -40.052738588, -18.382685747 ], [ -40.052650148, -18.382633287 ], [ -40.052592522, -18.382602067 ], [ -40.052527339, -18.382565274 ], [ -40.052455051, -18.382522243 ], [ -40.052431682, -18.38250684 ], [ -40.052416106, -18.38249775 ] ] } },
{ "type": "Feature", "properties": { "Field": "000", "Length": 206.93800219495949 }, "geometry": { "type": "LineString", "coordinates": [ [ -40.054084142612261, -18.383478456775997 ], [ -40.054051615, -18.383459665 ], [ -40.054010532, -18.383437233 ], [ -40.05393044, -18.383389072 ], [ -40.053776211, -18.383300756 ], [ -40.053744555, -18.383280926 ], [ -40.05371224, -18.383262091 ], [ -40.053614443, -18.383206936 ], [ -40.053476851, -18.38312728 ], [ -40.053419328, -18.383095887 ], [ -40.053355781, -18.383056572 ], [ -40.053201511, -18.382968322 ], [ -40.05315334, -18.382939602 ], [ -40.053095868, -18.382908123 ], [ -40.053063891, -18.382888769 ], [ -40.052998128, -18.382852927 ], [ -40.052934378, -18.382813914 ], [ -40.052901767, -18.382795549 ], [ -40.052853516, -18.382766951 ], [ -40.052780217, -18.382725506 ], [ -40.052748322, -18.382706029 ], [ -40.052528528000011, -18.382581531 ], [ -40.052480966, -18.382551901 ], [ -40.052448269, -18.382533675 ], [ -40.052409084372925, -18.382509626228888 ] ] } },
{ "type": "Feature", "properties": { "Field": "000", "Length": 206.91652159333529 }, "geometry": { "type": "LineString", "coordinates": [ [ -40.0540764808703, -18.383491213923847 ], [ -40.054052018, -18.383476852 ], [ -40.05403535, -18.383468283 ], [ -40.054011034, -18.383454282 ], [ -40.053906647, -18.383392079 ], [ -40.053841424, -18.383355351 ], [ -40.053729089, -18.383288238 ], [ -40.053680031, -18.38326092 ], [ -40.053574809, -18.383200014 ], [ -40.053501182, -18.383159104 ], [ -40.053461241, -18.383134864 ], [ -40.053396301, -18.383097682 ], [ -40.053356654, -18.383073006 ], [ -40.053324303, -18.383054226 ], [ -40.053275062, -18.383027211 ], [ -40.053137629, -18.382947306 ], [ -40.053088408, -18.382920256 ], [ -40.053016166, -18.382877154 ], [ -40.052943031, -18.382835447 ], [ -40.052878834, -18.382797107 ], [ -40.052789312, -18.382746346 ], [ -40.052684668, -18.382684539 ], [ -40.052578489, -18.382625167 ], [ -40.052456756, -18.382555402 ], [ -40.05243187, -18.382542346 ], [ -40.052400958501565, -18.382523370307904 ] ] } },
{ "type": "Feature", "properties": { "Field": "000", "Length": 206.90562498131084 }, "geometry": { "type": "LineString", "coordinates": [ [ -40.054069675, -18.383502546 ], [ -40.053964243, -18.383442852 ], [ -40.053891928, -18.383399861 ], [ -40.053826843, -18.383362909 ], [ -40.053754708, -18.383319642999989 ], [ -40.0536819, -18.383277419 ], [ -40.053665379, -18.383268593 ], [ -40.053633333, -18.383249343 ], [ -40.053543941, -18.383198375 ], [ -40.053502791, -18.383176055 ], [ -40.053470793, -18.383156733 ], [ -40.053413922, -18.383124275 ], [ -40.053342115, -18.383080515 ], [ -40.053268683, -18.383039286 ], [ -40.053220354, -18.383010809 ], [ -40.053179463, -18.382988058 ], [ -40.053130939, -18.382959886 ], [ -40.053065586, -18.382923368 ], [ -40.053017662, -18.382894273 ], [ -40.052960956, -18.382861554 ], [ -40.052913033, -18.382832458 ], [ -40.052824334, -18.382780399 ], [ -40.052766941, -18.382748789 ], [ -40.052661881, -18.382687629 ], [ -40.05259654, -18.382651092 ], [ -40.052540243, -18.382617734 ], [ -40.052515293, -18.38260479 ], [ -40.052458511, -18.382572191 ], [ -40.052433474, -18.3825594 ], [ -40.052409528, -18.382544828 ], [ -40.052393368, -18.382536209 ] ] } },
{ "type": "Feature", "properties": { "Field": "000", "Length": 206.87458645616346 }, "geometry": { "type": "LineString", "coordinates": [ [ -40.054063052589186, -18.383512939748446 ], [ -40.054046965, -18.383503089 ], [ -40.053981191, -18.383467266 ], [ -40.053868153, -18.383401238 ], [ -40.053795049, -18.383359481 ], [ -40.053714715, -18.38331169 ], [ -40.053666057, -18.383283727 ], [ -40.053626125, -18.383259474 ], [ -40.053576965, -18.383232324 ], [ -40.053512105, -18.383195014 ], [ -40.053487337, -18.383181755 ], [ -40.053414168, -18.383140102 ], [ -40.053334757, -18.383090923 ], [ -40.053244779, -18.383040905 ], [ -40.053196387, -18.383012525 ], [ -40.053106733, -18.382961978 ], [ -40.053050263, -18.382928889 ], [ -40.053033737, -18.382920071 ], [ -40.053009956, -18.382905257 ], [ -40.052856952, -18.38281502 ], [ -40.052693845, -18.382723279 ], [ -40.05266181, -18.382704012 ], [ -40.052612846, -18.382676541 ], [ -40.05254058300001, -18.38263347 ], [ -40.052491604, -18.382606024 ], [ -40.052436351, -18.382571112 ], [ -40.052427836, -18.382567166 ], [ -40.052387547218324, -18.382546054114414 ] ] } },
{ "type": "Feature", "properties": { "Field": "000", "Length": 206.7941304861711 }, "geometry": { "type": "LineString", "coordinates": [ [ -40.054055705670834, -18.383523994802985 ], [ -40.054031632, -18.383509586 ], [ -40.054006496, -18.383496974 ], [ -40.053981836, -18.383483531 ], [ -40.053756199, -18.383350795 ], [ -40.053682892, -18.383309364 ], [ -40.053602506, -18.38326165 ], [ -40.053439974, -18.383168983 ], [ -40.053406993, -18.38315123 ], [ -40.053360057, -18.383120703 ], [ -40.053327997, -18.383101473 ], [ -40.053278713, -18.38307453 ], [ -40.053197295, -18.383028439 ], [ -40.052849224, -18.382827027 ], [ -40.052825215, -18.38281255 ], [ -40.052670239, -18.382725436 ], [ -40.052582049, -18.382672594 ], [ -40.052500759, -18.382626299 ], [ -40.052445027, -18.382592087 ], [ -40.052380969219946, -18.382557180119846 ] ] } },
{ "type": "Feature", "properties": { "Field": "000", "Length": 206.70314517608858 }, "geometry": { "type": "LineString", "coordinates": [ [ -40.054048337, -18.383535082 ], [ -40.054023811, -18.383520959 ], [ -40.053982194, -18.383499445 ], [ -40.053949532, -18.383481161 ], [ -40.053885224, -18.38344299 ], [ -40.053779895, -18.383382252 ], [ -40.053739825, -18.383358209 ], [ -40.053674874, -18.383321042999988 ], [ -40.05361063, -18.383282773 ], [ -40.053537083, -18.383241732 ], [ -40.053505053, -18.383222457 ], [ -40.053391145, -18.383157807 ], [ -40.053327063, -18.38311929 ], [ -40.053091353, -18.382984985 ], [ -40.053059579, -18.382965327 ], [ -40.053011269, -18.382936821 ], [ -40.052938005, -18.38289532 ], [ -40.052873518, -18.382857425 ], [ -40.05282433, -18.382830323 ], [ -40.05275135, -18.382788369 ], [ -40.052710416, -18.38276569 ], [ -40.052549354, -18.382670712 ], [ -40.052492238, -18.38263865 ], [ -40.052428096, -18.382600225 ], [ -40.052372918, -18.382570798 ] ] } },
{ "type": "Feature", "properties": { "Field": "000", "Length": 206.62899947017459 }, "geometry": { "type": "LineString", "coordinates": [ [ -40.054040373, -18.383547066 ], [ -40.054008159, -18.383527876 ], [ -40.053999634, -18.383523949 ], [ -40.053958571, -18.383501484 ], [ -40.053844806, -18.383436605 ], [ -40.053781096, -18.38339753 ], [ -40.053707523, -18.383356532 ], [ -40.053602975, -18.383294576 ], [ -40.053545403, -18.383263265 ], [ -40.053360164, -18.383154067 ], [ -40.053294725, -18.38311769 ], [ -40.053221633, -18.383075914 ], [ -40.053181442, -18.383052054 ], [ -40.053107995, -18.38301085 ], [ -40.053019776, -18.382958053 ], [ -40.052898012, -18.382888336 ], [ -40.052833777, -18.382850053 ], [ -40.052808888, -18.382837002 ], [ -40.052711392, -18.382781364 ], [ -40.052686702, -18.382767973 ], [ -40.052614725, -18.382724468 ], [ -40.052500649, -18.38266009 ], [ -40.052452661, -18.382631092000011 ], [ -40.05239558, -18.382598971 ], [ -40.052365647030413, -18.382583096016127 ] ] } },
{ "type": "Feature", "properties": { "Field": "000", "Length": 206.56411281675361 }, "geometry": { "type": "LineString", "coordinates": [ [ -40.05403318, -18.383557889 ], [ -40.053968019, -18.383520423 ], [ -40.053845151, -18.383452496 ], [ -40.053797812, -18.383422541 ], [ -40.053749176, -18.383394543 ], [ -40.053699883, -18.383367614 ], [ -40.053636084, -18.383328672 ], [ -40.053538034, -18.38327393 ], [ -40.053441589, -18.383216646 ], [ -40.053303893, -18.383137155 ], [ -40.053223565, -18.383089353 ], [ -40.053173767, -18.383063284 ], [ -40.05309241, -18.383017096 ], [ -40.053060428, -18.382997749 ], [ -40.05297959, -18.382950737 ], [ -40.052947887, -18.382930976 ], [ -40.052882626, -18.382894309 ], [ -40.052826588, -18.382860557 ], [ -40.052745477, -18.382813977 ], [ -40.052728807, -18.382805411 ], [ -40.052704536, -18.382791338 ], [ -40.052687825, -18.382782847 ], [ -40.052663955, -18.382768162 ], [ -40.052598896, -18.38273117 ], [ -40.052526254, -18.382688685 ], [ -40.052485365, -18.382665932 ], [ -40.052404832, -18.382618446 ], [ -40.052359243344341, -18.382593927185191 ] ] } },
{ "type": "Feature", "properties": { "Field": "000", "Length": 206.4877456538826 }, "geometry": { "type": "LineString", "coordinates": [ [ -40.054025349, -18.383569673 ], [ -40.053928034, -18.383513645 ], [ -40.053886811, -18.383491447 ], [ -40.053846699, -18.383467468 ], [ -40.053791217, -18.383432888 ], [ -40.053717572, -18.383392007 ], [ -40.0536927, -18.383378925 ], [ -40.053645041, -18.383349436 ], [ -40.053564228, -18.383302386 ], [ -40.053531421, -18.383284342 ], [ -40.053483334, -18.383255493 ], [ -40.053353911, -18.383180404 ], [ -40.053288649, -18.383143738 ], [ -40.053207828, -18.383096701 ], [ -40.053166776, -18.383074218 ], [ -40.053134526, -18.38305528 ], [ -40.053044793, -18.383004861 ], [ -40.052875869, -18.38290484 ], [ -40.052802436, -18.382863612 ], [ -40.052706461, -18.382805614 ], [ -40.052624192, -18.382760924 ], [ -40.052600133, -18.382746524 ], [ -40.052575443, -18.382733131 ], [ -40.052527046, -18.38270476 ], [ -40.052494315, -18.38268659 ], [ -40.052462603, -18.382666842 ], [ -40.052422373, -18.382643044 ], [ -40.052373553, -18.38261534 ], [ -40.052352838525643, -18.382604760268475 ] ] } },
{ "type": "Feature", "properties": { "Field": "000", "Length": 206.39279364564527 }, "geometry": { "type": "LineString", "coordinates": [ [ -40.054017675895388, -18.383581218938474 ], [ -40.053953056, -18.383543211 ], [ -40.05385455, -18.383489219 ], [ -40.053798928, -18.383454844 ], [ -40.053709706, -18.383403604 ], [ -40.053676923, -18.383385521 ], [ -40.053637047, -18.383361185 ], [ -40.053571766, -18.383324549 ], [ -40.053491421, -18.383276773999988 ], [ -40.053321431, -18.383178413 ], [ -40.053265313, -18.383144781 ], [ -40.053208069, -18.383112926 ], [ -40.053143358, -18.383075381 ], [ -40.053085879, -18.383043914 ], [ -40.053004708, -18.382997429 ], [ -40.052948209, -18.382964384 ], [ -40.052900336, -18.382935213 ], [ -40.052810903, -18.382884311 ], [ -40.052689955, -18.382813313 ], [ -40.052559039, -18.382740622 ], [ -40.052486064, -18.38269866 ], [ -40.052430011, -18.38266493 ], [ -40.05238933, -18.382641841 ], [ -40.052345071, -18.382617899 ] ] } },
{ "type": "Feature", "properties": { "Field": "000", "Length": 206.32031243237557 }, "geometry": { "type": "LineString", "coordinates": [ [ -40.054010513, -18.383591996 ], [ -40.053936902, -18.383549813 ], [ -40.053846429, -18.383500614 ], [ -40.053798871, -18.383470977 ], [ -40.053734415, -18.383433033 ], [ -40.053693964, -18.383409578 ], [ -40.053669143, -18.38339641 ], [ -40.053571607, -18.383340836 ], [ -40.053442817, -18.38326476 ], [ -40.053377807, -18.38322769 ], [ -40.053232885, -18.383142156 ], [ -40.053175871, -18.383109928 ], [ -40.053135648, -18.383086118 ], [ -40.053094363, -18.383064027 ], [ -40.053062083, -18.383045137 ], [ -40.052964053, -18.38299036 ], [ -40.052891949, -18.382947048 ], [ -40.052802674, -18.382895894 ], [ -40.052665772, -18.382815161 ], [ -40.052624944, -18.38279231 ], [ -40.052599957, -18.38277943 ], [ -40.052534344, -18.38274334 ], [ -40.052477527, -18.382710795 ], [ -40.052429608, -18.382681693 ], [ -40.052347626, -18.382636524 ], [ -40.052337658, -18.382630437 ] ] } },
{ "type": "Feature", "properties": { "Field": "000", "Length": 206.23601869276737 }, "geometry": { "type": "LineString", "coordinates": [ [ -40.054001979, -18.383604838 ], [ -40.053921381, -18.383557442 ], [ -40.053839545, -18.383512032 ], [ -40.053783422, -18.383478408 ], [ -40.053686462, -18.383421922 ], [ -40.053604736, -18.383376332 ], [ -40.053548332, -18.383343141 ], [ -40.053434658, -18.383278116 ], [ -40.05334621, -18.383225668 ], [ -40.053265108, -18.383179073 ], [ -40.053168566, -18.383121939 ], [ -40.053070772, -18.38306678 ], [ -40.053029546, -18.383044589 ], [ -40.052948359, -18.38299813 ], [ -40.052763049, -18.382889042 ], [ -40.052681521, -18.38284313 ], [ -40.052649499, -18.382823843 ], [ -40.052608895, -18.38280063 ], [ -40.052510432, -18.382746567 ], [ -40.052470079, -18.382722958 ], [ -40.052430535, -18.382698134 ], [ -40.052373049, -18.382666679 ], [ -40.052331302019951, -18.382641187012197 ] ] } },
{ "type": "Feature", "properties": { "Field": "000", "Length": 206.17632056292354 }, "geometry": { "type": "LineString", "coordinates": [ [ -40.053994043, -18.383616779 ], [ -40.053914015, -18.383568299 ], [ -40.053832095, -18.383523027 ], [ -40.053759609, -18.3834803 ], [ -40.053694648, -18.383443149 ], [ -40.053678884, -18.383433142 ], [ -40.053572601, -18.383373938 ], [ -40.053394426, -18.383271035 ], [ -40.053322068, -18.38322811 ], [ -40.053265077, -18.383195845 ], [ -40.053192758, -18.383152859 ], [ -40.053127949, -18.383115469 ], [ -40.05301318, -18.383052222 ], [ -40.052940444, -18.383009884 ], [ -40.052884451, -18.382976064 ], [ -40.052795217, -18.382924843 ], [ -40.05274717, -18.382895934 ], [ -40.052706436, -18.382872929 ], [ -40.052681517, -18.382859931 ], [ -40.052601138, -18.382812207 ], [ -40.052519257, -18.382766872 ], [ -40.052454862, -18.382728835 ], [ -40.052423788, -18.382708183 ], [ -40.052406814, -18.382700181 ], [ -40.052373822, -18.382682447 ], [ -40.052324441, -18.382652792 ] ] } },
{ "type": "Feature", "properties": { "Field": "000", "Length": 206.11046039728294 }, "geometry": { "type": "LineString", "coordinates": [ [ -40.053986729422775, -18.383627784659677 ], [ -40.053889574, -18.383570503 ], [ -40.05380797, -18.383524714 ], [ -40.0536302, -18.383421174 ], [ -40.053539921, -18.383371652 ], [ -40.05345099, -18.383319953 ], [ -40.053435199, -18.383309985 ], [ -40.05340248000001, -18.383291795 ], [ -40.053378746, -18.38327691 ], [ -40.053290202, -18.383224611 ], [ -40.053216925, -18.383183131 ], [ -40.053193197, -18.383168238 ], [ -40.053143985, -18.383141175 ], [ -40.053071485, -18.383098468 ], [ -40.053030088, -18.38307657 ], [ -40.052956793, -18.383035119 ], [ -40.052852692, -18.382972482 ], [ -40.052715628, -18.382892 ], [ -40.052699157, -18.38288309 ], [ -40.052673712, -18.382871056 ], [ -40.052625625, -18.382842208 ], [ -40.052511656, -18.382777657 ], [ -40.052479508, -18.382758561 ], [ -40.05246411, -18.382748048 ], [ -40.052416624, -18.382718306 ], [ -40.052358486, -18.382687964 ], [ -40.052317450108028, -18.382664616061462 ] ] } },
{ "type": "Feature", "properties": { "Field": "000", "Length": 206.03549106865776 }, "geometry": { "type": "LineString", "coordinates": [ [ -40.05397946, -18.383638723 ], [ -40.053937999, -18.383615806 ], [ -40.053882097, -18.383581849 ], [ -40.053776078, -18.383522216 ], [ -40.053752188, -18.38350756 ], [ -40.053646813, -18.383446895 ], [ -40.053606755, -18.383422834 ], [ -40.053540937, -18.383387084 ], [ -40.053484202, -18.38335441 ], [ -40.053428218, -18.383320575 ], [ -40.053395196, -18.383302892 ], [ -40.053331581, -18.383263678 ], [ -40.053209878, -18.383193863 ], [ -40.053162089, -18.383164568 ], [ -40.053129141, -18.383146759 ], [ -40.053039919, -18.383095521 ], [ -40.052965914, -18.383055236 ], [ -40.052894062, -18.383011543 ], [ -40.052780273, -18.382946703 ], [ -40.052716203, -18.382908168 ], [ -40.052699852, -18.382899059 ], [ -40.052666261, -18.382882383 ], [ -40.05256995, -18.382824895 ], [ -40.052520902, -18.382797562 ], [ -40.052481102, -18.382773112 ], [ -40.052456594, -18.382759419 ], [ -40.052409284, -18.382729423 ], [ -40.052310463007053, -18.382676434003788 ] ] } },
{ "type": "Feature", "properties": { "Field": "000", "Length": 205.93872577562135 }, "geometry": { "type": "LineString", "coordinates": [ [ -40.053971340947079, -18.383650939968714 ], [ -40.053874668, -18.383593792 ], [ -40.05384995, -18.383580446 ], [ -40.053801512, -18.383552139 ], [ -40.053768758, -18.383534007 ], [ -40.05373683, -18.383514578 ], [ -40.053639323, -18.383458957 ], [ -40.053574841, -18.383421054 ], [ -40.053460408, -18.383357256 ], [ -40.053420496, -18.383332973 ], [ -40.053387833, -18.383314692 ], [ -40.05335613, -18.38329493 ], [ -40.053331646, -18.383281199 ], [ -40.053154523, -18.383176652 ], [ -40.052958698, -18.383066719 ], [ -40.052935016, -18.38305176 ], [ -40.052862187, -18.383009567 ], [ -40.052804815, -18.382977923 ], [ -40.052764264, -18.382954625 ], [ -40.052724675, -18.382929866 ], [ -40.052658853, -18.382894124 ], [ -40.052489358, -18.382794987 ], [ -40.052456759, -18.382776602 ], [ -40.052425189, -18.382756649 ], [ -40.052335633, -18.382705944 ], [ -40.052304255517853, -18.382686933313753 ] ] } },
{ "type": "Feature", "properties": { "Field": "000", "Length": 205.85062965494546 }, "geometry": { "type": "LineString", "coordinates": [ [ -40.053964154, -18.383661754 ], [ -40.053939881, -18.383647192 ], [ -40.053850275, -18.383596568 ], [ -40.053802032, -18.383567957 ], [ -40.053769117, -18.383550092 ], [ -40.053550524, -18.38342368 ], [ -40.053452623, -18.383368695 ], [ -40.053420615, -18.383349387 ], [ -40.053380039, -18.383326129 ], [ -40.053356397, -18.383311112 ], [ -40.053283273, -18.383269387 ], [ -40.053243226, -18.383245308 ], [ -40.053097149, -18.383161586 ], [ -40.053048841, -18.383133076 ], [ -40.052959313, -18.383082326 ], [ -40.052927363, -18.383062931 ], [ -40.052838426, -18.383011243 ], [ -40.052764214, -18.382971307 ], [ -40.052716287, -18.382942217 ], [ -40.052650889, -18.382905773 ], [ -40.052497669, -18.382815872 ], [ -40.052473068, -18.38280233 ], [ -40.052384826, -18.382749568 ], [ -40.052318707, -18.38271433 ], [ -40.052295983, -18.382700925999988 ] ] } },
{ "type": "Feature", "properties": { "Field": "000", "Length": 205.77184878197164 }, "geometry": { "type": "LineString", "coordinates": [ [ -40.053956366772709, -18.383673471864459 ], [ -40.053939767, -18.383663573 ], [ -40.053882391, -18.383631936 ], [ -40.053858521, -18.383617251 ], [ -40.053793928, -18.383579522 ], [ -40.053721063, -18.383537385 ], [ -40.053696376, -18.383523988 ], [ -40.05359079, -18.383463658 ], [ -40.053485927, -18.383402191 ], [ -40.053420536, -18.383365735 ], [ -40.053340299, -18.383317794 ], [ -40.053275055, -18.383281099 ], [ -40.053218795, -18.383247684 ], [ -40.053161663, -18.383215646 ], [ -40.053040788, -18.383144535 ], [ -40.05299983, -18.383121896 ], [ -40.052862667, -18.383041569 ], [ -40.052797499, -18.383004751 ], [ -40.05275629, -18.38298253 ], [ -40.05270799, -18.382954009 ], [ -40.052626479, -18.382908069 ], [ -40.052586498, -18.382883891 ], [ -40.052513185, -18.382842468 ], [ -40.052473425, -18.38281796 ], [ -40.052440563, -18.382800006 ], [ -40.05240084, -18.382775444 ], [ -40.052335581, -18.382738774 ], [ -40.052310328, -18.382726375 ], [ -40.052288129, -18.38271421 ] ] } },
{ "type": "Feature", "properties": { "Field": "000", "Length": 205.72071651269587 }, "geometry": { "type": "LineString", "coordinates": [ [ -40.053948987, -18.383684576 ], [ -40.053932694, -18.383674973 ], [ -40.053899491, -18.383657601 ], [ -40.053835406, -18.383619089 ], [ -40.053786688, -18.383591222 ], [ -40.053706214, -18.383543645 ], [ -40.053625222, -18.383496876 ], [ -40.053551612, -18.383455938 ], [ -40.053487664, -18.383417218 ], [ -40.053455271, -18.383398504 ], [ -40.05341434000001, -18.383375821 ], [ -40.053390438, -18.383361184 ], [ -40.053308847, -18.383315373 ], [ -40.05322803100001, -18.383268328 ], [ -40.0531789, -18.38324113 ], [ -40.053098534, -18.383193387 ], [ -40.053033621, -18.383156161 ], [ -40.052969451, -18.383117778 ], [ -40.052927983, -18.383096003 ], [ -40.052758232, -18.382997264 ], [ -40.052692646, -18.38296113 ], [ -40.052611335, -18.382914869 ], [ -40.052579656, -18.382895073 ], [ -40.052506471, -18.382853445 ], [ -40.052466539, -18.382829192 ], [ -40.052441737, -18.382815991 ], [ -40.052377322, -18.382777984 ], [ -40.0523224, -18.3827426 ], [ -40.052305844, -18.382733835 ], [ -40.052283837027666, -18.382721469015557 ] ] } },
{ "type": "Feature", "properties": { "Field": "000", "Length": 205.63809170936747 }, "geometry": { "type": "LineString", "coordinates": [ [ -40.053941298, -18.383696146 ], [ -40.053892174, -18.383668583 ], [ -40.053763575, -18.383592215 ], [ -40.053714582, -18.383564791 ], [ -40.053625845, -18.383512789 ], [ -40.053544018, -18.383467364 ], [ -40.053496088, -18.383438278 ], [ -40.053414825, -18.38339194 ], [ -40.053382881, -18.383372536 ], [ -40.053245509, -18.383292533 ], [ -40.053171513, -18.383252234 ], [ -40.053130933, -18.383228984 ], [ -40.053026643, -18.383166633 ], [ -40.052953763, -18.38312452 ], [ -40.052920943, -18.383106498 ], [ -40.052881207, -18.383081954 ], [ -40.052816019, -18.383045168 ], [ -40.052775875, -18.383021236 ], [ -40.052685622, -18.382971671 ], [ -40.052612335, -18.382930208 ], [ -40.052564458, -18.382901043 ], [ -40.052507669, -18.382868454 ], [ -40.05245212, -18.382833973 ], [ -40.052411679, -18.382810501 ], [ -40.052386848, -18.382797351 ], [ -40.052314997, -18.382753656 ], [ -40.052277324046628, -18.382732485026207 ] ] } },
{ "type": "Feature", "properties": { "Field": "000", "Length": 205.55388790952819 }, "geometry": { "type": "LineString", "coordinates": [ [ -40.053932818, -18.383708906 ], [ -40.0539003, -18.383690045 ], [ -40.053868535, -18.383670374 ], [ -40.053780168, -18.383617802 ], [ -40.053706901, -18.383576305 ], [ -40.053626438, -18.383528711 ], [ -40.053455822, -18.383431342 ], [ -40.053375695, -18.383383234 ], [ -40.053302404, -18.383341776 ], [ -40.05319746, -18.383280434 ], [ -40.05310737, -18.3832306 ], [ -40.053019368, -18.383177472 ], [ -40.052937897, -18.383131469 ], [ -40.052857661, -18.383083525 ], [ -40.052792206, -18.383047176 ], [ -40.052752267, -18.383022934 ], [ -40.052645561, -18.382964428 ], [ -40.052589502, -18.382930708 ], [ -40.05250001, -18.382879899 ], [ -40.05247599, -18.38286544 ], [ -40.05245249, -18.382850221 ], [ -40.052420367, -18.382831087 ], [ -40.052347584, -18.382788823 ], [ -40.052314884, -18.382770603 ], [ -40.052291007, -18.382755929 ], [ -40.052270191361785, -18.382744549197778 ] ] } },
{ "type": "Feature", "properties": { "Field": "000", "Length": 205.46806836306644 }, "geometry": { "type": "LineString", "coordinates": [ [ -40.053925178817352, -18.383720400891516 ], [ -40.053812632, -18.383653548 ], [ -40.053772955, -18.383628917 ], [ -40.053699425, -18.383587847 ], [ -40.053497495, -18.383470061 ], [ -40.053399718, -18.383414874 ], [ -40.053181703, -18.383287556 ], [ -40.053115935, -18.383251725 ], [ -40.053019762, -18.383194025 ], [ -40.05291424, -18.383133595 ], [ -40.052866118, -18.3831048 ], [ -40.052800897, -18.383068067 ], [ -40.052728223, -18.383025631 ], [ -40.052629772, -18.382971548 ], [ -40.052541188, -18.38291931 ], [ -40.052508538, -18.382901008 ], [ -40.052396232, -18.382833853 ], [ -40.052314739, -18.382787885 ], [ -40.052283041, -18.382768115 ], [ -40.052262883, -18.382756911 ] ] } },
{ "type": "Feature", "properties": { "Field": "000", "Length": 205.39034557080385 }, "geometry": { "type": "LineString", "coordinates": [ [ -40.053917868, -18.383731401 ], [ -40.053829758, -18.383678191 ], [ -40.053765282, -18.383640278 ], [ -40.053650969, -18.383576284 ], [ -40.053473531, -18.383472224999988 ], [ -40.053432626, -18.383449498 ], [ -40.053270578, -18.383356061 ], [ -40.05319843, -18.383312816 ], [ -40.053100517, -18.38325785 ], [ -40.052971554, -18.383182042 ], [ -40.052906366, -18.383145256 ], [ -40.052874338, -18.383125979 ], [ -40.052744701, -18.383051228 ], [ -40.052573369, -18.382955012 ], [ -40.052508718, -18.382917372 ], [ -40.052468987, -18.382892821 ], [ -40.052428645, -18.382869194 ], [ -40.05230689, -18.382799465 ], [ -40.05227544, -18.382779338 ], [ -40.052256114, -18.38276836 ] ] } },
{ "type": "Feature", "properties": { "Field": "000", "Length": 205.3146163736528 }, "geometry": { "type": "LineString", "coordinates": [ [ -40.053909891, -18.383743404 ], [ -40.053757179, -18.383651546 ], [ -40.053586101, -18.383554919 ], [ -40.053465055, -18.383484071 ], [ -40.053416222, -18.383456388 ], [ -40.053376327, -18.38343208 ], [ -40.053278823, -18.383376456 ], [ -40.053174419, -18.383314279 ], [ -40.05308414, -18.383264756 ], [ -40.053044244, -18.38324045 ], [ -40.0529387, -18.383180055 ], [ -40.052850026, -18.383127956 ], [ -40.052695745, -18.383039723 ], [ -40.052655513, -18.383015926 ], [ -40.052597944, -18.38298461 ], [ -40.052549127, -18.382956902 ], [ -40.052508944, -18.38293303 ], [ -40.052453521, -18.382898364 ], [ -40.052331449, -18.382829141 ], [ -40.052267261, -18.382790787 ], [ -40.052248946194354, -18.382780483109347 ] ] } },
{ "type": "Feature", "properties": { "Field": "000", "Length": 205.2484001633147 }, "geometry": { "type": "LineString", "coordinates": [ [ -40.053902522742504, -18.383754491839923 ], [ -40.053878538, -18.38373958 ], [ -40.053861949, -18.383730872 ], [ -40.053821841, -18.383706885 ], [ -40.053742079, -18.383658228 ], [ -40.053594899, -18.383576284 ], [ -40.053440935, -18.383487548 ], [ -40.053288431, -18.383396543 ], [ -40.053263794, -18.383383062 ], [ -40.05315874, -18.383321891 ], [ -40.053068944, -18.383271574 ], [ -40.053036862, -18.383252379 ], [ -40.052931231, -18.383192122 ], [ -40.052818398, -18.383125775 ], [ -40.052769321, -18.383098489 ], [ -40.052720755, -18.383070382 ], [ -40.052648591, -18.38302716 ], [ -40.052607767, -18.383004302 ], [ -40.052566249, -18.382982613 ], [ -40.052541856, -18.382968734 ], [ -40.052501888, -18.382944535 ], [ -40.052454654, -18.38291443 ], [ -40.052364887, -18.382864066 ], [ -40.052340882, -18.382849583 ], [ -40.052283958, -18.38281721 ], [ -40.052260099, -18.382802509 ], [ -40.052241939452976, -18.382792334253804 ] ] } },
{ "type": "Feature", "properties": { "Field": "000", "Length": 205.16053413128486 }, "geometry": { "type": "LineString", "coordinates": [ [ -40.053894586938995, -18.383766432963313 ], [ -40.053742126, -18.383674745 ], [ -40.053644132, -18.383619911 ], [ -40.05350639, -18.383540491 ], [ -40.053449302, -18.383508382 ], [ -40.053280856, -18.383407627 ], [ -40.053085404, -18.383297091 ], [ -40.052948133, -18.38321693 ], [ -40.052907614, -18.383193583 ], [ -40.05286658, -18.38317107 ], [ -40.052818468, -18.383142259 ], [ -40.052720803, -18.383086892 ], [ -40.052640322, -18.383039326 ], [ -40.052599761, -18.383016045 ], [ -40.052534216, -18.382979842 ], [ -40.052471079, -18.382939929 ], [ -40.052357405, -18.382874905 ], [ -40.052260777, -18.382817904 ], [ -40.0522352450865, -18.382803657048274 ] ] } },
{ "type": "Feature", "properties": { "Field": "000", "Length": 205.08822024699327 }, "geometry": { "type": "LineString", "coordinates": [ [ -40.05388743, -18.383777202 ], [ -40.053725943, -18.383681844 ], [ -40.053660601, -18.383645308 ], [ -40.053620367, -18.383621513 ], [ -40.053579237, -18.383599161 ], [ -40.053482019, -18.383543081 ], [ -40.053432829, -18.383515981 ], [ -40.053353153, -18.383467194 ], [ -40.053296861, -18.38343383 ], [ -40.053247908, -18.38340634 ], [ -40.05322401, -18.383391697 ], [ -40.053134801, -18.383340438 ], [ -40.053069371, -18.383304045999989 ], [ -40.053037357, -18.383284746 ], [ -40.052980051, -18.383252993 ], [ -40.052899782, -18.383205103 ], [ -40.052850424, -18.383178281 ], [ -40.052794393, -18.383144518 ], [ -40.052688639, -18.383084458 ], [ -40.052518649, -18.382986096 ], [ -40.052455376, -18.38294638 ], [ -40.052357578, -18.382891227 ], [ -40.052293384, -18.382852881 ], [ -40.052227919144947, -18.382816048081555 ] ] } },
{ "type": "Feature", "properties": { "Field": "000", "Length": 205.01145526017999 }, "geometry": { "type": "LineString", "coordinates": [ [ -40.053879598, -18.383788987 ], [ -40.053855808, -18.383774135 ], [ -40.053750808, -18.383712879 ], [ -40.053686658, -18.383674467 ], [ -40.053645425, -18.383652286 ], [ -40.053596955, -18.383624029 ], [ -40.053539271, -18.383592905 ], [ -40.05345883, -18.383545276 ], [ -40.053417703, -18.383522918 ], [ -40.053321789, -18.383464829 ], [ -40.053240383, -18.38341872 ], [ -40.053200494, -18.383394402 ], [ -40.053111171, -18.383343324 ], [ -40.053086481, -18.383329932 ], [ -40.053013994, -18.383287206 ], [ -40.052972859, -18.38326486 ], [ -40.052917215, -18.383230519 ], [ -40.052851811, -18.383194085 ], [ -40.052795396, -18.383160909 ], [ -40.052656844, -18.383082785 ], [ -40.052551843, -18.383021531 ], [ -40.052456006, -18.382963326 ], [ -40.052317704, -18.382884799 ], [ -40.052261641, -18.382851085 ], [ -40.052220523, -18.382828558 ] ] } },
{ "type": "Feature", "properties": { "Field": "000", "Length": 204.94762783175202 }, "geometry": { "type": "LineString", "coordinates": [ [ -40.053871594656421, -18.383801029787438 ], [ -40.053808444, -18.383761961 ], [ -40.053687339, -18.383691206 ], [ -40.0536549, -18.383672564 ], [ -40.053630086, -18.383659384 ], [ -40.053565281, -18.383621988 ], [ -40.053515851, -18.383595289 ], [ -40.053459491, -18.383562029 ], [ -40.053402207, -18.383530240999988 ], [ -40.053378063, -18.38351597 ], [ -40.053346661, -18.383495777 ], [ -40.053265929, -18.3834486 ], [ -40.053233089, -18.383430611 ], [ -40.053193263, -18.383406202 ], [ -40.053071029, -18.38333724 ], [ -40.053015226, -18.383303135 ], [ -40.052974177, -18.383280648 ], [ -40.052910111, -18.383242109 ], [ -40.052812481, -18.383186686 ], [ -40.052780341, -18.383167579 ], [ -40.052731303, -18.383140229 ], [ -40.052699054, -18.383121291 ], [ -40.052633561, -18.383085003 ], [ -40.052585492, -18.383056128 ], [ -40.052536902, -18.383028059 ], [ -40.052465256, -18.382984058 ], [ -40.052424393, -18.382961264 ], [ -40.052351526, -18.382919133 ], [ -40.052318604, -18.38290128 ], [ -40.052255179, -18.382861787 ], [ -40.052238429, -18.382853371 ], [ -40.05221422, -18.382839219 ] ] } },
{ "type": "Feature", "properties": { "Field": "000", "Length": 204.86886525980154 }, "geometry": { "type": "LineString", "coordinates": [ [ -40.053863328, -18.383813468 ], [ -40.053808257, -18.383778056 ], [ -40.053655059, -18.38368812 ], [ -40.053597767, -18.383656343 ], [ -40.053557385, -18.383632779 ], [ -40.05348337, -18.383592511 ], [ -40.053443514, -18.383568144 ], [ -40.053386725, -18.383535557 ], [ -40.053339688, -18.383505171 ], [ -40.053290596, -18.383477909 ], [ -40.05325833700001, -18.383458986 ], [ -40.053216979, -18.383437019 ], [ -40.053168815, -18.383408287 ], [ -40.05311973, -18.383381015 ], [ -40.053007251, -18.383314123 ], [ -40.052958144, -18.383286885 ], [ -40.052918251, -18.383262575 ], [ -40.052853735, -18.383224725 ], [ -40.05262534, -18.383096359 ], [ -40.052577258, -18.383067504 ], [ -40.052536693, -18.383044227 ], [ -40.052465148, -18.383000079 ], [ -40.052368429, -18.382943218 ], [ -40.052294487, -18.382902828 ], [ -40.052246593, -18.382873688 ], [ -40.052206989059634, -18.382851449033488 ] ] } },
{ "type": "Feature", "properties": { "Field": "000", "Length": 204.78650365708853 }, "geometry": { "type": "LineString", "coordinates": [ [ -40.053855776, -18.383824832 ], [ -40.053808708, -18.383794292 ], [ -40.053711988000011, -18.383737432 ], [ -40.053598211, -18.383672572 ], [ -40.053525659, -18.383629946 ], [ -40.053476288, -18.383603147 ], [ -40.053444185, -18.383583984 ], [ -40.053394944, -18.383556968 ], [ -40.053355518, -18.383531971 ], [ -40.053307425, -18.383503132 ], [ -40.053266916, -18.383479769 ], [ -40.053217471, -18.383453095 ], [ -40.053169096, -18.383424688 ], [ -40.053103933, -18.383387862 ], [ -40.052999525, -18.383325692 ], [ -40.052958841, -18.383302606 ], [ -40.0529108, -18.383273688 ], [ -40.052838055, -18.383231364 ], [ -40.052674564, -18.383140248 ], [ -40.052642412, -18.383121158 ], [ -40.052601465, -18.383098501 ], [ -40.052528985, -18.383055765 ], [ -40.052473499, -18.38302119 ], [ -40.052424819, -18.382993263 ], [ -40.052368843, -18.382959417 ], [ -40.052254564, -18.382895367 ], [ -40.052200353, -18.382862674 ] ] } },
{ "type": "Feature", "properties": { "Field": "000", "Length": 204.4559069623815 }, "geometry": { "type": "LineString", "coordinates": [ [ -40.053846573, -18.383834427 ], [ -40.053799196, -18.383803995 ], [ -40.053750476, -18.38377613 ], [ -40.053694465, -18.383742337 ], [ -40.053596592, -18.383687306 ], [ -40.053515796, -18.383640228 ], [ -40.053426058, -18.383589817 ], [ -40.053385943, -18.383565841 ], [ -40.053354439, -18.383545792 ], [ -40.053297368, -18.383513656 ], [ -40.053232808, -18.383475873 ], [ -40.053118245, -18.383412287 ], [ -40.053013702, -18.383350324 ], [ -40.052973072, -18.383327152 ], [ -40.052909282, -18.383288196 ], [ -40.052876925, -18.383269426 ], [ -40.052779313, -18.383213974 ], [ -40.052746229, -18.383196398 ], [ -40.052680998, -18.383159681 ], [ -40.0526247, -18.383126325 ], [ -40.05256757, -18.383094285 ], [ -40.052471588, -18.383036298 ], [ -40.052422773, -18.383008586 ], [ -40.052366914, -18.382974563 ], [ -40.052244812, -18.382905388 ], [ -40.05221316, -18.382885554 ], [ -40.0521934, -18.382874434 ] ] } },
{ "type": "Feature", "properties": { "Field": "000", "Length": 204.08879168518229 }, "geometry": { "type": "LineString", "coordinates": [ [ -40.053836995, -18.383844005 ], [ -40.053805335, -18.383823835 ], [ -40.053748513, -18.383791298 ], [ -40.053692439, -18.383757601 ], [ -40.053562931, -18.383682644 ], [ -40.05340809, -18.38359531 ], [ -40.053336368, -18.383551422 ], [ -40.053287663, -18.383523536 ], [ -40.053247606, -18.383499472 ], [ -40.053108369, -18.383422464 ], [ -40.052987147, -18.383351892 ], [ -40.05292358, -18.383312605 ], [ -40.052891406, -18.383293551 ], [ -40.052786003, -18.38323293 ], [ -40.052720234, -18.383197099 ], [ -40.052565731, -18.383109222 ], [ -40.052469788, -18.383051176 ], [ -40.05242883, -18.383028537 ], [ -40.052364892, -18.382989803 ], [ -40.052251413, -18.38292447 ], [ -40.052186720400613, -18.382885731239881 ] ] } },
{ "type": "Feature", "properties": { "Field": "000", "Length": 203.73193910234076 }, "geometry": { "type": "LineString", "coordinates": [ [ -40.053827696, -18.383853304 ], [ -40.053803435, -18.383838822 ], [ -40.053770715, -18.383820634 ], [ -40.053714662, -18.383786904 ], [ -40.053617317, -18.383731025 ], [ -40.053552933, -18.383692971 ], [ -40.053495637, -18.383661201 ], [ -40.053406247, -18.383610229 ], [ -40.053342621, -18.38357103 ], [ -40.053285745, -18.38353858 ], [ -40.05324556, -18.383514711 ], [ -40.053163275, -18.383470047 ], [ -40.053139154, -18.383455741 ], [ -40.053073881, -18.383419093 ], [ -40.052985012, -18.383367297 ], [ -40.052897319, -18.383313707 ], [ -40.052856395, -18.383291011 ], [ -40.052743093, -18.383225398 ], [ -40.052628683, -18.383161561 ], [ -40.052523405, -18.383100743 ], [ -40.052443722, -18.383051968 ], [ -40.052322158, -18.382981933 ], [ -40.052274232, -18.382952843 ], [ -40.052179697, -18.382897611 ] ] } },
{ "type": "Feature", "properties": { "Field": "000", "Length": 203.35068553324743 }, "geometry": { "type": "LineString", "coordinates": [ [ -40.053817574, -18.383863426 ], [ -40.053704279, -18.383797282 ], [ -40.05366344, -18.383774448 ], [ -40.053558914, -18.383712457 ], [ -40.053461079, -18.383657365 ], [ -40.053421125, -18.383633146 ], [ -40.053388381, -18.383614997 ], [ -40.05331658, -18.383571227 ], [ -40.053169772, -18.383488678 ], [ -40.053121239, -18.383460518 ], [ -40.053071902, -18.383433663 ], [ -40.05296686, -18.383372474 ], [ -40.052903092, -18.383333486 ], [ -40.052814217, -18.383281699 ], [ -40.052708708, -18.383221247 ], [ -40.052602352, -18.383162164 ], [ -40.052529452, -18.383120083 ], [ -40.052433587, -18.383061919 ], [ -40.052401068, -18.383043406 ], [ -40.052344906, -18.383009841 ], [ -40.052320207, -18.382996466 ], [ -40.052231846, -18.382943884 ], [ -40.05219906, -18.382925805 ], [ -40.052172639160702, -18.382909548098883 ] ] } },
{ "type": "Feature", "properties": { "Field": "000", "Length": 202.97963833846157 }, "geometry": { "type": "LineString", "coordinates": [ [ -40.053807758, -18.383873242 ], [ -40.053766859, -18.383849845 ], [ -40.053735037, -18.383830257 ], [ -40.053686259, -18.383802486 ], [ -40.053661367, -18.383789441 ], [ -40.053508767, -18.383698581 ], [ -40.053354664, -18.383610065 ], [ -40.053322865, -18.383590444 ], [ -40.05327453, -18.383561977 ], [ -40.053045949, -18.383433913000012 ], [ -40.052901253, -18.383348032 ], [ -40.05284425, -18.383315785 ], [ -40.05279607, -18.383287078 ], [ -40.052722815, -18.383245563 ], [ -40.052650324, -18.383202844 ], [ -40.05253581, -18.383139177 ], [ -40.052487629, -18.383110472 ], [ -40.05242417, -18.383071026 ], [ -40.052269988, -18.382982636 ], [ -40.052165808547151, -18.382921101323177 ] ] } },
{ "type": "Feature", "properties": { "Field": "000", "Length": 202.60319877744223 }, "geometry": { "type": "LineString", "coordinates": [ [ -40.053797608, -18.383883392 ], [ -40.053764975, -18.38386489 ], [ -40.053733225, -18.383845197 ], [ -40.053692889, -18.383821562 ], [ -40.053643533, -18.383794738 ], [ -40.053555408, -18.383741796 ], [ -40.05344997800001, -18.383681218 ], [ -40.053313131, -18.3836004 ], [ -40.053158809, -18.383512232 ], [ -40.053142165, -18.383503622 ], [ -40.053052254, -18.383453492 ], [ -40.052907548, -18.383367626 ], [ -40.052842357, -18.383330845 ], [ -40.052810635, -18.383311112 ], [ -40.052778299, -18.383292309 ], [ -40.052696811, -18.383246332 ], [ -40.052648648, -18.383217598 ], [ -40.052534123, -18.38315395 ], [ -40.052381813, -18.38306265 ], [ -40.052324849, -18.38303034 ], [ -40.052236114, -18.382978336 ], [ -40.052187144, -18.382950876 ], [ -40.052158921361077, -18.382932750231891 ] ] } },
{ "type": "Feature", "properties": { "Field": "000", "Length": 201.98530959640374 }, "geometry": { "type": "LineString", "coordinates": [ [ -40.053787367, -18.383893633 ], [ -40.053739296, -18.383864638 ], [ -40.053641862, -18.383808901 ], [ -40.053593638, -18.383780261 ], [ -40.053552895, -18.383757271 ], [ -40.053537163, -18.383747217 ], [ -40.0535207, -18.383738296 ], [ -40.053391243, -18.383663258 ], [ -40.053286948, -18.383600916 ], [ -40.053229909, -18.383568728 ], [ -40.053189682, -18.383544924 ], [ -40.053108486, -18.383498477 ], [ -40.053034623, -18.383457957 ], [ -40.052856445, -18.383355058 ], [ -40.052800423, -18.383321281 ], [ -40.052686818, -18.383256146 ], [ -40.052646627, -18.383232286 ], [ -40.052564373, -18.38318757 ], [ -40.052515974, -18.383159201 ], [ -40.052435987, -18.383110881 ], [ -40.052290119, -18.383026828 ], [ -40.052241853, -18.382998253 ], [ -40.052176427, -18.382961855 ], [ -40.052152728143568, -18.382947282088288 ] ] } },
{ "type": "Feature", "properties": { "Field": "000", "Length": 201.33624564666439 }, "geometry": { "type": "LineString", "coordinates": [ [ -40.053777011, -18.383903989 ], [ -40.053745052, -18.383883904 ], [ -40.053728636, -18.383874903 ], [ -40.053680556, -18.383846043 ], [ -40.053501939, -18.38374384 ], [ -40.053452865, -18.383716548 ], [ -40.053308346, -18.383630395 ], [ -40.053243265, -18.383593437 ], [ -40.053170599, -18.383550989999989 ], [ -40.053121413, -18.383523882 ], [ -40.053073352, -18.383494994 ], [ -40.052975332, -18.383440201 ], [ -40.052911375, -18.383401497 ], [ -40.052854238, -18.383369467 ], [ -40.052619926, -18.383232949 ], [ -40.052554127, -18.383197169 ], [ -40.052457956, -18.383139468 ], [ -40.052360401, -18.383083924 ], [ -40.052247498, -18.383017688 ], [ -40.052181964, -18.382981466 ], [ -40.052147672, -18.382960636 ] ] } },
{ "type": "Feature", "properties": { "Field": "000", "Length": 200.67709593797727 }, "geometry": { "type": "LineString", "coordinates": [ [ -40.0537664, -18.3839146 ], [ -40.053734579, -18.383894545 ], [ -40.053638596, -18.383836557 ], [ -40.053540156, -18.383782457 ], [ -40.053467747, -18.38373961 ], [ -40.053386569, -18.383693135 ], [ -40.05332267, -18.383654342 ], [ -40.053257474, -18.38361757 ], [ -40.053201044, -18.383584417 ], [ -40.053151945, -18.383557166 ], [ -40.053079561, -18.383514282 ], [ -40.052973138, -18.383455307 ], [ -40.052948981, -18.383441057 ], [ -40.052909482, -18.383416167 ], [ -40.052803788, -18.383356009 ], [ -40.052666997, -18.383275106 ], [ -40.052544269, -18.383206947 ], [ -40.052511878, -18.383188231 ], [ -40.052447979, -18.383149438 ], [ -40.052358277, -18.383098969 ], [ -40.052318407, -18.383074625 ], [ -40.052237438, -18.383027818 ], [ -40.052171788, -18.382991791 ], [ -40.052142482440118, -18.382974341262074 ] ] } },
{ "type": "Feature", "properties": { "Field": "000", "Length": 200.04787850322646 }, "geometry": { "type": "LineString", "coordinates": [ [ -40.053756854, -18.383924146 ], [ -40.053732622, -18.383909024 ], [ -40.053708321, -18.383894997 ], [ -40.053676707, -18.383875107 ], [ -40.053620096, -18.383842237 ], [ -40.053562965, -18.383810197 ], [ -40.053529824, -18.383792718 ], [ -40.053448993, -18.383745695 ], [ -40.053320331, -18.383669423 ], [ -40.053238708, -18.383623665 ], [ -40.053141389, -18.383567746 ], [ -40.053077125, -18.383529507 ], [ -40.052970881, -18.383470239 ], [ -40.052930737, -18.383446307 ], [ -40.052899148, -18.383426381 ], [ -40.052793144, -18.383366722 ], [ -40.052737122, -18.383332946 ], [ -40.052672448, -18.383295342 ], [ -40.052607034, -18.383258923 ], [ -40.052525942, -18.383212314 ], [ -40.052381673, -18.38312578 ], [ -40.052349089, -18.383107371 ], [ -40.052316028, -18.383089754 ], [ -40.052250894, -18.383052882 ], [ -40.052211033, -18.383028523 ], [ -40.052161397, -18.383002174 ], [ -40.052137314, -18.382987992 ] ] } },
{ "type": "Feature", "properties": { "Field": "000", "Length": 199.39128620582008 }, "geometry": { "type": "LineString", "coordinates": [ [ -40.053746871, -18.383934129 ], [ -40.053730997, -18.383923962 ], [ -40.053698562, -18.383905315 ], [ -40.053674825, -18.383890435 ], [ -40.053610463, -18.383852346 ], [ -40.053577951, -18.383833823 ], [ -40.053528126, -18.3838078 ], [ -40.053463197, -18.383770599 ], [ -40.053343169, -18.383698191 ], [ -40.053155953, -18.383592109 ], [ -40.053067209, -18.38354012 ], [ -40.05296939, -18.383485 ], [ -40.052881423, -18.383431821 ], [ -40.052783156, -18.383377434 ], [ -40.052735307, -18.383348227 ], [ -40.052630344, -18.383286914 ], [ -40.052548978, -18.383240741 ], [ -40.05249291, -18.383207034 ], [ -40.05244412, -18.383179282 ], [ -40.05237982, -18.383141097 ], [ -40.052249147, -18.383068009 ], [ -40.052209044, -18.383044014 ], [ -40.052131990334395, -18.383002051182107 ] ] } },
{ "type": "Feature", "properties": { "Field": "000", "Length": 198.72123716930241 }, "geometry": { "type": "LineString", "coordinates": [ [ -40.053736254, -18.383944181 ], [ -40.053712358, -18.383929075 ], [ -40.053695924, -18.383920103 ], [ -40.053592066, -18.383857098 ], [ -40.053567632, -18.383843285 ], [ -40.053517735, -18.383817388999987 ], [ -40.053460174, -18.38378606 ], [ -40.05340426, -18.383752119 ], [ -40.053373169, -18.383731491 ], [ -40.053349211, -18.383716937 ], [ -40.053275439, -18.383676265 ], [ -40.053226635, -18.383648535 ], [ -40.053194606, -18.383629259 ], [ -40.053145551, -18.383601936 ], [ -40.05307324, -18.383558938 ], [ -40.053007909, -18.383522386 ], [ -40.052975611, -18.383503522 ], [ -40.052895664, -18.383455142 ], [ -40.052821828, -18.383414576 ], [ -40.052764926, -18.383382168 ], [ -40.05273297, -18.383362782 ], [ -40.052692231, -18.383339784 ], [ -40.05261994300001, -18.383296752 ], [ -40.052530262, -18.383246248 ], [ -40.052482415, -18.383217039 ], [ -40.052345025, -18.383137065 ], [ -40.052247082, -18.383082148 ], [ -40.052198806, -18.383053589 ], [ -40.052127010116429, -18.383015204062254 ] ] } },
{ "type": "Feature", "properties": { "Field": "000", "Length": 196.98837492392761 }, "geometry": { "type": "LineString", "coordinates": [ [ -40.052122444, -18.383027265 ], [ -40.052163962, -18.383047986 ], [ -40.052172248, -18.383052355 ], [ -40.052180321, -18.383057073 ], [ -40.052236147, -18.383091143 ], [ -40.052301412, -18.383127804 ], [ -40.052333612, -18.383146819 ], [ -40.052431098, -18.383202471 ], [ -40.052471369, -18.383226207 ], [ -40.0525192, -18.383255441 ], [ -40.052535259, -18.383265011 ], [ -40.052567627, -18.383283764 ], [ -40.052632908, -18.383320398 ], [ -40.05268902400001, -18.383354032 ], [ -40.052745622, -18.383386922 ], [ -40.052753746, -18.383391559 ], [ -40.052786575, -18.383409566 ], [ -40.052826948, -18.383433144 ], [ -40.052900413, -18.383474319 ], [ -40.052932519, -18.383493477 ], [ -40.052973271, -18.383516451 ], [ -40.0531267, -18.383606028 ], [ -40.053142964, -18.383615278 ], [ -40.053192011, -18.383642612 ], [ -40.053239769, -18.383671953 ], [ -40.053247824, -18.383676699 ], [ -40.053288784, -18.383699336 ], [ -40.053337633, -18.383726993 ], [ -40.053424983, -18.383781093 ], [ -40.053490287, -18.38381769 ], [ -40.053564455, -18.383857701 ], [ -40.053653057, -18.383909911 ], [ -40.053717354919129, -18.383948770951111 ] ] } },
{ "type": "Feature", "properties": { "Field": "001", "Length": 376.89518108048549 }, "geometry": { "type": "LineString", "coordinates": [ [ -40.053701196, -18.384043451 ], [ -40.053682449, -18.38407432 ], [ -40.05364642, -18.384137907 ], [ -40.053633252835958, -18.384161927165394 ], [ -40.052842814001266, -18.385555751500316 ], [ -40.05283191, -18.385575802 ], [ -40.052813535, -18.385607407 ], [ -40.052804057, -18.385623052 ], [ -40.052789418, -18.385646282 ], [ -40.052784638, -18.385654082 ], [ -40.052780075, -18.385661998 ], [ -40.052771283, -18.385678004 ], [ -40.052767156, -18.385686135 ], [ -40.052763361, -18.385694412 ], [ -40.052759272, -18.38570256 ], [ -40.052754838, -18.385710542999988 ], [ -40.052742254, -18.385734842 ], [ -40.052737526, -18.385742669 ], [ -40.052727569, -18.38575804 ], [ -40.052722826, -18.38576586 ], [ -40.052699708, -18.385805287 ], [ -40.052690066, -18.385820838 ], [ -40.052681313, -18.385836861 ], [ -40.052671972, -18.38585258 ], [ -40.05266298, -18.385868485 ], [ -40.05265861, -18.3858765 ], [ -40.052650496, -18.385892828 ], [ -40.052646161, -18.38590086 ], [ -40.052637148, -18.385916754 ], [ -40.052624168, -18.385940865 ], [ -40.052619492, -18.385948722 ], [ -40.052609814, -18.385964255 ], [ -40.052591284, -18.385995777 ], [ -40.052582196, -18.386011631 ], [ -40.052555413, -18.386059445 ], [ -40.052550799, -18.386067334 ], [ -40.052535904, -18.386090412 ], [ -40.052526468, -18.38610608 ], [ -40.052521968, -18.386114031 ], [ -40.052495741, -18.386162124 ], [ -40.0524831, -18.3861864 ], [ -40.052479, -18.386194544 ], [ -40.052471161, -18.386210994 ], [ -40.052466837, -18.386219032 ], [ -40.052458027, -18.386235027 ], [ -40.05245344, -18.38624293 ], [ -40.052443759, -18.386258461 ], [ -40.052439175, -18.386266367 ], [ -40.052430568, -18.386282464 ], [ -40.052418046, -18.386306795 ], [ -40.052413575, -18.386314755 ], [ -40.052388633, -18.386353154 ], [ -40.052383976, -18.386361019 ], [ -40.052371009, -18.386385137 ], [ -40.052352632, -18.386416741 ], [ -40.051999967, -18.387036626 ] ] } },
{ "type": "Feature", "properties": { "Field": "000", "Length": 195.20888313122762 }, "geometry": { "type": "LineString", "coordinates": [ [ -40.052117978082705, -18.383039065044905 ], [ -40.052150471, -18.383056706 ], [ -40.052158631, -18.383061286 ], [ -40.05223917, -18.383108762 ], [ -40.052345438, -18.38316799 ], [ -40.052353527, -18.383172683 ], [ -40.052377451, -18.383187286 ], [ -40.052450425, -18.38322925 ], [ -40.052458473, -18.383234008 ], [ -40.052514167, -18.383268274 ], [ -40.052570955, -18.383300863 ], [ -40.052612041, -18.38332329 ], [ -40.052620195, -18.38332788 ], [ -40.052708732, -18.383380189 ], [ -40.052782143, -18.383421452 ], [ -40.052871213, -18.383472931 ], [ -40.052919273, -18.383501821 ], [ -40.052927373, -18.383506495 ], [ -40.052952047, -18.383519914 ], [ -40.05299243, -18.383543475 ], [ -40.053098479, -18.383603061 ], [ -40.053146919, -18.383631365 ], [ -40.053155048, -18.383635993 ], [ -40.053179737, -18.383649387 ], [ -40.053187896, -18.383653968 ], [ -40.053236104, -18.383682633 ], [ -40.053285145, -18.383709977 ], [ -40.053301311, -18.383719382 ], [ -40.053309304, -18.383724224 ], [ -40.053404843, -18.383782874 ], [ -40.053494344, -18.383833667 ], [ -40.053527219, -18.383851598 ], [ -40.053535654, -18.383855698 ], [ -40.053543895, -18.383860145 ], [ -40.053560187, -18.383869349 ], [ -40.053607714, -18.383899031 ], [ -40.053697717, -18.38395354 ] ] } },
{ "type": "Feature", "properties": { "Field": "001", "Length": 376.62898162396772 }, "geometry": { "type": "LineString", "coordinates": [ [ -40.053690733997925, -18.384033940003498 ], [ -40.053659981, -18.384085697 ], [ -40.05363782, -18.384125622 ], [ -40.053633295, -18.384133559 ], [ -40.053623904, -18.384149252 ], [ -40.053606168, -18.384181188 ], [ -40.053596895, -18.384196945 ], [ -40.053592431, -18.384204914 ], [ -40.053561643, -18.384260928 ], [ -40.053557374, -18.384268994 ], [ -40.053541539, -18.384301828 ], [ -40.053537338, -18.384309926 ], [ -40.053532661, -18.384317782 ], [ -40.053518075, -18.384341043 ], [ -40.05351314, -18.384348755 ], [ -40.05349795, -18.38437166 ], [ -40.053446035, -18.384457827 ], [ -40.052935354011453, -18.385360024502823 ], [ -40.052902483, -18.385420098 ], [ -40.052853299, -18.385507714 ], [ -40.052831513, -18.385547826 ], [ -40.052808088, -18.385587087 ], [ -40.052785697, -18.385626894 ], [ -40.052771306, -18.385650265 ], [ -40.052766654, -18.385658135 ], [ -40.05275825, -18.38567433 ], [ -40.052744797, -18.385698204 ], [ -40.052727338, -18.385730279 ], [ -40.052689693, -18.385793007 ], [ -40.052667695, -18.385833014 ], [ -40.05262638300001, -18.385904142 ], [ -40.052599785, -18.385952049 ], [ -40.05256754700001, -18.386007315 ], [ -40.052563045, -18.386015264 ], [ -40.052554517, -18.3860314 ], [ -40.052549954, -18.386039318 ], [ -40.052526446, -18.386078534 ], [ -40.052425045, -18.386262461 ], [ -40.052411573, -18.386286326 ], [ -40.052402896, -18.386302389 ], [ -40.052398221, -18.386310247 ], [ -40.052369502, -18.386357024 ], [ -40.052356341, -18.386381047 ], [ -40.052351818, -18.386388986 ], [ -40.052287329626431, -18.386500844031971 ], [ -40.052027104731479, -18.386960785864961 ], [ -40.052013781, -18.386984727 ], [ -40.051990270078761, -18.387024872865506 ] ] } },
{ "type": "Feature", "properties": { "Field": "001", "Length": 376.3828394130677 }, "geometry": { "type": "LineString", "coordinates": [ [ -40.053680111, -18.384024283 ], [ -40.053663398, -18.384051139 ], [ -40.053658684, -18.384058975 ], [ -40.053626945, -18.384114504 ], [ -40.053574246, -18.384210567 ], [ -40.053520342, -18.384306021 ], [ -40.053511105, -18.384321796 ], [ -40.053431318, -18.384455208 ], [ -40.053422047, -18.384470965 ], [ -40.053391022, -18.38452686 ], [ -40.053361096, -18.384583298 ], [ -40.053356703, -18.384591302 ], [ -40.053320243, -18.384654664999989 ], [ -40.053280534, -18.38472662 ], [ -40.053216294, -18.384837277 ], [ -40.053158025, -18.38494075 ], [ -40.053144021, -18.384964331 ], [ -40.05313526, -18.384980352 ], [ -40.053131112, -18.384988473 ], [ -40.053127208, -18.384996705 ], [ -40.053123104, -18.385004844 ], [ -40.053118634, -18.385012809 ], [ -40.053104851, -18.385036512 ], [ -40.053087385, -18.385068581 ], [ -40.053082778, -18.385076474 ], [ -40.053068422, -18.385099864 ], [ -40.053053484, -18.385122918 ], [ -40.053044492, -18.385138817 ], [ -40.053020695, -18.385177873 ], [ -40.053016055, -18.385185748 ], [ -40.052985274, -18.385241764 ], [ -40.052961926, -18.385281067 ], [ -40.052957404, -18.385289005 ], [ -40.052936151, -18.385329375 ], [ -40.052900231, -18.385393019 ], [ -40.05286973, -18.385449175 ], [ -40.052838135, -18.385504778 ], [ -40.05282055, -18.385536788 ], [ -40.052792605, -18.385583991 ], [ -40.052711972, -18.385727286 ], [ -40.052665928, -18.385806241 ], [ -40.052630602, -18.385870187 ], [ -40.05255711, -18.385996611 ], [ -40.052530628, -18.386044577 ], [ -40.052507621, -18.386084062 ], [ -40.052476951, -18.386140135 ], [ -40.052472448, -18.386148083 ], [ -40.052458564, -18.386171731 ], [ -40.052399977, -18.386275041 ], [ -40.052378218, -18.386315164 ], [ -40.05235492300001, -18.386354495 ], [ -40.052291389, -18.386465523 ], [ -40.052268023, -18.386504816 ], [ -40.052034281, -18.386918222 ], [ -40.051989597, -18.386997888 ], [ -40.051980716, -18.387013292 ] ] } },
{ "type": "Feature", "properties": { "Field": "000", "Length": 193.33278120633904 }, "geometry": { "type": "LineString", "coordinates": [ [ -40.052113777219574, -18.383051532128118 ], [ -40.052234508, -18.383121979 ], [ -40.052316469, -18.383167183 ], [ -40.05235664, -18.383191071 ], [ -40.052429648, -18.38323298 ], [ -40.052493509, -18.383271829 ], [ -40.05255827, -18.383309295 ], [ -40.052566381, -18.383313952 ], [ -40.052591064, -18.383327356 ], [ -40.05259921, -18.383331957 ], [ -40.052631579, -18.383350709 ], [ -40.052705201, -18.383391628 ], [ -40.052785788, -18.383439029 ], [ -40.052875403, -18.383489638 ], [ -40.052883439, -18.383494414 ], [ -40.052923226, -18.383518883 ], [ -40.052963591, -18.383542473 ], [ -40.053053231, -18.383593042 ], [ -40.053150186, -18.383649535 ], [ -40.053199124, -18.383677047 ], [ -40.053231357, -18.383696011 ], [ -40.053271887, -18.383719341 ], [ -40.053312642, -18.383742313 ], [ -40.053320672, -18.383747098 ], [ -40.053408299, -18.383800787 ], [ -40.053416393, -18.383805472 ], [ -40.053530575, -18.383869681 ], [ -40.053677707394179, -18.383958399634704 ] ] } },
{ "type": "Feature", "properties": { "Field": "001", "Length": 376.15789048716056 }, "geometry": { "type": "LineString", "coordinates": [ [ -40.0536693, -18.384014455 ], [ -40.053649813, -18.384046613 ], [ -40.053645256, -18.384054534 ], [ -40.053564665, -18.38419785 ], [ -40.053536656, -18.384245019 ], [ -40.053510321, -18.384293058 ], [ -40.053492175, -18.384324783 ], [ -40.053408031, -18.384466226 ], [ -40.053385997, -18.384506214 ], [ -40.053365247, -18.384546824 ], [ -40.053352227, -18.384570917 ], [ -40.053311011, -18.384642096 ], [ -40.053266429, -18.384721813 ], [ -40.053206748, -18.38482455 ], [ -40.053153577, -18.384920378 ], [ -40.053135012, -18.384951881 ], [ -40.05313062, -18.384959886 ], [ -40.053122117, -18.384976035 ], [ -40.053114825, -18.384992713 ], [ -40.053110548, -18.385000775 ], [ -40.053092191, -18.38503239 ], [ -40.053074888, -18.385064541 ], [ -40.053060702, -18.385088024 ], [ -40.053055828, -18.385095772 ], [ -40.053045744, -18.385111068 ], [ -40.053040855, -18.385118806 ], [ -40.053027047, -18.385142495 ], [ -40.053007376, -18.385173382 ], [ -40.052966429, -18.385244702 ], [ -40.052947567, -18.385276045 ], [ -40.052917933, -18.385332624 ], [ -40.052864844, -18.385428493 ], [ -40.052828294, -18.385491809 ], [ -40.052720334, -18.385682638 ], [ -40.052656454, -18.385793485 ], [ -40.052630506, -18.385841716 ], [ -40.052575867, -18.385936788 ], [ -40.052557024, -18.385968141 ], [ -40.05252631, -18.386024193 ], [ -40.052503137, -18.386063591 ], [ -40.052463582, -18.386135624 ], [ -40.052385752, -18.386270086 ], [ -40.052359615, -18.386318224 ], [ -40.052313744, -18.386397273 ], [ -40.052296055, -18.386429233 ], [ -40.052253993, -18.38649996 ], [ -40.052211164469441, -18.386575447979585 ], [ -40.052024641, -18.386905423 ], [ -40.051971089297915, -18.387001623464837 ] ] } },
{ "type": "Feature", "properties": { "Field": "001", "Length": 375.90003369918793 }, "geometry": { "type": "LineString", "coordinates": [ [ -40.053658896889985, -18.384004997179957 ], [ -40.053635566, -18.384043159 ], [ -40.053554119, -18.384186033 ], [ -40.053525918, -18.384233098 ], [ -40.053471926, -18.384328505 ], [ -40.053411104, -18.38443063 ], [ -40.053388626, -18.384470393 ], [ -40.053350581, -18.384543164 ], [ -40.05331478, -18.384606869 ], [ -40.053291709, -18.384646321 ], [ -40.053261016, -18.384702383 ], [ -40.053191891, -18.384820786 ], [ -40.05312915, -18.384932224 ], [ -40.053105742, -18.384971495 ], [ -40.053101255, -18.384979452 ], [ -40.053097472, -18.384987736 ], [ -40.053080164, -18.385019885 ], [ -40.05306375, -18.385052459 ], [ -40.05305949000001, -18.385060529 ], [ -40.053050026, -18.385076182 ], [ -40.05304564, -18.385084191 ], [ -40.053030925, -18.385107377 ], [ -40.053012478, -18.385138944 ], [ -40.053002226, -18.385154138 ], [ -40.052988023, -18.385177614 ], [ -40.052951477, -18.385240932 ], [ -40.052929312, -18.385280855 ], [ -40.05290855, -18.38532146 ], [ -40.052890206, -18.385353081 ], [ -40.052872822, -18.385385194 ], [ -40.05284039, -18.385440356 ], [ -40.052818318, -18.385480326 ], [ -40.052763646, -18.38557538 ], [ -40.052710198, -18.385671068 ], [ -40.052646064, -18.38578178 ], [ -40.052606513, -18.385853816 ], [ -40.05256994, -18.38591712 ], [ -40.052546048, -18.385956125 ], [ -40.05251879, -18.386003693 ], [ -40.052484534, -18.386068167 ], [ -40.052453388, -18.386124001 ], [ -40.052388345, -18.38623423 ], [ -40.052285558, -18.386417454 ], [ -40.052184939, -18.386591518 ], [ -40.05202193250048, -18.386882294500126 ], [ -40.052014839, -18.386894037 ], [ -40.051961413, -18.386989894 ] ] } },
{ "type": "Feature", "properties": { "Field": "001", "Length": 375.63756380925173 }, "geometry": { "type": "LineString", "coordinates": [ [ -40.05364828188862, -18.383995347175876 ], [ -40.053628944, -18.384025885 ], [ -40.053610353, -18.384057375 ], [ -40.053546883, -18.384168435 ], [ -40.053542288, -18.384176336 ], [ -40.053513973, -18.384223338 ], [ -40.053477872, -18.384286888 ], [ -40.053455938, -18.384326926 ], [ -40.05339079, -18.384437097 ], [ -40.05338186, -18.384453034 ], [ -40.053377557, -18.384461083 ], [ -40.053365684, -18.38448571 ], [ -40.053348744, -18.384518037 ], [ -40.053289486, -18.384620997 ], [ -40.053245493, -18.384701013 ], [ -40.053240992, -18.384708962 ], [ -40.053212698, -18.384755975 ], [ -40.053190215, -18.384795736 ], [ -40.05314868, -18.384866745 ], [ -40.053122282, -18.384914753 ], [ -40.053095123, -18.384962373 ], [ -40.053082188, -18.384986507 ], [ -40.053068263, -18.385010134 ], [ -40.053063779, -18.385018093 ], [ -40.053060014, -18.385026384 ], [ -40.053056695, -18.385034846 ], [ -40.053052202, -18.3850428 ], [ -40.053037724, -18.385066122 ], [ -40.053015267, -18.385105896 ], [ -40.053010629, -18.385113773 ], [ -40.052995867, -18.385136932 ], [ -40.052977332, -18.385168452 ], [ -40.052936857, -18.385240018 ], [ -40.052893557, -18.385320376 ], [ -40.052779231, -18.385518183 ], [ -40.052689848, -18.385677507 ], [ -40.052643497, -18.385756299 ], [ -40.052604288, -18.385828505 ], [ -40.052599831, -18.385836477 ], [ -40.052539112, -18.385938658 ], [ -40.052503541, -18.38600248 ], [ -40.052482652, -18.386043025 ], [ -40.052464947, -18.386074977 ], [ -40.052368342, -18.386240831999988 ], [ -40.052337266, -18.386296701 ], [ -40.052300729, -18.386360024 ], [ -40.052270018, -18.386416077 ], [ -40.052196345, -18.386542406 ], [ -40.052169439, -18.386590157 ], [ -40.05215224, -18.386622359 ], [ -40.052083363, -18.386740895 ], [ -40.052078852, -18.386748839 ], [ -40.052022506, -18.386853279 ], [ -40.052018073, -18.386861263 ], [ -40.051999534, -18.386892782 ], [ -40.051951397, -18.386977754 ] ] } },
{ "type": "Feature", "properties": { "Field": "000", "Length": 189.61600951929827 }, "geometry": { "type": "LineString", "coordinates": [ [ -40.053643347961398, -18.383954813384406 ], [ -40.053594933, -18.383926117 ], [ -40.053539469, -18.383891511 ], [ -40.053482838, -18.383858672 ], [ -40.053433842, -18.383831253 ], [ -40.053313753, -18.383758937 ], [ -40.05328106, -18.383740704 ], [ -40.053216423, -18.383703044 ], [ -40.053167205, -18.383675989 ], [ -40.053021855, -18.383591121 ], [ -40.052980972, -18.383568357 ], [ -40.052876493, -18.383506296 ], [ -40.052795034, -18.383460273 ], [ -40.052706356, -18.383408179 ], [ -40.052648803, -18.383376837 ], [ -40.052584215, -18.383339098 ], [ -40.052478551, -18.383278893 ], [ -40.052422364, -18.383245367 ], [ -40.052268876, -18.383155882 ], [ -40.052228002, -18.383133106 ], [ -40.052170182, -18.383102214 ], [ -40.052129986, -18.383078361999988 ], [ -40.052108662223148, -18.383066712121906 ] ] } },
{ "type": "Feature", "properties": { "Field": "001", "Length": 375.33082176493116 }, "geometry": { "type": "LineString", "coordinates": [ [ -40.053636324822307, -18.383985516287812 ], [ -40.053612539, -18.384024041 ], [ -40.053607914, -18.384031926 ], [ -40.053521833, -18.38418268 ], [ -40.053475496, -18.38426148 ], [ -40.053431206, -18.384341346 ], [ -40.053390128, -18.384412598 ], [ -40.053385854, -18.384420661 ], [ -40.053365248, -18.384461338 ], [ -40.053343208, -18.384501323 ], [ -40.05330149, -18.384572235 ], [ -40.053229522, -18.384699457 ], [ -40.053205885, -18.384738602 ], [ -40.053201264, -18.384746489 ], [ -40.053146588, -18.384841541 ], [ -40.053111347, -18.38490553 ], [ -40.053061431, -18.384992768 ], [ -40.053028589, -18.385047708 ], [ -40.05302402, -18.385055622 ], [ -40.05301952, -18.385063573 ], [ -40.053011388, -18.385079893 ], [ -40.053007021, -18.385087911 ], [ -40.052961391, -18.385167086 ], [ -40.052956979, -18.385175081 ], [ -40.052891956, -18.385295584 ], [ -40.052887408, -18.38530351 ], [ -40.052859478, -18.385350721 ], [ -40.052819119, -18.385422347 ], [ -40.052763968, -18.385517149 ], [ -40.052674809, -18.385676587 ], [ -40.052636986, -18.385739217 ], [ -40.052632477, -18.385747163 ], [ -40.052588573, -18.385827223 ], [ -40.05252347, -18.385937419 ], [ -40.052518935, -18.385945351 ], [ -40.052505516, -18.385969244 ], [ -40.052501199, -18.385977286 ], [ -40.05247577, -18.386025768 ], [ -40.052444608, -18.386081594 ], [ -40.052312226, -18.386311174 ], [ -40.052227335, -18.386462543 ], [ -40.052171949, -18.386557221 ], [ -40.05214136, -18.386613334 ], [ -40.052136772, -18.386621238 ], [ -40.052099142, -18.386683975 ], [ -40.05209459, -18.386691899 ], [ -40.052063268, -18.386747643 ], [ -40.052059025, -18.386755721 ], [ -40.052034274, -18.386804522 ], [ -40.052029853, -18.386812513 ], [ -40.051961315, -18.386931228 ], [ -40.051941884, -18.386966223 ] ] } },
{ "type": "Feature", "properties": { "Field": "001", "Length": 358.04963309137622 }, "geometry": { "type": "LineString", "coordinates": [ [ -40.053625914708618, -18.3842053486574 ], [ -40.053581455, -18.384284681 ], [ -40.053556437, -18.384333358 ], [ -40.053517143370073, -18.384399626088321 ], [ -40.052926642503287, -18.385435089500827 ], [ -40.052908887, -18.385467015 ], [ -40.052896881, -18.385491582 ], [ -40.052872653, -18.385530395 ], [ -40.052859967, -18.385554649 ], [ -40.052845208, -18.385577809 ], [ -40.052814219, -18.385633721 ], [ -40.052799472, -18.385656888 ], [ -40.052756804, -18.385737554 ], [ -40.052752425, -18.385745566 ], [ -40.052722333, -18.385791549 ], [ -40.05270822, -18.385815075 ], [ -40.052690491, -18.385847014 ], [ -40.052678012, -18.385871366 ], [ -40.052659533000011, -18.385902915 ], [ -40.052643116, -18.385935487 ], [ -40.0526339, -18.385951274 ], [ -40.052619543, -18.385974663 ], [ -40.052601068, -18.386006216 ], [ -40.052565173, -18.386069871 ], [ -40.052560404, -18.386077675 ], [ -40.052550425, -18.386093034 ], [ -40.052545599, -18.386100808 ], [ -40.05253629, -18.386116544 ], [ -40.052514335, -18.386156572 ], [ -40.052505681, -18.386172646 ], [ -40.052493118, -18.386196959 ], [ -40.052485181, -18.386213367 ], [ -40.052481059, -18.3862215 ], [ -40.052467793, -18.386245469 ], [ -40.052453536, -18.386268912 ], [ -40.052449054, -18.386276871 ], [ -40.05242786, -18.386317267 ], [ -40.05242314, -18.386325097 ], [ -40.052403171, -18.386355808 ], [ -40.052398373, -18.386363596 ], [ -40.052393881, -18.386371549 ], [ -40.052385263, -18.386387641 ], [ -40.052380782, -18.386395601 ], [ -40.052362439, -18.386427222999988 ], [ -40.052349048, -18.386451129 ], [ -40.052339652, -18.386466818 ], [ -40.052326398, -18.386490793 ], [ -40.052321841, -18.386498713 ], [ -40.052284382, -18.386561544 ], [ -40.052009884242665, -18.387048647569404 ] ] } },
{ "type": "Feature", "properties": { "Field": "001", "Length": 374.33501266826943 }, "geometry": { "type": "LineString", "coordinates": [ [ -40.053621826999589, -18.383981330000669 ], [ -40.053588852, -18.384035662 ], [ -40.053517052, -18.38416297 ], [ -40.053457039, -18.38426553 ], [ -40.053413368, -18.384345706 ], [ -40.053368148, -18.384425095 ], [ -40.053346937, -18.384465487 ], [ -40.053328998, -18.384497319 ], [ -40.053305462, -18.384536519 ], [ -40.05325985, -18.384615704 ], [ -40.053215284, -18.384695429 ], [ -40.053187224, -18.38474257 ], [ -40.053132535, -18.384837615 ], [ -40.053097161, -18.384901537 ], [ -40.053092623, -18.384909468 ], [ -40.053042034, -18.384996351 ], [ -40.053027571, -18.385019682 ], [ -40.053013771, -18.385043376 ], [ -40.05298354, -18.385099665 ], [ -40.052965303, -18.385131342 ], [ -40.0529257, -18.385203352 ], [ -40.052895974, -18.385259886 ], [ -40.052891472, -18.385267835 ], [ -40.052854421, -18.385330885 ], [ -40.052791554, -18.385442259 ], [ -40.052731824, -18.38554497 ], [ -40.052687685, -18.385624912 ], [ -40.052637478, -18.385711997 ], [ -40.052623214, -18.385735439 ], [ -40.052618656, -18.385743359 ], [ -40.052569731, -18.385831108 ], [ -40.052514225, -18.385925721 ], [ -40.052491964, -18.385965594 ], [ -40.052470726, -18.386005973999989 ], [ -40.052466339, -18.386013981 ], [ -40.052426159, -18.386085699 ], [ -40.052298148, -18.386307261 ], [ -40.052222545, -18.386442876 ], [ -40.052167546, -18.386537759 ], [ -40.052132017, -18.386601602 ], [ -40.05210376, -18.386648635 ], [ -40.052071887, -18.386704093999988 ], [ -40.05204975, -18.386744031 ], [ -40.052045614, -18.386752159 ], [ -40.052037623, -18.386768544 ], [ -40.052024816, -18.386792741 ], [ -40.051984063, -18.386864162 ], [ -40.051960683, -18.386903448 ], [ -40.051932029105437, -18.386954277812958 ] ] } },
{ "type": "Feature", "properties": { "Field": "001", "Length": 373.33358539707729 }, "geometry": { "type": "LineString", "coordinates": [ [ -40.053606897, -18.383977018999989 ], [ -40.053551669, -18.38407125 ], [ -40.053534354, -18.384103395 ], [ -40.053493868, -18.384174955 ], [ -40.053456573, -18.384237873 ], [ -40.053426077, -18.384294032 ], [ -40.053377042, -18.384381724 ], [ -40.053330715, -18.384460529 ], [ -40.053277453, -18.38455631 ], [ -40.053245209, -18.384611573 ], [ -40.053205222, -18.384683388 ], [ -40.053181675, -18.384722582 ], [ -40.05315934, -18.384762418 ], [ -40.05312246, -18.384825559 ], [ -40.053100067, -18.384865366 ], [ -40.053078518, -18.384905595 ], [ -40.05307400400001, -18.384913538 ], [ -40.053037, -18.384976613 ], [ -40.053003438, -18.385031155 ], [ -40.052999017, -18.385039146 ], [ -40.052973699, -18.385087681 ], [ -40.052969346, -18.385095706 ], [ -40.052880903, -18.385255507 ], [ -40.052817013, -18.385366348 ], [ -40.052749717, -18.385485709 ], [ -40.052703913, -18.385564792 ], [ -40.052645745, -18.385668317 ], [ -40.052624078, -18.385708488 ], [ -40.052619576, -18.385716438 ], [ -40.052504758, -18.385913984 ], [ -40.052465441, -18.385986136 ], [ -40.052433596, -18.386041609 ], [ -40.052416115, -18.386073673 ], [ -40.052411621, -18.386081626 ], [ -40.052297479, -18.38627953 ], [ -40.052234345, -18.386390766 ], [ -40.052190179, -18.386470694 ], [ -40.052153594, -18.386533992 ], [ -40.052122567, -18.386589886 ], [ -40.052057909, -18.386700321 ], [ -40.052053526, -18.38670833 ], [ -40.052015212, -18.386780973 ], [ -40.052010782, -18.386788959 ], [ -40.051974638, -18.386852487 ], [ -40.051946396, -18.386899529 ], [ -40.051922206, -18.386942371 ] ] } },
{ "type": "Feature", "properties": { "Field": "001", "Length": 372.34725642807695 }, "geometry": { "type": "LineString", "coordinates": [ [ -40.053592729, -18.383972927999988 ], [ -40.053565909, -18.384020198 ], [ -40.053537796, -18.384067309999988 ], [ -40.053533287, -18.384075256 ], [ -40.053511388, -18.384115312 ], [ -40.053488267, -18.384154737 ], [ -40.05346145, -18.384202533 ], [ -40.053447393, -18.384226088 ], [ -40.053442899, -18.384234041 ], [ -40.05341677900001, -18.384282187 ], [ -40.053363082, -18.384377747 ], [ -40.053316801, -18.384456577 ], [ -40.053226652, -18.384615506 ], [ -40.053195663, -18.384671419 ], [ -40.053167811, -18.384718672 ], [ -40.053136681, -18.384774513 ], [ -40.053132112, -18.384782428 ], [ -40.053099503, -18.384837495 ], [ -40.053059643, -18.384909374 ], [ -40.053036896, -18.384948997 ], [ -40.052990091, -18.385027545 ], [ -40.052985712, -18.385035557 ], [ -40.052960694, -18.385084233 ], [ -40.052956295, -18.385092235 ], [ -40.052919895, -18.38515563 ], [ -40.05286676, -18.385251475 ], [ -40.052793886, -18.385378227 ], [ -40.052730957, -18.385489568 ], [ -40.052685003, -18.385568572 ], [ -40.052632518, -18.385664743 ], [ -40.052596579, -18.385728377 ], [ -40.052533032, -18.385839398 ], [ -40.052491028, -18.385910156 ], [ -40.052486535, -18.38591811 ], [ -40.052455935, -18.385974219 ], [ -40.052419454, -18.386037571 ], [ -40.052393345, -18.386085722 ], [ -40.052388789, -18.386093644 ], [ -40.05236538, -18.386132913 ], [ -40.052229349, -18.38637089 ], [ -40.052171737, -18.386474697 ], [ -40.052089339, -18.386617075 ], [ -40.052063035, -18.386665129 ], [ -40.052031195, -18.386720604 ], [ -40.051960409, -18.38684843 ], [ -40.051955781, -18.386856313 ], [ -40.051936728, -18.38688755 ], [ -40.051932127, -18.386895448 ], [ -40.051912365, -18.386930442 ] ] } },
{ "type": "Feature", "properties": { "Field": "000", "Length": 183.84713358483532 }, "geometry": { "type": "LineString", "coordinates": [ [ -40.053592255, -18.383941449 ], [ -40.053503879, -18.383887314 ], [ -40.053414526, -18.383836284 ], [ -40.053350633, -18.383797482 ], [ -40.053213495, -18.383717114 ], [ -40.053155635, -18.383686291 ], [ -40.053018699, -18.383605611 ], [ -40.05290498, -18.383540658 ], [ -40.05282465, -18.383492859 ], [ -40.05273513, -18.383442096 ], [ -40.052703112, -18.383422803 ], [ -40.052645416, -18.383391701 ], [ -40.052556105, -18.383340602 ], [ -40.052491755, -18.383302496 ], [ -40.052459125, -18.383284161 ], [ -40.052370825, -18.383231487 ], [ -40.052305724, -18.383194562 ], [ -40.052257614, -18.383165747 ], [ -40.052200248, -18.383134093 ], [ -40.052158866, -18.383112169 ], [ -40.052118413, -18.383088716 ], [ -40.0521037564396, -18.383081271223283 ] ] } },
{ "type": "Feature", "properties": { "Field": "001", "Length": 371.40140013508602 }, "geometry": { "type": "LineString", "coordinates": [ [ -40.053578971757624, -18.383968955421086 ], [ -40.053474356, -18.384150706 ], [ -40.053447899, -18.384198684 ], [ -40.053443338, -18.384206603 ], [ -40.053424567, -18.384237996 ], [ -40.053420033, -18.384245928 ], [ -40.053389137000011, -18.384301888 ], [ -40.053298428, -18.384460527 ], [ -40.05318653, -18.384659595 ], [ -40.053090293, -18.384825645 ], [ -40.053046043, -18.38490553 ], [ -40.053041503, -18.38491346 ], [ -40.052990478, -18.385000111 ], [ -40.052986016, -18.385008081 ], [ -40.052947166, -18.385080463 ], [ -40.052942731, -18.385088447 ], [ -40.052888372, -18.385183664 ], [ -40.052861814, -18.385231592 ], [ -40.052766057, -18.385397895 ], [ -40.052721668, -18.385477709999986 ], [ -40.052694156, -18.385525144 ], [ -40.052609968, -18.385676871 ], [ -40.052546135, -18.385787742 ], [ -40.05249988, -18.385866586 ], [ -40.052441549, -18.385970028 ], [ -40.052409385, -18.386025333 ], [ -40.052404988, -18.386033335 ], [ -40.052388074, -18.386065676 ], [ -40.052383608, -18.386073643 ], [ -40.052337039, -18.386152319 ], [ -40.052297003, -18.386224109 ], [ -40.052228375, -18.386342776 ], [ -40.052157523, -18.386470567 ], [ -40.052120804, -18.386533794 ], [ -40.052078653, -18.386604473 ], [ -40.052074205, -18.38661245 ], [ -40.052044418, -18.386668955 ], [ -40.05204, -18.386676948 ], [ -40.051994607, -18.386756247 ], [ -40.051937716, -18.386860417 ], [ -40.051933168, -18.386868342 ], [ -40.051902939, -18.386919017 ] ] } },
{ "type": "Feature", "properties": { "Field": "001", "Length": 370.46977304724538 }, "geometry": { "type": "LineString", "coordinates": [ [ -40.053565470983735, -18.383965057029759 ], [ -40.053530665, -18.384028743999988 ], [ -40.053526115, -18.384036669 ], [ -40.053483792, -18.384107253 ], [ -40.053460984, -18.384146844 ], [ -40.053438855, -18.384186785 ], [ -40.053415761, -18.384226223 ], [ -40.053358417, -18.384330167 ], [ -40.053280687, -18.38446468 ], [ -40.053236377, -18.384544536 ], [ -40.05316434, -18.384671722 ], [ -40.053108832, -18.384766334 ], [ -40.053058853, -18.384853539 ], [ -40.053032774, -18.384901705 ], [ -40.052992552, -18.384973400999989 ], [ -40.052960077, -18.385028539 ], [ -40.052955599, -18.385036501 ], [ -40.052938351, -18.38506868 ], [ -40.052933874, -18.385076642 ], [ -40.052906165, -18.385123972 ], [ -40.052816787, -18.385283298 ], [ -40.052784503, -18.385338539 ], [ -40.052748955, -18.385402372 ], [ -40.05268953, -18.385505244 ], [ -40.052636891, -18.385601339 ], [ -40.0525966, -18.385672999 ], [ -40.052522758, -18.385799237 ], [ -40.052455496, -18.385918616 ], [ -40.052405076, -18.386005588 ], [ -40.052369476, -18.386069396 ], [ -40.05231873, -18.386156196 ], [ -40.052274197, -18.386235938 ], [ -40.052214637, -18.386338739 ], [ -40.052179215, -18.386402637 ], [ -40.052153458, -18.386450961 ], [ -40.052149007, -18.386458937 ], [ -40.052112126, -18.386522078 ], [ -40.05208806, -18.386560984 ], [ -40.052069538, -18.38659251 ], [ -40.052065068, -18.386600476 ], [ -40.052052044, -18.386624567 ], [ -40.052047936, -18.386632709 ], [ -40.052040166, -18.38664919 ], [ -40.052036021, -18.386657315 ], [ -40.052031632, -18.386665321 ], [ -40.051972366, -18.386768277 ], [ -40.051941893, -18.386824447 ], [ -40.051919519, -18.386864264 ], [ -40.051914905, -18.386872154 ], [ -40.051893449, -18.386907514 ] ] } },
{ "type": "Feature", "properties": { "Field": "001", "Length": 369.47639133170406 }, "geometry": { "type": "LineString", "coordinates": [ [ -40.053550970000011, -18.38396087 ], [ -40.053516279, -18.384024615 ], [ -40.05351172, -18.384032534 ], [ -40.053483461, -18.384079567 ], [ -40.053478866, -18.384087467 ], [ -40.053429312, -18.384174893 ], [ -40.053406252, -18.384214351 ], [ -40.053348791, -18.384318234 ], [ -40.053289573, -18.384421215 ], [ -40.053227145, -18.384532813 ], [ -40.053194736, -18.384587987 ], [ -40.053149854, -18.384667551 ], [ -40.053049547, -18.384841778 ], [ -40.053014633, -18.384905929 ], [ -40.053010165, -18.384913896 ], [ -40.052950932, -18.385016869 ], [ -40.052929032, -18.385056924 ], [ -40.052892538, -18.38512027 ], [ -40.05287945, -18.385144329 ], [ -40.052852146, -18.385191871999989 ], [ -40.052794181, -18.385295501 ], [ -40.05273, -18.385406189 ], [ -40.052689857, -18.385477925 ], [ -40.052671272, -18.385509416 ], [ -40.052577763, -18.385676881 ], [ -40.05250015, -18.385811458 ], [ -40.052451153, -18.385899169 ], [ -40.052409936, -18.385970348 ], [ -40.052365223, -18.386049999 ], [ -40.052305226, -18.386152568 ], [ -40.052265188, -18.386224356 ], [ -40.052214573, -18.386311227 ], [ -40.052143559, -18.386438936 ], [ -40.052139024, -18.386446869 ], [ -40.052065219, -18.386573128 ], [ -40.052060791, -18.386581115 ], [ -40.052047941, -18.386605291 ], [ -40.052031599, -18.386637898 ], [ -40.052027257, -18.386645928 ], [ -40.051954344, -18.386772659 ], [ -40.051914215, -18.386844402 ], [ -40.051883708078989, -18.386895706867168 ] ] } },
{ "type": "Feature", "properties": { "Field": "000", "Length": 178.18729463878938 }, "geometry": { "type": "LineString", "coordinates": [ [ -40.053541937286752, -18.383928287561748 ], [ -40.05349398300001, -18.383898823 ], [ -40.05346122, -18.383880705 ], [ -40.053437409, -18.383865935 ], [ -40.053404965, -18.383847301 ], [ -40.053365255, -18.383822719 ], [ -40.053285023, -18.38377477 ], [ -40.053203744, -18.383728456 ], [ -40.053162474, -18.383706338 ], [ -40.053138539, -18.383691751 ], [ -40.053089629, -18.383664192 ], [ -40.053049575, -18.383640124 ], [ -40.052903662, -18.383556141 ], [ -40.052839628, -18.383517551 ], [ -40.052718013, -18.383447598 ], [ -40.052677235, -18.383424665 ], [ -40.052627705, -18.383398135 ], [ -40.052554484, -18.383356565 ], [ -40.05237774, -18.383251436 ], [ -40.052296486, -18.383205084 ], [ -40.052232093, -18.383167042 ], [ -40.052183106, -18.383139609 ], [ -40.052108985, -18.38309952 ], [ -40.05209927, -18.383094586 ] ] } },
{ "type": "Feature", "properties": { "Field": "001", "Length": 368.53143100068411 }, "geometry": { "type": "LineString", "coordinates": [ [ -40.053537063802828, -18.383956854362303 ], [ -40.053515465, -18.383996542 ], [ -40.053510956, -18.384004488 ], [ -40.053483071, -18.384051723 ], [ -40.05342434100001, -18.384154958 ], [ -40.053370451, -18.384250418 ], [ -40.053353013, -18.384282503 ], [ -40.053248821, -18.384465002 ], [ -40.053231253, -18.384497022 ], [ -40.053149048, -18.384639501 ], [ -40.053113745, -18.384703458 ], [ -40.053022291, -18.384861706 ], [ -40.053017848, -18.384869685 ], [ -40.05299625, -18.384909891 ], [ -40.052947328, -18.38499764 ], [ -40.052833766, -18.385195847 ], [ -40.052798715, -18.38525993 ], [ -40.052739463, -18.385362893 ], [ -40.052711399, -18.385410032 ], [ -40.052706884, -18.385417975 ], [ -40.052676573, -18.385474226 ], [ -40.05267211000001, -18.385482195 ], [ -40.05261696, -18.385576997 ], [ -40.052460383, -18.385855734 ], [ -40.052291775, -18.386148801 ], [ -40.052238083, -18.386244362 ], [ -40.052187102, -18.386331038 ], [ -40.052182573, -18.386338973 ], [ -40.052129466, -18.386434832 ], [ -40.052065341, -18.38654555 ], [ -40.052047718, -18.386577543 ], [ -40.052043676, -18.386585715 ], [ -40.052039994, -18.38659404 ], [ -40.052036067, -18.386602263 ], [ -40.052031887, -18.38661037 ], [ -40.052027568, -18.386618412 ], [ -40.052014172, -18.386642316 ], [ -40.051963487, -18.386729149 ], [ -40.051900242, -18.386840327 ], [ -40.051874271, -18.386884267 ] ] } },
{ "type": "Feature", "properties": { "Field": "001", "Length": 367.58599116470305 }, "geometry": { "type": "LineString", "coordinates": [ [ -40.053523344, -18.383952893 ], [ -40.053506191, -18.383984602 ], [ -40.053501704, -18.383992559 ], [ -40.053473739, -18.384039751 ], [ -40.053451533, -18.384079652 ], [ -40.053433152, -18.384111253 ], [ -40.053353862, -18.38425523 ], [ -40.053349358, -18.384263178 ], [ -40.053303072, -18.384342005 ], [ -40.053186126, -18.384548742 ], [ -40.053135629, -18.384635674 ], [ -40.053131131, -18.384643625 ], [ -40.053109244, -18.384683687 ], [ -40.053059833, -18.384771187 ], [ -40.053028078, -18.384826707 ], [ -40.053009346, -18.38485812 ], [ -40.053004839, -18.384866067 ], [ -40.052987898, -18.384898394 ], [ -40.052983531, -18.384906412 ], [ -40.052924548, -18.385009515 ], [ -40.052875798, -18.385097352 ], [ -40.052820483, -18.385192067 ], [ -40.052815978, -18.385200015 ], [ -40.052789791, -18.385248128 ], [ -40.052785306, -18.385256086 ], [ -40.052766808, -18.385287626 ], [ -40.052730998, -18.385351325 ], [ -40.052707759, -18.385390688 ], [ -40.052703237, -18.385398627 ], [ -40.052664061, -18.385470849 ], [ -40.052659587, -18.385478812 ], [ -40.052590136, -18.385597042 ], [ -40.052536105, -18.38569243 ], [ -40.052500949, -18.385756461 ], [ -40.052473571, -18.385803966 ], [ -40.05244706500001, -18.38585192 ], [ -40.052410399, -18.385915174 ], [ -40.052388192, -18.385955075 ], [ -40.05235552300001, -18.38601011 ], [ -40.052350959, -18.386018027 ], [ -40.052319903, -18.386073906 ], [ -40.052282991, -18.38613703 ], [ -40.052219889, -18.386248282 ], [ -40.052173313, -18.386326954 ], [ -40.052168772, -18.386334883 ], [ -40.052120454, -18.386422937 ], [ -40.052074658, -18.386502025 ], [ -40.052052862, -18.386542132 ], [ -40.052036107, -18.386574548 ], [ -40.052031781, -18.386582586 ], [ -40.051914566, -18.386789184 ], [ -40.051909979, -18.386797089 ], [ -40.051864749295142, -18.386872726506446 ] ] } },
{ "type": "Feature", "properties": { "Field": "001", "Length": 366.66369074549584 }, "geometry": { "type": "LineString", "coordinates": [ [ -40.053510178860328, -18.383949091241519 ], [ -40.053441785, -18.384067353 ], [ -40.053406981, -18.384131559 ], [ -40.0533843, -18.384171216 ], [ -40.053358628, -18.384219582 ], [ -40.053354219, -18.384227579 ], [ -40.053316988, -18.384290532 ], [ -40.053221833, -18.38445715 ], [ -40.053186157, -18.384520918 ], [ -40.053149186, -18.38458401 ], [ -40.053100271, -18.384671763 ], [ -40.053072876, -18.384719259 ], [ -40.053050912, -18.384759283 ], [ -40.053000365, -18.384846189 ], [ -40.052978463, -18.384886243 ], [ -40.05289295, -18.385037293 ], [ -40.052875454, -18.385069349 ], [ -40.052802392, -18.385196001 ], [ -40.052730663, -18.385323346 ], [ -40.052693802, -18.385386497 ], [ -40.05266325, -18.38544263 ], [ -40.052658775, -18.385450593 ], [ -40.052611907, -18.385529106 ], [ -40.052593709, -18.385560804 ], [ -40.052567373, -18.385608843 ], [ -40.052521981, -18.385688143 ], [ -40.052478267, -18.385768297 ], [ -40.052473809, -18.385776269 ], [ -40.052450789, -18.385815748 ], [ -40.052433273, -18.385847794 ], [ -40.052342045, -18.386006162 ], [ -40.052310797, -18.386061944 ], [ -40.052260381, -18.38614892 ], [ -40.052210863, -18.386236364 ], [ -40.05215996, -18.38632308 ], [ -40.052106989, -18.386419009 ], [ -40.052070289, -18.386482246 ], [ -40.052065809, -18.386490206 ], [ -40.052031623, -18.386554715 ], [ -40.052027246, -18.386562728 ], [ -40.05198157, -18.386641879 ], [ -40.051950678, -18.386697841 ], [ -40.0518555, -18.386861515 ] ] } },
{ "type": "Feature", "properties": { "Field": "001", "Length": 365.63869537579711 }, "geometry": { "type": "LineString", "coordinates": [ [ -40.053495629897235, -18.383944890175858 ], [ -40.053445138, -18.384031296 ], [ -40.053440642, -18.384039249 ], [ -40.053423558, -18.384071507 ], [ -40.053419171, -18.384079515 ], [ -40.053400809, -18.384111126 ], [ -40.053338981, -18.384223029 ], [ -40.053252418, -18.384373532 ], [ -40.053230393, -18.384413524 ], [ -40.053184661, -18.384492645 ], [ -40.053157899, -18.384540469 ], [ -40.053134605, -18.384579802 ], [ -40.053090024, -18.384659519 ], [ -40.05305727, -18.384714507 ], [ -40.053026437, -18.384770499 ], [ -40.053021929, -18.384778445 ], [ -40.052988996, -18.384833336 ], [ -40.052984405, -18.384841239 ], [ -40.052914381, -18.384969445 ], [ -40.052877832, -18.385032762 ], [ -40.05284694, -18.385088724 ], [ -40.052814818, -18.385144051 ], [ -40.052747752, -18.385263529 ], [ -40.052683347, -18.385374098 ], [ -40.052678819, -18.385382035 ], [ -40.052652439, -18.385430051 ], [ -40.05262500700001, -18.385477528 ], [ -40.052564597, -18.385579876 ], [ -40.052519824, -18.385659496 ], [ -40.05248583, -18.385724097 ], [ -40.052481449, -18.385732108 ], [ -40.052462972, -18.385763658 ], [ -40.052309812, -18.386033888 ], [ -40.052218037, -18.386191967 ], [ -40.052195757, -18.386231830999989 ], [ -40.052109262, -18.386382371 ], [ -40.052086862, -18.386422174 ], [ -40.052034518, -18.386518415 ], [ -40.051984416, -18.386605556 ], [ -40.051979931, -18.386613515 ], [ -40.051953749, -18.38666163 ], [ -40.051930749, -18.38670112 ], [ -40.051899717, -18.386757012 ], [ -40.051895196, -18.386764951 ], [ -40.051845074125509, -18.386848877789838 ] ] } },
{ "type": "Feature", "properties": { "Field": "000", "Length": 172.91810752140177 }, "geometry": { "type": "LineString", "coordinates": [ [ -40.053495379, -18.383916109 ], [ -40.053470646, -18.383901536 ], [ -40.053437692, -18.383883737 ], [ -40.053374101, -18.383844485 ], [ -40.053333753, -18.383820868 ], [ -40.053301941, -18.383801267 ], [ -40.053261594, -18.383777649 ], [ -40.053212456, -18.383750463 ], [ -40.053180586, -18.383730948 ], [ -40.05314806, -18.383712446 ], [ -40.053108178, -18.383688118 ], [ -40.053075804, -18.383669375 ], [ -40.05294521, -18.383596156 ], [ -40.052864807, -18.383548468 ], [ -40.05276737, -18.383492737 ], [ -40.052702936, -18.38345476 ], [ -40.052547168, -18.383368941 ], [ -40.052467784, -18.383319724 ], [ -40.05243523, -18.383301267 ], [ -40.052403286, -18.383281862 ], [ -40.05228204, -18.383211327 ], [ -40.05218453, -18.383155712 ], [ -40.052094631048668, -18.383108353025637 ] ] } },
{ "type": "Feature", "properties": { "Field": "001", "Length": 364.66380966417705 }, "geometry": { "type": "LineString", "coordinates": [ [ -40.053481834, -18.383940907 ], [ -40.053421819, -18.384042935 ], [ -40.053377158, -18.384122612 ], [ -40.053324744, -18.384218819 ], [ -40.053265481, -18.384321776 ], [ -40.053198279, -18.384441184 ], [ -40.053166176, -18.384496521 ], [ -40.053143898, -18.384536387 ], [ -40.053102311, -18.384607369 ], [ -40.053080147, -18.384647292 ], [ -40.053038675, -18.384718336 ], [ -40.052998282, -18.384789944 ], [ -40.052993721, -18.384797862 ], [ -40.052974952, -18.384829255 ], [ -40.052931481, -18.38490953 ], [ -40.052895964, -18.38497338 ], [ -40.052859551, -18.385036767 ], [ -40.052747387, -18.385235699 ], [ -40.05266482, -18.385377986 ], [ -40.052660285, -18.385385918 ], [ -40.052624852, -18.385449811 ], [ -40.052555229, -18.385567948 ], [ -40.052523721, -18.385623596 ], [ -40.052476046, -18.385711969 ], [ -40.052435887, -18.385783697 ], [ -40.052304709, -18.386013906 ], [ -40.052191025, -18.38621205 ], [ -40.052149565, -18.3862831 ], [ -40.052082116, -18.386402382 ], [ -40.052011648, -18.386530367 ], [ -40.051961392, -18.386617427 ], [ -40.051956928, -18.386625396 ], [ -40.051944095, -18.386649579 ], [ -40.05192086, -18.386688944 ], [ -40.05188103, -18.386760839 ], [ -40.051876508, -18.386768778 ], [ -40.051835270005249, -18.386836993991309 ] ] } },
{ "type": "Feature", "properties": { "Field": "001", "Length": 363.72854976322776 }, "geometry": { "type": "LineString", "coordinates": [ [ -40.05346809, -18.383936938 ], [ -40.053412941, -18.384031211 ], [ -40.053408426, -18.384039154 ], [ -40.053391548, -18.384071511 ], [ -40.053364555, -18.384119216 ], [ -40.053347617, -18.384151544 ], [ -40.053280113, -18.384270797 ], [ -40.053275569, -18.384278725 ], [ -40.053256921, -18.384310184 ], [ -40.053225725, -18.384365992 ], [ -40.053152402, -18.384492506 ], [ -40.053112097, -18.38456416 ], [ -40.053088801, -18.384603491 ], [ -40.053044287, -18.384683243 ], [ -40.053002729, -18.384754241 ], [ -40.052984776, -18.384786066 ], [ -40.05296108, -18.384825179 ], [ -40.052904655, -18.384929579 ], [ -40.052824089, -18.385072909 ], [ -40.052782841, -18.38514407 ], [ -40.052679157, -18.385326833 ], [ -40.052646986, -18.385382134 ], [ -40.052624872, -18.385422083 ], [ -40.052541877, -18.385564143 ], [ -40.052520085, -18.385604253 ], [ -40.052492564, -18.385651682 ], [ -40.052458176, -18.385716093 ], [ -40.052422573, -18.385779899 ], [ -40.052371831, -18.385866701 ], [ -40.052295199, -18.386001789 ], [ -40.052267574, -18.386049163 ], [ -40.052204966, -18.38616067 ], [ -40.052099872, -18.386342697 ], [ -40.051993772, -18.386534475 ], [ -40.051947563, -18.386613344 ], [ -40.05193019, -18.386645461 ], [ -40.051897991, -18.386700747 ], [ -40.051857972, -18.386772547 ], [ -40.051825877170096, -18.386825608718773 ] ] } },
{ "type": "Feature", "properties": { "Field": "001", "Length": 362.80503664440909 }, "geometry": { "type": "LineString", "coordinates": [ [ -40.053454888955713, -18.383933126074648 ], [ -40.053431803, -18.383972039 ], [ -40.053404645, -18.384019659 ], [ -40.053395082, -18.384035256 ], [ -40.053366092, -18.384092138 ], [ -40.053342971, -18.384131563 ], [ -40.053316603, -18.384179586 ], [ -40.053288721, -18.384226823 ], [ -40.053207821, -18.384369981 ], [ -40.053125453, -18.384512373 ], [ -40.053035717, -18.384671516 ], [ -40.052998466, -18.384734458 ], [ -40.052971673, -18.384782267 ], [ -40.052943963, -18.384829596 ], [ -40.052900588, -18.384909918 ], [ -40.052877856, -18.384949549 ], [ -40.052815727, -18.385061299 ], [ -40.052778544, -18.385124278 ], [ -40.052688752, -18.385283392 ], [ -40.052642314, -18.385362138 ], [ -40.05262011, -18.385402041 ], [ -40.052592317, -18.385449326 ], [ -40.052574496, -18.38548122 ], [ -40.052537229, -18.385544153 ], [ -40.052458248, -18.385688285 ], [ -40.052417873, -18.385759902 ], [ -40.052413362, -18.385767847 ], [ -40.05236712, -18.385846698 ], [ -40.052276974, -18.386005629 ], [ -40.052249284, -18.38605297 ], [ -40.052195828, -18.386148653 ], [ -40.052090756, -18.386330692 ], [ -40.052055194, -18.386394519 ], [ -40.052033928, -18.386434885 ], [ -40.051980543, -18.386530604 ], [ -40.051934557, -18.386609592 ], [ -40.051917022, -18.386641629 ], [ -40.051870623, -18.386720396 ], [ -40.051844236, -18.38676841 ], [ -40.05181649, -18.38681423 ] ] } },
{ "type": "Feature", "properties": { "Field": "001", "Length": 144.06522451353774 }, "geometry": { "type": "LineString", "coordinates": [ [ -40.05345550256591, -18.384535937895635 ], [ -40.053450350500249, -18.384544183500065 ], [ -40.053154204000869, -18.385059301000236 ], [ -40.0530377, -18.385266109 ], [ -40.053017636, -18.385296763 ], [ -40.053013004, -18.385304641 ], [ -40.052999562, -18.385328522 ], [ -40.052974044, -18.385376961 ], [ -40.052956146, -18.385408813 ], [ -40.052943542, -18.385433105 ], [ -40.05292993, -18.385456896 ], [ -40.052925669, -18.385464964 ], [ -40.052921626, -18.385473134 ], [ -40.052913973, -18.385489661 ], [ -40.052909419, -18.385497572 ], [ -40.052890046, -18.385528629 ], [ -40.05288537, -18.385536485 ], [ -40.052876582, -18.385552489 ], [ -40.05284458, -18.385607879 ], [ -40.052835817, -18.385623899 ], [ -40.052827504, -18.385640136 ], [ -40.052822805, -18.385647966 ], [ -40.052812861, -18.385663344 ], [ -40.052803809, -18.385679214 ] ] } },
{ "type": "Feature", "properties": { "Field": "001", "Length": 361.72862943851788 }, "geometry": { "type": "LineString", "coordinates": [ [ -40.051807525, -18.386801619 ], [ -40.051826991, -18.38676987 ], [ -40.051866981, -18.386698056 ], [ -40.051895319, -18.386651066 ], [ -40.051922399, -18.386603405 ], [ -40.051945763, -18.38656411 ], [ -40.051998954, -18.386468293 ], [ -40.052040001, -18.386397024 ], [ -40.052087695, -18.38630866 ], [ -40.052151255, -18.386197646 ], [ -40.052188242, -18.386134562 ], [ -40.05221035, -18.38609461 ], [ -40.052274042, -18.385983664 ], [ -40.052309569, -18.385919819 ], [ -40.052378871, -18.38580151 ], [ -40.052463926, -18.385650225 ], [ -40.052482391, -18.385618667 ], [ -40.052498798, -18.38558609 ], [ -40.052520759, -18.385546064 ], [ -40.052557798, -18.385483007 ], [ -40.052579929, -18.385443067 ], [ -40.052639061, -18.385340040999989 ], [ -40.052703971, -18.385229741 ], [ -40.052761663, -18.385125974 ], [ -40.052821626, -18.385023386 ], [ -40.052861374, -18.38495145 ], [ -40.052928854, -18.384832185 ], [ -40.052946167, -18.384800038 ], [ -40.052960569, -18.384776672 ], [ -40.052982247, -18.384736507 ], [ -40.053037303, -18.384641654 ], [ -40.05306396, -18.384593777 ], [ -40.053087396, -18.384554521 ], [ -40.053145415, -18.38445092 ], [ -40.053231962, -18.384300408 ], [ -40.053276213, -18.384220523 ], [ -40.053308949, -18.384165524 ], [ -40.053335739, -18.384117714 ], [ -40.053350493, -18.38409455 ], [ -40.053381299, -18.384038546 ], [ -40.053385421, -18.384030411 ], [ -40.053393249, -18.384013955 ], [ -40.053406227, -18.383989841 ], [ -40.053440976, -18.383929109 ] ] } },
{ "type": "Feature", "properties": { "Field": "000", "Length": 166.43217004201489 }, "geometry": { "type": "LineString", "coordinates": [ [ -40.053436929733031, -18.3839008208429 ], [ -40.053403796, -18.383881322 ], [ -40.053372697, -18.383860704 ], [ -40.053341058, -18.38384085 ], [ -40.053276581, -18.383802938 ], [ -40.053203209, -18.383761612 ], [ -40.053156174, -18.383731223 ], [ -40.053140039, -18.38372177 ], [ -40.053107582, -18.383703158 ], [ -40.053058096, -18.383676553 ], [ -40.052968752, -18.383625507 ], [ -40.052896415, -18.38358255 ], [ -40.052766582, -18.383508108 ], [ -40.052702105, -18.383470198 ], [ -40.052546629, -18.383383897 ], [ -40.052467524, -18.383334272 ], [ -40.052305108, -18.383241419 ], [ -40.052224477, -18.383194084 ], [ -40.052175544, -18.383166564 ], [ -40.052090447056543, -18.383120770030427 ] ] } },
{ "type": "Feature", "properties": { "Field": "001", "Length": 360.60468505572504 }, "geometry": { "type": "LineString", "coordinates": [ [ -40.053426805, -18.383925017 ], [ -40.053391774, -18.383988591 ], [ -40.053371699, -18.384029509 ], [ -40.053362859, -18.384045491 ], [ -40.053339869, -18.384084986 ], [ -40.053320773, -18.3841162 ], [ -40.053275071, -18.384195337 ], [ -40.053230297, -18.384274957 ], [ -40.053143929, -18.384425562 ], [ -40.053081426, -18.384537122 ], [ -40.052967136, -18.384734947 ], [ -40.052949958, -18.38476716 ], [ -40.052927045, -18.384806696 ], [ -40.052864935, -18.384918456 ], [ -40.052802016, -18.385029802 ], [ -40.052751137, -18.385116531 ], [ -40.052693554, -18.385220354 ], [ -40.0526101, -18.385362169 ], [ -40.052538253, -18.385489454 ], [ -40.052524216, -18.38551302 ], [ -40.05250217, -18.385553003 ], [ -40.052473301, -18.385609941 ], [ -40.052417905, -18.385704613 ], [ -40.052363767, -18.385799946 ], [ -40.052290291, -18.38592638 ], [ -40.05223623, -18.386021752 ], [ -40.052214314, -18.386061801 ], [ -40.052195446, -18.38609314 ], [ -40.052164641, -18.386149146 ], [ -40.052127244, -18.386212009 ], [ -40.052100782, -18.386259986 ], [ -40.052063922, -18.386323138 ], [ -40.052025487, -18.386395722 ], [ -40.05198389, -18.386466699 ], [ -40.05195753, -18.386514726 ], [ -40.051912258, -18.386594088999988 ], [ -40.051851779, -18.3866964 ], [ -40.051811887, -18.386768264 ], [ -40.051799310115314, -18.386789044809472 ] ] } },
{ "type": "Feature", "properties": { "Field": "001", "Length": 359.45278266906575 }, "geometry": { "type": "LineString", "coordinates": [ [ -40.053412011, -18.383920745 ], [ -40.053390501, -18.383960477 ], [ -40.053374008, -18.383993013 ], [ -40.05336105100001, -18.384017137 ], [ -40.053356535, -18.384025079 ], [ -40.053333413, -18.384064503 ], [ -40.053302162, -18.384120283 ], [ -40.053256255, -18.384199312 ], [ -40.053216324, -18.384271155 ], [ -40.053151926, -18.384381728 ], [ -40.053116736, -18.384445742 ], [ -40.053057363, -18.384548641 ], [ -40.053026328, -18.38460453 ], [ -40.053021783, -18.384612457 ], [ -40.052979981, -18.384683325 ], [ -40.052975471000011, -18.38469127 ], [ -40.052922701, -18.384787299 ], [ -40.052845335, -18.384922004 ], [ -40.052814428, -18.384977958 ], [ -40.052733008, -18.385120847 ], [ -40.052697512, -18.385184708 ], [ -40.052655944, -18.385255699 ], [ -40.052629106, -18.385303484 ], [ -40.052624523, -18.385311391 ], [ -40.052587145, -18.385374265 ], [ -40.052555548, -18.385429867 ], [ -40.052497885, -18.38553365 ], [ -40.052493634, -18.385541724 ], [ -40.052481334, -18.385566159 ], [ -40.052477084, -18.385574234 ], [ -40.052459594, -18.385606294 ], [ -40.052455026, -18.385614209 ], [ -40.052421937, -18.385669014 ], [ -40.052389577, -18.385724215 ], [ -40.052340566, -18.385811919 ], [ -40.052249051, -18.385970136 ], [ -40.052226561, -18.386009892 ], [ -40.052213795, -18.386034108 ], [ -40.052209363, -18.386042093 ], [ -40.052186313, -18.386081557 ], [ -40.052159868, -18.386129541 ], [ -40.05215534, -18.386137477 ], [ -40.052113583, -18.386208369 ], [ -40.052091363, -18.386248263 ], [ -40.052068333, -18.386287736 ], [ -40.052063852, -18.386295696 ], [ -40.052015869, -18.386383918 ], [ -40.052011364, -18.386391866 ], [ -40.051960611, -18.386478662 ], [ -40.051893378, -18.386598055 ], [ -40.051842734, -18.38668491 ], [ -40.051791070117702, -18.386776431791471 ] ] } },
{ "type": "Feature", "properties": { "Field": "001", "Length": 358.32782903151252 }, "geometry": { "type": "LineString", "coordinates": [ [ -40.05339821, -18.38391676 ], [ -40.053347061, -18.384013071 ], [ -40.05334252, -18.384021 ], [ -40.053323853, -18.384052449 ], [ -40.053288215, -18.384116237 ], [ -40.05324684, -18.384187332 ], [ -40.053206631, -18.384259034 ], [ -40.053156186, -18.384345994 ], [ -40.053088933, -18.384465376 ], [ -40.05303811200001, -18.384552136 ], [ -40.052993869, -18.384632026 ], [ -40.052961281, -18.384687103 ], [ -40.052956853, -18.38469509 ], [ -40.052922383, -18.384759461 ], [ -40.05289949, -18.384799007 ], [ -40.052877394, -18.384838965 ], [ -40.052872845, -18.384846889 ], [ -40.052831268, -18.384917877 ], [ -40.052804819, -18.38496586 ], [ -40.052768487, -18.385029289 ], [ -40.052706046, -18.385140881 ], [ -40.052646313, -18.38524359 ], [ -40.052619408, -18.385291341 ], [ -40.052582073, -18.385354238 ], [ -40.052559847, -18.38539413 ], [ -40.052532429, -18.385441613 ], [ -40.052514624, -18.385473515 ], [ -40.052489328, -18.38552206 ], [ -40.052445719, -18.385602267 ], [ -40.052441099, -18.385610155 ], [ -40.052403159, -18.385672721 ], [ -40.05239853, -18.385680603 ], [ -40.052371092, -18.385728077 ], [ -40.052335671, -18.385791975 ], [ -40.052331138, -18.385799909 ], [ -40.052257743, -18.385926385 ], [ -40.05214606, -18.386125564 ], [ -40.052095102, -18.386212251 ], [ -40.052068727, -18.38626027 ], [ -40.052041499, -18.386307854 ], [ -40.052006445, -18.386371936 ], [ -40.051951062, -18.386466614 ], [ -40.05187941, -18.386593998999988 ], [ -40.051815151, -18.386704646 ], [ -40.051793597, -18.386744872 ], [ -40.051782771, -18.386763728 ] ] } },
{ "type": "Feature", "properties": { "Field": "000", "Length": 160.5239721988826 }, "geometry": { "type": "LineString", "coordinates": [ [ -40.053387337443411, -18.383887849014705 ], [ -40.05330971, -18.383838712 ], [ -40.053301703, -18.383833896 ], [ -40.053228956, -18.383791573 ], [ -40.053140939, -18.383738469 ], [ -40.053132819, -18.383733829 ], [ -40.053042641, -18.383684139 ], [ -40.053034506, -18.383679519 ], [ -40.05296976, -18.38364203 ], [ -40.052929867, -18.383617719 ], [ -40.052921798, -18.383612997 ], [ -40.052767266, -18.383525166 ], [ -40.052719134, -18.38349639 ], [ -40.052654228, -18.383459153 ], [ -40.052540137, -18.383394797 ], [ -40.052532094, -18.383390035 ], [ -40.0524683, -18.383351086 ], [ -40.052460236, -18.383346356 ], [ -40.052297794, -18.383253544 ], [ -40.052176746, -18.383182701 ], [ -40.052127589, -18.383155549 ], [ -40.052119289, -18.383151207 ], [ -40.052110926, -18.383146974 ], [ -40.052102331, -18.383143212 ], [ -40.05208758308153, -18.383137375032259 ] ] } },
{ "type": "Feature", "properties": { "Field": "001", "Length": 357.10022107697409 }, "geometry": { "type": "LineString", "coordinates": [ [ -40.053383839817968, -18.383912610341874 ], [ -40.053353516, -18.383969561 ], [ -40.053317111, -18.384032953 ], [ -40.053277354, -18.384104885 ], [ -40.053208589, -18.384223479 ], [ -40.053136368, -18.38435057 ], [ -40.053099379, -18.384413654 ], [ -40.053059384, -18.384485465 ], [ -40.053016948, -18.384555988 ], [ -40.052986814, -18.384612325 ], [ -40.052946307, -18.384683875 ], [ -40.05292944, -18.384716237 ], [ -40.052893166, -18.384779698 ], [ -40.052862245, -18.384835645 ], [ -40.052802111, -18.384938142 ], [ -40.052721301, -18.385081346 ], [ -40.052697674, -18.385120497 ], [ -40.05266561, -18.385175855 ], [ -40.052612418, -18.385271672 ], [ -40.052584334, -18.3853188 ], [ -40.052543264, -18.385390056 ], [ -40.052508109, -18.385454088 ], [ -40.052478481, -18.38551067 ], [ -40.052450886, -18.385558061 ], [ -40.052416193, -18.385622322 ], [ -40.052387996, -18.385669389 ], [ -40.05229283300001, -18.385836003 ], [ -40.052255538, -18.385898922 ], [ -40.052211709, -18.385979019 ], [ -40.052175646, -18.386042589 ], [ -40.052152424, -18.386081961 ], [ -40.052126007, -18.38612996 ], [ -40.052078943, -18.386208366 ], [ -40.052049425, -18.386265001 ], [ -40.052022016, -18.38631249 ], [ -40.05199126, -18.38636852 ], [ -40.051927132, -18.386479236 ], [ -40.051860171, -18.386598769 ], [ -40.051823295, -18.386661912 ], [ -40.051790146, -18.386716684999989 ], [ -40.05177816, -18.386741262 ], [ -40.051773409, -18.386749397 ] ] } },
{ "type": "Feature", "properties": { "Field": "001", "Length": 355.8393224752374 }, "geometry": { "type": "LineString", "coordinates": [ [ -40.053370161, -18.383908661 ], [ -40.053348649, -18.383948391 ], [ -40.05328536, -18.384059546 ], [ -40.053258927, -18.384107536 ], [ -40.053086011, -18.384408653 ], [ -40.053045778, -18.384480343 ], [ -40.052999311, -18.384559073 ], [ -40.052964216, -18.384623135 ], [ -40.052941366, -18.384662705 ], [ -40.052915812, -18.384711127 ], [ -40.052857209, -18.384814428 ], [ -40.052788515, -18.38493306 ], [ -40.052757514, -18.384988968 ], [ -40.052707649, -18.385076232 ], [ -40.052661467, -18.385155115 ], [ -40.052639567, -18.385195171 ], [ -40.052603363, -18.385258668 ], [ -40.052565841, -18.385321464 ], [ -40.05253423100001, -18.38537706 ], [ -40.052503306, -18.385433005 ], [ -40.052473486, -18.385489494 ], [ -40.052436964, -18.385552826 ], [ -40.052406893, -18.385609193 ], [ -40.052355681, -18.385695744 ], [ -40.052306507, -18.385783365999988 ], [ -40.052233188, -18.385909882 ], [ -40.052189018, -18.385989809 ], [ -40.052116572, -18.386116784 ], [ -40.052112023, -18.386124709 ], [ -40.052070057, -18.386195487 ], [ -40.052036042, -18.386260078 ], [ -40.052017259, -18.386291464 ], [ -40.051954806, -18.386403049 ], [ -40.05192240600001, -18.386458229 ], [ -40.051864538, -18.386561908 ], [ -40.051814125, -18.386648885 ], [ -40.051776266, -18.386711495 ], [ -40.05176385601532, -18.38673477497127 ] ] } },
{ "type": "Feature", "properties": { "Field": "001", "Length": 354.65020867468047 }, "geometry": { "type": "LineString", "coordinates": [ [ -40.053356594, -18.383904743 ], [ -40.053312696, -18.383984286 ], [ -40.053271844, -18.384055656 ], [ -40.053249879, -18.384095678 ], [ -40.053226442, -18.384134933 ], [ -40.053172082, -18.38423015 ], [ -40.053113999, -18.384333719 ], [ -40.053067723, -18.384412551 ], [ -40.053031842, -18.384476215 ], [ -40.053003913, -18.384523427 ], [ -40.052972215, -18.384578977 ], [ -40.05296775, -18.384586945 ], [ -40.052950354, -18.384619051 ], [ -40.052918908, -18.384674731 ], [ -40.05290195, -18.384707049 ], [ -40.052870544, -18.38476275 ], [ -40.052833923, -18.384826029 ], [ -40.052802723, -18.384881835 ], [ -40.05276576, -18.384944932 ], [ -40.052698777, -18.385064452 ], [ -40.052648099, -18.385151288 ], [ -40.052626271, -18.385191379 ], [ -40.052603093, -18.385230774 ], [ -40.052576119, -18.385278489 ], [ -40.052534291, -18.385349342 ], [ -40.052498703, -18.385413156 ], [ -40.052464066, -18.385477444 ], [ -40.052418936, -18.385556881 ], [ -40.052388508, -18.385613074 ], [ -40.052333178, -18.38570778 ], [ -40.052288539, -18.385787469 ], [ -40.052237996, -18.385874377 ], [ -40.052233467, -18.385882312999989 ], [ -40.052207068, -18.38593032 ], [ -40.05215752, -18.38601775 ], [ -40.052152945, -18.386025661 ], [ -40.052124631, -18.386072663 ], [ -40.052120016, -18.386080553 ], [ -40.052097949, -18.386120525 ], [ -40.052061187, -18.386183729 ], [ -40.052047977, -18.386207728 ], [ -40.052031252, -18.386240158 ], [ -40.052026911, -18.386248188 ], [ -40.051998991, -18.386295405 ], [ -40.051945273, -18.386390954 ], [ -40.051895022, -18.386478016 ], [ -40.051859582, -18.386541905 ], [ -40.051818213, -18.386613004 ], [ -40.051795922, -18.386652862 ], [ -40.05175489011831, -18.386721050803374 ] ] } },
{ "type": "Feature", "properties": { "Field": "001", "Length": 353.4999888373377 }, "geometry": { "type": "LineString", "coordinates": [ [ -40.053343218, -18.383900881 ], [ -40.053303658, -18.383972391 ], [ -40.053267177, -18.384035743 ], [ -40.053240545, -18.384083633 ], [ -40.053235978, -18.384091549 ], [ -40.053212563, -18.384130815 ], [ -40.053091092, -18.384345488 ], [ -40.053003794, -18.384495604 ], [ -40.052963081, -18.384567047 ], [ -40.052897411, -18.384687229 ], [ -40.052820182, -18.384822006 ], [ -40.052789191, -18.384877917 ], [ -40.052752295, -18.38494105 ], [ -40.052608115, -18.385195368 ], [ -40.052525427, -18.385337592 ], [ -40.052520956, -18.385345557 ], [ -40.052512287, -18.385361624 ], [ -40.05249858, -18.385385366 ], [ -40.052464083, -18.385449723 ], [ -40.052459651, -18.385457708 ], [ -40.052414053, -18.385536901 ], [ -40.052370022, -18.385616896 ], [ -40.052324046, -18.385695889 ], [ -40.0522656, -18.385799271 ], [ -40.052228623, -18.38586236 ], [ -40.052224113, -18.385870306 ], [ -40.052193344, -18.385926329 ], [ -40.052148303, -18.386005812 ], [ -40.052143696, -18.386013706 ], [ -40.052105958, -18.386076384 ], [ -40.052101357, -18.386084282 ], [ -40.0520566, -18.38616391 ], [ -40.05205226, -18.386171941 ], [ -40.052031295, -18.386212451 ], [ -40.052022489, -18.386228449 ], [ -40.051985524, -18.386291545 ], [ -40.05192653, -18.386394643 ], [ -40.051908896, -18.38642663 ], [ -40.051881179, -18.386473956 ], [ -40.051876667, -18.3864819 ], [ -40.051845814, -18.386537882 ], [ -40.051804553, -18.386609038 ], [ -40.051791259, -18.386632993 ], [ -40.051786701, -18.386640914 ], [ -40.051746281076305, -18.386707872873593 ] ] } },
{ "type": "Feature", "properties": { "Field": "000", "Length": 154.6811870791154 }, "geometry": { "type": "LineString", "coordinates": [ [ -40.053341036299905, -18.383875738036185 ], [ -40.053316301, -18.383861715 ], [ -40.053292921, -18.383846329 ], [ -40.053197135, -18.383788046 ], [ -40.053124572, -18.383745437 ], [ -40.052985936, -18.383667448 ], [ -40.052914187, -18.383623602 ], [ -40.052848521, -18.383587599 ], [ -40.052621825, -18.383456516 ], [ -40.052572489, -18.383429659 ], [ -40.052492125, -18.383381911 ], [ -40.052452655, -18.38335698 ], [ -40.052378983, -18.383316143 ], [ -40.052265281, -18.383251163 ], [ -40.052176839, -18.383198705 ], [ -40.052127991, -18.383171047 ], [ -40.052102461, -18.383159177 ], [ -40.052088912235071, -18.38315190712613 ] ] } },
{ "type": "Feature", "properties": { "Field": "001", "Length": 352.31340795857795 }, "geometry": { "type": "LineString", "coordinates": [ [ -40.053329457832724, -18.383896907296872 ], [ -40.053231036, -18.384071588 ], [ -40.053212304, -18.384103001 ], [ -40.053207751, -18.384110924 ], [ -40.053140475, -18.384230295 ], [ -40.053049261, -18.384388669 ], [ -40.053027127, -18.384428608 ], [ -40.052980999, -18.384507519 ], [ -40.052945165, -18.384571207 ], [ -40.052888393000011, -18.384675436 ], [ -40.052883881, -18.384683379 ], [ -40.052815173, -18.384802004 ], [ -40.052779715, -18.384865884 ], [ -40.052733856, -18.384944938 ], [ -40.052608023, -18.385167632999988 ], [ -40.05252539, -18.385309886 ], [ -40.052468432, -18.385414022 ], [ -40.0524235, -18.38549356 ], [ -40.052395866, -18.38554093 ], [ -40.052356092, -18.385612853 ], [ -40.052305053, -18.385699497 ], [ -40.052251446, -18.385795103 ], [ -40.052164556, -18.385945434 ], [ -40.052133642, -18.386001386 ], [ -40.052069084, -18.386111874 ], [ -40.052064735, -18.3861199 ], [ -40.052035154, -18.386176504 ], [ -40.052013238, -18.386216552 ], [ -40.051948847, -18.386327129 ], [ -40.051904069, -18.386406746 ], [ -40.051853851, -18.386493827 ], [ -40.051831952, -18.386533883 ], [ -40.051827457, -18.386541836 ], [ -40.051777366, -18.386628982 ], [ -40.051748214, -18.386675515 ], [ -40.05173735, -18.386694202 ] ] } },
{ "type": "Feature", "properties": { "Field": "001", "Length": 351.15960477049254 }, "geometry": { "type": "LineString", "coordinates": [ [ -40.053315538, -18.383892888 ], [ -40.05329832, -18.383924564 ], [ -40.053193831, -18.384106908 ], [ -40.053135612, -18.384210407 ], [ -40.053039573, -18.384376562 ], [ -40.053004197, -18.384440482 ], [ -40.05294946, -18.384535503 ], [ -40.05287501, -18.384671698 ], [ -40.052810376, -18.384782145 ], [ -40.052675679, -18.385020811 ], [ -40.052616294000011, -18.385123705 ], [ -40.052580948, -18.385187641 ], [ -40.05252091, -18.385290188 ], [ -40.052464884, -18.385394784 ], [ -40.052436785, -18.385441904 ], [ -40.052409989, -18.385489711 ], [ -40.052382031, -18.385536907 ], [ -40.052355495, -18.385584846 ], [ -40.052318482, -18.385647916 ], [ -40.052264491, -18.385743325 ], [ -40.052168504, -18.385909507 ], [ -40.052114934, -18.386005132 ], [ -40.052077898, -18.38606819 ], [ -40.052055589, -18.38610804 ], [ -40.052030264, -18.386156572 ], [ -40.052003757, -18.386204526 ], [ -40.051944125, -18.386307289 ], [ -40.051853522, -18.386465984 ], [ -40.051813578, -18.386537821 ], [ -40.0517634, -18.386624922 ], [ -40.051728776093611, -18.386681077848159 ] ] } },
{ "type": "Feature", "properties": { "Field": "001", "Length": 350.00408217650647 }, "geometry": { "type": "LineString", "coordinates": [ [ -40.053301819716815, -18.383889146494319 ], [ -40.05321574, -18.384039405 ], [ -40.053125805, -18.384198445 ], [ -40.053097767, -18.384245598 ], [ -40.053048401, -18.38433312 ], [ -40.05302083, -18.384380524 ], [ -40.05298582, -18.384444628 ], [ -40.05291815, -18.384563795 ], [ -40.052874459, -18.384643961 ], [ -40.052796291, -18.384778244 ], [ -40.052692449, -18.384960925 ], [ -40.05265719, -18.385024905 ], [ -40.052606398, -18.385111681 ], [ -40.052567281, -18.385183932 ], [ -40.052520812, -18.385262661 ], [ -40.052459553, -18.385374849 ], [ -40.052422296, -18.385437788 ], [ -40.052395619, -18.385485655 ], [ -40.052367646, -18.385532844 ], [ -40.052336512, -18.385588683 ], [ -40.052304067, -18.385643839 ], [ -40.052209143, -18.385810577 ], [ -40.052171988, -18.385873571 ], [ -40.052145276, -18.385921421 ], [ -40.052112966, -18.385976649 ], [ -40.052077497, -18.386040523 ], [ -40.052063566, -18.386064147 ], [ -40.052029481, -18.386128704 ], [ -40.052002308, -18.386176317 ], [ -40.051980439, -18.386216388 ], [ -40.0519206, -18.386319042 ], [ -40.051867049, -18.386414676 ], [ -40.051775605, -18.386572931 ], [ -40.051749209, -18.38662094 ], [ -40.051720359085877, -18.386668193859329 ] ] } },
{ "type": "Feature", "properties": { "Field": "000", "Length": 148.7271045161568 }, "geometry": { "type": "LineString", "coordinates": [ [ -40.053294443659659, -18.383863550797663 ], [ -40.05323762, -18.383829766 ], [ -40.053198031, -18.383805006 ], [ -40.053060408, -18.383725398 ], [ -40.052970787, -18.383674797 ], [ -40.052914971, -18.383640711 ], [ -40.052841462, -18.383599606 ], [ -40.052777452, -18.383560981 ], [ -40.052736282, -18.383538695 ], [ -40.052590499, -18.383454506 ], [ -40.05255751, -18.383436768 ], [ -40.052476931, -18.383389352 ], [ -40.052445327, -18.383369447 ], [ -40.052396978, -18.383341001 ], [ -40.05235553, -18.383319188 ], [ -40.05232295, -18.383300773 ], [ -40.052153496, -18.383201572 ], [ -40.052104441, -18.38317425 ], [ -40.052090357, -18.383167703 ] ] } },
{ "type": "Feature", "properties": { "Field": "001", "Length": 348.87470478273752 }, "geometry": { "type": "LineString", "coordinates": [ [ -40.053287593856211, -18.383885474254729 ], [ -40.05323394, -18.383980529 ], [ -40.053215367, -18.384012028 ], [ -40.053006994, -18.384377032 ], [ -40.052958602, -18.384465049 ], [ -40.052935437, -18.384504451 ], [ -40.05289956, -18.384568117 ], [ -40.052869386, -18.384624435 ], [ -40.052795837, -18.38475083 ], [ -40.052710345, -18.384901891 ], [ -40.052664556, -18.384980982 ], [ -40.052629344, -18.385044985 ], [ -40.052587797, -18.385115989 ], [ -40.052552739, -18.38518007 ], [ -40.05250235, -18.385267059 ], [ -40.052467945, -18.385331462 ], [ -40.052449962, -18.385363272 ], [ -40.052445447, -18.385371215 ], [ -40.052399287, -18.385450109 ], [ -40.052386183, -18.385474161 ], [ -40.05233171, -18.38556932 ], [ -40.052280892, -18.385656081 ], [ -40.052186146, -18.385822912 ], [ -40.052117011, -18.38594131 ], [ -40.052054244, -18.386052735 ], [ -40.0520333, -18.386093254 ], [ -40.052006838, -18.38614123 ], [ -40.051902183, -18.386323488 ], [ -40.051848628, -18.386419121 ], [ -40.051765767, -18.386561253 ], [ -40.051712610222239, -18.386656332602485 ] ] } },
{ "type": "Feature", "properties": { "Field": "001", "Length": 347.69446453265789 }, "geometry": { "type": "LineString", "coordinates": [ [ -40.053273697, -18.383881887 ], [ -40.05323369, -18.383953166 ], [ -40.053192242, -18.384024223 ], [ -40.053152108, -18.384095963 ], [ -40.053092676, -18.384198831 ], [ -40.05301191400001, -18.38434206 ], [ -40.052984353, -18.384389468 ], [ -40.052953667, -18.384445533 ], [ -40.05292175, -18.384500968 ], [ -40.052832965, -18.384660596 ], [ -40.052828423, -18.384668525 ], [ -40.0528142, -18.384691989 ], [ -40.052786826, -18.384739497 ], [ -40.05275559, -18.384795284 ], [ -40.052732543, -18.384834749 ], [ -40.052697058, -18.384898615 ], [ -40.052651005, -18.384977566 ], [ -40.052615662, -18.385041504 ], [ -40.052569569, -18.385120434 ], [ -40.052565017, -18.385128358 ], [ -40.05253397, -18.385184241 ], [ -40.052510753, -18.385223615 ], [ -40.052506216, -18.385231546 ], [ -40.052463085, -18.385311988 ], [ -40.052380874, -18.385454464 ], [ -40.052326934, -18.385549898 ], [ -40.052253248, -18.385676221 ], [ -40.052248708, -18.38568415 ], [ -40.052226671, -18.385724138 ], [ -40.052149561, -18.385858977 ], [ -40.052107946, -18.385929944 ], [ -40.052058694, -18.386017526 ], [ -40.052054272, -18.386025516 ], [ -40.052028416, -18.386073792 ], [ -40.05197052, -18.386177457 ], [ -40.051883858, -18.386327908 ], [ -40.051879377, -18.386335868 ], [ -40.051862082, -18.386368025 ], [ -40.051830479, -18.386423623 ], [ -40.051775652, -18.386518597 ], [ -40.051743097, -18.386573692 ], [ -40.051716823, -18.386621763 ], [ -40.051712352, -18.386629728 ], [ -40.051704198331571, -18.386643456441735 ] ] } },
{ "type": "Feature", "properties": { "Field": "001", "Length": 346.48501262743764 }, "geometry": { "type": "LineString", "coordinates": [ [ -40.053259784, -18.383878296 ], [ -40.053251333, -18.38389395 ], [ -40.05324686, -18.383901914 ], [ -40.053182465, -18.384012489 ], [ -40.053142483, -18.384084306 ], [ -40.053101165, -18.384155431 ], [ -40.053056595, -18.384235154 ], [ -40.052970121, -18.384385704 ], [ -40.052947804, -18.38442555 ], [ -40.052921986, -18.384473844 ], [ -40.052859246, -18.384585282 ], [ -40.052828473, -18.384641304 ], [ -40.052823955, -18.384649245 ], [ -40.052772934, -18.384735898 ], [ -40.052741853, -18.384791764 ], [ -40.052646176, -18.384958109 ], [ -40.052587989, -18.385061624 ], [ -40.05255102, -18.385124717 ], [ -40.052524387, -18.385172607 ], [ -40.052492467, -18.38522804 ], [ -40.052488138, -18.385236077 ], [ -40.052475835, -18.385260511 ], [ -40.052471517, -18.385268552 ], [ -40.052399227, -18.385395608 ], [ -40.05236683, -18.385450788999989 ], [ -40.052317364, -18.38553826 ], [ -40.052244062, -18.385664786 ], [ -40.052212986, -18.385720655 ], [ -40.052208441, -18.385728582 ], [ -40.052185175, -18.38576793 ], [ -40.052180645, -18.385775865 ], [ -40.052149749, -18.385831824 ], [ -40.052145214, -18.385839757 ], [ -40.052089556, -18.385934288 ], [ -40.052058271, -18.385990051 ], [ -40.052053951, -18.385998092 ], [ -40.052033053, -18.386038633 ], [ -40.052028724, -18.386046669 ], [ -40.052019791, -18.386062604 ], [ -40.051965163, -18.386157682 ], [ -40.051916055, -18.386245337 ], [ -40.051870386, -18.386324491 ], [ -40.051816529, -18.386419969 ], [ -40.051695467, -18.386630091 ] ] } },
{ "type": "Feature", "properties": { "Field": "001", "Length": 345.27711805344404 }, "geometry": { "type": "LineString", "coordinates": [ [ -40.05324546580367, -18.383874599383276 ], [ -40.053241519, -18.383882304 ], [ -40.053237617, -18.383890537 ], [ -40.053233153, -18.383898506 ], [ -40.053181286, -18.3839847 ], [ -40.053149394, -18.384040149 ], [ -40.05312342, -18.384088366 ], [ -40.05308703, -18.384151766 ], [ -40.053015584, -18.384279255 ], [ -40.052955647, -18.384381856 ], [ -40.052912517, -18.384462298 ], [ -40.052908081, -18.384470281 ], [ -40.052813657, -18.384637277 ], [ -40.052771469, -18.384707935 ], [ -40.052709205, -18.384819617 ], [ -40.052653884, -18.384914328 ], [ -40.052573064, -18.385057527 ], [ -40.052536123, -18.385120636 ], [ -40.05249642, -18.385192594 ], [ -40.052462365, -18.385257166 ], [ -40.052457862, -18.385265115 ], [ -40.052388632, -18.385383463 ], [ -40.052261737, -18.385605608 ], [ -40.052233433, -18.385652616 ], [ -40.05222895, -18.385660576 ], [ -40.052202728, -18.385708671 ], [ -40.052166101, -18.385771947 ], [ -40.05213539, -18.385827999 ], [ -40.052066143, -18.385946338 ], [ -40.052061768, -18.385954351 ], [ -40.052027662, -18.386018899 ], [ -40.052023195, -18.386026866 ], [ -40.051954822, -18.386145667 ], [ -40.051901236, -18.386241284 ], [ -40.051859346, -18.386312104 ], [ -40.051854813, -18.386320037 ], [ -40.051778752, -18.386455419 ], [ -40.051732573, -18.386534303 ], [ -40.051686756212625, -18.386616757617347 ] ] } },
{ "type": "Feature", "properties": { "Field": "000", "Length": 142.44523495120399 }, "geometry": { "type": "LineString", "coordinates": [ [ -40.053244795, -18.383850564 ], [ -40.053212313, -18.38383057 ], [ -40.053196828, -18.383820174 ], [ -40.053148703, -18.383791383 ], [ -40.053091267, -18.383759844 ], [ -40.053059252, -18.383740547 ], [ -40.05296947, -18.383690207 ], [ -40.052881492, -18.383637044 ], [ -40.052637752, -18.383497948 ], [ -40.052597768, -18.383473774 ], [ -40.052532225, -18.383437568 ], [ -40.052436305, -18.383379487 ], [ -40.052379394, -18.383347093 ], [ -40.052305226, -18.383307083 ], [ -40.052135906, -18.383207673 ], [ -40.052091817, -18.383183665 ] ] } },
{ "type": "Feature", "properties": { "Field": "001", "Length": 344.02229156497492 }, "geometry": { "type": "LineString", "coordinates": [ [ -40.053231746985702, -18.383871058026113 ], [ -40.053218335, -18.383895551 ], [ -40.05316185, -18.383989634 ], [ -40.053139109, -18.38402926 ], [ -40.053108629, -18.384085428 ], [ -40.053010273, -18.384260666 ], [ -40.052941375, -18.38437919 ], [ -40.052902435, -18.384451528 ], [ -40.052866503, -18.384515166 ], [ -40.052802659, -18.384626031 ], [ -40.052760902, -18.384696923 ], [ -40.052671281, -18.384856125 ], [ -40.052638858, -18.384911292 ], [ -40.052548973, -18.385070358 ], [ -40.052521287, -18.3851177 ], [ -40.052456555, -18.385238346 ], [ -40.052355518, -18.385412188 ], [ -40.052265718, -18.385571298 ], [ -40.052233528, -18.38562659 ], [ -40.052209625, -18.385665588 ], [ -40.052119914, -18.385824744 ], [ -40.052078277, -18.385895699 ], [ -40.052055816, -18.385935472 ], [ -40.052026895, -18.385992386 ], [ -40.051922237, -18.386174642 ], [ -40.051900111, -18.386214585 ], [ -40.051826572, -18.386340985 ], [ -40.051768343, -18.386444479 ], [ -40.051726777, -18.386515473 ], [ -40.051704823, -18.386555502 ], [ -40.051677575049034, -18.386602703915052 ] ] } },
{ "type": "Feature", "properties": { "Field": "001", "Length": 342.73795972170075 }, "geometry": { "type": "LineString", "coordinates": [ [ -40.053216596, -18.383867147 ], [ -40.053199146, -18.383898704 ], [ -40.05311612, -18.384040747 ], [ -40.053018857, -18.38421654 ], [ -40.052954786, -18.384327286 ], [ -40.05288815, -18.384446983 ], [ -40.052833469, -18.384542033 ], [ -40.05279325, -18.38461373 ], [ -40.052742095, -18.384700311 ], [ -40.052689416, -18.384796385 ], [ -40.052638849, -18.384883281 ], [ -40.052602836, -18.384946877 ], [ -40.052583931, -18.384978195 ], [ -40.052553044, -18.38503416 ], [ -40.052511863, -18.385105357 ], [ -40.052447108, -18.385225991 ], [ -40.052359758, -18.38537608 ], [ -40.052233577, -18.385598596 ], [ -40.052200309, -18.385653303 ], [ -40.052177384, -18.385692832 ], [ -40.052142293, -18.385756896 ], [ -40.052059915, -18.385899283 ], [ -40.052013144, -18.385988095 ], [ -40.051840791, -18.386289507 ], [ -40.051813036, -18.386336812 ], [ -40.051768673, -18.386416641 ], [ -40.051731303, -18.38647952 ], [ -40.051668451111446, -18.386588737806324 ] ] } },
{ "type": "Feature", "properties": { "Field": "001", "Length": 341.46648097647829 }, "geometry": { "type": "LineString", "coordinates": [ [ -40.053201928, -18.383863361 ], [ -40.053179891, -18.383902823 ], [ -40.053110744, -18.384021215 ], [ -40.053106243, -18.384029164 ], [ -40.053017863, -18.384188997 ], [ -40.052982012, -18.384252676 ], [ -40.052931722, -18.384339717 ], [ -40.052874066, -18.384443503 ], [ -40.052828204, -18.384522556 ], [ -40.052778939, -18.38461013 ], [ -40.052737452, -18.384681166 ], [ -40.052675228, -18.384792867 ], [ -40.052578828, -18.38495883 ], [ -40.052543604, -18.385022827 ], [ -40.052493673, -18.385110056 ], [ -40.052428128, -18.385230302 ], [ -40.052423617, -18.385238246 ], [ -40.052354328, -18.385356563 ], [ -40.052296128, -18.385460071 ], [ -40.052254931, -18.385531261 ], [ -40.052219131, -18.385594965999989 ], [ -40.052172671, -18.3856737 ], [ -40.052168176, -18.385681652 ], [ -40.052146311, -18.385721726 ], [ -40.05214183, -18.385729686 ], [ -40.052055114, -18.38588011 ], [ -40.052050721, -18.385888114 ], [ -40.052020897, -18.385944602 ], [ -40.051994231, -18.385992475 ], [ -40.051934798, -18.386095343 ], [ -40.051885598, -18.386182951 ], [ -40.051817124, -18.386301699 ], [ -40.05175895, -18.386405221 ], [ -40.051659390042218, -18.386574867928061 ] ] } },
{ "type": "Feature", "properties": { "Field": "000", "Length": 136.28842890671916 }, "geometry": { "type": "LineString", "coordinates": [ [ -40.053196471, -18.383837924 ], [ -40.053123308, -18.383793849 ], [ -40.052969021, -18.383705625 ], [ -40.052929273, -18.383681098 ], [ -40.052848467, -18.383634037 ], [ -40.052556085, -18.383466953 ], [ -40.052475555, -18.383419463 ], [ -40.052419702, -18.383385432 ], [ -40.052370999, -18.383357541 ], [ -40.052280597, -18.383308224 ], [ -40.052240184, -18.383284709 ], [ -40.052192257, -18.383255617 ], [ -40.052119271, -18.383213673 ], [ -40.052093287, -18.383199734 ] ] } },
{ "type": "Feature", "properties": { "Field": "001", "Length": 340.20610496081002 }, "geometry": { "type": "LineString", "coordinates": [ [ -40.053189153938646, -18.383860063107079 ], [ -40.053112161, -18.383994434 ], [ -40.053079505, -18.384049475 ], [ -40.05305344, -18.384097647 ], [ -40.05300366, -18.384184955 ], [ -40.052986437, -18.384217145 ], [ -40.052981973, -18.384225113 ], [ -40.052882512, -18.384399781 ], [ -40.052865074, -18.384431866 ], [ -40.052860567, -18.384439813 ], [ -40.052783068, -18.384574448 ], [ -40.052724784, -18.384677914 ], [ -40.05270625, -18.384709434 ], [ -40.05266184, -18.384789239 ], [ -40.05256973, -18.38494714 ], [ -40.052521453, -18.385035213 ], [ -40.052481397, -18.385106994 ], [ -40.052453835, -18.385154401 ], [ -40.052418554, -18.385218369 ], [ -40.052340629, -18.385352781 ], [ -40.052268834, -18.385480091 ], [ -40.052168761, -18.385654442 ], [ -40.052124295, -18.385734218 ], [ -40.052092505, -18.38578972 ], [ -40.052059961, -18.385844822 ], [ -40.05203437, -18.385893224 ], [ -40.05201627, -18.385924972 ], [ -40.051999236, -18.385957253 ], [ -40.051976974, -18.385997126 ], [ -40.051930382, -18.38607578900001 ], [ -40.051835723000011, -18.386242663 ], [ -40.051803476, -18.386297924 ], [ -40.051722101, -18.386440836 ], [ -40.051707878, -18.3864643 ], [ -40.051703266, -18.386472191 ], [ -40.051666762, -18.386535532 ], [ -40.051661663, -18.386543137 ], [ -40.051649743, -18.386560101 ] ] } },
{ "type": "Feature", "properties": { "Field": "001", "Length": 339.1117536638863 }, "geometry": { "type": "LineString", "coordinates": [ [ -40.053175873981246, -18.383856635032235 ], [ -40.053070165, -18.384038347 ], [ -40.053039428, -18.384094386 ], [ -40.052998456, -18.384165694 ], [ -40.052967928, -18.384221838 ], [ -40.0529134, -18.384316967 ], [ -40.052859834, -18.384412595 ], [ -40.052750605, -18.384602763 ], [ -40.052710775, -18.384674659 ], [ -40.05266546, -18.384753999 ], [ -40.052610874, -18.384849098 ], [ -40.052564593, -18.384927928 ], [ -40.052528716, -18.384991595 ], [ -40.052467329, -18.385103718 ], [ -40.052430711, -18.385166998 ], [ -40.052408804, -18.385207051 ], [ -40.052326436, -18.385349443 ], [ -40.052199827, -18.385571738 ], [ -40.052177823, -18.385611742 ], [ -40.052163853, -18.385635345 ], [ -40.052146535, -18.385667489 ], [ -40.052109508, -18.385730553 ], [ -40.052082965, -18.385778488 ], [ -40.052064314, -18.385809946 ], [ -40.052033739, -18.385866066 ], [ -40.052010874, -18.385905628 ], [ -40.051989522, -18.385945953 ], [ -40.051967252, -18.385985822 ], [ -40.051925406, -18.386056666 ], [ -40.051848703, -18.386191717 ], [ -40.051671223, -18.386500752 ], [ -40.051642165, -18.386548501 ] ] } },
{ "type": "Feature", "properties": { "Field": "001", "Length": 337.91058751575082 }, "geometry": { "type": "LineString", "coordinates": [ [ -40.051634, -18.386536002 ], [ -40.05165207, -18.386503711 ], [ -40.05172577, -18.386377396 ], [ -40.051769867, -18.386297432 ], [ -40.05181657, -18.386218829 ], [ -40.051865663, -18.386131166 ], [ -40.05194802, -18.385988768 ], [ -40.052001301, -18.385892996 ], [ -40.052033571, -18.385837747 ], [ -40.052050836, -18.385805576 ], [ -40.05207805, -18.385757985 ], [ -40.052095239, -18.385725777 ], [ -40.052145412, -18.385638674 ], [ -40.052185052, -18.385566683 ], [ -40.052226097, -18.385495414 ], [ -40.052239125, -18.385471324 ], [ -40.052399312, -18.385194464 ], [ -40.052421066, -18.385154336 ], [ -40.052453042, -18.385098931 ], [ -40.052497587, -18.385019195 ], [ -40.052554527, -18.384915049 ], [ -40.052591488, -18.384851951 ], [ -40.052631969, -18.384780388 ], [ -40.052682797, -18.384693632 ], [ -40.052731969, -18.38460601 ], [ -40.052773256, -18.384534868 ], [ -40.052863702, -18.384376092 ], [ -40.05290361, -18.384304236 ], [ -40.052958289, -18.384209186 ], [ -40.052997406, -18.384136935 ], [ -40.053020647, -18.384097574 ], [ -40.053051542, -18.384041613 ], [ -40.053088566, -18.383978548 ], [ -40.053151612, -18.383867268 ], [ -40.053160157937654, -18.383852578107163 ] ] } },
{ "type": "Feature", "properties": { "Field": "000", "Length": 129.82524420340036 }, "geometry": { "type": "LineString", "coordinates": [ [ -40.053145633, -18.383825145 ], [ -40.053072459, -18.383780516 ], [ -40.052991142, -18.383734264 ], [ -40.052951291, -18.383709889 ], [ -40.05289479, -18.383676848 ], [ -40.052716449, -18.383574205 ], [ -40.052659203, -18.383542355 ], [ -40.052561899, -18.383486411 ], [ -40.052529991, -18.383466952 ], [ -40.052505588, -18.38345309 ], [ -40.052473991, -18.383433174 ], [ -40.052368972, -18.383371949 ], [ -40.052270313, -18.383318212 ], [ -40.052245973, -18.383304248 ], [ -40.052182103, -18.383265412 ], [ -40.052094878014366, -18.383217133007946 ] ] } },
{ "type": "Feature", "properties": { "Field": "001", "Length": 336.58585571510861 }, "geometry": { "type": "LineString", "coordinates": [ [ -40.053145052, -18.383848679 ], [ -40.053127825, -18.383880347 ], [ -40.053100367, -18.38392781 ], [ -40.053078306, -18.383967785 ], [ -40.05303708, -18.384038959 ], [ -40.053010558, -18.384086904 ], [ -40.053006025, -18.384094838 ], [ -40.052987259, -18.384126233 ], [ -40.052982681, -18.384134142 ], [ -40.0529385, -18.384214063 ], [ -40.052879772, -18.384317298999989 ], [ -40.052817507, -18.38442898 ], [ -40.052789885, -18.384476356 ], [ -40.052749572, -18.384548005 ], [ -40.052726273, -18.384587334 ], [ -40.052676719, -18.384674759 ], [ -40.052635199, -18.384745777 ], [ -40.052577004, -18.384849288 ], [ -40.052539827, -18.38491227 ], [ -40.05252198, -18.38494415 ], [ -40.052496599, -18.384992655 ], [ -40.052492237, -18.385000675 ], [ -40.052428614, -18.385111656 ], [ -40.052379862, -18.385199492 ], [ -40.05222395, -18.385468282 ], [ -40.052197465, -18.385516246 ], [ -40.052075974, -18.385730911 ], [ -40.052023396, -18.385827036 ], [ -40.052018884, -18.38583498 ], [ -40.05199076000001, -18.385882086 ], [ -40.051910453, -18.386025547 ], [ -40.051850863, -18.386128333 ], [ -40.05179716, -18.386223889 ], [ -40.0517551, -18.386294617 ], [ -40.051701605, -18.38639028 ], [ -40.051665076, -18.386453607 ], [ -40.051624414097134, -18.386521329838232 ] ] } },
{ "type": "Feature", "properties": { "Field": "001", "Length": 335.33342633428907 }, "geometry": { "type": "LineString", "coordinates": [ [ -40.053129774967161, -18.383844735070756 ], [ -40.053126134, -18.383852579 ], [ -40.053122582, -18.383860956 ], [ -40.053113389000011, -18.383876755 ], [ -40.053059651, -18.383972293 ], [ -40.053027009, -18.384027342 ], [ -40.052991741, -18.384091317 ], [ -40.052959252, -18.384146448 ], [ -40.052954816, -18.384154431 ], [ -40.052911495, -18.38423478 ], [ -40.052879531, -18.38429019 ], [ -40.052866468, -18.384314261 ], [ -40.052825546, -18.384385595 ], [ -40.052807971, -18.384417612 ], [ -40.052629975, -18.384726375 ], [ -40.052571917, -18.384829956 ], [ -40.0525348, -18.384892971 ], [ -40.05250815, -18.384940852 ], [ -40.052482684, -18.384989316 ], [ -40.052478209, -18.38499728 ], [ -40.05242775, -18.385084233 ], [ -40.052392408, -18.385148171 ], [ -40.052333654, -18.385251394 ], [ -40.05227812, -18.385345991 ], [ -40.052164725, -18.385544285 ], [ -40.052133899, -18.38560028 ], [ -40.052074854, -18.385703352 ], [ -40.052031332, -18.385783601 ], [ -40.051976346, -18.385878491 ], [ -40.051900665, -18.386014066 ], [ -40.051863468, -18.386077038 ], [ -40.05179173, -18.386204378 ], [ -40.051745193, -18.386283071 ], [ -40.051714291, -18.386339027 ], [ -40.051650489, -18.386449915 ], [ -40.051615504, -18.386507691 ] ] } },
{ "type": "Feature", "properties": { "Field": "001", "Length": 334.17136455040884 }, "geometry": { "type": "LineString", "coordinates": [ [ -40.053115832959271, -18.383841136089782 ], [ -40.0531085, -18.383857301 ], [ -40.053099839, -18.383873372 ], [ -40.05304995, -18.383960624 ], [ -40.053017207, -18.384015618 ], [ -40.052977747, -18.384087699 ], [ -40.052963627, -18.38411122 ], [ -40.052941228, -18.384151024 ], [ -40.05289804, -18.384231437 ], [ -40.052870415, -18.384278812 ], [ -40.05266717, -18.384636191 ], [ -40.052625939, -18.384707363 ], [ -40.052611434, -18.38473067 ], [ -40.052553058, -18.384834087 ], [ -40.052520757, -18.38488932 ], [ -40.052478154, -18.384970018 ], [ -40.052464783, -18.384993935 ], [ -40.052436538, -18.385040975 ], [ -40.052383284, -18.38513676 ], [ -40.052350941, -18.38519197 ], [ -40.05224683, -18.385374512 ], [ -40.052205263, -18.385445505 ], [ -40.052187809, -18.385477582 ], [ -40.052164946, -18.385517145 ], [ -40.05214771, -18.385549329 ], [ -40.05211607, -18.385604909 ], [ -40.052073987, -18.385675625 ], [ -40.052026332, -18.385764008 ], [ -40.051986028, -18.385835661 ], [ -40.051958112, -18.38588288 ], [ -40.051886394, -18.386010231 ], [ -40.051844753, -18.386081185 ], [ -40.051777733, -18.386200686 ], [ -40.051740125, -18.386263436 ], [ -40.051695723, -18.386343245 ], [ -40.051607231168084, -18.386495027711685 ] ] } },
{ "type": "Feature", "properties": { "Field": "001", "Length": 333.05926847578672 }, "geometry": { "type": "LineString", "coordinates": [ [ -40.053103423, -18.383837933 ], [ -40.053094991, -18.383854225 ], [ -40.052999004, -18.384020407 ], [ -40.052929194, -18.38414872 ], [ -40.052871334, -18.384252402 ], [ -40.052830318, -18.384323686 ], [ -40.052811417, -18.384355008 ], [ -40.052762201, -18.384442607 ], [ -40.052679981, -18.384585077 ], [ -40.052653149, -18.384632866 ], [ -40.052588174, -18.384743131 ], [ -40.052534665, -18.384838787 ], [ -40.052516031, -18.384870253 ], [ -40.052477843, -18.384942956 ], [ -40.05245128, -18.384990881 ], [ -40.05241821300001, -18.385045699 ], [ -40.052365498, -18.385141756 ], [ -40.05231441, -18.385228373 ], [ -40.052274151, -18.38530005 ], [ -40.052214233, -18.385402661 ], [ -40.052160908, -18.385498411 ], [ -40.052152609, -18.385514655 ], [ -40.052089171, -18.385625733 ], [ -40.052060877, -18.385672747 ], [ -40.052031052, -18.385729234 ], [ -40.051972676, -18.385832653 ], [ -40.051949618, -18.385872112 ], [ -40.051904845, -18.385951732 ], [ -40.051840054, -18.386062096 ], [ -40.051754474, -18.386213112 ], [ -40.051717324, -18.386276109 ], [ -40.051681905, -18.386340008 ], [ -40.051622989, -18.386443147 ], [ -40.05159918, -18.386482703 ] ] } },
{ "type": "Feature", "properties": { "Field": "000", "Length": 123.63609551083785 }, "geometry": { "type": "LineString", "coordinates": [ [ -40.053097703, -18.383813628 ], [ -40.053081733, -18.383804434 ], [ -40.053058269, -18.383789164 ], [ -40.053025626, -18.38377085 ], [ -40.052816322, -18.383647258 ], [ -40.052750796, -18.383611026 ], [ -40.052710737, -18.383586964 ], [ -40.052629438, -18.383540683 ], [ -40.052589278, -18.383516776 ], [ -40.052548323, -18.383494131 ], [ -40.052507976, -18.383470513 ], [ -40.052468315, -18.383445858 ], [ -40.05235508, -18.383380139 ], [ -40.052297994, -18.383348028 ], [ -40.052239937, -18.383317543 ], [ -40.052167531, -18.383274692 ], [ -40.052096552457868, -18.383235440253195 ] ] } },
{ "type": "Feature", "properties": { "Field": "001", "Length": 331.87832314710465 }, "geometry": { "type": "LineString", "coordinates": [ [ -40.053089288, -18.383834284 ], [ -40.053071978, -18.383865911 ], [ -40.053039381, -18.383920985 ], [ -40.052967258, -18.384048126 ], [ -40.052950348, -18.384080468 ], [ -40.052901972, -18.384168493 ], [ -40.052878864, -18.384207926 ], [ -40.052834443, -18.384287725 ], [ -40.052748335, -18.384438466 ], [ -40.052665831, -18.384580787 ], [ -40.052630128, -18.384644542 ], [ -40.052574466, -18.384739071 ], [ -40.052529831, -18.384818762 ], [ -40.052511261, -18.384850263 ], [ -40.052482076, -18.384907054 ], [ -40.052450856, -18.38496285 ], [ -40.052408927, -18.385033649 ], [ -40.052346948, -18.385145475 ], [ -40.052291248, -18.385239984 ], [ -40.052204921, -18.385390611 ], [ -40.052155921, -18.385478321 ], [ -40.052138708, -18.385510517 ], [ -40.052092322, -18.385589291 ], [ -40.052052008, -18.38566094 ], [ -40.052031194, -18.38570152 ], [ -40.052017813, -18.385725432 ], [ -40.05195447, -18.38583656 ], [ -40.051917371, -18.385899584 ], [ -40.051886258, -18.385955435 ], [ -40.05183545, -18.386042202 ], [ -40.051754371, -18.386185268 ], [ -40.051699098, -18.386280005 ], [ -40.051604775, -18.386447054 ], [ -40.051590846088672, -18.386469946854284 ] ] } },
{ "type": "Feature", "properties": { "Field": "001", "Length": 330.70307090936791 }, "geometry": { "type": "LineString", "coordinates": [ [ -40.053075175, -18.383830641 ], [ -40.05304832, -18.383877889 ], [ -40.053015772, -18.383932989 ], [ -40.052966263, -18.384020438 ], [ -40.052961821, -18.384028418 ], [ -40.052910381, -18.384125103 ], [ -40.052856612, -18.384220625 ], [ -40.0528152, -18.3842917 ], [ -40.052788707, -18.38433966 ], [ -40.052756317, -18.384394845 ], [ -40.052738546, -18.384426763 ], [ -40.052692057, -18.384505482 ], [ -40.052687518, -18.384513412 ], [ -40.052678945, -18.384529525 ], [ -40.052637661, -18.384600669 ], [ -40.052633245, -18.384608662 ], [ -40.052629149, -18.384616809 ], [ -40.052602112, -18.384664492 ], [ -40.052546616, -18.38475911 ], [ -40.05249774, -18.384846883 ], [ -40.05247672, -18.384887366 ], [ -40.052427479, -18.384974953 ], [ -40.05242294, -18.384982882999989 ], [ -40.052399479, -18.385022125 ], [ -40.052314287, -18.38517334 ], [ -40.052309744, -18.385181268 ], [ -40.052286287, -18.385220512 ], [ -40.052218449, -18.385339592 ], [ -40.052190724, -18.385386913 ], [ -40.052119245, -18.385514386 ], [ -40.05206427, -18.385609281 ], [ -40.052016678, -18.385697694 ], [ -40.05198436, -18.385752918 ], [ -40.05193531, -18.385840602 ], [ -40.051893629, -18.385911534 ], [ -40.05184911, -18.385991284 ], [ -40.051766446, -18.386133521 ], [ -40.051721886, -18.38621325 ], [ -40.051684416, -18.386276074 ], [ -40.051643909, -18.386347623 ], [ -40.051604274, -18.386419616 ], [ -40.051582553150013, -18.386457252740072 ] ] } },
{ "type": "Feature", "properties": { "Field": "001", "Length": 329.52830100344556 }, "geometry": { "type": "LineString", "coordinates": [ [ -40.053061079, -18.383827002 ], [ -40.05300162, -18.383929324 ], [ -40.052952285, -18.384016862 ], [ -40.05294789, -18.384024866 ], [ -40.052909259, -18.384097355 ], [ -40.052904849, -18.384105351 ], [ -40.052873056, -18.384160851 ], [ -40.052842207, -18.384216835 ], [ -40.052724397, -18.384423123 ], [ -40.052696349, -18.38447027 ], [ -40.052676984, -18.384501332 ], [ -40.052672602, -18.384509342 ], [ -40.05266877, -18.384517605 ], [ -40.052664717, -18.384525772 ], [ -40.052656113, -18.384541871 ], [ -40.052651518, -18.384549771 ], [ -40.05264169, -18.384565219 ], [ -40.052636947, -18.38457304 ], [ -40.052623402, -18.384596867 ], [ -40.052601733, -18.384637037 ], [ -40.052597265, -18.384645004 ], [ -40.052537273, -18.384747575 ], [ -40.052532788, -18.384755533 ], [ -40.052515425, -18.384787656 ], [ -40.052492794, -18.384827339 ], [ -40.052466915, -18.384875603 ], [ -40.052462468, -18.384883581 ], [ -40.052439595, -18.384923138 ], [ -40.052421966, -18.384955128 ], [ -40.05241745, -18.38496307 ], [ -40.052385059, -18.385018254 ], [ -40.052317443, -18.385137449 ], [ -40.052290937, -18.385185403 ], [ -40.052286368, -18.385193317 ], [ -40.052272248, -18.385216838 ], [ -40.052200009, -18.38534392 ], [ -40.052167577, -18.385399082 ], [ -40.05211402, -18.385494713 ], [ -40.052059265, -18.385589724 ], [ -40.052002271, -18.385693842 ], [ -40.051847586, -18.385963278 ], [ -40.051816533, -18.386019158 ], [ -40.051756753, -18.386121843 ], [ -40.051707914, -18.386209635 ], [ -40.051703337, -18.386217545 ], [ -40.051670189, -18.386272318 ], [ -40.051665569, -18.386280206 ], [ -40.051634139, -18.386335894 ], [ -40.051629795, -18.386343923 ], [ -40.051612955, -18.386376298 ], [ -40.051599722, -18.386400285 ], [ -40.051574174104779, -18.386444426818976 ] ] } },
{ "type": "Feature", "properties": { "Field": "000", "Length": 117.46602209254276 }, "geometry": { "type": "LineString", "coordinates": [ [ -40.053049227269781, -18.383801980565444 ], [ -40.053016612, -18.383782571 ], [ -40.052961114, -18.383748014 ], [ -40.052936615, -18.383734306 ], [ -40.05283236, -18.383671902 ], [ -40.052564055, -18.383519204 ], [ -40.052459638, -18.383457047 ], [ -40.052346609, -18.383391006 ], [ -40.052297926, -18.383363083 ], [ -40.052240133, -18.383332145 ], [ -40.052199957, -18.383308263 ], [ -40.052175081, -18.383295188 ], [ -40.052098110349519, -18.383252473193963 ] ] } },
{ "type": "Feature", "properties": { "Field": "001", "Length": 328.40919623366148 }, "geometry": { "type": "LineString", "coordinates": [ [ -40.053047652, -18.383823536 ], [ -40.052969474, -18.383958221 ], [ -40.052934435, -18.384022311 ], [ -40.052917751, -18.38405476 ], [ -40.052880894, -18.384117914 ], [ -40.052809969, -18.384245668 ], [ -40.052716082004437, -18.384409918404998 ], [ -40.052584266, -18.384642281 ], [ -40.052541268, -18.384712493 ], [ -40.052522975, -18.384744141 ], [ -40.052453285, -18.384872514 ], [ -40.052425324, -18.384919709 ], [ -40.052385312, -18.384991512 ], [ -40.052366307, -18.385022776 ], [ -40.052343971, -18.385062612 ], [ -40.052322579, -18.385102917 ], [ -40.052280593, -18.385173685 ], [ -40.052212651, -18.385292711 ], [ -40.052181973, -18.385348781 ], [ -40.052108325, -18.385475123 ], [ -40.052015771, -18.385643071 ], [ -40.051964936, -18.385729824 ], [ -40.051911657, -18.385825597 ], [ -40.051897173, -18.385848916 ], [ -40.051833529, -18.385959886 ], [ -40.051811857, -18.386000055 ], [ -40.051779053, -18.386055017 ], [ -40.051748176, -18.386110987 ], [ -40.051720239, -18.386158195 ], [ -40.051698495, -18.386198328 ], [ -40.051656562, -18.386269125 ], [ -40.051639189, -18.386301242 ], [ -40.051620534, -18.386332698 ], [ -40.051586737, -18.386397393999989 ], [ -40.051566196, -18.386432214 ] ] } },
{ "type": "Feature", "properties": { "Field": "001", "Length": 327.16294314888603 }, "geometry": { "type": "LineString", "coordinates": [ [ -40.053032839842871, -18.38381971227534 ], [ -40.052964846, -18.383938854 ], [ -40.05290824, -18.384043166 ], [ -40.052840194, -18.384162137 ], [ -40.052800575, -18.384234138 ], [ -40.052723184, -18.384368831 ], [ -40.052700958505149, -18.384408723001286 ], [ -40.052567023211466, -18.384642527108923 ], [ -40.052522363, -18.384717041 ], [ -40.052457179, -18.384837464 ], [ -40.052430327, -18.384885243 ], [ -40.052411561, -18.384916638 ], [ -40.052380629, -18.38497258 ], [ -40.052343593, -18.385035638 ], [ -40.052312533, -18.385091516 ], [ -40.052244379, -18.385210431 ], [ -40.052198198, -18.385289315 ], [ -40.052135651, -18.385400852 ], [ -40.052089805, -18.385479914 ], [ -40.052054528, -18.385543885 ], [ -40.052029038, -18.385592338 ], [ -40.052005663, -18.385631627 ], [ -40.051955626, -18.385718802 ], [ -40.051743218, -18.386091999 ], [ -40.051701539, -18.386162932 ], [ -40.051642529, -18.386266022 ], [ -40.051615793, -18.386313859 ], [ -40.051581446, -18.38637829 ], [ -40.051557532, -18.386418952 ] ] } },
{ "type": "Feature", "properties": { "Field": "001", "Length": 325.96024262157613 }, "geometry": { "type": "LineString", "coordinates": [ [ -40.051548947, -18.386405811 ], [ -40.051585765, -18.386341705 ], [ -40.051637704, -18.386245263 ], [ -40.051729627, -18.386087262 ], [ -40.051842186, -18.385888533 ], [ -40.051879107, -18.385825414 ], [ -40.051928824, -18.385738072 ], [ -40.051982432, -18.385642467 ], [ -40.05200616, -18.385603371 ], [ -40.05207232, -18.385483434 ], [ -40.052108854, -18.385420109 ], [ -40.052139926, -18.385364237 ], [ -40.052293424, -18.385094183 ], [ -40.052334684, -18.385023027 ], [ -40.052370221, -18.384959187 ], [ -40.052402223, -18.384903797 ], [ -40.052421284, -18.384872564 ], [ -40.052429703, -18.384856376 ], [ -40.052474637, -18.384776839 ], [ -40.052518266, -18.384696642 ], [ -40.05255976, -18.38462561 ], [ -40.052597937, -18.384563175 ], [ -40.05261591, -18.384531359 ], [ -40.052620279, -18.384523343 ], [ -40.052624515, -18.384515261 ], [ -40.052632357, -18.384498811 ], [ -40.052636574, -18.384490721 ], [ -40.0526456, -18.384474834 ], [ -40.052650246, -18.38446696 ], [ -40.05266458700001, -18.384443561 ], [ -40.052669238, -18.38443569 ], [ -40.052822846, -18.384165693 ], [ -40.052876173, -18.384069945 ], [ -40.0529303, -18.383974607 ], [ -40.052987112, -18.383870398 ], [ -40.053018444803804, -18.383815996340633 ] ] } },
{ "type": "Feature", "properties": { "Field": "001", "Length": 324.68378960062381 }, "geometry": { "type": "LineString", "coordinates": [ [ -40.051539744256154, -18.386391724545629 ], [ -40.051553766, -18.386366852 ], [ -40.051586828, -18.386312032 ], [ -40.051616306, -18.386255379 ], [ -40.051642991, -18.386207515 ], [ -40.051712291, -18.386089205 ], [ -40.051752467, -18.386017485 ], [ -40.051811996, -18.385914667 ], [ -40.051847742, -18.385850934 ], [ -40.051920624, -18.385724187 ], [ -40.051969582, -18.385636455 ], [ -40.052020041, -18.385549503 ], [ -40.052073326, -18.385453733 ], [ -40.052096387, -18.385414275 ], [ -40.052150275, -18.385318813 ], [ -40.052176622, -18.385270779 ], [ -40.052226865, -18.385183713 ], [ -40.052361911, -18.384945226 ], [ -40.052408419, -18.384866518 ], [ -40.052412932, -18.384858574 ], [ -40.052444517, -18.384802966 ], [ -40.052519373, -18.384666974 ], [ -40.052570127, -18.384580178 ], [ -40.052582901, -18.384555965 ], [ -40.0526012, -18.384524319 ], [ -40.052605451, -18.384516245 ], [ -40.0526188, -18.384492317 ], [ -40.052656017, -18.384429357 ], [ -40.052742406, -18.384278762 ], [ -40.052773457, -18.384222881 ], [ -40.052814909, -18.384151827 ], [ -40.052876771, -18.384039942 ], [ -40.052930977, -18.383944645 ], [ -40.052978551, -18.383856223 ], [ -40.053004028977583, -18.383812275038668 ] ] } },
{ "type": "Feature", "properties": { "Field": "000", "Length": 111.4338172535345 }, "geometry": { "type": "LineString", "coordinates": [ [ -40.053001760774649, -18.383790575227977 ], [ -40.052969694, -18.383770372 ], [ -40.052929289, -18.383746845 ], [ -40.052833556, -18.383688483 ], [ -40.052646765, -18.383581721 ], [ -40.052556943, -18.383531446 ], [ -40.052428377, -18.383455028 ], [ -40.052347351, -18.383408311 ], [ -40.052299215, -18.383379538 ], [ -40.052241997, -18.38334764 ], [ -40.052201765, -18.383323844 ], [ -40.052151902, -18.383297889 ], [ -40.052099632, -18.383269106 ] ] } },
{ "type": "Feature", "properties": { "Field": "001", "Length": 323.40865220225055 }, "geometry": { "type": "LineString", "coordinates": [ [ -40.052989687971454, -18.383808573049503 ], [ -40.052962536, -18.383855666 ], [ -40.05295817, -18.383863684 ], [ -40.052924305, -18.383928347 ], [ -40.052919901, -18.383936346 ], [ -40.052820527, -18.38411106 ], [ -40.052794275, -18.38415914 ], [ -40.052789786, -18.384167096 ], [ -40.052680105, -18.384357028 ], [ -40.052635058, -18.384436507 ], [ -40.052593157, -18.384507321 ], [ -40.052548832, -18.384587169 ], [ -40.05250825, -18.384658679 ], [ -40.052455694, -18.384754815 ], [ -40.052427952, -18.384802127 ], [ -40.052392474, -18.384865996 ], [ -40.052387897, -18.384873906 ], [ -40.052350467, -18.384936752 ], [ -40.052319241, -18.384992544 ], [ -40.052282715, -18.385055873 ], [ -40.052256197, -18.38510382 ], [ -40.052160684, -18.385270251 ], [ -40.052134298, -18.385318264 ], [ -40.052088737, -18.385397475 ], [ -40.052048871, -18.385469352 ], [ -40.051985834, -18.385580638 ], [ -40.051953639, -18.385635926 ], [ -40.051904611, -18.385723622 ], [ -40.051876828, -18.385770911 ], [ -40.05181848, -18.385874344 ], [ -40.051736199, -18.386016783 ], [ -40.051705339, -18.386072761 ], [ -40.051700723, -18.386080651 ], [ -40.051676931, -18.386119711 ], [ -40.051672354, -18.386127621 ], [ -40.051614416, -18.386231263 ], [ -40.051575699, -18.386303711 ], [ -40.051571095, -18.386311606 ], [ -40.051530441, -18.386377483 ] ] } },
{ "type": "Feature", "properties": { "Field": "001", "Length": 322.18710686400368 }, "geometry": { "type": "LineString", "coordinates": [ [ -40.052975211, -18.383804836 ], [ -40.052948539, -18.383852179 ], [ -40.052910466, -18.383924937 ], [ -40.052806397, -18.384107499 ], [ -40.052748451, -18.384211138 ], [ -40.052702149, -18.384289956 ], [ -40.052648441, -18.384385511 ], [ -40.052564502, -18.384527065 ], [ -40.052473259, -18.384695665 ], [ -40.052468759, -18.384703615 ], [ -40.052423418, -18.384782942 ], [ -40.052409168, -18.384806391 ], [ -40.052377976, -18.384862201 ], [ -40.052341039, -18.384925312 ], [ -40.052282056, -18.385028416 ], [ -40.052246578, -18.385092286 ], [ -40.052205256, -18.385163409 ], [ -40.052142788, -18.385274987 ], [ -40.05207908700001, -18.385385927 ], [ -40.051994483, -18.385537443 ], [ -40.051934601, -18.385640074 ], [ -40.051817747, -18.385846858 ], [ -40.051722067, -18.386013202 ], [ -40.051700129, -18.386053239 ], [ -40.051653708, -18.386131994 ], [ -40.051622279, -18.386187683 ], [ -40.051561233, -18.386299976 ], [ -40.051542298, -18.386331278 ], [ -40.051527239, -18.386354263 ], [ -40.051521724102479, -18.386364140816468 ] ] } },
{ "type": "Feature", "properties": { "Field": "001", "Length": 321.06465313759463 }, "geometry": { "type": "LineString", "coordinates": [ [ -40.052962077, -18.383801446 ], [ -40.052939671, -18.383841802999985 ], [ -40.052905651, -18.383906391 ], [ -40.052873444, -18.383961674 ], [ -40.052824669, -18.384049498 ], [ -40.052792383, -18.384104738 ], [ -40.052752692, -18.384176702 ], [ -40.052683806, -18.384295233 ], [ -40.052630144, -18.384390811 ], [ -40.05258245600001, -18.384468873 ], [ -40.052537024, -18.384548152 ], [ -40.052515086, -18.384588189 ], [ -40.052481656, -18.384653058 ], [ -40.052464173, -18.384685121 ], [ -40.052295151, -18.384977969 ], [ -40.052268943, -18.385026072 ], [ -40.052195631, -18.385152593 ], [ -40.052137527, -18.385256151 ], [ -40.051997447, -18.385502311 ], [ -40.051971018, -18.385550304 ], [ -40.051920565, -18.38563726 ], [ -40.0518625, -18.385740838 ], [ -40.051762055, -18.385914993 ], [ -40.051694962, -18.386034458 ], [ -40.051639244, -18.386128957 ], [ -40.051612889, -18.386176987 ], [ -40.051587393, -18.386225437 ], [ -40.051559862, -18.386272862 ], [ -40.051542625, -18.386305047 ], [ -40.051513657199152, -18.386351792678646 ] ] } },
{ "type": "Feature", "properties": { "Field": "000", "Length": 105.64728730882119 }, "geometry": { "type": "LineString", "coordinates": [ [ -40.052956953883751, -18.383779808932747 ], [ -40.052900078, -18.383746902 ], [ -40.052844868, -18.383711927 ], [ -40.052804631, -18.383688138 ], [ -40.052707594, -18.383631774 ], [ -40.05265832, -18.383604812 ], [ -40.052544263, -18.383540402 ], [ -40.052464012, -18.383492483 ], [ -40.052374979, -18.383440945 ], [ -40.052294887, -18.383392783 ], [ -40.052261992, -18.383374886 ], [ -40.052197521, -18.383336966 ], [ -40.052101199441026, -18.383286247232228 ] ] } },
{ "type": "Feature", "properties": { "Field": "001", "Length": 319.96051050584771 }, "geometry": { "type": "LineString", "coordinates": [ [ -40.05294872, -18.383797998 ], [ -40.052930936, -18.383829383 ], [ -40.052914582, -18.383861984 ], [ -40.052901429, -18.383886011 ], [ -40.052855519, -18.383965039 ], [ -40.052820271, -18.384029024 ], [ -40.052787966, -18.384084254 ], [ -40.05273057, -18.384188171 ], [ -40.052675109, -18.384282808 ], [ -40.052625586, -18.38437025 ], [ -40.052546322, -18.384503946 ], [ -40.052497607, -18.384591801 ], [ -40.052468489, -18.384648623 ], [ -40.052451012, -18.384680689 ], [ -40.052427664, -18.384719992 ], [ -40.052387156, -18.384791541 ], [ -40.052368345, -18.384822912 ], [ -40.052350642, -18.384854865 ], [ -40.05228201, -18.384973529 ], [ -40.052246598, -18.385037433 ], [ -40.052177296, -18.385155742 ], [ -40.052128087, -18.385243345 ], [ -40.052091088, -18.385306423 ], [ -40.052065175, -18.385354672 ], [ -40.051979409, -18.385505591 ], [ -40.051939866, -18.38557763 ], [ -40.051893575, -18.385656455 ], [ -40.051853609, -18.385728281 ], [ -40.051748303, -18.385910197 ], [ -40.051685727, -18.38602172 ], [ -40.051634917, -18.386108486 ], [ -40.051608549, -18.38615651 ], [ -40.051583744, -18.386205286 ], [ -40.051574884, -18.386221258 ], [ -40.051556164, -18.386252678 ], [ -40.051529643, -18.386300625 ], [ -40.051505816306296, -18.386339790496521 ] ] } },
{ "type": "Feature", "properties": { "Field": "001", "Length": 318.7248283060901 }, "geometry": { "type": "LineString", "coordinates": [ [ -40.052934342868845, -18.383794286245802 ], [ -40.052904487, -18.383850241 ], [ -40.052864338, -18.383921974 ], [ -40.052841235, -18.383961409 ], [ -40.052801465, -18.384033333 ], [ -40.052764721, -18.384096547 ], [ -40.052688534, -18.384231863 ], [ -40.052664982, -18.384271055 ], [ -40.052592423, -18.384397971 ], [ -40.052541176, -18.384484502 ], [ -40.052487759, -18.384580205 ], [ -40.052483366, -18.38458821 ], [ -40.052462114, -18.384628582 ], [ -40.052431276, -18.384684571 ], [ -40.052408123, -18.384723979 ], [ -40.052377022, -18.384779836 ], [ -40.052276388, -18.384953891 ], [ -40.052236376, -18.385025693 ], [ -40.052203463, -18.385080595 ], [ -40.052162677, -18.385152 ], [ -40.052145107, -18.385184019 ], [ -40.052072152, -18.385310728 ], [ -40.052067659, -18.385318682 ], [ -40.052024391, -18.385399057 ], [ -40.05196541, -18.385502161 ], [ -40.051930347, -18.385566239 ], [ -40.051884284, -18.385645186 ], [ -40.051839475, -18.385724788 ], [ -40.051789301, -18.38581189 ], [ -40.051733991, -18.385906608 ], [ -40.051671377, -18.386018111 ], [ -40.051625225, -18.386097011 ], [ -40.051620703, -18.38610495 ], [ -40.051569322, -18.386201663 ], [ -40.051564921, -18.386209664 ], [ -40.051541475, -18.386248914 ], [ -40.051497094269081, -18.386326439529952 ] ] } },
{ "type": "Feature", "properties": { "Field": "001", "Length": 317.45255987200773 }, "geometry": { "type": "LineString", "coordinates": [ [ -40.052920257823288, -18.383790650324343 ], [ -40.052863698, -18.383894463 ], [ -40.0528592, -18.383902415 ], [ -40.052826979, -18.383957689 ], [ -40.052782303, -18.384037359 ], [ -40.052758917, -18.384076641 ], [ -40.052754356, -18.384084559 ], [ -40.052709942, -18.384164362 ], [ -40.05262307, -18.384314703 ], [ -40.052591825, -18.384370486 ], [ -40.052531527, -18.384472894 ], [ -40.05252701, -18.384480835 ], [ -40.05243018, -18.384656846 ], [ -40.05239797, -18.384712126 ], [ -40.052312193, -18.384863039 ], [ -40.052261377, -18.384949802 ], [ -40.052256876, -18.384957752 ], [ -40.052230547, -18.385005794 ], [ -40.052226003, -18.385013722 ], [ -40.052193314, -18.385068745 ], [ -40.052125789, -18.385187988 ], [ -40.05210235, -18.385227241 ], [ -40.052097786, -18.385235158 ], [ -40.052057887, -18.385307018 ], [ -40.052023902, -18.385371623 ], [ -40.052019469, -18.385379607 ], [ -40.051978048, -18.385450678 ], [ -40.051910926, -18.385570128 ], [ -40.051852141, -18.385673335 ], [ -40.05181527700001, -18.385736484 ], [ -40.05177938, -18.38580014 ], [ -40.051719294, -18.385902662 ], [ -40.05171477, -18.3859106 ], [ -40.051661617, -18.386006437 ], [ -40.051615707, -18.386085464 ], [ -40.051611267, -18.386093445 ], [ -40.05156403, -18.386182033 ], [ -40.051559506, -18.38618997 ], [ -40.051526401, -18.386244767 ], [ -40.051487796, -18.386312206 ] ] } },
{ "type": "Feature", "properties": { "Field": "001", "Length": 316.10085755728812 }, "geometry": { "type": "LineString", "coordinates": [ [ -40.052905752980848, -18.383786906035013 ], [ -40.052835507, -18.383915363 ], [ -40.052772286, -18.384026554 ], [ -40.052726302, -18.384105542 ], [ -40.052681518, -18.384185156 ], [ -40.052640045, -18.384256199 ], [ -40.052622395, -18.384288179 ], [ -40.052603587, -18.384319551 ], [ -40.052581349, -18.384359437 ], [ -40.052521359, -18.38446201 ], [ -40.052473932, -18.384550505 ], [ -40.052383846, -18.384709467 ], [ -40.052246922, -18.384946975 ], [ -40.052202438, -18.385026743 ], [ -40.052155935, -18.385105454 ], [ -40.05211119, -18.385185088 ], [ -40.052087989, -18.385224471 ], [ -40.052071219, -18.38525688 ], [ -40.052043589, -18.385304252 ], [ -40.052026878, -18.385336688 ], [ -40.051967808, -18.385439747 ], [ -40.05186923, -18.385614872 ], [ -40.05177833, -18.385773411 ], [ -40.051731837, -18.385852128 ], [ -40.051632466, -18.386026844 ], [ -40.05155353, -18.386170997 ], [ -40.051502475, -18.386257632 ], [ -40.051477775, -18.386296867 ] ] } },
{ "type": "Feature", "properties": { "Field": "000", "Length": 98.838120206276244 }, "geometry": { "type": "LineString", "coordinates": [ [ -40.052904146, -18.38376712 ], [ -40.052880669, -18.383753479 ], [ -40.052849623, -18.383732789 ], [ -40.052712982, -18.383651653 ], [ -40.052534091, -18.383549888 ], [ -40.052470017, -18.383511359 ], [ -40.052380849, -18.383460035 ], [ -40.052341031, -18.383435611 ], [ -40.052308365, -18.383417336 ], [ -40.052219659, -18.383365286 ], [ -40.052170639000011, -18.383337906 ], [ -40.052104408, -18.383304096 ] ] } },
{ "type": "Feature", "properties": { "Field": "001", "Length": 314.93917030257347 }, "geometry": { "type": "LineString", "coordinates": [ [ -40.052892177, -18.383783402 ], [ -40.052861958, -18.383839178 ], [ -40.052749793, -18.384038108 ], [ -40.052708429, -18.384109209 ], [ -40.052627258, -18.384252227 ], [ -40.052585181, -18.384322945 ], [ -40.052576628, -18.384339069 ], [ -40.052526436, -18.384426163 ], [ -40.052495386, -18.384482045 ], [ -40.052478658, -18.384514473 ], [ -40.052456607, -18.384554453 ], [ -40.052410487, -18.38463337 ], [ -40.052324885, -18.384784372999988 ], [ -40.052283395, -18.384855407 ], [ -40.052188899, -18.385022367 ], [ -40.052138114, -18.385109146 ], [ -40.052093582, -18.385188889 ], [ -40.052070611, -18.385228395 ], [ -40.052057699, -18.385252541 ], [ -40.051990609, -18.385372007 ], [ -40.051935961, -18.385467074 ], [ -40.051828347, -18.385658081 ], [ -40.051746521, -18.385800757999988 ], [ -40.051709084, -18.3858636 ], [ -40.051641366, -18.385982743 ], [ -40.051605892, -18.386046614 ], [ -40.051589031, -18.38607898 ], [ -40.051543961, -18.386158447 ], [ -40.051493356, -18.386245323 ], [ -40.051469548005251, -18.386284273991425 ] ] } },
{ "type": "Feature", "properties": { "Field": "001", "Length": 313.7756508968655 }, "geometry": { "type": "LineString", "coordinates": [ [ -40.052879888769191, -18.383780229427643 ], [ -40.052867103, -18.383803918 ], [ -40.052834682, -18.383859086 ], [ -40.052740701, -18.384026309 ], [ -40.052644733, -18.384192501 ], [ -40.052609239, -18.384256362 ], [ -40.052576455, -18.384311334 ], [ -40.052549988, -18.384359307 ], [ -40.052522402, -18.384406702 ], [ -40.052483277, -18.384478949 ], [ -40.052456112, -18.384526566 ], [ -40.052443107, -18.384550666 ], [ -40.05239703, -18.384629605 ], [ -40.052343205, -18.384725098 ], [ -40.052251612, -18.384883274 ], [ -40.052220632, -18.384939191 ], [ -40.052179538, -18.385010435 ], [ -40.052148635, -18.385066391 ], [ -40.052115783, -18.385121327 ], [ -40.052044748, -18.385249026 ], [ -40.05194486700001, -18.385423476 ], [ -40.051905008, -18.385495356 ], [ -40.051846417, -18.385598664 ], [ -40.051823301, -18.385638091 ], [ -40.051728437, -18.38580486 ], [ -40.051700045, -18.38585182 ], [ -40.05167724, -18.385891413 ], [ -40.051610575, -18.386011095 ], [ -40.051581005, -18.386067705 ], [ -40.051576665, -18.386075736 ], [ -40.051534629, -18.386146477 ], [ -40.051489545, -18.386225936 ], [ -40.051474856, -18.386249137 ], [ -40.051469579, -18.38625664 ], [ -40.051464495, -18.386264262 ], [ -40.051460772180654, -18.386270840680758 ] ] } },
{ "type": "Feature", "properties": { "Field": "001", "Length": 312.62756755333339 }, "geometry": { "type": "LineString", "coordinates": [ [ -40.052867166, -18.383776988 ], [ -40.052811801, -18.383871141 ], [ -40.052807257, -18.383879069 ], [ -40.052771778, -18.383942938 ], [ -40.052695021, -18.384077959999988 ], [ -40.052635602, -18.384180836 ], [ -40.05259542, -18.384252552 ], [ -40.052539921, -18.384347167 ], [ -40.052504147, -18.384410885 ], [ -40.052478615, -18.384459319 ], [ -40.052474226, -18.384467325 ], [ -40.052373943, -18.384641565 ], [ -40.052324704, -18.384729152 ], [ -40.052255952, -18.384847753999988 ], [ -40.052215946, -18.384919559 ], [ -40.052138961, -18.385054464 ], [ -40.052101502, -18.385117293 ], [ -40.052070228, -18.385173061 ], [ -40.052022195, -18.385261257 ], [ -40.051935534, -18.385411709 ], [ -40.051827926, -18.385602719 ], [ -40.051795539, -18.385657905 ], [ -40.051719243, -18.385793166 ], [ -40.051714652, -18.385801069 ], [ -40.051681686, -18.385855941 ], [ -40.051645449, -18.385919421 ], [ -40.051641004, -18.3859274 ], [ -40.051567258, -18.386063944 ], [ -40.051562768, -18.386071899 ], [ -40.051525402, -18.386134779 ], [ -40.051485011, -18.386206389 ], [ -40.05148035, -18.386214254 ], [ -40.051465715, -18.386237487 ], [ -40.051455515, -18.386252713 ], [ -40.05145246310056, -18.386258121821761 ] ] } },
{ "type": "Feature", "properties": { "Field": "000", "Length": 92.721114403232832 }, "geometry": { "type": "LineString", "coordinates": [ [ -40.052859617546808, -18.38375642070875 ], [ -40.052834118, -18.383740033 ], [ -40.052801633, -18.383721466 ], [ -40.052777951, -18.383706506 ], [ -40.05272177, -18.383672971 ], [ -40.05264876, -18.383631064 ], [ -40.052599633, -18.383603859 ], [ -40.052502444, -18.383547734 ], [ -40.052446415, -18.383513968 ], [ -40.052373489, -18.383471928 ], [ -40.052333672, -18.383447504 ], [ -40.052293018, -18.38342437 ], [ -40.052228719, -18.383386184 ], [ -40.052179808, -18.383358627 ], [ -40.052109218304231, -18.383322269156693 ] ] } },
{ "type": "Feature", "properties": { "Field": "001", "Length": 311.39449883938607 }, "geometry": { "type": "LineString", "coordinates": [ [ -40.052852581, -18.383773276 ], [ -40.052839346, -18.383796735 ], [ -40.052783499, -18.383891165 ], [ -40.052725806, -18.383994931 ], [ -40.052670497, -18.384089649 ], [ -40.052639763, -18.38414569 ], [ -40.052590072, -18.384233044 ], [ -40.052530016, -18.384335582 ], [ -40.052464234, -18.384455708 ], [ -40.052405525, -18.384558954 ], [ -40.052373087, -18.384614113 ], [ -40.052368556, -18.384622047 ], [ -40.052314982, -18.38471767 ], [ -40.0522376, -18.384852367 ], [ -40.052183914, -18.384947932 ], [ -40.05212462, -18.385050873 ], [ -40.05209149, -18.385105656 ], [ -40.052086975, -18.385113599 ], [ -40.052021327, -18.385233793 ], [ -40.05201684, -18.385241749 ], [ -40.051916659, -18.385416043 ], [ -40.051813526, -18.38559909 ], [ -40.05173581, -18.385733612 ], [ -40.051700206, -18.385797417 ], [ -40.051645118, -18.385892252 ], [ -40.051618342, -18.385940069 ], [ -40.051548531, -18.386068382 ], [ -40.051543939, -18.386076284 ], [ -40.051520408, -18.386115488 ], [ -40.051465695, -18.386210521 ], [ -40.051460881, -18.386218302 ], [ -40.051443774241463, -18.386244821625663 ] ] } },
{ "type": "Feature", "properties": { "Field": "001", "Length": 310.17836798224039 }, "geometry": { "type": "LineString", "coordinates": [ [ -40.052838516885835, -18.383769696192388 ], [ -40.052782113, -18.383864748 ], [ -40.052728247, -18.383960221 ], [ -40.052701985, -18.384008297 ], [ -40.052655863, -18.384087212 ], [ -40.05257053, -18.384238355 ], [ -40.052510838, -18.384341086 ], [ -40.052454145, -18.384445354 ], [ -40.052408509, -18.384524526 ], [ -40.052386491, -18.384564523 ], [ -40.052358421, -18.384611659 ], [ -40.052255083, -18.3847946 ], [ -40.052222611, -18.384849741 ], [ -40.052169377, -18.384945536 ], [ -40.05205047, -18.385151251 ], [ -40.052006619, -18.385231338 ], [ -40.05194305, -18.385342347 ], [ -40.051910631, -18.385397517 ], [ -40.051798756, -18.385596596 ], [ -40.051771169, -18.385643992 ], [ -40.051739998, -18.385699813 ], [ -40.05172134, -18.385731266 ], [ -40.051663038, -18.385834722999988 ], [ -40.051644392, -18.385866183 ], [ -40.05155601, -18.386026015 ], [ -40.051459942, -18.386192155 ], [ -40.051435118206683, -18.386231571671811 ] ] } },
{ "type": "Feature", "properties": { "Field": "001", "Length": 309.00956167141362 }, "geometry": { "type": "LineString", "coordinates": [ [ -40.052824749882667, -18.383766192197037 ], [ -40.052773531, -18.383852202 ], [ -40.052742715, -18.383908202 ], [ -40.052715237, -18.383955654 ], [ -40.052684175, -18.384011531 ], [ -40.052597288, -18.384161864 ], [ -40.052570743, -18.384209798 ], [ -40.052529798, -18.38428112 ], [ -40.052503457, -18.384329156 ], [ -40.052494061, -18.384344847 ], [ -40.052468338, -18.384393188 ], [ -40.052428176, -18.384464914 ], [ -40.052404678, -18.384504136 ], [ -40.05237362, -18.384560014 ], [ -40.052336387, -18.384622967 ], [ -40.052300184, -18.384686465 ], [ -40.052269258, -18.384742409 ], [ -40.052204875, -18.38485299 ], [ -40.052174066, -18.384908994 ], [ -40.052128494, -18.3849882 ], [ -40.052111003, -18.38502026 ], [ -40.05203341, -18.385154846 ], [ -40.05202069, -18.385179084 ], [ -40.051925125, -18.385345489 ], [ -40.051821883, -18.385528479 ], [ -40.05176233, -18.385631284 ], [ -40.051735802, -18.385679227 ], [ -40.05164964, -18.385829941 ], [ -40.05162297, -18.385877811 ], [ -40.051610554, -18.385902193 ], [ -40.051573898, -18.385965454 ], [ -40.051543189, -18.386021508 ], [ -40.051505705, -18.386084324 ], [ -40.051446741, -18.386187439 ], [ -40.051426776, -18.386218802 ] ] } },
{ "type": "Feature", "properties": { "Field": "000", "Length": 86.401686426712388 }, "geometry": { "type": "LineString", "coordinates": [ [ -40.052813405583436, -18.383745316760081 ], [ -40.052797009, -18.383735873 ], [ -40.052717469, -18.383686885 ], [ -40.052628377, -18.38363544 ], [ -40.052603586, -18.383622218 ], [ -40.05255480400001, -18.383594454 ], [ -40.052498419, -18.383561233 ], [ -40.05246679, -18.383541363 ], [ -40.052426586, -18.383517524 ], [ -40.052369714, -18.383485067 ], [ -40.052345857, -18.383470364 ], [ -40.052240865, -18.383409095 ], [ -40.05216724, -18.383368181 ], [ -40.052114119338547, -18.383340784174599 ] ] } },
{ "type": "Feature", "properties": { "Field": "001", "Length": 307.84715280648857 }, "geometry": { "type": "LineString", "coordinates": [ [ -40.052810337966839, -18.383762524056444 ], [ -40.052764272, -18.383840935 ], [ -40.052715125, -18.383928569 ], [ -40.05266519700001, -18.384015801 ], [ -40.052632725, -18.384070941 ], [ -40.052552191, -18.384214287 ], [ -40.052524608, -18.384261683 ], [ -40.052499317, -18.384310232 ], [ -40.052419101, -18.384453739 ], [ -40.052391093, -18.384500908 ], [ -40.05234612, -18.384580426 ], [ -40.052322556, -18.384619611 ], [ -40.052227925, -18.3847865 ], [ -40.052167661, -18.384888927 ], [ -40.052132224, -18.384952817 ], [ -40.052063521, -18.385071444 ], [ -40.052025063, -18.385144016 ], [ -40.0519202, -18.385326165 ], [ -40.051825731, -18.385493138 ], [ -40.051684462, -18.385738679 ], [ -40.051617925, -18.385858426 ], [ -40.051613535, -18.385866433 ], [ -40.051596583, -18.385898755 ], [ -40.051578702, -18.385930617 ], [ -40.051432798, -18.386184038 ], [ -40.051428155, -18.386191913 ], [ -40.0514187722519, -18.386206550607014 ] ] } },
{ "type": "Feature", "properties": { "Field": "001", "Length": 306.59694654990335 }, "geometry": { "type": "LineString", "coordinates": [ [ -40.052794284886616, -18.38375843820295 ], [ -40.052745514, -18.383845739 ], [ -40.052713203, -18.383900965 ], [ -40.052682412, -18.383956978 ], [ -40.052568589, -18.384155048 ], [ -40.052537851, -18.384211087 ], [ -40.052515038, -18.384250675 ], [ -40.052510688, -18.384258702 ], [ -40.05250271, -18.384275092 ], [ -40.052498573, -18.38428322 ], [ -40.052454719, -18.384363305 ], [ -40.052409357, -18.38444262 ], [ -40.052372336, -18.384505686 ], [ -40.052340993, -18.384561418 ], [ -40.052312844, -18.384608511 ], [ -40.052263448, -18.384696018 ], [ -40.05221322900001, -18.384783097 ], [ -40.052166482, -18.384861676 ], [ -40.05216191, -18.384869589 ], [ -40.052126708, -18.384933597 ], [ -40.052098848, -18.384980846 ], [ -40.052058196, -18.38505232 ], [ -40.052053803, -18.385060325 ], [ -40.052028587, -18.385108908 ], [ -40.05200636, -18.3851488 ], [ -40.051951988, -18.385244011 ], [ -40.051910343, -18.385314962 ], [ -40.051856382, -18.385410386 ], [ -40.051801579, -18.385505372 ], [ -40.051770351, -18.385561164 ], [ -40.051719642, -18.385647984 ], [ -40.051670075, -18.385735403 ], [ -40.051581926, -18.385895352 ], [ -40.05155459, -18.385942878 ], [ -40.051541584, -18.385966978 ], [ -40.051537114, -18.385974945 ], [ -40.051499674, -18.386037785 ], [ -40.051432046, -18.386156974 ], [ -40.051427456, -18.386164877 ], [ -40.051410214212069, -18.386193450648555 ] ] } },
{ "type": "Feature", "properties": { "Field": "001", "Length": 305.36334041375483 }, "geometry": { "type": "LineString", "coordinates": [ [ -40.052779667, -18.383754718 ], [ -40.052775577, -18.383762352 ], [ -40.052766239, -18.383778073 ], [ -40.052761778, -18.383786043 ], [ -40.052744638, -18.383818274 ], [ -40.052740161, -18.383826236 ], [ -40.052703428, -18.383889456 ], [ -40.052672599, -18.383945449 ], [ -40.052668071, -18.383953385 ], [ -40.052580537, -18.384103376 ], [ -40.052528213, -18.384199627 ], [ -40.052514677, -18.384223458 ], [ -40.052510386, -18.384231513 ], [ -40.052489666, -18.384272138 ], [ -40.052459027, -18.384328226 ], [ -40.052357809, -18.384501972 ], [ -40.052207815, -18.384763557 ], [ -40.0521566, -18.384850106 ], [ -40.052116865, -18.384922048 ], [ -40.052075501, -18.384993149 ], [ -40.052071039, -18.385001119 ], [ -40.052036031, -18.385065224 ], [ -40.052014763, -18.385105589 ], [ -40.051992447, -18.385145435 ], [ -40.051887146, -18.385327353 ], [ -40.05177906, -18.385518117 ], [ -40.051678159, -18.385692032 ], [ -40.051620295, -18.385795712 ], [ -40.051581333, -18.385868039 ], [ -40.051532045, -18.385955601 ], [ -40.051476493, -18.38605019 ], [ -40.051427065, -18.38613768 ], [ -40.05140148400001, -18.386180087 ] ] } },
{ "type": "Feature", "properties": { "Field": "000", "Length": 80.306531212238895 }, "geometry": { "type": "LineString", "coordinates": [ [ -40.052767391, -18.38373426 ], [ -40.052718157, -18.383704127 ], [ -40.05263713, -18.383657413 ], [ -40.05259716, -18.383633217 ], [ -40.052531505, -18.383597197 ], [ -40.052468134, -18.383557623 ], [ -40.05241169, -18.383524491 ], [ -40.052209324, -18.38340739 ], [ -40.052118338206185, -18.383356722114819 ] ] } },
{ "type": "Feature", "properties": { "Field": "001", "Length": 304.08515550973419 }, "geometry": { "type": "LineString", "coordinates": [ [ -40.052765265868643, -18.383751052235997 ], [ -40.052729534, -18.383815244 ], [ -40.052692965, -18.38387855 ], [ -40.05265307, -18.383950413 ], [ -40.052592782, -18.384052826 ], [ -40.052561054, -18.38410836 ], [ -40.052512836, -18.384196464 ], [ -40.052483915, -18.384253378 ], [ -40.052475015, -18.38426933 ], [ -40.052447103, -18.384316551 ], [ -40.052425054, -18.384356532 ], [ -40.052396798, -18.384403567 ], [ -40.052350991, -18.384482649 ], [ -40.05232022, -18.384538672 ], [ -40.052274239, -18.384617662 ], [ -40.052256476, -18.384649585 ], [ -40.052191466, -18.38475983 ], [ -40.052146124, -18.384839156 ], [ -40.052113573, -18.384894255 ], [ -40.052064827, -18.384982094 ], [ -40.052039577, -18.385030661 ], [ -40.051986477, -18.385126525 ], [ -40.051949693, -18.385189718 ], [ -40.051925946, -18.385228803 ], [ -40.051840694, -18.385379987 ], [ -40.051808172, -18.385435101 ], [ -40.05173225, -18.385570553 ], [ -40.051667132, -18.385680742 ], [ -40.051627035, -18.385752501 ], [ -40.051566306, -18.385864951 ], [ -40.051530117, -18.385928456 ], [ -40.051512794, -18.385960598 ], [ -40.051438819, -18.386086767 ], [ -40.05142102, -18.386118671 ], [ -40.051392145080605, -18.386165791868464 ] ] } },
{ "type": "Feature", "properties": { "Field": "001", "Length": 302.86664169752703 }, "geometry": { "type": "LineString", "coordinates": [ [ -40.052751749923033, -18.383747612134112 ], [ -40.052679212, -18.383874008 ], [ -40.052630301, -18.383961763 ], [ -40.052560805, -18.384079969 ], [ -40.052538279, -18.384119707 ], [ -40.052507466, -18.384175708 ], [ -40.052487143, -18.384216515 ], [ -40.05247003, -18.384248759 ], [ -40.052437818, -18.384304038 ], [ -40.052420453, -18.38433616 ], [ -40.052364443, -18.384430502 ], [ -40.052224669, -18.384676821 ], [ -40.052186883, -18.384739472 ], [ -40.052141812, -18.384818938 ], [ -40.052090802, -18.384905597 ], [ -40.052055591, -18.384969602 ], [ -40.052026444, -18.38502641 ], [ -40.051981588, -18.385105988 ], [ -40.051935998, -18.385185185 ], [ -40.051907641, -18.385232163 ], [ -40.051831722, -18.385367617 ], [ -40.051794687, -18.385430676 ], [ -40.051763526, -18.385486502 ], [ -40.051735955, -18.385533906 ], [ -40.051709746, -18.385582008 ], [ -40.051653373, -18.385676153 ], [ -40.05160486, -18.385764109 ], [ -40.051592637, -18.38578858 ], [ -40.051566397, -18.385836667 ], [ -40.051515715, -18.385923501 ], [ -40.051471583, -18.386003447 ], [ -40.051406789, -18.386113809 ], [ -40.051383229050074, -18.386152143918519 ] ] } },
{ "type": "Feature", "properties": { "Field": "001", "Length": 301.69488963740457 }, "geometry": { "type": "LineString", "coordinates": [ [ -40.052737981, -18.383744108 ], [ -40.052693552, -18.383823377 ], [ -40.052661293, -18.383878631 ], [ -40.052639207, -18.383918594 ], [ -40.052602827, -18.383981999 ], [ -40.052598232, -18.383989899 ], [ -40.05256067, -18.384052673 ], [ -40.052524384, -18.384116128 ], [ -40.052497859, -18.384164072 ], [ -40.05249357, -18.384172127999985 ], [ -40.052473619, -18.384213101 ], [ -40.052469513, -18.384221244 ], [ -40.052456348, -18.384245264 ], [ -40.052423908, -18.384300422 ], [ -40.052397245, -18.384348296 ], [ -40.052369077, -18.384395378 ], [ -40.052323162, -18.384474403 ], [ -40.052256247, -18.384593958 ], [ -40.052210647, -18.384673149 ], [ -40.052168643, -18.384743907 ], [ -40.052133137, -18.384807762 ], [ -40.052068956, -18.38491845 ], [ -40.052064481, -18.384926413 ], [ -40.05203063, -18.384991082 ], [ -40.052026283, -18.38499911 ], [ -40.051994151, -18.385054432 ], [ -40.051967651, -18.385102389 ], [ -40.05192222, -18.385181668 ], [ -40.051889693, -18.385236779 ], [ -40.051862911, -18.385284593 ], [ -40.051832591, -18.385340839 ], [ -40.051781568, -18.385427491 ], [ -40.051750378, -18.385483302 ], [ -40.05172221, -18.385530384 ], [ -40.051673004, -18.385617988 ], [ -40.051635093, -18.385680571 ], [ -40.051630502, -18.385688474 ], [ -40.051583593, -18.38577722 ], [ -40.051539241, -18.385857054 ], [ -40.051502042, -18.385920024 ], [ -40.051462193, -18.38599191 ], [ -40.051457683, -18.385999855 ], [ -40.051434292, -18.386039135 ], [ -40.051407399, -18.386086892 ], [ -40.051402799, -18.38609479 ], [ -40.051374880046481, -18.386139363925803 ] ] } },
{ "type": "Feature", "properties": { "Field": "001", "Length": 300.51238366065536 }, "geometry": { "type": "LineString", "coordinates": [ [ -40.052725275, -18.383740874 ], [ -40.052656518, -18.383858939 ], [ -40.052570895, -18.384009932 ], [ -40.052566286, -18.384017825 ], [ -40.05252853, -18.384080493 ], [ -40.052523979, -18.384088417 ], [ -40.052484674, -18.384160575 ], [ -40.052480417, -18.384168646 ], [ -40.052459731, -18.384209286 ], [ -40.052446768, -18.384233406 ], [ -40.052442288, -18.384241367 ], [ -40.052414624, -18.384288721 ], [ -40.052410118, -18.384296668 ], [ -40.052392544, -18.384328685 ], [ -40.052387994, -18.38433661 ], [ -40.052359761, -18.384383656 ], [ -40.052309428, -18.384470676 ], [ -40.052251346, -18.384574244 ], [ -40.052159408, -18.384732237 ], [ -40.052128255, -18.384788067 ], [ -40.052055811, -18.384915042 ], [ -40.052051461, -18.384923068 ], [ -40.052030675, -18.384963661 ], [ -40.0520263, -18.384971675 ], [ -40.051980244, -18.385050626 ], [ -40.051975749, -18.385058578 ], [ -40.051953867, -18.385098643 ], [ -40.051931225, -18.385138321 ], [ -40.051884984, -18.385217172 ], [ -40.051818516, -18.385336955 ], [ -40.051813977, -18.385344885 ], [ -40.051776738, -18.385407834 ], [ -40.051736231, -18.385479383 ], [ -40.051717472, -18.38551078 ], [ -40.051668227, -18.385598365 ], [ -40.05166362, -18.38560626 ], [ -40.051630412, -18.385660999 ], [ -40.051625839, -18.385668912 ], [ -40.051612791, -18.38569299 ], [ -40.051587857, -18.385741707 ], [ -40.051583547, -18.385749753 ], [ -40.051529841, -18.385845308 ], [ -40.051483896, -18.385924317 ], [ -40.051443698, -18.385996025 ], [ -40.05143912, -18.386003935 ], [ -40.051420304, -18.386035303 ], [ -40.051397641, -18.386074969 ], [ -40.051392987, -18.386082838 ], [ -40.051366262, -18.386126172 ] ] } },
{ "type": "Feature", "properties": { "Field": "000", "Length": 75.344787914266021 }, "geometry": { "type": "LineString", "coordinates": [ [ -40.052721163, -18.383723152 ], [ -40.052679978, -18.383700255 ], [ -40.052584671, -18.38364126 ], [ -40.052527263, -18.383609675 ], [ -40.0524638, -18.383570237 ], [ -40.052390497, -18.383528798 ], [ -40.052269563, -18.383457777 ], [ -40.052112578, -18.383368408 ] ] } },
{ "type": "Feature", "properties": { "Field": "001", "Length": 299.18735221717247 }, "geometry": { "type": "LineString", "coordinates": [ [ -40.052709685000011, -18.383736906 ], [ -40.052653469, -18.383832389 ], [ -40.052631538, -18.38387243 ], [ -40.0526127, -18.383903786 ], [ -40.052586518, -18.383951901 ], [ -40.05253644, -18.384039054 ], [ -40.052517562, -18.384070388 ], [ -40.052461609, -18.38417502 ], [ -40.052401971, -18.38427778 ], [ -40.05238012, -18.38431786 ], [ -40.05232999, -18.384404986 ], [ -40.052303336, -18.384452866 ], [ -40.052266592, -18.384516079 ], [ -40.052248914, -18.384548044 ], [ -40.052211677, -18.384610995 ], [ -40.052135, -18.384746059 ], [ -40.052104236, -18.384802086 ], [ -40.05206276, -18.384873127 ], [ -40.052015492, -18.384961699 ], [ -40.051987515, -18.385008885 ], [ -40.051942514, -18.385088388 ], [ -40.051905427, -18.385151419 ], [ -40.05183752, -18.385270463 ], [ -40.051802329, -18.385334477 ], [ -40.051730083, -18.385461556 ], [ -40.051706641, -18.385500809 ], [ -40.051684346, -18.385540665 ], [ -40.051665518, -18.385572027 ], [ -40.051643207, -18.385611875 ], [ -40.051624546, -18.385643328 ], [ -40.051577492, -18.385732003 ], [ -40.051517765, -18.385834716 ], [ -40.051436935, -18.38597791 ], [ -40.051371874, -18.386088129 ], [ -40.051356931, -18.386111888 ] ] } },
{ "type": "Feature", "properties": { "Field": "001", "Length": 297.89719343310554 }, "geometry": { "type": "LineString", "coordinates": [ [ -40.052694397, -18.383733015 ], [ -40.052603564, -18.383891058 ], [ -40.052541761, -18.384002973 ], [ -40.052495976, -18.384082066 ], [ -40.052483598, -18.384106465 ], [ -40.052452701, -18.384162425 ], [ -40.052392915, -18.384265106 ], [ -40.052353107, -18.384337012 ], [ -40.052247767, -18.38451891 ], [ -40.052171297, -18.384654081 ], [ -40.05214297, -18.384701076 ], [ -40.052090963, -18.384797484 ], [ -40.052077538, -18.384821373 ], [ -40.052044869, -18.384876408 ], [ -40.052010144, -18.384940653 ], [ -40.051865065, -18.385194505 ], [ -40.051828217, -18.385257663 ], [ -40.051784193, -18.385337663 ], [ -40.051747983, -18.385401157 ], [ -40.051633506, -18.385598884 ], [ -40.051594815, -18.385671344 ], [ -40.051563655, -18.385727171 ], [ -40.051544721, -18.385758474 ], [ -40.051418534, -18.385980987 ], [ -40.051367224, -18.386067485 ], [ -40.051347865187154, -18.38609801170487 ] ] } },
{ "type": "Feature", "properties": { "Field": "001", "Length": 296.70399142412151 }, "geometry": { "type": "LineString", "coordinates": [ [ -40.052680332, -18.383729435 ], [ -40.052585245, -18.383895557 ], [ -40.052563549, -18.383935714 ], [ -40.052470246, -18.384103284 ], [ -40.052374417, -18.384269548 ], [ -40.05233444, -18.384341369 ], [ -40.052297161, -18.384404296 ], [ -40.052270241, -18.384452039 ], [ -40.052233454, -18.38451523 ], [ -40.052193263, -18.384586941 ], [ -40.052174793, -18.384618496 ], [ -40.052157208, -18.384650507 ], [ -40.052124331, -18.384705428 ], [ -40.052058542, -18.384825552 ], [ -40.052031042, -18.384872992 ], [ -40.05200459, -18.384920973 ], [ -40.051940661, -18.385031794 ], [ -40.051936155, -18.385039742 ], [ -40.051918667, -18.385071802 ], [ -40.051891164, -18.385119241 ], [ -40.051855423, -18.385182977 ], [ -40.051836783, -18.38521444 ], [ -40.051805186, -18.385270042 ], [ -40.051800732, -18.385278016 ], [ -40.051779135, -18.385318222 ], [ -40.051729036, -18.385405364 ], [ -40.051701074, -18.385452558 ], [ -40.05165641, -18.385532234 ], [ -40.051628614, -18.385579517 ], [ -40.051611398, -18.385611711 ], [ -40.05156227, -18.385699356 ], [ -40.051544931, -18.385731489 ], [ -40.051526274, -18.385762943 ], [ -40.051481694, -18.385842662 ], [ -40.051453935, -18.385889965 ], [ -40.051395157, -18.385993176 ], [ -40.051339465202908, -18.386085153664883 ] ] } },
{ "type": "Feature", "properties": { "Field": "000", "Length": 70.407673599625923 }, "geometry": { "type": "LineString", "coordinates": [ [ -40.052668608, -18.383710524 ], [ -40.052581689, -18.383654868 ], [ -40.052524234, -18.383623362 ], [ -40.052476867, -18.383593448 ], [ -40.052444716, -18.383574356 ], [ -40.05220121, -18.383434889 ], [ -40.05210167, -18.383376355 ] ] } },
{ "type": "Feature", "properties": { "Field": "001", "Length": 295.58088786008295 }, "geometry": { "type": "LineString", "coordinates": [ [ -40.052668322, -18.383726378 ], [ -40.052644481, -18.383764865 ], [ -40.052593701, -18.383851647 ], [ -40.052518255, -18.383987341 ], [ -40.0524747, -18.384067574 ], [ -40.052401582, -18.384194197 ], [ -40.052397128, -18.384202171 ], [ -40.052384275, -18.384226345 ], [ -40.052379831, -18.384234324 ], [ -40.052356557, -18.384273666999984 ], [ -40.052325172, -18.384329379 ], [ -40.052320609, -18.384337297 ], [ -40.052283206, -18.384400157 ], [ -40.052278646, -18.384408076 ], [ -40.052252181, -18.38445605 ], [ -40.052210439, -18.384526949 ], [ -40.052175046, -18.384590861 ], [ -40.05211517, -18.384693494 ], [ -40.052070723, -18.38477328 ], [ -40.052036098, -18.384837574 ], [ -40.051922558, -18.385035793 ], [ -40.051864852, -18.385139553 ], [ -40.051818991, -18.385218606 ], [ -40.051760581, -18.385322007 ], [ -40.051733264, -18.385369544 ], [ -40.051695767, -18.385432353 ], [ -40.051691241, -18.385440291 ], [ -40.051665501, -18.385488623 ], [ -40.051661081, -18.385496614 ], [ -40.051615029, -18.385575567 ], [ -40.051610595, -18.385583550999986 ], [ -40.051598036, -18.385607866 ], [ -40.051593726, -18.385615912 ], [ -40.051468106, -18.385838717 ], [ -40.051371981, -18.386004827 ], [ -40.051331135, -18.386072402 ] ] } },
{ "type": "Feature", "properties": { "Field": "001", "Length": 294.37263976178525 }, "geometry": { "type": "LineString", "coordinates": [ [ -40.052654272, -18.383722802 ], [ -40.052640019, -18.383745705 ], [ -40.052635314, -18.383753547 ], [ -40.052584491, -18.383840306 ], [ -40.052513333, -18.383967943 ], [ -40.052470225, -18.384048395 ], [ -40.052447864, -18.384088218 ], [ -40.052396941, -18.384174923 ], [ -40.052366053, -18.384230887 ], [ -40.052333727, -18.384286105 ], [ -40.052297943, -18.384349819 ], [ -40.052256168, -18.384420699 ], [ -40.052101522, -18.384690156 ], [ -40.052061461, -18.384761934 ], [ -40.052027698, -18.384826644 ], [ -40.0520232, -18.384834596 ], [ -40.051999806, -18.384873874 ], [ -40.051972882, -18.384921615 ], [ -40.051926927, -18.385000619 ], [ -40.051869311, -18.385104424 ], [ -40.051805497, -18.385215306 ], [ -40.051774385, -18.385271156 ], [ -40.051714678, -18.385373879 ], [ -40.051681881, -18.385428845 ], [ -40.051677393, -18.385436801 ], [ -40.051642536, -18.385500982 ], [ -40.051615447, -18.385548638 ], [ -40.051589661, -18.385596946999989 ], [ -40.051585133, -18.385604883 ], [ -40.051561713, -18.385644148 ], [ -40.05155717, -18.385652075 ], [ -40.051459181, -18.385827501 ], [ -40.05144027, -18.385858816 ], [ -40.051417911, -18.38589864 ], [ -40.051371866, -18.385977596 ], [ -40.051349426, -18.386017378 ], [ -40.051344553, -18.386025125 ], [ -40.051329198, -18.386047931 ], [ -40.051322428, -18.386059074 ] ] } },
{ "type": "Feature", "properties": { "Field": "001", "Length": 293.17657981302108 }, "geometry": { "type": "LineString", "coordinates": [ [ -40.052640119, -18.3837192 ], [ -40.052621115, -18.38374992 ], [ -40.052552325, -18.383868501 ], [ -40.05251196, -18.383940124 ], [ -40.052490433, -18.383980363 ], [ -40.05247404, -18.384012947 ], [ -40.05244727, -18.384060766 ], [ -40.052396669, -18.384147644 ], [ -40.052324014, -18.384274509 ], [ -40.052288309, -18.384338263 ], [ -40.052241949, -18.384417051 ], [ -40.052087648, -18.384686687 ], [ -40.052061217, -18.384734679 ], [ -40.052027802, -18.384799555 ], [ -40.051990404, -18.384862417 ], [ -40.051941251, -18.384950049 ], [ -40.05188195, -18.385052986 ], [ -40.051860061, -18.385093047 ], [ -40.051855563, -18.385100999 ], [ -40.051746879, -18.385291453 ], [ -40.051672738, -18.385417532 ], [ -40.051641387, -18.385473261 ], [ -40.05157211, -18.385601838 ], [ -40.051553058, -18.385633075 ], [ -40.051548499, -18.385640995 ], [ -40.051440395, -18.385831749 ], [ -40.051366647, -18.385958039 ], [ -40.05134461, -18.385998026 ], [ -40.051335251, -18.386013737 ], [ -40.051319711, -18.386036428 ], [ -40.051313928, -18.386046063 ] ] } },
{ "type": "Feature", "properties": { "Field": "000", "Length": 66.622939290370638 }, "geometry": { "type": "LineString", "coordinates": [ [ -40.052626428, -18.383700389 ], [ -40.05257449, -18.383667254 ], [ -40.052525263, -18.383640214 ], [ -40.052470092, -18.383605184 ], [ -40.052421928, -18.383576453 ], [ -40.052169737, -18.383433244 ], [ -40.052089102307988, -18.383385511182318 ] ] } },
{ "type": "Feature", "properties": { "Field": "001", "Length": 291.94881187172865 }, "geometry": { "type": "LineString", "coordinates": [ [ -40.05262520292483, -18.383715403118998 ], [ -40.052601017, -18.383753693 ], [ -40.052574283, -18.383801532 ], [ -40.052537128, -18.383864526 ], [ -40.052515497, -18.383904714 ], [ -40.052488623, -18.383952481 ], [ -40.052468065, -18.38399318 ], [ -40.052455012, -18.384017257 ], [ -40.052418077, -18.384080369 ], [ -40.052377695, -18.384151982 ], [ -40.052317832, -18.384254623 ], [ -40.05227307, -18.384334248999988 ], [ -40.052203825, -18.384452588 ], [ -40.052181753, -18.384492558 ], [ -40.052163085, -18.384524006 ], [ -40.05213639, -18.384571864 ], [ -40.052094866, -18.384642881 ], [ -40.052064315, -18.384699013 ], [ -40.052030731, -18.384763809 ], [ -40.051980365, -18.384850811 ], [ -40.051931518, -18.384938599 ], [ -40.051862956, -18.3850573 ], [ -40.05183198, -18.38511322 ], [ -40.051772139, -18.385215872 ], [ -40.051732345, -18.385287785 ], [ -40.051639767, -18.385445437 ], [ -40.051617559, -18.385485339 ], [ -40.051588614, -18.385542241 ], [ -40.051575551, -18.385566313 ], [ -40.05152428800001, -18.385652836 ], [ -40.051435037, -18.385812228 ], [ -40.051365812, -18.385930578 ], [ -40.05133412, -18.385986131 ], [ -40.051305308, -18.386032868 ] ] } },
{ "type": "Feature", "properties": { "Field": "001", "Length": 290.71876706648624 }, "geometry": { "type": "LineString", "coordinates": [ [ -40.052610497791399, -18.38371166033037 ], [ -40.052586318, -18.383749954 ], [ -40.052536264, -18.383837119 ], [ -40.052531753, -18.383845064 ], [ -40.052492065, -18.38391703 ], [ -40.052449094, -18.383997549 ], [ -40.052412165, -18.384060665 ], [ -40.052358449, -18.384156214 ], [ -40.052339708, -18.384187622999988 ], [ -40.052258275, -18.384330504 ], [ -40.052180367, -18.384464925 ], [ -40.052135536, -18.384544515 ], [ -40.052084924, -18.384631386 ], [ -40.052067484, -18.384663471 ], [ -40.052025597, -18.38474451 ], [ -40.052021282, -18.384752553 ], [ -40.051965952, -18.38484726 ], [ -40.051903263, -18.384958724 ], [ -40.051870527, -18.385013722 ], [ -40.051826038, -18.385093488 ], [ -40.051752921, -18.385220111 ], [ -40.051717357, -18.385283937 ], [ -40.05163878, -18.385418002 ], [ -40.051612097, -18.385465866 ], [ -40.051607764, -18.3854739 ], [ -40.051595527, -18.385498364 ], [ -40.051565257, -18.385554635 ], [ -40.051514462, -18.385641410000012 ], [ -40.051415777, -18.385816479 ], [ -40.051378442, -18.385879376 ], [ -40.051319166, -18.385982327 ], [ -40.051296741076925, -18.386019754871619 ] ] } },
{ "type": "Feature", "properties": { "Field": "001", "Length": 289.54108161659258 }, "geometry": { "type": "LineString", "coordinates": [ [ -40.052596926865675, -18.383708206222067 ], [ -40.052559303, -18.383770406 ], [ -40.052554681, -18.383778293 ], [ -40.052514138, -18.383849823 ], [ -40.05250975, -18.383857831 ], [ -40.052462822, -18.383946567 ], [ -40.052458389, -18.383954552 ], [ -40.052403157, -18.38404931 ], [ -40.052381203, -18.384089338 ], [ -40.052321619, -18.384192126 ], [ -40.052267962, -18.384287707 ], [ -40.052263386, -18.384295617 ], [ -40.052211869, -18.384382002999988 ], [ -40.052207303, -18.384389918 ], [ -40.052153893, -18.384485624 ], [ -40.052085392, -18.384604358 ], [ -40.052080955, -18.38461234 ], [ -40.052055138, -18.384660636 ], [ -40.052026267, -18.384717572 ], [ -40.052021893, -18.384725586 ], [ -40.051947694, -18.384851635 ], [ -40.051920678, -18.384899329 ], [ -40.05189896, -18.384939474 ], [ -40.05189448, -18.384947435 ], [ -40.051843468, -18.385034093 ], [ -40.051807771, -18.38509785 ], [ -40.051743949, -18.385208728 ], [ -40.051717351, -18.385256635 ], [ -40.051712789, -18.385264553 ], [ -40.051684639, -18.385311645 ], [ -40.051630162, -18.385406801 ], [ -40.051599585, -18.38546292 ], [ -40.051587049, -18.385487246 ], [ -40.051582712, -18.385495278 ], [ -40.051455712, -18.38571737 ], [ -40.051425213, -18.385773527 ], [ -40.051420712, -18.385781477 ], [ -40.051364836, -18.385875891 ], [ -40.051310602, -18.385971175 ], [ -40.051305892, -18.385979013 ], [ -40.051288272, -18.386006790999989 ] ] } },
{ "type": "Feature", "properties": { "Field": "001", "Length": 288.35595966283222 }, "geometry": { "type": "LineString", "coordinates": [ [ -40.052582954965956, -18.383704650055609 ], [ -40.052549769, -18.38375886 ], [ -40.05254527, -18.383766811 ], [ -40.05245358, -18.38393519 ], [ -40.052407306, -18.384014023 ], [ -40.052239972, -18.384307752999987 ], [ -40.052179596, -18.384410119 ], [ -40.052144568, -18.384474214 ], [ -40.052140086, -18.384482174 ], [ -40.052067528, -18.38460909 ], [ -40.052063244, -18.384617148 ], [ -40.052025761, -18.384690185 ], [ -40.052012622, -18.384714219 ], [ -40.051942925, -18.384832315 ], [ -40.05187577, -18.384951747 ], [ -40.051824949, -18.385038508 ], [ -40.051698693, -18.385260985 ], [ -40.051675335, -18.385300282 ], [ -40.051625436, -18.385387529 ], [ -40.051573301, -18.385483874 ], [ -40.051464345, -18.385674186 ], [ -40.051402079, -18.385785867 ], [ -40.051364568, -18.385848668 ], [ -40.051305753, -18.385951859999988 ], [ -40.051279969172256, -18.385994081717911 ] ] } },
{ "type": "Feature", "properties": { "Field": "000", "Length": 62.488075495990046 }, "geometry": { "type": "LineString", "coordinates": [ [ -40.052581597, -18.383688755 ], [ -40.052548275, -18.383668398 ], [ -40.052507532, -18.383645407 ], [ -40.052468347, -18.383620069 ], [ -40.052395897, -18.383577286 ], [ -40.052347087, -18.383549565 ], [ -40.05231411, -18.383531805 ], [ -40.052225048, -18.383480313 ], [ -40.052200389, -18.383466869 ], [ -40.052111091, -18.383415751 ], [ -40.052077071, -18.383394277 ] ] } },
{ "type": "Feature", "properties": { "Field": "001", "Length": 287.18484738062017 }, "geometry": { "type": "LineString", "coordinates": [ [ -40.052568673, -18.383701015 ], [ -40.052534819, -18.383756536 ], [ -40.052512628, -18.383796445 ], [ -40.052492002, -18.383837113 ], [ -40.05244773, -18.383916988 ], [ -40.052364908, -18.38405914 ], [ -40.052234076, -18.384289528 ], [ -40.052179092, -18.384384418 ], [ -40.052160212, -18.384415751 ], [ -40.052137722, -18.384455508 ], [ -40.052107386, -18.384511747 ], [ -40.052088782, -18.38454323 ], [ -40.052062074, -18.384591081 ], [ -40.052015173, -18.384679831 ], [ -40.051927567, -18.384829784 ], [ -40.051896534, -18.384885674 ], [ -40.051809895, -18.385036138 ], [ -40.051778845, -18.38509202 ], [ -40.0517009, -18.385226422 ], [ -40.051660726, -18.385298142 ], [ -40.051624053, -18.385361394 ], [ -40.051589586, -18.385425766 ], [ -40.051522541, -18.385545255 ], [ -40.051431198, -18.385703562 ], [ -40.051391068, -18.385775305 ], [ -40.05134926, -18.385846169 ], [ -40.05127183003362, -18.385981622941195 ] ] } },
{ "type": "Feature", "properties": { "Field": "001", "Length": 285.93258643944176 }, "geometry": { "type": "LineString", "coordinates": [ [ -40.052554420730303, -18.383697387439554 ], [ -40.052525963, -18.383743768 ], [ -40.052503839, -18.383783712 ], [ -40.052483231, -18.383824387 ], [ -40.052438922, -18.383904244 ], [ -40.052369634, -18.384022561 ], [ -40.052306423, -18.384133756 ], [ -40.052274167, -18.384189012 ], [ -40.052220353, -18.384284512 ], [ -40.052142302, -18.384418856 ], [ -40.052089447, -18.384514843 ], [ -40.052071275, -18.384546555 ], [ -40.052037129, -18.384611083 ], [ -40.051997148, -18.384682902 ], [ -40.051923115, -18.384809039 ], [ -40.051756343, -18.385103061 ], [ -40.051701717, -18.38519814 ], [ -40.05167838, -18.385237449 ], [ -40.051656562, -18.385277546 ], [ -40.051606323, -18.385364615 ], [ -40.051580554, -18.385412933 ], [ -40.051552945, -18.385460317 ], [ -40.051477436, -18.38559598 ], [ -40.051431121, -18.385674792 ], [ -40.05137269, -18.385778182 ], [ -40.051330987, -18.385849102 ], [ -40.051295067, -18.385912746 ], [ -40.051262836137816, -18.385967855764353 ] ] } },
{ "type": "Feature", "properties": { "Field": "001", "Length": 284.66993661420764 }, "geometry": { "type": "LineString", "coordinates": [ [ -40.05253944199584, -18.383693575006806 ], [ -40.052511088, -18.383740014 ], [ -40.05250644, -18.383747886 ], [ -40.052489186, -18.383780062 ], [ -40.05247331, -18.383812878 ], [ -40.052469191, -18.383821014 ], [ -40.052433235, -18.383884639 ], [ -40.052341144, -18.38404255 ], [ -40.052292093, -18.384130234 ], [ -40.052236669, -18.38422489 ], [ -40.05221026, -18.384272893 ], [ -40.052182609, -18.384320254 ], [ -40.052160251, -18.384360078 ], [ -40.052136907, -18.384399384 ], [ -40.052091732, -18.384478796 ], [ -40.05208726, -18.384486761 ], [ -40.052052395, -18.384550938 ], [ -40.052026968, -18.38459942 ], [ -40.051964222, -18.384710855 ], [ -40.051858843, -18.384892732 ], [ -40.051827648, -18.384948541 ], [ -40.051700784, -18.385170702 ], [ -40.0516682, -18.385225781 ], [ -40.051646595, -18.385265983 ], [ -40.051614298, -18.385321217 ], [ -40.051579729, -18.385385539 ], [ -40.051538363, -18.385456638 ], [ -40.051516453, -18.385496689 ], [ -40.051497961, -18.385528231999988 ], [ -40.051457904, -18.385600012 ], [ -40.051439229, -18.385631456 ], [ -40.051358168, -18.385774531 ], [ -40.051253853, -18.385954105 ] ] } },
{ "type": "Feature", "properties": { "Field": "000", "Length": 57.358820737521349 }, "geometry": { "type": "LineString", "coordinates": [ [ -40.052528234894083, -18.38367388135482 ], [ -40.052489397, -18.383651224 ], [ -40.052458197, -18.383630751 ], [ -40.052450212, -18.383625902 ], [ -40.052393848, -18.383592647 ], [ -40.052337011, -18.383560136 ], [ -40.05226319, -18.383519546 ], [ -40.052190521, -18.383477103 ], [ -40.052101035, -18.383426286 ], [ -40.052085273, -18.383416282 ], [ -40.052066084, -18.383402282 ] ] } },
{ "type": "Feature", "properties": { "Field": "001", "Length": 283.38226481418906 }, "geometry": { "type": "LineString", "coordinates": [ [ -40.052524649, -18.38368981 ], [ -40.052496682, -18.383736463 ], [ -40.052492313, -18.38374448 ], [ -40.052467662, -18.383793327 ], [ -40.052463362, -18.383801378 ], [ -40.052427795, -18.383865202 ], [ -40.052349439, -18.383999385 ], [ -40.052264151, -18.38415055 ], [ -40.052226684, -18.384213375 ], [ -40.052222109, -18.384221287 ], [ -40.052150389, -18.384348636 ], [ -40.052122487, -18.384395861 ], [ -40.052086321, -18.384459378 ], [ -40.052081932, -18.384467385 ], [ -40.052039054, -18.38454795 ], [ -40.051990002, -18.384635633 ], [ -40.051848619, -18.384881114 ], [ -40.051771882, -18.385016147 ], [ -40.051727408, -18.385095919 ], [ -40.051686347, -18.38516718 ], [ -40.051648839, -18.385229984 ], [ -40.051644327, -18.385237928 ], [ -40.051626846, -18.385269992 ], [ -40.051608696, -18.385301715 ], [ -40.051604282, -18.385309709 ], [ -40.051569857, -18.385374102 ], [ -40.051565408, -18.385382078 ], [ -40.051487905, -18.385516713 ], [ -40.05143919, -18.385604567 ], [ -40.051393195, -18.385683549 ], [ -40.051348253, -18.385763082 ], [ -40.051329437, -18.385794449 ], [ -40.051297724, -18.385849991 ], [ -40.051244680089631, -18.385940063847798 ] ] } },
{ "type": "Feature", "properties": { "Field": "001", "Length": 282.1559775199583 }, "geometry": { "type": "LineString", "coordinates": [ [ -40.052511189886637, -18.38368638419092 ], [ -40.052487194, -18.383726797 ], [ -40.052453173, -18.383791385 ], [ -40.05240851, -18.383871062 ], [ -40.052307725, -18.384045037 ], [ -40.052254137, -18.384140653 ], [ -40.052216848, -18.384203575 ], [ -40.05214488, -18.384330796 ], [ -40.052094134, -18.384417596999988 ], [ -40.052063252, -18.384473564 ], [ -40.052029346, -18.384538207 ], [ -40.051948246, -18.384681261 ], [ -40.051843179, -18.384863303 ], [ -40.051776348, -18.384982901 ], [ -40.051698337, -18.385117267 ], [ -40.051676603, -18.385157405 ], [ -40.051634055, -18.385227867 ], [ -40.051568809, -18.38534826 ], [ -40.051486365, -18.385490613 ], [ -40.051429045, -18.385594568 ], [ -40.051391818, -18.385657524 ], [ -40.051329303, -18.385769078 ], [ -40.051250234, -18.38590288 ], [ -40.051235714245919, -18.385926339602666 ] ] } },
{ "type": "Feature", "properties": { "Field": "001", "Length": 281.00599144894403 }, "geometry": { "type": "LineString", "coordinates": [ [ -40.05249786600001, -18.383682993 ], [ -40.052462907, -18.383746875 ], [ -40.052435232, -18.383794223 ], [ -40.052363306, -18.383921466 ], [ -40.052330925, -18.383976655 ], [ -40.052245247, -18.38412762 ], [ -40.05219888100001, -18.384206404 ], [ -40.052172293, -18.384254317 ], [ -40.05211785, -18.384349491 ], [ -40.05209446, -18.384388772 ], [ -40.052055015, -18.38446086 ], [ -40.05202156, -18.384525717 ], [ -40.051993774, -18.384573006 ], [ -40.051962638, -18.384628844 ], [ -40.051839142, -18.384842463 ], [ -40.051767396, -18.384969799 ], [ -40.051689316, -18.385104129 ], [ -40.051658273, -18.385160014 ], [ -40.051625659, -18.385215079 ], [ -40.051542361, -18.385367253 ], [ -40.051523403, -18.385398542 ], [ -40.051505615, -18.385430453 ], [ -40.051472921, -18.385485474 ], [ -40.051441682, -18.38554126 ], [ -40.051415809, -18.385589528 ], [ -40.051378558, -18.385652471 ], [ -40.051320412, -18.385756007 ], [ -40.051251361, -18.385874451 ], [ -40.051227524131249, -18.385913802783332 ] ] } },
{ "type": "Feature", "properties": { "Field": "001", "Length": 279.83868188926175 }, "geometry": { "type": "LineString", "coordinates": [ [ -40.052483997892004, -18.383679463194145 ], [ -40.052453149, -18.383734922 ], [ -40.052361896, -18.383893276 ], [ -40.052335309, -18.38394119 ], [ -40.052312062, -18.383980547 ], [ -40.05224895500001, -18.384091797 ], [ -40.052193387, -18.384186376 ], [ -40.052157697, -18.384250138 ], [ -40.052080058, -18.3843847 ], [ -40.052002146, -18.384529361 ], [ -40.051974265, -18.384576598 ], [ -40.051947856, -18.384624601 ], [ -40.051861365, -18.384775142 ], [ -40.051842538, -18.384806504 ], [ -40.051797555, -18.384886016 ], [ -40.051778977, -18.384917513 ], [ -40.051752412, -18.384965437 ], [ -40.05163845, -18.385163435 ], [ -40.051615958, -18.385203191 ], [ -40.051581526, -18.38526758 ], [ -40.051558461, -18.385307035 ], [ -40.051532148, -18.385355086 ], [ -40.051463462, -18.385473723 ], [ -40.051409957, -18.385569381 ], [ -40.051359399, -18.385656281 ], [ -40.051319448, -18.385728115 ], [ -40.05128231, -18.385791119 ], [ -40.051219373111323, -18.385901325805062 ] ] } },
{ "type": "Feature", "properties": { "Field": "000", "Length": 52.486170419761145 }, "geometry": { "type": "LineString", "coordinates": [ [ -40.052476512, -18.383659464 ], [ -40.052396845, -18.383610745 ], [ -40.052332398, -18.383572788 ], [ -40.05226642, -18.38353731 ], [ -40.052210161, -18.383503894 ], [ -40.05209621, -18.383439313 ], [ -40.052052889116219, -18.383411895073554 ] ] } },
{ "type": "Feature", "properties": { "Field": "001", "Length": 278.61672493970229 }, "geometry": { "type": "LineString", "coordinates": [ [ -40.052469837917542, -18.383675859148649 ], [ -40.052452343, -18.383707393 ], [ -40.052415697, -18.383770658 ], [ -40.052384599, -18.383826515 ], [ -40.052351706, -18.383881428 ], [ -40.052347129, -18.383889338 ], [ -40.052316627, -18.383945495 ], [ -40.052275903, -18.384016931 ], [ -40.052179039, -18.384182649 ], [ -40.052098135, -18.384325804 ], [ -40.052075044, -18.384365245 ], [ -40.052070535, -18.384373191 ], [ -40.05201924, -18.384469945 ], [ -40.051933868, -18.384621068 ], [ -40.051865077, -18.384739648 ], [ -40.051842828, -18.384779527 ], [ -40.051819246, -18.384818703 ], [ -40.051773657, -18.3848979 ], [ -40.051733799, -18.38496978 ], [ -40.051696773, -18.385032844 ], [ -40.051692227, -18.38504077 ], [ -40.051661394, -18.385096761 ], [ -40.051624433, -18.385159859 ], [ -40.051619923, -18.385167805 ], [ -40.051585404, -18.385232151 ], [ -40.051548825, -18.385295451 ], [ -40.051522433, -18.385343462 ], [ -40.051481132, -18.385414597 ], [ -40.051377684, -18.385597481 ], [ -40.051340542, -18.385660482 ], [ -40.051300467, -18.385732253 ], [ -40.051254227, -18.385811105 ], [ -40.051210618265515, -18.38588792453228 ] ] } },
{ "type": "Feature", "properties": { "Field": "001", "Length": 277.39152393370063 }, "geometry": { "type": "LineString", "coordinates": [ [ -40.052454958948609, -18.383672072100872 ], [ -40.052442749, -18.383696038 ], [ -40.05243844, -18.383704084 ], [ -40.052425124, -18.383728029 ], [ -40.052379824, -18.383807377 ], [ -40.052351842, -18.383854559 ], [ -40.052347307, -18.383862492 ], [ -40.052307406, -18.38393435 ], [ -40.052252817, -18.384029449 ], [ -40.052224519, -18.384076459 ], [ -40.052192945, -18.384132073 ], [ -40.052133111, -18.384234728 ], [ -40.052093116, -18.384306539 ], [ -40.052065715, -18.384354032 ], [ -40.052061399, -18.384362075 ], [ -40.052036724, -18.384410911 ], [ -40.052032402, -18.384418951 ], [ -40.051978626, -18.384514471 ], [ -40.051855725, -18.384728401 ], [ -40.051833494, -18.384768291 ], [ -40.05180541, -18.384815417 ], [ -40.051746174, -18.384918389 ], [ -40.05163867, -18.385109452 ], [ -40.051610898, -18.385156748 ], [ -40.05160643, -18.385164715 ], [ -40.051580422, -18.385212917 ], [ -40.051575956, -18.385220885 ], [ -40.05153487, -18.385292132 ], [ -40.051499598, -18.385356105 ], [ -40.051440194, -18.385458988 ], [ -40.051363445, -18.385594015 ], [ -40.05133555, -18.385641246 ], [ -40.051295473, -18.385713015 ], [ -40.051202042, -18.385874796 ] ] } },
{ "type": "Feature", "properties": { "Field": "001", "Length": 276.16868220530461 }, "geometry": { "type": "LineString", "coordinates": [ [ -40.05244152196272, -18.383668652070568 ], [ -40.052406812, -18.383734351 ], [ -40.052387753, -18.383765584 ], [ -40.052341961, -18.383844674 ], [ -40.052078246, -18.384304383 ], [ -40.05204757, -18.384360454 ], [ -40.052022969, -18.384409324 ], [ -40.05199944400001, -18.384448531 ], [ -40.051932471, -18.384568057 ], [ -40.051818968, -18.384766295 ], [ -40.051736017, -18.384908379 ], [ -40.051691041, -18.384987894 ], [ -40.051664736, -18.385035949 ], [ -40.051605661, -18.385139005 ], [ -40.0515618, -18.385219087 ], [ -40.051520157, -18.385290039 ], [ -40.051489491, -18.385346114 ], [ -40.051398188, -18.385504443 ], [ -40.051353192, -18.385583948 ], [ -40.05132993, -18.385623298 ], [ -40.051303613, -18.385671347 ], [ -40.05122595200001, -18.385805898 ], [ -40.051193097, -18.385861104 ] ] } },
{ "type": "Feature", "properties": { "Field": "001", "Length": 274.97879161539595 }, "geometry": { "type": "LineString", "coordinates": [ [ -40.052428564, -18.383665354 ], [ -40.052393568, -18.383728943 ], [ -40.052370016, -18.383768134 ], [ -40.052315469, -18.383863255 ], [ -40.052284408, -18.383919131 ], [ -40.052201508, -18.384061242 ], [ -40.052174652, -18.384109018 ], [ -40.052092385, -18.384251464 ], [ -40.052056958, -18.384315359 ], [ -40.052019262, -18.384388295 ], [ -40.051977386, -18.384459122 ], [ -40.051919581, -18.384562832 ], [ -40.051869064, -18.384649755 ], [ -40.051805962, -18.384761007 ], [ -40.051723069, -18.384903121 ], [ -40.051705691, -18.384935236 ], [ -40.051673691, -18.384990628 ], [ -40.051624481, -18.385078231 ], [ -40.051616106, -18.38509444 ], [ -40.051549261, -18.385214031 ], [ -40.051507407, -18.38528487 ], [ -40.051454004, -18.38538058 ], [ -40.05140786, -18.385459484 ], [ -40.051340314, -18.385578715 ], [ -40.051317213, -18.385618152 ], [ -40.051272903, -18.385698008 ], [ -40.051222279, -18.385784873 ], [ -40.0511843950394, -18.385847783934572 ] ] } },
{ "type": "Feature", "properties": { "Field": "000", "Length": 47.763027375059195 }, "geometry": { "type": "LineString", "coordinates": [ [ -40.052425342974836, -18.383645201367404 ], [ -40.052363035, -18.383606753 ], [ -40.052314597, -18.383578445 ], [ -40.052256964, -18.383547235 ], [ -40.052191812, -18.383510392 ], [ -40.052119263, -18.383467761 ], [ -40.052086418, -18.38344978 ], [ -40.05206255, -18.383435093 ], [ -40.052047325, -18.383424351 ], [ -40.052039869, -18.383419968 ] ] } },
{ "type": "Feature", "properties": { "Field": "001", "Length": 273.81382750682019 }, "geometry": { "type": "LineString", "coordinates": [ [ -40.052413205, -18.383661445 ], [ -40.052400758, -18.383685298 ], [ -40.052378458, -18.383725152 ], [ -40.052373942, -18.383733095 ], [ -40.052359832, -18.383756621 ], [ -40.052328616, -18.383812419 ], [ -40.052209675, -18.384018115 ], [ -40.052114905, -18.384184933 ], [ -40.052091366, -18.384224131 ], [ -40.052060614, -18.384280164 ], [ -40.052023238, -18.38435325 ], [ -40.052018976, -18.384361319 ], [ -40.051977004, -18.384432094 ], [ -40.051905263, -18.384559433 ], [ -40.051854475, -18.384646211 ], [ -40.051818742, -18.38470995 ], [ -40.051708783, -18.384899736 ], [ -40.05168673, -18.384939715 ], [ -40.051623063, -18.385050673 ], [ -40.051571653, -18.385147372 ], [ -40.051557544, -18.3851709 ], [ -40.051535184, -18.385210723 ], [ -40.051497824, -18.385273607 ], [ -40.051439846, -18.385377229 ], [ -40.051393268, -18.3854559 ], [ -40.051339435, -18.38555139 ], [ -40.051279994, -18.385654254 ], [ -40.051267174, -18.385678444 ], [ -40.051253623, -18.385702269 ], [ -40.051176513098042, -18.385835718830315 ] ] } },
{ "type": "Feature", "properties": { "Field": "001", "Length": 272.61450414876344 }, "geometry": { "type": "LineString", "coordinates": [ [ -40.052398508880337, -18.383657704217679 ], [ -40.052359148, -18.383729311 ], [ -40.052181125, -18.38403806 ], [ -40.052104939, -18.384173377 ], [ -40.052100354, -18.384181283 ], [ -40.052086156, -18.384204762 ], [ -40.052081555, -18.384212659 ], [ -40.052059471, -18.384252623 ], [ -40.052055184, -18.38426068 ], [ -40.052038657, -18.384293201 ], [ -40.052021243, -18.384325298 ], [ -40.051998749, -18.384365053 ], [ -40.051970772, -18.384412239 ], [ -40.051966213, -18.384420159 ], [ -40.051913246, -18.384516089 ], [ -40.051908729, -18.38452403 ], [ -40.0518436, -18.384634212 ], [ -40.05178113, -18.384745789 ], [ -40.05177657, -18.384753708 ], [ -40.051743712, -18.38480864 ], [ -40.051739154, -18.38481656 ], [ -40.051725976, -18.384840574 ], [ -40.051626031, -18.385014991 ], [ -40.051621604, -18.385022979 ], [ -40.051578949, -18.385103652 ], [ -40.051574532, -18.385111645 ], [ -40.051546869, -18.385158999 ], [ -40.05152447, -18.385198803 ], [ -40.051487323000011, -18.3852618 ], [ -40.051425168, -18.385373538 ], [ -40.051420603, -18.385381454 ], [ -40.051392272, -18.385428446 ], [ -40.051306325, -18.385579272 ], [ -40.051269397, -18.385642387 ], [ -40.051251723, -18.385674354 ], [ -40.051215242, -18.385737707 ], [ -40.051168201, -18.385822995 ] ] } },
{ "type": "Feature", "properties": { "Field": "001", "Length": 271.3515435868656 }, "geometry": { "type": "LineString", "coordinates": [ [ -40.05238425798683, -18.383654077023724 ], [ -40.052331315, -18.383749495 ], [ -40.052285369, -18.383828503 ], [ -40.052258551, -18.383876299 ], [ -40.052135346, -18.384090069 ], [ -40.052090707, -18.384169758 ], [ -40.052072024, -18.384201198 ], [ -40.052067588, -18.384209181 ], [ -40.05202493, -18.384289852 ], [ -40.052020465, -18.384297821 ], [ -40.051965358, -18.384392646 ], [ -40.051898604, -18.384512282 ], [ -40.051843013, -18.38460685 ], [ -40.051771461, -18.384734285 ], [ -40.051729504, -18.384805069 ], [ -40.051657625, -18.384932336 ], [ -40.051634628, -18.384971827 ], [ -40.051612296, -18.385011665 ], [ -40.051582321, -18.38506808 ], [ -40.051551278, -18.385123965 ], [ -40.051500003, -18.38521048 ], [ -40.051459394, -18.385281977 ], [ -40.051419639, -18.38535391 ], [ -40.051368865, -18.385440695 ], [ -40.051346562, -18.385480547 ], [ -40.051318915, -18.38552791 ], [ -40.051296767, -18.385567841 ], [ -40.0512922, -18.385575757 ], [ -40.05125955, -18.385630802 ], [ -40.051232972, -18.385678719 ], [ -40.051191815, -18.385749929 ], [ -40.051159133, -18.385809114 ] ] } },
{ "type": "Feature", "properties": { "Field": "000", "Length": 43.539046526459735 }, "geometry": { "type": "LineString", "coordinates": [ [ -40.052378579, -18.383632166 ], [ -40.052353434, -18.38361833 ], [ -40.052289205, -18.383580037 ], [ -40.052190758, -18.383525948 ], [ -40.052077418, -18.383460393 ], [ -40.052061346, -18.383450844 ], [ -40.052030386, -18.383430035 ], [ -40.05202657020277, -18.383427801118703 ] ] } },
{ "type": "Feature", "properties": { "Field": "001", "Length": 270.17212344490025 }, "geometry": { "type": "LineString", "coordinates": [ [ -40.052370925, -18.383650684 ], [ -40.052340716, -18.383706464 ], [ -40.052336222, -18.383714417 ], [ -40.052245506, -18.383873052 ], [ -40.05222674, -18.383904448 ], [ -40.052190691, -18.383968025 ], [ -40.052172056, -18.383999491 ], [ -40.052140889, -18.384055314 ], [ -40.052103627, -18.38411825 ], [ -40.052086054, -18.384150268 ], [ -40.052063209, -18.38418984 ], [ -40.052016411, -18.384278639 ], [ -40.051951775, -18.384389085 ], [ -40.051857344, -18.384556077 ], [ -40.051811406, -18.38463509 ], [ -40.051785123, -18.384683156 ], [ -40.051744465, -18.384754627 ], [ -40.051716337, -18.384801731 ], [ -40.051680847, -18.384865594 ], [ -40.051643485, -18.384928477 ], [ -40.051638957, -18.384936412 ], [ -40.051621014, -18.384968243 ], [ -40.051590814, -18.385024549 ], [ -40.051554976, -18.385088234 ], [ -40.051524656, -18.385144481 ], [ -40.051472981, -18.38523078 ], [ -40.051396794, -18.385366097 ], [ -40.05137809, -18.385397525 ], [ -40.051342439, -18.385461307 ], [ -40.051314603, -18.385508569 ], [ -40.051283597, -18.385564473 ], [ -40.051241593, -18.385635232 ], [ -40.051210777, -18.385691232 ], [ -40.051150565199194, -18.385795999653407 ] ] } },
{ "type": "Feature", "properties": { "Field": "001", "Length": 269.0210542997587 }, "geometry": { "type": "LineString", "coordinates": [ [ -40.052357483805807, -18.383647262349598 ], [ -40.052322178, -18.383710824 ], [ -40.052235601, -18.383861321 ], [ -40.052216586, -18.383892579 ], [ -40.052181469, -18.38395663 ], [ -40.052157936, -18.383995833 ], [ -40.052131299, -18.38404372 ], [ -40.05209418, -18.384106734 ], [ -40.052050224, -18.384186768 ], [ -40.052020307, -18.384243211 ], [ -40.051997884, -18.384283002 ], [ -40.051910676, -18.384433165 ], [ -40.051871081, -18.384505179 ], [ -40.051802132, -18.384623676 ], [ -40.051689804, -18.384822523 ], [ -40.051634019, -18.384916986 ], [ -40.051586582, -18.385005476 ], [ -40.051549966, -18.385068758 ], [ -40.051519419, -18.385124892 ], [ -40.051454454, -18.385235162 ], [ -40.051378447, -18.385370572 ], [ -40.051354915, -18.385409775 ], [ -40.051328204, -18.385457625 ], [ -40.051291442, -18.385520829 ], [ -40.051265013, -18.385568822 ], [ -40.051223247, -18.385639708 ], [ -40.051142405, -18.385783508 ] ] } },
{ "type": "Feature", "properties": { "Field": "001", "Length": 267.83166521301757 }, "geometry": { "type": "LineString", "coordinates": [ [ -40.052343645855039, -18.38364374025603 ], [ -40.05230787, -18.38370693 ], [ -40.052233972, -18.383833139 ], [ -40.052211685, -18.383873 ], [ -40.052193027, -18.383904454 ], [ -40.052171001, -18.383944447 ], [ -40.052093329, -18.384078991 ], [ -40.052019462, -18.384215476 ], [ -40.051974687, -18.384295095 ], [ -40.051910445, -18.384405751 ], [ -40.051856707, -18.384501289 ], [ -40.051810488, -18.384580153 ], [ -40.051770032, -18.384651728 ], [ -40.051696973, -18.384778382 ], [ -40.051692435, -18.384786313 ], [ -40.051670594, -18.384826398 ], [ -40.051628722, -18.384897227 ], [ -40.051611074, -18.384929208 ], [ -40.051581368, -18.384985752 ], [ -40.051548988, -18.385040943 ], [ -40.051486641, -18.385152582 ], [ -40.051431226, -18.385247243 ], [ -40.051368745, -18.385358814 ], [ -40.051303598, -18.385468987 ], [ -40.051259418, -18.385548909 ], [ -40.051181709, -18.385683434 ], [ -40.05114728, -18.385747824999989 ], [ -40.051133945, -18.385770558 ] ] } },
{ "type": "Feature", "properties": { "Field": "001", "Length": 266.60405533664789 }, "geometry": { "type": "LineString", "coordinates": [ [ -40.052329118, -18.383640043 ], [ -40.052316222, -18.383663675 ], [ -40.052147318, -18.383956367 ], [ -40.052142882, -18.383964349 ], [ -40.052119789, -18.384003789 ], [ -40.05207503, -18.384083416 ], [ -40.052070635, -18.384091419 ], [ -40.05204939, -18.384131793 ], [ -40.052026903, -18.384171551 ], [ -40.052000802, -18.384219706 ], [ -40.051968883, -18.384275139 ], [ -40.051946777, -18.384315091 ], [ -40.051869002, -18.384449581 ], [ -40.051842366, -18.384497469 ], [ -40.051732421, -18.384687262 ], [ -40.051660656, -18.384814587 ], [ -40.05163273, -18.3848618 ], [ -40.051610517, -18.384901698 ], [ -40.051576377, -18.384966228 ], [ -40.051571996, -18.384974237 ], [ -40.05152133, -18.38506108 ], [ -40.051476718, -18.385140782 ], [ -40.051430355, -18.385219568 ], [ -40.051385295, -18.385299039 ], [ -40.051359068, -18.385347131 ], [ -40.051289467, -18.385465279 ], [ -40.051245122, -18.385545117 ], [ -40.051189988, -18.385639927 ], [ -40.051163343, -18.38568781 ], [ -40.051142091, -18.385728183 ], [ -40.051137709, -18.385736191 ], [ -40.051125276079176, -18.385757288865637 ] ] } },
{ "type": "Feature", "properties": { "Field": "000", "Length": 38.300621180056481 }, "geometry": { "type": "LineString", "coordinates": [ [ -40.052322009, -18.383616398 ], [ -40.052174388, -18.383533287 ], [ -40.052061492, -18.383467036999988 ], [ -40.052022364, -18.383441618 ], [ -40.052012736028402, -18.383435950016707 ] ] } },
{ "type": "Feature", "properties": { "Field": "001", "Length": 265.43928687406668 }, "geometry": { "type": "LineString", "coordinates": [ [ -40.052314963987435, -18.383636440022443 ], [ -40.05226165, -18.383731669 ], [ -40.052223478304271, -18.383794515543002 ], [ -40.052128501, -18.38396041 ], [ -40.052114329, -18.383983901 ], [ -40.052073627, -18.38405535 ], [ -40.052069274, -18.384063373 ], [ -40.052039852, -18.384120053 ], [ -40.052035523, -18.384128089 ], [ -40.051995487, -18.384199879 ], [ -40.051958559, -18.384262994 ], [ -40.051832196, -18.384485416 ], [ -40.051627157, -18.38484186 ], [ -40.051618421, -18.384857893 ], [ -40.051571113, -18.384946446 ], [ -40.051566591, -18.384954383 ], [ -40.051547815, -18.384985772 ], [ -40.051506734, -18.385057023 ], [ -40.05147574, -18.385112931 ], [ -40.05142955, -18.38519181 ], [ -40.051393431, -18.385255351 ], [ -40.051349259, -18.385335276 ], [ -40.051344736, -18.385343214 ], [ -40.051279992, -18.385453603 ], [ -40.051226097, -18.385549061 ], [ -40.051189421, -18.38561231 ], [ -40.051167102, -18.385652155 ], [ -40.051150119, -18.38568446 ], [ -40.051117114020784, -18.385744794962008 ] ] } },
{ "type": "Feature", "properties": { "Field": "001", "Length": 264.20260939994898 }, "geometry": { "type": "LineString", "coordinates": [ [ -40.051108252, -18.385731229 ], [ -40.051144468, -18.385667005999988 ], [ -40.051170073, -18.385618608 ], [ -40.051219323, -18.385531025 ], [ -40.051329079, -18.385341133 ], [ -40.051382598, -18.385245482 ], [ -40.051460429, -18.38511102 ], [ -40.051509742, -18.38502347 ], [ -40.051556032, -18.384944645 ], [ -40.051599136, -18.384864189 ], [ -40.051630106, -18.384808267 ], [ -40.051761816, -18.384578335 ], [ -40.051812398, -18.384491447 ], [ -40.051952514, -18.384245306 ], [ -40.051971441, -18.384213999 ], [ -40.052006994, -18.384150167 ], [ -40.052020968, -18.384126567 ], [ -40.052067813, -18.38403779 ], [ -40.05211256, -18.383958157 ], [ -40.052114041116269, -18.383955050357365 ], [ -40.052214358577586, -18.383784235123823 ], [ -40.052223029, -18.383768848 ], [ -40.05226023, -18.383705879 ], [ -40.052300835949424, -18.383632844090972 ] ] } },
{ "type": "Feature", "properties": { "Field": "001", "Length": 262.98420314875335 }, "geometry": { "type": "LineString", "coordinates": [ [ -40.052286370799273, -18.383629162354946 ], [ -40.052246636, -18.383699424 ], [ -40.052237419, -18.383715211 ], [ -40.052209414, -18.383762381 ], [ -40.052203978870303, -18.383772534362894 ], [ -40.052100699763635, -18.383952771209618 ], [ -40.052091628, -18.383969874 ], [ -40.052060668, -18.384025801 ], [ -40.052022223, -18.38409838 ], [ -40.051939515, -18.384240593 ], [ -40.051904058, -18.384304473 ], [ -40.051830647, -18.384430941 ], [ -40.051776985, -18.384526519 ], [ -40.051707654, -18.384644813 ], [ -40.051663459, -18.384724726 ], [ -40.051613078, -18.38481172 ], [ -40.051592404, -18.384852366 ], [ -40.051564927, -18.384899819 ], [ -40.051538732, -18.384947929 ], [ -40.051483128, -18.385042489 ], [ -40.051438768, -18.385122319000011 ], [ -40.051220062, -18.385502529 ], [ -40.051193299, -18.385550353 ], [ -40.051150548, -18.38563098 ], [ -40.051118724, -18.385686464 ], [ -40.051099602066863, -18.385717988889766 ] ] } },
{ "type": "Feature", "properties": { "Field": "001", "Length": 261.79625126246816 }, "geometry": { "type": "LineString", "coordinates": [ [ -40.051091127, -18.385705015 ], [ -40.051108982, -18.385676832 ], [ -40.051136469, -18.385629385 ], [ -40.051145183, -18.38561334 ], [ -40.051196246, -18.385516474 ], [ -40.051228396, -18.385461161 ], [ -40.051268405, -18.385389357 ], [ -40.051301131, -18.385334354 ], [ -40.051345737, -18.385254649 ], [ -40.051424007, -18.38512042 ], [ -40.051428525, -18.385112479 ], [ -40.051454663, -18.385064341 ], [ -40.051459165, -18.385056392 ], [ -40.051519336, -18.384953916 ], [ -40.051550165, -18.384897922 ], [ -40.051554739, -18.384890011 ], [ -40.051573799, -18.384858777 ], [ -40.051578365, -18.384850861 ], [ -40.051596076, -18.384818913 ], [ -40.051620867, -18.38477013 ], [ -40.051625371, -18.384762182 ], [ -40.051653159, -18.384714895 ], [ -40.051701539, -18.384626872 ], [ -40.051706126, -18.384618967 ], [ -40.051748335, -18.38454832 ], [ -40.051825001, -18.38441325 ], [ -40.05186246, -18.384350421 ], [ -40.05186698, -18.38434248 ], [ -40.051879776, -18.384318279 ], [ -40.051884258, -18.384310319 ], [ -40.051893748, -18.38429468 ], [ -40.051898348, -18.384286782 ], [ -40.051924605, -18.384238704 ], [ -40.051929123, -18.384230763 ], [ -40.052007531, -18.384096608 ], [ -40.052012004, -18.384088643 ], [ -40.052063933, -18.383992197 ], [ -40.052189246846076, -18.383771073804752 ], [ -40.052200515, -18.383749796 ], [ -40.052205032, -18.383741855 ], [ -40.052232825, -18.38369457 ], [ -40.052272064, -18.383625521 ] ] } },
{ "type": "Feature", "properties": { "Field": "000", "Length": 32.76835967587408 }, "geometry": { "type": "LineString", "coordinates": [ [ -40.052262769384491, -18.383599885637697 ], [ -40.052213618, -18.383570954 ], [ -40.052091891, -18.383501177 ], [ -40.052059721, -18.383482117 ], [ -40.052012568, -18.383451895 ], [ -40.051999149282729, -18.38344395316733 ] ] } },
{ "type": "Feature", "properties": { "Field": "001", "Length": 260.58046387516134 }, "geometry": { "type": "LineString", "coordinates": [ [ -40.052257959, -18.383621931 ], [ -40.052249532, -18.383637598 ], [ -40.052239911, -18.383653163 ], [ -40.05217183900001, -18.383772121 ], [ -40.052088916283552, -18.383920445742898 ], [ -40.052083518, -18.383928811 ], [ -40.052069614, -18.38395245 ], [ -40.05206511, -18.383960397 ], [ -40.052039531, -18.384008806 ], [ -40.052017378, -18.384048735 ], [ -40.051948667, -18.384167357 ], [ -40.051858288, -18.384326168 ], [ -40.051825629, -18.384381206 ], [ -40.051753861, -18.38450853 ], [ -40.051711664, -18.384579183 ], [ -40.051675358, -18.384642627 ], [ -40.051621539, -18.384738124 ], [ -40.051612905, -18.384754207 ], [ -40.05159181, -18.384794654 ], [ -40.051573992, -18.384826547 ], [ -40.051565533, -18.384842716 ], [ -40.051561142, -18.384850719 ], [ -40.051537432, -18.384889823 ], [ -40.051532827, -18.384897717 ], [ -40.051515579, -18.384929895 ], [ -40.051506712, -18.384945863 ], [ -40.051484002, -18.384985505 ], [ -40.051423719, -18.385087921 ], [ -40.051374506, -18.385175522 ], [ -40.051336892, -18.385238267 ], [ -40.051332318, -18.385246177 ], [ -40.051293348, -18.385318499 ], [ -40.051256347, -18.385381575 ], [ -40.05125178, -18.38538949 ], [ -40.05122951, -18.38542936 ], [ -40.05119282, -18.385492602 ], [ -40.05118404000001, -18.385508612 ], [ -40.0511585, -18.385557041 ], [ -40.051136449, -18.385597022 ], [ -40.051131939, -18.385604966 ], [ -40.051117974, -18.385628571 ], [ -40.051082540161872, -18.385691871710833 ] ] } },
{ "type": "Feature", "properties": { "Field": "001", "Length": 259.33174966211607 }, "geometry": { "type": "LineString", "coordinates": [ [ -40.052243485, -18.383618247 ], [ -40.052178433, -18.383731846 ], [ -40.052151963010097, -18.383779817500123 ], [ -40.052057012, -18.383945747 ], [ -40.05204811, -18.383961698 ], [ -40.0520178, -18.384017949 ], [ -40.052008914, -18.384033907 ], [ -40.051785671, -18.384422047 ], [ -40.051736477, -18.384509658 ], [ -40.051713027, -18.384548905 ], [ -40.051667351, -18.384628056 ], [ -40.051613754, -18.384723667 ], [ -40.05158374, -18.384780063 ], [ -40.051561593, -18.384819995 ], [ -40.051552532, -18.384835864 ], [ -40.0515156, -18.384898977 ], [ -40.051480317, -18.384962945 ], [ -40.051401658, -18.385096966 ], [ -40.05136173, -18.385168811 ], [ -40.051319752, -18.385239583 ], [ -40.051271449, -18.385327644 ], [ -40.05118030300001, -18.385486055 ], [ -40.051150493, -18.385542549 ], [ -40.051119638, -18.385598529 ], [ -40.051110658, -18.38561444 ], [ -40.051073757290098, -18.385678427496956 ] ] } },
{ "type": "Feature", "properties": { "Field": "001", "Length": 258.10603070221475 }, "geometry": { "type": "LineString", "coordinates": [ [ -40.051065023109643, -18.385665057813785 ], [ -40.051097771, -18.385609444 ], [ -40.051106866, -18.385593592 ], [ -40.05114246, -18.385529782 ], [ -40.05117210200001, -18.385473207 ], [ -40.051226768, -18.38537815 ], [ -40.05131627, -18.385218887 ], [ -40.051362507, -18.385140033 ], [ -40.05141165, -18.385052396 ], [ -40.051458058, -18.384973634 ], [ -40.051489611, -18.38491801 ], [ -40.051511474, -18.384877935 ], [ -40.051534658, -18.384838544 ], [ -40.051570885, -18.384775059 ], [ -40.051579774, -18.384759102 ], [ -40.051645241, -18.384638818 ], [ -40.051654151, -18.384622872 ], [ -40.05167236, -18.384591179 ], [ -40.051719054, -18.384512571 ], [ -40.051785968, -18.384393015 ], [ -40.051818505, -18.38433791 ], [ -40.051877123, -18.384234617 ], [ -40.051895764, -18.384203154 ], [ -40.051927021, -18.384147377 ], [ -40.0519639, -18.384084236 ], [ -40.052018083, -18.383988927 ], [ -40.052065849, -18.383900598 ], [ -40.052142906, -18.383765732 ], [ -40.05218444, -18.383694722 ], [ -40.052229176943435, -18.3836146051013 ] ] } },
{ "type": "Feature", "properties": { "Field": "001", "Length": 256.9172532356672 }, "geometry": { "type": "LineString", "coordinates": [ [ -40.052214973, -18.38361099 ], [ -40.05215732, -18.383714252 ], [ -40.052083624, -18.383840568 ], [ -40.052052894, -18.383896611 ], [ -40.052040649, -18.383921072 ], [ -40.052013733, -18.383968817 ], [ -40.051913407, -18.384143034 ], [ -40.051886821, -18.384190948 ], [ -40.051814308, -18.384317887 ], [ -40.051758794, -18.384412496 ], [ -40.051705567, -18.384508295 ], [ -40.051645129, -18.384610628 ], [ -40.051623011, -18.384650574 ], [ -40.051593362, -18.384707146 ], [ -40.051566686, -18.384755014 ], [ -40.051516184, -18.384841944 ], [ -40.051476374, -18.384913849 ], [ -40.051402989, -18.385040331 ], [ -40.051344535, -18.385143709 ], [ -40.051307197, -18.385206605 ], [ -40.051213499, -18.385373974 ], [ -40.05116777, -18.385453097 ], [ -40.051120639, -18.385541736 ], [ -40.051084525, -18.385605279 ], [ -40.051065222, -18.385636377 ], [ -40.051056585, -18.385652141 ] ] } },
{ "type": "Feature", "properties": { "Field": "000", "Length": 27.411619356530615 }, "geometry": { "type": "LineString", "coordinates": [ [ -40.052205680335469, -18.383583972608534 ], [ -40.052076112, -18.383507645 ], [ -40.052020444, -18.383473338 ], [ -40.051986565, -18.383451366 ] ] } },
{ "type": "Feature", "properties": { "Field": "001", "Length": 255.75430447581545 }, "geometry": { "type": "LineString", "coordinates": [ [ -40.0522003859612, -18.383607277075303 ], [ -40.052188065, -18.38363119 ], [ -40.052183673, -18.383639196 ], [ -40.052078583, -18.383821224 ], [ -40.052074146, -18.383829207 ], [ -40.052056849, -18.383861362 ], [ -40.052031972, -18.383910104 ], [ -40.052027542, -18.383918091 ], [ -40.052008841, -18.383949521 ], [ -40.052004277, -18.383957438 ], [ -40.051959505, -18.384037058 ], [ -40.051886003, -18.384163478 ], [ -40.051805403, -18.384306789 ], [ -40.05175405, -18.384393263 ], [ -40.051749503, -18.384401189 ], [ -40.051700603, -18.384488949 ], [ -40.051640857, -18.384591652 ], [ -40.051618629, -18.384631543 ], [ -40.051588915, -18.384688083 ], [ -40.051584516, -18.384696084 ], [ -40.051543674, -18.38476746 ], [ -40.051515828, -18.384814716 ], [ -40.051462251, -18.384910337 ], [ -40.0513938, -18.385029097 ], [ -40.051366967, -18.385076885 ], [ -40.051307786, -18.385179885 ], [ -40.051270748, -18.385242942 ], [ -40.051199351, -18.385370457 ], [ -40.051171944, -18.385417946 ], [ -40.051167555, -18.385425953 ], [ -40.051133716, -18.385490628 ], [ -40.051120482, -18.385514614 ], [ -40.05106141, -18.385617672 ], [ -40.0510521, -18.385633405 ], [ -40.051048563, -18.385639861 ] ] } },
{ "type": "Feature", "properties": { "Field": "001", "Length": 254.53183448514653 }, "geometry": { "type": "LineString", "coordinates": [ [ -40.05218577, -18.383603557 ], [ -40.052181827, -18.383611263 ], [ -40.052178041, -18.383619545 ], [ -40.052173853, -18.38362765 ], [ -40.052064672, -18.383817844 ], [ -40.052060289, -18.383825853 ], [ -40.052017982, -18.383906694 ], [ -40.052013546, -18.383914676 ], [ -40.051953455, -18.384017195 ], [ -40.051904359, -18.384104856 ], [ -40.051844685, -18.384207596 ], [ -40.05179127, -18.3843033 ], [ -40.0517867, -18.384311213 ], [ -40.051739904, -18.384389766 ], [ -40.051735369, -18.384397698 ], [ -40.051704559, -18.384453702 ], [ -40.051667766, -18.384516889 ], [ -40.051623082, -18.384596554 ], [ -40.051579679, -18.384676862 ], [ -40.051538946, -18.384748294 ], [ -40.051497209, -18.384819195 ], [ -40.051425555, -18.384946579 ], [ -40.051397828, -18.384993899 ], [ -40.051334636, -18.385105104 ], [ -40.051311484, -18.385144513 ], [ -40.051298209, -18.385168478 ], [ -40.051256416, -18.385239349 ], [ -40.051193699, -18.385350799 ], [ -40.051119717, -18.385487227 ], [ -40.051088558, -18.385543054 ], [ -40.051061129, -18.385590532 ], [ -40.051039265280181, -18.385626308541525 ] ] } },
{ "type": "Feature", "properties": { "Field": "001", "Length": 253.29481182055855 }, "geometry": { "type": "LineString", "coordinates": [ [ -40.052171617, -18.383599955 ], [ -40.052158945, -18.383623699 ], [ -40.052154467, -18.38363166 ], [ -40.052063454, -18.383790141 ], [ -40.052002956, -18.383902703 ], [ -40.051942931, -18.384005257 ], [ -40.051898605, -18.384085104 ], [ -40.051875833, -18.384124714 ], [ -40.051843127, -18.384179728999985 ], [ -40.051771634, -18.384307194 ], [ -40.051702403, -18.384425541 ], [ -40.051680631, -18.38446566 ], [ -40.051635359, -18.384545022 ], [ -40.051587073, -18.384633092 ], [ -40.051550585, -18.384696441 ], [ -40.05152393, -18.384744319 ], [ -40.051482665, -18.384815473 ], [ -40.051428988, -18.384911043 ], [ -40.051378032, -18.384997731 ], [ -40.051333072, -18.385077255 ], [ -40.051300342, -18.385132256 ], [ -40.051254819, -18.385211488 ], [ -40.051210624, -18.385291402 ], [ -40.05118773800001, -18.385330952 ], [ -40.051183453, -18.38533901 ], [ -40.051154316, -18.385395823 ], [ -40.051149882, -18.385403808 ], [ -40.05111809, -18.385459308 ], [ -40.051087739, -18.38551554 ], [ -40.051060106, -18.385562909 ], [ -40.051029657063047, -18.385612347897631 ] ] } },
{ "type": "Feature", "properties": { "Field": "001", "Length": 252.11494769213979 }, "geometry": { "type": "LineString", "coordinates": [ [ -40.052157956, -18.383596478 ], [ -40.052062522, -18.383763613 ], [ -40.051992806, -18.383891973 ], [ -40.05193722, -18.38398654300001 ], [ -40.051914665, -18.384026266 ], [ -40.051888531, -18.384074406 ], [ -40.051823838, -18.384184822 ], [ -40.051756761, -18.384304294 ], [ -40.051696709, -18.384406834 ], [ -40.051638226, -18.384510197 ], [ -40.051572516, -18.384630359 ], [ -40.051549499, -18.384669841 ], [ -40.051509333, -18.384741565 ], [ -40.051472306, -18.384804628 ], [ -40.051405151, -18.384924061 ], [ -40.051235366, -18.385216507 ], [ -40.05117768, -18.385320277 ], [ -40.051152931, -18.38536908 ], [ -40.051135629, -18.385401232 ], [ -40.051103313, -18.385456457 ], [ -40.051077361, -18.385504686 ], [ -40.051059069, -18.385536335 ], [ -40.051020542065196, -18.385599103893792 ] ] } },
{ "type": "Feature", "properties": { "Field": "000", "Length": 22.357838959071174 }, "geometry": { "type": "LineString", "coordinates": [ [ -40.052153764, -18.383569501 ], [ -40.052003286, -18.383478486 ], [ -40.051987827, -18.38346806 ], [ -40.051976731014882, -18.383459051012078 ] ] } },
{ "type": "Feature", "properties": { "Field": "001", "Length": 250.92040376360822 }, "geometry": { "type": "LineString", "coordinates": [ [ -40.052144081858081, -18.383592946256446 ], [ -40.052100092, -18.383672439 ], [ -40.052058981, -18.383743673 ], [ -40.052016184, -18.383824278 ], [ -40.051961503, -18.383919328 ], [ -40.051928894, -18.383974395 ], [ -40.051871101, -18.384078111 ], [ -40.051811484, -18.384180881 ], [ -40.051784796, -18.384228744 ], [ -40.051766037, -18.384260142 ], [ -40.051725175, -18.384331507 ], [ -40.051696872, -18.384378516 ], [ -40.051647081, -18.384465819 ], [ -40.051611955, -18.384529866 ], [ -40.051591082, -18.384570418 ], [ -40.051555317, -18.384634142 ], [ -40.051505309, -18.384721331 ], [ -40.051468132, -18.384784314 ], [ -40.051396348, -18.38491163 ], [ -40.051332008, -18.385022234 ], [ -40.0513006, -18.385077934 ], [ -40.051217701, -18.385220046 ], [ -40.051186525, -18.385275864 ], [ -40.051127239, -18.385389013 ], [ -40.051094709, -18.385444123 ], [ -40.051049818, -18.385523682 ], [ -40.051011249, -18.385585601 ] ] } },
{ "type": "Feature", "properties": { "Field": "001", "Length": 249.70987838816112 }, "geometry": { "type": "LineString", "coordinates": [ [ -40.052129406938079, -18.38358921111482 ], [ -40.052094965, -18.383653075 ], [ -40.052058567, -18.383716471 ], [ -40.052011126, -18.38380495800001 ], [ -40.05194734, -18.383915854 ], [ -40.051914847, -18.383970983 ], [ -40.051856864, -18.384074602 ], [ -40.051797386, -18.384177447 ], [ -40.051792869, -18.384185388 ], [ -40.051770861, -18.384225389 ], [ -40.051751929, -18.384256693 ], [ -40.05172022, -18.384312237 ], [ -40.051664647, -18.384406814 ], [ -40.051624188, -18.384478388 ], [ -40.051581681, -18.384559132 ], [ -40.051545601, -18.384622693 ], [ -40.05143135, -18.384820539 ], [ -40.051368589, -18.384931966 ], [ -40.051212832, -18.385200839 ], [ -40.051173005, -18.385272735 ], [ -40.051144018, -18.385329618 ], [ -40.051117861, -18.385377746 ], [ -40.051085399, -18.385432893 ], [ -40.0510355, -18.385520139 ], [ -40.051020922, -18.385543404 ], [ -40.051010483, -18.385558481 ], [ -40.051005466, -18.385566144 ], [ -40.051002019, -18.38557219 ] ] } },
{ "type": "Feature", "properties": { "Field": "001", "Length": 248.56986805268863 }, "geometry": { "type": "LineString", "coordinates": [ [ -40.052115356, -18.383585635 ], [ -40.052106495, -18.383601078 ], [ -40.052102086, -18.383609075 ], [ -40.052085158, -18.383641408 ], [ -40.052080789, -18.383649425 ], [ -40.052053539, -18.383696997 ], [ -40.052049106, -18.383704981 ], [ -40.052023269, -18.383753267 ], [ -40.05198772, -18.3838171 ], [ -40.05195138, -18.383880526 ], [ -40.051905035, -18.383959322 ], [ -40.051833129, -18.384086575 ], [ -40.051791422, -18.384157493 ], [ -40.051786901, -18.384165432 ], [ -40.05176063, -18.384213504 ], [ -40.051756116, -18.384221447 ], [ -40.051723407, -18.38427646 ], [ -40.051691819, -18.384332066 ], [ -40.05165908, -18.384387062 ], [ -40.051618662, -18.384458658 ], [ -40.051614319, -18.384466687 ], [ -40.051589393, -18.384515407 ], [ -40.051585109, -18.384523465 ], [ -40.051576217, -18.384539422 ], [ -40.05155310100001, -18.384578848 ], [ -40.051531071, -18.384618839 ], [ -40.051489997, -18.384690093 ], [ -40.051472282, -18.384722039 ], [ -40.051434878, -18.384784898 ], [ -40.051430309, -18.384792813 ], [ -40.051385877, -18.384872607 ], [ -40.051348884, -18.384935688 ], [ -40.051317512, -18.384991405 ], [ -40.051266647, -18.385078142 ], [ -40.051203336, -18.385189286 ], [ -40.051167762, -18.385253107 ], [ -40.051163453, -18.385261153 ], [ -40.051138598, -18.385309906 ], [ -40.051134328, -18.385317971 ], [ -40.051094393, -18.385389813 ], [ -40.05105742, -18.385452905 ], [ -40.051030386, -18.385500588 ], [ -40.05101162, -18.385531984 ], [ -40.051006645, -18.385539672 ], [ -40.051001326, -18.385547147 ], [ -40.050996311, -18.385554811 ], [ -40.050993435134664, -18.385559717770235 ] ] } },
{ "type": "Feature", "properties": { "Field": "001", "Length": 247.43207262669574 }, "geometry": { "type": "LineString", "coordinates": [ [ -40.052101094999806, -18.383582005000363 ], [ -40.052040645, -18.383694071 ], [ -40.051950876, -18.383853196 ], [ -40.051868184, -18.383995418 ], [ -40.051800477, -18.384114565 ], [ -40.051768223, -18.384169822 ], [ -40.051746267, -18.38420985 ], [ -40.051741708, -18.38421777 ], [ -40.051718285, -18.384257032 ], [ -40.051686628, -18.384312603 ], [ -40.051640259, -18.384391386 ], [ -40.051617993, -18.384431257 ], [ -40.051592759, -18.384479832 ], [ -40.051571074, -18.384519994 ], [ -40.051566602, -18.384527958 ], [ -40.05148461, -18.384670549 ], [ -40.051462567, -18.384710533 ], [ -40.051457983, -18.38471844 ], [ -40.051429723, -18.384765471 ], [ -40.051425165, -18.384773392 ], [ -40.0513761, -18.384861068 ], [ -40.051233928, -18.385106133 ], [ -40.051157997, -18.385241581 ], [ -40.051153706, -18.385249636 ], [ -40.051128672, -18.385298306 ], [ -40.051124333, -18.385306337 ], [ -40.05107537, -18.385394066 ], [ -40.051033829, -18.385465073 ], [ -40.05101622, -18.385497073 ], [ -40.051011569, -18.385504943 ], [ -40.050985060074808, -18.385547548879774 ] ] } },
{ "type": "Feature", "properties": { "Field": "000", "Length": 15.856066691527523 }, "geometry": { "type": "LineString", "coordinates": [ [ -40.052100574, -18.383554675 ], [ -40.052076092, -18.38354004 ], [ -40.052044708, -18.38351982 ], [ -40.052004468, -18.383496037 ], [ -40.051974353, -18.383477185 ] ] } },
{ "type": "Feature", "properties": { "Field": "001", "Length": 246.289562837555 }, "geometry": { "type": "LineString", "coordinates": [ [ -40.052086651, -18.383578329 ], [ -40.052078029, -18.383593896 ], [ -40.052073761, -18.383601963 ], [ -40.052044258, -18.383658604 ], [ -40.052008812, -18.383722489 ], [ -40.051990007, -18.383753863 ], [ -40.05195366, -18.383817285 ], [ -40.051895816, -18.383920975 ], [ -40.051816808, -18.384054809 ], [ -40.051781625, -18.384118827 ], [ -40.051777092, -18.38412676 ], [ -40.051639701, -18.384364022 ], [ -40.051608758, -18.384419958 ], [ -40.051587785, -18.384460464 ], [ -40.051548254, -18.384532509 ], [ -40.051497524, -18.384619317 ], [ -40.051425284, -18.384746399 ], [ -40.051388206, -18.384809435 ], [ -40.051316342, -18.38493671 ], [ -40.051260621, -18.385031208 ], [ -40.051224166, -18.385094574 ], [ -40.051206703, -18.385126647 ], [ -40.051188439, -18.38515831 ], [ -40.051180013, -18.385174495 ], [ -40.05116181, -18.38520619 ], [ -40.051109787, -18.38530259 ], [ -40.051065463, -18.385382439 ], [ -40.051023743, -18.38545335 ], [ -40.050992783, -18.385509278 ], [ -40.05097656, -18.385535198 ] ] } },
{ "type": "Feature", "properties": { "Field": "001", "Length": 245.17453145638353 }, "geometry": { "type": "LineString", "coordinates": [ [ -40.052072465916126, -18.383574718159277 ], [ -40.052012578, -18.383688443 ], [ -40.051947739, -18.383798781 ], [ -40.051890012, -18.38390253 ], [ -40.051806443, -18.384044283 ], [ -40.051792959, -18.384068142 ], [ -40.051771689, -18.384108507 ], [ -40.051743417, -18.384155532 ], [ -40.051634193, -18.384345704 ], [ -40.051616153, -18.384377485 ], [ -40.051578007, -18.384450207 ], [ -40.051538174, -18.384522101 ], [ -40.051455236, -18.384664191 ], [ -40.051419773, -18.384728069 ], [ -40.051378261, -18.384799091 ], [ -40.051301708, -18.384934219 ], [ -40.05122748, -18.385060253 ], [ -40.051174371, -18.385156112 ], [ -40.051157803, -18.385188614 ], [ -40.051140134, -18.385220585 ], [ -40.051121304, -18.385251945 ], [ -40.051032784, -18.385411707 ], [ -40.051000057, -18.38546671 ], [ -40.050968245088946, -18.385523116842283 ] ] } },
{ "type": "Feature", "properties": { "Field": "001", "Length": 244.04858310830656 }, "geometry": { "type": "LineString", "coordinates": [ [ -40.0520601568995, -18.38357158519517 ], [ -40.052039209, -18.383612268 ], [ -40.051986113, -18.383708134 ], [ -40.051962436, -18.383747257 ], [ -40.051930449, -18.383802655 ], [ -40.051877153, -18.38389842 ], [ -40.051825794, -18.38398489 ], [ -40.051766571, -18.384087868 ], [ -40.051758041, -18.384104004 ], [ -40.051693224, -18.384214353 ], [ -40.051662351, -18.384270325 ], [ -40.051616882, -18.384349585 ], [ -40.051586891, -18.384405992 ], [ -40.051533688, -18.384501803 ], [ -40.051474696, -18.384604902 ], [ -40.051442203, -18.384660032 ], [ -40.051420439, -18.384700155 ], [ -40.051333336, -18.384850375 ], [ -40.051270525, -18.384961777 ], [ -40.051213803, -18.38505573 ], [ -40.051162248, -18.385152359 ], [ -40.051150081, -18.385176855 ], [ -40.051132253, -18.385208745 ], [ -40.051077283, -18.385303643 ], [ -40.05106, -18.385335805 ], [ -40.051014736, -18.385415171 ], [ -40.050991259, -18.385454405 ], [ -40.050959333, -18.385510167 ] ] } },
{ "type": "Feature", "properties": { "Field": "000", "Length": 9.7147002772819171 }, "geometry": { "type": "LineString", "coordinates": [ [ -40.052049431, -18.383540419 ], [ -40.052016406, -18.38351922 ], [ -40.051972333, -18.383492589 ] ] } },
{ "type": "Feature", "properties": { "Field": "001", "Length": 242.88174435661253 }, "geometry": { "type": "LineString", "coordinates": [ [ -40.052047242, -18.383568617 ], [ -40.052022154, -18.38361673 ], [ -40.052003637, -18.38364826 ], [ -40.051967887, -18.383711991 ], [ -40.051917011, -18.383798722 ], [ -40.051859014, -18.383902334 ], [ -40.05181677, -18.383972962 ], [ -40.051780481, -18.384036414 ], [ -40.051757149, -18.384075726 ], [ -40.051739467, -18.38410769 ], [ -40.051684096, -18.384202375 ], [ -40.051648772, -18.384266322 ], [ -40.051621336, -18.384313797 ], [ -40.051595757, -18.384362207 ], [ -40.051542573, -18.384458028 ], [ -40.051456796, -18.384608941 ], [ -40.051452262, -18.384616874 ], [ -40.051419699, -18.384671966 ], [ -40.051397536, -18.384711889 ], [ -40.051324153, -18.384838373 ], [ -40.051256652, -18.384957627 ], [ -40.051224258, -18.38501281 ], [ -40.051200411, -18.385051839 ], [ -40.051187133, -18.385075803 ], [ -40.051145132, -18.385156788 ], [ -40.051118532, -18.385204695 ], [ -40.051076949, -18.385275679 ], [ -40.051055098, -18.38531576 ], [ -40.051009967, -18.385395196 ], [ -40.050950539, -18.38549739 ] ] } },
{ "type": "Feature", "properties": { "Field": "001", "Length": 241.48221758358562 }, "geometry": { "type": "LineString", "coordinates": [ [ -40.052031711, -18.38356646 ], [ -40.052014755, -18.383598246 ], [ -40.051983533, -18.38365404 ], [ -40.051918479, -18.383764262 ], [ -40.051882779, -18.383828018 ], [ -40.051855277, -18.383875458 ], [ -40.051850833, -18.383883437 ], [ -40.051833523, -18.383915585 ], [ -40.051829025, -18.383923537 ], [ -40.051759578, -18.384041768 ], [ -40.051668266, -18.384200092 ], [ -40.051637382, -18.384256057 ], [ -40.051619187, -18.384287757 ], [ -40.051614776, -18.384295753 ], [ -40.051576186, -18.384368262 ], [ -40.05157173, -18.384376235 ], [ -40.051544312, -18.384423718 ], [ -40.051517757, -18.384471647 ], [ -40.051467099, -18.384558494 ], [ -40.051417211, -18.384645747 ], [ -40.051407712, -18.38466138 ], [ -40.05140317, -18.384669308 ], [ -40.051385845, -18.384701449 ], [ -40.051381351, -18.384709403 ], [ -40.051339785, -18.384780397 ], [ -40.051335291, -18.38478835 ], [ -40.051295711, -18.384860371 ], [ -40.051291062, -18.384868243 ], [ -40.051281384, -18.384883776 ], [ -40.051276699, -18.384891629 ], [ -40.051226503, -18.38497872 ], [ -40.05121326, -18.385002702 ], [ -40.051208693, -18.385010617 ], [ -40.051189882, -18.385041988 ], [ -40.051185345, -18.385049919 ], [ -40.051167713, -18.385081907 ], [ -40.051142582, -18.38513053 ], [ -40.051120978, -18.385170733 ], [ -40.051116475, -18.385178681 ], [ -40.051079336, -18.385241684 ], [ -40.051026009, -18.385337432 ], [ -40.050941466, -18.385484207 ] ] } },
{ "type": "Feature", "properties": { "Field": "001", "Length": 240.12915219618611 }, "geometry": { "type": "LineString", "coordinates": [ [ -40.05201711, -18.383564432 ], [ -40.051972308, -18.383644687 ], [ -40.051907281, -18.383754924 ], [ -40.05181766, -18.383914125 ], [ -40.051739173, -18.384048238 ], [ -40.051707734, -18.384103922 ], [ -40.051670803, -18.384167036 ], [ -40.051608534, -18.384278715 ], [ -40.051565167, -18.384359042 ], [ -40.051542202, -18.38439855 ], [ -40.051502086, -18.3844703 ], [ -40.051392043, -18.384660041 ], [ -40.05135643, -18.384723841999989 ], [ -40.051319707, -18.384787067 ], [ -40.051284426, -18.384851036 ], [ -40.051256366, -18.384898177 ], [ -40.051174625, -18.385040898 ], [ -40.051140661, -18.385105514 ], [ -40.051105185, -18.385169384 ], [ -40.051063538, -18.385240335 ], [ -40.050987621, -18.38537579 ], [ -40.050955161, -18.385430937 ], [ -40.050932608180879, -18.385471336675973 ] ] } },
{ "type": "Feature", "properties": { "Field": "001", "Length": 239.09502556575364 }, "geometry": { "type": "LineString", "coordinates": [ [ -40.05200279181274, -18.383561101332479 ], [ -40.051948847, -18.383656878 ], [ -40.051884271, -18.383767356 ], [ -40.051853235, -18.383823246 ], [ -40.051794098, -18.383926269 ], [ -40.051719908, -18.384052322 ], [ -40.051698022, -18.384092385 ], [ -40.051634173, -18.384203247 ], [ -40.05157333, -18.384315641 ], [ -40.051496308, -18.384450526 ], [ -40.051472995, -18.384489848 ], [ -40.051451148, -18.38452993 ], [ -40.051427922, -18.3845693 ], [ -40.051391915, -18.384632899 ], [ -40.051377714, -18.384656376 ], [ -40.05134658, -18.384712216 ], [ -40.051309832, -18.384775427 ], [ -40.051278752, -18.384831294 ], [ -40.051187793, -18.384989803 ], [ -40.051165416, -18.385029618 ], [ -40.051122334, -18.385110084 ], [ -40.051091093, -18.38516587 ], [ -40.051040276, -18.385252632 ], [ -40.050964109, -18.385387959 ], [ -40.050922496, -18.385459564 ] ] } },
{ "type": "Feature", "properties": { "Field": "001", "Length": 238.17154657187092 }, "geometry": { "type": "LineString", "coordinates": [ [ -40.05198866283812, -18.383557447288251 ], [ -40.051934592, -18.383653727 ], [ -40.05187011, -18.383764255 ], [ -40.051838911, -18.383820062 ], [ -40.051779668, -18.38392303 ], [ -40.051714487, -18.384033183 ], [ -40.051656716, -18.384136911 ], [ -40.05162893, -18.3841842 ], [ -40.05160347, -18.384232667 ], [ -40.051563691, -18.384304588 ], [ -40.05152661, -18.384367622 ], [ -40.051477451, -18.384455251 ], [ -40.051458687, -18.384486647 ], [ -40.051436452, -18.384526534 ], [ -40.051404117, -18.384581749 ], [ -40.05134138, -18.384693188 ], [ -40.051313529, -18.384740442 ], [ -40.051222912, -18.38489913 ], [ -40.051164861, -18.385002715 ], [ -40.051147809, -18.385034989 ], [ -40.051063355, -18.38518658 ], [ -40.050994585, -18.385305173 ], [ -40.050959021, -18.385368999 ], [ -40.050912643, -18.385448633 ] ] } },
{ "type": "Feature", "properties": { "Field": "001", "Length": 237.27616697004257 }, "geometry": { "type": "LineString", "coordinates": [ [ -40.05197575, -18.383554108 ], [ -40.051944168, -18.383609189 ], [ -40.05192686, -18.383641338 ], [ -40.0519222, -18.383649204 ], [ -40.051907826, -18.383672584 ], [ -40.051903214, -18.383680476 ], [ -40.051821438, -18.383823179 ], [ -40.05178888, -18.383878274 ], [ -40.051757664, -18.383934071 ], [ -40.051697207, -18.384036394 ], [ -40.051630352, -18.384155979 ], [ -40.05159609, -18.384220451 ], [ -40.05157759, -18.384251989 ], [ -40.051537531, -18.384323768 ], [ -40.051504639, -18.38437868 ], [ -40.051419244, -18.384529791 ], [ -40.051368701, -18.384616699 ], [ -40.05129268, -18.384752101 ], [ -40.051255332, -18.384814991 ], [ -40.051250789, -18.384822919 ], [ -40.051205872, -18.384902465 ], [ -40.051175418, -18.384958646 ], [ -40.051161698, -18.384982382 ], [ -40.051144799, -18.385014728 ], [ -40.05114029, -18.385022674 ], [ -40.051117157, -18.385062093 ], [ -40.051036898, -18.385205579 ], [ -40.050946039, -18.38536414 ], [ -40.05093755, -18.385380295 ], [ -40.050932922, -18.385388178 ], [ -40.050902609, -18.3854375 ] ] } },
{ "type": "Feature", "properties": { "Field": "001", "Length": 236.37041187646977 }, "geometry": { "type": "LineString", "coordinates": [ [ -40.051961947859226, -18.383550538240407 ], [ -40.051934473, -18.383597459 ], [ -40.051907831, -18.383645344 ], [ -40.051866749, -18.383716594 ], [ -40.051829023, -18.383779278 ], [ -40.051824509, -18.38378722 ], [ -40.051806984, -18.383819263 ], [ -40.051802423, -18.383827181 ], [ -40.051783727, -18.383858615 ], [ -40.051779189, -18.383866545 ], [ -40.051743568, -18.383930342 ], [ -40.051687691, -18.384024755 ], [ -40.051683135, -18.384032676 ], [ -40.051633767, -18.384120198 ], [ -40.051595276, -18.384192754 ], [ -40.051590874, -18.384200754 ], [ -40.051532537, -18.384304192 ], [ -40.051494961, -18.384366959 ], [ -40.051490424, -18.384374889 ], [ -40.051463849, -18.384422809 ], [ -40.051436037, -18.384470083 ], [ -40.051395831, -18.384541786 ], [ -40.0513548, -18.384613063 ], [ -40.051314788, -18.384684866 ], [ -40.051214205, -18.384858948 ], [ -40.051187426, -18.384906763 ], [ -40.051183156, -18.384914828 ], [ -40.051166549, -18.384947313 ], [ -40.051153482, -18.384971383 ], [ -40.051116699, -18.385034575 ], [ -40.05106706, -18.385121957 ], [ -40.051027511, -18.385193993 ], [ -40.050968524, -18.385297095 ], [ -40.050937593, -18.385353037 ], [ -40.050932968, -18.385360922 ], [ -40.050892892134641, -18.385426719778952 ] ] } },
{ "type": "Feature", "properties": { "Field": "002", "Length": 37.563592928773616 }, "geometry": { "type": "LineString", "coordinates": [ [ -40.051966011464465, -18.387122307178135 ], [ -40.051796378463621, -18.387420643023248 ] ] } },
{ "type": "Feature", "properties": { "Field": "001", "Length": 235.05932285087499 }, "geometry": { "type": "LineString", "coordinates": [ [ -40.051944871999339, -18.383549000001167 ], [ -40.051895057, -18.383636552 ], [ -40.051876035, -18.383667807 ], [ -40.051840134, -18.38373146 ], [ -40.051812251, -18.383778697 ], [ -40.051794821, -18.383810786 ], [ -40.051762677, -18.383866102 ], [ -40.051726935, -18.383929837 ], [ -40.051685013, -18.38400064 ], [ -40.051639328, -18.384079786 ], [ -40.051616954, -18.384119603 ], [ -40.051587963, -18.384176484 ], [ -40.051570283, -18.384208449 ], [ -40.051542365, -18.384255666 ], [ -40.051511094, -18.384311436 ], [ -40.051469369, -18.384382345 ], [ -40.051370495, -18.384557318 ], [ -40.051333652, -18.384620478 ], [ -40.051298321, -18.384684422 ], [ -40.051219772, -18.384818502 ], [ -40.051179725, -18.384890287 ], [ -40.051155614, -18.38493938 ], [ -40.051137848, -18.384971301 ], [ -40.051073065, -18.385081669 ], [ -40.051015156, -18.385185327 ], [ -40.050992072, -18.385224772 ], [ -40.050915964, -18.385360129 ], [ -40.050882303271869, -18.385414971557044 ] ] } },
{ "type": "Feature", "properties": { "Field": "002", "Length": 350.65803750250399 }, "geometry": { "type": "LineString", "coordinates": [ [ -40.051960527629348, -18.387103715648568 ], [ -40.051769347, -18.387438235 ], [ -40.051760921, -18.38745442 ], [ -40.051751546, -18.387470121 ], [ -40.051739035, -18.387494459 ], [ -40.051719536, -18.387525445 ], [ -40.051711125, -18.387541637 ], [ -40.051691064, -18.387572293 ], [ -40.051672657, -18.387603882 ], [ -40.051634191, -18.387676451 ], [ -40.051620212, -18.38770005 ], [ -40.05160829, -18.387724655 ], [ -40.051594387, -18.387748294 ], [ -40.051586207, -18.387764594 ], [ -40.05157688, -18.387780322 ], [ -40.051564623, -18.387804777 ], [ -40.051555205, -18.387820456 ], [ -40.051547363, -18.387836906 ], [ -40.051538122, -18.38785268 ], [ -40.051529953, -18.387868984 ], [ -40.051519786, -18.387884231 ], [ -40.051510672, -18.387900073 ], [ -40.051505485, -18.387907631 ], [ -40.051467611, -18.387970235 ], [ -40.051410052, -18.38807407 ], [ -40.051363634, -18.388152827999988 ], [ -40.051314853, -18.388240649 ], [ -40.051291199, -18.388279786 ], [ -40.051273672, -18.388311827 ], [ -40.051266137, -18.388328408 ], [ -40.051261722, -18.388336401 ], [ -40.051256469, -18.388343919 ], [ -40.05125154, -18.388351634 ], [ -40.051222626, -18.388398303 ], [ -40.051217954, -18.388406162 ], [ -40.051195172, -18.388445768 ], [ -40.051191037, -18.388453896 ], [ -40.051179615, -18.388478717 ], [ -40.051175328, -18.388486774 ], [ -40.051166043, -18.388502525 ], [ -40.051161784, -18.388510595 ], [ -40.051157804, -18.388518795 ], [ -40.051153512, -18.388526849 ], [ -40.051103283, -18.388613923 ], [ -40.051073136, -18.388670254 ], [ -40.051068562, -18.388678166 ], [ -40.051049707, -18.388709513 ], [ -40.051045295, -18.388717508 ], [ -40.051028267, -18.388749794 ], [ -40.051023499, -18.388757601 ], [ -40.051018512, -18.388765282 ], [ -40.051014074, -18.388773264 ], [ -40.051009892, -18.388781371 ], [ -40.051005051, -18.388789136 ], [ -40.050994758, -18.388804305 ], [ -40.050989995, -18.388812115 ], [ -40.050980843, -18.388827937 ], [ -40.050970789, -18.38884325 ], [ -40.050966415, -18.388851264 ], [ -40.050962376, -18.388859437 ], [ -40.050957895, -18.388867397 ], [ -40.050943808, -18.388890937 ], [ -40.050939659, -18.38889906 ], [ -40.050935752, -18.388907291 ], [ -40.050931466, -18.388915348 ], [ -40.050909107, -18.388955172 ], [ -40.050862829, -18.389034005 ], [ -40.050827438, -18.389097918 ], [ -40.050767472, -18.389200505 ], [ -40.050762977, -18.389208458 ], [ -40.050723046, -18.389280302 ], [ -40.050702154, -18.389320846 ], [ -40.0506976, -18.389328768 ], [ -40.050683513, -18.389352308 ], [ -40.050679132, -18.389360319 ], [ -40.05065781, -18.389400658 ], [ -40.050653193, -18.389408547 ], [ -40.050634215, -18.389439826 ], [ -40.050598385, -18.389503516 ], [ -40.05057446, -18.389542502 ], [ -40.050569948, -18.389550446 ], [ -40.050534717, -18.389614441 ], [ -40.05050183, -18.389669357 ], [ -40.050493308, -18.389685496 ], [ -40.050488813, -18.389693448 ], [ -40.050442735, -18.389772388 ], [ -40.050434218, -18.389788528 ], [ -40.050425213, -18.389804427 ], [ -40.050420537, -18.389812284 ], [ -40.050401179, -18.38984335 ], [ -40.050396594, -18.389851256 ], [ -40.050377109225927, -18.389887316581873 ] ] } },
{ "type": "Feature", "properties": { "Field": "002", "Length": 352.41814747987843 }, "geometry": { "type": "LineString", "coordinates": [ [ -40.051955503934096, -18.387086684100602 ], [ -40.051945807, -18.387101487 ], [ -40.05191793, -18.387148728 ], [ -40.0519134, -18.387156663 ], [ -40.051869139, -18.387236543 ], [ -40.051796781, -18.387363564 ], [ -40.051763864, -18.387418463 ], [ -40.05175941, -18.387426437 ], [ -40.051750991, -18.387442625 ], [ -40.051746634, -18.387450648 ], [ -40.051728662, -18.387482464 ], [ -40.051709943, -18.387513883 ], [ -40.051687439, -18.387553633 ], [ -40.051677603, -18.387569076 ], [ -40.051654604, -18.387608567 ], [ -40.051650107, -18.387616519 ], [ -40.05158409, -18.387736528 ], [ -40.05157985, -18.387744608 ], [ -40.051567575, -18.387769055 ], [ -40.051563291, -18.387777113 ], [ -40.051523133, -18.387848843 ], [ -40.051518548, -18.387856749 ], [ -40.051462274, -18.387950947 ], [ -40.051421419, -18.388022316 ], [ -40.051395127, -18.388070378 ], [ -40.051390636, -18.388078332 ], [ -40.051349208, -18.3881494 ], [ -40.051318189, -18.388205297 ], [ -40.051272684, -18.388284539 ], [ -40.051246107, -18.388332457 ], [ -40.051241533, -18.388340368 ], [ -40.051213339, -18.388387437 ], [ -40.051181626, -18.388442979 ], [ -40.051177107, -18.388450919 ], [ -40.051172965, -18.388459045 ], [ -40.051169178, -18.388467327 ], [ -40.051165146, -18.388475503 ], [ -40.051152362, -18.388499711 ], [ -40.051121431, -18.388555654 ], [ -40.051052627, -18.388674228 ], [ -40.051021693, -18.388730169 ], [ -40.051017154, -18.388738099 ], [ -40.050961236, -18.388832491 ], [ -40.050956753, -18.38884045 ], [ -40.050943785, -18.388864569 ], [ -40.05093925, -18.388872501 ], [ -40.050925072, -18.388895991 ], [ -40.050920549, -18.38890393 ], [ -40.050898869, -18.388944095 ], [ -40.050894369, -18.388952045 ], [ -40.050857181, -18.389015022 ], [ -40.050852653, -18.389022958 ], [ -40.050808478, -18.389102882 ], [ -40.050803911, -18.389110798 ], [ -40.050766304, -18.389173548 ], [ -40.05076174, -18.389181465 ], [ -40.050735202, -18.389229403 ], [ -40.050701105, -18.389293955 ], [ -40.050696653, -18.389301929 ], [ -40.050673624, -18.389341404 ], [ -40.050602322, -18.389468968 ], [ -40.050597734, -18.389476873 ], [ -40.050564786, -18.389531756 ], [ -40.050560215, -18.389539669 ], [ -40.050537904, -18.389579518 ], [ -40.050436754, -18.389753302 ], [ -40.050414666, -18.389793264 ], [ -40.050410098, -18.389801178 ], [ -40.050395942, -18.389824681 ], [ -40.050391526, -18.389832674 ], [ -40.050379113, -18.389857057 ], [ -40.050374674, -18.389865038 ], [ -40.05036296, -18.389884533 ] ] } },
{ "type": "Feature", "properties": { "Field": "002", "Length": 354.46831316288461 }, "geometry": { "type": "LineString", "coordinates": [ [ -40.051949904930304, -18.387067702112304 ], [ -40.051926114, -18.387106039 ], [ -40.051912186, -18.387129664 ], [ -40.051876795, -18.387193577 ], [ -40.051809142, -18.387312753 ], [ -40.051753443, -18.387407263 ], [ -40.051726553, -18.387455021 ], [ -40.05169869, -18.387502268 ], [ -40.051694164, -18.387510205 ], [ -40.051676559, -18.387542208 ], [ -40.051672041, -18.387550149 ], [ -40.051644268, -18.387597445 ], [ -40.051626259, -18.387629241 ], [ -40.051621907, -18.387637266 ], [ -40.051592558, -18.387693981 ], [ -40.051588172, -18.387701988999989 ], [ -40.051574523, -18.387725762 ], [ -40.051548364, -18.38777389 ], [ -40.051543885, -18.387781851 ], [ -40.051516345, -18.387829271 ], [ -40.05148964, -18.387877124 ], [ -40.051485065, -18.387885036 ], [ -40.051438113, -18.387963503 ], [ -40.051401923, -18.388027008 ], [ -40.051380009, -18.388067056 ], [ -40.051347846, -18.388122361 ], [ -40.05123513, -18.38832101 ], [ -40.051189324, -18.388400092 ], [ -40.051167212, -18.388440042 ], [ -40.051162991, -18.388448131 ], [ -40.051146957, -18.388480877 ], [ -40.05114272, -18.388488958 ], [ -40.051129294, -18.388512848 ], [ -40.051069474, -18.388615511 ], [ -40.050988585, -18.388758675 ], [ -40.050983945, -18.388766552 ], [ -40.050969573, -18.388789934 ], [ -40.050964958, -18.388797824 ], [ -40.050929517, -18.388861712 ], [ -40.050910934, -18.388893206 ], [ -40.050884203, -18.388941046 ], [ -40.050879632, -18.38894896 ], [ -40.050846806, -18.389003909 ], [ -40.05084229, -18.389011851 ], [ -40.050811897, -18.389068062 ], [ -40.050784992, -18.389115813 ], [ -40.05078036, -18.389123694 ], [ -40.050751647, -18.389170476 ], [ -40.050747046, -18.389178374 ], [ -40.050725119, -18.389218416 ], [ -40.05069566800001, -18.389275082 ], [ -40.050691292, -18.389283095 ], [ -40.05061394, -18.389417809 ], [ -40.050587586, -18.389465839 ], [ -40.050583065, -18.389473779 ], [ -40.050545779, -18.389536703 ], [ -40.050482168, -18.389647691 ], [ -40.050421889, -18.38975011 ], [ -40.050408736, -18.389774136 ], [ -40.050380843, -18.389821368 ], [ -40.050376331, -18.389829312 ], [ -40.05035886, -18.389861381 ], [ -40.050354349, -18.389869326 ], [ -40.050347180067099, -18.389881428886724 ] ] } },
{ "type": "Feature", "properties": { "Field": "001", "Length": 233.60900134350607 }, "geometry": { "type": "LineString", "coordinates": [ [ -40.051927909999051, -18.383549000001686 ], [ -40.05189254, -18.383612344 ], [ -40.051887987, -18.383620267 ], [ -40.051864475, -18.38365948 ], [ -40.051837548, -18.38370722 ], [ -40.051805235, -18.383762446 ], [ -40.051800692, -18.383770374 ], [ -40.051774105, -18.383818286 ], [ -40.051723618, -18.383905224 ], [ -40.051701357, -18.383945097 ], [ -40.051678106, -18.383984453 ], [ -40.051660201, -18.384016303 ], [ -40.051655608, -18.384024205 ], [ -40.051636464, -18.384055391 ], [ -40.051631829, -18.38406327 ], [ -40.051601238, -18.384119383 ], [ -40.05157586, -18.384167889 ], [ -40.051540052, -18.38423159 ], [ -40.051421553, -18.384437519 ], [ -40.051300001, -18.384652152 ], [ -40.051199099, -18.384826065 ], [ -40.051168279, -18.384882064 ], [ -40.051164067, -18.384890156 ], [ -40.051152395, -18.384914871 ], [ -40.051148352, -18.384923042 ], [ -40.051139646, -18.384939091 ], [ -40.051047748, -18.385097105 ], [ -40.050989714, -18.385200698 ], [ -40.050894513, -18.385367292 ], [ -40.050889858, -18.385375161 ], [ -40.050872052, -18.385403597 ] ] } },
{ "type": "Feature", "properties": { "Field": "002", "Length": 356.41832455112319 }, "geometry": { "type": "LineString", "coordinates": [ [ -40.051944514, -18.387049426 ], [ -40.051897616, -18.387127195 ], [ -40.051893034, -18.387135102 ], [ -40.051830741, -18.38724677 ], [ -40.051674818, -18.387515556 ], [ -40.05163433, -18.387587115 ], [ -40.051616808, -18.387619158 ], [ -40.051612559, -18.387627234 ], [ -40.051591961, -18.387667915 ], [ -40.051587654, -18.387675962 ], [ -40.051556251, -18.387731664 ], [ -40.051519406, -18.387794824 ], [ -40.051465467, -18.387890261 ], [ -40.051446506, -18.387921548 ], [ -40.051405156, -18.387992656 ], [ -40.05136056, -18.388072367 ], [ -40.051300758, -18.38817504 ], [ -40.051255993, -18.388254665 ], [ -40.051196828, -18.388357674 ], [ -40.051174616, -18.388397573 ], [ -40.051170341, -18.388405635 ], [ -40.051149777, -18.388446332 ], [ -40.051145491, -18.38845439 ], [ -40.051127679, -18.388486288 ], [ -40.051058429, -18.388604624 ], [ -40.050978167, -18.38874811 ], [ -40.050973589, -18.388756019 ], [ -40.050950129, -18.388795262 ], [ -40.050945577, -18.388803186 ], [ -40.050901345, -18.388883081 ], [ -40.050869412, -18.388938508 ], [ -40.050831463, -18.38900107 ], [ -40.050826876, -18.389008975 ], [ -40.050778249, -18.389096874 ], [ -40.0507737, -18.389104799 ], [ -40.050745669, -18.389151956 ], [ -40.050741197, -18.389159921 ], [ -40.050694151, -18.389248602 ], [ -40.050689717, -18.389256586 ], [ -40.050630185, -18.389359402 ], [ -40.050598819, -18.389415124 ], [ -40.050572606, -18.389463225 ], [ -40.050568109, -18.389471177 ], [ -40.050503296, -18.389581529 ], [ -40.050440054, -18.38969271 ], [ -40.050407194, -18.38974764 ], [ -40.05036596, -18.389818811 ], [ -40.050332711, -18.389878582 ] ] } },
{ "type": "Feature", "properties": { "Field": "002", "Length": 358.34042216947807 }, "geometry": { "type": "LineString", "coordinates": [ [ -40.051939232870566, -18.387031521213952 ], [ -40.051882756, -18.387124882 ], [ -40.051878157, -18.38713278 ], [ -40.051851073, -18.387180439 ], [ -40.05182037, -18.387236496 ], [ -40.05181583, -18.387244425 ], [ -40.051764788, -18.387331068 ], [ -40.051710519, -18.387426333 ], [ -40.051655354, -18.387521128 ], [ -40.051615544, -18.387593033 ], [ -40.051581435, -18.387657579 ], [ -40.051576938, -18.387665531 ], [ -40.051553713, -18.387704901 ], [ -40.051531911, -18.387745004 ], [ -40.051454749, -18.387879817 ], [ -40.051390212, -18.387990316 ], [ -40.051350239, -18.388062139 ], [ -40.051345685, -18.388070062 ], [ -40.051276335, -18.388188346 ], [ -40.051186361, -18.388347367 ], [ -40.051168878, -18.38837943 ], [ -40.051148056, -18.388420006 ], [ -40.051143714, -18.388428036 ], [ -40.051116946, -18.388475857 ], [ -40.05107492, -18.388546604 ], [ -40.051043044, -18.388602061 ], [ -40.051021265, -18.388642177 ], [ -40.051016788, -18.388650139 ], [ -40.050980296, -18.388713486 ], [ -40.050953771, -18.388761431 ], [ -40.050926138, -18.388808801 ], [ -40.050868196, -18.388912442 ], [ -40.050863572, -18.388920327 ], [ -40.050821032, -18.388990793 ], [ -40.050807329, -18.389014538 ], [ -40.050735208, -18.389141682 ], [ -40.050730884, -18.389149721 ], [ -40.050701422, -18.389206382 ], [ -40.05068372, -18.389238335 ], [ -40.050656512, -18.38928593 ], [ -40.050614711, -18.389356798 ], [ -40.050610185, -18.389364735 ], [ -40.050538992, -18.389492355 ], [ -40.050492443, -18.389571041 ], [ -40.050438502, -18.389666476 ], [ -40.050355634, -18.389808605 ], [ -40.050329484, -18.389856736 ], [ -40.050318352107794, -18.389875757815801 ] ] } },
{ "type": "Feature", "properties": { "Field": "001", "Length": 232.30094194108258 }, "geometry": { "type": "LineString", "coordinates": [ [ -40.051913263999467, -18.383549000000929 ], [ -40.05184536, -18.383667459 ], [ -40.051757909, -18.383817494 ], [ -40.051699668, -18.383920981 ], [ -40.051671826, -18.38396824 ], [ -40.051667451, -18.383976253 ], [ -40.051654775, -18.384000513 ], [ -40.051650156, -18.384008401 ], [ -40.051640498, -18.384023946 ], [ -40.051622068, -18.384055521 ], [ -40.051608891, -18.384079536 ], [ -40.051592328, -18.384112041 ], [ -40.051587914, -18.384120035 ], [ -40.051551344, -18.384183341 ], [ -40.051502425, -18.384271091 ], [ -40.051456488, -18.384350105 ], [ -40.051416731, -18.384422036 ], [ -40.051370309, -18.384500791 ], [ -40.051343507, -18.384548594 ], [ -40.051306689, -18.384611768 ], [ -40.051293782, -18.384635916 ], [ -40.051289302, -18.384643876 ], [ -40.051238742, -18.384730776 ], [ -40.051221083, -18.384762751 ], [ -40.05121647, -18.384770642 ], [ -40.051192827, -18.384809784 ], [ -40.051188385, -18.384817764 ], [ -40.051119834, -18.384946694 ], [ -40.051115312, -18.384954633 ], [ -40.051082771, -18.385009737 ], [ -40.05106050900001, -18.38504961 ], [ -40.051032819, -18.38509695 ], [ -40.051001623, -18.385152757999986 ], [ -40.050955837, -18.385231851 ], [ -40.050938304, -18.385263889 ], [ -40.050905886, -18.385319059 ], [ -40.050888096, -18.385350967 ], [ -40.05088337, -18.385358797 ], [ -40.050862083, -18.385392537 ] ] } },
{ "type": "Feature", "properties": { "Field": "002", "Length": 360.36141723314034 }, "geometry": { "type": "LineString", "coordinates": [ [ -40.051933484, -18.387012032 ], [ -40.051892317, -18.387082505 ], [ -40.051868605, -18.387121609 ], [ -40.051864019, -18.387129514 ], [ -40.051801473, -18.387241053 ], [ -40.051764114, -18.387303936 ], [ -40.051713788, -18.38739096 ], [ -40.051673381, -18.387462561 ], [ -40.051640815, -18.387517651 ], [ -40.051636354, -18.387525621 ], [ -40.051614772, -18.387565835 ], [ -40.051610646, -18.387573968 ], [ -40.051598674, -18.387598551 ], [ -40.051594439, -18.387606634 ], [ -40.051572416, -18.387646628 ], [ -40.051567833, -18.387654535 ], [ -40.051539596, -18.38770158 ], [ -40.051535079, -18.387709521 ], [ -40.051508776, -18.387757577 ], [ -40.05150423700001, -18.387765508 ], [ -40.051471788, -18.387820661 ], [ -40.051426622, -18.387900079 ], [ -40.051394045, -18.387955163 ], [ -40.051336005, -18.388058754 ], [ -40.051289556, -18.388137494 ], [ -40.051244113, -18.388216767 ], [ -40.051185692, -18.388320163 ], [ -40.051181387, -18.388328211 ], [ -40.051148002, -18.388393102 ], [ -40.051143517, -18.388401059 ], [ -40.051120013, -18.388440278 ], [ -40.051115475, -18.388448209 ], [ -40.051084516, -18.388504138 ], [ -40.051079878, -18.388512016 ], [ -40.051065518, -18.388535404 ], [ -40.051047267, -18.388567074 ], [ -40.051007384, -18.388638943 ], [ -40.050975175, -18.388694224 ], [ -40.050943893, -18.388749989 ], [ -40.050907301, -18.388813283 ], [ -40.05085431, -18.388909202 ], [ -40.050849796, -18.388917145 ], [ -40.050831445, -18.388948763 ], [ -40.050802733, -18.388995545 ], [ -40.050798219, -18.389003488 ], [ -40.050789595, -18.389019578 ], [ -40.050785079, -18.38902752 ], [ -40.05076179, -18.389066856 ], [ -40.050757243, -18.389074782 ], [ -40.050730509, -18.38912262 ], [ -40.050674163, -18.38922706 ], [ -40.050669669, -18.389235014 ], [ -40.050577575, -18.389392925 ], [ -40.050542318, -18.389456906 ], [ -40.050492022, -18.389543945 ], [ -40.050447423, -18.389623653 ], [ -40.050355115, -18.389781451 ], [ -40.05035066, -18.389789424 ], [ -40.050305355, -18.389873201 ] ] } },
{ "type": "Feature", "properties": { "Field": "002", "Length": 361.82750231645866 }, "geometry": { "type": "LineString", "coordinates": [ [ -40.051925172, -18.386997133 ], [ -40.051911283, -18.387020198 ], [ -40.05188424, -18.387067878 ], [ -40.051851318, -18.387122775 ], [ -40.051788871, -18.387234364 ], [ -40.051696703, -18.387392235 ], [ -40.051661192, -18.387456088 ], [ -40.051623762, -18.387518934 ], [ -40.051586158, -18.387591913 ], [ -40.051550384, -18.387655633 ], [ -40.051527014, -18.387694924 ], [ -40.051500939, -18.387743093 ], [ -40.051463711, -18.387806048 ], [ -40.051414345, -18.387893571999989 ], [ -40.05136352, -18.38798033 ], [ -40.051314487, -18.388068024 ], [ -40.051236448, -18.388202376 ], [ -40.051210039, -18.388250378 ], [ -40.051200408, -18.388265939 ], [ -40.051182318, -18.388297694 ], [ -40.05116929, -18.388321782999988 ], [ -40.051144397, -18.388370518 ], [ -40.051103288, -18.388441754 ], [ -40.051072738, -18.388497888 ], [ -40.051016979, -18.388592365 ], [ -40.050981429, -18.388656199 ], [ -40.050872162, -18.38884635 ], [ -40.050845953, -18.388894452 ], [ -40.050785515, -18.388996786 ], [ -40.050767957, -18.389028812 ], [ -40.050731379, -18.389092114 ], [ -40.050697007, -18.389156532 ], [ -40.050661752000011, -18.389220515 ], [ -40.05062072, -18.389291791 ], [ -40.05056964, -18.389378414 ], [ -40.050538707, -18.389434355 ], [ -40.050403441, -18.38967273 ], [ -40.050360982, -18.389743241 ], [ -40.050320732, -18.389814923 ], [ -40.050299981, -18.389855533 ], [ -40.050291398, -18.389870455 ] ] } },
{ "type": "Feature", "properties": { "Field": "001", "Length": 230.73094245143653 }, "geometry": { "type": "LineString", "coordinates": [ [ -40.051896881, -18.383551062 ], [ -40.051869266, -18.383597717 ], [ -40.051819676, -18.383685124 ], [ -40.051750081, -18.383803276 ], [ -40.051687395, -18.383914742 ], [ -40.051682869, -18.383922679 ], [ -40.051664219, -18.383954136 ], [ -40.051642704, -18.383994382 ], [ -40.051610851, -18.384049851 ], [ -40.051585328, -18.384098288 ], [ -40.05154402, -18.384169418 ], [ -40.051535542, -18.384185578 ], [ -40.051531166, -18.384193591 ], [ -40.051521632, -18.384209205 ], [ -40.051499462, -18.384249125 ], [ -40.051439707, -18.384351823 ], [ -40.051417806, -18.384391878 ], [ -40.051372495, -18.384471221 ], [ -40.051303584, -18.384589736999988 ], [ -40.051217800000011, -18.384740647 ], [ -40.051176365, -18.38481171 ], [ -40.051163028, -18.384835645 ], [ -40.051112442, -18.38493274 ], [ -40.05110812, -18.384940779 ], [ -40.051061567, -18.385019463 ], [ -40.05105291, -18.385035536 ], [ -40.05094817, -18.38521775 ], [ -40.050880804, -18.385337074 ], [ -40.050876187, -18.385344962 ], [ -40.050861133, -18.38536795 ], [ -40.050856237, -18.385375685 ], [ -40.050852639, -18.385382059 ] ] } },
{ "type": "Feature", "properties": { "Field": "002", "Length": 363.0670723698949 }, "geometry": { "type": "LineString", "coordinates": [ [ -40.051916335, -18.386984361 ], [ -40.051897145, -18.387016019 ], [ -40.051856913, -18.387087709 ], [ -40.051819476, -18.387150552 ], [ -40.051751804, -18.387269719 ], [ -40.051683008, -18.387388297 ], [ -40.051647489, -18.387452146 ], [ -40.051610494, -18.387515226 ], [ -40.05159023, -18.38755606 ], [ -40.051550277, -18.387627893 ], [ -40.051517789, -18.387683025 ], [ -40.051491573, -18.387731125 ], [ -40.051436031, -18.387825719 ], [ -40.051400547, -18.387889586 ], [ -40.051363153, -18.387952451 ], [ -40.051268857, -18.388119515 ], [ -40.05121832, -18.388206426 ], [ -40.051196619, -18.388246581 ], [ -40.051178316, -18.388278225 ], [ -40.051144116, -18.388342727 ], [ -40.051089928, -18.388438034 ], [ -40.051064156, -18.388486352 ], [ -40.051007696, -18.38858045 ], [ -40.050909013, -18.388755521 ], [ -40.050876242, -18.388810501 ], [ -40.050826913, -18.388898043 ], [ -40.050780593, -18.388976853 ], [ -40.05072217, -18.389080248 ], [ -40.050701195, -18.389120753 ], [ -40.050652348, -18.389208541 ], [ -40.050606805, -18.389287763 ], [ -40.050587805, -18.38931903 ], [ -40.050555817, -18.389374428 ], [ -40.050538495, -18.389406571 ], [ -40.050511022, -18.389454027 ], [ -40.050457499, -18.389549676 ], [ -40.05042991, -18.389597071 ], [ -40.05040783, -18.389637037 ], [ -40.050365574, -18.389707658999988 ], [ -40.050324399, -18.389778861 ], [ -40.050293889, -18.389835014 ], [ -40.050286198, -18.389851529 ], [ -40.050277299104053, -18.389867681811115 ] ] } },
{ "type": "Feature", "properties": { "Field": "002", "Length": 364.31788189290199 }, "geometry": { "type": "LineString", "coordinates": [ [ -40.051906939, -18.386970781 ], [ -40.05184207500001, -18.387084499 ], [ -40.051795587, -18.387163218 ], [ -40.051737286, -18.387266675 ], [ -40.051659219, -18.387401013 ], [ -40.051614345, -18.387480581 ], [ -40.051576586, -18.387553488 ], [ -40.051567642, -18.387569418 ], [ -40.051530174, -18.387632243 ], [ -40.051503617, -18.387680171 ], [ -40.051444107, -18.387782999 ], [ -40.051399201, -18.387862551 ], [ -40.051357352, -18.387933394 ], [ -40.051312295, -18.388012869 ], [ -40.051299607, -18.388037123 ], [ -40.051263268, -18.38810055 ], [ -40.051225516, -18.38816322 ], [ -40.05113904, -18.388324 ], [ -40.051035147, -18.388506656 ], [ -40.050975171, -18.388609237 ], [ -40.050957842, -18.388641376 ], [ -40.050934769, -18.388680828 ], [ -40.050903663, -18.388736682 ], [ -40.050861582, -18.388807399 ], [ -40.050816557, -18.38888689 ], [ -40.050761548, -18.388981768 ], [ -40.050708306, -18.389077561 ], [ -40.050682901, -18.389126055 ], [ -40.050633527, -18.389213574 ], [ -40.050597227, -18.389277021 ], [ -40.050559865, -18.389339905 ], [ -40.05054689, -18.38936402 ], [ -40.050510339, -18.389427336 ], [ -40.050483794, -18.389475271 ], [ -40.050424331, -18.389578124 ], [ -40.050393395, -18.389634065 ], [ -40.050351085, -18.389704657 ], [ -40.050314363, -18.389767883 ], [ -40.050288148, -18.389815983 ], [ -40.050264458136844, -18.389865155715977 ] ] } },
{ "type": "Feature", "properties": { "Field": "001", "Length": 228.7433204553347 }, "geometry": { "type": "LineString", "coordinates": [ [ -40.051878018, -18.383555853 ], [ -40.051864206, -18.383578808 ], [ -40.051773224, -18.383737304 ], [ -40.051735438, -18.383799954 ], [ -40.051677749, -18.383903724 ], [ -40.051641223, -18.383967052 ], [ -40.051610576, -18.384023136 ], [ -40.051589445, -18.384063566 ], [ -40.051543705, -18.384142684 ], [ -40.051485706, -18.384246295 ], [ -40.051430345, -18.384340985 ], [ -40.051408246, -18.384380941 ], [ -40.051380205, -18.384428092 ], [ -40.051335886, -18.384507943 ], [ -40.051298857, -18.384571005 ], [ -40.051231079, -18.384690116 ], [ -40.051185196, -18.384769158 ], [ -40.051180722, -18.384777122 ], [ -40.051147267, -18.384841979 ], [ -40.051089729, -18.384945824 ], [ -40.051015622, -18.385071921 ], [ -40.050970914, -18.385151575 ], [ -40.050920373, -18.385238484 ], [ -40.05086652, -18.385333964 ], [ -40.050856767, -18.385349453 ], [ -40.050851436, -18.385356921 ], [ -40.050846336, -18.385364533 ], [ -40.050842687, -18.385371017 ] ] } },
{ "type": "Feature", "properties": { "Field": "002", "Length": 365.53447776762351 }, "geometry": { "type": "LineString", "coordinates": [ [ -40.051898426817772, -18.386958478299508 ], [ -40.05187492, -18.386997113 ], [ -40.051870279, -18.387004989 ], [ -40.051825535, -18.387084624 ], [ -40.051769672, -18.387179045 ], [ -40.051670991, -18.387354118 ], [ -40.051666416, -18.387362029 ], [ -40.051647585, -18.387393389 ], [ -40.051643039, -18.387401315 ], [ -40.05158714, -18.387505974 ], [ -40.051582761, -18.387513985 ], [ -40.05156477, -18.387545792 ], [ -40.051523084, -18.387616721 ], [ -40.051391835, -18.387846894 ], [ -40.051340885, -18.387933585 ], [ -40.051260265, -18.388076887 ], [ -40.051218232, -18.38814763 ], [ -40.051213703, -18.388155566 ], [ -40.051136029, -18.388300343 ], [ -40.051131612, -18.388308336 ], [ -40.051072244, -18.388411239 ], [ -40.051013812, -18.388514629 ], [ -40.051009242, -18.388522543 ], [ -40.05097647, -18.388577521999988 ], [ -40.050971908, -18.38858544 ], [ -40.050936791, -18.388649492 ], [ -40.050882105, -18.388744539 ], [ -40.050840452, -18.388815486 ], [ -40.050813682, -18.388863307 ], [ -40.050754301, -18.388966203 ], [ -40.050749847, -18.388974177 ], [ -40.050702676, -18.389062796 ], [ -40.050662361, -18.389134445 ], [ -40.050625695, -18.3891977 ], [ -40.050594661, -18.389253591 ], [ -40.050590129, -18.389261525 ], [ -40.050562119, -18.389308693 ], [ -40.050521088, -18.389379971 ], [ -40.050471824, -18.389467546 ], [ -40.050434976, -18.389530704 ], [ -40.050367752, -18.389650102 ], [ -40.050316205, -18.389736472 ], [ -40.050311647, -18.389744392 ], [ -40.050281101, -18.389800528 ], [ -40.050276924, -18.389808637 ], [ -40.05026524, -18.389833347 ], [ -40.050261159, -18.3898415 ], [ -40.050249868, -18.389862285 ] ] } },
{ "type": "Feature", "properties": { "Field": "002", "Length": 366.76760843006753 }, "geometry": { "type": "LineString", "coordinates": [ [ -40.050235941105846, -18.389859545797663 ], [ -40.050299439, -18.389738162 ], [ -40.05031715, -18.389706213 ], [ -40.050409251, -18.389548305 ], [ -40.0504359, -18.389500423 ], [ -40.05057295, -18.389262979 ], [ -40.050653939, -18.389119866 ], [ -40.050686535, -18.389064792 ], [ -40.050716886, -18.38900856 ], [ -40.050737336, -18.388967811 ], [ -40.050805703, -18.388849007 ], [ -40.0508279, -18.3888091 ], [ -40.050869751, -18.388738259 ], [ -40.050933177, -18.388627174 ], [ -40.050959431, -18.388579093 ], [ -40.051001155, -18.388508184 ], [ -40.051059197, -18.388404594 ], [ -40.051123211, -18.388293817 ], [ -40.05120109, -18.38814914 ], [ -40.051261538, -18.388046812 ], [ -40.051296935, -18.387982901 ], [ -40.051337942, -18.387911611 ], [ -40.051379797, -18.387840772 ], [ -40.051414783, -18.387776655 ], [ -40.051483795, -18.387658191 ], [ -40.051524313, -18.387586647 ], [ -40.051561511, -18.387523675 ], [ -40.051592598, -18.387467812 ], [ -40.051634728, -18.387386888 ], [ -40.051662346, -18.387339509 ], [ -40.051675487, -18.387315476 ], [ -40.051712775, -18.387252553 ], [ -40.051757095, -18.387172701 ], [ -40.051808282, -18.387086136999987 ], [ -40.05186716, -18.386982979 ], [ -40.051889622, -18.386945754 ] ] } },
{ "type": "Feature", "properties": { "Field": "002", "Length": 367.91191463649216 }, "geometry": { "type": "LineString", "coordinates": [ [ -40.051881554915326, -18.386934094139743 ], [ -40.051853382, -18.386980592 ], [ -40.051793882, -18.387083425 ], [ -40.051774826, -18.38711466 ], [ -40.051702866, -18.387241887 ], [ -40.051684547, -18.387273522 ], [ -40.051665394, -18.387304703 ], [ -40.051633617, -18.387360212 ], [ -40.051616289, -18.387392352 ], [ -40.05159165, -18.387441205 ], [ -40.051565176, -18.387489175 ], [ -40.051400353, -18.387773916 ], [ -40.051356273, -18.387853888 ], [ -40.051278214, -18.387988229 ], [ -40.051215048, -18.388099449 ], [ -40.051187009, -18.388146602 ], [ -40.051139872, -18.388235238 ], [ -40.051085395, -18.388330395 ], [ -40.05103637, -18.388418093 ], [ -40.051008663, -18.388465424 ], [ -40.050986762, -18.38850548 ], [ -40.050945267, -18.388576512 ], [ -40.050927761, -18.388608564 ], [ -40.050886532, -18.388679737 ], [ -40.05084661, -18.388751586 ], [ -40.050808841, -18.388814247 ], [ -40.05074541, -18.388925329 ], [ -40.050728084, -18.38895747 ], [ -40.050707635, -18.38899822 ], [ -40.050676838, -18.38905423 ], [ -40.050644358, -18.389109367 ], [ -40.050540598, -18.389292091 ], [ -40.050489748, -18.389378837 ], [ -40.050421998, -18.389497964 ], [ -40.050320993, -18.389671825 ], [ -40.050285802, -18.389735839 ], [ -40.050265197, -18.389776517 ], [ -40.050220684, -18.389855941 ] ] } },
{ "type": "Feature", "properties": { "Field": "001", "Length": 226.7630822530835 }, "geometry": { "type": "LineString", "coordinates": [ [ -40.051858833, -18.383560725 ], [ -40.051777025, -18.383702698 ], [ -40.05172073, -18.383796885 ], [ -40.051659176, -18.383908924 ], [ -40.051627283, -18.383964372 ], [ -40.051579207, -18.384052547 ], [ -40.051556051, -18.384091953 ], [ -40.051534192, -18.38413203 ], [ -40.051484554, -18.384219412 ], [ -40.051429462, -18.384314245 ], [ -40.051411793, -18.384346215 ], [ -40.051361285, -18.384433142 ], [ -40.051298616, -18.384544617 ], [ -40.051294031, -18.384552523 ], [ -40.051289104, -18.384560239 ], [ -40.051184202, -18.384742367 ], [ -40.051141641, -18.384823085 ], [ -40.051079352, -18.384934754 ], [ -40.051046734, -18.384989816 ], [ -40.051010306, -18.385053196 ], [ -40.050934107, -18.385188507 ], [ -40.050896736, -18.385251384 ], [ -40.05085683, -18.38532324 ], [ -40.050833462111903, -18.385360782820229 ] ] } },
{ "type": "Feature", "properties": { "Field": "002", "Length": 368.79996860065347 }, "geometry": { "type": "LineString", "coordinates": [ [ -40.051872620878441, -18.386921182196708 ], [ -40.051853649, -18.386951882 ], [ -40.051776046, -18.387086464 ], [ -40.051697284, -18.387220431 ], [ -40.051670628, -18.387268309 ], [ -40.051647404, -18.387307679 ], [ -40.051608095, -18.387379836 ], [ -40.051583328, -18.38742863 ], [ -40.051565795, -18.387460668 ], [ -40.051496481, -18.387578971 ], [ -40.051460601, -18.387642636 ], [ -40.051377948, -18.387784878 ], [ -40.051315559, -18.387896497 ], [ -40.051273627, -18.387967295 ], [ -40.051206234, -18.388086606 ], [ -40.051173724, -18.388141726 ], [ -40.051135718, -18.388214515 ], [ -40.051091051, -18.38829419 ], [ -40.051067662, -18.388333472 ], [ -40.051027645, -18.388405272 ], [ -40.05099988, -18.388452573 ], [ -40.05096434, -18.388516411 ], [ -40.050931577, -18.388571395 ], [ -40.050914039, -18.388603431 ], [ -40.050868343, -18.388682572 ], [ -40.050833112, -18.388746566 ], [ -40.050795118, -18.388809103 ], [ -40.05077684, -18.38884076 ], [ -40.050727931, -18.388928517 ], [ -40.050702844, -18.388977161 ], [ -40.050672051, -18.389033174 ], [ -40.050549262, -18.389247164 ], [ -40.05048426, -18.389357416 ], [ -40.05043992200001, -18.389437258 ], [ -40.050394726, -18.389516661 ], [ -40.050390186, -18.38952459 ], [ -40.050343782, -18.389603355 ], [ -40.05031236, -18.389659049 ], [ -40.050242784, -18.389787478 ], [ -40.050206638, -18.38984952 ] ] } },
{ "type": "Feature", "properties": { "Field": "002", "Length": 369.70550557289971 }, "geometry": { "type": "LineString", "coordinates": [ [ -40.05186332287019, -18.386907744220387 ], [ -40.051835747, -18.386954563 ], [ -40.051754012, -18.387097288 ], [ -40.051711824, -18.387167947 ], [ -40.051638782, -18.38729461 ], [ -40.051634307, -18.387302573 ], [ -40.05158366, -18.387399639 ], [ -40.051557138, -18.387447585 ], [ -40.051419181, -18.387684549 ], [ -40.051387746, -18.387740235 ], [ -40.051355498, -18.387795496 ], [ -40.051302089, -18.387891203 ], [ -40.051224274, -18.388025673 ], [ -40.05116601, -18.38812915 ], [ -40.051082389, -18.388281163 ], [ -40.051049992, -18.388336343 ], [ -40.051023381, -18.388384245 ], [ -40.05098667, -18.388447476 ], [ -40.050950803, -18.388511147 ], [ -40.050922446, -18.388558126 ], [ -40.050900435, -18.388598127 ], [ -40.050868083, -18.388653332 ], [ -40.050824134, -18.38873337 ], [ -40.050791315, -18.388788323 ], [ -40.050763954, -18.388835838 ], [ -40.050723976, -18.388907658 ], [ -40.050689528, -18.38897204 ], [ -40.050640422, -18.389059696 ], [ -40.050562644, -18.389194186 ], [ -40.050535826, -18.389241981 ], [ -40.050475631, -18.389344446 ], [ -40.05045308, -18.389384171 ], [ -40.050413641, -18.389456263 ], [ -40.050321641, -18.389614224 ], [ -40.050304254, -18.389646335 ], [ -40.050285941, -18.389677972 ], [ -40.050229538, -18.389782384 ], [ -40.050193487, -18.389843508 ] ] } },
{ "type": "Feature", "properties": { "Field": "001", "Length": 224.73401701329698 }, "geometry": { "type": "LineString", "coordinates": [ [ -40.051839357, -18.383566019 ], [ -40.051806873, -18.383620314 ], [ -40.051761963, -18.383699863 ], [ -40.05173348, -18.383746772 ], [ -40.051701532, -18.383802191 ], [ -40.051675449, -18.383850356 ], [ -40.051643367, -18.383905704 ], [ -40.051600052, -18.383986056 ], [ -40.051577694, -18.384025879999989 ], [ -40.051545262, -18.384081042 ], [ -40.051527852, -18.384113142 ], [ -40.051487396, -18.384184718 ], [ -40.051482877, -18.384192658 ], [ -40.051450515, -18.384247858 ], [ -40.051396779, -18.384343397 ], [ -40.051309847, -18.384493707 ], [ -40.051305324, -18.384501645 ], [ -40.051288107, -18.384533839 ], [ -40.051241544, -18.384612518 ], [ -40.051201507, -18.384684308 ], [ -40.051182724, -18.384715693 ], [ -40.051173871, -18.384731669 ], [ -40.051149065, -18.384780445 ], [ -40.051122473, -18.384828355 ], [ -40.051090407, -18.384883712 ], [ -40.051072871, -18.384915749 ], [ -40.051027508, -18.384995064 ], [ -40.051022933, -18.385002975 ], [ -40.05100874, -18.385026457 ], [ -40.050967964, -18.385097866 ], [ -40.050963461, -18.385105815 ], [ -40.050932744, -18.385161865 ], [ -40.050881517, -18.385248408 ], [ -40.050859132, -18.385288219 ], [ -40.050837549, -18.38532843 ], [ -40.050824095, -18.38535039 ] ] } },
{ "type": "Feature", "properties": { "Field": "002", "Length": 370.63564725038793 }, "geometry": { "type": "LineString", "coordinates": [ [ -40.051853793816186, -18.386893972321669 ], [ -40.051745252, -18.387083918 ], [ -40.051694113, -18.387170508 ], [ -40.051653777, -18.387242145 ], [ -40.051630805, -18.387281651 ], [ -40.051626318, -18.387289607 ], [ -40.051570696, -18.3873944 ], [ -40.051566345, -18.387402426 ], [ -40.051552874, -18.387426292 ], [ -40.051511432, -18.387497351 ], [ -40.051480035, -18.387553057 ], [ -40.051415487, -18.387663551 ], [ -40.051384211, -18.387719318 ], [ -40.051351491, -18.387774325 ], [ -40.051279476, -18.387901524 ], [ -40.051229075, -18.387988507 ], [ -40.051188927, -18.388060241 ], [ -40.05118453, -18.388068244 ], [ -40.05115883700001, -18.3881166 ], [ -40.051136591, -18.388156482 ], [ -40.051068905, -18.388275641 ], [ -40.051032102, -18.388338824 ], [ -40.050965194, -18.388458383 ], [ -40.050928796, -18.388521779 ], [ -40.050905143, -18.388560915 ], [ -40.050882805, -18.38860075 ], [ -40.050854761, -18.3886479 ], [ -40.050801679, -18.388743773 ], [ -40.050746232, -18.388838417 ], [ -40.050694062, -18.388934745 ], [ -40.05064964, -18.389014545 ], [ -40.050586194, -18.389125619 ], [ -40.050549277, -18.389188741 ], [ -40.05049592, -18.389284474 ], [ -40.050458745, -18.389347459 ], [ -40.050391649, -18.389466922 ], [ -40.050309061, -18.3896092 ], [ -40.05027774, -18.389664944 ], [ -40.050273335, -18.389672943 ], [ -40.05025194, -18.389713247 ], [ -40.050216498, -18.389777135 ], [ -40.050211977, -18.389785075 ], [ -40.050180565, -18.389837601 ] ] } },
{ "type": "Feature", "properties": { "Field": "002", "Length": 371.52507155591076 }, "geometry": { "type": "LineString", "coordinates": [ [ -40.051844883, -18.386881094 ], [ -40.051727178, -18.387086856 ], [ -40.051694534, -18.387141904 ], [ -40.051631279, -18.387253077 ], [ -40.051613643, -18.387285063 ], [ -40.051588384, -18.387333626 ], [ -40.051535002, -18.387429347 ], [ -40.051466768, -18.387548221 ], [ -40.051420517, -18.387627068 ], [ -40.05138019, -18.387698709 ], [ -40.0512973, -18.387840826 ], [ -40.05125701, -18.387912487 ], [ -40.051193309, -18.388023428 ], [ -40.051188887, -18.388031418 ], [ -40.051171776, -18.388063664 ], [ -40.05115117, -18.38810434 ], [ -40.051146823, -18.388112368 ], [ -40.05109148, -18.388207068 ], [ -40.050929258, -18.388493168 ], [ -40.050845998, -18.388635088 ], [ -40.050841478, -18.388643028 ], [ -40.050801823, -18.388715011 ], [ -40.050733281, -18.388833724 ], [ -40.050728832, -18.3888417 ], [ -40.050685635, -18.38892211 ], [ -40.050641267, -18.389001937 ], [ -40.050613614, -18.389049297 ], [ -40.050586878, -18.389097134 ], [ -40.050531555, -18.389191845 ], [ -40.05048731, -18.389271733 ], [ -40.050436704, -18.389358608 ], [ -40.050383004, -18.389454167 ], [ -40.050309506, -18.38958059 ], [ -40.050282852, -18.389628469 ], [ -40.05025283, -18.389684861 ], [ -40.050248348, -18.389692821 ], [ -40.050234319, -18.389716392 ], [ -40.050193712, -18.38978789 ], [ -40.05018904, -18.38979575 ], [ -40.050166824, -18.389831319 ] ] } },
{ "type": "Feature", "properties": { "Field": "002", "Length": 372.48345133274501 }, "geometry": { "type": "LineString", "coordinates": [ [ -40.051835283708861, -18.386867220516102 ], [ -40.05178168, -18.386962246 ], [ -40.051753859, -18.387009515 ], [ -40.051718297, -18.387073343 ], [ -40.051713705, -18.387081245 ], [ -40.05168988, -18.387120286 ], [ -40.051685234, -18.38712816 ], [ -40.051649222, -18.387191757 ], [ -40.051613785, -18.387255647 ], [ -40.051575425, -18.387328266 ], [ -40.051553037, -18.387368076 ], [ -40.051474994, -18.387502425 ], [ -40.05143037500001, -18.387582124 ], [ -40.051347114, -18.387724042 ], [ -40.051293325, -18.387819555 ], [ -40.051220162, -18.387946155 ], [ -40.05118457, -18.388009967 ], [ -40.051180247, -18.388018007 ], [ -40.051146865, -18.388082898 ], [ -40.051142535, -18.388090934 ], [ -40.051119956, -18.388130645 ], [ -40.051059631, -18.388233039 ], [ -40.050920266, -18.38847957 ], [ -40.050859842, -18.388581911 ], [ -40.050828296, -18.38863754 ], [ -40.050793113, -18.388701557 ], [ -40.050733599, -18.388804383 ], [ -40.050729129, -18.388812349 ], [ -40.050681375, -18.388900684 ], [ -40.05065891, -18.388940454 ], [ -40.050599329, -18.389043244 ], [ -40.050554684, -18.389122929 ], [ -40.050512929, -18.389193822 ], [ -40.050459709, -18.389289625 ], [ -40.050455129, -18.389297534 ], [ -40.05042189, -18.389352257 ], [ -40.050417306, -18.389360164 ], [ -40.050373436, -18.389440241 ], [ -40.050368933, -18.38944819 ], [ -40.050304004, -18.389558481 ], [ -40.050299466, -18.389566411 ], [ -40.050290632, -18.389582397 ], [ -40.050286375, -18.389590468 ], [ -40.050261974, -18.38963943 ], [ -40.050257739, -18.389647512 ], [ -40.050239937, -18.389679415 ], [ -40.050198517, -18.389750487 ], [ -40.050153438, -18.3898252 ] ] } },
{ "type": "Feature", "properties": { "Field": "001", "Length": 221.99476540757769 }, "geometry": { "type": "LineString", "coordinates": [ [ -40.051815072, -18.383575382 ], [ -40.051783463, -18.383631224 ], [ -40.051775217, -18.383647493 ], [ -40.051770166, -18.383655136 ], [ -40.051734082, -18.383718695 ], [ -40.051710385, -18.383757808 ], [ -40.051683193, -18.38380541 ], [ -40.051656976, -18.383853508 ], [ -40.051638112, -18.38388485 ], [ -40.051550518, -18.384045077 ], [ -40.051526181, -18.38408383 ], [ -40.051509221, -18.384116148 ], [ -40.051499724, -18.384131783 ], [ -40.051455073, -18.384211465 ], [ -40.051418268, -18.384274647 ], [ -40.051391776, -18.384322607 ], [ -40.051359471, -18.384377837 ], [ -40.051269425, -18.384536821 ], [ -40.051236802, -18.38459188 ], [ -40.051210523, -18.384639947 ], [ -40.051169477, -18.384711217 ], [ -40.051139868, -18.384767807 ], [ -40.051080907, -18.384870922 ], [ -40.051061884, -18.384902177 ], [ -40.051018304, -18.384982398 ], [ -40.050967329, -18.385069076 ], [ -40.050940167, -18.385116694 ], [ -40.050923028, -18.385148926 ], [ -40.050848946, -18.385275037 ], [ -40.050813482, -18.385338615 ] ] } },
{ "type": "Feature", "properties": { "Field": "002", "Length": 373.33814700830249 }, "geometry": { "type": "LineString", "coordinates": [ [ -40.051826605, -18.386854678 ], [ -40.05179862, -18.386901278 ], [ -40.051794094, -18.386909214 ], [ -40.051772061, -18.386949204 ], [ -40.051744326, -18.38699652 ], [ -40.051739808, -18.387004461 ], [ -40.051699846, -18.387076289 ], [ -40.051695237, -18.387084183 ], [ -40.051671653, -18.387123358 ], [ -40.051667095, -18.387131278 ], [ -40.051622564, -18.387211022 ], [ -40.051588774, -18.38727572 ], [ -40.051584392, -18.38728373 ], [ -40.051543957, -18.387355317 ], [ -40.051461388, -18.387497604 ], [ -40.051430493, -18.387553564 ], [ -40.05142597, -18.387561503 ], [ -40.051315586, -18.387751064 ], [ -40.051257696, -18.387854732 ], [ -40.051202272, -18.387949389 ], [ -40.051171334, -18.388005328 ], [ -40.051167097, -18.388013409 ], [ -40.051146475, -18.388054078 ], [ -40.051142174, -18.388062128 ], [ -40.051128844, -18.388086066 ], [ -40.051101476, -18.388133577 ], [ -40.05105947, -18.388204334 ], [ -40.051054905, -18.388212251 ], [ -40.050901968, -18.388482597 ], [ -40.050860036, -18.388553394 ], [ -40.050837995, -18.388593379 ], [ -40.050729925, -18.388784152 ], [ -40.05067243, -18.388888019 ], [ -40.050585749, -18.389038462 ], [ -40.050545781, -18.389110288 ], [ -40.050504342, -18.389181349 ], [ -40.050464346, -18.38925316 ], [ -40.050408492, -18.389347587 ], [ -40.050403996, -18.389355539 ], [ -40.0503689, -18.389419601 ], [ -40.050336591, -18.389474829 ], [ -40.050291306, -18.389554185 ], [ -40.050286951, -18.389562209 ], [ -40.050244529, -18.389642994 ], [ -40.050240088, -18.389650975 ], [ -40.050189815, -18.389738026 ], [ -40.050140216029412, -18.389819155951894 ] ] } },
{ "type": "Feature", "properties": { "Field": "002", "Length": 374.18005983916714 }, "geometry": { "type": "LineString", "coordinates": [ [ -40.051818197897127, -18.386842527169939 ], [ -40.05178057, -18.386904683 ], [ -40.051677511, -18.387087768 ], [ -40.051649283, -18.387134818 ], [ -40.051644758, -18.387142755 ], [ -40.051626848, -18.387174603 ], [ -40.051622537, -18.387182648 ], [ -40.051605465, -18.387214913 ], [ -40.051593592, -18.387239539 ], [ -40.051571503, -18.3872795 ], [ -40.051488963, -18.387421803 ], [ -40.051434824, -18.387517136 ], [ -40.051417517, -18.387549285 ], [ -40.051357459, -18.387651822 ], [ -40.05127127, -18.387802522 ], [ -40.051258145, -18.387826563 ], [ -40.051202676, -18.387921196 ], [ -40.051171534, -18.387977032 ], [ -40.051138113, -18.388041905 ], [ -40.051115102, -18.388081389 ], [ -40.051083853, -18.388137171 ], [ -40.05104647, -18.388200042 ], [ -40.051024122, -18.388239872 ], [ -40.050964616, -18.388342702 ], [ -40.050888743, -18.388478181 ], [ -40.05084696, -18.388549058 ], [ -40.05084243, -18.388556993 ], [ -40.050765919, -18.388692144 ], [ -40.050664131, -18.388875877 ], [ -40.050626858, -18.388938808 ], [ -40.050451414, -18.389248903 ], [ -40.050390959, -18.389351227 ], [ -40.050346435, -18.389430975 ], [ -40.050309639, -18.389494161 ], [ -40.05028325, -18.389542174 ], [ -40.05026728, -18.389574949 ], [ -40.050231883, -18.389638859 ], [ -40.05019918, -18.389693876 ], [ -40.050181496, -18.389725838 ], [ -40.050127692151257, -18.38981343075374 ] ] } },
{ "type": "Feature", "properties": { "Field": "002", "Length": 375.0135015460163 }, "geometry": { "type": "LineString", "coordinates": [ [ -40.05180977298474, -18.386830351024148 ], [ -40.051795084, -18.386853589 ], [ -40.051757922, -18.38691658 ], [ -40.051726991, -18.386972522 ], [ -40.051676683, -18.387059555 ], [ -40.051659135, -18.387091586 ], [ -40.051640322, -18.387122956 ], [ -40.051609394, -18.3871789 ], [ -40.051580657, -18.387235899 ], [ -40.051558239, -18.387275693 ], [ -40.051480066, -18.387409975 ], [ -40.051462672, -18.387442082 ], [ -40.051426494, -18.387505593 ], [ -40.051409199, -18.387537749 ], [ -40.05135281, -18.387631885 ], [ -40.05131288, -18.38770373 ], [ -40.051280552, -18.387758948 ], [ -40.051240591, -18.387830777 ], [ -40.051180054, -18.387933057 ], [ -40.051142318, -18.388005975 ], [ -40.051124557, -18.388037899 ], [ -40.050946435, -18.388346598 ], [ -40.050871173, -18.388482387 ], [ -40.050847481, -18.388521502 ], [ -40.050807204, -18.388593171 ], [ -40.050792851, -18.388616563 ], [ -40.050747885, -18.388696085 ], [ -40.050695615, -18.388792363 ], [ -40.050672566, -18.388831828 ], [ -40.050654983, -18.388863841 ], [ -40.050608425, -18.388942523 ], [ -40.050541675, -18.389062163 ], [ -40.050496152, -18.389141396 ], [ -40.050451535, -18.389221096 ], [ -40.050368303, -18.389363031 ], [ -40.050328345, -18.389434862 ], [ -40.050292014, -18.389498294 ], [ -40.050258318, -18.389563037 ], [ -40.050231448, -18.389610806 ], [ -40.050190041, -18.389681885 ], [ -40.050167854, -18.389721797 ], [ -40.050115799053678, -18.389807993911116 ] ] } },
{ "type": "Feature", "properties": { "Field": "002", "Length": 375.84479874703408 }, "geometry": { "type": "LineString", "coordinates": [ [ -40.051801324825476, -18.386818141278482 ], [ -40.051787014, -18.386840976 ], [ -40.051754411, -18.386896046 ], [ -40.051727229, -18.386943654 ], [ -40.05170998, -18.386975832 ], [ -40.05163185, -18.387110136 ], [ -40.051576843, -18.387215225 ], [ -40.051540885, -18.387278849 ], [ -40.051462472, -18.387413003 ], [ -40.051395499, -18.387532529 ], [ -40.051339635, -18.387626949 ], [ -40.051299553, -18.387698717 ], [ -40.051272049, -18.387746156 ], [ -40.05122787, -18.387826079 ], [ -40.051176912, -18.387912766 ], [ -40.051159369, -18.387944799 ], [ -40.051142667, -18.38797724 ], [ -40.05112052, -18.388017172 ], [ -40.051097452, -18.388056626 ], [ -40.051025443, -18.388183827 ], [ -40.050979021, -18.388262583 ], [ -40.050943777, -18.388326571 ], [ -40.050858051, -18.388477511 ], [ -40.050816287, -18.388548399 ], [ -40.050793835, -18.388588176 ], [ -40.050765517, -18.388635176 ], [ -40.05074774700001, -18.388667096 ], [ -40.050688212, -18.388780126 ], [ -40.05059594, -18.388937942 ], [ -40.050488876, -18.389129232 ], [ -40.050433228, -18.38922377 ], [ -40.050392869, -18.389295396 ], [ -40.050341598, -18.389381915 ], [ -40.050288084, -18.389477569 ], [ -40.050262607, -18.389526029 ], [ -40.050227331, -18.389590001 ], [ -40.050181199, -18.389668911 ], [ -40.050149801, -18.389724617 ], [ -40.050103138, -18.389802206 ] ] } },
{ "type": "Feature", "properties": { "Field": "002", "Length": 376.68987170720027 }, "geometry": { "type": "LineString", "coordinates": [ [ -40.051792660732353, -18.386805619450993 ], [ -40.051727596, -18.386915254 ], [ -40.051723016, -18.386923163 ], [ -40.051705555, -18.386955236 ], [ -40.051641587, -18.387066037 ], [ -40.051610894, -18.387122099 ], [ -40.051563639, -18.387210677 ], [ -40.051540683, -18.38725019 ], [ -40.051527531, -18.387274218 ], [ -40.051462763, -18.387384594 ], [ -40.051400063, -18.387496054 ], [ -40.05134522, -18.387591019 ], [ -40.051321747, -18.387630254 ], [ -40.051280897, -18.387701626 ], [ -40.051204991, -18.387837087 ], [ -40.051173108, -18.387892541 ], [ -40.051151123, -18.387932554 ], [ -40.051138524, -18.38795685 ], [ -40.051115811, -18.387996491 ], [ -40.051102746, -18.388020562 ], [ -40.051065974, -18.388083761 ], [ -40.051025925, -18.388155545 ], [ -40.050961492, -18.3882661 ], [ -40.050956954, -18.388274031 ], [ -40.050935041, -18.38831408 ], [ -40.050898284, -18.388377287 ], [ -40.050835077, -18.388488486 ], [ -40.050752176, -18.388630597 ], [ -40.050725995, -18.388678713 ], [ -40.050696816, -18.388735507 ], [ -40.05068363, -18.388759518 ], [ -40.05060534, -18.388893737 ], [ -40.050547078, -18.388997214 ], [ -40.050524105, -18.389036718 ], [ -40.050475298, -18.389124527 ], [ -40.050410384, -18.389234825 ], [ -40.050379414, -18.389290748 ], [ -40.050323465, -18.389385124 ], [ -40.05028784, -18.389448919 ], [ -40.050283457, -18.389456929 ], [ -40.050262394, -18.389497392 ], [ -40.050213596, -18.389585205 ], [ -40.050167471, -18.389664119 ], [ -40.050122456, -18.389743615 ], [ -40.050090778133573, -18.389796555776758 ] ] } },
{ "type": "Feature", "properties": { "Field": "002", "Length": 377.55817756573913 }, "geometry": { "type": "LineString", "coordinates": [ [ -40.051783812, -18.386792831 ], [ -40.051769842, -18.386815853 ], [ -40.051751717, -18.38684759 ], [ -40.051747074, -18.386855465 ], [ -40.051727902, -18.386886636 ], [ -40.051723252, -18.386894508 ], [ -40.05169203, -18.386950302 ], [ -40.051636994, -18.387045165 ], [ -40.051632491, -18.387053114 ], [ -40.051615039, -18.387085192 ], [ -40.051594228, -18.387125774 ], [ -40.051554615, -18.387197778 ], [ -40.051550085, -18.387205713 ], [ -40.051521968, -18.387252822 ], [ -40.051486017, -18.387316451 ], [ -40.051444296, -18.387387361 ], [ -40.051395083, -18.387474963 ], [ -40.051362652, -18.387530125 ], [ -40.051358088, -18.387538042 ], [ -40.051326867, -18.387593838 ], [ -40.051253366, -18.387720259 ], [ -40.051181917, -18.387847748 ], [ -40.051143204, -18.387920196 ], [ -40.051102694, -18.387991744 ], [ -40.051029791, -18.38811848 ], [ -40.050975981, -18.388213983 ], [ -40.050948255, -18.388261303 ], [ -40.050921522, -18.388309142 ], [ -40.050879886, -18.388380099 ], [ -40.05082152, -18.388483523 ], [ -40.050743575, -18.388617924 ], [ -40.050725838, -18.38864986 ], [ -40.050682995, -18.388730443 ], [ -40.050678586, -18.388738439 ], [ -40.050600822, -18.388872937 ], [ -40.050556223, -18.388952646 ], [ -40.050515101, -18.389023876 ], [ -40.050488688, -18.389071875 ], [ -40.050437507, -18.389158443 ], [ -40.050361192, -18.389293694 ], [ -40.050305394, -18.389388152 ], [ -40.050300891, -18.3893961 ], [ -40.050253491, -18.389484609 ], [ -40.050217968, -18.389548456 ], [ -40.050158509, -18.389651311 ], [ -40.050118015, -18.389722867 ], [ -40.05007814, -18.389790778 ] ] } },
{ "type": "Feature", "properties": { "Field": "002", "Length": 378.48155260492302 }, "geometry": { "type": "LineString", "coordinates": [ [ -40.051774428, -18.386779269 ], [ -40.051742885, -18.386834317 ], [ -40.051719232000011, -18.386873454 ], [ -40.05171461, -18.38688134 ], [ -40.051678708, -18.386944993 ], [ -40.05164178, -18.387008109 ], [ -40.051637269, -18.387016054 ], [ -40.051615313, -18.387056082 ], [ -40.051590072, -18.387104653 ], [ -40.051585733, -18.387112685 ], [ -40.051536337, -18.387200193 ], [ -40.051435518, -18.387374151 ], [ -40.051395277, -18.387445837 ], [ -40.051353443, -18.387516687 ], [ -40.051308783, -18.387596365 ], [ -40.051240042, -18.387714972 ], [ -40.051168877, -18.387842606 ], [ -40.051164544, -18.38785064 ], [ -40.051139258, -18.387899191 ], [ -40.051134864, -18.387907195 ], [ -40.051047956, -18.388057518 ], [ -40.050898979, -18.388319635 ], [ -40.050866528, -18.388374786 ], [ -40.050808087, -18.388478171 ], [ -40.050757743, -18.388565186 ], [ -40.050726442, -18.38862094 ], [ -40.050722081, -18.388628961 ], [ -40.050692292, -18.388685466 ], [ -40.050687885, -18.388693464 ], [ -40.050587571, -18.388867688 ], [ -40.050466023, -18.389082324 ], [ -40.050433159, -18.389137252 ], [ -40.05034794, -18.389288454 ], [ -40.050343349, -18.389296357 ], [ -40.050301068, -18.389366966 ], [ -40.050296572, -18.389374918 ], [ -40.050249415, -18.389463545 ], [ -40.050245012, -18.389471544 ], [ -40.050104831, -18.389717654 ], [ -40.050064691, -18.38978463 ] ] } },
{ "type": "Feature", "properties": { "Field": "002", "Length": 379.45420059215593 }, "geometry": { "type": "LineString", "coordinates": [ [ -40.051764700844792, -18.386765210256318 ], [ -40.051741278, -18.386803891 ], [ -40.051736674, -18.386811787 ], [ -40.051677804, -18.38691495 ], [ -40.051645559, -18.386970212 ], [ -40.051623281, -18.387010077 ], [ -40.05158516800001, -18.387082815 ], [ -40.05158071, -18.387090787 ], [ -40.051548689, -18.387146168 ], [ -40.051495212, -18.38724184 ], [ -40.051452864, -18.387312411 ], [ -40.051367799, -18.387463691 ], [ -40.051335262, -18.387518797 ], [ -40.051285103, -18.387605908 ], [ -40.05123604, -18.387693586 ], [ -40.051198705, -18.387756484 ], [ -40.051194178, -18.38776442 ], [ -40.051185296, -18.387780381 ], [ -40.051181061, -18.387788463 ], [ -40.051160468, -18.387829146 ], [ -40.051147528, -18.387853279 ], [ -40.051097196, -18.387940298 ], [ -40.051075098, -18.387980254 ], [ -40.050980233, -18.388147024 ], [ -40.050943237, -18.388210103 ], [ -40.050885011, -18.388313599 ], [ -40.050806883, -18.388447904 ], [ -40.050739538, -18.388567239 ], [ -40.050696765, -18.388647855 ], [ -40.050687953, -18.388663851 ], [ -40.050669354, -18.388695337 ], [ -40.050664912, -18.388703317 ], [ -40.050651981, -18.388727454 ], [ -40.050647521, -18.388735424 ], [ -40.050620254, -18.388782988 ], [ -40.05058269900001, -18.388845766 ], [ -40.050578119, -18.388853675 ], [ -40.050537514, -18.388925174 ], [ -40.05051431, -18.388964556 ], [ -40.050509784, -18.388972492 ], [ -40.05045624, -18.389068131 ], [ -40.050396822, -18.389171008 ], [ -40.050359613, -18.389233973 ], [ -40.05035517, -18.389241953 ], [ -40.050333552, -18.389282149 ], [ -40.050329015, -18.38929008 ], [ -40.050296429, -18.38934516 ], [ -40.050292049, -18.389353171 ], [ -40.050258253, -18.389417867 ], [ -40.050236122, -18.389457807 ], [ -40.050176359, -18.389560501 ], [ -40.050100238, -18.389695853 ], [ -40.050050762151784, -18.389778262747168 ] ] } },
{ "type": "Feature", "properties": { "Field": "002", "Length": 380.37512536654606 }, "geometry": { "type": "LineString", "coordinates": [ [ -40.051755188, -18.386751462 ], [ -40.051736825, -18.386782492 ], [ -40.051692427, -18.386862304 ], [ -40.051673572, -18.386893651 ], [ -40.051628222, -18.386972973 ], [ -40.051610527, -18.38700493 ], [ -40.051576581, -18.387069554 ], [ -40.051539917, -18.38713281 ], [ -40.051495412, -18.387212567 ], [ -40.051468067, -18.38726009 ], [ -40.051439745, -18.387307088 ], [ -40.051349876, -18.387466163 ], [ -40.051317259, -18.387521226 ], [ -40.051299541, -18.387553172 ], [ -40.051271755, -18.387600461 ], [ -40.051218111, -18.387696048 ], [ -40.051180875, -18.387758999 ], [ -40.051167767, -18.387783049 ], [ -40.051143221, -18.387831945 ], [ -40.051130146, -18.387856011 ], [ -40.051074849, -18.387950735 ], [ -40.050966621, -18.388141427 ], [ -40.050943228, -18.388180706 ], [ -40.050921293, -18.388220745 ], [ -40.050871632, -18.388308116 ], [ -40.050852913, -18.388339537 ], [ -40.050794059, -18.388442708 ], [ -40.050781066, -18.388466815 ], [ -40.05075826, -18.388506407 ], [ -40.050674937, -18.38865857 ], [ -40.050656206, -18.388689984 ], [ -40.050620378, -18.388753675 ], [ -40.050568709, -18.388839979 ], [ -40.05052865, -18.388911758 ], [ -40.050491767, -18.388974898 ], [ -40.050447587, -18.38905482 ], [ -40.050337374, -18.389244473 ], [ -40.050324725, -18.389268746 ], [ -40.05028005, -18.389348417 ], [ -40.050245503, -18.38941275 ], [ -40.050177596, -18.389531796 ], [ -40.050149758, -18.389579057 ], [ -40.050109703, -18.389650838 ], [ -40.05003929, -18.389773018 ] ] } },
{ "type": "Feature", "properties": { "Field": "002", "Length": 381.18456294701502 }, "geometry": { "type": "LineString", "coordinates": [ [ -40.051746906810529, -18.386739493309285 ], [ -40.051722443, -18.386779427 ], [ -40.05168676000001, -18.386843193 ], [ -40.051627236, -18.386946014 ], [ -40.051562421, -18.387066619 ], [ -40.051520804, -18.387137586 ], [ -40.051453638, -18.387257013 ], [ -40.051421319, -18.387312236 ], [ -40.051335437, -18.387463095 ], [ -40.051307192, -18.387510136 ], [ -40.051212953, -18.387677228 ], [ -40.05117089, -18.387747955 ], [ -40.051120179, -18.387844990999987 ], [ -40.050928801, -18.38817767 ], [ -40.050898227, -18.388233791 ], [ -40.050847776, -18.388320749 ], [ -40.050753522, -18.388487834 ], [ -40.050719337, -18.388552343 ], [ -40.050687405, -18.388607771 ], [ -40.050660851, -18.388655701 ], [ -40.050550377, -18.388845215 ], [ -40.050519269, -18.388901068 ], [ -40.050468643, -18.388987933 ], [ -40.050424322, -18.389067784 ], [ -40.05039602, -18.389114793 ], [ -40.050360017, -18.389178395 ], [ -40.050323159, -18.389241549 ], [ -40.050271274, -18.389338017 ], [ -40.0502313, -18.38940984 ], [ -40.050094848, -18.389647598 ], [ -40.05002801702102, -18.389767864962192 ] ] } },
{ "type": "Feature", "properties": { "Field": "002", "Length": 382.01129759334657 }, "geometry": { "type": "LineString", "coordinates": [ [ -40.051738576807224, -18.386727454312943 ], [ -40.05171458, -18.386766412 ], [ -40.051623248, -18.386924725 ], [ -40.05160981, -18.386948609 ], [ -40.051593571, -18.386981263 ], [ -40.051554199, -18.387053388 ], [ -40.051507587, -18.38713204 ], [ -40.051377152, -18.387362634 ], [ -40.051289662, -18.38751265 ], [ -40.051226737, -18.387623993 ], [ -40.051176099, -18.387710852 ], [ -40.051115618, -18.387823423 ], [ -40.051084427, -18.387879233999989 ], [ -40.050956476, -18.388100828 ], [ -40.050934412, -18.388140802 ], [ -40.050906801, -18.388188185 ], [ -40.050885072, -18.388228326 ], [ -40.050848092, -18.388291414 ], [ -40.050781724, -18.388411248 ], [ -40.050736302, -18.388490533 ], [ -40.050715332, -18.38853104 ], [ -40.050661574, -18.388626569 ], [ -40.050551336, -18.388816208 ], [ -40.050520064, -18.388871978 ], [ -40.05046954, -18.388958897 ], [ -40.050416094, -18.389054586 ], [ -40.050378338, -18.389117254 ], [ -40.050314893, -18.389228329 ], [ -40.050301445, -18.389252207 ], [ -40.050276198, -18.389300776 ], [ -40.050254213, -18.38934079 ], [ -40.050191174, -18.389452076 ], [ -40.050144978, -18.389530952 ], [ -40.050100586, -18.389610767 ], [ -40.050072576, -18.389657936 ], [ -40.050016148, -18.389762439 ] ] } },
{ "type": "Feature", "properties": { "Field": "002", "Length": 382.90347414579361 }, "geometry": { "type": "LineString", "coordinates": [ [ -40.051729484, -18.386714313 ], [ -40.051715257, -18.386737194 ], [ -40.051673814, -18.386808253 ], [ -40.051628884, -18.386887793 ], [ -40.051585614, -18.386968167 ], [ -40.05152732, -18.387071628 ], [ -40.051450202, -18.387206464 ], [ -40.051440566, -18.387222021 ], [ -40.051399513, -18.387293287 ], [ -40.051354835, -18.387372956 ], [ -40.051317432, -18.387435817 ], [ -40.051208299, -18.387626037 ], [ -40.051151558, -18.387730282 ], [ -40.051128765, -18.387769881 ], [ -40.051093601, -18.387833909 ], [ -40.051070499, -18.387873345 ], [ -40.051034759, -18.387937082 ], [ -40.05089367, -18.388182718 ], [ -40.05087165, -18.388222714 ], [ -40.05084367, -18.388269899 ], [ -40.050744184, -18.388444556 ], [ -40.050727004, -18.388476768 ], [ -40.050706601, -18.388517538 ], [ -40.050665532, -18.388588795 ], [ -40.050634487, -18.388644680999988 ], [ -40.050556166, -18.388778883 ], [ -40.050502763, -18.388874594 ], [ -40.050474685, -18.388921726 ], [ -40.050406673, -18.389040716 ], [ -40.050369582, -18.389103745 ], [ -40.050288794, -18.389246961 ], [ -40.050258947, -18.389303439 ], [ -40.050241146, -18.389335342 ], [ -40.050217875, -18.389374688 ], [ -40.050177705, -18.38944641 ], [ -40.050149987, -18.389493736 ], [ -40.050109742, -18.389565421 ], [ -40.050050384, -18.389668329 ], [ -40.050002967212855, -18.389756413604584 ] ] } },
{ "type": "Feature", "properties": { "Field": "002", "Length": 383.76263408066097 }, "geometry": { "type": "LineString", "coordinates": [ [ -40.051720852, -18.386701838 ], [ -40.051696885, -18.386740217 ], [ -40.051651219, -18.386819374 ], [ -40.051624445, -18.386867192 ], [ -40.051599114, -18.386915722 ], [ -40.051564155, -18.386979852 ], [ -40.051495447, -18.387098476 ], [ -40.051441612, -18.387193966 ], [ -40.051386142, -18.387288598 ], [ -40.051364027, -18.387328546 ], [ -40.051290299, -18.387454847 ], [ -40.051231835, -18.387558221 ], [ -40.051190174, -18.387629163 ], [ -40.051139015, -18.387725984 ], [ -40.050962005, -18.388035265 ], [ -40.050903557, -18.388138647 ], [ -40.050880313, -18.388178007 ], [ -40.05085823, -18.388217971 ], [ -40.0507848, -18.388344429999989 ], [ -40.050726758, -18.388448019999984 ], [ -40.050697082, -18.388504579 ], [ -40.050620592, -18.388639741 ], [ -40.050546869, -18.388766044 ], [ -40.050498217, -18.388853931 ], [ -40.050460847, -18.38891681 ], [ -40.050402046, -18.389020009 ], [ -40.050346824, -18.389114774 ], [ -40.050280136, -18.389234446 ], [ -40.050250352, -18.389290953 ], [ -40.050131854, -18.389496884 ], [ -40.050055424, -18.389632077 ], [ -40.050032233, -18.389671465 ], [ -40.050010418, -18.389711564 ], [ -40.050006155, -18.389719632 ], [ -40.049998288, -18.389736071 ], [ -40.049990184071362, -18.389750569872334 ] ] } },
{ "type": "Feature", "properties": { "Field": "002", "Length": 384.64910863121042 }, "geometry": { "type": "LineString", "coordinates": [ [ -40.051711766923063, -18.386688707123135 ], [ -40.051692638, -18.38671932 ], [ -40.051637946, -18.386814364 ], [ -40.051606867, -18.386870231 ], [ -40.051572646, -18.386934723 ], [ -40.051568259, -18.386942731 ], [ -40.051531452, -18.387005911 ], [ -40.05150046, -18.387061823 ], [ -40.051472825, -18.387109193 ], [ -40.051436869, -18.387172818 ], [ -40.05143232, -18.387180743 ], [ -40.051399763, -18.387235838 ], [ -40.051354924, -18.387315425 ], [ -40.051350375, -18.38732335 ], [ -40.051331724, -18.387354807 ], [ -40.051313925, -18.387386711 ], [ -40.051267822, -18.387465637 ], [ -40.051222936, -18.3875452 ], [ -40.051190775, -18.387600505 ], [ -40.051139266, -18.387697156 ], [ -40.051034494, -18.387879354 ], [ -40.050998778, -18.387943102 ], [ -40.050948384, -18.38803009 ], [ -40.050903893, -18.388109854 ], [ -40.050866988, -18.388172982 ], [ -40.050835637, -18.388228712 ], [ -40.05076267, -18.388355414 ], [ -40.050718264, -18.388435222 ], [ -40.050692323, -18.388483457 ], [ -40.050660201, -18.388538784 ], [ -40.050588616, -18.388666204 ], [ -40.050584089, -18.38867414 ], [ -40.050537797, -18.388752965 ], [ -40.050493568, -18.388832861 ], [ -40.050456159, -18.388895718 ], [ -40.050425144, -18.388951619 ], [ -40.050337978, -18.389101805999989 ], [ -40.050293151, -18.389181398 ], [ -40.05024611000001, -18.389270081 ], [ -40.050168538, -18.389404679 ], [ -40.050146423, -18.389444627 ], [ -40.050114158, -18.389499879 ], [ -40.050091951, -18.38953978 ], [ -40.050023231, -18.389658399 ], [ -40.050000942, -18.38969826 ], [ -40.049976756111953, -18.389744360786615 ] ] } },
{ "type": "Feature", "properties": { "Field": "002", "Length": 385.44087941812751 }, "geometry": { "type": "LineString", "coordinates": [ [ -40.051703020997977, -18.386676067003311 ], [ -40.051674737, -18.386722504 ], [ -40.051670189, -18.386730428999989 ], [ -40.051648428, -18.386770554 ], [ -40.051643943, -18.386778512 ], [ -40.051607111, -18.38684168 ], [ -40.051602676, -18.386849663 ], [ -40.051576992, -18.386898023 ], [ -40.051572579, -18.386906018 ], [ -40.051531797, -18.386977425 ], [ -40.051491911, -18.387049291 ], [ -40.051390788, -18.387223089 ], [ -40.051336759, -18.387318478 ], [ -40.051313543, -18.387357852 ], [ -40.051250019, -18.387468886 ], [ -40.051205534, -18.387548653 ], [ -40.051182356, -18.387588048 ], [ -40.051177903, -18.387596022 ], [ -40.051143779, -18.387660561 ], [ -40.051139361, -18.387668553 ], [ -40.051034562, -18.387850736 ], [ -40.050985391, -18.387938359 ], [ -40.05093486, -18.388025274 ], [ -40.05089042, -18.388105063 ], [ -40.050853482, -18.388168174 ], [ -40.050762876, -18.388326868 ], [ -40.050731492, -18.38838258 ], [ -40.050696877, -18.38844688 ], [ -40.050692427, -18.388454856 ], [ -40.050642309, -18.388541989 ], [ -40.05057531300001, -18.388661503 ], [ -40.05052916, -18.388740402 ], [ -40.050480088, -18.388828076 ], [ -40.050438248, -18.388898922 ], [ -40.050407164, -18.388954786 ], [ -40.050370212, -18.38901789 ], [ -40.050306629, -18.389128893 ], [ -40.050284396, -18.389168781 ], [ -40.050245889, -18.38924133 ], [ -40.050241502, -18.389249338 ], [ -40.05021454, -18.38929706 ], [ -40.050159443, -18.389391891 ], [ -40.050137355, -18.389431852 ], [ -40.050100605, -18.389495063 ], [ -40.050078478, -18.389535004999988 ], [ -40.049991838, -18.389685469 ], [ -40.049987486, -18.389693494 ], [ -40.049964607178822, -18.389738117651209 ] ] } },
{ "type": "Feature", "properties": { "Field": "002", "Length": 386.22550240748808 }, "geometry": { "type": "LineString", "coordinates": [ [ -40.051694392897311, -18.386663597167882 ], [ -40.051661245, -18.386717788 ], [ -40.051656752, -18.386725742 ], [ -40.051586412, -18.386853792 ], [ -40.051514654, -18.386981122 ], [ -40.051478351, -18.387044567 ], [ -40.051445546, -18.387099529 ], [ -40.051440982, -18.387107446 ], [ -40.051323444, -18.387313877 ], [ -40.051295584, -18.387361125 ], [ -40.051204709, -18.387519679 ], [ -40.051164834, -18.387591551 ], [ -40.051140089, -18.387640354999988 ], [ -40.051135615, -18.387648319 ], [ -40.051075888, -18.387751032 ], [ -40.05105815, -18.387782968 ], [ -40.051034741, -18.387822238 ], [ -40.050981081, -18.387917817 ], [ -40.050930875, -18.388004903 ], [ -40.050904597, -18.388052972 ], [ -40.050900079, -18.388060913 ], [ -40.050767645, -18.388290466 ], [ -40.050714486, -18.3883863 ], [ -40.050684233, -18.38844258 ], [ -40.05063832, -18.388521607 ], [ -40.05061188, -18.388569594 ], [ -40.050566679, -18.388648994 ], [ -40.050520579, -18.388727921 ], [ -40.050453728, -18.38884751 ], [ -40.050425425, -18.388894518 ], [ -40.050330649, -18.389061334 ], [ -40.05030726, -18.389100615 ], [ -40.050289542, -18.38913256 ], [ -40.050264082, -18.389181029 ], [ -40.050233101, -18.389236946 ], [ -40.050187102, -18.389315927 ], [ -40.050133396, -18.389411483 ], [ -40.050073732, -18.38951423 ], [ -40.050006126, -18.389633431 ], [ -40.049983075, -18.389672894 ], [ -40.049951724, -18.389731497 ] ] } },
{ "type": "Feature", "properties": { "Field": "002", "Length": 387.07326184953541 }, "geometry": { "type": "LineString", "coordinates": [ [ -40.051685028, -18.386650063 ], [ -40.051638026, -18.386729269 ], [ -40.051586625, -18.386825973 ], [ -40.051455699, -18.387056313 ], [ -40.051404451, -18.387142845 ], [ -40.051336807, -18.387262026 ], [ -40.051286196, -18.387348899 ], [ -40.051232336, -18.387444375 ], [ -40.051195211, -18.387507386 ], [ -40.051159948, -18.387571364 ], [ -40.051143771, -18.387604046 ], [ -40.051121628, -18.38764398 ], [ -40.051035154, -18.387794531 ], [ -40.050972206, -18.387905864 ], [ -40.050921721, -18.387992802999989 ], [ -40.050881893, -18.388064700000012 ], [ -40.050749904, -18.388294486999985 ], [ -40.050661889, -18.388454504 ], [ -40.050620628, -18.38852566 ], [ -40.050543985, -18.388660743 ], [ -40.050520501, -18.388699973 ], [ -40.050444854, -18.388835566 ], [ -40.050402636, -18.388906209 ], [ -40.050339669, -18.389017532 ], [ -40.050307533, -18.389072852 ], [ -40.050276744, -18.389128867 ], [ -40.050259865, -18.389161223 ], [ -40.050215323, -18.389240962 ], [ -40.050168834, -18.389319681 ], [ -40.050119964, -18.389407458 ], [ -40.050064816, -18.389502263 ], [ -40.04996108, -18.389685 ], [ -40.049938021247144, -18.389724455577131 ] ] } },
{ "type": "Feature", "properties": { "Field": "002", "Length": 387.94998837470644 }, "geometry": { "type": "LineString", "coordinates": [ [ -40.051675787, -18.386636707 ], [ -40.051671303, -18.386645275 ], [ -40.051647012, -18.386684054 ], [ -40.05163855, -18.386700221 ], [ -40.051628852, -18.386715744 ], [ -40.051586911, -18.386796758 ], [ -40.05150915, -18.386931256 ], [ -40.051442548, -18.387050971 ], [ -40.051399747, -18.387121293 ], [ -40.051373747, -18.387169499 ], [ -40.051332188, -18.387240497 ], [ -40.051287818, -18.387320323 ], [ -40.051181826, -18.387501875 ], [ -40.051151548, -18.387558143 ], [ -40.051135443, -18.387590857 ], [ -40.051094131, -18.387661986 ], [ -40.051059255, -18.387726158 ], [ -40.050999429, -18.387828818 ], [ -40.050959467, -18.387900647 ], [ -40.050932079, -18.387948147 ], [ -40.050898782, -18.388002838 ], [ -40.050841756, -18.388106941 ], [ -40.050749707, -18.388264876 ], [ -40.050679973, -18.388393228 ], [ -40.050615439, -18.38850373 ], [ -40.050558354, -18.388607803 ], [ -40.050506985, -18.388694269 ], [ -40.050431749, -18.388830071 ], [ -40.050348269, -18.388971873 ], [ -40.050322198, -18.389020045 ], [ -40.050290184, -18.389075429 ], [ -40.050256294, -18.38914008 ], [ -40.050228452, -18.38918734 ], [ -40.050202225, -18.389235434 ], [ -40.050151089, -18.389322025 ], [ -40.050074926, -18.389457356 ], [ -40.049987605, -18.389607461 ], [ -40.049943063, -18.3896872 ], [ -40.049932673, -18.389702308 ], [ -40.049924187, -18.389717346 ] ] } },
{ "type": "Feature", "properties": { "Field": "002", "Length": 388.73445186468518 }, "geometry": { "type": "LineString", "coordinates": [ [ -40.051666792, -18.386623707 ], [ -40.051634109, -18.386678152 ], [ -40.051629532, -18.386686062 ], [ -40.051603521, -18.386734262 ], [ -40.051582654, -18.386774817 ], [ -40.051564909, -18.386806748 ], [ -40.051482619, -18.386949182 ], [ -40.051424559, -18.387052763 ], [ -40.051419991, -18.387060678 ], [ -40.051401017, -18.387091959 ], [ -40.051396405, -18.387099851 ], [ -40.051370138, -18.387147924 ], [ -40.051328377, -18.387218813 ], [ -40.051274765, -18.387314417 ], [ -40.051187774, -18.387464696 ], [ -40.051165478, -18.387504552 ], [ -40.051161151, -18.387512589 ], [ -40.05114474, -18.387545165 ], [ -40.051140489, -18.387553239 ], [ -40.051077059, -18.387664321 ], [ -40.051014936, -18.387776075 ], [ -40.051010383, -18.387783998 ], [ -40.050986709, -18.387823123 ], [ -40.050914617, -18.387950281 ], [ -40.050881706, -18.388005184 ], [ -40.05080598, -18.388140737 ], [ -40.050732344, -18.388267086 ], [ -40.050727886, -18.388275058 ], [ -40.050706778, -18.3883155 ], [ -40.050653553, -18.3884113 ], [ -40.050602585, -18.388497982 ], [ -40.050535594, -18.388617498 ], [ -40.050489792, -18.388696584 ], [ -40.050395224, -18.388863507 ], [ -40.050312966, -18.389005959 ], [ -40.050286401, -18.389053883 ], [ -40.050248064, -18.389126514 ], [ -40.050243654, -18.38913451 ], [ -40.050215702, -18.38918171 ], [ -40.050184412, -18.38923747 ], [ -40.050119828, -18.389347945 ], [ -40.050007136, -18.389546606 ], [ -40.049956497, -18.389633464 ], [ -40.049912148117329, -18.389711159794455 ] ] } },
{ "type": "Feature", "properties": { "Field": "002", "Length": 389.58317596643633 }, "geometry": { "type": "LineString", "coordinates": [ [ -40.051657455, -18.386610168 ], [ -40.051625403, -18.386664942 ], [ -40.051620919, -18.386672901 ], [ -40.051590952, -18.386729319 ], [ -40.051533055, -18.386832983 ], [ -40.051496206, -18.386896141 ], [ -40.051433094, -18.387007388 ], [ -40.051387178, -18.387086412999988 ], [ -40.05138267, -18.387094359 ], [ -40.051360711, -18.387134385 ], [ -40.051328538, -18.387189686 ], [ -40.051292936, -18.387253492 ], [ -40.05125109, -18.387324336 ], [ -40.051246545, -18.387332263 ], [ -40.051224595, -18.387372294 ], [ -40.051170473, -18.387467635 ], [ -40.05116607, -18.387475635 ], [ -40.05114067400001, -18.387524134 ], [ -40.051136266, -18.38753213 ], [ -40.051112943, -18.387571447 ], [ -40.051077507, -18.387635338 ], [ -40.051045433, -18.387690691 ], [ -40.051009794, -18.387754478 ], [ -40.050954608, -18.387849262 ], [ -40.050905253, -18.387936791 ], [ -40.050900658, -18.387944692 ], [ -40.050886439, -18.387968159 ], [ -40.050836086, -18.388055168 ], [ -40.050791662, -18.388134966 ], [ -40.050736684, -18.38822986 ], [ -40.050714454, -18.388269749 ], [ -40.050693449, -18.388310239 ], [ -40.050666653, -18.388358046 ], [ -40.050634474, -18.388413343 ], [ -40.050512667, -18.388627844999988 ], [ -40.05044863, -18.38873861 ], [ -40.050371774, -18.388873582 ], [ -40.050307207, -18.388984066 ], [ -40.050302735, -18.388992031 ], [ -40.050260238, -18.38907278 ], [ -40.050170733, -18.389232042 ], [ -40.050096936, -18.389358306 ], [ -40.050052091, -18.389437889 ], [ -40.050010235, -18.389508728 ], [ -40.050005705, -18.389516663 ], [ -40.049984026, -18.389556828 ], [ -40.04997958, -18.389564806 ], [ -40.049947332, -18.389620067 ], [ -40.049920816, -18.389668016 ], [ -40.049916233, -18.389675923 ], [ -40.049898616067907, -18.389704205890983 ] ] } },
{ "type": "Feature", "properties": { "Field": "002", "Length": 390.47483711204615 }, "geometry": { "type": "LineString", "coordinates": [ [ -40.051648541916222, -18.386596548146983 ], [ -40.051617132, -18.386651657 ], [ -40.051612797, -18.38665969 ], [ -40.051596217, -18.386692188 ], [ -40.051591897, -18.386700229 ], [ -40.051551418, -18.386771793 ], [ -40.051510614, -18.386843189 ], [ -40.051468952, -18.386914131 ], [ -40.051428958, -18.386985942 ], [ -40.051391886, -18.387048981 ], [ -40.051387392, -18.387056935 ], [ -40.051361264, -18.387105078 ], [ -40.051356774, -18.387113033 ], [ -40.051315248, -18.387184048 ], [ -40.051279827, -18.387247946 ], [ -40.05127526, -18.387255862 ], [ -40.05123773, -18.387318652 ], [ -40.05119717, -18.387390175 ], [ -40.051175034000011, -18.387430112 ], [ -40.051170724, -18.387438158 ], [ -40.05113711, -18.38750294 ], [ -40.051132678, -18.387510926 ], [ -40.051086102, -18.387589598 ], [ -40.051081542, -18.387597517 ], [ -40.051014605, -18.387717061 ], [ -40.050941369, -18.387843622 ], [ -40.050901479, -18.387915487 ], [ -40.050896893, -18.387923393 ], [ -40.050868469, -18.387970335 ], [ -40.050863881, -18.387978239 ], [ -40.050837245, -18.388026128 ], [ -40.050832678, -18.388034043 ], [ -40.05080922, -18.388073287 ], [ -40.050804688, -18.388081221 ], [ -40.050778452, -18.38812931 ], [ -40.050773955, -18.388137262 ], [ -40.050732381, -18.388208252 ], [ -40.050727937, -18.388216231 ], [ -40.050689523, -18.388288825 ], [ -40.050685137, -18.388296834 ], [ -40.050617609, -18.388416075 ], [ -40.050557734, -18.388518709 ], [ -40.050508145, -18.388606118 ], [ -40.050495287, -18.388630289 ], [ -40.050490843, -18.388638268 ], [ -40.050444395, -18.388717009 ], [ -40.050386021, -18.388820429 ], [ -40.050312626, -18.388946906 ], [ -40.050285855, -18.388994726 ], [ -40.050281579, -18.389002789 ], [ -40.050265214, -18.389035385 ], [ -40.050260975, -18.389043465 ], [ -40.050252191, -18.389059476 ], [ -40.050229148, -18.389098942 ], [ -40.050166704, -18.389210533 ], [ -40.050088124, -18.389344597 ], [ -40.050048207, -18.389416447 ], [ -40.049992642, -18.389511029 ], [ -40.049988109, -18.389518963 ], [ -40.049921567, -18.389638708 ], [ -40.049917002, -18.389646625 ], [ -40.049886367, -18.389697911 ] ] } },
{ "type": "Feature", "properties": { "Field": "002", "Length": 279.4583185680986 }, "geometry": { "type": "LineString", "coordinates": [ [ -40.051650236, -18.387670121 ], [ -40.051626165, -18.38771901 ], [ -40.051609013, -18.387751237 ], [ -40.051586553, -18.387791009 ], [ -40.051543255, -18.38787137 ], [ -40.051524833, -18.38790295 ], [ -40.051514718, -18.387918228 ], [ -40.051491129, -18.3879574 ], [ -40.051473549, -18.387989415 ], [ -40.05146584, -18.388005922 ], [ -40.051451793, -18.388029483 ], [ -40.05141638, -18.388093386 ], [ -40.051378434, -18.38815595 ], [ -40.051329823, -18.388243857 ], [ -40.051310526, -18.388274958 ], [ -40.05129267, -18.388306833 ], [ -40.05128296800001, -18.388322353 ], [ -40.051260854, -18.388362302 ], [ -40.051227571, -18.388417001 ], [ -40.051219017, -18.388433124 ], [ -40.051205122, -18.388456768 ], [ -40.051194113, -18.388481758 ], [ -40.051180462, -18.388505531 ], [ -40.051167639, -18.38852972 ], [ -40.051113163, -18.388624877 ], [ -40.051101375, -18.38864954 ], [ -40.051092277, -18.38866539 ], [ -40.051068102, -18.388704235 ], [ -40.051046326, -18.388744353 ], [ -40.051041854, -18.388752317 ], [ -40.051037069, -18.388760115 ], [ -40.05102865, -18.388776303 ], [ -40.051024281, -18.388784319 ], [ -40.050994395, -18.388830427 ], [ -40.050989555, -18.388838193 ], [ -40.050972347, -18.388870391 ], [ -40.050962941, -18.388886076 ], [ -40.050950018, -18.388910216 ], [ -40.050945331, -18.388918067 ], [ -40.050933432, -18.388942683 ], [ -40.050920331, -18.388966736 ], [ -40.050915793, -18.388974666 ], [ -40.050905596, -18.388989894 ], [ -40.05086483800001, -18.389061313 ], [ -40.050850464, -18.389084694 ], [ -40.05084579, -18.389092553 ], [ -40.050833001, -18.389116758 ], [ -40.050818765, -18.389140215 ], [ -40.050805832, -18.389164351 ], [ -40.050742756, -18.389275617 ], [ -40.050708801, -18.389340237 ], [ -40.050672337, -18.389403598 ], [ -40.050652919, -18.38943463 ], [ -40.050648213, -18.389442471 ], [ -40.050635669, -18.389466793 ], [ -40.050626389, -18.389482546 ], [ -40.050609185, -18.389514747 ], [ -40.05060475, -18.38952273 ], [ -40.050590113, -18.389545962 ], [ -40.050568176, -18.389586 ], [ -40.050563673, -18.389593949 ], [ -40.050553843, -18.389609395 ], [ -40.050549071, -18.389617199 ], [ -40.050536361, -18.389641443 ], [ -40.050531995, -18.389649461 ], [ -40.0505128, -18.389680618 ], [ -40.050504094, -18.389696668 ], [ -40.050494721, -18.38971237 ], [ -40.050486363, -18.389728586 ], [ -40.050467247, -18.389759788 ], [ -40.050449162, -18.389791546 ], [ -40.050444512, -18.389799417 ], [ -40.050434397, -18.389814695 ], [ -40.050420233, -18.389838192 ], [ -40.050415638, -18.389846093 ], [ -40.050398985, -18.389878556 ], [ -40.050392228123712, -18.389890290785157 ] ] } },
{ "type": "Feature", "properties": { "Field": "002", "Length": 391.26642900172811 }, "geometry": { "type": "LineString", "coordinates": [ [ -40.051640427949486, -18.386584150088328 ], [ -40.051613477, -18.386631288 ], [ -40.051583531, -18.386687717 ], [ -40.051579045, -18.386695674 ], [ -40.051546946, -18.386751014 ], [ -40.051497689, -18.386838592 ], [ -40.051465222, -18.386893736 ], [ -40.051420802, -18.386973536 ], [ -40.051366059, -18.387068554 ], [ -40.051344342, -18.387108701 ], [ -40.051297807, -18.387187393 ], [ -40.05127961, -18.387219092 ], [ -40.051262256, -18.387251219 ], [ -40.051257706, -18.387259143 ], [ -40.051211164, -18.387337834 ], [ -40.051167108, -18.387417818 ], [ -40.051132845, -18.38748229 ], [ -40.051128376, -18.387490255 ], [ -40.050982556, -18.387743721 ], [ -40.050956043, -18.387791671 ], [ -40.050897175, -18.387894835 ], [ -40.050855205, -18.387965612 ], [ -40.050819608, -18.388029421 ], [ -40.05073831, -18.388172374 ], [ -40.050703433, -18.388236545 ], [ -40.050698971, -18.388244515 ], [ -40.050590678, -18.388435173 ], [ -40.050558227, -18.388490325 ], [ -40.050540839, -18.388522435 ], [ -40.050508714, -18.38857776 ], [ -40.050477639, -18.38863363 ], [ -40.050440677, -18.388696728 ], [ -40.050413922, -18.388744556 ], [ -40.050368274, -18.388823722 ], [ -40.050312662, -18.388918279 ], [ -40.050282015, -18.388974364 ], [ -40.050248649, -18.389039263 ], [ -40.050244177, -18.389047227 ], [ -40.050211891, -18.389102468 ], [ -40.050139629, -18.389229539 ], [ -40.050074814, -18.38933989 ], [ -40.050020986, -18.389435384 ], [ -40.049979577, -18.389506461 ], [ -40.049953088, -18.389554424 ], [ -40.04990336, -18.38964176 ], [ -40.049873508, -18.389691303 ] ] } },
{ "type": "Feature", "properties": { "Field": "002", "Length": 392.15007895439948 }, "geometry": { "type": "LineString", "coordinates": [ [ -40.051631454, -18.386570438 ], [ -40.051583325, -18.386659759 ], [ -40.051537472, -18.386738818 ], [ -40.051497562, -18.386810672 ], [ -40.051455753, -18.386881536 ], [ -40.051411182, -18.38696126 ], [ -40.051352252, -18.387064392 ], [ -40.051334743, -18.387096442 ], [ -40.051279394, -18.387191139 ], [ -40.051248397, -18.387247049 ], [ -40.051210806, -18.387309807 ], [ -40.05115786, -18.387405749 ], [ -40.051132401, -18.387454217 ], [ -40.051105545, -18.387501993 ], [ -40.051054407, -18.387588584 ], [ -40.051027958, -18.387636567 ], [ -40.05095140400001, -18.387771695 ], [ -40.050814027, -18.388008967 ], [ -40.050751355, -18.388120441 ], [ -40.050703674, -18.388208811 ], [ -40.050652965, -18.388295632 ], [ -40.050639869, -18.388319687 ], [ -40.050494745, -18.388573517 ], [ -40.05046829, -18.388621497 ], [ -40.050426932, -18.388692601 ], [ -40.050359195, -18.388811735 ], [ -40.050298957, -18.388914176 ], [ -40.050252404, -18.389003093 ], [ -40.050234705, -18.389035048 ], [ -40.050202248, -18.389090198 ], [ -40.050148457, -18.38918571 ], [ -40.050038511, -18.389375504 ], [ -40.049889428, -18.389637566 ], [ -40.049861197080631, -18.389684976864601 ] ] } },
{ "type": "Feature", "properties": { "Field": "002", "Length": 392.91998696317967 }, "geometry": { "type": "LineString", "coordinates": [ [ -40.051623762, -18.386558685 ], [ -40.051605248, -18.386589627 ], [ -40.05158357, -18.386629793 ], [ -40.051524218, -18.386732703999989 ], [ -40.051488984, -18.386796696 ], [ -40.051438384, -18.386883575 ], [ -40.05137101, -18.387002896 ], [ -40.051333864, -18.387065895 ], [ -40.051320787, -18.38708996 ], [ -40.051257208, -18.387200964 ], [ -40.051239718, -18.387233024 ], [ -40.051188555, -18.387319602 ], [ -40.051123485, -18.387440082 ], [ -40.05109684, -18.387487966 ], [ -40.051050646, -18.387566843 ], [ -40.05096579, -18.387718231 ], [ -40.05090105, -18.387828622 ], [ -40.050860556, -18.387900179 ], [ -40.050800697, -18.388002822 ], [ -40.050742469, -18.388106317 ], [ -40.05072111, -18.388146638 ], [ -40.050676933, -18.388226562 ], [ -40.050639964, -18.388289657 ], [ -40.050553946, -18.388440445 ], [ -40.05053523, -18.388471868 ], [ -40.05047707, -18.388575398 ], [ -40.050459766, -18.38860755 ], [ -40.050404473, -18.388702277 ], [ -40.050355081, -18.388789787 ], [ -40.050295451, -18.388892552 ], [ -40.050273434, -18.38893255 ], [ -40.050252651, -18.388973144 ], [ -40.050225954, -18.389021002 ], [ -40.050157191, -18.389139599 ], [ -40.050067233, -18.389298628 ], [ -40.049943453, -18.389512098 ], [ -40.049917042, -18.389560101 ], [ -40.049867116, -18.389647334 ], [ -40.049862478, -18.389655212 ], [ -40.049846921199851, -18.389677640711859 ] ] } },
{ "type": "Feature", "properties": { "Field": "002", "Length": 393.74032032554277 }, "geometry": { "type": "LineString", "coordinates": [ [ -40.051615431, -18.386545955 ], [ -40.051596714, -18.386576788 ], [ -40.051515166, -18.38671961 ], [ -40.051470759, -18.386799417 ], [ -40.051393178, -18.38693401 ], [ -40.051388656, -18.386941949 ], [ -40.051366624, -18.386981939 ], [ -40.051320164, -18.387060674 ], [ -40.05127015, -18.38714786 ], [ -40.051265638, -18.387155805 ], [ -40.05122152, -18.387235758 ], [ -40.051175104, -18.387314515 ], [ -40.051105443, -18.387442903 ], [ -40.051028311, -18.387577732 ], [ -40.050956936, -18.387705258 ], [ -40.050878, -18.387839132 ], [ -40.05087341, -18.387847035 ], [ -40.050851214, -18.387886942 ], [ -40.050786898, -18.387997559 ], [ -40.050765035, -18.388037633 ], [ -40.05072909, -18.388101265 ], [ -40.050712298, -18.388133663 ], [ -40.050663548, -18.3882215 ], [ -40.05059939, -18.388332201 ], [ -40.050540946, -18.388435584 ], [ -40.050517435, -18.388474799 ], [ -40.050463421, -18.388570197 ], [ -40.050432511, -18.38862615 ], [ -40.050399811, -18.388681168 ], [ -40.050309505, -18.388840018 ], [ -40.05027845, -18.388895897 ], [ -40.050248395, -18.388952274 ], [ -40.050212465, -18.389015913 ], [ -40.050148183, -18.389126548 ], [ -40.050062883, -18.389277709 ], [ -40.050003321, -18.38938051 ], [ -40.049980951, -18.389420328 ], [ -40.049916237, -18.389530733 ], [ -40.049875755, -18.389602297 ], [ -40.04987132, -18.38961028 ], [ -40.04985858, -18.38963451 ], [ -40.049854031, -18.389642434 ], [ -40.049848618, -18.389649848 ], [ -40.049843398, -18.389657386 ], [ -40.049835081, -18.389671556 ] ] } },
{ "type": "Feature", "properties": { "Field": "002", "Length": 394.54449614164582 }, "geometry": { "type": "LineString", "coordinates": [ [ -40.051607152, -18.386533305 ], [ -40.051592809, -18.386556658 ], [ -40.051551895, -18.386627996 ], [ -40.051533071, -18.38665936 ], [ -40.05146167600001, -18.386786876 ], [ -40.051397622, -18.386897632 ], [ -40.051352897, -18.386977277 ], [ -40.051265372, -18.387127273 ], [ -40.0512122, -18.3872231 ], [ -40.051171054, -18.387294316999988 ], [ -40.051131813, -18.387366507 ], [ -40.051069031, -18.387477924 ], [ -40.051027806, -18.3875491 ], [ -40.050938648, -18.387708539 ], [ -40.050888071, -18.38779543 ], [ -40.050859789, -18.38784245 ], [ -40.050824058000011, -18.387906191 ], [ -40.050778114, -18.387985201 ], [ -40.050728878, -18.388072791 ], [ -40.050690212, -18.388145264 ], [ -40.050613337, -18.388280226 ], [ -40.050585604, -18.388327543 ], [ -40.050536534, -18.388415218 ], [ -40.050481145, -18.388509894 ], [ -40.050423408, -18.38861364 ], [ -40.050376915, -18.388692357 ], [ -40.05028706, -18.388851439 ], [ -40.050239452, -18.388939846 ], [ -40.050139246, -18.389114127 ], [ -40.050103571, -18.389177898 ], [ -40.049994365, -18.389368081 ], [ -40.049972152, -18.389407979 ], [ -40.049893694, -18.389542109 ], [ -40.049848703, -18.389621618 ], [ -40.049831326, -18.389653734 ], [ -40.04982416, -18.389665944 ] ] } },
{ "type": "Feature", "properties": { "Field": "002", "Length": 395.34311913354929 }, "geometry": { "type": "LineString", "coordinates": [ [ -40.051599164783525, -18.38652110035569 ], [ -40.051566147, -18.386575355 ], [ -40.051533827, -18.386630577 ], [ -40.051434898, -18.386805522 ], [ -40.051375207, -18.386908254 ], [ -40.05133952, -18.386972017 ], [ -40.051279865, -18.387074768 ], [ -40.051257737, -18.38711471 ], [ -40.051234594, -18.387154123 ], [ -40.051185371, -18.387241719 ], [ -40.05114224, -18.387322161 ], [ -40.051137731, -18.387330107 ], [ -40.051086906, -18.387416865 ], [ -40.051037986, -18.387504616 ], [ -40.050996995, -18.387575914 ], [ -40.050961854, -18.387639953 ], [ -40.05092564000001, -18.387703444999989 ], [ -40.050847048, -18.387837503 ], [ -40.050811686, -18.387901431 ], [ -40.050807094, -18.387909333 ], [ -40.050764869, -18.387979972 ], [ -40.050760346, -18.387987911 ], [ -40.050724918, -18.388051806 ], [ -40.050695605, -18.388108536 ], [ -40.050682311, -18.388132493 ], [ -40.050663547, -18.388163888 ], [ -40.05055899, -18.388346198 ], [ -40.050514446, -18.388425935 ], [ -40.050445854, -18.388544622 ], [ -40.050415064, -18.388600635 ], [ -40.050363901, -18.388687212 ], [ -40.050332868, -18.388743103 ], [ -40.050292015, -18.388814473 ], [ -40.050261947, -18.388870843 ], [ -40.050257544, -18.388878843 ], [ -40.050203902, -18.388974431 ], [ -40.050121685, -18.389116904 ], [ -40.050086266, -18.389180804 ], [ -40.050036502, -18.389268121 ], [ -40.049985758, -18.389354923 ], [ -40.049922416, -18.389466052 ], [ -40.049871701, -18.389552869 ], [ -40.049840286, -18.389608566 ], [ -40.049813002, -18.38966021 ] ] } },
{ "type": "Feature", "properties": { "Field": "002", "Length": 396.1850693945334 }, "geometry": { "type": "LineString", "coordinates": [ [ -40.051590706, -18.386508176 ], [ -40.051561374, -18.386556236 ], [ -40.051510686, -18.386643068 ], [ -40.051416429, -18.38681015 ], [ -40.051352029, -18.386920722 ], [ -40.051321103, -18.386976668 ], [ -40.05127082, -18.387063714 ], [ -40.051253206, -18.387095712 ], [ -40.0512118, -18.387166791 ], [ -40.051133012, -18.387311019 ], [ -40.051064433, -18.387429712 ], [ -40.051015808, -18.387517612 ], [ -40.050978541, -18.387580546 ], [ -40.05093483, -18.387660703 ], [ -40.050898379, -18.387724072 ], [ -40.050869777, -18.387770915 ], [ -40.050834771, -18.387835022 ], [ -40.050811306, -18.387874262 ], [ -40.050793498, -18.387906162 ], [ -40.050733568, -18.388008767 ], [ -40.050715771, -18.388040673 ], [ -40.050694851, -18.388081204 ], [ -40.05067289, -18.388121229 ], [ -40.050545298, -18.388343012 ], [ -40.050500553, -18.388422647 ], [ -40.050454259, -18.388501471 ], [ -40.050396281, -18.388605093 ], [ -40.050354458, -18.38867595 ], [ -40.050332531, -18.388715993 ], [ -40.050282563, -18.388803204 ], [ -40.050257236, -18.388851735 ], [ -40.050203486, -18.388947269 ], [ -40.050116964, -18.389097795 ], [ -40.050022574, -18.38926481 ], [ -40.049948776, -18.389391074 ], [ -40.049899263, -18.389478522 ], [ -40.049875878, -18.389517806 ], [ -40.049835292, -18.389589315 ], [ -40.049814891, -18.389630086 ], [ -40.049801048, -18.389654067 ] ] } },
{ "type": "Feature", "properties": { "Field": "002", "Length": 397.0316110393095 }, "geometry": { "type": "LineString", "coordinates": [ [ -40.051582066973261, -18.386494975044155 ], [ -40.05156297, -18.386526517 ], [ -40.051457684, -18.386708443 ], [ -40.05137238, -18.386859601 ], [ -40.05134411, -18.386906628 ], [ -40.051304191, -18.386978479 ], [ -40.051199509, -18.387160723 ], [ -40.051111487, -18.387320736 ], [ -40.051069971, -18.387391757 ], [ -40.051012246, -18.387495508 ], [ -40.050979565, -18.387550537 ], [ -40.050908328, -18.387678133 ], [ -40.050857406, -18.38776484 ], [ -40.05082181, -18.387828651 ], [ -40.050798426, -18.387867934 ], [ -40.050781025, -18.387900039 ], [ -40.050748499, -18.38795515 ], [ -40.050713956, -18.388019486 ], [ -40.050686744, -18.388067078 ], [ -40.050655905, -18.388123067 ], [ -40.050532778, -18.388336881 ], [ -40.050483216, -18.388424304 ], [ -40.050455148, -18.388471441 ], [ -40.050406141, -18.388559147 ], [ -40.050337486, -18.388677801 ], [ -40.050288355, -18.388765444 ], [ -40.050254698, -18.388830207 ], [ -40.050241264, -18.388854092 ], [ -40.050140686, -18.389028178 ], [ -40.05000576, -18.389266728 ], [ -40.049977267, -18.389313632 ], [ -40.049936071, -18.389384823 ], [ -40.049891318, -18.389464454 ], [ -40.049858666, -18.389519498 ], [ -40.049832411, -18.389567578 ], [ -40.049815626, -18.38959998 ], [ -40.049788701, -18.389647722 ] ] } },
{ "type": "Feature", "properties": { "Field": "002", "Length": 397.957086196994 }, "geometry": { "type": "LineString", "coordinates": [ [ -40.051572737, -18.386480719 ], [ -40.051545093, -18.386527494 ], [ -40.051463929, -18.386670516 ], [ -40.051417525, -18.38674928 ], [ -40.051355212, -18.386860938 ], [ -40.051331809, -18.386900211 ], [ -40.051296065, -18.386963946 ], [ -40.05121294, -18.387105937 ], [ -40.051139247, -18.387242508 ], [ -40.051039336, -18.387416943 ], [ -40.051003973, -18.387480871 ], [ -40.050952857, -18.387567474 ], [ -40.050872376, -18.387710847 ], [ -40.050798888, -18.387837275 ], [ -40.050772771, -18.387885424 ], [ -40.050744559, -18.387932482 ], [ -40.050697134, -18.388020978 ], [ -40.050637837, -18.388123918 ], [ -40.050602461, -18.38818784 ], [ -40.050488083, -18.38838562 ], [ -40.050315591, -18.388686961 ], [ -40.05028473, -18.388742939 ], [ -40.050255527, -18.388799722 ], [ -40.050237979, -18.388831753 ], [ -40.050200407, -18.388894522 ], [ -40.05017401, -18.388942531 ], [ -40.050128018, -18.389021516 ], [ -40.050096976, -18.389077403 ], [ -40.050069123, -18.389124656 ], [ -40.050001825, -18.389244016 ], [ -40.04995968, -18.389314698 ], [ -40.049863907, -18.389480994 ], [ -40.049845982, -18.389512835 ], [ -40.049811745, -18.389577319 ], [ -40.049775313, -18.389640842 ] ] } },
{ "type": "Feature", "properties": { "Field": "002", "Length": 398.84006674916469 }, "geometry": { "type": "LineString", "coordinates": [ [ -40.051563708936072, -18.386466924105306 ], [ -40.051544991, -18.386497756 ], [ -40.051527577, -18.386529854 ], [ -40.051464276, -18.386641003 ], [ -40.051413532, -18.386727804 ], [ -40.051341818, -18.386855158 ], [ -40.051323208, -18.386886637 ], [ -40.051296727, -18.386934604 ], [ -40.051264383, -18.386989813 ], [ -40.051241968, -18.387029609 ], [ -40.051200224, -18.387100507 ], [ -40.051174635, -18.387148913 ], [ -40.051130476, -18.387228846 ], [ -40.051066788, -18.387339794 ], [ -40.050995236, -18.387467229 ], [ -40.050948783, -18.387545968 ], [ -40.050908019, -18.387617384 ], [ -40.050877196, -18.387673381 ], [ -40.050826554, -18.387760237 ], [ -40.050795435, -18.387816085 ], [ -40.050772365, -18.387855538 ], [ -40.050750371, -18.387895547 ], [ -40.050731686, -18.387926987 ], [ -40.050670564, -18.388039242 ], [ -40.050633512, -18.388102292 ], [ -40.050571054, -18.388213876 ], [ -40.050410993, -18.388490804 ], [ -40.050361329, -18.388578174 ], [ -40.050343807, -18.388610217 ], [ -40.050307258, -18.388673535 ], [ -40.050229054, -18.388818052 ], [ -40.05019171, -18.388880945 ], [ -40.050024745, -18.389174869 ], [ -40.049896187, -18.389396143 ], [ -40.049837951, -18.389499634 ], [ -40.049811996, -18.389547862 ], [ -40.049762553, -18.389634285 ] ] } },
{ "type": "Feature", "properties": { "Field": "002", "Length": 399.66262945290515 }, "geometry": { "type": "LineString", "coordinates": [ [ -40.051555427717219, -18.38645427046319 ], [ -40.051531864, -18.386492867 ], [ -40.051527247, -18.386500755 ], [ -40.051518654, -18.38651686 ], [ -40.051460073, -18.386620173 ], [ -40.051404908, -18.386714967 ], [ -40.051364831, -18.386786737 ], [ -40.051305651, -18.386889738 ], [ -40.051265768, -18.386961607 ], [ -40.051183338, -18.387103967 ], [ -40.051178858, -18.387111928 ], [ -40.051153317, -18.387160356 ], [ -40.051108048, -18.387239721 ], [ -40.051059095, -18.387327455 ], [ -40.051022401, -18.387390696 ], [ -40.050959695, -18.387502152 ], [ -40.050903653, -18.387596476999988 ], [ -40.050841131, -18.387708027 ], [ -40.05076383, -18.387842767 ], [ -40.050729119, -18.38790702 ], [ -40.050679387, -18.387994354 ], [ -40.050652846, -18.38804229 ], [ -40.050611118, -18.388113197 ], [ -40.050531244, -18.388256879 ], [ -40.05047998, -18.388343402 ], [ -40.050375167, -18.388525578 ], [ -40.050370665, -18.388533528 ], [ -40.050335638, -18.388597624 ], [ -40.050303498, -18.388652942 ], [ -40.050264649, -18.388725325 ], [ -40.050220265, -18.388805143 ], [ -40.050178535, -18.38887605 ], [ -40.050138154, -18.388947664 ], [ -40.050106054, -18.389003004 ], [ -40.050061425, -18.389082698 ], [ -40.050033542, -18.389129935 ], [ -40.050002267, -18.389185703 ], [ -40.049905666, -18.389351562 ], [ -40.049861033, -18.389431254 ], [ -40.049822574, -18.389503827 ], [ -40.049818183, -18.389511832 ], [ -40.049785609, -18.389566918 ], [ -40.049763636, -18.389606938 ], [ -40.049750853130391, -18.389628272782375 ] ] } },
{ "type": "Feature", "properties": { "Field": "002", "Length": 400.49497463130643 }, "geometry": { "type": "LineString", "coordinates": [ [ -40.051546977888457, -18.386441359183962 ], [ -40.051518794, -18.386487843 ], [ -40.051514169, -18.386495727 ], [ -40.051442173, -18.386622935 ], [ -40.051355761, -18.386773519 ], [ -40.051266068, -18.386932684 ], [ -40.051170474, -18.387099073 ], [ -40.051166052, -18.387107062999988 ], [ -40.051140368, -18.387155423 ], [ -40.051135895, -18.387163387 ], [ -40.051121967, -18.387187012 ], [ -40.051050579, -18.387314533 ], [ -40.05100471, -18.387393582 ], [ -40.050964557, -18.387465313 ], [ -40.050899559, -18.387575565 ], [ -40.050814376, -18.387726785 ], [ -40.05077723, -18.387789784 ], [ -40.050745921, -18.387845535 ], [ -40.050741599, -18.387853575 ], [ -40.050720799, -18.387894162 ], [ -40.050716446, -18.387902187 ], [ -40.050670888, -18.3879814 ], [ -40.050639903, -18.388037315 ], [ -40.050635376, -18.388045252 ], [ -40.050602943, -18.388100413 ], [ -40.050517494, -18.388251497 ], [ -40.050480295, -18.388314467 ], [ -40.050389143, -18.388472876 ], [ -40.050326972, -18.388584605 ], [ -40.050299348, -18.38863198 ], [ -40.05029488, -18.388639947 ], [ -40.050264677, -18.388696251 ], [ -40.050211225, -18.388791937 ], [ -40.050097345, -18.388989979 ], [ -40.050057264, -18.389061747 ], [ -40.050020303, -18.389124844 ], [ -40.04998458, -18.389188588999989 ], [ -40.049892563, -18.389346542 ], [ -40.049852244, -18.389418188 ], [ -40.049847883, -18.389426209 ], [ -40.049818256, -18.389482791 ], [ -40.049813823, -18.389490776 ], [ -40.049785966, -18.389538027 ], [ -40.049781477, -18.389545984 ], [ -40.04976838, -18.389570038 ], [ -40.049738304014291, -18.389621823975396 ] ] } },
{ "type": "Feature", "properties": { "Field": "002", "Length": 401.38370872259742 }, "geometry": { "type": "LineString", "coordinates": [ [ -40.051538046, -18.386427712 ], [ -40.051528543, -18.386442755 ], [ -40.051523809, -18.38645058 ], [ -40.05150992, -18.386474227 ], [ -40.051487698, -18.38651412 ], [ -40.051320059, -18.386807693 ], [ -40.051262071, -18.386911311 ], [ -40.051215976, -18.386990241 ], [ -40.051184978, -18.387046149 ], [ -40.051157689, -18.387093701 ], [ -40.051127256, -18.387149891 ], [ -40.051037247, -18.387308894 ], [ -40.050999896, -18.387371782 ], [ -40.050995374, -18.387379721 ], [ -40.050955618, -18.387451654 ], [ -40.05090457, -18.387538293 ], [ -40.050864181, -18.387609903 ], [ -40.050822712, -18.387680949 ], [ -40.050786637, -18.387744513 ], [ -40.050758207, -18.387791451 ], [ -40.050753775, -18.387799436 ], [ -40.050720061, -18.387864171 ], [ -40.05068491, -18.387928205 ], [ -40.050657065, -18.387975460999989 ], [ -40.050652567, -18.387983413 ], [ -40.050626229, -18.388031452 ], [ -40.050621712, -18.388039393 ], [ -40.050557299, -18.388149959 ], [ -40.050503386, -18.388245408 ], [ -40.050462095, -18.388316549 ], [ -40.05045339, -18.388332598 ], [ -40.05044888, -18.388340543 ], [ -40.050402348, -18.388419239 ], [ -40.050384862, -18.388451299 ], [ -40.050307689, -18.388586107 ], [ -40.050303302, -18.388594114 ], [ -40.050264731, -18.388666633 ], [ -40.050229359, -18.388730556 ], [ -40.0501751, -18.388825827 ], [ -40.05010154, -18.388952217 ], [ -40.050039128, -18.389063824 ], [ -40.049997674, -18.389134877 ], [ -40.049993172, -18.389142827 ], [ -40.049953325, -18.389214714 ], [ -40.049948781, -18.389222641 ], [ -40.049851739, -18.389388265 ], [ -40.049847328, -18.389396261 ], [ -40.049808877, -18.389468838 ], [ -40.049804454, -18.389476827 ], [ -40.049725563196859, -18.389615276654535 ] ] } },
{ "type": "Feature", "properties": { "Field": "002", "Length": 402.22784829875724 }, "geometry": { "type": "LineString", "coordinates": [ [ -40.051529506747414, -18.386414663394984 ], [ -40.051510053, -18.386445084 ], [ -40.051505491, -18.386453002 ], [ -40.051478963, -18.386500945 ], [ -40.051401661, -18.386635685 ], [ -40.051343546, -18.386739237 ], [ -40.051315806, -18.386786551 ], [ -40.051253489, -18.386898205 ], [ -40.051225354, -18.386945306 ], [ -40.051207219, -18.386977037 ], [ -40.051122887, -18.387128691 ], [ -40.051081843, -18.387199962 ], [ -40.051037673, -18.387279888 ], [ -40.051014696, -18.38731939 ], [ -40.050990882, -18.387358439 ], [ -40.050919181, -18.387485798 ], [ -40.0508732, -18.387564788 ], [ -40.050851156, -18.387604772 ], [ -40.050800466, -18.387691603 ], [ -40.050777974, -18.387731358 ], [ -40.05075446, -18.387770572 ], [ -40.050728046, -18.387818571 ], [ -40.050702855, -18.387867167 ], [ -40.050698416, -18.387875149 ], [ -40.05047183300001, -18.388271848 ], [ -40.050393797, -18.388406202 ], [ -40.050376024, -18.388438119 ], [ -40.050348118, -18.388485343 ], [ -40.05029018, -18.388588987 ], [ -40.0502603, -18.388645447 ], [ -40.050228538, -18.388700964 ], [ -40.050202408, -18.388749106 ], [ -40.050097249, -18.3889311 ], [ -40.050025896, -18.389058638 ], [ -40.049975545, -18.389145648 ], [ -40.049936242, -18.389217807 ], [ -40.049931614, -18.38922569 ], [ -40.049884341, -18.389303983 ], [ -40.049856888, -18.389351449 ], [ -40.049834611, -18.389391315 ], [ -40.049808825, -18.389439626 ], [ -40.04980437, -18.3894476 ], [ -40.049712764, -18.389608699 ] ] } },
{ "type": "Feature", "properties": { "Field": "002", "Length": 403.09210667717952 }, "geometry": { "type": "LineString", "coordinates": [ [ -40.051520872975004, -18.386401471043509 ], [ -40.051516005, -18.386409944 ], [ -40.051505517, -18.386424991 ], [ -40.051487115, -18.386456582 ], [ -40.051460606, -18.386504534 ], [ -40.05140152300001, -18.386607586 ], [ -40.051334289, -18.386726979 ], [ -40.05129281, -18.386798019 ], [ -40.051266623, -18.386846132 ], [ -40.05121129, -18.386940838 ], [ -40.051170928, -18.387012462 ], [ -40.05112715, -18.387092586 ], [ -40.051081663, -18.387171836 ], [ -40.051014888, -18.387291463 ], [ -40.050963538, -18.38737794 ], [ -40.050896393, -18.387497378 ], [ -40.050868445, -18.38754458 ], [ -40.050832951, -18.387608441 ], [ -40.050786684, -18.38768728 ], [ -40.050741692, -18.387766787 ], [ -40.050698303, -18.387847103 ], [ -40.050652361, -18.387926115 ], [ -40.05054853, -18.388108802 ], [ -40.050531084, -18.388140884 ], [ -40.050475949, -18.388235695 ], [ -40.050453929, -18.388275691 ], [ -40.050421465, -18.388330837 ], [ -40.050367434, -18.388426226 ], [ -40.05033908, -18.388473206 ], [ -40.050299497, -18.388545226 ], [ -40.050285719, -18.388568932 ], [ -40.050251663, -18.388633503 ], [ -40.050219189, -18.388688643 ], [ -40.050175269, -18.388768696 ], [ -40.050065706, -18.388958692 ], [ -40.050003107, -18.389070203 ], [ -40.049970814, -18.38912544 ], [ -40.049922124, -18.389213308 ], [ -40.049898816, -18.389252633 ], [ -40.049860204, -18.389314825 ], [ -40.049813249, -18.389403549 ], [ -40.049721338, -18.389561558 ], [ -40.04969881416315, -18.389601530710465 ] ] } },
{ "type": "Feature", "properties": { "Field": "002", "Length": 403.96318397817078 }, "geometry": { "type": "LineString", "coordinates": [ [ -40.051512095, -18.386388059 ], [ -40.051483508, -18.38643432 ], [ -40.051439069, -18.386514111 ], [ -40.051384565, -18.386609253 ], [ -40.051353648, -18.386665203 ], [ -40.051284613, -18.386783655 ], [ -40.051249327, -18.386847622 ], [ -40.051176203, -18.386974242 ], [ -40.051110379, -18.387094348 ], [ -40.051073562, -18.387157524 ], [ -40.050997795, -18.387293056 ], [ -40.050942062, -18.387387547 ], [ -40.050879522, -18.387499089 ], [ -40.050851367, -18.387546179 ], [ -40.050806734, -18.387625871 ], [ -40.050769466, -18.387688805 ], [ -40.050729442, -18.387760602 ], [ -40.050699714, -18.387817136 ], [ -40.050659266, -18.387888716 ], [ -40.050640443, -18.38792008 ], [ -40.050613612, -18.38796787 ], [ -40.050594823, -18.387999252 ], [ -40.050522903, -18.3881265 ], [ -40.050463576, -18.388229424 ], [ -40.050437313, -18.3882775 ], [ -40.050409124, -18.388324571 ], [ -40.050350462, -18.388427842 ], [ -40.050326811, -18.388466981 ], [ -40.050278098, -18.388554837 ], [ -40.050253041, -18.388603496 ], [ -40.050215908, -18.388666502 ], [ -40.05015825, -18.388770288 ], [ -40.050071449, -18.388920668 ], [ -40.050054076, -18.388952785 ], [ -40.04999083, -18.389063964 ], [ -40.049958135, -18.389118985 ], [ -40.049932056, -18.389167152 ], [ -40.049891467, -18.389238659 ], [ -40.049848534, -18.389308909 ], [ -40.049819244, -18.389365651 ], [ -40.049792392, -18.38941343 ], [ -40.049684893080858, -18.389594376863904 ] ] } },
{ "type": "Feature", "properties": { "Field": "002", "Length": 404.77175676688319 }, "geometry": { "type": "LineString", "coordinates": [ [ -40.051503809, -18.386375398 ], [ -40.051484508, -18.386405906 ], [ -40.051456659, -18.386453161 ], [ -40.05138467, -18.386580372 ], [ -40.051340405, -18.386660251 ], [ -40.051271434, -18.386778737 ], [ -40.0512453, -18.386826877 ], [ -40.051176554, -18.386945481 ], [ -40.051159455, -18.386977733 ], [ -40.051145673, -18.387001436 ], [ -40.051097635, -18.38708963 ], [ -40.051047059, -18.387176521 ], [ -40.050961894, -18.387327751 ], [ -40.050929015, -18.387382671 ], [ -40.050910871, -18.387414398 ], [ -40.050862022, -18.387502185 ], [ -40.05083387, -18.387549276 ], [ -40.050756434, -18.387683945 ], [ -40.050691211, -18.38780435 ], [ -40.050627603, -18.38791534 ], [ -40.050610185, -18.387947435 ], [ -40.050577652, -18.388002544 ], [ -40.050450542, -18.388224579 ], [ -40.050419279, -18.388280353 ], [ -40.050400551, -18.388311769 ], [ -40.050364661, -18.388375428 ], [ -40.050332505, -18.388430738 ], [ -40.050305701, -18.388478541 ], [ -40.050284219, -18.388518803 ], [ -40.05026594, -18.388550459 ], [ -40.050239926, -18.388598658 ], [ -40.050203455, -18.388662016 ], [ -40.050177054, -18.388710023 ], [ -40.050162856, -18.388733501 ], [ -40.050140596, -18.388773376 ], [ -40.050108402, -18.388828666 ], [ -40.050086366, -18.388868654 ], [ -40.050063048, -18.388907974 ], [ -40.050036795, -18.388956054 ], [ -40.050000443, -18.389019475 ], [ -40.049949345, -18.389106087 ], [ -40.049905454, -18.389186154 ], [ -40.049845598, -18.389288799 ], [ -40.049815683, -18.389345243 ], [ -40.049789118, -18.389393167 ], [ -40.049752237, -18.389456309 ], [ -40.049733215, -18.389487564 ], [ -40.0496876, -18.389566747 ], [ -40.049674392, -18.38958898 ] ] } },
{ "type": "Feature", "properties": { "Field": "002", "Length": 405.60086997578111 }, "geometry": { "type": "LineString", "coordinates": [ [ -40.051495323889213, -18.386362432181713 ], [ -40.051467023, -18.386408852 ], [ -40.051416418, -18.386495727 ], [ -40.051327162, -18.386655116 ], [ -40.051263171, -18.386765905 ], [ -40.051227886, -18.386829871 ], [ -40.051186481, -18.38690095 ], [ -40.051169123, -18.386933076 ], [ -40.051110725, -18.387036482 ], [ -40.051089044, -18.387076646 ], [ -40.051029487, -18.387179449 ], [ -40.050962331, -18.387298881 ], [ -40.050915764, -18.387377558 ], [ -40.050876066, -18.38744952 ], [ -40.050756978, -18.38765514 ], [ -40.050752469, -18.387663086 ], [ -40.050682508, -18.387791324 ], [ -40.050622981, -18.387894143 ], [ -40.050618482, -18.387902094 ], [ -40.050596783, -18.38794225 ], [ -40.050592333, -18.387950226 ], [ -40.050569057, -18.387989568 ], [ -40.050514948, -18.388084917 ], [ -40.050478204, -18.38814813 ], [ -40.05045167, -18.388196069 ], [ -40.050433044, -18.388227541 ], [ -40.050428505, -18.388235471 ], [ -40.050415475, -18.388259559 ], [ -40.050378424, -18.388322609 ], [ -40.050351759, -18.388370483 ], [ -40.050310464, -18.388441621 ], [ -40.050305967, -18.388449573 ], [ -40.050258416, -18.388538007 ], [ -40.050222631, -18.388601721 ], [ -40.050127797, -18.388768506 ], [ -40.050045418, -18.388910894 ], [ -40.050040901, -18.388918836 ], [ -40.050018864, -18.388958823 ], [ -40.049978025, -18.389030201 ], [ -40.049927369, -18.389117049 ], [ -40.049901007, -18.389165075 ], [ -40.049842322, -18.389268335 ], [ -40.049771842, -18.389396315 ], [ -40.049739624, -18.389451592 ], [ -40.049720623, -18.389482857 ], [ -40.049698128, -18.389522611 ], [ -40.049662042, -18.389582634 ] ] } },
{ "type": "Feature", "properties": { "Field": "002", "Length": 406.52898527881149 }, "geometry": { "type": "LineString", "coordinates": [ [ -40.051486082954185, -18.386348312078628 ], [ -40.051403513, -18.386490008 ], [ -40.0513228, -18.386633262 ], [ -40.051244812, -18.386767641 ], [ -40.051240351, -18.386775611 ], [ -40.051227512, -18.386799793 ], [ -40.051223084, -18.38680778 ], [ -40.051181378, -18.386878699 ], [ -40.05117691, -18.386886666 ], [ -40.051138843, -18.386959426 ], [ -40.051134463, -18.386967438 ], [ -40.05110242, -18.387022806 ], [ -40.051076121, -18.387070864 ], [ -40.051025617, -18.387157793 ], [ -40.050957907, -18.38727694 ], [ -40.050906696, -18.387363491 ], [ -40.050902169, -18.387371428 ], [ -40.050871775, -18.387427638 ], [ -40.050867327, -18.387435615 ], [ -40.050766173, -18.387609396 ], [ -40.050761643, -18.387617331 ], [ -40.050739547, -18.387657289 ], [ -40.050705568, -18.387721897 ], [ -40.050701183, -18.387729906 ], [ -40.050664562, -18.387793185 ], [ -40.050646809, -18.387825112 ], [ -40.050614376, -18.387880273 ], [ -40.050569768, -18.387959978 ], [ -40.050532891, -18.388023121 ], [ -40.050483311, -18.388110534 ], [ -40.050460082, -18.388149901 ], [ -40.050406616, -18.388245579 ], [ -40.05036935, -18.388308514 ], [ -40.050364801, -18.388316439 ], [ -40.050342721, -18.388356404 ], [ -40.050319584, -18.388395821 ], [ -40.050266539, -18.388491713 ], [ -40.050245332, -18.388532106 ], [ -40.050182952, -18.38864373 ], [ -40.050178412, -18.388651659 ], [ -40.050150529, -18.388698896 ], [ -40.050114557, -18.388762513 ], [ -40.050086611, -18.388809716 ], [ -40.050068762, -18.388841595 ], [ -40.050027416, -18.388912706 ], [ -40.049973733, -18.389008273 ], [ -40.049969182, -18.389016197 ], [ -40.049922573, -18.389094852 ], [ -40.049918023, -18.389102776 ], [ -40.049891578, -18.38915076 ], [ -40.049863856, -18.389198084 ], [ -40.049859375, -18.389206044 ], [ -40.049816493, -18.389286608 ], [ -40.049763477, -18.389382514 ], [ -40.049758938, -18.389390445 ], [ -40.04971186, -18.389468844 ], [ -40.049679985, -18.3895243 ], [ -40.049648346079621, -18.389575595870916 ] ] } },
{ "type": "Feature", "properties": { "Field": "002", "Length": 407.39217714055252 }, "geometry": { "type": "LineString", "coordinates": [ [ -40.051477272, -18.386334849 ], [ -40.05144049, -18.386397453 ], [ -40.051418235, -18.386437329 ], [ -40.051413675, -18.386445249 ], [ -40.051381113, -18.386500341 ], [ -40.051313894, -18.386619741 ], [ -40.051240602, -18.386746272 ], [ -40.051214138, -18.386794247 ], [ -40.051191008, -18.386833666 ], [ -40.051168774, -18.386873554 ], [ -40.051130259, -18.386946099 ], [ -40.051107971, -18.386985958 ], [ -40.05108487, -18.387025395 ], [ -40.051080451, -18.387033387 ], [ -40.051071958, -18.387049539 ], [ -40.051067504, -18.387057514 ], [ -40.051025864, -18.387128468 ], [ -40.050957806, -18.387247434 ], [ -40.050907229, -18.387334325 ], [ -40.05085845, -18.387422146 ], [ -40.05076163, -18.387587888 ], [ -40.050730527, -18.387643744 ], [ -40.050696429, -18.387708294 ], [ -40.05069199, -18.387716276 ], [ -40.050664501, -18.387763722 ], [ -40.050642286, -18.38780362 ], [ -40.050605387, -18.387866751 ], [ -40.050551694, -18.387962313 ], [ -40.050460337, -18.388120614 ], [ -40.050433607, -18.388168454 ], [ -40.050351059, -18.388310753 ], [ -40.05032921, -18.388350833 ], [ -40.050297491, -18.388406372 ], [ -40.050227694, -18.388534692 ], [ -40.050169479, -18.388638193 ], [ -40.050096502, -18.388764891 ], [ -40.050077738, -18.388796287 ], [ -40.050073187, -18.388804211 ], [ -40.050055514, -18.388836179 ], [ -40.050023139, -18.388891372 ], [ -40.049941786, -18.389034296 ], [ -40.049895082, -18.389112899 ], [ -40.049882044, -18.389136981 ], [ -40.049850344, -18.38919253 ], [ -40.049845956, -18.389200538 ], [ -40.049807465, -18.389273095 ], [ -40.049750204, -18.38937708 ], [ -40.049745619, -18.389384987 ], [ -40.049717277, -18.389431974 ], [ -40.049661841, -18.389526625 ], [ -40.049635818063614, -18.38956915789602 ] ] } },
{ "type": "Feature", "properties": { "Field": "002", "Length": 408.25257036995049 }, "geometry": { "type": "LineString", "coordinates": [ [ -40.05146862, -18.386321629 ], [ -40.051459238, -18.386336738 ], [ -40.05143619, -18.386376203 ], [ -40.051400789, -18.386440111 ], [ -40.051363514, -18.386503041 ], [ -40.051273506, -18.386662044 ], [ -40.051236347, -18.386725036 ], [ -40.051186469, -18.386812294 ], [ -40.051168716, -18.386844221 ], [ -40.051152234, -18.386876764 ], [ -40.051134873, -18.386908887 ], [ -40.051054179, -18.387052152 ], [ -40.051003111, -18.38713878 ], [ -40.050949184, -18.387234222 ], [ -40.050907726, -18.387305273 ], [ -40.050845085, -18.387416763 ], [ -40.050789666, -18.387511422 ], [ -40.050767421, -18.387551305 ], [ -40.050748418, -18.387582569 ], [ -40.050743899, -18.38759051 ], [ -40.050721854, -18.387630494 ], [ -40.050688683, -18.387695483 ], [ -40.050684217, -18.387703451 ], [ -40.050596769, -18.387853488 ], [ -40.050484045, -18.388052132 ], [ -40.050342534, -18.388297547 ], [ -40.050284988, -18.388401389 ], [ -40.05026371, -18.388441749 ], [ -40.050196167, -18.388560982 ], [ -40.050178664, -18.388593036 ], [ -40.050132651, -18.388672009 ], [ -40.050083567, -18.388759677 ], [ -40.050042677, -18.388831027 ], [ -40.050010023, -18.388886071 ], [ -40.049982915, -18.388933717 ], [ -40.049954595, -18.388980717 ], [ -40.049914619, -18.389052538 ], [ -40.049882137, -18.389107673 ], [ -40.049877605, -18.389115607 ], [ -40.049846233, -18.389171326 ], [ -40.04981685, -18.389228024 ], [ -40.04976752, -18.389315565 ], [ -40.049737076, -18.389371751 ], [ -40.04973248, -18.389379651 ], [ -40.049676063, -18.389473772 ], [ -40.049624631, -18.389563409 ] ] } },
{ "type": "Feature", "properties": { "Field": "002", "Length": 409.11863789621719 }, "geometry": { "type": "LineString", "coordinates": [ [ -40.051459805, -18.38630816 ], [ -40.051431133, -18.386355899 ], [ -40.051391155, -18.386427719 ], [ -40.051299948, -18.386586098 ], [ -40.051255433, -18.38666585 ], [ -40.051200099, -18.386760555 ], [ -40.051164465, -18.386824346 ], [ -40.051126107, -18.386896966999988 ], [ -40.051040358, -18.387047895 ], [ -40.050989306, -18.387134532 ], [ -40.05089959, -18.387293686 ], [ -40.050785168, -18.387491442 ], [ -40.050749671, -18.387555303 ], [ -40.050735154, -18.387578603 ], [ -40.050679642, -18.387683449 ], [ -40.050565095, -18.38788114 ], [ -40.050484222, -18.388024313 ], [ -40.050433481, -18.388111116 ], [ -40.050388887, -18.388190828 ], [ -40.050329094, -18.388293507 ], [ -40.050298953, -18.388349841 ], [ -40.050276182, -18.388389452 ], [ -40.050246449, -18.388445984 ], [ -40.050214065, -18.388501172 ], [ -40.050169412, -18.388580855 ], [ -40.05010978, -18.388683618 ], [ -40.050078872, -18.388739572 ], [ -40.049950678, -18.388961039 ], [ -40.049887208, -18.389072101 ], [ -40.04985625, -18.38912803 ], [ -40.049828887, -18.389175544 ], [ -40.049808031, -18.389216105 ], [ -40.049775856, -18.389271405 ], [ -40.049727584, -18.389359482 ], [ -40.049657491, -18.389477367 ], [ -40.049612739052371, -18.389557297906464 ] ] } },
{ "type": "Feature", "properties": { "Field": "002", "Length": 409.9693235599218 }, "geometry": { "type": "LineString", "coordinates": [ [ -40.051451138, -18.386294917 ], [ -40.051418397, -18.38634958 ], [ -40.051373988, -18.386429386 ], [ -40.051282739, -18.386587743 ], [ -40.051256453, -18.386635807 ], [ -40.051205751, -18.386722631 ], [ -40.051187808, -18.386754462 ], [ -40.051140797, -18.386843159 ], [ -40.051064245, -18.386978288 ], [ -40.050941057, -18.38719207 ], [ -40.050892216, -18.387279861 ], [ -40.050822564, -18.387397983 ], [ -40.05075515, -18.387517283 ], [ -40.050733668, -18.387557545 ], [ -40.050724358, -18.387573282 ], [ -40.05066735, -18.387677394 ], [ -40.050557352, -18.38786716 ], [ -40.050476048, -18.38801011 ], [ -40.050425407, -18.388096967 ], [ -40.050380942, -18.388176745 ], [ -40.050316783, -18.388287445 ], [ -40.050282065, -18.388351694 ], [ -40.050265448, -18.388384174 ], [ -40.050238709, -18.388432011 ], [ -40.05019719, -18.38850303 ], [ -40.050156921, -18.388574702 ], [ -40.050087985, -18.388693207 ], [ -40.05005279, -18.38875722 ], [ -40.050024593, -18.388804286 ], [ -40.049892918, -18.389034238 ], [ -40.049826335, -18.389153963 ], [ -40.04981377, -18.389178276 ], [ -40.049755416, -18.389281706 ], [ -40.049727775, -18.389329072 ], [ -40.049701177, -18.38937698 ], [ -40.049640614, -18.389479247 ], [ -40.049600946165015, -18.389551237700516 ] ] } },
{ "type": "Feature", "properties": { "Field": "002", "Length": 410.79864850518913 }, "geometry": { "type": "LineString", "coordinates": [ [ -40.05144278469119, -18.386282152507921 ], [ -40.051419294, -18.386320789 ], [ -40.051391778, -18.386368221 ], [ -40.051351458, -18.386439867 ], [ -40.051291734, -18.386542582 ], [ -40.051238131, -18.38663819 ], [ -40.051196703, -18.386709257 ], [ -40.051132451, -18.386830136 ], [ -40.051086542, -18.386909165 ], [ -40.050987527, -18.387084065 ], [ -40.050936379, -18.38717065 ], [ -40.050892233, -18.38725059 ], [ -40.050773193, -18.387456235 ], [ -40.050755302, -18.387488092 ], [ -40.050716534, -18.387560515 ], [ -40.050685326, -18.387616317 ], [ -40.050557655, -18.387838059 ], [ -40.050526427, -18.38789385 ], [ -40.050458148, -18.388012701 ], [ -40.050421206, -18.388075809 ], [ -40.050376513, -18.388155471 ], [ -40.05030822, -18.388274314 ], [ -40.050282162, -18.388322492 ], [ -40.050252857, -18.388379227 ], [ -40.049970149, -18.388870221 ], [ -40.049925531, -18.388949921 ], [ -40.049879512, -18.389028891 ], [ -40.049831317, -18.389117007 ], [ -40.049805635, -18.389165368 ], [ -40.049723657, -18.389307967 ], [ -40.049692601, -18.389363847 ], [ -40.049632058, -18.389466124 ], [ -40.04961007, -18.389506136 ], [ -40.049601762, -18.389522377 ], [ -40.04959747, -18.389530431 ], [ -40.049588388, -18.389544784 ] ] } },
{ "type": "Feature", "properties": { "Field": "002", "Length": 411.66312652305669 }, "geometry": { "type": "LineString", "coordinates": [ [ -40.051434063897212, -18.386268827162276 ], [ -40.051419644, -18.386291593 ], [ -40.051382791, -18.386354749 ], [ -40.051342477, -18.386426398 ], [ -40.051278399, -18.386537141 ], [ -40.051219936, -18.386640514 ], [ -40.051192198, -18.386687828 ], [ -40.051170195, -18.386727833 ], [ -40.051132518, -18.386800778 ], [ -40.051128208, -18.386808824 ], [ -40.051054912, -18.386935353 ], [ -40.050973682, -18.387078341 ], [ -40.050940878, -18.387133302 ], [ -40.050874032, -18.387252893 ], [ -40.050777257, -18.387418659 ], [ -40.050741919, -18.387482599 ], [ -40.050703604, -18.387555241 ], [ -40.050699238, -18.387563259 ], [ -40.050643955, -18.387657991 ], [ -40.050639418, -18.387665922 ], [ -40.050617448, -18.387705943 ], [ -40.050548785, -18.387824592 ], [ -40.05051279, -18.387888198 ], [ -40.050452875, -18.387990811 ], [ -40.050385661, -18.388110214 ], [ -40.050326272, -18.388213106 ], [ -40.050282217, -18.38829309 ], [ -40.050252471, -18.388349616 ], [ -40.050248102, -18.388357633 ], [ -40.050234287, -18.388381319 ], [ -40.050212284, -18.388421323 ], [ -40.050184455, -18.388468589 ], [ -40.050107874, -18.388603704 ], [ -40.050011487, -18.388769676 ], [ -40.049925577, -18.388920521 ], [ -40.049879641, -18.388999535 ], [ -40.049857411, -18.389039426 ], [ -40.049801138, -18.389143901 ], [ -40.049664886, -18.389381763999989 ], [ -40.049618847, -18.389460723 ], [ -40.049601066, -18.389492637 ], [ -40.049596747, -18.389500678 ], [ -40.049588673, -18.389517026 ], [ -40.049584475, -18.389525125 ], [ -40.04957665, -18.389538752 ] ] } },
{ "type": "Feature", "properties": { "Field": "002", "Length": 412.5168849983379 }, "geometry": { "type": "LineString", "coordinates": [ [ -40.05142543096121, -18.386255636060806 ], [ -40.051410937, -18.386278359 ], [ -40.051406144, -18.386286152 ], [ -40.051392313, -18.38630983 ], [ -40.051342727, -18.386397239 ], [ -40.051233091, -18.386587196 ], [ -40.051206556, -18.386635134 ], [ -40.051178832, -18.386682456 ], [ -40.051174401, -18.386690442 ], [ -40.051136906, -18.386763473 ], [ -40.051132634, -18.386771536 ], [ -40.051106082, -18.386819467 ], [ -40.051069786, -18.386882917 ], [ -40.051041578, -18.386929976 ], [ -40.050992367, -18.387017579 ], [ -40.050955827, -18.3870809 ], [ -40.050927695, -18.387128002 ], [ -40.050923121, -18.387135914 ], [ -40.050887881, -18.387199904 ], [ -40.050847185, -18.387271355 ], [ -40.050805068, -18.387342052 ], [ -40.050764059, -18.38741334 ], [ -40.05072884, -18.38747734 ], [ -40.050699198, -18.387533914 ], [ -40.050676971, -18.387573806 ], [ -40.050672435, -18.387581738 ], [ -40.050621277, -18.387668316999989 ], [ -40.050536535, -18.387819763 ], [ -40.050467184, -18.387938047 ], [ -40.050394201, -18.388064741 ], [ -40.050363422, -18.388120759 ], [ -40.050308519, -18.388215693 ], [ -40.050304058, -18.388223663 ], [ -40.050243807, -18.388336348 ], [ -40.05023935, -18.38834432 ], [ -40.050220691, -18.388375774 ], [ -40.050216157, -18.388383706 ], [ -40.050198673, -18.388415769 ], [ -40.050099495, -18.388590584999989 ], [ -40.05004398, -18.388685194 ], [ -40.04993592, -18.388875972 ], [ -40.049908054, -18.388923218 ], [ -40.049853906, -18.389018546 ], [ -40.04978787, -18.389138546 ], [ -40.049755588, -18.389193789 ], [ -40.049637988, -18.389400189 ], [ -40.049601295, -18.38946343 ], [ -40.049596792, -18.389471379 ], [ -40.04956359900001, -18.389532045 ] ] } },
{ "type": "Feature", "properties": { "Field": "002", "Length": 413.36162069098572 }, "geometry": { "type": "LineString", "coordinates": [ [ -40.051416834, -18.386242501 ], [ -40.05139797, -18.386273253 ], [ -40.051393358, -18.386281144 ], [ -40.051357277, -18.386344705 ], [ -40.051288282, -18.386463178 ], [ -40.05118467, -18.386645978 ], [ -40.051140965, -18.386726137 ], [ -40.051132645, -18.386742372 ], [ -40.05112831, -18.386750405 ], [ -40.05105668400001, -18.386877803 ], [ -40.051033652, -18.386917276 ], [ -40.051016007, -18.386949258 ], [ -40.05099724, -18.386980652 ], [ -40.050938301, -18.387083779 ], [ -40.05091968, -18.387115252 ], [ -40.050915189, -18.387123208 ], [ -40.050888923, -18.387171282 ], [ -40.050847666, -18.387242439 ], [ -40.050811861, -18.387306142 ], [ -40.050783553, -18.387353147 ], [ -40.050746989, -18.387416456 ], [ -40.050729232, -18.387448382 ], [ -40.050699585, -18.387504954 ], [ -40.050660181, -18.387577063 ], [ -40.050655608, -18.387584975 ], [ -40.050608709, -18.387663472 ], [ -40.050537324, -18.387790993 ], [ -40.050477264, -18.38789353 ], [ -40.05045491, -18.387933356 ], [ -40.05037232, -18.388075632 ], [ -40.05034159, -18.388131675 ], [ -40.050314051, -18.388179095 ], [ -40.050301066, -18.388203205 ], [ -40.050282963, -18.388234953 ], [ -40.050278638, -18.388242991 ], [ -40.050261914, -18.388275421 ], [ -40.050257555, -18.388283442999988 ], [ -40.050226257, -18.388339199 ], [ -40.050212261, -18.388362788 ], [ -40.050207749, -18.388370732 ], [ -40.050181366, -18.388418748 ], [ -40.050144738, -18.388482023 ], [ -40.050091283, -18.388577707 ], [ -40.050054829, -18.388641074 ], [ -40.050012922, -18.388711885 ], [ -40.049849981, -18.388997611 ], [ -40.049823561, -18.389045609 ], [ -40.049815285, -18.389061864 ], [ -40.049810904, -18.389069874 ], [ -40.049746935, -18.389180675 ], [ -40.04967452, -18.389307666 ], [ -40.049638897, -18.389371462 ], [ -40.04958395, -18.389466373 ], [ -40.049551852059984, -18.389526008888549 ] ] } },
{ "type": "Feature", "properties": { "Field": "002", "Length": 414.21099827849906 }, "geometry": { "type": "LineString", "coordinates": [ [ -40.05140822, -18.386229338 ], [ -40.051394048, -18.386252242 ], [ -40.051366421, -18.386299615 ], [ -40.051302651, -18.38641052 ], [ -40.051257979, -18.386490192 ], [ -40.051207615, -18.386577195 ], [ -40.051150569, -18.386681288 ], [ -40.051137952, -18.386705575 ], [ -40.05111964, -18.386737213 ], [ -40.051088685, -18.386793144 ], [ -40.0510611, -18.38684054 ], [ -40.051002852, -18.386944024 ], [ -40.050983932, -18.386975334 ], [ -40.05097935, -18.386983242 ], [ -40.050803147, -18.387292943 ], [ -40.050743186, -18.387395532 ], [ -40.050725385, -18.387427435 ], [ -40.05070021, -18.387476038 ], [ -40.050695833, -18.387484051 ], [ -40.050642431, -18.387579762 ], [ -40.050582459, -18.387682345 ], [ -40.050551401, -18.387738223 ], [ -40.050546852, -18.387746148 ], [ -40.050464156, -18.387888368 ], [ -40.050441736, -18.387928161 ], [ -40.050413833, -18.387975387 ], [ -40.050409301, -18.387983321 ], [ -40.050288243, -18.388198209 ], [ -40.05026282, -18.388246694 ], [ -40.050218651, -18.388326621 ], [ -40.05018177, -18.388389763 ], [ -40.050168589, -18.388413776 ], [ -40.050131895, -18.388477016 ], [ -40.050055212, -18.388612078 ], [ -40.05000427, -18.388698774 ], [ -40.049909201, -18.388865438 ], [ -40.049881266, -18.388912647 ], [ -40.049836703, -18.388992375 ], [ -40.049820055, -18.38902484 ], [ -40.049798124, -18.38906488 ], [ -40.049733801, -18.389175494 ], [ -40.049683963, -18.389262773 ], [ -40.049639425, -18.389342514 ], [ -40.04956651, -18.389469245 ], [ -40.049549666, -18.389501618 ], [ -40.049545054, -18.38950951 ], [ -40.04953900600001, -18.389519407 ] ] } },
{ "type": "Feature", "properties": { "Field": "002", "Length": 415.08660712182461 }, "geometry": { "type": "LineString", "coordinates": [ [ -40.051399540919476, -18.386216076136019 ], [ -40.051329515, -18.386334367 ], [ -40.051253501, -18.386469773 ], [ -40.05123028, -18.386509145 ], [ -40.051185505, -18.386588765 ], [ -40.051172569, -18.386612898999989 ], [ -40.051152179, -18.386653675 ], [ -40.051134379, -18.386685579 ], [ -40.051056399, -18.386819962 ], [ -40.050989061, -18.386939301 ], [ -40.050965683, -18.386978588 ], [ -40.050916896, -18.387066407 ], [ -40.050893322, -18.387105587 ], [ -40.050839192, -18.387200924 ], [ -40.050806895, -18.387256159 ], [ -40.050771152, -18.387319894 ], [ -40.050734316, -18.387383059 ], [ -40.050716493, -18.387414951 ], [ -40.050687103, -18.387471646 ], [ -40.050628586, -18.387574992 ], [ -40.050555308, -18.387701532 ], [ -40.050537975, -18.387733669 ], [ -40.050487703, -18.387820721 ], [ -40.05045477, -18.387875612 ], [ -40.050427978, -18.387923421 ], [ -40.050395756, -18.387978696 ], [ -40.05036927, -18.38802666 ], [ -40.050301328, -18.388145687 ], [ -40.050279352, -18.388185705 ], [ -40.050253916, -18.388234185 ], [ -40.050200349, -18.388329812 ], [ -40.05008202, -18.388535831 ], [ -40.050063266, -18.388567233 ], [ -40.050027446, -18.388630928 ], [ -40.050004056, -18.38867021 ], [ -40.049936608, -18.388789492 ], [ -40.049866332, -18.388907278 ], [ -40.049806882, -18.389020349 ], [ -40.049752495, -18.389115553 ], [ -40.049701072, -18.38920199 ], [ -40.049683857, -18.389234186 ], [ -40.049660901, -18.389273699 ], [ -40.049638826, -18.389313668 ], [ -40.049606166, -18.389368708 ], [ -40.04955719, -18.389456431 ], [ -40.049540192, -18.389488731 ], [ -40.049525490110092, -18.389512461822306 ] ] } },
{ "type": "Feature", "properties": { "Field": "002", "Length": 415.89961403246275 }, "geometry": { "type": "LineString", "coordinates": [ [ -40.051391266, -18.386203433 ], [ -40.051344194, -18.386281245 ], [ -40.051298526, -18.3863604 ], [ -40.051249585, -18.38644814 ], [ -40.051217273, -18.386503367 ], [ -40.051173092, -18.386583288 ], [ -40.051168695, -18.386591291 ], [ -40.051135095, -18.386656079 ], [ -40.051038699, -18.386822046 ], [ -40.051016624, -18.386862015 ], [ -40.050943662, -18.38698872 ], [ -40.050916855, -18.387036521 ], [ -40.050889013, -18.38708378 ], [ -40.050862176, -18.387131566 ], [ -40.05079353, -18.387250223999988 ], [ -40.050721563, -18.387377447 ], [ -40.050691927, -18.387434025 ], [ -40.050656337, -18.387497838 ], [ -40.05058346, -18.387624588 ], [ -40.050546411, -18.38768764 ], [ -40.05051576, -18.387743723 ], [ -40.050391705, -18.387957047 ], [ -40.050351903, -18.388028956 ], [ -40.050284205, -18.38814811 ], [ -40.050245539, -18.388220582 ], [ -40.050218093, -18.388268052 ], [ -40.050168978, -18.388355704 ], [ -40.050090923, -18.388490047 ], [ -40.050028075, -18.388601431 ], [ -40.049995024, -18.388656258 ], [ -40.049963808, -18.388712056 ], [ -40.049931809, -18.388767449 ], [ -40.049853208, -18.388901502 ], [ -40.049832043, -18.388941917 ], [ -40.049816137, -18.38897472 ], [ -40.04980749, -18.388990799 ], [ -40.049779559, -18.389038009 ], [ -40.049734554, -18.389117511 ], [ -40.049701889, -18.389172548 ], [ -40.0496298, -18.389299709 ], [ -40.049602028, -18.389347005 ], [ -40.049544001, -18.389450603 ], [ -40.049526933, -18.38948287 ], [ -40.049513107319235, -18.389506098463652 ] ] } },
{ "type": "Feature", "properties": { "Field": "002", "Length": 416.82683804183324 }, "geometry": { "type": "LineString", "coordinates": [ [ -40.051381862905437, -18.386189064157747 ], [ -40.051330412, -18.386274895 ], [ -40.051226724, -18.386457657 ], [ -40.051203629, -18.386497096 ], [ -40.051172878, -18.386553129 ], [ -40.051160612, -18.38657758 ], [ -40.051130502, -18.38663393 ], [ -40.05107512, -18.386728609 ], [ -40.051030533, -18.386808325 ], [ -40.050966182, -18.386918923 ], [ -40.050898816, -18.387038247 ], [ -40.050853223, -18.387117443 ], [ -40.05084864, -18.38712535 ], [ -40.050825011, -18.3871645 ], [ -40.050757914, -18.387283962 ], [ -40.050739436, -18.387315513 ], [ -40.050700993, -18.387388093 ], [ -40.050669968, -18.387443989 ], [ -40.050579167, -18.38760258 ], [ -40.050533131, -18.387681542 ], [ -40.050506704, -18.387729535 ], [ -40.050478715, -18.387776715 ], [ -40.05046112, -18.387808722 ], [ -40.050396211, -18.387919023 ], [ -40.05034295, -18.388014806 ], [ -40.050314949, -18.388061979 ], [ -40.050306051, -18.388077932 ], [ -40.050301619, -18.388085918 ], [ -40.050249741, -18.388182389 ], [ -40.050231695, -18.388214167 ], [ -40.050208245, -18.388253415 ], [ -40.050181659, -18.388301329 ], [ -40.05014484, -18.388364503 ], [ -40.05010483, -18.388436307 ], [ -40.050044843, -18.388538883 ], [ -40.050009912, -18.388603027 ], [ -40.04997255, -18.38866591 ], [ -40.049950626, -18.388705954 ], [ -40.04992337600001, -18.388753527 ], [ -40.049849765, -18.388879889 ], [ -40.049827869, -18.388919948 ], [ -40.049802916, -18.388968655 ], [ -40.049756857, -18.389047604 ], [ -40.049720961, -18.389111261 ], [ -40.049670649, -18.389198292 ], [ -40.049612585, -18.389301871 ], [ -40.049584742, -18.38934913 ], [ -40.049567168, -18.389381148 ], [ -40.049535304, -18.389436611 ], [ -40.049513871, -18.389476897 ], [ -40.049500609118702, -18.389499675796113 ] ] } },
{ "type": "Feature", "properties": { "Field": "002", "Length": 417.64859856531996 }, "geometry": { "type": "LineString", "coordinates": [ [ -40.0513734629642, -18.38617622905673 ], [ -40.0513542, -18.386206759 ], [ -40.051303175, -18.38629341 ], [ -40.051272021, -18.38634924 ], [ -40.05118598, -18.386500016 ], [ -40.051160021, -18.386548242 ], [ -40.051147737, -18.386572685 ], [ -40.051143519, -18.386580775 ], [ -40.051107819, -18.386644531 ], [ -40.05098551, -18.386858772 ], [ -40.050921015, -18.386969294 ], [ -40.050849033, -18.387096509 ], [ -40.050811826, -18.387159476 ], [ -40.050775598, -18.38722296 ], [ -40.050726375, -18.387310556 ], [ -40.050679003, -18.387399077 ], [ -40.050537698, -18.3876446 ], [ -40.050484285, -18.387740305 ], [ -40.05039654, -18.387890184 ], [ -40.050329477, -18.388009664 ], [ -40.050297623, -18.388065132 ], [ -40.050250042, -18.388153552 ], [ -40.050186, -18.388264313 ], [ -40.050150155, -18.388327996 ], [ -40.050131548, -18.388359477 ], [ -40.050059592, -18.388486707 ], [ -40.050027236, -18.388541909 ], [ -40.049996435, -18.388597916 ], [ -40.049959221, -18.38866088 ], [ -40.049905301, -18.388756325 ], [ -40.049873054, -18.388811586 ], [ -40.049846266, -18.388859397 ], [ -40.049841935, -18.388867433 ], [ -40.049825553, -18.388900021 ], [ -40.049794744, -18.388956025 ], [ -40.049652694, -18.389201156 ], [ -40.049603869, -18.389288956 ], [ -40.049599335, -18.389296889 ], [ -40.049580547, -18.389328271 ], [ -40.049549265, -18.389384036 ], [ -40.049526327, -18.389423559 ], [ -40.049488439116892, -18.389493421784469 ] ] } },
{ "type": "Feature", "properties": { "Field": "002", "Length": 418.45359547019592 }, "geometry": { "type": "LineString", "coordinates": [ [ -40.05136541, -18.386163925 ], [ -40.05135095, -18.386186668 ], [ -40.051313292, -18.386249389 ], [ -40.051226543, -18.386399796 ], [ -40.05120469, -18.386439874 ], [ -40.051173243, -18.386495554 ], [ -40.051168905, -18.386503586 ], [ -40.051143783, -18.386552214 ], [ -40.051135883, -18.386568638 ], [ -40.051131588, -18.386576691 ], [ -40.0511128, -18.386608075 ], [ -40.051108255, -18.386616002 ], [ -40.051086267, -18.386656014 ], [ -40.051081755, -18.386663958 ], [ -40.051030929, -18.386750716 ], [ -40.051004084, -18.386798497 ], [ -40.050944668, -18.386901375 ], [ -40.050886465, -18.387004882 ], [ -40.050763031, -18.387218534 ], [ -40.050758566, -18.387226502 ], [ -40.050675725, -18.387378904 ], [ -40.05067123100001, -18.387386857 ], [ -40.050625011, -18.38746572 ], [ -40.050597988, -18.38751341 ], [ -40.050574561, -18.38755267 ], [ -40.050538677, -18.387616333 ], [ -40.050534066, -18.387624225 ], [ -40.050519872, -18.387647706 ], [ -40.050515292, -18.387655615 ], [ -40.050470904, -18.387735431 ], [ -40.050388736, -18.38787793 ], [ -40.050362081, -18.387925808 ], [ -40.050302938, -18.388028829 ], [ -40.050298553, -18.388036838 ], [ -40.050268894, -18.388093403999985 ], [ -40.050246842, -18.388133384 ], [ -40.050197132, -18.38822073 ], [ -40.050159745, -18.388283598 ], [ -40.050105972, -18.388379119 ], [ -40.050009829, -18.388545221 ], [ -40.049965613, -18.388625124 ], [ -40.049961077, -18.388633056 ], [ -40.04992385, -18.388696012 ], [ -40.049919311, -18.388703942 ], [ -40.049892751, -18.388751869 ], [ -40.04986065, -18.388807207 ], [ -40.049856221, -18.388815193999985 ], [ -40.049809316, -18.388903942 ], [ -40.04980491, -18.388911941 ], [ -40.04975491, -18.388999135 ], [ -40.049685491, -18.389117382 ], [ -40.049640325, -18.389196801 ], [ -40.049610004, -18.389253047 ], [ -40.049605552, -18.389261021 ], [ -40.04950476, -18.389434995 ], [ -40.049476043183169, -18.389487051667949 ] ] } },
{ "type": "Feature", "properties": { "Field": "002", "Length": 419.32802928505328 }, "geometry": { "type": "LineString", "coordinates": [ [ -40.051356550814965, -18.386150387303914 ], [ -40.051318764, -18.386212448 ], [ -40.051267975, -18.386299226 ], [ -40.051214572, -18.386394935 ], [ -40.051169305, -18.386474301 ], [ -40.051164977, -18.386482338 ], [ -40.051131259, -18.38654707 ], [ -40.051086807, -18.386626854 ], [ -40.050972409, -18.386824623 ], [ -40.050882339, -18.386983595 ], [ -40.050745243, -18.387221013 ], [ -40.050740891, -18.387229038 ], [ -40.05070706, -18.387293717 ], [ -40.050667279, -18.387365637 ], [ -40.050566044, -18.387539375 ], [ -40.050539391, -18.387587255 ], [ -40.050511477, -18.387634475 ], [ -40.0504752, -18.387697934 ], [ -40.050426544, -18.387785819 ], [ -40.050371164, -18.387880499 ], [ -40.050349117, -18.387920481 ], [ -40.050299126, -18.38800768 ], [ -40.050294678, -18.388015657 ], [ -40.050285893, -18.388031667 ], [ -40.050265173, -18.388072291 ], [ -40.050260845, -18.388080328 ], [ -40.050225285, -18.388144156 ], [ -40.050189122, -18.388207675 ], [ -40.050146875, -18.388278302 ], [ -40.050142336, -18.388286231 ], [ -40.050080037, -18.388397896 ], [ -40.050047074, -18.388452771 ], [ -40.050020157, -18.388500515 ], [ -40.04999243, -18.388547836 ], [ -40.049948304, -18.388627784 ], [ -40.049906267, -18.388698525 ], [ -40.049884272, -18.388738533 ], [ -40.049852186, -18.388793879 ], [ -40.049847838, -18.388801906 ], [ -40.049818367, -18.388858563 ], [ -40.04976954, -18.388946360999988 ], [ -40.049718644, -18.389033081 ], [ -40.049632759, -18.38918394 ], [ -40.049592671, -18.389255704 ], [ -40.049560122, -18.389310804 ], [ -40.049506043, -18.389406168 ], [ -40.049477796, -18.389453207 ], [ -40.04946244909523, -18.389480065833343 ] ] } },
{ "type": "Feature", "properties": { "Field": "002", "Length": 420.2879596700966 }, "geometry": { "type": "LineString", "coordinates": [ [ -40.051346896913472, -18.386135636144463 ], [ -40.051304871, -18.386205793 ], [ -40.051250218, -18.386300857 ], [ -40.051187745, -18.386412432 ], [ -40.051073571, -18.386620577 ], [ -40.050994755, -18.386754514 ], [ -40.050972908, -18.386794596 ], [ -40.05096843, -18.386802558 ], [ -40.050922994, -18.386881836 ], [ -40.050885808, -18.386944813 ], [ -40.050805081, -18.38708806 ], [ -40.05076407, -18.387159348 ], [ -40.050740399, -18.387198474 ], [ -40.050735887, -18.387206419 ], [ -40.050727105, -18.38722243 ], [ -40.050722878, -18.387230516 ], [ -40.050698014, -18.387279265 ], [ -40.050693655, -18.387287287 ], [ -40.050648934, -18.387366934 ], [ -40.050617104, -18.387422415 ], [ -40.050570433, -18.387501036 ], [ -40.050530594, -18.387572926 ], [ -40.050488807, -18.387643801 ], [ -40.050434344, -18.387738965 ], [ -40.05039908, -18.387802943 ], [ -40.050371285, -18.387850227 ], [ -40.050339994, -18.387905985999989 ], [ -40.050303053, -18.387969095 ], [ -40.050298543, -18.387977041 ], [ -40.050285188, -18.388000966 ], [ -40.050259998, -18.388049562 ], [ -40.050255578, -18.388057553 ], [ -40.050228351, -18.388105138 ], [ -40.050197469, -18.388161105 ], [ -40.050183614, -18.38818477 ], [ -40.050161696, -18.388224816 ], [ -40.050157119, -18.388232727 ], [ -40.050129029, -18.388279851 ], [ -40.050102349, -18.388327717 ], [ -40.049974682, -18.38854946 ], [ -40.049943779, -18.388605418 ], [ -40.049896891, -18.38868392 ], [ -40.049892414, -18.388691882 ], [ -40.049870588, -18.388731975 ], [ -40.049834284, -18.38879542 ], [ -40.049829993, -18.388803476 ], [ -40.049805023, -18.388852175 ], [ -40.049800635, -18.388860182 ], [ -40.04974662, -18.388955579 ], [ -40.049690568, -18.389049899 ], [ -40.049646451, -18.389129852 ], [ -40.049609198, -18.389192794 ], [ -40.04960473, -18.389200761 ], [ -40.049569793, -18.389264902 ], [ -40.049565251, -18.38927283 ], [ -40.049514332, -18.389359539 ], [ -40.049478253, -18.389423101 ], [ -40.049473475, -18.389430903 ], [ -40.049463653, -18.389446354 ], [ -40.049448150134367, -18.3894727177715 ] ] } },
{ "type": "Feature", "properties": { "Field": "002", "Length": 421.17170211749919 }, "geometry": { "type": "LineString", "coordinates": [ [ -40.051337900875914, -18.386121890198147 ], [ -40.05132846, -18.386136967 ], [ -40.051323794, -18.38614483 ], [ -40.051263863, -18.386247434 ], [ -40.051188063, -18.38638295 ], [ -40.05115431, -18.386447665 ], [ -40.051113201, -18.386518901 ], [ -40.051050906, -18.386630567 ], [ -40.050995494, -18.386725231 ], [ -40.05091881, -18.386860292 ], [ -40.050854444, -18.386970882 ], [ -40.050755457, -18.387145797 ], [ -40.050727297, -18.387192884 ], [ -40.050709813, -18.387224946 ], [ -40.050685052, -18.387273743 ], [ -40.050653817, -18.387329532 ], [ -40.050608532, -18.387408887 ], [ -40.050548169, -18.387511261 ], [ -40.050526094, -18.387551229 ], [ -40.050521561, -18.387559163 ], [ -40.050425606, -18.387725363 ], [ -40.050381121, -18.38780513 ], [ -40.050353147, -18.387852318 ], [ -40.050321871, -18.387908086 ], [ -40.050303231, -18.387939549 ], [ -40.050281139, -18.387979509 ], [ -40.050255879, -18.388028072 ], [ -40.050215341, -18.388099606 ], [ -40.050193505, -18.388139693 ], [ -40.050170277, -18.388179062 ], [ -40.050147863, -18.388218858 ], [ -40.050129033, -18.388250218 ], [ -40.050057257, -18.388377539 ], [ -40.050011166, -18.388456471 ], [ -40.049993834, -18.388488609 ], [ -40.049957149, -18.388551854 ], [ -40.049930798, -18.388599886 ], [ -40.049879126, -18.388686188 ], [ -40.049853034, -18.388734348 ], [ -40.049826206, -18.388782138 ], [ -40.049796445, -18.388838657 ], [ -40.049791951, -18.38884661 ], [ -40.04975543, -18.388909942 ], [ -40.049728797, -18.388957832 ], [ -40.049681735, -18.38903624 ], [ -40.049641865, -18.389108115 ], [ -40.049596199, -18.389187272 ], [ -40.049560672, -18.389251117 ], [ -40.049519107, -18.389322112 ], [ -40.049483176, -18.389385751 ], [ -40.049455507, -18.389433102 ], [ -40.049436823045696, -18.389466896917344 ] ] } },
{ "type": "Feature", "properties": { "Field": "002", "Length": 422.03466687152911 }, "geometry": { "type": "LineString", "coordinates": [ [ -40.051329135, -18.386108496 ], [ -40.051268895, -18.386211662 ], [ -40.051183195, -18.386362615 ], [ -40.051137071, -18.386451736 ], [ -40.051090569, -18.386530448 ], [ -40.051032498, -18.386634022999989 ], [ -40.050986439, -18.386712972 ], [ -40.050900772, -18.386863942 ], [ -40.050827077, -18.38699026 ], [ -40.050796322, -18.387046292 ], [ -40.0507551, -18.387117468 ], [ -40.050723903, -18.387173276 ], [ -40.050676055, -18.387261564 ], [ -40.050625139, -18.387348274 ], [ -40.050594243, -18.387404234 ], [ -40.050529657, -18.387514708 ], [ -40.050471393, -18.387618184 ], [ -40.050420861, -18.387705099 ], [ -40.050371574, -18.387792663 ], [ -40.050321001, -18.387879555 ], [ -40.050281082, -18.387951406 ], [ -40.050238405, -18.388032069 ], [ -40.050206183, -18.388087344 ], [ -40.050184145, -18.388127331 ], [ -40.050134225, -18.388214567 ], [ -40.050096929, -18.388277486 ], [ -40.050048211, -18.388365339 ], [ -40.049992826, -18.388460017 ], [ -40.049921402, -18.388587519 ], [ -40.049865522, -18.388681933 ], [ -40.049809893, -18.388786722 ], [ -40.049741325, -18.388905422 ], [ -40.049710388, -18.388961362 ], [ -40.04966781, -18.389031807 ], [ -40.049615186, -18.38912791 ], [ -40.049582485, -18.389182928 ], [ -40.049542126, -18.389254554 ], [ -40.049500838, -18.389325696 ], [ -40.049460215, -18.389397186 ], [ -40.049425403, -18.389461028 ] ] } },
{ "type": "Feature", "properties": { "Field": "002", "Length": 422.9018461463765 }, "geometry": { "type": "LineString", "coordinates": [ [ -40.05132039, -18.386095134 ], [ -40.051306598, -18.386118243 ], [ -40.05118438, -18.386332531 ], [ -40.051171167, -18.386356528 ], [ -40.051133467, -18.386429463 ], [ -40.051120136, -18.386453401 ], [ -40.051073599, -18.386532093 ], [ -40.051038108, -18.386595957 ], [ -40.050974132, -18.386706753 ], [ -40.05092969, -18.386786542 ], [ -40.050906254, -18.386825798 ], [ -40.050865815, -18.386897383 ], [ -40.05081483, -18.386984056 ], [ -40.05078444, -18.387040268 ], [ -40.050729882, -18.387135383 ], [ -40.050699939, -18.387191813 ], [ -40.050659117, -18.3872632 ], [ -40.050612649, -18.38734193 ], [ -40.050572564, -18.387413696 ], [ -40.050517316, -18.387508447 ], [ -40.050463612, -18.387604003 ], [ -40.050308751, -18.387873349 ], [ -40.050230552, -18.388017869 ], [ -40.050193724, -18.388081038 ], [ -40.050171617, -18.388120991 ], [ -40.050094577, -18.388255867 ], [ -40.05006221, -18.388311065 ], [ -40.050026531, -18.388374832 ], [ -40.049975727, -18.388461602 ], [ -40.049926738, -18.388549319 ], [ -40.049857659, -18.388667748 ], [ -40.04983995700001, -18.388699701 ], [ -40.049811336, -18.388756754 ], [ -40.04972876, -18.388899037 ], [ -40.049693302, -18.388962918 ], [ -40.049651195, -18.389033621 ], [ -40.049607214, -18.389113643 ], [ -40.049560924, -18.389192469 ], [ -40.049461379, -18.389367095 ], [ -40.049434844, -18.389415035 ], [ -40.049427003, -18.389431485 ], [ -40.049413726165724, -18.389455027706113 ] ] } },
{ "type": "Feature", "properties": { "Field": "002", "Length": 423.69807959911668 }, "geometry": { "type": "LineString", "coordinates": [ [ -40.051312436, -18.38608298 ], [ -40.051293588, -18.386113741 ], [ -40.051244359, -18.386201334 ], [ -40.051184619, -18.38630404 ], [ -40.051166987, -18.386336028 ], [ -40.051133802, -18.386401011 ], [ -40.051129519, -18.38640907 ], [ -40.051056136, -18.386535554 ], [ -40.051011739, -18.386615365 ], [ -40.050960936, -18.386702136 ], [ -40.050925429, -18.386765991 ], [ -40.0508796, -18.386845061 ], [ -40.050848804, -18.386901071 ], [ -40.050815904, -18.38695598 ], [ -40.050797714, -18.386987683 ], [ -40.05079328, -18.386995667 ], [ -40.0507766, -18.387028118 ], [ -40.050772283, -18.38703616 ], [ -40.050744455, -18.387083427 ], [ -40.050726952, -18.387115479 ], [ -40.050714473, -18.387139832 ], [ -40.050700982, -18.387163687 ], [ -40.050631779, -18.387282049 ], [ -40.050605262, -18.387329997 ], [ -40.050554902, -18.387417003 ], [ -40.050483188, -18.387544356 ], [ -40.050395991, -18.387694526 ], [ -40.050374065, -18.387734569 ], [ -40.050304842, -18.38785292 ], [ -40.050283262, -18.387893134 ], [ -40.050266994, -18.387925775 ], [ -40.050262801, -18.387933877 ], [ -40.05021797, -18.388013468 ], [ -40.050149207, -18.388132064 ], [ -40.050104501, -18.388211719 ], [ -40.050053739, -18.388298511 ], [ -40.049973075, -18.388441791 ], [ -40.04986276, -18.388631389 ], [ -40.049853969, -18.388647396 ], [ -40.049849711, -18.388655467 ], [ -40.049837794, -18.388680074 ], [ -40.049812129, -18.388728443 ], [ -40.049739074, -18.3888551 ], [ -40.049694376, -18.388934759 ], [ -40.049633911, -18.389037078 ], [ -40.049629326, -18.389044984 ], [ -40.049598248, -18.389100852 ], [ -40.049556446, -18.38917172 ], [ -40.049489856, -18.389291441 ], [ -40.049485333, -18.38929938 ], [ -40.04946654, -18.389330761 ], [ -40.049434893, -18.389386337 ], [ -40.049401753067791, -18.389448874872059 ] ] } },
{ "type": "Feature", "properties": { "Field": "002", "Length": 424.51968020510958 }, "geometry": { "type": "LineString", "coordinates": [ [ -40.051304121984948, -18.386070276024611 ], [ -40.051285304, -18.386101053 ], [ -40.051280688, -18.386108942 ], [ -40.051249285, -18.386164645 ], [ -40.051180744, -18.386283358 ], [ -40.05117636, -18.386291367 ], [ -40.051146835, -18.386347998 ], [ -40.051124952, -18.386388062 ], [ -40.051042889, -18.386530615 ], [ -40.051007309, -18.386594433 ], [ -40.050952069, -18.386689187 ], [ -40.050916448, -18.386752984 ], [ -40.050861489, -18.386847888 ], [ -40.050839647, -18.386887972 ], [ -40.050835133, -18.386895915 ], [ -40.050783882, -18.386982445 ], [ -40.050779416, -18.386990413 ], [ -40.050757939, -18.387030677 ], [ -40.050753486, -18.387038652 ], [ -40.05074431, -18.38705446 ], [ -40.050739944, -18.387062478 ], [ -40.050718996, -18.387102995 ], [ -40.050692832, -18.38715112 ], [ -40.050688249, -18.387159027 ], [ -40.050664476, -18.387198097 ], [ -40.050618629, -18.387277159 ], [ -40.050587573, -18.387333038 ], [ -40.050518881, -18.387451672 ], [ -40.050478842, -18.38752346 ], [ -40.050446632, -18.387578741 ], [ -40.050433397, -18.387602726 ], [ -40.050428821, -18.387610638 ], [ -40.05040994, -18.387641969 ], [ -40.050305401, -18.387824289 ], [ -40.050279306, -18.387872447 ], [ -40.050254216, -18.38792109 ], [ -40.050249874, -18.38792912 ], [ -40.050227417, -18.387968895 ], [ -40.050145023, -18.388111274 ], [ -40.050113993, -18.388167166 ], [ -40.050086724, -18.388214729 ], [ -40.050044709, -18.388285482000011 ], [ -40.050040145, -18.388293398 ], [ -40.049995467, -18.388373068 ], [ -40.049964833, -18.388429159 ], [ -40.049960226, -18.388437053 ], [ -40.04994579, -18.3884604 ], [ -40.049941146, -18.388468274 ], [ -40.049905104, -18.388531855 ], [ -40.049858817, -18.388610683 ], [ -40.049854361, -18.388618656 ], [ -40.049845757, -18.388634755 ], [ -40.04984168, -18.388642911 ], [ -40.049833922, -18.388659398 ], [ -40.049829855, -18.388667558 ], [ -40.049812927, -18.388699891 ], [ -40.049808494, -18.388707876 ], [ -40.049730195, -18.388842091 ], [ -40.049685594, -18.388921799 ], [ -40.049681034, -18.388929718 ], [ -40.049625203, -18.389024157 ], [ -40.049580446, -18.389103786 ], [ -40.04954776, -18.389158811 ], [ -40.049543213, -18.389166737 ], [ -40.049494516, -18.389254601 ], [ -40.049435212, -18.389357538 ], [ -40.049430794, -18.38936553 ], [ -40.049400779, -18.389421926 ], [ -40.049396315, -18.389429895 ], [ -40.049389036126229, -18.389442339784182 ] ] } },
{ "type": "Feature", "properties": { "Field": "002", "Length": 425.46455746289791 }, "geometry": { "type": "LineString", "coordinates": [ [ -40.051294548, -18.386055648 ], [ -40.051175992, -18.386260956 ], [ -40.051171634, -18.386268979 ], [ -40.051146694, -18.386317692 ], [ -40.051129415, -18.386349856 ], [ -40.051124965, -18.386357832 ], [ -40.051092961, -18.386413221 ], [ -40.051057157, -18.386476925 ], [ -40.0510247, -18.386532073 ], [ -40.051020202, -18.386540025 ], [ -40.050994054, -18.386588158 ], [ -40.050989575, -18.386596119 ], [ -40.050929789, -18.386698801 ], [ -40.050902825, -18.386746521 ], [ -40.050874983, -18.386793779 ], [ -40.050825959, -18.386881477 ], [ -40.050821394, -18.386889394 ], [ -40.050784016, -18.386952268 ], [ -40.050779468, -18.386960193 ], [ -40.05073525, -18.387040096 ], [ -40.05073095, -18.387048147 ], [ -40.05070588, -18.387096798999988 ], [ -40.050701554, -18.387104838 ], [ -40.050679194, -18.387144661 ], [ -40.050641883, -18.38720757 ], [ -40.050574273, -18.38732677 ], [ -40.05050526, -18.387445233 ], [ -40.050437324, -18.387564262 ], [ -40.050432923, -18.387572263 ], [ -40.050420107, -18.387596456 ], [ -40.050415625, -18.387604416 ], [ -40.050359371, -18.387698626 ], [ -40.050354791, -18.387706534 ], [ -40.050296739, -18.387810119 ], [ -40.050236489, -18.387922803 ], [ -40.050232067, -18.387930793 ], [ -40.05020029500001, -18.387986305 ], [ -40.050172318, -18.388033491 ], [ -40.050167774, -18.388041418 ], [ -40.050145618, -18.388081346 ], [ -40.050063294, -18.388223762 ], [ -40.049950704, -18.388422476 ], [ -40.049946083, -18.388430362 ], [ -40.049917662, -18.388477306 ], [ -40.049913056, -18.388485201 ], [ -40.049846029, -18.3886047 ], [ -40.049837418, -18.388620795 ], [ -40.049833272, -18.388628919 ], [ -40.049825299, -18.388645312 ], [ -40.049821134, -18.388653427 ], [ -40.049795073, -18.388701603 ], [ -40.049790587, -18.388709561 ], [ -40.049688804, -18.388883007 ], [ -40.049666121, -18.388922664 ], [ -40.049635294, -18.388978659 ], [ -40.049516186, -18.389184269 ], [ -40.049417592, -18.389359387 ], [ -40.049400344, -18.389391565 ], [ -40.049396285, -18.389399729 ], [ -40.049392449, -18.38940799 ], [ -40.049388253, -18.389416091 ], [ -40.049378218, -18.389431416 ], [ -40.049375906, -18.389435592 ] ] } },
{ "type": "Feature", "properties": { "Field": "002", "Length": 426.30184079145278 }, "geometry": { "type": "LineString", "coordinates": [ [ -40.051285980817227, -18.386042556289208 ], [ -40.051281365, -18.38604986 ], [ -40.051276255, -18.386057467 ], [ -40.051271537, -18.386065301 ], [ -40.051222156, -18.386152816 ], [ -40.051189957, -18.386208103 ], [ -40.051111272, -18.386352380999988 ], [ -40.05106613400001, -18.386431813 ], [ -40.051015147, -18.386518485 ], [ -40.050953318, -18.386630386 ], [ -40.050906951, -18.38670917 ], [ -40.050856837, -18.386796305 ], [ -40.050816859, -18.386868125 ], [ -40.050775219, -18.386939079 ], [ -40.050734927, -18.387010739 ], [ -40.05069671, -18.387083427 ], [ -40.050665744, -18.387139352 ], [ -40.050637657, -18.387186478 ], [ -40.050574237, -18.387297566 ], [ -40.050523392, -18.387384313 ], [ -40.050437147, -18.387534984 ], [ -40.050406396, -18.387591017 ], [ -40.050401853, -18.387598945 ], [ -40.050337016, -18.387709285 ], [ -40.050332499, -18.387717226 ], [ -40.05029243, -18.387789 ], [ -40.050236358, -18.387893574 ], [ -40.050218131, -18.387925257 ], [ -40.050196147, -18.387965271 ], [ -40.050126662, -18.388083483 ], [ -40.050095579, -18.388139348 ], [ -40.050045763, -18.388226639 ], [ -40.049994962, -18.38831341 ], [ -40.049946236, -18.388401259 ], [ -40.049894907, -18.388487747 ], [ -40.04989037, -18.388495678 ], [ -40.049845795, -18.3885754 ], [ -40.049816479, -18.388632129 ], [ -40.049781373, -18.388696186 ], [ -40.04968458, -18.388861942 ], [ -40.049625933, -18.388965221 ], [ -40.049584377, -18.389036221 ], [ -40.049557644, -18.389084059 ], [ -40.049493579, -18.389194809 ], [ -40.049408624, -18.389346147 ], [ -40.049379253, -18.38940285 ], [ -40.04937471, -18.389410778 ], [ -40.049363517093049, -18.389429225846644 ] ] } },
{ "type": "Feature", "properties": { "Field": "002", "Length": 427.16205052393337 }, "geometry": { "type": "LineString", "coordinates": [ [ -40.051277392972928, -18.386029434044467 ], [ -40.051257526, -18.386062072 ], [ -40.051194214, -18.386173216 ], [ -40.051176587, -18.386205207 ], [ -40.051151305, -18.38625376 ], [ -40.051123971, -18.386301288 ], [ -40.051097514, -18.386349267 ], [ -40.050988142, -18.386539362 ], [ -40.05093551, -18.386635461 ], [ -40.050907076, -18.386682397 ], [ -40.05086624, -18.386753776 ], [ -40.050842898, -18.386793083 ], [ -40.05080296, -18.386864923 ], [ -40.050730243, -18.386991757 ], [ -40.050717302, -18.387015889 ], [ -40.050697294, -18.387056837 ], [ -40.050675042, -18.387096716 ], [ -40.050634146, -18.387168064 ], [ -40.050601056, -18.387222869 ], [ -40.050550709, -18.387309882 ], [ -40.050501486, -18.387397478 ], [ -40.050464035, -18.387460313 ], [ -40.050410187, -18.387555795 ], [ -40.050368736, -18.387626851 ], [ -40.050332675, -18.387690422 ], [ -40.050307083, -18.387738827 ], [ -40.050287948, -18.387770018 ], [ -40.050258213, -18.387826549 ], [ -40.050178179, -18.387970151 ], [ -40.050122292, -18.388064559 ], [ -40.050055436, -18.388184146 ], [ -40.050008787, -18.388262778 ], [ -40.04997707, -18.388318318 ], [ -40.049928366, -18.388406179 ], [ -40.049872253, -18.388500466 ], [ -40.049832614, -18.388572457999988 ], [ -40.049811958, -18.388613112 ], [ -40.049740283, -18.388740485 ], [ -40.04969439, -18.388819522 ], [ -40.049680018, -18.388842905 ], [ -40.049603238, -18.388977917 ], [ -40.04955661, -18.389056561 ], [ -40.049508082, -18.38914451 ], [ -40.049484842, -18.389183873 ], [ -40.049399346, -18.389334932 ], [ -40.049373821, -18.389383369 ], [ -40.049350767126896, -18.389422673783656 ] ] } },
{ "type": "Feature", "properties": { "Field": "002", "Length": 427.99452127277141 }, "geometry": { "type": "LineString", "coordinates": [ [ -40.051268987, -18.38601659 ], [ -40.05124992, -18.386047732 ], [ -40.051213638, -18.386111188 ], [ -40.051173861, -18.38618311 ], [ -40.051153085, -18.386223708 ], [ -40.051135461, -18.386255701 ], [ -40.051103017, -18.386310857 ], [ -40.05105837, -18.386390542 ], [ -40.05103971, -18.386421995 ], [ -40.050962644, -18.386556858 ], [ -40.050918666, -18.386636881 ], [ -40.050876139, -18.386707354 ], [ -40.050821765, -18.386802565 ], [ -40.050786226, -18.386866403 ], [ -40.050753796, -18.386921567 ], [ -40.05071435, -18.386993655 ], [ -40.050693884, -18.387034396 ], [ -40.050662509, -18.387090113 ], [ -40.050621802, -18.387161559 ], [ -40.050584176, -18.387224299 ], [ -40.050520195, -18.387335093 ], [ -40.050484386, -18.387398794 ], [ -40.050451544, -18.387453735 ], [ -40.050407093, -18.38753352 ], [ -40.050320497, -18.387684007 ], [ -40.050294774, -18.387732348 ], [ -40.050276878, -18.387764203 ], [ -40.050260044, -18.387796582 ], [ -40.050219073, -18.38786789 ], [ -40.050165765, -18.387963648 ], [ -40.050133678, -18.388018995 ], [ -40.05010961, -18.388057901 ], [ -40.05007013, -18.388129972 ], [ -40.05004308, -18.388177649 ], [ -40.050005659, -18.388240499 ], [ -40.049937306, -18.388359312 ], [ -40.049919871, -18.388391399 ], [ -40.049855924, -18.388502211 ], [ -40.049829689, -18.388550301 ], [ -40.049809183, -18.388591024 ], [ -40.049800253, -18.388606961 ], [ -40.049772515, -18.388654276 ], [ -40.049691891, -18.388797576 ], [ -40.049649656, -18.38886821 ], [ -40.049600386, -18.388955782 ], [ -40.04957255, -18.389003045 ], [ -40.049553217, -18.389034125 ], [ -40.049495954, -18.389138109 ], [ -40.049472764, -18.389177498 ], [ -40.049414133, -18.389280786 ], [ -40.049396423, -18.389312736 ], [ -40.049370932, -18.389361189 ], [ -40.049338036, -18.389416131 ] ] } },
{ "type": "Feature", "properties": { "Field": "002", "Length": 428.84311781229979 }, "geometry": { "type": "LineString", "coordinates": [ [ -40.051260273933821, -18.386003276108077 ], [ -40.051236657, -18.386041843 ], [ -40.051200563, -18.386105397 ], [ -40.051196081, -18.386113357 ], [ -40.051135842, -18.386226046 ], [ -40.05107199, -18.386336908 ], [ -40.051004783, -18.386456314 ], [ -40.050949534, -18.386551064 ], [ -40.050886364, -18.386662281 ], [ -40.050848925, -18.386725122 ], [ -40.050799821, -18.38681278 ], [ -40.050749595, -18.386899856 ], [ -40.050680767, -18.387028652 ], [ -40.050599048, -18.387171386 ], [ -40.050511608, -18.387321427 ], [ -40.050471305, -18.387393082 ], [ -40.05043855, -18.38744807 ], [ -40.05036245, -18.387583432 ], [ -40.050325207, -18.387646379 ], [ -40.050294134, -18.38770225 ], [ -40.050260266, -18.387766912 ], [ -40.050178937, -18.387909848 ], [ -40.050157178, -18.387949975 ], [ -40.050125103, -18.388005327 ], [ -40.050101371, -18.388044421 ], [ -40.050029392, -18.388171637 ], [ -40.049932616, -18.388337403 ], [ -40.049910786, -18.388377494 ], [ -40.04985643, -18.388472714 ], [ -40.049800697, -18.388577453 ], [ -40.049741187, -18.388680282 ], [ -40.049692398, -18.388768099 ], [ -40.049636409, -18.388862453 ], [ -40.049568897, -18.38898170300001 ], [ -40.04954062, -18.389028726 ], [ -40.049505576, -18.389092813 ], [ -40.049486918, -18.389124268 ], [ -40.04940114, -18.389275181 ], [ -40.049362268, -18.389347553 ], [ -40.049324654, -18.389409254 ] ] } },
{ "type": "Feature", "properties": { "Field": "002", "Length": 429.66693701097745 }, "geometry": { "type": "LineString", "coordinates": [ [ -40.05125197, -18.385990588 ], [ -40.051247621, -18.385998029 ], [ -40.051232739, -18.386021118 ], [ -40.051209543, -18.386060503 ], [ -40.051169683, -18.386132382 ], [ -40.051136126, -18.386197192 ], [ -40.051131813, -18.386205235999988 ], [ -40.051063119, -18.386323868 ], [ -40.050977621, -18.386474926 ], [ -40.050913237, -18.386585507 ], [ -40.050882076, -18.386641332 ], [ -40.05084006, -18.386712085 ], [ -40.050812871, -18.386759689 ], [ -40.050772901, -18.386831513 ], [ -40.050741079, -18.386886999 ], [ -40.050736639, -18.386894979 ], [ -40.050707193, -18.386951648 ], [ -40.050680831, -18.386999674 ], [ -40.050639528, -18.387070808 ], [ -40.050576545, -18.387182121 ], [ -40.05050278, -18.387308402 ], [ -40.050453306, -18.38739587 ], [ -40.050416177, -18.387458878 ], [ -40.050358434, -18.387562619 ], [ -40.05033013, -18.387609628 ], [ -40.050307288, -18.387649202 ], [ -40.050302816, -18.387657166 ], [ -40.050251715, -18.387754014 ], [ -40.050178666, -18.387880674 ], [ -40.050125579, -18.387976544 ], [ -40.050074392, -18.388063109 ], [ -40.050006743, -18.388182288 ], [ -40.049919391, -18.388332376 ], [ -40.04989745, -18.388372412 ], [ -40.049847857, -18.388459817 ], [ -40.049809874, -18.388532618 ], [ -40.049805544, -18.388540654 ], [ -40.049723243, -18.388683083 ], [ -40.049674321, -18.388770833 ], [ -40.049623202, -18.388857433 ], [ -40.049600977, -18.388897326 ], [ -40.049523275, -18.389031856 ], [ -40.049496862, -18.389079857 ], [ -40.049414642, -18.389222329 ], [ -40.049392467, -18.389262247 ], [ -40.049362397, -18.389318616 ], [ -40.049357977, -18.389326607 ], [ -40.049312280147817, -18.389402895753236 ] ] } },
{ "type": "Feature", "properties": { "Field": "002", "Length": 430.53742936918513 }, "geometry": { "type": "LineString", "coordinates": [ [ -40.051243169922358, -18.385977141124002 ], [ -40.051228872, -18.385999975 ], [ -40.051196049, -18.386054926 ], [ -40.051191493, -18.386062848 ], [ -40.05116075, -18.386118885 ], [ -40.051156481, -18.38612695 ], [ -40.051140007, -18.386159497 ], [ -40.051135773, -18.386167579 ], [ -40.051113836, -18.386207617 ], [ -40.051073102, -18.386279048 ], [ -40.051036086, -18.386342117 ], [ -40.051000454, -18.386405909 ], [ -40.050908837, -18.386564072 ], [ -40.050855251, -18.386659688 ], [ -40.050808738, -18.386738393 ], [ -40.050745964, -18.386849815 ], [ -40.05074159, -18.386857829 ], [ -40.050699205, -18.386938632 ], [ -40.050694862, -18.386946661 ], [ -40.050676981, -18.386978524 ], [ -40.050621486, -18.387073143 ], [ -40.050545057, -18.387208335 ], [ -40.050421279, -18.387421806 ], [ -40.050367802, -18.387517478 ], [ -40.050303084, -18.387627881 ], [ -40.050298628, -18.387635854 ], [ -40.050243343, -18.38774081 ], [ -40.050238938, -18.387748808 ], [ -40.050160928, -18.387883176 ], [ -40.050098715, -18.387994883 ], [ -40.050094149, -18.388002799 ], [ -40.050065822, -18.388049795 ], [ -40.050061278, -18.388057723 ], [ -40.050048208, -18.388081791 ], [ -40.050016491, -18.388137331 ], [ -40.049919813, -18.388303148 ], [ -40.049861568, -18.388406634 ], [ -40.049801579, -18.388519446 ], [ -40.049797119, -18.388527417 ], [ -40.049759802, -18.388590324 ], [ -40.049709436, -18.388677326 ], [ -40.049704941, -18.388685279 ], [ -40.049665412, -18.388757326 ], [ -40.0496609, -18.38876527 ], [ -40.04962373, -18.388828256 ], [ -40.049574465, -18.388915832 ], [ -40.04951952, -18.389010743 ], [ -40.049488287, -18.389066532 ], [ -40.049419535, -18.389185135 ], [ -40.049415058, -18.389193097 ], [ -40.04935855, -18.389297457 ], [ -40.049340631, -18.3893293 ], [ -40.049335975, -18.389337168 ], [ -40.049316716, -18.38936829 ], [ -40.049300167027496, -18.389396670952838 ] ] } },
{ "type": "Feature", "properties": { "Field": "002", "Length": 431.3906324267806 }, "geometry": { "type": "LineString", "coordinates": [ [ -40.051234545, -18.385963963 ], [ -40.051192103, -18.386033892 ], [ -40.051187527, -18.386041803 ], [ -40.051160882, -18.386089686 ], [ -40.051156564, -18.386097728 ], [ -40.05111858, -18.386170528 ], [ -40.051114225, -18.386178552 ], [ -40.051087472, -18.386226381 ], [ -40.051009517, -18.386360777 ], [ -40.050955515, -18.38645618 ], [ -40.050904804, -18.386542999 ], [ -40.050855845, -18.38663073 ], [ -40.050851296, -18.386638655 ], [ -40.050781838, -18.386756881 ], [ -40.050777316, -18.38676482 ], [ -40.050732966, -18.386844656 ], [ -40.05072866, -18.386852704 ], [ -40.050695024, -18.386917476 ], [ -40.050681854, -18.386941494 ], [ -40.050612479, -18.387059764 ], [ -40.050571792, -18.38713122 ], [ -40.050531943, -18.387203106 ], [ -40.050490877, -18.387274364 ], [ -40.050435252, -18.387368914 ], [ -40.050376184, -18.387471973 ], [ -40.050349616, -18.387519896 ], [ -40.050299115, -18.387606827 ], [ -40.050281334, -18.38763874 ], [ -40.050256243, -18.387687381 ], [ -40.050221242, -18.387751491 ], [ -40.050216729, -18.387759434 ], [ -40.050152036, -18.387869851 ], [ -40.050094239, -18.387973565 ], [ -40.050057156, -18.388036598 ], [ -40.049998788, -18.38814002 ], [ -40.049901869, -18.38830571 ], [ -40.049892838, -18.388321594 ], [ -40.049880051, -18.3883458 ], [ -40.049875641, -18.388353796 ], [ -40.049857409, -18.388385477 ], [ -40.049853034, -18.388393491 ], [ -40.049814976, -18.388466256 ], [ -40.049810599, -18.388474268 ], [ -40.049783637, -18.388521991 ], [ -40.04970063, -18.388664045 ], [ -40.04967368, -18.388711773 ], [ -40.049647514, -18.388759897 ], [ -40.04964298, -18.38876783 ], [ -40.049614926, -18.388814975 ], [ -40.049556802, -18.388918522 ], [ -40.049456035, -18.389092509 ], [ -40.049402195, -18.389187996 ], [ -40.049397882, -18.38919604 ], [ -40.04938535, -18.389220368 ], [ -40.049381025, -18.389228406 ], [ -40.049341059, -18.389300233 ], [ -40.049336445, -18.389308124 ], [ -40.049307962, -18.389355034 ], [ -40.049303488, -18.389362997 ], [ -40.049299226, -18.389371066 ], [ -40.049294715, -18.389379011 ], [ -40.049287898, -18.389390366 ] ] } },
{ "type": "Feature", "properties": { "Field": "002", "Length": 432.24077886239547 }, "geometry": { "type": "LineString", "coordinates": [ [ -40.051225815, -18.385950623 ], [ -40.051175251, -18.38603693 ], [ -40.05112773, -18.386125378 ], [ -40.05107003, -18.386229142 ], [ -40.051019419, -18.386316014 ], [ -40.050947054, -18.386443031 ], [ -40.050914431, -18.386498091 ], [ -40.050838482, -18.38663353 ], [ -40.050782596, -18.386727938 ], [ -40.050778082, -18.386735882 ], [ -40.050733569, -18.386815635 ], [ -40.050699782, -18.386880335 ], [ -40.05069538, -18.386888335 ], [ -40.050641616, -18.386983861 ], [ -40.05059961, -18.387054618 ], [ -40.050487143, -18.387253394 ], [ -40.05035393, -18.387482536 ], [ -40.050282359, -18.387609962 ], [ -40.05026125, -18.387650404 ], [ -40.050256898, -18.387658429 ], [ -40.050208347, -18.387746366 ], [ -40.050143492, -18.387856696 ], [ -40.050076562, -18.387976244 ], [ -40.049994192, -18.388118636 ], [ -40.049936592, -18.388222451 ], [ -40.049885269, -18.388308942 ], [ -40.049880737, -18.388316875 ], [ -40.04984496, -18.388380593 ], [ -40.049815427, -18.38843722 ], [ -40.049775175, -18.3885089 ], [ -40.049665481, -18.388698827 ], [ -40.049625252, -18.38877052 ], [ -40.049583506, -18.388841417 ], [ -40.049543644, -18.388913297 ], [ -40.049469896, -18.389039587 ], [ -40.049447957, -18.389079623 ], [ -40.049402838, -18.389159065 ], [ -40.049377284, -18.389207488 ], [ -40.049328045, -18.389295076 ], [ -40.04927505814009, -18.389383767765519 ] ] } },
{ "type": "Feature", "properties": { "Field": "002", "Length": 433.15171536872492 }, "geometry": { "type": "LineString", "coordinates": [ [ -40.051216567, -18.385936492 ], [ -40.051150707, -18.386055989 ], [ -40.05105692, -18.386223312 ], [ -40.050934125, -18.3864373 ], [ -40.050896801, -18.386500203 ], [ -40.050834515, -18.386611874 ], [ -40.050769655, -18.386722201 ], [ -40.050712394, -18.386826186 ], [ -40.050686925, -18.386874649 ], [ -40.050659664, -18.386922216 ], [ -40.050628782, -18.386978183 ], [ -40.050582107, -18.387056801 ], [ -40.050460436, -18.387271373 ], [ -40.050340869, -18.38747674 ], [ -40.050283285, -18.387580562 ], [ -40.050258009, -18.387629118 ], [ -40.050212756, -18.387708491 ], [ -40.050195334, -18.387740584 ], [ -40.050135335, -18.387843153 ], [ -40.050063668, -18.38797053 ], [ -40.049994575, -18.388088951 ], [ -40.049932629, -18.388200795 ], [ -40.049872313, -18.388303194 ], [ -40.049836587, -18.388366937 ], [ -40.049806958, -18.388423519 ], [ -40.049771396, -18.388487346 ], [ -40.049739323, -18.3885427 ], [ -40.049712621, -18.388590555 ], [ -40.049675263, -18.388653439 ], [ -40.049616655, -18.388756739 ], [ -40.049579684, -18.388819832 ], [ -40.049539532, -18.388891564 ], [ -40.049489434, -18.388978708 ], [ -40.049461461, -18.389025896 ], [ -40.049394738, -18.38914555 ], [ -40.049373427, -18.389185895 ], [ -40.049333649, -18.389257817 ], [ -40.049297197, -18.389321185 ], [ -40.049263019009729, -18.389377580983936 ] ] } },
{ "type": "Feature", "properties": { "Field": "002", "Length": 434.09754030340588 }, "geometry": { "type": "LineString", "coordinates": [ [ -40.051207072, -18.385921984 ], [ -40.051188909, -18.385954692 ], [ -40.051155228, -18.386019443 ], [ -40.051137303, -18.386051282 ], [ -40.051050449, -18.386201633 ], [ -40.051024189, -18.386249711 ], [ -40.050882462, -18.386495011 ], [ -40.05082479, -18.386598789 ], [ -40.050782613, -18.386669454 ], [ -40.050746514, -18.386733006 ], [ -40.050686481, -18.386845796 ], [ -40.050636425, -18.386932961 ], [ -40.050614577, -18.386973043 ], [ -40.05059067, -18.387012039 ], [ -40.05055384, -18.387075207 ], [ -40.050490636, -18.387186407 ], [ -40.050471989, -18.387217866 ], [ -40.050427687, -18.387297727 ], [ -40.050335947, -18.387455825 ], [ -40.050291354, -18.387535538 ], [ -40.050262126, -18.387592309 ], [ -40.050244689, -18.387624395 ], [ -40.050153271, -18.387782664 ], [ -40.050131045, -18.387822555999989 ], [ -40.050098641, -18.387877733 ], [ -40.050017868, -18.388020957 ], [ -40.049980051, -18.388083592 ], [ -40.049949387, -18.388139669 ], [ -40.049853641, -18.388305979 ], [ -40.049797354, -18.388410448 ], [ -40.049728477, -18.388528984 ], [ -40.049702099, -18.388577002 ], [ -40.049674423, -18.38862435 ], [ -40.049647878, -18.388672284 ], [ -40.049615608, -18.388727534 ], [ -40.049502893, -18.388926183 ], [ -40.049438382, -18.389036697 ], [ -40.04931992, -18.3892529 ], [ -40.049292868, -18.389300575 ], [ -40.049250545127798, -18.389371170786834 ] ] } },
{ "type": "Feature", "properties": { "Field": "002", "Length": 434.88536145120463 }, "geometry": { "type": "LineString", "coordinates": [ [ -40.051199150992453, -18.385909880012953 ], [ -40.051181011, -18.38594102 ], [ -40.051156021, -18.38598971 ], [ -40.05112521, -18.386045713 ], [ -40.051101661, -18.386084906 ], [ -40.051055997, -18.386164064 ], [ -40.051051448, -18.386171989 ], [ -40.051011835, -18.386243994 ], [ -40.050969766, -18.386314717 ], [ -40.0509204, -18.38640224 ], [ -40.050860643, -18.386504937 ], [ -40.050816282, -18.386584767 ], [ -40.050756354, -18.386687373 ], [ -40.05072959, -18.386735197 ], [ -40.050695893, -18.38679994 ], [ -40.050664875, -18.386855838 ], [ -40.050632263, -18.386910904 ], [ -40.050596789, -18.386974776 ], [ -40.050536268, -18.387077065 ], [ -40.050450325, -18.387227892 ], [ -40.050410267, -18.387299672 ], [ -40.05030942, -18.387473616 ], [ -40.050279184, -18.387529904 ], [ -40.05026315, -18.38756265 ], [ -40.050227401, -18.387626382 ], [ -40.050185998, -18.387697463 ], [ -40.050159214, -18.387745276 ], [ -40.050058145, -18.387919102 ], [ -40.050009566, -18.388007026 ], [ -40.0499673, -18.388077642 ], [ -40.049895504, -18.388204954 ], [ -40.049849716, -18.388284046 ], [ -40.049815637, -18.388348607 ], [ -40.049788967, -18.388396478 ], [ -40.049711103, -18.388530923 ], [ -40.04968928, -18.388571017 ], [ -40.04965712, -18.388626324 ], [ -40.049635249, -18.388666395 ], [ -40.049611875, -18.388705685 ], [ -40.049567128, -18.388785319 ], [ -40.049434939, -18.389015002 ], [ -40.049395049, -18.389086867 ], [ -40.049360718, -18.389151306 ], [ -40.049315779, -18.389230841 ], [ -40.049260981, -18.38932583 ], [ -40.049237595068931, -18.389364515885976 ] ] } },
{ "type": "Feature", "properties": { "Field": "002", "Length": 435.72263482182382 }, "geometry": { "type": "LineString", "coordinates": [ [ -40.051190783935283, -18.385897095106767 ], [ -40.05118157, -18.385912296 ], [ -40.051176978, -18.385920198 ], [ -40.051152134, -18.385968956 ], [ -40.051107705, -18.386048752 ], [ -40.051020718, -18.386199032 ], [ -40.051016219, -18.386206983 ], [ -40.051003379, -18.386231164 ], [ -40.050994285, -18.386247016 ], [ -40.050989692, -18.386254918 ], [ -40.050956637, -18.386309742 ], [ -40.050889161, -18.38642901 ], [ -40.050842976, -18.386507891 ], [ -40.050785032, -18.386611531 ], [ -40.050752579, -18.386666682 ], [ -40.050730635, -18.386706716 ], [ -40.050696768, -18.386771378 ], [ -40.050665525, -18.386827162 ], [ -40.050647291, -18.386858842 ], [ -40.050628308, -18.386890118 ], [ -40.050593053, -18.3869541 ], [ -40.050541984, -18.387040727 ], [ -40.050524251, -18.387072665 ], [ -40.050432837, -18.387230935 ], [ -40.050401791, -18.38728682 ], [ -40.050369499, -18.387342057 ], [ -40.050319897, -18.387429459 ], [ -40.050296645, -18.387468813 ], [ -40.05027547, -18.387509223 ], [ -40.050250916, -18.387558115 ], [ -40.050246682, -18.387566198 ], [ -40.050195549, -18.387652791 ], [ -40.050146087, -18.387740265 ], [ -40.050063456, -18.387882519 ], [ -40.050022755, -18.387953969 ], [ -40.049987586, -18.388017993 ], [ -40.0499593, -18.388065011 ], [ -40.049932446, -18.388112789 ], [ -40.049904462, -18.388159971 ], [ -40.049841843, -18.388271472 ], [ -40.049808146, -18.388336215 ], [ -40.049785401, -18.388375839 ], [ -40.049752527, -18.388430763 ], [ -40.049676159, -18.388565987 ], [ -40.0496441, -18.388621348 ], [ -40.04962215, -18.388661379 ], [ -40.049594149, -18.388708552 ], [ -40.049558541, -18.388772355 ], [ -40.049530835, -18.388819688 ], [ -40.049508842, -18.388859697 ], [ -40.049467112, -18.388930603 ], [ -40.049449548, -18.388962626 ], [ -40.049426584, -18.389002135 ], [ -40.049370385, -18.389106647 ], [ -40.049357019, -18.389130566 ], [ -40.049352477, -18.389138495 ], [ -40.049324531, -18.389185698 ], [ -40.049302184, -18.389225529 ], [ -40.049242682, -18.389328361 ], [ -40.04923804, -18.389336237 ], [ -40.049224600069074, -18.389357837888976 ] ] } },
{ "type": "Feature", "properties": { "Field": "002", "Length": 436.54448787125676 }, "geometry": { "type": "LineString", "coordinates": [ [ -40.051182382, -18.385884257 ], [ -40.051169052, -18.385907606 ], [ -40.051164775, -18.385915667 ], [ -40.051156933, -18.385932118 ], [ -40.051152823, -18.385940258 ], [ -40.051135338, -18.38597232 ], [ -40.051130866, -18.385980285 ], [ -40.051107861, -18.386019773 ], [ -40.051036008, -18.386147054 ], [ -40.051003615, -18.386202237 ], [ -40.050981262, -18.386242064 ], [ -40.050976683, -18.386249973 ], [ -40.050943661, -18.386304815 ], [ -40.050898201, -18.38638408 ], [ -40.050871553, -18.386431961 ], [ -40.050825436, -18.386510879 ], [ -40.050785515, -18.386582728 ], [ -40.050753606, -18.386638168 ], [ -40.050749177, -18.386646154 ], [ -40.050715172, -18.38671075 ], [ -40.05071082, -18.386718776 ], [ -40.050656932, -18.386814237 ], [ -40.050615282, -18.386885186 ], [ -40.050610752, -18.386893121 ], [ -40.050588846, -18.386933174 ], [ -40.050584345, -18.386941124 ], [ -40.05054242, -18.387011925 ], [ -40.050334057, -18.387376936 ], [ -40.050292534, -18.387447953 ], [ -40.050288108, -18.387455941 ], [ -40.05025064, -18.387528983999989 ], [ -40.05023766, -18.387553097 ], [ -40.050233203, -18.387561069 ], [ -40.050182265, -18.387647767 ], [ -40.050060308, -18.387862191 ], [ -40.050009846, -18.387949143 ], [ -40.049974235, -18.388012944 ], [ -40.049950766, -18.388052182 ], [ -40.049946195, -18.388060096 ], [ -40.049928515, -18.38809206 ], [ -40.049891709, -18.388155241 ], [ -40.049860195, -18.388210886 ], [ -40.049855849, -18.388218914 ], [ -40.049839331, -18.38825144 ], [ -40.049835078, -18.388259514 ], [ -40.049790787, -18.388339379 ], [ -40.049707779, -18.388481434 ], [ -40.049653893, -18.388576897 ], [ -40.049626299, -18.388624288 ], [ -40.049604126, -18.388664206 ], [ -40.04958097, -18.388703613 ], [ -40.049545558, -18.388767516 ], [ -40.049463011, -18.388909815 ], [ -40.04945852, -18.38891777 ], [ -40.049436606, -18.388957819 ], [ -40.049418115, -18.388989362 ], [ -40.049413651, -18.388997331 ], [ -40.049375466, -18.389070036 ], [ -40.04937112, -18.389078064 ], [ -40.049344191, -18.389125803 ], [ -40.049339574, -18.389133692 ], [ -40.049320405, -18.389164864 ], [ -40.049315733, -18.389172724 ], [ -40.049248168, -18.389291947 ], [ -40.049243542, -18.38929983 ], [ -40.049224489, -18.389331068 ], [ -40.049212724045027, -18.389351734920908 ] ] } },
{ "type": "Feature", "properties": { "Field": "002", "Length": 437.28105754092735 }, "geometry": { "type": "LineString", "coordinates": [ [ -40.051174848, -18.385872745 ], [ -40.051165362, -18.385887797 ], [ -40.051160854, -18.385895744 ], [ -40.051130718, -18.38595208 ], [ -40.051089557, -18.386023288 ], [ -40.051013418, -18.38615863 ], [ -40.050989886, -18.386197833 ], [ -40.050962833, -18.386245507 ], [ -40.050921106, -18.386316415 ], [ -40.05086718, -18.386411857 ], [ -40.050820943, -18.386490711 ], [ -40.050776542, -18.38657052 ], [ -40.050744783, -18.386626038 ], [ -40.050731587, -18.386650044 ], [ -40.050710635, -18.386690559 ], [ -40.050706261, -18.386698573 ], [ -40.050656992, -18.386786146 ], [ -40.050610967, -18.386865113 ], [ -40.050575136, -18.386928803 ], [ -40.050547392, -18.386976114 ], [ -40.050502394, -18.387055618 ], [ -40.050424409, -18.387189998 ], [ -40.050292691, -18.387419927 ], [ -40.050288458, -18.38742801 ], [ -40.050268121, -18.387468811 ], [ -40.050263819, -18.38747686 ], [ -40.050219561, -18.387556743 ], [ -40.050159897, -18.387659489 ], [ -40.050083158, -18.387794522 ], [ -40.050000742, -18.38793689 ], [ -40.049960622, -18.388008638 ], [ -40.049932728, -18.388055869 ], [ -40.049860248, -18.388182826 ], [ -40.049821818, -18.388255412 ], [ -40.049777373, -18.3883352 ], [ -40.049739661, -18.388397891 ], [ -40.049735096, -18.388405808 ], [ -40.049676879, -18.388509309 ], [ -40.049562857, -18.388707276 ], [ -40.049536382, -18.388755246 ], [ -40.049531857, -18.388763184 ], [ -40.049467621, -18.388873843 ], [ -40.049405519, -18.388985607 ], [ -40.049358423, -18.389074264 ], [ -40.049353911, -18.389082208 ], [ -40.049326097, -18.389129482 ], [ -40.049306901, -18.389160639 ], [ -40.049302299, -18.389168536 ], [ -40.049248431, -18.389264009 ], [ -40.049200277222589, -18.38934533862405 ] ] } },
{ "type": "Feature", "properties": { "Field": "002", "Length": 438.12582653834346 }, "geometry": { "type": "LineString", "coordinates": [ [ -40.0511663, -18.385859684 ], [ -40.051147447, -18.385892055999989 ], [ -40.05112109, -18.385940085 ], [ -40.051040179, -18.386083238 ], [ -40.050975536, -18.38619368 ], [ -40.050902674, -18.386320438 ], [ -40.050857847, -18.386400031 ], [ -40.050802453, -18.386494704 ], [ -40.050767034, -18.386558604 ], [ -40.050739596, -18.386606077 ], [ -40.050701231, -18.386678695 ], [ -40.050664799, -18.386742074 ], [ -40.050647421, -18.386774189 ], [ -40.050605915, -18.386845215 ], [ -40.050552065, -18.386940697 ], [ -40.050510274, -18.38701157 ], [ -40.05043369700001, -18.387146686 ], [ -40.050337178, -18.387312588 ], [ -40.050292501, -18.387392258 ], [ -40.050275289, -18.387424455 ], [ -40.050259163, -18.38745716 ], [ -40.050219186, -18.38752898 ], [ -40.050192156, -18.387576667 ], [ -40.050150328, -18.387647521 ], [ -40.05009633, -18.387742926 ], [ -40.050027545, -18.387861511 ], [ -40.049878049, -18.388123358 ], [ -40.049837988, -18.388195136 ], [ -40.049812855, -18.38824376 ], [ -40.049776872, -18.388307371 ], [ -40.049745084, -18.388362875 ], [ -40.04971647, -18.388409712 ], [ -40.049658402, -18.388513288 ], [ -40.049553196, -18.388695258 ], [ -40.049522537, -18.388751337 ], [ -40.049462587, -18.388853932 ], [ -40.049422585, -18.38892574 ], [ -40.049375734, -18.389014515 ], [ -40.049344841, -18.389070477 ], [ -40.049293036, -18.389156706 ], [ -40.049234655, -18.389260123 ], [ -40.049187834, -18.389338944 ] ] } },
{ "type": "Feature", "properties": { "Field": "002", "Length": 438.99618776879629 }, "geometry": { "type": "LineString", "coordinates": [ [ -40.051157475879243, -18.385846200203005 ], [ -40.051138795, -18.385877607 ], [ -40.051045362, -18.38604511 ], [ -40.050975749, -18.386163254 ], [ -40.050844835, -18.3863936 ], [ -40.050784961, -18.386496235 ], [ -40.05073519, -18.386583548 ], [ -40.050688711, -18.386672501 ], [ -40.050648211, -18.386744054 ], [ -40.050574509, -18.386870368 ], [ -40.050534441, -18.386942143 ], [ -40.050478946, -18.387036762 ], [ -40.050429923, -18.387124461 ], [ -40.050333435, -18.387290379 ], [ -40.050293518, -18.38736223 ], [ -40.050255139, -18.387434842 ], [ -40.050187877, -18.38755422 ], [ -40.050141782, -18.38763315 ], [ -40.050047031, -18.387799978 ], [ -40.050005034, -18.387870741 ], [ -40.04995597, -18.387958419 ], [ -40.049909704, -18.388037257 ], [ -40.049878555, -18.388093089 ], [ -40.049855303, -18.388132445 ], [ -40.049821023, -18.388196909 ], [ -40.049768263, -18.388292944 ], [ -40.049727329, -18.388364271 ], [ -40.049698975, -18.388411252 ], [ -40.049654373, -18.38849096 ], [ -40.049571605, -18.388633143 ], [ -40.049509342, -18.388744825 ], [ -40.049444978, -18.388855417 ], [ -40.049391649, -18.388951165 ], [ -40.049362327, -18.389007893 ], [ -40.049326907, -18.389071792 ], [ -40.049275612, -18.389158299 ], [ -40.049235363, -18.389229981 ], [ -40.049174913, -18.389332304 ] ] } },
{ "type": "Feature", "properties": { "Field": "002", "Length": 439.78343793807795 }, "geometry": { "type": "LineString", "coordinates": [ [ -40.051149549, -18.385834088 ], [ -40.051121134, -18.385880444 ], [ -40.051031497, -18.386039638 ], [ -40.050984758, -18.386118222 ], [ -40.050808626, -18.386427959 ], [ -40.050780523, -18.386475077 ], [ -40.050744143, -18.386538482 ], [ -40.050713312, -18.386594475 ], [ -40.050688562, -18.386643277 ], [ -40.050671138, -18.386675369 ], [ -40.050556849, -18.386873195 ], [ -40.050507495, -18.386960725 ], [ -40.050479137, -18.387007703 ], [ -40.050398065, -18.387150772 ], [ -40.05033355, -18.387261284 ], [ -40.050293367, -18.387333 ], [ -40.050250872, -18.38741375 ], [ -40.05016082, -18.38757273 ], [ -40.050128303, -18.387627847 ], [ -40.050047294, -18.387770949 ], [ -40.04999166, -18.387865494 ], [ -40.049928937, -18.387976942 ], [ -40.049896338, -18.388032014 ], [ -40.049865215, -18.38808786 ], [ -40.049846435, -18.388119248 ], [ -40.049812415, -18.388183836 ], [ -40.049759307, -18.388279695 ], [ -40.049713854, -18.388358964 ], [ -40.049676664, -18.38842194 ], [ -40.04964093, -18.38848568 ], [ -40.049562728, -18.388619945 ], [ -40.049531095, -18.388675529 ], [ -40.049500378, -18.388731579 ], [ -40.049431577, -18.388850156 ], [ -40.049382829, -18.388937994 ], [ -40.049357542, -18.388986544 ], [ -40.049326593, -18.389042478 ], [ -40.049322064, -18.389050414 ], [ -40.049290319, -18.389105939 ], [ -40.049252826, -18.389168751 ], [ -40.04921286, -18.389240578 ], [ -40.049162187, -18.389325764 ] ] } },
{ "type": "Feature", "properties": { "Field": "002", "Length": 440.53369313624393 }, "geometry": { "type": "LineString", "coordinates": [ [ -40.05114197392674, -18.385822513116359 ], [ -40.051112992, -18.385868553 ], [ -40.051108227, -18.385876361 ], [ -40.05107136, -18.385939509 ], [ -40.051066821, -18.38594744 ], [ -40.051013542, -18.386043213 ], [ -40.051008967, -18.386051124 ], [ -40.050985157, -18.386090174 ], [ -40.05098051, -18.386098047 ], [ -40.050895284, -18.386249245 ], [ -40.050853712, -18.386320235 ], [ -40.05079508, -18.386423521 ], [ -40.050753428, -18.386494469 ], [ -40.050722356, -18.38655034 ], [ -40.050680009, -18.38663116 ], [ -40.050648831, -18.386686978 ], [ -40.050570807, -18.386821337 ], [ -40.050489315, -18.386964189 ], [ -40.05045677, -18.38701929 ], [ -40.050343747, -18.387217779 ], [ -40.050297688, -18.387296727 ], [ -40.050293231, -18.3873047 ], [ -40.05028052, -18.387328943 ], [ -40.050276387, -18.387337073 ], [ -40.050264427, -18.387361662 ], [ -40.050260261, -18.387369776 ], [ -40.050251364, -18.38738573 ], [ -40.050196502, -18.387480685 ], [ -40.050161091, -18.387544588 ], [ -40.050105871, -18.387639354 ], [ -40.050047543, -18.387742797 ], [ -40.049987403, -18.38784529 ], [ -40.049920241, -18.387964718999989 ], [ -40.049878486, -18.388035612 ], [ -40.049873967, -18.388043553 ], [ -40.04981309, -18.38815593 ], [ -40.049808645, -18.388163908 ], [ -40.049776676, -18.388219316 ], [ -40.049750288, -18.388267329 ], [ -40.049654222, -18.388433471 ], [ -40.049573136, -18.388576534 ], [ -40.049518202, -18.388671451 ], [ -40.049491624, -18.388719367 ], [ -40.049463717, -18.388766591 ], [ -40.049432493, -18.388822386 ], [ -40.049413976, -18.388853915 ], [ -40.049409478, -18.388861866 ], [ -40.049358097, -18.38895858 ], [ -40.049317545, -18.389030106 ], [ -40.049272033, -18.389109344 ], [ -40.049239422, -18.38916441 ], [ -40.049194716, -18.389244065 ], [ -40.049150311, -18.389319661 ] ] } },
{ "type": "Feature", "properties": { "Field": "002", "Length": 441.40651974318672 }, "geometry": { "type": "LineString", "coordinates": [ [ -40.051133151, -18.385809032 ], [ -40.051128922, -18.38581653 ], [ -40.051124241, -18.385824385 ], [ -40.051104857, -18.385855436 ], [ -40.051100126, -18.385863263 ], [ -40.051081654, -18.385894817 ], [ -40.051045392, -18.385958284 ], [ -40.05100551, -18.386030153 ], [ -40.051000896, -18.386038043 ], [ -40.050972259, -18.386084867 ], [ -40.05096764000001, -18.386092755 ], [ -40.050882414, -18.386243953 ], [ -40.050849841, -18.386299039 ], [ -40.050777639, -18.38642614 ], [ -40.050749877, -18.386473442 ], [ -40.050745421, -18.386481414 ], [ -40.050693715, -18.38657797 ], [ -40.05059967, -18.386745161 ], [ -40.050557769, -18.386815975 ], [ -40.050530878, -18.386863733 ], [ -40.050494081, -18.386926918 ], [ -40.050467362, -18.386974764 ], [ -40.050420975, -18.387053537 ], [ -40.050339884, -18.387196597 ], [ -40.050302874, -18.387259669 ], [ -40.050298418, -18.387267642 ], [ -40.050281209, -18.38729984 ], [ -40.050277073, -18.387307969 ], [ -40.050265096, -18.38733255 ], [ -40.05026091, -18.387340655 ], [ -40.050247736, -18.387364671 ], [ -40.050183622, -18.387475395 ], [ -40.050139334, -18.387555262 ], [ -40.050134777, -18.387563183 ], [ -40.050106748, -18.387610341 ], [ -40.050066428, -18.387681987 ], [ -40.050002392, -18.387792752 ], [ -40.049974444, -18.387839953 ], [ -40.049898105, -18.387975192 ], [ -40.049865699, -18.388030368 ], [ -40.049861282, -18.388038361 ], [ -40.04983172, -18.388094975 ], [ -40.049805315, -18.388142979 ], [ -40.049759401, -18.388222005 ], [ -40.049696621, -18.388333423 ], [ -40.049654918, -18.388404344 ], [ -40.049586942, -18.388523352 ], [ -40.049555849, -18.388579213 ], [ -40.049505298, -18.388666118 ], [ -40.0494831, -18.388706023 ], [ -40.049460009, -18.388745465 ], [ -40.049405824, -18.388840774 ], [ -40.049401485, -18.388848805 ], [ -40.049367976, -18.388913637 ], [ -40.049363512, -18.388921606 ], [ -40.049349524, -18.388945198999984 ], [ -40.049259145, -18.389104011 ], [ -40.049222087, -18.389167057 ], [ -40.049181545, -18.38923859 ], [ -40.049137521085058, -18.389313088856078 ] ] } },
{ "type": "Feature", "properties": { "Field": "002", "Length": 442.32978462212537 }, "geometry": { "type": "LineString", "coordinates": [ [ -40.051123729, -18.385794635 ], [ -40.05108223, -18.385865074 ], [ -40.050996628, -18.386016078 ], [ -40.050959387, -18.386079026 ], [ -40.05091466, -18.38615867 ], [ -40.050836516, -18.386292966 ], [ -40.050791691, -18.386372559 ], [ -40.050764117, -18.386419961 ], [ -40.050741886, -18.38645985 ], [ -40.050712337, -18.386516469 ], [ -40.05070792, -18.386524462 ], [ -40.050662533, -18.386603765 ], [ -40.050586742, -18.386739285 ], [ -40.050507965, -18.386873242999989 ], [ -40.050454088, -18.386968711 ], [ -40.050412289, -18.387039579 ], [ -40.050303479, -18.387229968 ], [ -40.050277168, -18.38727802 ], [ -40.05025223, -18.387326734 ], [ -40.050234829, -18.387358838 ], [ -40.050197876, -18.387421939 ], [ -40.050130424, -18.38754122 ], [ -40.050079549, -18.387627952 ], [ -40.05000308, -18.387763124 ], [ -40.049970397, -18.38781815 ], [ -40.049901912, -18.387936893 ], [ -40.049857412, -18.388016653 ], [ -40.049810403, -18.388105351 ], [ -40.049805931, -18.388113316 ], [ -40.04975083, -18.388208145 ], [ -40.049660266, -18.38836686 ], [ -40.049632426, -18.38841412 ], [ -40.049582646, -18.388501429 ], [ -40.049542684, -18.388573258 ], [ -40.049514937, -18.388620567 ], [ -40.049465525, -18.388708067 ], [ -40.049428919, -18.388771354 ], [ -40.04939793, -18.388827268 ], [ -40.049359372, -18.388899792 ], [ -40.049354888, -18.388907751 ], [ -40.049304222, -18.388994594 ], [ -40.049250571, -18.389090178 ], [ -40.049213236, -18.389153076 ], [ -40.049154315, -18.389256212 ], [ -40.049140407, -18.389279849 ], [ -40.049123791, -18.389306033 ] ] } },
{ "type": "Feature", "properties": { "Field": "002", "Length": 443.23258560334574 }, "geometry": { "type": "LineString", "coordinates": [ [ -40.051114614, -18.385780707 ], [ -40.051018926, -18.385946456 ], [ -40.050988018, -18.38600241 ], [ -40.050950898, -18.386065423 ], [ -40.050892227, -18.38616869 ], [ -40.050868898, -18.386208002 ], [ -40.050805349, -18.386319023 ], [ -40.05074683, -18.386422368 ], [ -40.05069541, -18.386519062 ], [ -40.050653996, -18.386590136 ], [ -40.050577876, -18.386725488 ], [ -40.050508112, -18.386843549 ], [ -40.050436186, -18.386970793 ], [ -40.050399241, -18.387033901 ], [ -40.050367867, -18.387089618 ], [ -40.050326528, -18.387160733 ], [ -40.050286603, -18.38723258 ], [ -40.050265574, -18.387273059 ], [ -40.050243418, -18.387312986 ], [ -40.050226427, -18.38734529 ], [ -40.050221888, -18.387353219 ], [ -40.050179972, -18.387424026 ], [ -40.050090056, -18.387583076 ], [ -40.050061885, -18.387630157 ], [ -40.049998986, -18.387741514 ], [ -40.049952579, -18.387820277 ], [ -40.04987547, -18.387955118 ], [ -40.049853294, -18.387995036 ], [ -40.049836922, -18.388027628 ], [ -40.049806474, -18.388083812 ], [ -40.049628539, -18.38839261 ], [ -40.049525024, -18.388575461 ], [ -40.049501615, -18.388614731 ], [ -40.049474375, -18.388662309 ], [ -40.049416298, -18.388765881 ], [ -40.049386138, -18.388822206 ], [ -40.049332849, -18.388917975 ], [ -40.049290995, -18.388988814 ], [ -40.049246469, -18.389068561 ], [ -40.049168082, -18.389202728 ], [ -40.049141087, -18.389250433 ], [ -40.04912703, -18.389273989 ], [ -40.049110630107492, -18.3892992698343 ] ] } },
{ "type": "Feature", "properties": { "Field": "002", "Length": 444.12657680878038 }, "geometry": { "type": "LineString", "coordinates": [ [ -40.051105726, -18.385767127 ], [ -40.051086445, -18.385799094 ], [ -40.051055114, -18.385854834 ], [ -40.051004711, -18.385941816 ], [ -40.050978099, -18.385989717 ], [ -40.050859342, -18.386195511 ], [ -40.050823729, -18.386259312 ], [ -40.050791077, -18.386314356 ], [ -40.050764473, -18.38636226 ], [ -40.050736843, -18.386409633 ], [ -40.050724065, -18.386433843 ], [ -40.050712228, -18.386458486 ], [ -40.050699277, -18.386482613 ], [ -40.050676948, -18.386522453 ], [ -40.050635563, -18.386593543 ], [ -40.050550438, -18.386744793 ], [ -40.050498668, -18.386831041 ], [ -40.05042670600001, -18.386958266 ], [ -40.050389531, -18.38702125 ], [ -40.050344715, -18.387100849 ], [ -40.050312346, -18.387156045 ], [ -40.050256482, -18.387260721 ], [ -40.050225417, -18.387316596 ], [ -40.050202731, -18.387356251 ], [ -40.050146532, -18.387450491 ], [ -40.050102174, -18.387530323 ], [ -40.050076232, -18.387578558 ], [ -40.05004304, -18.387633306 ], [ -40.050011094, -18.387688727 ], [ -40.049980023, -18.387744599 ], [ -40.049924357, -18.387839127 ], [ -40.049884285, -18.387910899 ], [ -40.049852318, -18.387966309 ], [ -40.049839455, -18.387990479 ], [ -40.04982335, -18.388023193 ], [ -40.049810324, -18.388047283 ], [ -40.049747024, -18.388158433 ], [ -40.04968274, -18.388269068 ], [ -40.049592525, -18.388427964 ], [ -40.049559642, -18.388482883 ], [ -40.049520046, -18.388554897 ], [ -40.049459954, -18.388657416 ], [ -40.049402048, -18.388761075 ], [ -40.049376679, -18.388809587 ], [ -40.049327524, -18.388897218 ], [ -40.04927656, -18.388983903 ], [ -40.049228048, -18.389071861 ], [ -40.049190774, -18.389134791 ], [ -40.049117746, -18.389261462 ], [ -40.049098037, -18.389292798 ] ] } },
{ "type": "Feature", "properties": { "Field": "002", "Length": 444.97064164383789 }, "geometry": { "type": "LineString", "coordinates": [ [ -40.051097085993909, -18.38575392401 ], [ -40.05106876, -18.385800463 ], [ -40.050960517, -18.385991146 ], [ -40.050910191, -18.386078169 ], [ -40.050883544, -18.386126052 ], [ -40.050837568, -18.386205044 ], [ -40.050810853, -18.386252893 ], [ -40.050778252, -18.386307965 ], [ -40.050728955, -18.386395523 ], [ -40.050681891, -18.386484194 ], [ -40.050617962, -18.386595015 ], [ -40.050555232, -18.386706459 ], [ -40.050458446, -18.386872219 ], [ -40.050413678, -18.386951842 ], [ -40.050385755, -18.386999057 ], [ -40.050340772, -18.38707857 ], [ -40.050304015, -18.387141777 ], [ -40.05028638, -18.387173764 ], [ -40.05026151, -18.387222511 ], [ -40.05019441, -18.387341972 ], [ -40.050129144, -18.387452081 ], [ -40.050062921, -18.387571987 ], [ -40.050016609, -18.387650801 ], [ -40.049935325, -18.387793761 ], [ -40.049902693, -18.387848816 ], [ -40.049839747, -18.387960149 ], [ -40.049806342, -18.38802503 ], [ -40.049778397, -18.388072234 ], [ -40.049742871, -18.38813608 ], [ -40.049660571, -18.388278509 ], [ -40.049611492, -18.388366179 ], [ -40.049597255, -18.388389637 ], [ -40.049574964, -18.388429496 ], [ -40.049546735, -18.388476545 ], [ -40.049507006, -18.388548491 ], [ -40.049447032, -18.388651074 ], [ -40.049402249, -18.388730689 ], [ -40.049372793, -18.388787353 ], [ -40.049349849, -18.388826873 ], [ -40.049319065, -18.38888289 ], [ -40.049263971, -18.388977723 ], [ -40.049219721, -18.38905761 ], [ -40.049123333, -18.389223582 ], [ -40.049085429, -18.389286319 ] ] } },
{ "type": "Feature", "properties": { "Field": "002", "Length": 445.85787620038946 }, "geometry": { "type": "LineString", "coordinates": [ [ -40.051088082890502, -18.385740167190544 ], [ -40.051024602, -18.385850633 ], [ -40.051006989, -18.385882631 ], [ -40.050970124, -18.385945781 ], [ -40.050930119, -18.386017587 ], [ -40.050883869, -18.386096434 ], [ -40.050857098, -18.386144254 ], [ -40.050820299, -18.386207438 ], [ -40.050798213, -18.386247401 ], [ -40.050734215, -18.386358186 ], [ -40.0507123, -18.386398235 ], [ -40.050695636, -18.386430693 ], [ -40.050636913, -18.386533932 ], [ -40.050610533, -18.38658195 ], [ -40.050506133, -18.386764341 ], [ -40.050468763, -18.38682722 ], [ -40.050401017, -18.386946348 ], [ -40.050359596, -18.387017419 ], [ -40.050278704, -18.387160581 ], [ -40.050249296, -18.387217268 ], [ -40.050221502, -18.387264552 ], [ -40.050158793, -18.387376008 ], [ -40.050112414, -18.387454786 ], [ -40.050050293, -18.38756654 ], [ -40.049985729, -18.387677025 ], [ -40.049931747, -18.387772439 ], [ -40.049872229, -18.387875264 ], [ -40.049827742, -18.38795503 ], [ -40.049802752, -18.38800372 ], [ -40.049753491, -18.388091297 ], [ -40.049716217, -18.388154228 ], [ -40.049657653, -18.38825755 ], [ -40.049634443, -18.388296928 ], [ -40.049590342, -18.38837689 ], [ -40.049575931, -18.38840025 ], [ -40.049562639, -18.388424207 ], [ -40.049530226, -18.38847938 ], [ -40.049512664, -18.388511404 ], [ -40.049476301, -18.388574818 ], [ -40.049425516, -18.388661599 ], [ -40.049399243, -18.38870967 ], [ -40.049365696, -18.388774484 ], [ -40.04933353900001, -18.388829793 ], [ -40.049302619, -18.388885741 ], [ -40.049242582, -18.38898829 ], [ -40.049211616, -18.389044215 ], [ -40.049152753, -18.389147382 ], [ -40.049115103, -18.389210109 ], [ -40.049092465, -18.389249789 ], [ -40.049073512, -18.389280195 ] ] } },
{ "type": "Feature", "properties": { "Field": "002", "Length": 446.7278506046776 }, "geometry": { "type": "LineString", "coordinates": [ [ -40.051079204, -18.385726601 ], [ -40.051070825, -18.385742216 ], [ -40.051052284, -18.385773733 ], [ -40.051012125, -18.385845461 ], [ -40.050966428, -18.385924601 ], [ -40.050912465, -18.386020025 ], [ -40.050857047, -18.386114685 ], [ -40.050730555, -18.38633704 ], [ -40.050726093, -18.38634501 ], [ -40.050696065, -18.386401399 ], [ -40.05062406, -18.386528602 ], [ -40.050597587, -18.386576573 ], [ -40.050555845, -18.386647472 ], [ -40.050488469, -18.386766792 ], [ -40.050451064, -18.386829651 ], [ -40.050406135, -18.386909191 ], [ -40.050373571, -18.386964283 ], [ -40.050292891, -18.387107554 ], [ -40.050270899, -18.387147565 ], [ -40.050245437, -18.387196031 ], [ -40.050199583, -18.387275088 ], [ -40.050150336, -18.387362672 ], [ -40.05009503, -18.387457393 ], [ -40.050037404, -18.387561194 ], [ -40.049972473, -18.387671483 ], [ -40.049868497, -18.387854096 ], [ -40.049832995, -18.387917953 ], [ -40.049812123, -18.387958506 ], [ -40.049772316, -18.388030413 ], [ -40.04966677, -18.388212203 ], [ -40.049621432, -18.388291531 ], [ -40.049581768, -18.38836351 ], [ -40.049544766, -18.388426587 ], [ -40.04946815, -18.388561684 ], [ -40.049421882, -18.388640521 ], [ -40.049395268, -18.388688421 ], [ -40.049378885, -18.388721009 ], [ -40.049353013, -18.388769277 ], [ -40.049311887, -18.388840504 ], [ -40.049271624, -18.38891218 ], [ -40.049216138, -18.389006805 ], [ -40.049126169, -18.389165828 ], [ -40.049084319, -18.38923667 ], [ -40.049061086206002, -18.389273809670687 ] ] } },
{ "type": "Feature", "properties": { "Field": "002", "Length": 447.58149753916302 }, "geometry": { "type": "LineString", "coordinates": [ [ -40.051070653, -18.385713535 ], [ -40.05106132, -18.385728671 ], [ -40.051056669, -18.385736542 ], [ -40.051007801, -18.385824319 ], [ -40.050911299, -18.385990229 ], [ -40.050906794, -18.385998177 ], [ -40.050880526, -18.38604625 ], [ -40.050876017, -18.386054196 ], [ -40.050847929, -18.386101322 ], [ -40.050784385, -18.386212345 ], [ -40.050735163, -18.386299941 ], [ -40.050682794, -18.38639617 ], [ -40.050542245, -18.386642088 ], [ -40.050497528, -18.386721737 ], [ -40.050460849, -18.386784985 ], [ -40.050427951, -18.386839895 ], [ -40.050423383, -18.38684781 ], [ -40.050397104, -18.386895878 ], [ -40.050392605, -18.386903829 ], [ -40.050364666, -18.386951035 ], [ -40.050328319, -18.387014458 ], [ -40.050314141, -18.387037947 ], [ -40.050309549, -18.38704585 ], [ -40.050292036, -18.387077898 ], [ -40.050254297, -18.387150814 ], [ -40.050250012, -18.387158872 ], [ -40.050236775, -18.387182857 ], [ -40.050232252, -18.387190795 ], [ -40.050199603, -18.387245841 ], [ -40.05013266800001, -18.387365386 ], [ -40.05007722, -18.38746003 ], [ -40.050018772, -18.387563412 ], [ -40.049958806, -18.387665998 ], [ -40.049909585, -18.387753594999985 ], [ -40.049863849, -18.387832714 ], [ -40.049846132, -18.38786466 ], [ -40.04984182, -18.387872706 ], [ -40.049829299, -18.387897038 ], [ -40.049790072, -18.387969235 ], [ -40.049758185, -18.388024686 ], [ -40.049725554, -18.388079741 ], [ -40.049449316, -18.388563815 ], [ -40.049421273, -18.388610965 ], [ -40.049416731, -18.388618894 ], [ -40.049395169, -18.388659116 ], [ -40.049374695, -18.388699854 ], [ -40.049370469, -18.38870794 ], [ -40.049357153, -18.388731885 ], [ -40.049320039, -18.388794902 ], [ -40.049315491, -18.388802827 ], [ -40.049288905, -18.388850741 ], [ -40.049261524, -18.388898245 ], [ -40.049219798, -18.388969153 ], [ -40.049166729, -18.389065032 ], [ -40.049125832, -18.38913638 ], [ -40.049088491, -18.389199274 ], [ -40.049083906, -18.38920718 ], [ -40.049066076, -18.389239069 ], [ -40.049061424, -18.389246939 ], [ -40.049048440049802, -18.389267310921866 ] ] } },
{ "type": "Feature", "properties": { "Field": "002", "Length": 448.40887771601109 }, "geometry": { "type": "LineString", "coordinates": [ [ -40.051062256, -18.385700704 ], [ -40.051047939, -18.385723527 ], [ -40.051043311, -18.38573141 ], [ -40.051003284, -18.385803205 ], [ -40.050897753, -18.385985002 ], [ -40.050862505, -18.386048987 ], [ -40.050857943, -18.386056905 ], [ -40.050834552, -18.386096185 ], [ -40.050788965, -18.386175384 ], [ -40.050740105, -18.386263164 ], [ -40.050710039, -18.386319535 ], [ -40.050683257, -18.386367349 ], [ -40.050591859, -18.386525628 ], [ -40.050484043, -18.386716531 ], [ -40.05045197, -18.386771884 ], [ -40.05041904, -18.386826777 ], [ -40.050414495, -18.386834704 ], [ -40.050379209, -18.386898671 ], [ -40.050374688, -18.38690661 ], [ -40.05030556, -18.387025013 ], [ -40.050301101, -18.387032984 ], [ -40.050279406, -18.387073142 ], [ -40.050241362, -18.387145913 ], [ -40.050223673, -18.387177873 ], [ -40.050219097, -18.387185783 ], [ -40.050176991, -18.387256487 ], [ -40.050172442, -18.387264412 ], [ -40.050114655, -18.387368132 ], [ -40.050110055, -18.38737603 ], [ -40.050081807, -18.387423068 ], [ -40.050049802, -18.387478457 ], [ -40.050005332, -18.387558232 ], [ -40.050000777, -18.387566154 ], [ -40.049945051, -18.38766065 ], [ -40.049914069, -18.387716566 ], [ -40.049863868, -18.387803655 ], [ -40.049859454, -18.387811649 ], [ -40.049807937, -18.387908297 ], [ -40.049803476, -18.387916268 ], [ -40.049766745, -18.387979488 ], [ -40.049749076, -18.388011457 ], [ -40.049702952, -18.388090372 ], [ -40.049643961, -18.388193472 ], [ -40.049617484, -18.388241441 ], [ -40.049612962, -18.38824938 ], [ -40.04957149, -18.388320424 ], [ -40.049508493, -18.388431731 ], [ -40.049417529, -18.388590237999988 ], [ -40.049404186, -18.388614169 ], [ -40.049399859, -18.388622207 ], [ -40.049361651, -18.3886949 ], [ -40.049357225, -18.388702888 ], [ -40.049320677, -18.388766206 ], [ -40.049306426, -18.388789655 ], [ -40.049301839, -18.38879756 ], [ -40.04927961100001, -18.388837451 ], [ -40.049215657, -18.388948259 ], [ -40.049130328, -18.389099405 ], [ -40.049074772, -18.389193992 ], [ -40.049070299, -18.389201956 ], [ -40.049057269, -18.389226044 ], [ -40.049052661, -18.389233938 ], [ -40.049035972141326, -18.389260903771646 ] ] } },
{ "type": "Feature", "properties": { "Field": "002", "Length": 449.20078303632641 }, "geometry": { "type": "LineString", "coordinates": [ [ -40.051054324735297, -18.385688584414456 ], [ -40.051034889, -18.385719016 ], [ -40.051030383, -18.385726963 ], [ -40.051004172, -18.385775064 ], [ -40.050999628, -18.385782992 ], [ -40.050903034, -18.385948854 ], [ -40.050844759, -18.386052324 ], [ -40.05082108, -18.386091446 ], [ -40.050775349, -18.386170568 ], [ -40.050744486, -18.386226545 ], [ -40.050710636, -18.386291215 ], [ -40.050670448, -18.386362928 ], [ -40.050592731, -18.38649745 ], [ -40.050561407, -18.386553193 ], [ -40.050524071, -18.38661609 ], [ -40.050475124, -18.386703827 ], [ -40.050401487, -18.386830176 ], [ -40.050374902, -18.38687809 ], [ -40.050347008, -18.38692532 ], [ -40.050297032, -18.387012528 ], [ -40.050250404, -18.387101408 ], [ -40.050210946, -18.38717349 ], [ -40.050182479, -18.387220408 ], [ -40.050154786, -18.387267747 ], [ -40.050105687, -18.387355407 ], [ -40.050031948, -18.387481702 ], [ -40.049987461, -18.387561468 ], [ -40.049936286, -18.387648039 ], [ -40.049846714, -18.387807267 ], [ -40.049830252, -18.387839818 ], [ -40.049799814, -18.387896007 ], [ -40.049748608, -18.38798256 ], [ -40.04968587, -18.388094001 ], [ -40.049635164, -18.388180822 ], [ -40.049604178, -18.388236737 ], [ -40.049590072, -18.388260266 ], [ -40.049558803, -18.388316038 ], [ -40.0495264, -18.388371215 ], [ -40.049476555, -18.388458491 ], [ -40.049450028, -18.388506434 ], [ -40.049431422, -18.388537916 ], [ -40.04938847, -18.388618446 ], [ -40.049335583, -18.388714417 ], [ -40.04928846, -18.388792791 ], [ -40.049239253, -18.388880396 ], [ -40.049193547, -18.388959532 ], [ -40.049112645, -18.38910269 ], [ -40.04902384313047, -18.389254670776701 ] ] } },
{ "type": "Feature", "properties": { "Field": "002", "Length": 450.04960798367341 }, "geometry": { "type": "LineString", "coordinates": [ [ -40.051045674831123, -18.38567536727394 ], [ -40.051016901, -18.385722042 ], [ -40.050990664, -18.385770131 ], [ -40.050871535, -18.385975728 ], [ -40.05083144, -18.386047489 ], [ -40.050812377, -18.386078721 ], [ -40.050753223, -18.386181736 ], [ -40.050714936, -18.386254391 ], [ -40.050687767, -18.386302006 ], [ -40.050652685, -18.386366074 ], [ -40.05058855, -18.386476787 ], [ -40.050548257, -18.386548447 ], [ -40.050510691, -18.386611219 ], [ -40.050430108, -18.38675454 ], [ -40.050392771, -18.386817436 ], [ -40.050365989, -18.38686525 ], [ -40.050292783, -18.386991828 ], [ -40.050267863, -18.387040551 ], [ -40.050206362, -18.387152618 ], [ -40.050164201, -18.387223291 ], [ -40.050101409, -18.387334703 ], [ -40.050023132, -18.387468929 ], [ -40.049969787, -18.387564669 ], [ -40.049909411, -18.387667036 ], [ -40.049860032, -18.387754552 ], [ -40.049808776, -18.387851327 ], [ -40.049786451, -18.387891168 ], [ -40.049717072, -18.388009437 ], [ -40.049663541, -18.388105082 ], [ -40.049617469, -18.388184025 ], [ -40.049550014, -18.388303304 ], [ -40.049463085, -18.388453616 ], [ -40.049413739, -18.388541149 ], [ -40.049375501, -18.388613828 ], [ -40.049349134, -18.388661853 ], [ -40.04932208, -18.388709527 ], [ -40.04929381, -18.388756554 ], [ -40.049257255, -18.388819868 ], [ -40.049212696, -18.388899598 ], [ -40.049184746, -18.388946799 ], [ -40.049134758, -18.389034 ], [ -40.049099129, -18.389097794 ], [ -40.049012056235995, -18.389248613591249 ] ] } },
{ "type": "Feature", "properties": { "Field": "002", "Length": 450.93285491702022 }, "geometry": { "type": "LineString", "coordinates": [ [ -40.051036815722178, -18.385661830463796 ], [ -40.051004189, -18.385716298 ], [ -40.050946573, -18.385820104 ], [ -40.050904364, -18.385890751 ], [ -40.050836093, -18.386009606 ], [ -40.050813912, -18.386049521 ], [ -40.05079038, -18.386088724 ], [ -40.050754057, -18.38615216 ], [ -40.050702856, -18.38624896 ], [ -40.050670462, -18.386304143 ], [ -40.050649184, -18.386344504 ], [ -40.050562412, -18.386494898 ], [ -40.050526913, -18.386558757 ], [ -40.050470892, -18.386653093 ], [ -40.050408373, -18.386764645 ], [ -40.050307433, -18.38693854 ], [ -40.05027664, -18.386994552 ], [ -40.050260056, -18.387027048 ], [ -40.050215163, -18.387106607 ], [ -40.050189085, -18.387154774 ], [ -40.050110652, -18.387288917 ], [ -40.050088774, -18.387328982999989 ], [ -40.049983143, -18.387510728 ], [ -40.049952402, -18.387566766 ], [ -40.04989708, -18.387661478 ], [ -40.049856394, -18.387732935 ], [ -40.049809674, -18.387821772 ], [ -40.049786745, -18.3878613 ], [ -40.049742874, -18.387941377 ], [ -40.049714234, -18.3879882 ], [ -40.049686573, -18.388035556 ], [ -40.049632358, -18.388130849 ], [ -40.049614882, -18.388162916 ], [ -40.049555326, -18.38826572 ], [ -40.049533495, -18.38830581 ], [ -40.049487053, -18.388384555 ], [ -40.049451118, -18.388448191 ], [ -40.049423342, -18.388495486 ], [ -40.049396855, -18.38854345 ], [ -40.049371973, -18.38859219 ], [ -40.049341159, -18.388648192 ], [ -40.049240085, -18.388822016 ], [ -40.049209435, -18.3888781 ], [ -40.049167559, -18.388948928 ], [ -40.049122245, -18.389028269 ], [ -40.049077813, -18.389108064 ], [ -40.048999345, -18.389242081 ] ] } },
{ "type": "Feature", "properties": { "Field": "002", "Length": 451.77106973721033 }, "geometry": { "type": "LineString", "coordinates": [ [ -40.051028084765179, -18.38564873638904 ], [ -40.050999994, -18.385695276 ], [ -40.050942, -18.38579889 ], [ -40.050845146, -18.385964613 ], [ -40.050817945, -18.386012211 ], [ -40.050796045, -18.386052267 ], [ -40.050772677, -18.38609156 ], [ -40.050736818, -18.386155235 ], [ -40.050694315, -18.386235981 ], [ -40.050657804, -18.386299317 ], [ -40.050640941, -18.386331682 ], [ -40.050567118, -18.386457931 ], [ -40.05052255, -18.386537657 ], [ -40.050489952, -18.38659273 ], [ -40.050394727, -18.386759311 ], [ -40.050312149, -18.386901593 ], [ -40.050247211, -18.387022139 ], [ -40.050210874, -18.387085567 ], [ -40.050171296, -18.387157589 ], [ -40.050097453, -18.387283828 ], [ -40.050035011, -18.387395419 ], [ -40.049969937, -18.387505631 ], [ -40.04993449, -18.387569517 ], [ -40.049888504, -18.387648505 ], [ -40.049843369, -18.387727939 ], [ -40.049838916, -18.387735913 ], [ -40.049805322, -18.387800704 ], [ -40.049777782, -18.387848124 ], [ -40.049734195, -18.387928342 ], [ -40.049700874, -18.387983019 ], [ -40.049673102, -18.388030316 ], [ -40.049627902, -18.388109717 ], [ -40.049597012, -18.38816568 ], [ -40.049564426, -18.38822076 ], [ -40.04953364, -18.388276775 ], [ -40.049464495, -18.388395169 ], [ -40.049414564, -18.3884824 ], [ -40.049392701, -18.388522474 ], [ -40.04936335, -18.388579188 ], [ -40.049327754, -18.388642998 ], [ -40.049240414, -18.388793092 ], [ -40.049186914, -18.388888753 ], [ -40.049163393, -18.388927963 ], [ -40.049113078, -18.389014992 ], [ -40.049108552, -18.38902293 ], [ -40.049082618, -18.389071168 ], [ -40.049055342, -18.389118727 ], [ -40.049018509, -18.389181894 ], [ -40.04899919, -18.389212982 ], [ -40.048986300144307, -18.389235377749266 ] ] } },
{ "type": "Feature", "properties": { "Field": "002", "Length": 452.60712993929093 }, "geometry": { "type": "LineString", "coordinates": [ [ -40.051019063, -18.385635405 ], [ -40.050986198, -18.385689747 ], [ -40.050895926, -18.385848614 ], [ -40.050817864, -18.385982953 ], [ -40.050782387, -18.386046823 ], [ -40.050740806, -18.386117808 ], [ -40.050718906, -18.386157864 ], [ -40.050698336, -18.386198557 ], [ -40.05067658, -18.386238684 ], [ -40.050653606, -18.386278188 ], [ -40.050617883, -18.386341932 ], [ -40.050562268, -18.386436487 ], [ -40.05050418, -18.386540053 ], [ -40.05049962, -18.386547973 ], [ -40.050476107, -18.386587186 ], [ -40.050444955, -18.386643016 ], [ -40.050394106, -18.386729762 ], [ -40.050371701, -18.386769562 ], [ -40.050325763, -18.386848575 ], [ -40.05029459, -18.386904395 ], [ -40.05025581, -18.386976811 ], [ -40.050179086, -18.387111852 ], [ -40.050148283, -18.387167857 ], [ -40.050115556, -18.387222861 ], [ -40.050070564, -18.387302369 ], [ -40.050042858, -18.3873497 ], [ -40.050002865, -18.387421513 ], [ -40.049952225, -18.38750837 ], [ -40.049920729, -18.387564024 ], [ -40.049883588, -18.387627025 ], [ -40.049839138, -18.387706811 ], [ -40.049834769, -18.387714828 ], [ -40.049809291, -18.387763287 ], [ -40.04978252, -18.387811106 ], [ -40.049759478, -18.387850573 ], [ -40.049728534, -18.387906509 ], [ -40.049668655, -18.388009142 ], [ -40.049583177, -18.38816021 ], [ -40.049427676, -18.38842922 ], [ -40.049423168, -18.388437166 ], [ -40.049388086, -18.388501235 ], [ -40.049349706, -18.388573845 ], [ -40.049322983, -18.38862169 ], [ -40.049295324, -18.388669046 ], [ -40.049272979, -18.388708878 ], [ -40.049226599, -18.388787655 ], [ -40.049177516, -18.388875324 ], [ -40.049172957, -18.388883243 ], [ -40.049149347, -18.388922404 ], [ -40.04910798, -18.388993504 ], [ -40.049103439, -18.389001433 ], [ -40.049050159, -18.389097206 ], [ -40.04904566, -18.389105157 ], [ -40.049004246, -18.389176232 ], [ -40.048991099, -18.38920026 ], [ -40.048973490131083, -18.389228794787588 ] ] } },
{ "type": "Feature", "properties": { "Field": "002", "Length": 453.42417868244672 }, "geometry": { "type": "LineString", "coordinates": [ [ -40.051010298992217, -18.385622453012541 ], [ -40.050986448, -18.385660895 ], [ -40.05098182, -18.385668778 ], [ -40.050959632, -18.385708689 ], [ -40.050918282, -18.385779797 ], [ -40.050882499, -18.385843511 ], [ -40.050808938, -18.3859699 ], [ -40.050773497, -18.386033788 ], [ -40.050768943, -18.386041711 ], [ -40.050740857, -18.386088838 ], [ -40.050736298, -18.386096757 ], [ -40.050727412, -18.386112716 ], [ -40.050723115, -18.386120769 ], [ -40.050698173, -18.386169481 ], [ -40.050693869, -18.38617753 ], [ -40.050631614, -18.386289216 ], [ -40.050572468, -18.386392235 ], [ -40.050535256, -18.386455198 ], [ -40.050485874, -18.386542713 ], [ -40.050453592, -18.386597955 ], [ -40.050431392, -18.38663786 ], [ -40.050330259, -18.386811651 ], [ -40.050294492, -18.386875374 ], [ -40.050290126, -18.386883392 ], [ -40.050251725, -18.386955993 ], [ -40.050247315, -18.386963989 ], [ -40.050165508, -18.387106676 ], [ -40.050130008, -18.387170534 ], [ -40.050079297, -18.387257354 ], [ -40.050011834, -18.387376628 ], [ -40.049861125, -18.38763784 ], [ -40.049856677, -18.387645817 ], [ -40.049800337, -18.38775026 ], [ -40.049795894, -18.38775824 ], [ -40.04965954, -18.387996048 ], [ -40.049623857, -18.388059813 ], [ -40.049528557, -18.388226357 ], [ -40.049432278, -18.388392386 ], [ -40.049396671, -18.38845619 ], [ -40.049392347, -18.388464229 ], [ -40.049371332, -18.388504715 ], [ -40.049366992, -18.388512746 ], [ -40.049317822, -18.38860037 ], [ -40.049259162, -18.388703643 ], [ -40.049217404, -18.388774533 ], [ -40.049163849, -18.388870166 ], [ -40.049159287, -18.388878084 ], [ -40.049098765, -18.388980373 ], [ -40.049094221, -18.3889883 ], [ -40.049040967, -18.389084086 ], [ -40.048990842, -18.389171215 ], [ -40.048986417, -18.389179204 ], [ -40.048962882, -18.389223343 ] ] } },
{ "type": "Feature", "properties": { "Field": "002", "Length": 454.25961157239146 }, "geometry": { "type": "LineString", "coordinates": [ [ -40.051001554888153, -18.385609531187548 ], [ -40.050964352, -18.385671915 ], [ -40.050946601, -18.385703842 ], [ -40.050905281, -18.385774966 ], [ -40.050878888, -18.385822977 ], [ -40.050855423, -18.385862215 ], [ -40.050786976, -18.385980978 ], [ -40.05076093, -18.386029161 ], [ -40.050733625, -18.386076704 ], [ -40.050703774, -18.386133178 ], [ -40.050699351, -18.386141168 ], [ -40.050586844, -18.386339924 ], [ -40.050535739, -18.386426531 ], [ -40.050404505, -18.386656712 ], [ -40.050362612, -18.38672753 ], [ -40.050349455, -18.386751555 ], [ -40.050344947, -18.386759501 ], [ -40.050299169, -18.386838599 ], [ -40.05029484, -18.386846636 ], [ -40.050248471, -18.38693564 ], [ -40.050243919, -18.386943563 ], [ -40.050229819, -18.386967096 ], [ -40.050193702, -18.387030638 ], [ -40.050161321, -18.387085828 ], [ -40.050121246, -18.387157599 ], [ -40.050097941, -18.387196926 ], [ -40.050061587, -18.387260345 ], [ -40.050044163, -18.387292437 ], [ -40.05003964, -18.387300376 ], [ -40.049970572, -18.38741881 ], [ -40.049866158, -18.387601194 ], [ -40.049844147, -18.387641195 ], [ -40.049840033, -18.387649333 ], [ -40.04982408, -18.387682116 ], [ -40.049811032, -18.387706194 ], [ -40.049773773, -18.387769133 ], [ -40.049732648, -18.38784036 ], [ -40.049692801, -18.387912247 ], [ -40.049637314, -18.38800687 ], [ -40.049565591, -18.388134219 ], [ -40.049528596, -18.3881973 ], [ -40.049524085, -18.388205244 ], [ -40.049483971, -18.388276996 ], [ -40.049423873, -18.388379512 ], [ -40.049410474, -18.388403414 ], [ -40.049385494, -18.388452108999989 ], [ -40.049368148, -18.38848424 ], [ -40.049331642, -18.388547579 ], [ -40.049237233, -18.388714584 ], [ -40.049195393, -18.388785432 ], [ -40.049164543, -18.388841415 ], [ -40.04916, -18.388849343 ], [ -40.049067799, -18.389007198 ], [ -40.049019004, -18.389095012 ], [ -40.048987322, -18.38915057 ], [ -40.048966191, -18.389191001 ], [ -40.048951225037669, -18.389217352933688 ] ] } },
{ "type": "Feature", "properties": { "Field": "002", "Length": 455.0712265769788 }, "geometry": { "type": "LineString", "coordinates": [ [ -40.050992848, -18.385596665 ], [ -40.050955388, -18.385659987 ], [ -40.050891732, -18.385770951 ], [ -40.050865221, -18.385818903 ], [ -40.050841702, -18.385858113 ], [ -40.050805948, -18.385921842 ], [ -40.050778019, -18.385969054 ], [ -40.05069568, -18.386121703 ], [ -40.050663051, -18.386176759 ], [ -40.050568653, -18.386343769999986 ], [ -40.050521964, -18.386422381 ], [ -40.050463472, -18.38652574 ], [ -40.050412662, -18.386612506 ], [ -40.05038136, -18.386668261 ], [ -40.050339919, -18.386739321000011 ], [ -40.05029091, -18.386827027 ], [ -40.05026588, -18.386875698 ], [ -40.050230782, -18.386939759 ], [ -40.05014769, -18.387081768 ], [ -40.050126161, -18.387122008 ], [ -40.050079517, -18.387200643 ], [ -40.049985085, -18.387367636 ], [ -40.049947801, -18.387430561 ], [ -40.049862054, -18.387581491 ], [ -40.049806442, -18.387686288 ], [ -40.049774671, -18.3877418 ], [ -40.049760251, -18.387765156 ], [ -40.049728066, -18.38782045 ], [ -40.049683547, -18.3879002 ], [ -40.04962807, -18.38799483 ], [ -40.049547271, -18.38813804 ], [ -40.049528489, -18.388169426 ], [ -40.049488241, -18.388241109 ], [ -40.049446862, -18.388312203 ], [ -40.049410847, -18.388375798 ], [ -40.049372394, -18.388448374 ], [ -40.049350196, -18.38848828 ], [ -40.04931796, -18.388543548 ], [ -40.049210171, -18.388734466 ], [ -40.049177705, -18.388789611 ], [ -40.049123334, -18.388884823 ], [ -40.049049443, -18.389011037 ], [ -40.049018746, -18.389067097 ], [ -40.04898697, -18.389122607 ], [ -40.048952555, -18.389187005 ], [ -40.048938682, -18.389210907 ] ] } },
{ "type": "Feature", "properties": { "Field": "002", "Length": 455.88737544461509 }, "geometry": { "type": "LineString", "coordinates": [ [ -40.050984157, -18.385583822 ], [ -40.050969977, -18.385606725 ], [ -40.050928407, -18.385677717 ], [ -40.050878257, -18.385764833 ], [ -40.050851953, -18.385812888 ], [ -40.0508193, -18.385867932 ], [ -40.050764757, -18.385963054 ], [ -40.050742564, -18.386002963 ], [ -40.050713116, -18.38605963 ], [ -40.050686393, -18.386107474 ], [ -40.050653857, -18.386162581 ], [ -40.050613699, -18.386234309 ], [ -40.050595249, -18.386265875 ], [ -40.050568814, -18.386313865 ], [ -40.050508676, -18.386416359 ], [ -40.05049094, -18.386448295 ], [ -40.050418154, -18.386575093 ], [ -40.050390298, -18.386622344 ], [ -40.050363686, -18.386670244 ], [ -40.050308981, -18.386765282 ], [ -40.050291364, -18.386797278 ], [ -40.050257553, -18.386861967 ], [ -40.05022223400001, -18.386925917 ], [ -40.050171375, -18.387012658 ], [ -40.050130492, -18.387084012 ], [ -40.050112978, -18.38711606 ], [ -40.050056875, -18.387210352 ], [ -40.050008191, -18.387298222 ], [ -40.049907089, -18.387472032 ], [ -40.049844891, -18.387583747 ], [ -40.049793041, -18.387680232 ], [ -40.049710426, -18.387822496 ], [ -40.049670219, -18.387894199 ], [ -40.049619275, -18.387980894 ], [ -40.049597091, -18.388020808 ], [ -40.049587565, -18.388036427 ], [ -40.04953409, -18.388132101 ], [ -40.049411509, -18.3883462 ], [ -40.049386219, -18.388394749 ], [ -40.049359781, -18.388442738 ], [ -40.049273146, -18.388593205 ], [ -40.049219537, -18.38868881 ], [ -40.04915929, -18.388791247 ], [ -40.049105836, -18.388886931 ], [ -40.049073019, -18.388941886 ], [ -40.049041088, -18.388997314 ], [ -40.048960288, -18.389140525 ], [ -40.04893488, -18.389189017 ], [ -40.048925685, -18.389204228 ] ] } },
{ "type": "Feature", "properties": { "Field": "002", "Length": 456.69093976888098 }, "geometry": { "type": "LineString", "coordinates": [ [ -40.050975613, -18.385571195 ], [ -40.050951842, -18.385609680999988 ], [ -40.05091945, -18.385664865 ], [ -40.050855673, -18.385775766 ], [ -40.050824592, -18.385831633 ], [ -40.050755836, -18.385950232 ], [ -40.050729411, -18.385998226 ], [ -40.050704421, -18.386046916 ], [ -40.050677555, -18.386094687 ], [ -40.050581859, -18.386261022 ], [ -40.050532788, -18.386348696 ], [ -40.050431789, -18.38652256 ], [ -40.050427246, -18.386530488 ], [ -40.050400698, -18.38657842 ], [ -40.050372387, -18.386625424 ], [ -40.050313655, -18.386728659 ], [ -40.050291377, -18.386768524 ], [ -40.05026649, -18.386817262 ], [ -40.050208681, -18.38692097 ], [ -40.05014844, -18.38702341 ], [ -40.05011678, -18.387078979 ], [ -40.050099256, -18.387111022 ], [ -40.050052892, -18.387189808 ], [ -40.049953641, -18.387364586 ], [ -40.049898008, -18.387459132 ], [ -40.049849116, -18.387546897 ], [ -40.049844748, -18.387554914 ], [ -40.04982391, -18.387595483 ], [ -40.049775267, -18.387683375 ], [ -40.049701805, -18.387809816 ], [ -40.049679568, -18.387849703 ], [ -40.049615946, -18.387960685 ], [ -40.049611346, -18.387968583 ], [ -40.049597154, -18.387992065 ], [ -40.049516016, -18.388135101 ], [ -40.049461212, -18.388230087 ], [ -40.049407529, -18.388325654 ], [ -40.049369328, -18.38839835 ], [ -40.049268706, -18.388572413 ], [ -40.049206458, -18.388684103 ], [ -40.049150307, -18.388778369 ], [ -40.049092666, -18.388882163 ], [ -40.049041231, -18.388968594 ], [ -40.048969324, -18.389095848 ], [ -40.048964879, -18.389103827 ], [ -40.048926033, -18.389176211 ], [ -40.04891345016356, -18.389197940717548 ] ] } },
{ "type": "Feature", "properties": { "Field": "002", "Length": 457.5891064737724 }, "geometry": { "type": "LineString", "coordinates": [ [ -40.050966082, -18.385557111 ], [ -40.050942599, -18.385595756 ], [ -40.050937975, -18.385603641 ], [ -40.050924754, -18.385627634 ], [ -40.050846988, -18.385762129 ], [ -40.050816061, -18.385818073 ], [ -40.050769378, -18.385896687 ], [ -40.050733798, -18.385960505 ], [ -40.050691172, -18.386041192 ], [ -40.05068679, -18.386049202 ], [ -40.050663821, -18.386088709 ], [ -40.050614568, -18.386176289 ], [ -40.050572956, -18.386247258 ], [ -40.050523535, -18.386334753 ], [ -40.050495843, -18.386382091 ], [ -40.050446647, -18.386469702 ], [ -40.050418856, -18.386516988 ], [ -40.05038734, -18.386572632 ], [ -40.050345599, -18.386643532 ], [ -40.050287311, -18.386746996 ], [ -40.050253084, -18.386811484 ], [ -40.050176715, -18.386946708 ], [ -40.050112374, -18.387057311 ], [ -40.05010785, -18.38706525 ], [ -40.05007706, -18.387121263 ], [ -40.049998754, -18.387255473 ], [ -40.049953951, -18.387335077 ], [ -40.04987983, -18.387461168 ], [ -40.049840094, -18.387533111 ], [ -40.049835822, -18.387541175 ], [ -40.0498197, -18.387573881 ], [ -40.049811113, -18.387589989 ], [ -40.049806732, -18.387598 ], [ -40.049774915, -18.387653488 ], [ -40.049757286, -18.387685477 ], [ -40.049710939, -18.387764273 ], [ -40.04962523, -18.387915222 ], [ -40.04957888, -18.387994015 ], [ -40.049574352, -18.388001951 ], [ -40.049556983, -18.388034071 ], [ -40.049493833, -18.388145299 ], [ -40.049442842, -18.388231968 ], [ -40.049398211, -18.388311661 ], [ -40.049393884, -18.388319699 ], [ -40.049377526, -18.388352299 ], [ -40.049356034, -18.388392556 ], [ -40.04935162400001, -18.388400552 ], [ -40.049300869, -18.388487348 ], [ -40.049201707, -18.388662173 ], [ -40.049146065, -18.388756714 ], [ -40.049105297, -18.388828128 ], [ -40.049083402, -18.388868186 ], [ -40.049027601, -18.388962641 ], [ -40.048960556, -18.389082131 ], [ -40.048956153, -18.38909013 ], [ -40.048926186, -18.38914655 ], [ -40.048921769, -18.389154542 ], [ -40.04890009319486, -18.389191076671558 ] ] } },
{ "type": "Feature", "properties": { "Field": "002", "Length": 458.4276730542951 }, "geometry": { "type": "LineString", "coordinates": [ [ -40.0509570879805, -18.385543819031462 ], [ -40.050938081, -18.385574497 ], [ -40.050933446, -18.385582376 ], [ -40.050906591, -18.385630153 ], [ -40.050847183, -18.385733034 ], [ -40.050806995, -18.385804747 ], [ -40.050802403, -18.385812649 ], [ -40.050778851, -18.385851841 ], [ -40.050756082, -18.385891453 ], [ -40.050725071, -18.385947355 ], [ -40.050720779, -18.385955409 ], [ -40.050704084, -18.385987854 ], [ -40.050682309, -18.386027971 ], [ -40.050654919, -18.386075469 ], [ -40.050623816, -18.386131325 ], [ -40.050496208, -18.386353098 ], [ -40.050437916, -18.38645656 ], [ -40.050318973, -18.386662256 ], [ -40.050283281, -18.386726017 ], [ -40.050239704, -18.386806239 ], [ -40.050158981, -18.386949488 ], [ -40.050089866, -18.387067898 ], [ -40.05008539, -18.38707586 ], [ -40.050067978, -18.387107959 ], [ -40.050063485, -18.387115912 ], [ -40.05001274, -18.387202714 ], [ -40.049936231, -18.387337865 ], [ -40.049862374, -18.387464096 ], [ -40.04984007, -18.387503949 ], [ -40.049835784, -18.387512006 ], [ -40.049806892, -18.387568934 ], [ -40.049802549, -18.387576964 ], [ -40.04972997, -18.38770387 ], [ -40.049688505, -18.387774917 ], [ -40.049612209, -18.387910179 ], [ -40.049556577, -18.388004724 ], [ -40.049484934, -18.388132114 ], [ -40.049438623, -18.388210928 ], [ -40.049397638, -18.388282229 ], [ -40.049393336, -18.388290279 ], [ -40.049372975, -18.388331068 ], [ -40.049368749, -18.388339155 ], [ -40.049346934, -18.388379253 ], [ -40.049342461, -18.388387217 ], [ -40.049260172, -18.388529653 ], [ -40.049192731, -18.38864893900001 ], [ -40.049141935, -18.388735713 ], [ -40.049051566, -18.38889453 ], [ -40.04898268, -18.389013061 ], [ -40.04896049, -18.389052971 ], [ -40.048904508, -18.389157589999989 ], [ -40.04890003, -18.389165551 ], [ -40.048888525062374, -18.389185131893846 ] ] } },
{ "type": "Feature", "properties": { "Field": "002", "Length": 459.2094385426542 }, "geometry": { "type": "LineString", "coordinates": [ [ -40.048876687, -18.389179048 ], [ -40.048898415, -18.389138749 ], [ -40.04893899, -18.389067234 ], [ -40.048973685, -18.389002973 ], [ -40.048991664, -18.38897116 ], [ -40.049137968, -18.388717948 ], [ -40.049241511, -18.388535112 ], [ -40.04927408, -18.388480023 ], [ -40.049359673, -18.388329013 ], [ -40.049380526, -18.388288451 ], [ -40.049424889, -18.388208622 ], [ -40.049448291, -18.388169347 ], [ -40.049501723, -18.388073651 ], [ -40.049629592, -18.387852014 ], [ -40.049669737, -18.387780279 ], [ -40.049688676, -18.387748978 ], [ -40.049751313, -18.387637486 ], [ -40.049802302, -18.387550815 ], [ -40.049819562, -18.387518641999989 ], [ -40.04982680900001, -18.387501945 ], [ -40.049831061, -18.387493871 ], [ -40.049853076, -18.387453873 ], [ -40.049926985, -18.387327669 ], [ -40.049966512, -18.387255621 ], [ -40.050049441, -18.387113525 ], [ -40.05010758, -18.387009984 ], [ -40.050167001, -18.38690711 ], [ -40.050202515, -18.386843259 ], [ -40.050244072, -18.38677226 ], [ -40.050300163, -18.386667695 ], [ -40.050304658, -18.386659742 ], [ -40.050413734, -18.386469492 ], [ -40.050455595, -18.386398656 ], [ -40.050527019, -18.386271155 ], [ -40.050564196, -18.386208172 ], [ -40.050614066, -18.386120911 ], [ -40.050686034, -18.385993688 ], [ -40.05071971, -18.385928936 ], [ -40.050746534, -18.385881143 ], [ -40.050783639, -18.385818122 ], [ -40.050837391, -18.385722591 ], [ -40.050888113, -18.385635777 ], [ -40.050923953, -18.385572092 ], [ -40.050948818897467, -18.385531599166956 ] ] } },
{ "type": "Feature", "properties": { "Field": "002", "Length": 460.00660504036097 }, "geometry": { "type": "LineString", "coordinates": [ [ -40.050940353, -18.385519089 ], [ -40.050916505, -18.385557729 ], [ -40.050825135, -18.385716022 ], [ -40.050794321, -18.385772023 ], [ -40.050743978, -18.385859038 ], [ -40.05068363, -18.385971674 ], [ -40.050533061, -18.386232959 ], [ -40.05052447, -18.386249064 ], [ -40.050505799, -18.386280511 ], [ -40.050461334, -18.386360289 ], [ -40.050424178, -18.386423283 ], [ -40.050370116, -18.386518655 ], [ -40.05031942, -18.386605482 ], [ -40.050292711, -18.386653334 ], [ -40.050263467, -18.386710097 ], [ -40.050241626, -18.386750183 ], [ -40.050195096, -18.38682888 ], [ -40.050159612, -18.386892746 ], [ -40.050086034, -18.387019127 ], [ -40.050042039, -18.387099141 ], [ -40.049986165, -18.387193557 ], [ -40.049940712, -18.387272825 ], [ -40.049914436, -18.387320895 ], [ -40.049863426, -18.387407555 ], [ -40.049837322, -18.387455709 ], [ -40.049808326, -18.387512589 ], [ -40.049757241, -18.387599208 ], [ -40.049681306, -18.387734655 ], [ -40.049489337, -18.388067024 ], [ -40.049440425, -18.388154779 ], [ -40.049417064, -18.388194075 ], [ -40.049370245, -18.388282866 ], [ -40.049352385, -18.388314739 ], [ -40.049319936, -18.388369892 ], [ -40.049252924, -18.388489399 ], [ -40.049224781, -18.388536495 ], [ -40.049167023, -18.38864023 ], [ -40.048979612, -18.388964679 ], [ -40.048948612, -18.389020587 ], [ -40.048927409, -18.389060984 ], [ -40.048864124, -18.389172592 ] ] } },
{ "type": "Feature", "properties": { "Field": "002", "Length": 460.89689856154081 }, "geometry": { "type": "LineString", "coordinates": [ [ -40.050930926, -18.385505158 ], [ -40.050907087, -18.385543606 ], [ -40.050857656, -18.385631096 ], [ -40.050802232, -18.385725753 ], [ -40.050744323, -18.38582941 ], [ -40.050679671, -18.385950094999988 ], [ -40.05060094000001, -18.386084078 ], [ -40.050574389, -18.386132009 ], [ -40.050528126, -18.38621085 ], [ -40.050506407, -18.386250995 ], [ -40.050455963, -18.386337956 ], [ -40.050424666, -18.386393713 ], [ -40.050373634, -18.386480361 ], [ -40.050351973, -18.386520535 ], [ -40.050305496, -18.38659926 ], [ -40.050287951, -18.386631293 ], [ -40.050250237, -18.386704221 ], [ -40.050223691, -18.386752155 ], [ -40.050172558, -18.386838748 ], [ -40.050132351, -18.386910452 ], [ -40.050063257, -18.387028872 ], [ -40.049996043, -18.387148275 ], [ -40.049963436, -18.387203343 ], [ -40.049918552, -18.387282907 ], [ -40.049877302, -18.387354069 ], [ -40.049855027, -18.387393936 ], [ -40.049825613, -18.38745062 ], [ -40.049803721, -18.387490679 ], [ -40.049752937, -18.38757746 ], [ -40.04966751, -18.387728555 ], [ -40.049620763, -18.387807135 ], [ -40.049553732, -18.387926631 ], [ -40.049475602, -18.388060935 ], [ -40.049453841, -18.38810106 ], [ -40.049404145, -18.388188413 ], [ -40.049365939, -18.388261108 ], [ -40.049343778, -18.388301033 ], [ -40.049261114, -18.38844327 ], [ -40.049234502, -18.38849117 ], [ -40.049215303, -18.388522326 ], [ -40.049144029, -18.388649905 ], [ -40.049079382, -18.388760346 ], [ -40.049048026, -18.388816073 ], [ -40.049024774, -18.388855428 ], [ -40.048998353, -18.388903425 ], [ -40.048961603, -18.388966636 ], [ -40.048914133, -18.38905511 ], [ -40.048849755, -18.389165208 ] ] } },
{ "type": "Feature", "properties": { "Field": "002", "Length": 461.73496370084467 }, "geometry": { "type": "LineString", "coordinates": [ [ -40.050921976, -18.385491932 ], [ -40.050917658, -18.385499393 ], [ -40.050902776, -18.385522482 ], [ -40.050897952, -18.385530257 ], [ -40.050849005, -18.385617994 ], [ -40.050784308, -18.385728408 ], [ -40.050740062, -18.385808297 ], [ -40.050714606, -18.385856766 ], [ -40.050670643, -18.385936797 ], [ -40.05058302, -18.38608674 ], [ -40.050551862, -18.386142568 ], [ -40.050514682, -18.386205549 ], [ -40.05048374, -18.386261485 ], [ -40.050369321, -18.386459243 ], [ -40.050324798, -18.386538991 ], [ -40.050292417, -18.38659418 ], [ -40.05026208, -18.386650418 ], [ -40.050236845, -18.386698993 ], [ -40.050205705, -18.38675483 ], [ -40.050173058, -18.386809877 ], [ -40.050086957, -18.386960622 ], [ -40.050058659, -18.387007633 ], [ -40.050009799, -18.387095414 ], [ -40.049945323, -18.387205947 ], [ -40.049872758, -18.38733286 ], [ -40.049868271, -18.387340816 ], [ -40.049846547, -18.38738096 ], [ -40.049825892, -18.387421614 ], [ -40.049785853, -18.387493403 ], [ -40.049753259, -18.387548478 ], [ -40.049681736, -18.387675929 ], [ -40.049602957, -18.387809887 ], [ -40.049544779, -18.387913407 ], [ -40.049457808, -18.388063697 ], [ -40.04944043, -18.388095812 ], [ -40.04940883, -18.388151413 ], [ -40.049383538, -18.388199961 ], [ -40.049348742, -18.388264171 ], [ -40.049274855, -18.388390388 ], [ -40.049225394, -18.388477862 ], [ -40.049174876, -18.388564784 ], [ -40.049125839, -18.388652476 ], [ -40.049094013, -18.388707959 ], [ -40.049089421, -18.388715861 ], [ -40.049065882, -18.388755061 ], [ -40.049010846, -18.388849925 ], [ -40.048966369, -18.388929697 ], [ -40.048961963, -18.388937695 ], [ -40.048936158, -18.388985996 ], [ -40.048905042, -18.389041845 ], [ -40.04884991, -18.389136658 ], [ -40.048845223, -18.38914451 ], [ -40.048836383, -18.389158336 ] ] } },
{ "type": "Feature", "properties": { "Field": "002", "Length": 462.55573038878725 }, "geometry": { "type": "LineString", "coordinates": [ [ -40.050913182, -18.385478936 ], [ -40.050875567, -18.385541096 ], [ -40.050870935, -18.385548977 ], [ -40.050835141, -18.385612685 ], [ -40.050770667, -18.385723218 ], [ -40.050748703, -18.385763242 ], [ -40.050714804, -18.385827888 ], [ -40.050661534, -18.385923665 ], [ -40.050656993, -18.385931594 ], [ -40.050633571, -18.385970857 ], [ -40.050602072, -18.38602651 ], [ -40.050565107, -18.386089607 ], [ -40.050560575, -18.38609754 ], [ -40.050543003, -18.386129559 ], [ -40.050538487, -18.386137501 ], [ -40.050510349, -18.386184599 ], [ -40.050470318, -18.386256393 ], [ -40.050342639, -18.386478129 ], [ -40.050293234, -18.386565632 ], [ -40.05025428, -18.386637963 ], [ -40.05020119, -18.386733831 ], [ -40.050163935, -18.386796772 ], [ -40.050082646, -18.386939729 ], [ -40.050078042, -18.386947625 ], [ -40.05004971, -18.386994617 ], [ -40.049987019, -18.387106081 ], [ -40.049895484, -18.387264288 ], [ -40.049855258, -18.387335981999989 ], [ -40.049850878, -18.387343993 ], [ -40.049812645, -18.387416674 ], [ -40.049785936, -18.387464525 ], [ -40.049781414, -18.387472464 ], [ -40.049735161, -18.38755131 ], [ -40.049667889, -18.387670683 ], [ -40.049603176, -18.387781088 ], [ -40.049527215, -18.387916521 ], [ -40.04947638, -18.388003275 ], [ -40.049426489, -18.388090526 ], [ -40.049404406, -18.38813049 ], [ -40.049374997, -18.388187176 ], [ -40.049339421, -18.388250995 ], [ -40.049316632, -18.388290597 ], [ -40.049288289, -18.388337583 ], [ -40.049238508, -18.388424892 ], [ -40.049207734, -18.388480913 ], [ -40.049203233, -18.388488863 ], [ -40.049165861, -18.388551741 ], [ -40.049089581, -18.388687011 ], [ -40.049085022, -18.38869493 ], [ -40.049047701, -18.388757835 ], [ -40.048997538, -18.388844945 ], [ -40.048975325, -18.388884844 ], [ -40.048971057, -18.388892909 ], [ -40.048962909, -18.388909223 ], [ -40.048937151, -18.388957548 ], [ -40.048932733, -18.38896554 ], [ -40.048823839, -18.38915189 ] ] } },
{ "type": "Feature", "properties": { "Field": "002", "Length": 463.36300539997012 }, "geometry": { "type": "LineString", "coordinates": [ [ -40.050904647, -18.385466323 ], [ -40.050866878, -18.385528398 ], [ -40.050862227, -18.385536269 ], [ -40.050770761, -18.385694512 ], [ -40.050739473, -18.385750273 ], [ -40.050735176, -18.385758325 ], [ -40.050705974, -18.385815108 ], [ -40.050701641, -18.385823143 ], [ -40.050648221, -18.385918844 ], [ -40.050643597, -18.385926729 ], [ -40.050619837, -18.385965807 ], [ -40.050615228, -18.3859737 ], [ -40.050579218, -18.386037298 ], [ -40.05055609, -18.38607672 ], [ -40.050551583, -18.386084667 ], [ -40.050525135, -18.38613265 ], [ -40.050520555, -18.386140558 ], [ -40.050497017, -18.386179759 ], [ -40.050492433, -18.386187665 ], [ -40.050402622, -18.38634677 ], [ -40.050311412, -18.386505147 ], [ -40.05027596, -18.38656903 ], [ -40.050245714, -18.386625312 ], [ -40.05019212, -18.386720925 ], [ -40.050145817, -18.386799743 ], [ -40.050105152, -18.386871211 ], [ -40.050083135, -18.386911208 ], [ -40.050078599, -18.38691914 ], [ -40.050022889, -18.387013644 ], [ -40.049973398, -18.387101103 ], [ -40.049904827, -18.3872198 ], [ -40.04984227, -18.387331333 ], [ -40.049837949, -18.387339373 ], [ -40.049804252, -18.387404115999988 ], [ -40.049799829, -18.387412105 ], [ -40.049699069, -18.387586095 ], [ -40.049654754, -18.387665949 ], [ -40.049650167, -18.387673854 ], [ -40.049612513, -18.387736578 ], [ -40.049607931, -18.387744486 ], [ -40.049500241, -18.387935454 ], [ -40.049458294, -18.388006244 ], [ -40.049435554, -18.38804587 ], [ -40.04940427, -18.388101634 ], [ -40.049399919, -18.388109659 ], [ -40.049391388, -18.388125795 ], [ -40.049383511, -18.388142228 ], [ -40.04937938, -18.388150359 ], [ -40.0493707, -18.388166422 ], [ -40.049326196, -18.388246179 ], [ -40.049274722, -18.388332587 ], [ -40.04923396, -18.388404005 ], [ -40.049185208, -18.388491841 ], [ -40.049138996, -18.388570708 ], [ -40.049071695, -18.388690066 ], [ -40.048988714, -18.388832135 ], [ -40.048970866, -18.388864014 ], [ -40.048966537, -18.388872051 ], [ -40.048924108, -18.388952833 ], [ -40.048919643, -18.388960801 ], [ -40.048811247, -18.389145419 ] ] } },
{ "type": "Feature", "properties": { "Field": "002", "Length": 464.182464077747 }, "geometry": { "type": "LineString", "coordinates": [ [ -40.050896005870364, -18.385453553214184 ], [ -40.050844177, -18.385539182999988 ], [ -40.050799243, -18.38561872 ], [ -40.050744295, -18.38571363 ], [ -40.050726781, -18.385745677 ], [ -40.05070222, -18.385794566 ], [ -40.050684481, -18.3858265 ], [ -40.050661529, -18.385866016 ], [ -40.050643893, -18.385898002 ], [ -40.050606686, -18.385960969 ], [ -40.050575638, -18.386016852 ], [ -40.050547842, -18.386064136 ], [ -40.050512676, -18.386128162 ], [ -40.050457204, -18.386222792999988 ], [ -40.050408417, -18.386310611 ], [ -40.050361946, -18.38638934 ], [ -40.050340031, -18.386429388 ], [ -40.050298809, -18.386500564 ], [ -40.050246912, -18.386597026 ], [ -40.050201388, -18.386676258 ], [ -40.05017041, -18.386732177 ], [ -40.050137809, -18.386787248 ], [ -40.050110954, -18.386835025 ], [ -40.050087697, -18.386874377 ], [ -40.050047675, -18.386946175 ], [ -40.050019577, -18.386993296 ], [ -40.04996995, -18.387080684 ], [ -40.049946724, -18.387120053 ], [ -40.049915563, -18.387175879 ], [ -40.049873987, -18.387246868 ], [ -40.049842798, -18.38730268 ], [ -40.049800681, -18.38738361 ], [ -40.049796172, -18.387391556 ], [ -40.049708727, -18.387541595 ], [ -40.049686767, -18.387581621 ], [ -40.04966819, -18.387613118 ], [ -40.049641546, -18.387661002 ], [ -40.049573221, -18.387779828 ], [ -40.049564741, -18.387795987 ], [ -40.049560074, -18.38780385 ], [ -40.049550455, -18.387819417 ], [ -40.049545866, -18.387827321 ], [ -40.049487122, -18.387930549 ], [ -40.049454553, -18.387985638 ], [ -40.04945003000001, -18.387993577 ], [ -40.049391797, -18.388097069 ], [ -40.049366701, -18.388145709 ], [ -40.049339617, -18.388193368 ], [ -40.049304476, -18.388257407 ], [ -40.049230157, -18.388383391 ], [ -40.049181886, -18.38847147 ], [ -40.049143973, -18.388534051 ], [ -40.049112137, -18.388589529 ], [ -40.04905918, -18.388685465 ], [ -40.048972329, -18.388835818 ], [ -40.048911216, -18.388948079 ], [ -40.048878525, -18.389003101 ], [ -40.048847306, -18.389058898 ], [ -40.048828101, -18.38909005 ], [ -40.048799333128294, -18.389139296780371 ] ] } },
{ "type": "Feature", "properties": { "Field": "002", "Length": 465.00938068863792 }, "geometry": { "type": "LineString", "coordinates": [ [ -40.050887134, -18.385440443 ], [ -40.050835342, -18.385526534 ], [ -40.050777074, -18.385630008 ], [ -40.050744693, -18.385685197 ], [ -40.05070971, -18.385749315 ], [ -40.050697633, -18.385773852 ], [ -40.050684627, -18.385797952 ], [ -40.050621172, -18.385909021 ], [ -40.050584044, -18.38597203 ], [ -40.0505574, -18.386019914 ], [ -40.050534047, -18.386059215 ], [ -40.050498832, -18.386123217 ], [ -40.050443638, -18.386217997 ], [ -40.050403588, -18.386289781 ], [ -40.050343803, -18.386392463 ], [ -40.050317457, -18.386440497 ], [ -40.050290198, -18.386488065 ], [ -40.05024692, -18.386568435 ], [ -40.050192497, -18.38666362 ], [ -40.050166058, -18.386711608 ], [ -40.050119535, -18.386790309 ], [ -40.050038824, -18.386933564 ], [ -40.05000153, -18.386996484 ], [ -40.049937949, -18.387107487 ], [ -40.04992033, -18.387139483 ], [ -40.049860215, -18.38724199 ], [ -40.049801146, -18.387355243 ], [ -40.049700061, -18.387529061 ], [ -40.049682544, -18.387561107 ], [ -40.049650274, -18.387616356 ], [ -40.049610485, -18.387688272 ], [ -40.049569753, -18.387759705 ], [ -40.049541611, -18.387806802 ], [ -40.049427353, -18.388004646 ], [ -40.049404792, -18.388044366 ], [ -40.049353777, -18.388141257 ], [ -40.04933081, -18.388180765 ], [ -40.049295238, -18.388244586 ], [ -40.04921229, -18.388386673 ], [ -40.049177233, -18.388450755 ], [ -40.049121279, -18.388545128 ], [ -40.04907619, -18.388624586 ], [ -40.049045465, -18.388680631 ], [ -40.048976827, -18.388799294 ], [ -40.048902298, -18.388935451 ], [ -40.0488651, -18.388998423 ], [ -40.048838737, -18.389046449 ], [ -40.048787051, -18.389132985 ] ] } },
{ "type": "Feature", "properties": { "Field": "002", "Length": 465.88463427706165 }, "geometry": { "type": "LineString", "coordinates": [ [ -40.05087778591696, -18.38542662813909 ], [ -40.050817113, -18.385528249 ], [ -40.050781735, -18.385592169 ], [ -40.050740401, -18.385663286 ], [ -40.050675308, -18.385783755 ], [ -40.05063408, -18.385854928 ], [ -40.050598234, -18.38591861 ], [ -40.050565595, -18.385973661 ], [ -40.050548065, -18.386005701 ], [ -40.050511329, -18.386068919 ], [ -40.050462303, -18.386156616 ], [ -40.050434648, -18.386203975 ], [ -40.050403768, -18.386259943 ], [ -40.050375687, -18.386307073 ], [ -40.050348961, -18.386354915 ], [ -40.050312227, -18.386418135 ], [ -40.050294352, -18.38645 ], [ -40.050286295, -18.386466356 ], [ -40.050242496, -18.386546468 ], [ -40.050201141, -18.386617574 ], [ -40.050165676, -18.386681451 ], [ -40.050091813, -18.386807679 ], [ -40.050029708, -18.386919442 ], [ -40.049978293, -18.387005883 ], [ -40.049924762, -18.387101528 ], [ -40.049856146, -18.387220201 ], [ -40.049800934, -18.387325192 ], [ -40.049753972, -18.387403654 ], [ -40.049722809, -18.38745948 ], [ -40.049650046, -18.38758629 ], [ -40.049596698, -18.387682028 ], [ -40.049573495, -18.38772141 ], [ -40.04955619, -18.387753561 ], [ -40.049514155, -18.387824303 ], [ -40.049436669, -18.387958947 ], [ -40.049405083, -18.388014555 ], [ -40.049370979, -18.388079103 ], [ -40.049340139, -18.388135091 ], [ -40.049320951, -18.388166254 ], [ -40.049298002, -18.388205771 ], [ -40.049271659, -18.388253807 ], [ -40.049216088, -18.388348385 ], [ -40.049167319, -18.388436213 ], [ -40.049062358, -18.388618312 ], [ -40.049013439, -18.388706064 ], [ -40.048971303, -18.388776751 ], [ -40.048906037, -18.388897135 ], [ -40.048888072, -18.388928954 ], [ -40.048855479, -18.38898403 ], [ -40.048801943, -18.389079674 ], [ -40.04877443, -18.389126499 ] ] } },
{ "type": "Feature", "properties": { "Field": "002", "Length": 466.73800607761854 }, "geometry": { "type": "LineString", "coordinates": [ [ -40.050868741, -18.385413262 ], [ -40.050854451, -18.385436105 ], [ -40.050812919, -18.385507117 ], [ -40.05076866, -18.385586999 ], [ -40.050764135, -18.385594936 ], [ -40.050754512, -18.385610501 ], [ -40.050736406, -18.385642247 ], [ -40.050731973, -18.385650232 ], [ -40.050715443, -18.385682752 ], [ -40.050702319, -18.385706794 ], [ -40.050644075, -18.38581028 ], [ -40.050639535, -18.385818209 ], [ -40.050615982, -18.385857401 ], [ -40.050565648, -18.38594442 ], [ -40.05056111, -18.385952351 ], [ -40.050525823, -18.386016317 ], [ -40.050521328, -18.386024269 ], [ -40.050502313, -18.386055528 ], [ -40.050448988, -18.386151277 ], [ -40.050411851, -18.386214281 ], [ -40.050390079, -18.386254401 ], [ -40.050307863, -18.386396873 ], [ -40.050294598, -18.386420844 ], [ -40.050282335, -18.386445297 ], [ -40.050243164, -18.386517521 ], [ -40.050201217, -18.38658831 ], [ -40.050161146, -18.386660083 ], [ -40.050060498, -18.386834132 ], [ -40.050038826, -18.3868743 ], [ -40.049965115, -18.387000609 ], [ -40.049911256, -18.387096087 ], [ -40.049856454, -18.387191073 ], [ -40.049851974, -18.387199034 ], [ -40.049805865, -18.387288162 ], [ -40.049801548, -18.387296204 ], [ -40.049754371, -18.387374548 ], [ -40.049714543, -18.387446445 ], [ -40.049700226, -18.387469857 ], [ -40.049682372, -18.387501733 ], [ -40.049640891, -18.387572773 ], [ -40.04958305000001, -18.387676465 ], [ -40.04941448, -18.387969552 ], [ -40.049409985, -18.387977505 ], [ -40.049371316, -18.388049976 ], [ -40.049326785, -18.388129721 ], [ -40.049284692, -18.38820043 ], [ -40.04925838, -18.388248482 ], [ -40.049207513, -18.388335218 ], [ -40.049163239, -18.388415093 ], [ -40.04912235, -18.388486444 ], [ -40.049089777, -18.388541531 ], [ -40.048986567, -18.388724539 ], [ -40.04895396, -18.388779607 ], [ -40.048919726, -18.388844093 ], [ -40.048846771, -18.388970802 ], [ -40.048788509, -18.389074279 ], [ -40.048761481084142, -18.389119844858133 ] ] } },
{ "type": "Feature", "properties": { "Field": "002", "Length": 467.55413600869184 }, "geometry": { "type": "LineString", "coordinates": [ [ -40.04874909, -18.389113477 ], [ -40.048762944, -18.389089564 ], [ -40.048777711, -18.389066408 ], [ -40.048827072, -18.388978882 ], [ -40.048846001, -18.388947576 ], [ -40.048899781, -18.388852058 ], [ -40.048941601, -18.388781199 ], [ -40.048945485, -18.388772958 ], [ -40.048949609, -18.388764824 ], [ -40.048997815, -18.388676714 ], [ -40.049069527, -18.388549359 ], [ -40.049138991, -18.388431136 ], [ -40.049143526, -18.388423204 ], [ -40.049183383, -18.388351322 ], [ -40.049247795, -18.388240756 ], [ -40.049252301, -18.388232809 ], [ -40.049278692, -18.388184797 ], [ -40.04928323, -18.388176866 ], [ -40.049320696, -18.388114039 ], [ -40.049325173, -18.388106077 ], [ -40.049333697, -18.388089939 ], [ -40.049338097, -18.388081938 ], [ -40.04936082, -18.388042302 ], [ -40.049365595, -18.388034499 ], [ -40.0493706, -18.388026828 ], [ -40.049375251, -18.388018958 ], [ -40.04938806700001, -18.387994765 ], [ -40.049400091, -18.387970207 ], [ -40.049421735, -18.387930024 ], [ -40.04942626, -18.387922087 ], [ -40.049440426, -18.38789859 ], [ -40.049444981, -18.387890669 ], [ -40.049458132, -18.38786664 ], [ -40.049462667, -18.387858708 ], [ -40.049490698, -18.387811551 ], [ -40.049544576, -18.387716084 ], [ -40.049549208, -18.387708203 ], [ -40.049558758, -18.387692597 ], [ -40.049563311, -18.387684674 ], [ -40.049585015, -18.387644522 ], [ -40.049616515, -18.387588869 ], [ -40.049717254, -18.387414868 ], [ -40.049748062, -18.387358864 ], [ -40.049752589, -18.387350928 ], [ -40.049799272, -18.387272314 ], [ -40.049803728, -18.387264339999987 ], [ -40.049846087, -18.387183525 ], [ -40.049850494, -18.387175527 ], [ -40.04989171, -18.387104347 ], [ -40.049931275, -18.38703232 ], [ -40.049935852, -18.387024409 ], [ -40.049945388, -18.387008796 ], [ -40.049949995, -18.387000902 ], [ -40.04998118, -18.386945088 ], [ -40.050036781, -18.386850526 ], [ -40.050041227, -18.386842548 ], [ -40.050058245, -18.386810257 ], [ -40.050062721, -18.386802294 ], [ -40.05010029, -18.386739524 ], [ -40.050145479, -18.386660119 ], [ -40.050150175, -18.386652273 ], [ -40.050159936, -18.386636786 ], [ -40.05016452, -18.38662888 ], [ -40.050185917, -18.386588577 ], [ -40.050190355, -18.386580595 ], [ -40.050245509, -18.386485794 ], [ -40.050249924, -18.3864778 ], [ -40.050266844, -18.386445463 ], [ -40.050271287, -18.386437483 ], [ -40.05028058700001, -18.38642174 ], [ -40.050284825, -18.38641366 ], [ -40.050288646, -18.386405392 ], [ -40.050292791, -18.386397268 ], [ -40.050346421, -18.386301674 ], [ -40.050382546, -18.386238136 ], [ -40.05041988, -18.386175237 ], [ -40.050424415, -18.386167305 ], [ -40.050450835, -18.386119308 ], [ -40.050455357, -18.386111369 ], [ -40.050487821, -18.386056224 ], [ -40.050492221, -18.386048223 ], [ -40.050496386, -18.386040107 ], [ -40.050500842, -18.386032135 ], [ -40.050515074, -18.386008675 ], [ -40.050519628, -18.386000752 ], [ -40.050558893, -18.385928575 ], [ -40.050563419, -18.385920638 ], [ -40.050614957, -18.385834264 ], [ -40.050619522, -18.385826347 ], [ -40.050650633, -18.385770495 ], [ -40.050655197, -18.385762579 ], [ -40.050683287, -18.385715453 ], [ -40.050687745, -18.385707482 ], [ -40.050696215, -18.385691318 ], [ -40.050700616, -18.385683317 ], [ -40.050723429, -18.385643728 ], [ -40.050727717, -18.385635671 ], [ -40.050743776, -18.385602936 ], [ -40.050748151, -18.385594923 ], [ -40.050762309, -18.385571422 ], [ -40.050766846, -18.385563491 ], [ -40.050788629, -18.385523377 ], [ -40.0507932, -18.385515463 ], [ -40.050812309, -18.385484258 ], [ -40.050816915, -18.385476362 ], [ -40.050834659, -18.38544443 ], [ -40.050839213, -18.385436508 ], [ -40.050860369923242, -18.385400891129226 ] ] } },
{ "type": "Feature", "properties": { "Field": "002", "Length": 468.11622463772846 }, "geometry": { "type": "LineString", "coordinates": [ [ -40.050850692906273, -18.385389851155796 ], [ -40.050821856, -18.385437783 ], [ -40.050804311, -18.385469815 ], [ -40.050776445, -18.385517061 ], [ -40.050749525, -18.385564804 ], [ -40.050732099, -18.385596896 ], [ -40.050711663, -18.385637651 ], [ -40.050680458, -18.385693455 ], [ -40.05065241, -18.385740602 ], [ -40.050547367, -18.385922657 ], [ -40.050520832, -18.385970596 ], [ -40.050484213, -18.386033876 ], [ -40.050471198, -18.386057972 ], [ -40.050303276, -18.386351397 ], [ -40.050242663, -18.386463904 ], [ -40.050173682, -18.386582385 ], [ -40.050143065, -18.386638484 ], [ -40.050055741, -18.386788587 ], [ -40.050011122, -18.386868287 ], [ -40.050001362, -18.386883773 ], [ -40.049956298, -18.386963244 ], [ -40.049928367, -18.387010455 ], [ -40.049879202, -18.387098081 ], [ -40.049860758, -18.38712965 ], [ -40.049796223, -18.387250393 ], [ -40.049764421, -18.387305888 ], [ -40.049731617, -18.38736085 ], [ -40.049700679, -18.387416789 ], [ -40.049672624, -18.387463933 ], [ -40.049608872, -18.387574848 ], [ -40.049560226, -18.387662738 ], [ -40.049427619, -18.3878922 ], [ -40.049405548, -18.387932171 ], [ -40.049380397, -18.387980785 ], [ -40.049344051, -18.388044209 ], [ -40.049326667, -18.388076322 ], [ -40.0492852, -18.388147369 ], [ -40.049204353, -18.388290554 ], [ -40.049176111, -18.388337597 ], [ -40.049148797, -18.388385135 ], [ -40.049099756, -18.388472825 ], [ -40.049071072, -18.388519623 ], [ -40.049052757, -18.38855126 ], [ -40.048977346, -18.388686974 ], [ -40.048965035, -18.388711404 ], [ -40.048951354, -18.388735161 ], [ -40.048925464, -18.388783422 ], [ -40.048860133, -18.388893495 ], [ -40.048778697, -18.389036377 ], [ -40.048770226, -18.389052541 ], [ -40.048736929, -18.389107227 ] ] } },
{ "type": "Feature", "properties": { "Field": "002", "Length": 467.40107102870184 }, "geometry": { "type": "LineString", "coordinates": [ [ -40.050834576764053, -18.38538881140779 ], [ -40.050743292, -18.385546579 ], [ -40.050734445, -18.385562558 ], [ -40.050730246, -18.385570656999988 ], [ -40.050718262, -18.385595235 ], [ -40.050714101, -18.385603352 ], [ -40.050696858, -18.385635534 ], [ -40.050692398, -18.385643504 ], [ -40.050632672, -18.385746218 ], [ -40.050592262, -18.385817817 ], [ -40.050478563, -18.386015954 ], [ -40.050397762, -18.386159162 ], [ -40.050306534, -18.38631753 ], [ -40.050302112, -18.386325521 ], [ -40.050241973, -18.386438259 ], [ -40.050237515, -18.386446231 ], [ -40.050186894, -18.386533098 ], [ -40.050158451, -18.386580029 ], [ -40.050153888, -18.386587947 ], [ -40.050127548, -18.386635984 ], [ -40.050123052, -18.386643936 ], [ -40.050022077, -18.386817812 ], [ -40.049973146, -18.386905557 ], [ -40.049913051, -18.387008074 ], [ -40.049854637, -18.387111473 ], [ -40.049850266, -18.387119488999989 ], [ -40.049807671, -18.387200191 ], [ -40.04980329, -18.387208202 ], [ -40.049758386, -18.387287755 ], [ -40.049671045, -18.387437849 ], [ -40.049626414, -18.387517541 ], [ -40.049576006, -18.387604522 ], [ -40.049558488, -18.387636567 ], [ -40.049412446, -18.387889915 ], [ -40.049408052, -18.387897919 ], [ -40.049374123, -18.387962552 ], [ -40.049369767, -18.387970575 ], [ -40.049334096, -18.388034347 ], [ -40.049325765, -18.388050576 ], [ -40.049321387, -18.388058588 ], [ -40.049279621, -18.388129474 ], [ -40.04919407, -18.388280506 ], [ -40.049134085, -18.388383082 ], [ -40.049089491, -18.388462794 ], [ -40.049084909, -18.388470701 ], [ -40.049042621, -18.388541306 ], [ -40.049038079, -18.388549234 ], [ -40.048914865, -18.388773262 ], [ -40.04891035, -18.388781204 ], [ -40.048827235, -18.388923202 ], [ -40.048759468, -18.38904232 ], [ -40.04875482, -18.389050192 ], [ -40.048724045147281, -18.389100606758742 ] ] } },
{ "type": "Feature", "properties": { "Field": "002", "Length": 466.70969913321159 }, "geometry": { "type": "LineString", "coordinates": [ [ -40.050818764834851, -18.385387791285019 ], [ -40.050736545, -18.385529692 ], [ -40.050703188, -18.385594595 ], [ -40.050685637, -18.385626624 ], [ -40.050625807, -18.385729282 ], [ -40.050599155, -18.385777163 ], [ -40.050562468, -18.385840407 ], [ -40.05051755, -18.385919952 ], [ -40.050453169, -18.386030535 ], [ -40.050349965, -18.386213545 ], [ -40.05030838, -18.386284529 ], [ -40.050229715, -18.386428818 ], [ -40.050197272, -18.386483974 ], [ -40.050161275, -18.386547579 ], [ -40.050142449, -18.386578941 ], [ -40.050043282, -18.386753763 ], [ -40.050005737, -18.386816547 ], [ -40.049952801, -18.386912493 ], [ -40.049869976, -18.387054644 ], [ -40.049834497, -18.387118513 ], [ -40.049801349, -18.387183514 ], [ -40.049728571, -18.387310315 ], [ -40.04969576500001, -18.387365276 ], [ -40.049668367, -18.387412771 ], [ -40.049663819, -18.387420697 ], [ -40.049615029, -18.387508514 ], [ -40.049518918, -18.387674632 ], [ -40.049487617, -18.387730387 ], [ -40.04941458, -18.387857053 ], [ -40.049396672, -18.387888901 ], [ -40.049371602, -18.387937554 ], [ -40.049331517, -18.38800932 ], [ -40.049318868, -18.388033593 ], [ -40.049291898, -18.38808131 ], [ -40.049287372, -18.388089248 ], [ -40.049259136, -18.388136293 ], [ -40.049177951, -18.388279305 ], [ -40.049122413, -18.388373901 ], [ -40.049077892, -18.388453649999988 ], [ -40.049003995, -18.388579861 ], [ -40.048947399, -18.388684178 ], [ -40.048880615, -18.388803801 ], [ -40.048816032, -18.388914276 ], [ -40.048766622, -18.389001777 ], [ -40.048711478, -18.389094148 ] ] } },
{ "type": "Feature", "properties": { "Field": "002", "Length": 466.01884107244899 }, "geometry": { "type": "LineString", "coordinates": [ [ -40.048698381, -18.389087418 ], [ -40.048720141, -18.389047802 ], [ -40.048749471, -18.389001371 ], [ -40.048772758, -18.388962034 ], [ -40.048803501, -18.388905997 ], [ -40.048868327, -18.388795651 ], [ -40.04889889, -18.388739524 ], [ -40.048930716, -18.388684041 ], [ -40.048972617, -18.388603009 ], [ -40.048977913, -18.38859552 ], [ -40.049000095, -18.388555606 ], [ -40.049042343, -18.388484979 ], [ -40.049074115, -18.388429467 ], [ -40.049091399, -18.388397306 ], [ -40.049105387, -18.388373713 ], [ -40.049114028, -18.388357632 ], [ -40.049179198, -18.388247471 ], [ -40.049214542, -18.388183533 ], [ -40.049283394, -18.388064984 ], [ -40.049309515, -18.388016838 ], [ -40.04936838, -18.387913672 ], [ -40.049393347, -18.387864971 ], [ -40.049442831, -18.387777508 ], [ -40.049455788, -18.387753384 ], [ -40.049529766, -18.387627217 ], [ -40.049560741, -18.387571297 ], [ -40.049579895, -18.387540116 ], [ -40.04964187600001, -18.38742829 ], [ -40.049706219, -18.387317688 ], [ -40.049727737, -18.387277443 ], [ -40.049756247, -18.387230549 ], [ -40.049773712, -18.387198477 ], [ -40.049801651, -18.38715127 ], [ -40.049819464, -18.387119373 ], [ -40.049831201, -18.387094686 ], [ -40.049848515, -18.38706254 ], [ -40.04986736, -18.387031188 ], [ -40.049930343, -18.386919874 ], [ -40.0499448, -18.38689654 ], [ -40.04998851500001, -18.386816385 ], [ -40.050040253, -18.38673012 ], [ -40.050071122, -18.386674147 ], [ -40.050099304, -18.386627072 ], [ -40.050153755, -18.386531901 ], [ -40.050175351, -18.386491695 ], [ -40.050221939, -18.38641303 ], [ -40.050275034, -18.386317164 ], [ -40.050295361, -18.386276359 ], [ -40.050351345, -18.386182003 ], [ -40.050381952, -18.386125898 ], [ -40.050405121, -18.386086498 ], [ -40.05043114, -18.386038302 ], [ -40.050473125, -18.385967533 ], [ -40.050617554, -18.385713344 ], [ -40.050686611, -18.385594904 ], [ -40.050704083, -18.385562835 ], [ -40.050724152, -18.385521915 ], [ -40.050755663, -18.385466268 ], [ -40.050764905, -18.385450494 ], [ -40.050774482, -18.385434904 ], [ -40.050801904, -18.385386704 ] ] } },
{ "type": "Feature", "properties": { "Field": "002", "Length": 465.27489607049392 }, "geometry": { "type": "LineString", "coordinates": [ [ -40.050784382949423, -18.38538557309796 ], [ -40.050763212, -18.385426581 ], [ -40.050743726, -18.385457574 ], [ -40.050721641, -18.385497537 ], [ -40.050692659, -18.385554423 ], [ -40.050660032, -18.38560948 ], [ -40.050633868, -18.385657605 ], [ -40.050609828, -18.385696527 ], [ -40.050588228, -18.385736731 ], [ -40.050510843, -18.385871427 ], [ -40.050468896, -18.385942216 ], [ -40.050451479, -18.385974312 ], [ -40.050437131, -18.385997708 ], [ -40.050419987, -18.386029937 ], [ -40.05041485, -18.386037528 ], [ -40.050406813, -18.386053892 ], [ -40.050396979, -18.386069336 ], [ -40.050383288, -18.386093087 ], [ -40.050339358, -18.386173135 ], [ -40.050287398, -18.386259278 ], [ -40.050262841, -18.386308169 ], [ -40.050236264, -18.386356087 ], [ -40.05019859, -18.3864188 ], [ -40.050176846, -18.386458934 ], [ -40.050153504, -18.386498241 ], [ -40.050140691, -18.386522435 ], [ -40.050108328, -18.386577634 ], [ -40.0500868, -18.386617873 ], [ -40.050049453, -18.386680764 ], [ -40.050018757, -18.386736825 ], [ -40.049994559, -18.386775657 ], [ -40.049980837, -18.386799392 ], [ -40.049923589, -18.386903384 ], [ -40.0499045, -18.386934602 ], [ -40.049859129, -18.387013913 ], [ -40.04982492100001, -18.387078411 ], [ -40.049815784, -18.38709424 ], [ -40.04980807, -18.387110746 ], [ -40.049799239, -18.387126732 ], [ -40.049775543, -18.387165846 ], [ -40.04965801, -18.38737228 ], [ -40.049634458, -18.387411473 ], [ -40.049558529, -18.387546922 ], [ -40.049525532, -18.387601778 ], [ -40.04951261, -18.387625919 ], [ -40.049489785, -18.387665502 ], [ -40.049476942, -18.387689682 ], [ -40.049452711, -18.387728495 ], [ -40.049429714, -18.387767987 ], [ -40.04936503, -18.387888657 ], [ -40.049301815, -18.387999851 ], [ -40.049275952, -18.388048124 ], [ -40.049211704, -18.388158777 ], [ -40.049121656, -18.388317761 ], [ -40.04908856, -18.388372561 ], [ -40.049039235, -18.388460106 ], [ -40.048969989, -18.388578446 ], [ -40.048939579, -18.388634648 ], [ -40.048923653, -18.388667443 ], [ -40.048901225, -18.388707232 ], [ -40.048887008, -18.3887307 ], [ -40.048874326, -18.388754957 ], [ -40.048847382, -18.388802689 ], [ -40.048828508, -18.388834025 ], [ -40.048815391, -18.38885807 ], [ -40.04879614, -18.388889196 ], [ -40.048760954, -18.388953213 ], [ -40.048699342, -18.389054907 ], [ -40.048685083, -18.389080584 ] ] } }
]
}
