{
"type": "FeatureCollection",
"name": "vectors (8)",
"crs": { "type": "name", "properties": { "name": "urn:ogc:def:crs:OGC:1.3:CRS84" } },
"features": [
{ "type": "Feature", "properties": { "Field": "001", "Length": 361.2502102019568, "Image": "/home/ubuntu/bemagro/data/image/Orthomosaico.tif", "Farm": "data" }, "geometry": { "type": "LineString", "coordinates": [ [ -39.82052437436694, -18.179547752549116 ], [ -39.820541083569616, -18.179539122491366 ], [ -39.820557939694879, -18.179530931576263 ], [ -39.820565608675452, -18.179527406864143 ], [ -39.82058396915528, -18.179520186266664 ], [ -39.820592642725281, -18.179516589235273 ], [ -39.820608839447132, -18.179509161941883 ], [ -39.820618054863665, -18.179504554316821 ], [ -39.820625702429751, -18.179500987349012 ], [ -39.820642906390702, -18.179493487393465 ], [ -39.820669293129143, -18.179481290169736 ], [ -39.820677869988309, -18.179477486833445 ], [ -39.82070385586384, -18.179466618307835 ], [ -39.820712423292001, -18.179462795829039 ], [ -39.820770521807191, -18.1794344305168 ], [ -39.820805468405844, -18.179418394026268 ], [ -39.82084845902375, -18.179399598612587 ], [ -39.820967352695575, -18.17934606652511 ], [ -39.821095374395831, -18.179287732109362 ], [ -39.821241477350391, -18.179223687993694 ], [ -39.821370180231035, -18.179164620341208 ], [ -39.821515990190115, -18.179099969411492 ], [ -39.821584045982668, -18.179068416820481 ], [ -39.821592613194596, -18.179064593710724 ], [ -39.821634977792264, -18.179046670977112 ], [ -39.821694781366247, -18.17901957015388 ], [ -39.821746499225327, -18.178997288043671 ], [ -39.821798304070647, -18.178973057656403 ], [ -39.821891884333496, -18.17893179304188 ], [ -39.821951155071929, -18.178903643659932 ], [ -39.821986345469824, -18.178888102465915 ], [ -39.821994823160665, -18.178884101154445 ], [ -39.822011592214196, -18.178875750718817 ], [ -39.822063722100225, -18.178854363533173 ], [ -39.822123117266102, -18.178826453869942 ], [ -39.822209300069609, -18.178789285346433 ], [ -39.822404814443736, -18.178700365224525 ], [ -39.822482292516185, -18.178666732510589 ], [ -39.822559583250055, -18.178630600897019 ], [ -39.822661829338756, -18.17858571636113 ], [ -39.822705164011346, -18.178565501788391 ], [ -39.822798996334861, -18.178524763071898 ], [ -39.822841295341391, -18.178504584886017 ], [ -39.822910061347855, -18.178474472754569 ], [ -39.822961866347832, -18.178450243025168 ], [ -39.823073629364444, -18.178401346627709 ], [ -39.823200807974466, -18.178343423067659 ], [ -39.823210510205179, -18.178339848384166 ], [ -39.823218292198227, -18.178336557890017 ], [ -39.823261306751256, -18.178317811911523 ], [ -39.823304228952466, -18.178296809710062 ], [ -39.823381153380076, -18.178262034226062 ], [ -39.823441491139512, -18.178236037944231 ], [ -39.823492288913535, -18.178211899069275 ], [ -39.823552998171301, -18.178186705419019 ], [ -39.82360331981684, -18.178163693931701 ], [ -39.8236148972032, -18.178158728952972 ] ] } },
{ "type": "Feature", "properties": { "Field": "001", "Length": 365.42110270051211, "Image": "/home/ubuntu/bemagro/data/image/Orthomosaico.tif", "Farm": "data" }, "geometry": { "type": "LineString", "coordinates": [ [ -39.823619264538181, -18.178144753479728 ], [ -39.823602706208661, -18.178152132836882 ], [ -39.823559332376689, -18.178170106504741 ], [ -39.823550742642965, -18.17817388320405 ], [ -39.823525169415468, -18.178185611993356 ], [ -39.823499291152579, -18.178196711483608 ], [ -39.823490729461568, -18.17820054592482 ], [ -39.823456685418563, -18.178216289692145 ], [ -39.823302284239602, -18.178284713456481 ], [ -39.823200581422682, -18.17833278553341 ], [ -39.823191959615009, -18.178336494873168 ], [ -39.823157060121723, -18.178350423649416 ], [ -39.823131185565572, -18.178361530981807 ], [ -39.82297758558844, -18.178431582614014 ], [ -39.822874322327884, -18.178476513234529 ], [ -39.822771800512996, -18.178522969543732 ], [ -39.822651609565391, -18.178575979235177 ], [ -39.822540811297202, -18.178626841339884 ], [ -39.822403536458552, -18.178687602468159 ], [ -39.82218974969021, -18.178783984509842 ], [ -39.822112425638664, -18.178817941047072 ], [ -39.822069903857312, -18.178837687012706 ], [ -39.822026871373289, -18.178856394327298 ], [ -39.821992905740423, -18.178872289789439 ], [ -39.8219413434839, -18.17889490082894 ], [ -39.821881686426948, -18.178922294707643 ], [ -39.82177869238415, -18.178967787728798 ], [ -39.821710547723164, -18.178999164746113 ], [ -39.821616257020793, -18.179041115140205 ], [ -39.821564554577719, -18.179063430229601 ], [ -39.82149624653826, -18.179094482127379 ], [ -39.821461752866782, -18.179109304468142 ], [ -39.821256344824867, -18.179201481426599 ], [ -39.821170480303529, -18.17923931700992 ], [ -39.821033933639463, -18.179301560462232 ], [ -39.820930985878888, -18.179347149369306 ], [ -39.820922477918685, -18.179351091691338 ], [ -39.820863307157083, -18.179379434474722 ], [ -39.820854745983198, -18.179383270100736 ], [ -39.820785651179463, -18.179412688899248 ], [ -39.820777124722049, -18.179416594544904 ], [ -39.820726476788913, -18.179441021203228 ], [ -39.820717927709509, -18.179444881404592 ], [ -39.820692059209271, -18.179456002933524 ], [ -39.820657742199785, -18.179471197078797 ], [ -39.820640292816563, -18.179478161047832 ], [ -39.820631693725637, -18.179481918388962 ], [ -39.820572303545802, -18.179509838684048 ], [ -39.820563636719569, -18.179513451035774 ], [ -39.820528572439258, -18.179526996040064 ], [ -39.820520342860704, -18.179531442191919 ], [ -39.820511976427191, -18.179535623711597 ], [ -39.820490620942707, -18.179545102500374 ] ] } },
{ "type": "Feature", "properties": { "Field": "001", "Length": 343.84293236248612, "Image": "/home/ubuntu/bemagro/data/image/Orthomosaico.tif", "Farm": "data" }, "geometry": { "type": "LineString", "coordinates": [ [ -39.823609232579628, -18.178176855746845 ], [ -39.82358429009517, -18.178188423389255 ], [ -39.823575645765771, -18.178192076844262 ], [ -39.823505887667423, -18.17822002767916 ], [ -39.823497328431813, -18.178223857398073 ], [ -39.823454971509925, -18.178243925035229 ], [ -39.823446428702894, -18.178247796007618 ], [ -39.823334864047908, -18.178297104413495 ], [ -39.823241294730536, -18.17834050339534 ], [ -39.823017761149373, -18.178438278364922 ], [ -39.822949907093609, -18.17847022309595 ], [ -39.822898335639884, -18.178492811186427 ], [ -39.822889797457364, -18.178496691782154 ], [ -39.822787762874796, -18.178544118569604 ], [ -39.822736018863154, -18.178566342973713 ], [ -39.822684817663813, -18.178589689029305 ], [ -39.822650278405909, -18.178604412346051 ], [ -39.822641720403375, -18.178608251544347 ], [ -39.822599169074977, -18.178627940019915 ], [ -39.822556035460323, -18.178646431021455 ], [ -39.822547497216071, -18.178650309594012 ], [ -39.822479617416001, -18.178682207635166 ], [ -39.822427871037569, -18.178704425904687 ], [ -39.822359375200847, -18.178735095892641 ], [ -39.822324637107023, -18.178749384044092 ], [ -39.822316063263415, -18.178753187884983 ], [ -39.822290543961138, -18.178765023686484 ], [ -39.822256738627715, -18.178781230347791 ], [ -39.822214258272851, -18.178801058434622 ], [ -39.822171243625945, -18.178819801459923 ], [ -39.822162743952951, -18.178823755476845 ], [ -39.822145941284973, -18.178832047077073 ], [ -39.822137411212445, -18.178835939221404 ], [ -39.822111480378013, -18.178846926991429 ], [ -39.822077280368305, -18.178862357268088 ], [ -39.822068642370503, -18.178866027802059 ], [ -39.82202502152861, -18.178883446778251 ], [ -39.822016393420391, -18.178887139719386 ], [ -39.821999486601875, -18.17889523092747 ], [ -39.821973934582601, -18.178906995352495 ], [ -39.821906589507279, -18.178939912904333 ], [ -39.821889625350678, -18.17894789408026 ], [ -39.821829501199787, -18.178974339004576 ], [ -39.821804011018344, -18.178986229481254 ], [ -39.821778043327626, -18.17899713299699 ], [ -39.821735458810274, -18.179016751101738 ], [ -39.821700720215311, -18.179031037465073 ], [ -39.821641065501808, -18.179058432956765 ], [ -39.821597874062569, -18.179076800186166 ], [ -39.821555615409807, -18.179097052466041 ], [ -39.821504333414893, -18.179120237563559 ], [ -39.821487085512331, -18.179127643604314 ], [ -39.821452351534738, -18.179141944963465 ], [ -39.821383788208088, -18.179172476980902 ], [ -39.821341075647553, -18.179191843767899 ], [ -39.821256421850769, -18.179232095060929 ], [ -39.821247905024443, -18.17923601917089 ], [ -39.821195964196811, -18.179257820162984 ], [ -39.821127380410573, -18.179288310206946 ], [ -39.821084058460471, -18.179306395717759 ], [ -39.820982080710245, -18.179353930221914 ], [ -39.820947430390632, -18.179368413662612 ], [ -39.820938821440571, -18.179372149121342 ], [ -39.82090507769356, -18.179388467823745 ], [ -39.820870729010231, -18.179403591032152 ], [ -39.82085379686319, -18.179411631587907 ], [ -39.820836478143377, -18.179418873626329 ], [ -39.820827928515676, -18.179422732644593 ], [ -39.820667089240942, -18.179497539607365 ] ] } },
{ "type": "Feature", "properties": { "Field": "001", "Length": 368.90162860174456, "Image": "/home/ubuntu/bemagro/data/image/Orthomosaico.tif", "Farm": "data" }, "geometry": { "type": "LineString", "coordinates": [ [ -39.823617656978364, -18.178130354073286 ], [ -39.823601104140899, -18.178138098590146 ], [ -39.823592518353735, -18.178141883476588 ], [ -39.823540589672987, -18.178163714378222 ], [ -39.823532000633513, -18.178167492519357 ], [ -39.823438095838419, -18.178210225507993 ], [ -39.823317870455305, -18.178263163222574 ], [ -39.823207547029028, -18.178314959337396 ], [ -39.82319897995874, -18.178318782798243 ], [ -39.823112686591813, -18.17835571588833 ], [ -39.823104108315803, -18.178359516328332 ], [ -39.822958961407238, -18.178425515778009 ], [ -39.822855786537147, -18.178470631347519 ], [ -39.822556351769698, -18.178605294985761 ], [ -39.822479031115158, -18.178639258439841 ], [ -39.822402231178174, -18.178674284510546 ], [ -39.822367815073072, -18.178689271505952 ], [ -39.822359290233742, -18.17869318030025 ], [ -39.822342381048209, -18.178701271893569 ], [ -39.822333834475117, -18.178705137082119 ], [ -39.822282175370269, -18.178727544665598 ], [ -39.822170827982589, -18.178777300461274 ], [ -39.822000026879742, -18.178854867217623 ], [ -39.821914051349665, -18.178892471365266 ], [ -39.821691475308157, -18.17899222591543 ], [ -39.82164893428908, -18.179011933710129 ], [ -39.821228653826964, -18.17919827279065 ], [ -39.821151645603187, -18.179232879145331 ], [ -39.82104093202819, -18.179283911556279 ], [ -39.82094669832005, -18.179325978841309 ], [ -39.820853157027848, -18.179369435011015 ], [ -39.820844560570997, -18.179373197843091 ], [ -39.820792562540767, -18.179394878278533 ], [ -39.820783961406711, -18.17939863133515 ], [ -39.82073266580511, -18.17942179024552 ], [ -39.820707453054283, -18.179434209540556 ], [ -39.820681906654492, -18.179445990389127 ], [ -39.820629910390728, -18.179467673900657 ], [ -39.820570050869733, -18.179494661645254 ], [ -39.820518133922398, -18.179516517728473 ], [ -39.820492470319572, -18.179528064674813 ], [ -39.82045831881284, -18.179542566389998 ] ] } },
{ "type": "Feature", "properties": { "Field": "001", "Length": 371.28829052114111, "Image": "/home/ubuntu/bemagro/data/image/Orthomosaico.tif", "Farm": "data" }, "geometry": { "type": "LineString", "coordinates": [ [ -39.823610088710709, -18.178120515326665 ], [ -39.823596161199305, -18.178124794296746 ], [ -39.823590880685643, -18.178126740797392 ], [ -39.82357564012888, -18.178133970213242 ], [ -39.823532583714375, -18.178152628073459 ], [ -39.823438629807498, -18.178195262256118 ], [ -39.823284052546306, -18.178263321574221 ], [ -39.823207639218658, -18.178299111840413 ], [ -39.823053356097013, -18.17836777854053 ], [ -39.823019364758039, -18.178383626893023 ], [ -39.8229334311104, -18.178421318411214 ], [ -39.822899435850545, -18.178437159068395 ], [ -39.822839206196761, -18.178463384069659 ], [ -39.822771015151943, -18.178494669389462 ], [ -39.822719376300903, -18.178517119730085 ], [ -39.822668306971416, -18.178540730526684 ], [ -39.822557021363217, -18.178590612182983 ], [ -39.822479583370111, -18.178624329590381 ], [ -39.822317375524229, -18.1786981244827 ], [ -39.822282817454102, -18.178712810564061 ], [ -39.822162849398879, -18.17876628008889 ], [ -39.822017759808901, -18.178832395271908 ], [ -39.821906051301944, -18.17888140603489 ], [ -39.821572308773426, -18.179031285431478 ], [ -39.821254959392945, -18.17917200129952 ], [ -39.821015749748121, -18.179280418664067 ], [ -39.820784187486346, -18.179383138956265 ], [ -39.820570610215597, -18.179479946251512 ], [ -39.820458720170315, -18.179528578159804 ], [ -39.82045008997332, -18.179532269770103 ], [ -39.820429600271055, -18.179540311630269 ] ] } },
{ "type": "Feature", "properties": { "Field": "001", "Length": 373.71140940135928, "Image": "/home/ubuntu/bemagro/data/image/Orthomosaico.tif", "Farm": "data" }, "geometry": { "type": "LineString", "coordinates": [ [ -39.820399631616802, -18.179537958716647 ], [ -39.820448658555755, -18.179518663687595 ], [ -39.820457283630383, -18.179514964870741 ], [ -39.820500098449294, -18.179495804935101 ], [ -39.820560474894833, -18.179469889939444 ], [ -39.820748237094818, -18.179384327718704 ], [ -39.820876709816815, -18.179326905893507 ], [ -39.820979864689555, -18.179281746723316 ], [ -39.821082253058648, -18.179235021863875 ], [ -39.821347638479772, -18.179116095775615 ], [ -39.821399253650419, -18.179093597558808 ], [ -39.821493144938358, -18.179050836410124 ], [ -39.821596320389624, -18.179005721095841 ], [ -39.821921545243995, -18.178859766191938 ], [ -39.822007544918257, -18.178822212144254 ], [ -39.822109873018967, -18.178775368132705 ], [ -39.822409927676674, -18.178641970480928 ], [ -39.822469415994497, -18.178614243089303 ], [ -39.822529700718704, -18.178588136155316 ], [ -39.822700692392836, -18.178510955236817 ], [ -39.822760853229106, -18.178484586494729 ], [ -39.822846104635204, -18.178445505655091 ], [ -39.82288913028485, -18.178426784035821 ], [ -39.822931690218056, -18.178407115881431 ], [ -39.823145977844057, -18.178311756541405 ], [ -39.823282245873315, -18.178248959782866 ], [ -39.82340273088186, -18.178196565194895 ], [ -39.823547930143214, -18.178130672182331 ], [ -39.82360068146108, -18.178108285901761 ] ] } },
{ "type": "Feature", "properties": { "Field": "001", "Length": 375.79684849017383, "Image": "/home/ubuntu/bemagro/data/image/Orthomosaico.tif", "Farm": "data" }, "geometry": { "type": "LineString", "coordinates": [ [ -39.823593110829556, -18.178098444078845 ], [ -39.823575987484631, -18.178104928657422 ], [ -39.823567006146952, -18.17810773135194 ], [ -39.823378789844639, -18.178192373309596 ], [ -39.823283828104884, -18.178232914988985 ], [ -39.823257866478215, -18.178243823860054 ], [ -39.823241280360421, -18.178252503900229 ], [ -39.823232895330392, -18.178256678561233 ], [ -39.823130812877693, -18.178304008520385 ], [ -39.823078853147926, -18.178325770170471 ], [ -39.822985009760842, -18.178368626330585 ], [ -39.822813740870409, -18.178445243647662 ], [ -39.822754242823336, -18.178472952246537 ], [ -39.822531425882325, -18.178572212789565 ], [ -39.822462502528133, -18.178601994827552 ], [ -39.822368941308113, -18.178645410531399 ], [ -39.822274292877367, -18.178686617695604 ], [ -39.821888997457243, -18.178859130991295 ], [ -39.821820798292485, -18.178890399454463 ], [ -39.821554821779088, -18.179008112069617 ], [ -39.821546261163519, -18.179011947538015 ], [ -39.821529338873589, -18.179020012771179 ], [ -39.821460691594574, -18.179050372537485 ], [ -39.821392794822678, -18.17908223649189 ], [ -39.82129807904721, -18.179123302139399 ], [ -39.821212756545151, -18.179162242269232 ], [ -39.821066783077704, -18.17922655557922 ], [ -39.820990140539095, -18.179261895262798 ], [ -39.820929824043915, -18.179287937490251 ], [ -39.82081877301642, -18.179338295311322 ], [ -39.820715598783273, -18.179383413998401 ], [ -39.820621650961456, -18.179426061513048 ], [ -39.820570805864875, -18.17945010980165 ], [ -39.820510677102597, -18.179476546081855 ], [ -39.820442396407131, -18.179507649338383 ], [ -39.820416222093044, -18.179518095555391 ], [ -39.820407590269483, -18.179521783623162 ], [ -39.820390088974939, -18.179528625632535 ], [ -39.820381512618383, -18.179532423431208 ], [ -39.820374369235189, -18.179535975300496 ] ] } },
{ "type": "Feature", "properties": { "Field": "001", "Length": 394.00448145553912, "Image": "/home/ubuntu/bemagro/data/image/Orthomosaico.tif", "Farm": "data" }, "geometry": { "type": "LineString", "coordinates": [ [ -39.820144653161201, -18.179568000004853 ], [ -39.820160722985719, -18.179560660806061 ], [ -39.820185440399086, -18.179547363010112 ], [ -39.820211332349778, -18.179536291298675 ], [ -39.820373441033126, -18.179462295688818 ], [ -39.820442149324464, -18.179432061235985 ], [ -39.820484615126418, -18.179412204483114 ], [ -39.820604738194078, -18.179359052862001 ], [ -39.820826985942496, -18.179258630721176 ], [ -39.82097294246325, -18.179194281797049 ], [ -39.821058141920069, -18.179155096020782 ], [ -39.821323942896385, -18.179037021276983 ], [ -39.821383427989105, -18.179009286649908 ], [ -39.821452261609458, -18.178979314118092 ], [ -39.821529061752095, -18.178944287846033 ], [ -39.821580716794969, -18.178921871364281 ], [ -39.821623212668932, -18.178902073703394 ], [ -39.821820380482713, -18.1788143895212 ], [ -39.821914092993794, -18.178771271940235 ], [ -39.822120047064459, -18.178680216215486 ], [ -39.822239257703323, -18.178625220933313 ], [ -39.822325345828979, -18.178587852843233 ], [ -39.822376195172204, -18.178563812357122 ], [ -39.82254809477142, -18.178488496070418 ], [ -39.822633361666654, -18.178449445414159 ], [ -39.822685059160165, -18.178427118742743 ], [ -39.822796028066044, -18.178376596831718 ], [ -39.822890573832566, -18.178335175115304 ], [ -39.823010409354822, -18.178281435414807 ], [ -39.823148210610086, -18.178221773557784 ], [ -39.823345051793126, -18.178133423170681 ], [ -39.823422695394264, -18.178100140587858 ], [ -39.823465034455758, -18.178080038917713 ], [ -39.82349081543768, -18.178068733489646 ], [ -39.823508088787442, -18.178061380188563 ], [ -39.82351759116677, -18.178056889005699 ] ] } },
{ "type": "Feature", "properties": { "Field": "001", "Length": 376.85204682139874, "Image": "/home/ubuntu/bemagro/data/image/Orthomosaico.tif", "Farm": "data" }, "geometry": { "type": "LineString", "coordinates": [ [ -39.820349697260305, -18.179534038235477 ], [ -39.820373881827926, -18.179521519666967 ], [ -39.820382401178264, -18.179517607630341 ], [ -39.820399926745388, -18.179510825762691 ], [ -39.820468868878535, -18.179481081963836 ], [ -39.820477396641117, -18.179477184514671 ], [ -39.820494220230437, -18.179468931357459 ], [ -39.820502708964362, -18.179464955515659 ], [ -39.820571388276591, -18.179434663236165 ], [ -39.820656342504591, -18.179394996358493 ], [ -39.820802477973096, -18.179331019246732 ], [ -39.820904803273436, -18.179284168971616 ], [ -39.820913383625388, -18.179280375310981 ], [ -39.820965313804791, -18.179258546870571 ], [ -39.820973895586356, -18.179254757868563 ], [ -39.821050254877818, -18.179218861369002 ], [ -39.82105879533129, -18.179214986171942 ], [ -39.821093377455995, -18.179200354115991 ], [ -39.821153193090005, -18.179173277848388 ], [ -39.821204917506641, -18.179151008660789 ], [ -39.821281844114253, -18.179116237146701 ], [ -39.821384992009342, -18.179071065159047 ], [ -39.821469933416722, -18.179031371538695 ], [ -39.821555386250751, -18.178992693342636 ], [ -39.821607030675224, -18.178970256657056 ], [ -39.821709639618945, -18.178923975953751 ], [ -39.821821504729343, -18.178875293444584 ], [ -39.82198361483222, -18.178801302416762 ], [ -39.822155157145573, -18.178725245130309 ], [ -39.822257649504607, -18.17867872967328 ], [ -39.822343819305559, -18.178641535117777 ], [ -39.822454617635834, -18.178590673365619 ], [ -39.822532113301641, -18.178557077032984 ], [ -39.822651802969183, -18.178503041013595 ], [ -39.822771897159797, -18.178449831557465 ], [ -39.822891342789887, -18.178395304605473 ], [ -39.823002771435569, -18.178345716466811 ], [ -39.823053857844009, -18.178322141154695 ], [ -39.823148606889013, -18.17828114892836 ], [ -39.823182585268363, -18.178265276563533 ], [ -39.823225491897844, -18.178246306155508 ], [ -39.823233924973351, -18.178242234320059 ], [ -39.823250368977988, -18.178233311231089 ], [ -39.823258844053534, -18.178229327151836 ], [ -39.823276247633714, -18.178222258213747 ], [ -39.82328487347872, -18.178218560110722 ], [ -39.823327671968848, -18.178199368511727 ], [ -39.823413755496588, -18.178161992856932 ], [ -39.82350758073315, -18.178119100750145 ], [ -39.823533542055841, -18.178108183860349 ], [ -39.823542081339518, -18.17810431142285 ], [ -39.823575272210682, -18.178087982684183 ] ] } },
{ "type": "Feature", "properties": { "Field": "001", "Length": 389.20168175892894, "Image": "/home/ubuntu/bemagro/data/image/Orthomosaico.tif", "Farm": "data" }, "geometry": { "type": "LineString", "coordinates": [ [ -39.820200230388856, -18.179557787435915 ], [ -39.82023537709005, -18.179540177475673 ], [ -39.820243815135022, -18.179536100648342 ], [ -39.820252417210227, -18.179532352924838 ], [ -39.820260638753631, -18.179527908637475 ], [ -39.820269048421757, -18.179523786855267 ], [ -39.820294500997186, -18.179511820712079 ], [ -39.820346385853632, -18.179489896992184 ], [ -39.820380331115928, -18.17947396066327 ], [ -39.820432019413133, -18.179451615698358 ], [ -39.820508353005891, -18.179415671062053 ], [ -39.820568776764887, -18.179389858571092 ], [ -39.820688283896757, -18.179335454065701 ], [ -39.820808596060587, -18.179282695221762 ], [ -39.820868133574201, -18.179255063975507 ], [ -39.820945607260818, -18.179221420973661 ], [ -39.821013761533777, -18.179190062568587 ], [ -39.821091147992284, -18.179156236364019 ], [ -39.821142139469693, -18.179132472865088 ], [ -39.821313923462959, -18.179056915553691 ], [ -39.821398761968055, -18.179017022009759 ], [ -39.82145915001346, -18.178991133403692 ], [ -39.821501780524713, -18.178971602878452 ], [ -39.821579151341197, -18.178937744288469 ], [ -39.821621489232719, -18.17891764124515 ], [ -39.82175904760058, -18.178857469888154 ], [ -39.821869743619729, -18.178806403898854 ], [ -39.822067033833541, -18.178718972299968 ], [ -39.822134980675905, -18.178687205636745 ], [ -39.822195104602358, -18.178660760662513 ], [ -39.822237485885822, -18.178640741356592 ], [ -39.822332459710211, -18.178600226659366 ], [ -39.822400372638249, -18.178568395087993 ], [ -39.822589370233203, -18.178485356494605 ], [ -39.8228115607102, -18.178384821295516 ], [ -39.822906127394006, -18.178343443590784 ], [ -39.822957169365068, -18.178319779624918 ], [ -39.822965734438654, -18.178315952417293 ], [ -39.823102962445887, -18.178255095302642 ], [ -39.823163513870618, -18.178229557126727 ], [ -39.823231764650508, -18.17819839245924 ], [ -39.823403669230444, -18.178123087839044 ], [ -39.823480216560121, -18.178087561362627 ], [ -39.823506193670511, -18.178076675963201 ], [ -39.823514789545712, -18.178072912897328 ], [ -39.823523246137064, -18.178068887940356 ], [ -39.823531559753306, -18.178064418947304 ] ] } },
{ "type": "Feature", "properties": { "Field": "001", "Length": 396.14512898985964, "Image": "/home/ubuntu/bemagro/data/image/Orthomosaico.tif", "Farm": "data" }, "geometry": { "type": "LineString", "coordinates": [ [ -39.820110403951965, -18.179568000013052 ], [ -39.820162459825646, -18.179542981429094 ], [ -39.820230670111918, -18.179511733425333 ], [ -39.820333641382547, -18.179466192586077 ], [ -39.820478852454876, -18.17940032029378 ], [ -39.820556317085575, -18.179366656992102 ], [ -39.820718618428756, -18.179293048567438 ], [ -39.820753144045852, -18.179278292593082 ], [ -39.820863942062921, -18.179227427901779 ], [ -39.821009784214567, -18.17916284247049 ], [ -39.821052271888952, -18.179143028511824 ], [ -39.82114641606595, -18.179100778374877 ], [ -39.821215239952956, -18.179070785292414 ], [ -39.821249100448298, -18.179054682675151 ], [ -39.821334978516354, -18.179016874697496 ], [ -39.82140308266262, -18.178985416337575 ], [ -39.82156635525584, -18.17891379814494 ], [ -39.821608806865683, -18.178893913825533 ], [ -39.821703177818989, -18.178852128802674 ], [ -39.821899499288754, -18.178762726433661 ], [ -39.822097154037962, -18.178676050007567 ], [ -39.822199310238268, -18.178628862880728 ], [ -39.822259659779995, -18.178602890678395 ], [ -39.822413372723204, -18.178533064803858 ], [ -39.822542329371387, -18.178476644249898 ], [ -39.822610315158883, -18.178444953322643 ], [ -39.822670681049161, -18.178419016016544 ], [ -39.822755917359515, -18.178379904327073 ], [ -39.822850643395597, -18.178338860646402 ], [ -39.822884687643018, -18.178323116355916 ], [ -39.822902034634396, -18.178315921397008 ], [ -39.822927427020126, -18.178303838930816 ], [ -39.823090268246119, -18.178231330350918 ], [ -39.823442088431584, -18.178075742090876 ], [ -39.823484349296045, -18.178055490474939 ], [ -39.823501473732897, -18.178048200698914 ] ] } },
{ "type": "Feature", "properties": { "Field": "001", "Length": 383.02398686848119, "Image": "/home/ubuntu/bemagro/data/image/Orthomosaico.tif", "Farm": "data" }, "geometry": { "type": "LineString", "coordinates": [ [ -39.820266584606188, -18.17954174099162 ], [ -39.82027319126302, -18.179538350262469 ], [ -39.82029863472934, -18.179526366327092 ], [ -39.82031583956919, -18.179518870734356 ], [ -39.820418638990766, -18.179472976532949 ], [ -39.820427152943232, -18.179469047735971 ], [ -39.820494842076087, -18.179436780962529 ], [ -39.820503385753689, -18.179432914231402 ], [ -39.820581023696526, -18.17939961768327 ], [ -39.820589567890394, -18.179395751970649 ], [ -39.820631915350084, -18.179375667115149 ], [ -39.820683153666188, -18.179352392650735 ], [ -39.820777673259336, -18.17931091615489 ], [ -39.820786330634647, -18.179307286182631 ], [ -39.820856086333642, -18.179279328783014 ], [ -39.820864465621916, -18.179275202023323 ], [ -39.820880483668226, -18.179265595713339 ], [ -39.820888638527762, -18.179261031666996 ], [ -39.820897092525634, -18.179256996283431 ], [ -39.82091442035901, -18.179249762335267 ], [ -39.820940610546316, -18.17923935111898 ], [ -39.82094927840803, -18.179235744141575 ], [ -39.820957816924711, -18.179231865543223 ], [ -39.820991725288309, -18.179215856005175 ], [ -39.821086112266435, -18.179174105879351 ], [ -39.82114539369644, -18.179145978779907 ], [ -39.821214493907931, -18.179116574986015 ], [ -39.821308834446448, -18.179074727413305 ], [ -39.821325904347731, -18.179066951178505 ], [ -39.821410878933996, -18.179027323047393 ], [ -39.821453929128339, -18.179008653018112 ], [ -39.821539385560804, -18.178969983338071 ], [ -39.821591205260418, -18.178947918212529 ], [ -39.821676615484897, -18.178909155353608 ], [ -39.821762582957611, -18.178871534541056 ], [ -39.821830709155094, -18.178840120710941 ], [ -39.821942021893747, -18.178790294429401 ], [ -39.822001649332165, -18.17876284091971 ], [ -39.822104567504404, -18.178717192275293 ], [ -39.822164157862431, -18.178689666453216 ], [ -39.82219000823445, -18.17867850791216 ], [ -39.822249834929544, -18.178651454267754 ], [ -39.822344727975526, -18.178610766300782 ], [ -39.822421265432858, -18.178575220547611 ], [ -39.822584244295378, -18.178502995154563 ], [ -39.822686739650337, -18.178456485826619 ], [ -39.822738465700958, -18.17843422129182 ], [ -39.822806567268117, -18.178402760144937 ], [ -39.822892074673405, -18.178364193183249 ], [ -39.82295229802353, -18.178337955729098 ], [ -39.823020502486607, -18.178306698043905 ], [ -39.823072002714454, -18.178283959717032 ], [ -39.823106001251006, -18.178268127224264 ], [ -39.823174963736321, -18.178238428749378 ], [ -39.823183532311376, -18.178234610461303 ], [ -39.823208859281522, -18.178222411540514 ], [ -39.823234897657422, -18.178211667726195 ], [ -39.823260542568782, -18.178200087212414 ], [ -39.823277828557856, -18.17819276325082 ], [ -39.823311738264046, -18.178176760739287 ], [ -39.823320300402827, -18.178172928058427 ], [ -39.823414863617835, -18.178131543636663 ], [ -39.823482966850833, -18.178100085156871 ], [ -39.823525849154514, -18.178081065464859 ], [ -39.823534044562521, -18.178076558699747 ], [ -39.823544407658069, -18.178071344769844 ] ] } },
{ "type": "Feature", "properties": { "Field": "001", "Length": 378.16065645612633, "Image": "/home/ubuntu/bemagro/data/image/Orthomosaico.tif", "Farm": "data" }, "geometry": { "type": "LineString", "coordinates": [ [ -39.820323455416968, -18.179531977912209 ], [ -39.820365030269649, -18.179510297707388 ], [ -39.820374311472484, -18.179505813443637 ], [ -39.82038302998685, -18.179502316877642 ], [ -39.820391852311275, -18.179499067340213 ], [ -39.820400502570891, -18.179495419177279 ], [ -39.820468719245845, -18.179464183990262 ], [ -39.820546076985543, -18.179430297800934 ], [ -39.820623024842718, -18.179395568499618 ], [ -39.820681368957722, -18.179367666982412 ], [ -39.8206899185477, -18.179363808311386 ], [ -39.820785660738032, -18.17932271891064 ], [ -39.82086209729723, -18.179289080224034 ], [ -39.820871446992477, -18.179284726284706 ], [ -39.820905231113763, -18.179268478666842 ], [ -39.82093094186633, -18.179257027953689 ], [ -39.820982576462271, -18.179234568921455 ], [ -39.82104218440935, -18.179207076013064 ], [ -39.821050750592889, -18.179203250741214 ], [ -39.82108526967734, -18.179188481884644 ], [ -39.821152719286154, -18.179157809884092 ], [ -39.821205426254792, -18.179135426708065 ], [ -39.8213254102889, -18.179081989351896 ], [ -39.821419133736825, -18.179038893865961 ], [ -39.821650219946228, -18.178935199667393 ], [ -39.821796389637747, -18.178871295850936 ], [ -39.821932030882138, -18.1788093381771 ], [ -39.822086355247947, -18.178740755361837 ], [ -39.822232315126911, -18.17867428514387 ], [ -39.822240888564586, -18.1786704747634 ], [ -39.822334947405011, -18.178630215306399 ], [ -39.822343528641341, -18.17862642107459 ], [ -39.822412347221885, -18.178594301577345 ], [ -39.82255824076065, -18.178529823482474 ], [ -39.822626293584356, -18.178498265603899 ], [ -39.822634844615493, -18.178494409555874 ], [ -39.822660717936834, -18.178483298359694 ], [ -39.822669269647839, -18.178479443811842 ], [ -39.822686213267339, -18.17847141989543 ], [ -39.822763637467332, -18.178437673349706 ], [ -39.82286595650752, -18.178390810186876 ], [ -39.823003075840916, -18.178329729626952 ], [ -39.823105393733343, -18.178282864134196 ], [ -39.82311396906551, -18.178279057732002 ], [ -39.823174453316291, -18.17825337488344 ], [ -39.823200075059304, -18.178241743479795 ], [ -39.823208482768827, -18.17823760967817 ], [ -39.82321675704808, -18.178233236934414 ], [ -39.823225204105469, -18.178229176876513 ], [ -39.82324225240464, -18.178221357212028 ], [ -39.823448573514568, -18.178131065353547 ], [ -39.823457108555303, -18.178127177139874 ], [ -39.82348160293698, -18.178115398902683 ], [ -39.823490113512278, -18.178111462067744 ], [ -39.823525419188442, -18.178096162342943 ], [ -39.82353384783756, -18.178092068472999 ], [ -39.82354200127228, -18.17808749318867 ], [ -39.823549531069347, -18.178083704328284 ], [ -39.823559480661814, -18.178079470057781 ] ] } },
{ "type": "Feature", "properties": { "Field": "001", "Length": 398.17786359568055, "Image": "/home/ubuntu/bemagro/data/image/Orthomosaico.tif", "Farm": "data" }, "geometry": { "type": "LineString", "coordinates": [ [ -39.820078170670321, -18.179568000015202 ], [ -39.820144970232583, -18.179536305719626 ], [ -39.820221712676229, -18.179501163709858 ], [ -39.820307504783102, -18.179463177565903 ], [ -39.820367133027588, -18.179435725026558 ], [ -39.820469938336537, -18.179389843205293 ], [ -39.820538851741837, -18.179360038404582 ], [ -39.820683966895345, -18.179293974014005 ], [ -39.820727078461623, -18.179275432871275 ], [ -39.820795297656936, -18.179244203738932 ], [ -39.820846969292461, -18.179221822471074 ], [ -39.820957704140412, -18.17917083314704 ], [ -39.821009515114021, -18.179148748856576 ], [ -39.821103062188932, -18.179105305427534 ], [ -39.821188605306105, -18.179066810078382 ], [ -39.82124887636899, -18.179040671821721 ], [ -39.821462648335142, -18.178944259381723 ], [ -39.821531534780767, -18.178914398240067 ], [ -39.821633959595218, -18.178867746367558 ], [ -39.821754144256104, -18.178814723175318 ], [ -39.821873588040077, -18.178760191922457 ], [ -39.821967842000632, -18.178718166605151 ], [ -39.822027898205192, -18.178691580321576 ], [ -39.82206277867855, -18.178677610164122 ], [ -39.822173481023476, -18.178626560543574 ], [ -39.822225218694861, -18.178604319970539 ], [ -39.822318883682357, -18.178561109417213 ], [ -39.822541793342431, -18.178462039366853 ], [ -39.822609875913599, -18.178430539170314 ], [ -39.822790204551659, -18.178351112694166 ], [ -39.82300448988709, -18.178255748797913 ], [ -39.823115383029609, -18.178205075432455 ], [ -39.823158517736537, -18.178186584346651 ], [ -39.823278303960564, -18.178132744994524 ], [ -39.823407279375864, -18.178076364471067 ], [ -39.823432730855735, -18.178064397369671 ], [ -39.823467139895286, -18.178049397142317 ], [ -39.823486518302857, -18.178040138782976 ] ] } },
{ "type": "Feature", "properties": { "Field": "001", "Length": 400.619741215006, "Image": "/home/ubuntu/bemagro/data/image/Orthomosaico.tif", "Farm": "data" }, "geometry": { "type": "LineString", "coordinates": [ [ -39.820041794816319, -18.179568000011123 ], [ -39.820083339572307, -18.179548695762215 ], [ -39.820117799587223, -18.17953380224877 ], [ -39.820177450295333, -18.179506395510401 ], [ -39.820288763200182, -18.179456568503014 ], [ -39.820339679188251, -18.179432657285986 ], [ -39.820399976869695, -18.179406577345475 ], [ -39.82046828855723, -18.179375533492681 ], [ -39.820622982720053, -18.179307715338243 ], [ -39.820656898457464, -18.179291721172156 ], [ -39.820725488467055, -18.179261243861163 ], [ -39.820776559755544, -18.179237637067097 ], [ -39.820819587618338, -18.179218919923514 ], [ -39.820930510772413, -18.179168306042122 ], [ -39.821016271288734, -18.179130255217718 ], [ -39.821101335979236, -18.179090803580575 ], [ -39.821272947133608, -18.179014888254489 ], [ -39.821383905128585, -18.178964343873794 ], [ -39.821529994945656, -18.178900272928146 ], [ -39.821726356809052, -18.178810952004422 ], [ -39.821769580601455, -18.178792652691779 ], [ -39.821821004872838, -18.178769757448233 ], [ -39.821923143358099, -18.178722535597149 ], [ -39.8220007645658, -18.178689206272587 ], [ -39.822163317304302, -18.178616108659043 ], [ -39.822206334541214, -18.178597368452351 ], [ -39.822317059356806, -18.178546360441906 ], [ -39.822497019928129, -18.178466174465331 ], [ -39.822573593184011, -18.178430698159513 ], [ -39.822633879251036, -18.178404593559488 ], [ -39.822693561078985, -18.178377249326605 ], [ -39.822728069258012, -18.178362458362781 ], [ -39.822770752234732, -18.178343033645231 ], [ -39.822848361091211, -18.178309677698426 ], [ -39.82294232336816, -18.178267061564323 ], [ -39.823087904747858, -18.178201942579097 ], [ -39.823148198788225, -18.178175853595125 ], [ -39.823224859574488, -18.178140551588097 ], [ -39.823302233378307, -18.178106700296272 ], [ -39.823353476549251, -18.178083436963114 ], [ -39.82344825947537, -18.178042514802002 ], [ -39.823471756993357, -18.178032181508296 ] ] } },
{ "type": "Feature", "properties": { "Field": "001", "Length": 402.52892589319532, "Image": "/home/ubuntu/bemagro/data/image/Orthomosaico.tif", "Farm": "data" }, "geometry": { "type": "LineString", "coordinates": [ [ -39.82345492312615, -18.178023994011223 ], [ -39.823240819847292, -18.178118319754272 ], [ -39.823147069147517, -18.17816135909106 ], [ -39.82305246554737, -18.178202659517055 ], [ -39.822847057110515, -18.178294833334832 ], [ -39.822761018006865, -18.178332304132081 ], [ -39.822658431170773, -18.178378628857327 ], [ -39.822563964046367, -18.178420213973464 ], [ -39.822478719578491, -18.178459308439901 ], [ -39.82234157879931, -18.178520345453315 ], [ -39.822273537422831, -18.178551926587449 ], [ -39.822239061046197, -18.178566782521219 ], [ -39.82219656042944, -18.178586570045809 ], [ -39.822110833923034, -18.178624690540989 ], [ -39.822059763822026, -18.178648298962685 ], [ -39.821999821819198, -18.178675119673539 ], [ -39.821930855674744, -18.178704811779276 ], [ -39.821922284412949, -18.178708626692391 ], [ -39.821828634671313, -18.17875186871359 ], [ -39.821820064385896, -18.178755685635615 ], [ -39.821733786224513, -18.17879265169509 ], [ -39.821725221311624, -18.178796479624211 ], [ -39.821665716293069, -18.178824174839235 ], [ -39.82151174868315, -18.178893486757602 ], [ -39.821348473730595, -18.1789650997545 ], [ -39.821220512518906, -18.179023554569614 ], [ -39.821160158768997, -18.179049515991725 ], [ -39.821108824859486, -18.179072596819289 ], [ -39.820998050391069, -18.179123508153076 ], [ -39.820929309412293, -18.179153673143727 ], [ -39.820835397284185, -18.179196391769455 ], [ -39.820783737338161, -18.179218798382486 ], [ -39.820775185377876, -18.17922265272685 ], [ -39.820698755626218, -18.179258411597537 ], [ -39.820613325694573, -18.179297136367754 ], [ -39.820509968230382, -18.179341869624313 ], [ -39.820407423407786, -18.179388280279177 ], [ -39.820355786278064, -18.179410734293658 ], [ -39.820347230546574, -18.179414581004544 ], [ -39.820279222881339, -18.17944622863936 ], [ -39.820227696177319, -18.179468913635631 ], [ -39.820116656503025, -18.179519294456533 ], [ -39.820047901455908, -18.179549431917046 ], [ -39.820039448909668, -18.179553481707497 ], [ -39.820031153933741, -18.179557818977738 ], [ -39.820022721484648, -18.179561906869132 ], [ -39.82000905794294, -18.179568000001577 ] ] } },
{ "type": "Feature", "properties": { "Field": "001", "Length": 402.24385884610342, "Image": "/home/ubuntu/bemagro/data/image/Orthomosaico.tif", "Farm": "data" }, "geometry": { "type": "LineString", "coordinates": [ [ -39.823438725992304, -18.178016845564375 ], [ -39.823393695184699, -18.178035673485244 ], [ -39.82331695257438, -18.17807081403776 ], [ -39.823239332387736, -18.178104147018374 ], [ -39.823154091735404, -18.178143249796179 ], [ -39.823085314277186, -18.178173339256482 ], [ -39.823034401455537, -18.178197256722118 ], [ -39.822922466604133, -18.178245792455964 ], [ -39.8227769250541, -18.178310992824958 ], [ -39.822742403790166, -18.17832575769501 ], [ -39.822674222217003, -18.178357061901234 ], [ -39.822614037201227, -18.178383380445794 ], [ -39.822537374892384, -18.178418681117456 ], [ -39.822408535530307, -18.178475345908911 ], [ -39.82227191311366, -18.178537436010455 ], [ -39.822211753838104, -18.178563808412978 ], [ -39.822135067952082, -18.178599062436763 ], [ -39.821912103382402, -18.178698020257844 ], [ -39.821835562234078, -18.178733560638548 ], [ -39.821732225440989, -18.178778337627495 ], [ -39.821638548503955, -18.178821525876945 ], [ -39.821321253940738, -18.178962353879086 ], [ -39.821244507601072, -18.178997487883482 ], [ -39.821167011743782, -18.179031085093978 ], [ -39.820953325797056, -18.17912767219304 ], [ -39.820756237243266, -18.179215519907689 ], [ -39.820688129433933, -18.179246971240719 ], [ -39.820550714869768, -18.179307444435054 ], [ -39.820397204110563, -18.179377677048787 ], [ -39.82031979845069, -18.179411464092905 ], [ -39.820268957625743, -18.17943552184953 ], [ -39.820217374676325, -18.179458090119585 ], [ -39.820114866348185, -18.179504575405126 ], [ -39.820071663817075, -18.179522922956153 ], [ -39.819995372519607, -18.17955986938194 ] ] } },
{ "type": "Feature", "properties": { "Field": "001", "Length": 401.69181767813819, "Image": "/home/ubuntu/bemagro/data/image/Orthomosaico.tif", "Farm": "data" }, "geometry": { "type": "LineString", "coordinates": [ [ -39.819983187172213, -18.179549578587345 ], [ -39.820059837853563, -18.179513115409076 ], [ -39.820402492383231, -18.179360114072981 ], [ -39.820470488683519, -18.179328442980935 ], [ -39.820701873465488, -18.179225358009827 ], [ -39.820821344329531, -18.179170880107968 ], [ -39.821052965269324, -18.179068281325218 ], [ -39.821181022635443, -18.179010018467885 ], [ -39.82124130713381, -18.178983908307103 ], [ -39.82136075141463, -18.178929377537997 ], [ -39.821652571776816, -18.178800488967852 ], [ -39.821754713860003, -18.178753273788971 ], [ -39.821815216663673, -18.178727629388039 ], [ -39.821900389981728, -18.178688392198548 ], [ -39.821943511941349, -18.178669872792117 ], [ -39.821994679873114, -18.178646457741596 ], [ -39.822054837309437, -18.178620081455243 ], [ -39.822199854544863, -18.17855382169099 ], [ -39.822302963795174, -18.178508568286258 ], [ -39.822396786716538, -18.178465670942021 ], [ -39.822465625674063, -18.17843570999247 ], [ -39.822662670387793, -18.17834777444688 ], [ -39.822799299217792, -18.178285697572289 ], [ -39.822919411663577, -18.178232525754986 ], [ -39.823005713548241, -18.178195611034244 ], [ -39.823073773522225, -18.178164066142863 ], [ -39.823151072518009, -18.1781300579839 ], [ -39.823253432169821, -18.178083276182736 ], [ -39.823288170685402, -18.178068984698978 ], [ -39.823364826520958, -18.178033671595927 ], [ -39.823422295091127, -18.178009593944566 ] ] } },
{ "type": "Feature", "properties": { "Field": "001", "Length": 401.44215859322816, "Image": "/home/ubuntu/bemagro/data/image/Orthomosaico.tif", "Farm": "data" }, "geometry": { "type": "LineString", "coordinates": [ [ -39.82340910219785, -18.178003771386841 ], [ -39.82340078390223, -18.178006406375506 ], [ -39.823391674676657, -18.178008826264108 ], [ -39.823382899765136, -18.178012191527003 ], [ -39.82333947543102, -18.178030053292826 ], [ -39.823330855804592, -18.178033767203022 ], [ -39.823279542542075, -18.178056888851845 ], [ -39.82319341976072, -18.178094183485403 ], [ -39.823090505057259, -18.178139839186262 ], [ -39.823005076017353, -18.178178563467171 ], [ -39.822944784947396, -18.178204658559267 ], [ -39.822534217397511, -18.178389513276166 ], [ -39.822413996534436, -18.178442460411837 ], [ -39.822302974662186, -18.178492875601737 ], [ -39.822199870207399, -18.178538138520636 ], [ -39.821977865050684, -18.178639047767376 ], [ -39.821883288397721, -18.178680404777722 ], [ -39.821806522225501, -18.178715497592069 ], [ -39.821703526246601, -18.178760986340951 ], [ -39.821618410943202, -18.178800336734387 ], [ -39.821438027259624, -18.178879650540996 ], [ -39.821352731419807, -18.178918643157715 ], [ -39.8210698670703, -18.179044510209582 ], [ -39.820984522464535, -18.179083405600441 ], [ -39.820812765450476, -18.179159019960686 ], [ -39.82072757130765, -18.17919821482873 ], [ -39.820624496989431, -18.179243541818394 ], [ -39.820547674106244, -18.17927852133182 ], [ -39.820496010693205, -18.179300919296978 ], [ -39.820376742549904, -18.17935580134785 ], [ -39.820188194792003, -18.17943977217104 ], [ -39.820102885812503, -18.179478739720377 ], [ -39.820059877329072, -18.179497498197282 ], [ -39.820051335057421, -18.179501372125099 ], [ -39.820008997621535, -18.17952147792613 ], [ -39.820000471925582, -18.179525385085707 ], [ -39.819970285936719, -18.179538683207234 ] ] } },
{ "type": "Feature", "properties": { "Field": "001", "Length": 400.49677418625021, "Image": "/home/ubuntu/bemagro/data/image/Orthomosaico.tif", "Farm": "data" }, "geometry": { "type": "LineString", "coordinates": [ [ -39.823388419289785, -18.177994643179812 ], [ -39.823328531361092, -18.178020126798039 ], [ -39.823277267808209, -18.178043349089879 ], [ -39.823225630283666, -18.178065802092185 ], [ -39.823182348652686, -18.178083975783505 ], [ -39.823002672881415, -18.178164742769592 ], [ -39.822925208640029, -18.178198405108198 ], [ -39.822856904474193, -18.178229462565259 ], [ -39.822779568849157, -18.17826339416116 ], [ -39.822668678932708, -18.178314074221632 ], [ -39.822642797447706, -18.178325165710262 ], [ -39.82251462349992, -18.178383192780196 ], [ -39.822437115471189, -18.178416762016024 ], [ -39.822317579285738, -18.178471107710706 ], [ -39.822257349133743, -18.17849733088946 ], [ -39.822171982128999, -18.178536179814976 ], [ -39.822111780379025, -18.178562463512723 ], [ -39.822103226527375, -18.178566313949421 ], [ -39.822018251005538, -18.178605939934872 ], [ -39.821889422918701, -18.178662628048603 ], [ -39.821812614793494, -18.178697637860346 ], [ -39.821709616596657, -18.178743121536641 ], [ -39.821624379968682, -18.178782232759961 ], [ -39.821470126846336, -18.178850962137393 ], [ -39.82141845041928, -18.178873332218846 ], [ -39.821350281638253, -18.178904661755279 ], [ -39.82129017580128, -18.178931145151115 ], [ -39.821213373382434, -18.178966166620754 ], [ -39.821110340144912, -18.179011578316029 ], [ -39.820982195338424, -18.179069665029825 ], [ -39.820810463173444, -18.1791453307751 ], [ -39.820571014175485, -18.179253264310361 ], [ -39.820476542576031, -18.179294840953233 ], [ -39.820297170204512, -18.179376224272694 ], [ -39.820159778096183, -18.179436744307431 ], [ -39.820151238185659, -18.179440623009956 ], [ -39.820108811639059, -18.179460555903301 ], [ -39.820031815647845, -18.179495187733409 ], [ -39.820023322462511, -18.179499159074869 ], [ -39.819998035010727, -18.179511440392737 ], [ -39.819959121479407, -18.179529254573058 ] ] } },
{ "type": "Feature", "properties": { "Field": "001", "Length": 399.76933607471909, "Image": "/home/ubuntu/bemagro/data/image/Orthomosaico.tif", "Farm": "data" }, "geometry": { "type": "LineString", "coordinates": [ [ -39.823369739846108, -18.177986399180188 ], [ -39.823267635463075, -18.178032318661788 ], [ -39.823052910689313, -18.178126774482241 ], [ -39.822899102136049, -18.178196406876914 ], [ -39.822795896187515, -18.17824145795084 ], [ -39.822599285443218, -18.178330276331959 ], [ -39.822590720687579, -18.178334104532414 ], [ -39.822556226757214, -18.178348927580313 ], [ -39.82209379002694, -18.178555773876194 ], [ -39.821983085436408, -18.178606822092704 ], [ -39.821871422669631, -18.178655927497005 ], [ -39.821820431002578, -18.178679691201374 ], [ -39.821769029636769, -18.178702634335703 ], [ -39.82170875521534, -18.178728765286412 ], [ -39.821649162397243, -18.178756287697446 ], [ -39.821580464055025, -18.178786542183477 ], [ -39.821546442865881, -18.178802331569134 ], [ -39.821529122584238, -18.178809585085652 ], [ -39.821435135999032, -18.178852154131381 ], [ -39.821383463398575, -18.178874533750815 ], [ -39.821203798331943, -18.178955324269225 ], [ -39.821126446437191, -18.178989223208784 ], [ -39.821117872195018, -18.178993032030053 ], [ -39.821083876735344, -18.179008872539615 ], [ -39.820998003229889, -18.179046689931788 ], [ -39.820921183244316, -18.179081676607804 ], [ -39.82072384227245, -18.179169004904498 ], [ -39.820527202037937, -18.179257765874539 ], [ -39.820449832417339, -18.17929162805498 ], [ -39.820279017458255, -18.179369168128872 ], [ -39.820133164062291, -18.179433730551764 ], [ -39.820065267707086, -18.179465596970893 ], [ -39.819947004262403, -18.17951902131005 ] ] } },
{ "type": "Feature", "properties": { "Field": "001", "Length": 399.11865269832856, "Image": "/home/ubuntu/bemagro/data/image/Orthomosaico.tif", "Farm": "data" }, "geometry": { "type": "LineString", "coordinates": [ [ -39.823352198146139, -18.177978657310803 ], [ -39.823146259784181, -18.178071695809471 ], [ -39.823042918067785, -18.178116461518471 ], [ -39.822957745314469, -18.178155699269745 ], [ -39.822786292503217, -18.178231939780417 ], [ -39.822751688097767, -18.178246525706648 ], [ -39.822597914493016, -18.17831622891487 ], [ -39.822520524631841, -18.17835004793799 ], [ -39.822426554381735, -18.178392649506087 ], [ -39.82234927808738, -18.178426705055475 ], [ -39.822281117501127, -18.178458051084856 ], [ -39.822109356181684, -18.178533655136189 ], [ -39.821964696333964, -18.178600624875159 ], [ -39.821895772347212, -18.178630406838401 ], [ -39.82174198073524, -18.178700074487416 ], [ -39.821655993742134, -18.178737655256803 ], [ -39.821528072247318, -18.178796189783888 ], [ -39.821313502770096, -18.178890969695512 ], [ -39.821211019068677, -18.178937503841166 ], [ -39.820979371202121, -18.17904004669542 ], [ -39.820851357530358, -18.179098397298592 ], [ -39.820696751899881, -18.179166399779888 ], [ -39.820611744130346, -18.179205964184902 ], [ -39.82052564784, -18.179243316193574 ], [ -39.820440183658775, -18.179281971846049 ], [ -39.820414241129718, -18.179292934987163 ], [ -39.820286211980111, -18.179351254963617 ], [ -39.820225932423973, -18.17937737587107 ], [ -39.820166503983756, -18.179405221753363 ], [ -39.820131957188103, -18.179419932472726 ], [ -39.820029723017953, -18.179466966124679 ], [ -39.819935225515096, -18.179509073890397 ] ] } },
{ "type": "Feature", "properties": { "Field": "001", "Length": 398.32695089028141, "Image": "/home/ubuntu/bemagro/data/image/Orthomosaico.tif", "Farm": "data" }, "geometry": { "type": "LineString", "coordinates": [ [ -39.819924002516956, -18.179499595811759 ], [ -39.819958504035526, -18.179483299409071 ], [ -39.820027016939484, -18.179452662309011 ], [ -39.820206105825093, -18.179370710146255 ], [ -39.820266253755506, -18.179344313514111 ], [ -39.820325930727883, -18.179316957662468 ], [ -39.820420374701555, -18.179275323118855 ], [ -39.820548635481714, -18.179217470173668 ], [ -39.820643184870107, -18.179176054973837 ], [ -39.82074546299387, -18.179129109175189 ], [ -39.820788553894694, -18.179110523595991 ], [ -39.820891087921822, -18.179064090635777 ], [ -39.82125986732752, -18.178900490408608 ], [ -39.821430720985177, -18.178823029263601 ], [ -39.821551000981302, -18.178770203805978 ], [ -39.821661947284134, -18.178719636048193 ], [ -39.821722255903815, -18.178693577082065 ], [ -39.821884670300975, -18.178620198222568 ], [ -39.82195355090078, -18.178590324713998 ], [ -39.822047785557658, -18.178548259971283 ], [ -39.822098774828611, -18.178524491617317 ], [ -39.822296221383624, -18.178437383477895 ], [ -39.822321541932382, -18.178425164178933 ], [ -39.822416057040023, -18.178383678644323 ], [ -39.822441446540168, -18.178371590653473 ], [ -39.822449997568675, -18.178367734512403 ], [ -39.822552628176936, -18.178321498101429 ], [ -39.822570017837307, -18.178314397918193 ], [ -39.82266424149536, -18.178272310973281 ], [ -39.822749545354057, -18.178233334283114 ], [ -39.822784051546705, -18.17821853744849 ], [ -39.822818081068235, -18.178202764319078 ], [ -39.822852752100104, -18.178188323888623 ], [ -39.822921063667309, -18.178157279890605 ], [ -39.822972711514886, -18.178134848604891 ], [ -39.823057928567046, -18.17809569895859 ], [ -39.823101044085227, -18.178077166226842 ], [ -39.823160829589703, -18.178050028717898 ], [ -39.823221012318406, -18.178023705744895 ], [ -39.823297520565617, -18.177988102295526 ], [ -39.823313841050577, -18.177978973946608 ], [ -39.823333124478687, -18.177970239318899 ] ] } },
{ "type": "Feature", "properties": { "Field": "001", "Length": 397.71611436141166, "Image": "/home/ubuntu/bemagro/data/image/Orthomosaico.tif", "Farm": "data" }, "geometry": { "type": "LineString", "coordinates": [ [ -39.819912582909602, -18.179489951690378 ], [ -39.819972362489004, -18.179461847351039 ], [ -39.820126314421167, -18.179392502496725 ], [ -39.82022855649894, -18.179345484754275 ], [ -39.820280197169545, -18.179323037617365 ], [ -39.82034831287482, -18.179291601979454 ], [ -39.820434441494513, -18.179254318156001 ], [ -39.820536922084194, -18.179207777343827 ], [ -39.820614016602619, -18.17917334673189 ], [ -39.820648572932313, -18.179158656801203 ], [ -39.820741513181027, -18.179116089267588 ], [ -39.820776822491936, -18.179100796194081 ], [ -39.820853684267306, -18.179065893424049 ], [ -39.82118820420218, -18.178917605702654 ], [ -39.82126522915727, -18.178883033425297 ], [ -39.821307622217681, -18.178863035425188 ], [ -39.82152210534214, -18.178768077191233 ], [ -39.821658778990376, -18.17870608988261 ], [ -39.821727786745939, -18.178676485732176 ], [ -39.821881511720463, -18.178606683928333 ], [ -39.822052635747909, -18.178531919250812 ], [ -39.822078917425216, -18.178519517515689 ], [ -39.822147679655806, -18.178489396022918 ], [ -39.822190314208797, -18.178469872883099 ], [ -39.822276335544728, -18.178432364404784 ], [ -39.822352983638403, -18.178397035580083 ], [ -39.822421641783691, -18.178366698015292 ], [ -39.822506886989906, -18.178327604139476 ], [ -39.822610073760188, -18.178282512764468 ], [ -39.822866164125813, -18.178168058438864 ], [ -39.822918166718829, -18.178144217435669 ], [ -39.822987005109255, -18.178114255712355 ], [ -39.823046575449006, -18.178086689456837 ], [ -39.823072494447359, -18.178075676201285 ], [ -39.82312366538153, -18.1780522675482 ], [ -39.823234369108967, -18.178003333083215 ], [ -39.823285885732609, -18.177978547650103 ], [ -39.823294269357625, -18.177974369723248 ], [ -39.823302432829209, -18.17796981048269 ], [ -39.823309897819961, -18.177965906217477 ], [ -39.823316458171504, -18.177962883791583 ] ] } },
{ "type": "Feature", "properties": { "Field": "001", "Length": 396.98918448033703, "Image": "/home/ubuntu/bemagro/data/image/Orthomosaico.tif", "Farm": "data" }, "geometry": { "type": "LineString", "coordinates": [ [ -39.819900573411665, -18.179479809390877 ], [ -39.820045715125296, -18.179413618328351 ], [ -39.820131554392539, -18.179375729501729 ], [ -39.820319236549167, -18.179290005372135 ], [ -39.820431064693679, -18.179241243869772 ], [ -39.820559253414388, -18.17918324521899 ], [ -39.820722314801586, -18.179111188278881 ], [ -39.820747714157648, -18.17909911895245 ], [ -39.820858934684075, -18.179049104121312 ], [ -39.820884892851602, -18.179038174994965 ], [ -39.820978842988168, -18.178995532160251 ], [ -39.821021898428739, -18.178976871683201 ], [ -39.821124377574584, -18.178930328371813 ], [ -39.821158999510693, -18.17891578023065 ], [ -39.821398392473498, -18.178807734214143 ], [ -39.82145872702219, -18.178781730047344 ], [ -39.821663827504437, -18.178688930488534 ], [ -39.821767159810392, -18.178644144170903 ], [ -39.821878092180576, -18.178593548606422 ], [ -39.822229753677505, -18.178437631124734 ], [ -39.822417927784457, -18.178352900344084 ], [ -39.822485973259688, -18.178321326769268 ], [ -39.82252905368351, -18.178302719429858 ], [ -39.822674533493498, -18.178237393287375 ], [ -39.822786323923197, -18.178188554381926 ], [ -39.822948671375748, -18.17811504129428 ], [ -39.82310317134251, -18.178046821863887 ], [ -39.823231190357319, -18.177988483762881 ], [ -39.82328146862082, -18.177963371460521 ], [ -39.823297828521916, -18.177954661757976 ] ] } },
{ "type": "Feature", "properties": { "Field": "001", "Length": 396.19547673441753, "Image": "/home/ubuntu/bemagro/data/image/Orthomosaico.tif", "Farm": "data" }, "geometry": { "type": "LineString", "coordinates": [ [ -39.823278380773225, -18.177946150555837 ], [ -39.823263188273152, -18.177955995422785 ], [ -39.823255045676149, -18.17796057812302 ], [ -39.82323857093246, -18.177969450731204 ], [ -39.823230123274996, -18.177973502868063 ], [ -39.823145025626246, -18.178012889084545 ], [ -39.822990541206615, -18.178081139824688 ], [ -39.822742503766882, -18.178192850247974 ], [ -39.822630630909316, -18.178241514825206 ], [ -39.822450834889182, -18.178322037322893 ], [ -39.822348648933811, -18.178369164906972 ], [ -39.822314174163395, -18.178384026945711 ], [ -39.822220165368904, -18.178426549827567 ], [ -39.821928475739497, -18.178555706967341 ], [ -39.821774930647273, -18.178625869191457 ], [ -39.82163743711439, -18.178686176442131 ], [ -39.821458089594891, -18.178767608251107 ], [ -39.821294963702741, -18.178839530674431 ], [ -39.821149683557699, -18.178905262433389 ], [ -39.821003947840595, -18.178970066466665 ], [ -39.820944374848317, -18.178997627816837 ], [ -39.820867071838634, -18.17903162753321 ], [ -39.820841561720549, -18.179043480317453 ], [ -39.82082423637852, -18.179050717972288 ], [ -39.820815652566367, -18.179054504944304 ], [ -39.820610351384431, -18.179146899107728 ], [ -39.82054999957478, -18.179172866221805 ], [ -39.820438997011522, -18.179223320635426 ], [ -39.820378817883267, -18.179249651604867 ], [ -39.820310491327966, -18.179280665930619 ], [ -39.820258858346179, -18.179303128615175 ], [ -39.820165120217645, -18.179346194893821 ], [ -39.820096405935537, -18.179376415218591 ], [ -39.819889056390366, -18.179470082997458 ] ] } },
{ "type": "Feature", "properties": { "Field": "001", "Length": 395.42749331217794, "Image": "/home/ubuntu/bemagro/data/image/Orthomosaico.tif", "Farm": "data" }, "geometry": { "type": "LineString", "coordinates": [ [ -39.819877515427351, -18.17946033638286 ], [ -39.819987972733728, -18.179409928072353 ], [ -39.820125346995184, -18.179349371220688 ], [ -39.820227683066243, -18.179302540794612 ], [ -39.820399175188072, -18.179226378827092 ], [ -39.820570016776692, -18.179148892677173 ], [ -39.820921480344957, -18.178992565489139 ], [ -39.821066711303963, -18.178926734116121 ], [ -39.821178279255967, -18.178877431707143 ], [ -39.821272121877087, -18.178834573349299 ], [ -39.821520708424266, -18.178723981671986 ], [ -39.821606090968494, -18.178685162242573 ], [ -39.821674832161342, -18.1786549969509 ], [ -39.82172590084091, -18.178631385178107 ], [ -39.821768960112706, -18.178612733240882 ], [ -39.821837333996797, -18.178581814660308 ], [ -39.82191378590521, -18.178546099810116 ], [ -39.822025705493154, -18.178497531801316 ], [ -39.822145514495354, -18.178443737915575 ], [ -39.822188622835185, -18.178425190123335 ], [ -39.822299507090847, -18.178374498841073 ], [ -39.822342620149549, -18.178355961228991 ], [ -39.822676295102021, -18.17820594730615 ], [ -39.822745272516862, -18.178176279220839 ], [ -39.822916188677475, -18.178098946008337 ], [ -39.822976395043462, -18.178072672595768 ], [ -39.823206947529165, -18.177967901397267 ], [ -39.823232274747411, -18.177955702653399 ], [ -39.82325951936533, -18.177938031096783 ] ] } },
{ "type": "Feature", "properties": { "Field": "001", "Length": 394.77169750205138, "Image": "/home/ubuntu/bemagro/data/image/Orthomosaico.tif", "Farm": "data" }, "geometry": { "type": "LineString", "coordinates": [ [ -39.82324242579773, -18.177930672655357 ], [ -39.823227380179759, -18.177940725664232 ], [ -39.823194462771916, -18.177958521702248 ], [ -39.823134999369273, -18.177986298107427 ], [ -39.822989731779977, -18.178052053887917 ], [ -39.822878099497579, -18.17810122077967 ], [ -39.822784401453767, -18.17814436585304 ], [ -39.822646714007554, -18.17820426658156 ], [ -39.822595652859263, -18.178227893110527 ], [ -39.82238983104385, -18.17831922060542 ], [ -39.822338673969391, -18.178342655236904 ], [ -39.822286978397067, -18.178364985302203 ], [ -39.822227374465477, -18.178392485445286 ], [ -39.822098935350063, -18.178449974421639 ], [ -39.822021757439124, -18.178484233131979 ], [ -39.821918350738493, -18.178528861072994 ], [ -39.821858849922073, -18.178556564636246 ], [ -39.821756308711663, -18.178602982185947 ], [ -39.821713294563125, -18.178621728698847 ], [ -39.821628146222956, -18.178661014944073 ], [ -39.821559403992239, -18.178691178118189 ], [ -39.821499626034154, -18.17871833056439 ], [ -39.821465080549451, -18.178733042801905 ], [ -39.821405412438011, -18.178760415710794 ], [ -39.821233860382442, -18.178836453098409 ], [ -39.821165683879983, -18.178867767500211 ], [ -39.821096962754424, -18.178897974473806 ], [ -39.821054429482984, -18.178917698544296 ], [ -39.820943137600267, -18.17896756799507 ], [ -39.820857209872926, -18.179005272076118 ], [ -39.820677644151687, -18.179086264507792 ], [ -39.820626064049392, -18.179108837168641 ], [ -39.820412373063192, -18.179205414250582 ], [ -39.820326564364173, -18.179243365814187 ], [ -39.820275451056517, -18.179266889547641 ], [ -39.82021525248453, -18.179293180138789 ], [ -39.820121398191844, -18.179336015522637 ], [ -39.820026923301093, -18.179377585826376 ], [ -39.819866181186029, -18.179450764347816 ] ] } },
{ "type": "Feature", "properties": { "Field": "001", "Length": 394.32700317301573, "Image": "/home/ubuntu/bemagro/data/image/Orthomosaico.tif", "Farm": "data" }, "geometry": { "type": "LineString", "coordinates": [ [ -39.819854660286857, -18.179441034673996 ], [ -39.819922086472381, -18.179409361571427 ], [ -39.820032986757326, -18.179358700794815 ], [ -39.820255741813376, -18.179259310935436 ], [ -39.820375226260332, -18.17920486024552 ], [ -39.820607065121877, -18.179102712243274 ], [ -39.820726470625623, -18.179048103940779 ], [ -39.820829486588195, -18.179002656314157 ], [ -39.821000486263486, -18.178925489942507 ], [ -39.821172211685912, -18.178849810650227 ], [ -39.821265998150849, -18.178806840269413 ], [ -39.821343169531083, -18.178772567859436 ], [ -39.821412175451542, -18.178742960073233 ], [ -39.821471601813592, -18.178715111550805 ], [ -39.821685922949044, -18.178619820618955 ], [ -39.821796722808116, -18.178568960591569 ], [ -39.821831273953848, -18.178554260561196 ], [ -39.821916586497665, -18.178515301654315 ], [ -39.822062820027284, -18.178451531695554 ], [ -39.822148024732201, -18.17841235752126 ], [ -39.822208299842089, -18.178386228449636 ], [ -39.822285145920063, -18.178351295180182 ], [ -39.822422443578986, -18.17829058165038 ], [ -39.822619058280097, -18.178201771398932 ], [ -39.82278243555519, -18.178130373554932 ], [ -39.82288459590945, -18.178083195779475 ], [ -39.822987881406675, -18.178038312371026 ], [ -39.823055896346979, -18.178006679573254 ], [ -39.823175784465654, -18.177953049424566 ], [ -39.823228250749516, -18.177924570576927 ] ] } },
{ "type": "Feature", "properties": { "Field": "001", "Length": 393.63795542441102, "Image": "/home/ubuntu/bemagro/data/image/Orthomosaico.tif", "Farm": "data" }, "geometry": { "type": "LineString", "coordinates": [ [ -39.819843292878026, -18.179431434624618 ], [ -39.820029804610051, -18.179344518063889 ], [ -39.82009092276521, -18.179317977183786 ], [ -39.82015066071029, -18.179290743260825 ], [ -39.820210822452502, -18.179264375498185 ], [ -39.820372990081474, -18.179190498509925 ], [ -39.820605023743056, -18.179088755362553 ], [ -39.820698780000846, -18.179045724417289 ], [ -39.820793209864171, -18.179004060980397 ], [ -39.821024041929448, -18.178899850920594 ], [ -39.821177840605792, -18.178832334798745 ], [ -39.821228815441515, -18.178808538277877 ], [ -39.821255628489823, -18.178797223654659 ], [ -39.821341173265182, -18.178758731872176 ], [ -39.821418799737948, -18.178725411757021 ], [ -39.821588728601036, -18.178648196281369 ], [ -39.821692591138429, -18.178602345856351 ], [ -39.821769219881993, -18.178566978575223 ], [ -39.821855046137649, -18.178529063836816 ], [ -39.821914716359295, -18.178501695260543 ], [ -39.822068775913131, -18.178434725588382 ], [ -39.82215452927835, -18.178394562834736 ], [ -39.8222235465323, -18.178364979270857 ], [ -39.822376468022632, -18.178295667589495 ], [ -39.822428992528828, -18.178272896030972 ], [ -39.822505746381331, -18.178237777910265 ], [ -39.822548842261895, -18.178219203591848 ], [ -39.822582921618661, -18.178203529347439 ], [ -39.822608917506237, -18.178192683040045 ], [ -39.822720087372069, -18.178142566736717 ], [ -39.822780374048385, -18.178116461970408 ], [ -39.822899886327711, -18.178062068962344 ], [ -39.822977508695324, -18.178028740770426 ], [ -39.823028835374522, -18.178005646039395 ], [ -39.82307104855397, -18.177985304160657 ], [ -39.8231217724286, -18.177963114347047 ], [ -39.823148705135637, -18.177952064119616 ], [ -39.823164644335634, -18.177944143984103 ], [ -39.823172756406521, -18.177939503507687 ], [ -39.823181628923869, -18.1779343183624 ], [ -39.823188548753954, -18.177929584603255 ], [ -39.823194468146667, -18.177924752591064 ], [ -39.823197954218315, -18.177922454364779 ], [ -39.823204005894176, -18.177919405723443 ], [ -39.823209959604611, -18.177916696597897 ] ] } },
{ "type": "Feature", "properties": { "Field": "001", "Length": 393.11009879552586, "Image": "/home/ubuntu/bemagro/data/image/Orthomosaico.tif", "Farm": "data" }, "geometry": { "type": "LineString", "coordinates": [ [ -39.819832124796058, -18.179422002909838 ], [ -39.819924834623002, -18.179378035242095 ], [ -39.820129777954968, -18.179284917412389 ], [ -39.820241418003349, -18.179235765128187 ], [ -39.820378010772714, -18.179173614214555 ], [ -39.82052420876019, -18.179109770422713 ], [ -39.820660873542138, -18.17904776478418 ], [ -39.820798060942991, -18.178986822955398 ], [ -39.820908999544059, -18.178936239374742 ], [ -39.820977860903412, -18.178906328109484 ], [ -39.821089016734533, -18.178856182679237 ], [ -39.821166362061568, -18.17882227017024 ], [ -39.82120892020977, -18.178802599105239 ], [ -39.821414951864334, -18.178711704122122 ], [ -39.821560105857891, -18.17864571856235 ], [ -39.821662954069836, -18.178599926490072 ], [ -39.821713997831957, -18.178576266829147 ], [ -39.821808533628349, -18.178534825133365 ], [ -39.821927905791007, -18.17848015301243 ], [ -39.822065855418373, -18.178420807736444 ], [ -39.82214245884505, -18.178385391570192 ], [ -39.822296989373235, -18.178317234843181 ], [ -39.822305533498515, -18.178313365891135 ], [ -39.822364904680285, -18.178285409415391 ], [ -39.822373442825558, -18.178281529454189 ], [ -39.822416526452244, -18.17826293012811 ], [ -39.82256179900898, -18.178197184437565 ], [ -39.822707833031409, -18.178132998758851 ], [ -39.822878674909404, -18.178055515492908 ], [ -39.822947605080707, -18.178025752645549 ], [ -39.822990149291414, -18.17800605278584 ], [ -39.823033180799953, -18.17798734352278 ], [ -39.823084415481794, -18.177964062630203 ], [ -39.823093029456508, -18.177960341039569 ], [ -39.823110480523404, -18.17795337976159 ], [ -39.823119104226997, -18.177949682228679 ], [ -39.823161431194819, -18.177929557055474 ], [ -39.82316974504959, -18.177925264014203 ], [ -39.823195322127191, -18.177910395449253 ] ] } },
{ "type": "Feature", "properties": { "Field": "001", "Length": 392.37356814755833, "Image": "/home/ubuntu/bemagro/data/image/Orthomosaico.tif", "Farm": "data" }, "geometry": { "type": "LineString", "coordinates": [ [ -39.823176942596724, -18.177902483417462 ], [ -39.823161453957923, -18.177911877917122 ], [ -39.823153021752361, -18.177915952425785 ], [ -39.823136679326318, -18.177925038143083 ], [ -39.823086042063906, -18.177949478349667 ], [ -39.823060059175042, -18.177960349257884 ], [ -39.822949125522172, -18.178010939684764 ], [ -39.822871468726511, -18.178044193793081 ], [ -39.822674884459552, -18.178133064665762 ], [ -39.822623146738124, -18.178155305475418 ], [ -39.822546217957495, -18.178190071732534 ], [ -39.822520252147605, -18.178200982898645 ], [ -39.822451733664849, -18.17823160667842 ], [ -39.822409220590359, -18.178251370055527 ], [ -39.822366126554336, -18.178269947344891 ], [ -39.822298406416344, -18.178302151737661 ], [ -39.8222466652078, -18.178324383531024 ], [ -39.822186925994473, -18.178351613528942 ], [ -39.822135356680185, -18.178374209192878 ], [ -39.822058785578825, -18.178409689652074 ], [ -39.821929236704307, -18.178464855137921 ], [ -39.821792917410505, -18.178527549894955 ], [ -39.821715502257739, -18.178561315632919 ], [ -39.821587019141937, -18.178618714881804 ], [ -39.821510376597381, -18.178654054798042 ], [ -39.821433139094729, -18.17868819056195 ], [ -39.821399143435464, -18.178704030170945 ], [ -39.821347408113645, -18.178726275583248 ], [ -39.821184832308695, -18.178799327005873 ], [ -39.821107404560635, -18.178833067017131 ], [ -39.820970802304899, -18.178895197928327 ], [ -39.820884748819289, -18.178932639214842 ], [ -39.820799700386218, -18.178972122633574 ], [ -39.820627981893551, -18.179047816138915 ], [ -39.820568340659953, -18.179075242599698 ], [ -39.82037120697364, -18.179162997434148 ], [ -39.820353824334639, -18.179170112271063 ], [ -39.820345254222062, -18.179173927841912 ], [ -39.820200043069335, -18.179239799620273 ], [ -39.820122522274588, -18.179273344051765 ], [ -39.819952060976881, -18.179351591346563 ], [ -39.819900606435866, -18.179374425592993 ], [ -39.819820701330315, -18.179412355515524 ] ] } },
{ "type": "Feature", "properties": { "Field": "001", "Length": 391.9275964789378, "Image": "/home/ubuntu/bemagro/data/image/Orthomosaico.tif", "Farm": "data" }, "geometry": { "type": "LineString", "coordinates": [ [ -39.819807798403581, -18.179401458678313 ], [ -39.819841829074363, -18.179386859941221 ], [ -39.819901371234387, -18.179359237621846 ], [ -39.820081093045161, -18.179278561627498 ], [ -39.820132047389578, -18.179254724603325 ], [ -39.820183879617936, -18.17923268562236 ], [ -39.820320590838996, -18.179170773602639 ], [ -39.820483564289162, -18.179098535125782 ], [ -39.820543205531074, -18.179071108468047 ], [ -39.820612164012601, -18.179041399662211 ], [ -39.820671607083852, -18.179013583386471 ], [ -39.820791886520936, -18.178960756919935 ], [ -39.820859955157417, -18.178929228758054 ], [ -39.820877254754322, -18.178921931108516 ], [ -39.820954036833648, -18.178886869372523 ], [ -39.821125270498378, -18.178810178753515 ], [ -39.821219787772804, -18.178768697114709 ], [ -39.821305127482155, -18.178729791722532 ], [ -39.821365526241678, -18.178703924620077 ], [ -39.821494021381064, -18.178646549911981 ], [ -39.821664741217873, -18.178568820190463 ], [ -39.82174223053098, -18.178535209928654 ], [ -39.821921668280538, -18.178453960228769 ], [ -39.821964982181527, -18.178435855584535 ], [ -39.822059646627586, -18.178394682331312 ], [ -39.822093390587881, -18.178378359262211 ], [ -39.822136049211736, -18.178358884647395 ], [ -39.822247381956927, -18.178309099507779 ], [ -39.822307716521252, -18.178283095905552 ], [ -39.82246957225145, -18.178208598993052 ], [ -39.822547349542027, -18.178175602995548 ], [ -39.82261542352515, -18.178144086601119 ], [ -39.822667124277082, -18.178121767488854 ], [ -39.822872445929818, -18.178029417766492 ], [ -39.82292414242503, -18.178007089307222 ], [ -39.823001098945696, -18.177972379078486 ], [ -39.82304427173397, -18.17795396894774 ], [ -39.82309510360664, -18.177929896103173 ], [ -39.823136840708514, -18.177908675734749 ], [ -39.823145047704678, -18.177904189266002 ], [ -39.823153482063709, -18.177900107321985 ], [ -39.823161679343826, -18.177895912880878 ] ] } },
{ "type": "Feature", "properties": { "Field": "001", "Length": 391.26101353241489, "Image": "/home/ubuntu/bemagro/data/image/Orthomosaico.tif", "Farm": "data" }, "geometry": { "type": "LineString", "coordinates": [ [ -39.819797009991383, -18.179392347598572 ], [ -39.820018474177644, -18.179291492554601 ], [ -39.820062460295588, -18.179272606699445 ], [ -39.82011351313799, -18.179248962922241 ], [ -39.820302255475688, -18.179165392955515 ], [ -39.820378879020609, -18.179130014853548 ], [ -39.820481943798562, -18.179084668224473 ], [ -39.820550219870185, -18.179053552242465 ], [ -39.820610468811893, -18.179027367274578 ], [ -39.8206948765569, -18.178988693422081 ], [ -39.820730270655091, -18.178973580824525 ], [ -39.820832701338084, -18.178926940165674 ], [ -39.820892900043575, -18.178900649960905 ], [ -39.82098655582022, -18.178857419989807 ], [ -39.821021084676879, -18.178842671183677 ], [ -39.821208782552027, -18.178759098108827 ], [ -39.821320654916661, -18.178708287269462 ], [ -39.821423871280146, -18.178663257494698 ], [ -39.821466377808683, -18.178643480869212 ], [ -39.821611298337096, -18.178579145048655 ], [ -39.821714479196665, -18.178531909375383 ], [ -39.821816714059608, -18.17848700155195 ], [ -39.821868705206988, -18.178463137778191 ], [ -39.821946302640583, -18.178429756127972 ], [ -39.822006213147723, -18.178402871534175 ], [ -39.822058071158835, -18.178380887906176 ], [ -39.822185719850587, -18.178321812570804 ], [ -39.822297585695544, -18.178273131639184 ], [ -39.822416288738495, -18.178219215990335 ], [ -39.822433986807944, -18.178210613873031 ], [ -39.822537237810216, -18.178165657403405 ], [ -39.822605253524827, -18.178134025630342 ], [ -39.82267410970713, -18.178104101269088 ], [ -39.822725314631398, -18.178080761157265 ], [ -39.822742696320681, -18.178073643593997 ], [ -39.822879374309217, -18.178011666178747 ], [ -39.823025583646263, -18.177947846365466 ], [ -39.823092581048115, -18.1779162817848 ], [ -39.823117093809934, -18.177902643051763 ], [ -39.823126388336348, -18.17789818572254 ], [ -39.823144808914861, -18.177888650483915 ] ] } },
{ "type": "Feature", "properties": { "Field": "001", "Length": 390.69821472454794, "Image": "/home/ubuntu/bemagro/data/image/Orthomosaico.tif", "Farm": "data" }, "geometry": { "type": "LineString", "coordinates": [ [ -39.819784857940732, -18.179382084890676 ], [ -39.819819627376354, -18.179366851156917 ], [ -39.819981417340628, -18.179292221260738 ], [ -39.820117932307099, -18.179232041458086 ], [ -39.820195541897043, -18.179196538012718 ], [ -39.820307112813538, -18.179147241218146 ], [ -39.820442943774651, -18.179085663761668 ], [ -39.820504165378161, -18.179059341728557 ], [ -39.820631174096, -18.179001077392996 ], [ -39.820700846085572, -18.178970684227004 ], [ -39.820803195354173, -18.178923880526575 ], [ -39.820999650068664, -18.178836874153625 ], [ -39.821111449352273, -18.178785916474066 ], [ -39.821214509905147, -18.178740561646798 ], [ -39.821265551595133, -18.178716896386966 ], [ -39.821343040021333, -18.178683283912964 ], [ -39.821488405386098, -18.178617724706488 ], [ -39.821633568936875, -18.178553891485976 ], [ -39.821719523911767, -18.178514123761403 ], [ -39.821821774297895, -18.17846924826295 ], [ -39.821873827142724, -18.178445507643399 ], [ -39.821941951817884, -18.17841623006673 ], [ -39.821985368699387, -18.178396177297788 ], [ -39.82206278190219, -18.178362407188153 ], [ -39.822215501291865, -18.178292689546563 ], [ -39.822353127589622, -18.178232659884042 ], [ -39.822421985463244, -18.178200617114971 ], [ -39.822601009107075, -18.178120649483891 ], [ -39.822730993964633, -18.178064206772394 ], [ -39.822961191426863, -18.177960832476121 ], [ -39.822979414714048, -18.177953298809484 ], [ -39.823064680389123, -18.17791424659497 ], [ -39.823097360560354, -18.177897921290096 ], [ -39.823106359100215, -18.177892938100442 ], [ -39.823128470703814, -18.177881617194554 ] ] } },
{ "type": "Feature", "properties": { "Field": "001", "Length": 390.10301318455356, "Image": "/home/ubuntu/bemagro/data/image/Orthomosaico.tif", "Farm": "data" }, "geometry": { "type": "LineString", "coordinates": [ [ -39.819773582174307, -18.179372562224703 ], [ -39.819808008291517, -18.179357713561885 ], [ -39.819875831180177, -18.179325704509612 ], [ -39.819978175184559, -18.179278889776114 ], [ -39.820252497853495, -18.179156897500249 ], [ -39.820389036128134, -18.179094637424082 ], [ -39.820509644043028, -18.179042499143911 ], [ -39.820577443452024, -18.179010444946407 ], [ -39.820628741891085, -18.178987292023287 ], [ -39.820697478034916, -18.178957115677786 ], [ -39.820859823453944, -18.178883596872556 ], [ -39.820971606754227, -18.178834742103469 ], [ -39.82103116158784, -18.178807144469392 ], [ -39.821185526757517, -18.178738645383003 ], [ -39.821262144436631, -18.178703255993902 ], [ -39.821322433995171, -18.178677156722436 ], [ -39.821493505094324, -18.178600135738261 ], [ -39.821605253464838, -18.178551208411324 ], [ -39.821733273019738, -18.178492870466041 ], [ -39.821819218430825, -18.178455203181272 ], [ -39.821844686244425, -18.178443266619677 ], [ -39.821939505366885, -18.178402419683689 ], [ -39.821982106705867, -18.178382830376773 ], [ -39.822067929584037, -18.178344908783508 ], [ -39.822153035007304, -18.178305537618332 ], [ -39.822187621718541, -18.178290913391152 ], [ -39.822281750193845, -18.17824863229416 ], [ -39.822359285441657, -18.178215119080324 ], [ -39.82238469180691, -18.178203063517444 ], [ -39.822478976363804, -18.178161101479809 ], [ -39.822521533338779, -18.178141424390692 ], [ -39.822658673063764, -18.17808038583647 ], [ -39.822787721725582, -18.178024158522209 ], [ -39.822907721738808, -18.177970755641123 ], [ -39.822933172631899, -18.177958786290667 ], [ -39.822993390003298, -18.177932535795811 ], [ -39.823061549865336, -18.17790118908103 ], [ -39.823086119434279, -18.177887641467475 ], [ -39.823094636089969, -18.17788371685597 ], [ -39.823102870874948, -18.177879278476411 ], [ -39.823112130442695, -18.177874583020699 ] ] } },
{ "type": "Feature", "properties": { "Field": "001", "Length": 389.46794134536935, "Image": "/home/ubuntu/bemagro/data/image/Orthomosaico.tif", "Farm": "data" }, "geometry": { "type": "LineString", "coordinates": [ [ -39.823095287364325, -18.177867332391415 ], [ -39.823045771020261, -18.177892603030479 ], [ -39.82303733382026, -18.177896676367897 ], [ -39.822917751895488, -18.177950929292287 ], [ -39.822891829929425, -18.177961928535133 ], [ -39.822754661400296, -18.178022907719921 ], [ -39.822634983881912, -18.178076966710488 ], [ -39.822548992855083, -18.178114537158855 ], [ -39.822412338777035, -18.178176562343236 ], [ -39.822274991882182, -18.178237172970469 ], [ -39.822181134436235, -18.178279998938638 ], [ -39.822077782797365, -18.178324744026781 ], [ -39.822052341353938, -18.178336721640164 ], [ -39.821898336912248, -18.178405957854721 ], [ -39.821794983544322, -18.178450696088408 ], [ -39.821692532507072, -18.178497294771475 ], [ -39.821503761655229, -18.178580804340502 ], [ -39.821452746131108, -18.17860451544804 ], [ -39.821392532069105, -18.178630773437785 ], [ -39.821324321284429, -18.178662014035368 ], [ -39.821272564087558, -18.178684214295053 ], [ -39.821263998781561, -18.178688038822642 ], [ -39.821212961199755, -18.178711710548274 ], [ -39.821109992175998, -18.178757254433378 ], [ -39.820981940793999, -18.178815528964378 ], [ -39.820870124065657, -18.178864312280215 ], [ -39.820767638601971, -18.178910841448758 ], [ -39.82071601684703, -18.178933325025664 ], [ -39.820562190572929, -18.179002923355402 ], [ -39.820494188692187, -18.179034579885641 ], [ -39.820339585355853, -18.179102587047741 ], [ -39.820245853383703, -18.179145663254747 ], [ -39.820082671973019, -18.179217471365803 ], [ -39.819928631926857, -18.179286636911449 ], [ -39.819809633694845, -18.179342051016004 ], [ -39.819801081279159, -18.179345902402549 ], [ -39.819762043908554, -18.179362817869709 ] ] } },
{ "type": "Feature", "properties": { "Field": "001", "Length": 388.95258606518388, "Image": "/home/ubuntu/bemagro/data/image/Orthomosaico.tif", "Farm": "data" }, "geometry": { "type": "LineString", "coordinates": [ [ -39.819750732388819, -18.179353265005624 ], [ -39.819845304595766, -18.179311110195151 ], [ -39.819896184814347, -18.17928712877875 ], [ -39.819964878837574, -18.179256864665241 ], [ -39.820092889455687, -18.179198507673433 ], [ -39.820178864840599, -18.179160902117928 ], [ -39.820324119205985, -18.179095117639211 ], [ -39.82036732458414, -18.179076776533144 ], [ -39.820418496517526, -18.179053369205736 ], [ -39.820487258617462, -18.1790232469342 ], [ -39.820538229276309, -18.17899944178501 ], [ -39.820615363093374, -18.17896509181508 ], [ -39.820700422818447, -18.178925629830786 ], [ -39.821043624544934, -18.178773755706455 ], [ -39.821120262889785, -18.178738407197148 ], [ -39.821189043532883, -18.178708323911948 ], [ -39.821240049078455, -18.178684587361179 ], [ -39.82133466196489, -18.178643305468402 ], [ -39.821454400110298, -18.178589367236849 ], [ -39.821505421404808, -18.178565661683923 ], [ -39.821694278408032, -18.17848233034832 ], [ -39.821770870640144, -18.178446890937462 ], [ -39.821882816450277, -18.178398377980404 ], [ -39.822105247556287, -18.178298330082853 ], [ -39.822182970813479, -18.178265217137707 ], [ -39.822310698095357, -18.178206297240436 ], [ -39.822422537961806, -18.178157561923417 ], [ -39.822465086256962, -18.178137867701146 ], [ -39.822687865782555, -18.178038531358951 ], [ -39.822756098505678, -18.178007329412491 ], [ -39.822953501438789, -18.177920132088449 ], [ -39.82306414475692, -18.177868962622256 ], [ -39.823080125797297, -18.177860805619417 ] ] } },
{ "type": "Feature", "properties": { "Field": "001", "Length": 388.36719589114273, "Image": "/home/ubuntu/bemagro/data/image/Orthomosaico.tif", "Farm": "data" }, "geometry": { "type": "LineString", "coordinates": [ [ -39.819739216109049, -18.179343539214706 ], [ -39.819858067375762, -18.179288959812183 ], [ -39.819995186210733, -18.179227876452156 ], [ -39.820088994291829, -18.179184948636514 ], [ -39.820234781203943, -18.179120249449863 ], [ -39.820328587668982, -18.179077318558818 ], [ -39.820483537064732, -18.17901003520522 ], [ -39.820577118923701, -18.178966659232952 ], [ -39.820722685013592, -18.178901507790407 ], [ -39.820799321225593, -18.178866154990327 ], [ -39.820868346107339, -18.178836587680873 ], [ -39.820928115731185, -18.178809417987303 ], [ -39.821031292214776, -18.178764304582163 ], [ -39.82113373924274, -18.178717697075673 ], [ -39.821211194605759, -18.178684015170717 ], [ -39.821304894385939, -18.178640872697432 ], [ -39.821450754654244, -18.178576325855815 ], [ -39.821467530079012, -18.17856798525996 ], [ -39.821527447159426, -18.178541115132063 ], [ -39.821639195800017, -18.178492188492068 ], [ -39.821741663371895, -18.178445622599174 ], [ -39.821827644950879, -18.178408030982965 ], [ -39.821956041175106, -18.178350454637162 ], [ -39.822015495421311, -18.178322660072258 ], [ -39.822066847710978, -18.178299617115737 ], [ -39.822213129664242, -18.178235948732922 ], [ -39.822452591246844, -18.178128043864181 ], [ -39.82278684294802, -18.177979208483993 ], [ -39.822829378040922, -18.177959488471632 ], [ -39.822915455932176, -18.17792209965933 ], [ -39.823063877838678, -18.177853811174192 ] ] } },
{ "type": "Feature", "properties": { "Field": "001", "Length": 387.7484342355458, "Image": "/home/ubuntu/bemagro/data/image/Orthomosaico.tif", "Farm": "data" }, "geometry": { "type": "LineString", "coordinates": [ [ -39.823046661284039, -18.177846399764174 ], [ -39.822962241625433, -18.17788577470807 ], [ -39.822902352010182, -18.177912701578499 ], [ -39.82289378257434, -18.177916519660513 ], [ -39.822798955085872, -18.177957345909309 ], [ -39.82274799291141, -18.177981165537236 ], [ -39.822653397363865, -18.178022482181767 ], [ -39.822542534463707, -18.178073215092457 ], [ -39.82246508720047, -18.178106912811767 ], [ -39.822303018154336, -18.17818098458617 ], [ -39.822036673407283, -18.178297930736552 ], [ -39.821934558809282, -18.178345198590922 ], [ -39.821882949869909, -18.178367711422005 ], [ -39.821737571025935, -18.178433242067843 ], [ -39.821703073535502, -18.178448056255966 ], [ -39.821626329508675, -18.178483193687267 ], [ -39.821505938242311, -18.178535785058077 ], [ -39.821454955833033, -18.178559562001606 ], [ -39.821437604920852, -18.178566746690624 ], [ -39.821309053882551, -18.178624006414122 ], [ -39.821206971318695, -18.178671337560871 ], [ -39.821112255391071, -18.178712402165718 ], [ -39.821035468519533, -18.178747454759296 ], [ -39.820864065426498, -18.17882379871342 ], [ -39.820812393788479, -18.178846178505555 ], [ -39.820658606598329, -18.178915855030812 ], [ -39.820598386797556, -18.178942100004736 ], [ -39.820487747875319, -18.178993276688747 ], [ -39.82044444706338, -18.179011410402573 ], [ -39.820332708675608, -18.179060358570847 ], [ -39.820247453966694, -18.179099434153859 ], [ -39.820084654054661, -18.179172029096261 ], [ -39.819999399634824, -18.179211105085027 ], [ -39.819896342914021, -18.179256468082798 ], [ -39.819794081323877, -18.179303446808134 ], [ -39.819727137390068, -18.179333338427636 ] ] } },
{ "type": "Feature", "properties": { "Field": "001", "Length": 387.05141418469896, "Image": "/home/ubuntu/bemagro/data/image/Orthomosaico.tif", "Farm": "data" }, "geometry": { "type": "LineString", "coordinates": [ [ -39.823027936134999, -18.177838338929504 ], [ -39.822977594412521, -18.177862038555816 ], [ -39.822891309625014, -18.177898988686277 ], [ -39.82273748243265, -18.177968582894408 ], [ -39.822591650562643, -18.178033187334425 ], [ -39.82252369434579, -18.178064935656121 ], [ -39.822463599185014, -18.178091440641776 ], [ -39.82240398345823, -18.178118917209829 ], [ -39.82231811524526, -18.178156744509121 ], [ -39.822198569738724, -18.178211071037271 ], [ -39.821975452248651, -18.17830971234887 ], [ -39.821813234016474, -18.17838348600084 ], [ -39.821727134532438, -18.178420830179721 ], [ -39.821641870444303, -18.178459886370167 ], [ -39.821547321889383, -18.178501302328712 ], [ -39.821478990663678, -18.178532307036757 ], [ -39.821410107332305, -18.17856217459914 ], [ -39.821324901135142, -18.178601346166513 ], [ -39.821042291531548, -18.178727733885026 ], [ -39.8209655356384, -18.178762848579954 ], [ -39.820879409985558, -18.178800137946389 ], [ -39.820837005134841, -18.178820112614151 ], [ -39.820777131227018, -18.178847071909452 ], [ -39.820631490118743, -18.178912070025962 ], [ -39.820579811182412, -18.17893443634048 ], [ -39.820486026818159, -18.178977410989361 ], [ -39.820322912110043, -18.179049357270539 ], [ -39.820237570840355, -18.179088259971454 ], [ -39.820057546829091, -18.179168317654327 ], [ -39.819972324237774, -18.179207457471321 ], [ -39.819886359439032, -18.179245085004794 ], [ -39.819714236371638, -18.17932244318542 ] ] } },
{ "type": "Feature", "properties": { "Field": "001", "Length": 386.38011340631351, "Image": "/home/ubuntu/bemagro/data/image/Orthomosaico.tif", "Farm": "data" }, "geometry": { "type": "LineString", "coordinates": [ [ -39.819702459488049, -18.179312497302057 ], [ -39.819822610225486, -18.179258429261726 ], [ -39.81996003912154, -18.17919798586513 ], [ -39.820028172680964, -18.179166585586721 ], [ -39.820285045231529, -18.179051593701175 ], [ -39.820310969008467, -18.179040590240888 ], [ -39.820337285850279, -18.179028256323075 ], [ -39.820490743835428, -18.178960035282774 ], [ -39.820516983466767, -18.178947552177984 ], [ -39.820842039310421, -18.178803387725441 ], [ -39.820884389389121, -18.17878330667056 ], [ -39.820978910831066, -18.178741833811095 ], [ -39.821226804326564, -18.178629829902242 ], [ -39.821329919351399, -18.178584588373845 ], [ -39.821423603829928, -18.178541415357316 ], [ -39.821578281404626, -18.178473563783001 ], [ -39.821714932879495, -18.178411532206606 ], [ -39.821775172738022, -18.178385328541424 ], [ -39.821911848813869, -18.178323346671075 ], [ -39.821937798080256, -18.178312398552894 ], [ -39.821971686192043, -18.178296349627626 ], [ -39.822109011765647, -18.178235693865325 ], [ -39.822339684630222, -18.178131164381039 ], [ -39.822408500849228, -18.178101156039602 ], [ -39.822639208210866, -18.177996696549986 ], [ -39.82284525328518, -18.177905831013213 ], [ -39.822948051695455, -18.177859936818859 ], [ -39.823010317693694, -18.177830754509923 ] ] } },
{ "type": "Feature", "properties": { "Field": "001", "Length": 385.44267052735529, "Image": "/home/ubuntu/bemagro/data/image/Orthomosaico.tif", "Farm": "data" }, "geometry": { "type": "LineString", "coordinates": [ [ -39.822988307155924, -18.177821279369176 ], [ -39.822956460992991, -18.177839741765407 ], [ -39.822948170570974, -18.177844068212565 ], [ -39.822905730711732, -18.177863974936528 ], [ -39.822897177905887, -18.177867824875847 ], [ -39.822854136903146, -18.177886514194622 ], [ -39.82273429048125, -18.177940230504191 ], [ -39.822605256218715, -18.177996486210777 ], [ -39.822451639703878, -18.178066504764921 ], [ -39.822408582393983, -18.17808515681272 ], [ -39.822220417164694, -18.178169905035237 ], [ -39.822177359124524, -18.17818855832915 ], [ -39.822168809912725, -18.178192415273987 ], [ -39.82210936897215, -18.178220233176976 ], [ -39.821886256634571, -18.178318885237953 ], [ -39.821775510183123, -18.178369850005858 ], [ -39.821706710715624, -18.178399889345656 ], [ -39.821561644509458, -18.178466050894514 ], [ -39.821406909784159, -18.178533782013005 ], [ -39.821330216052885, -18.178569017220259 ], [ -39.82121011621296, -18.178622215640349 ], [ -39.821133473548542, -18.178657552849014 ], [ -39.821021980717788, -18.178707010147502 ], [ -39.820962342662099, -18.178734439122259 ], [ -39.820902146450202, -18.178760732756984 ], [ -39.820816829366073, -18.178799683128151 ], [ -39.82074825538573, -18.178830194585281 ], [ -39.820696379336219, -18.178852133505455 ], [ -39.820499753762881, -18.178940923498448 ], [ -39.820405111561065, -18.178982141867372 ], [ -39.820225684716789, -18.179063415026935 ], [ -39.820054255955505, -18.179139706293174 ], [ -39.819917667675178, -18.179201865218399 ], [ -39.819689986807091, -18.179301963797663 ] ] } },
{ "type": "Feature", "properties": { "Field": "001", "Length": 384.89446687355507, "Image": "/home/ubuntu/bemagro/data/image/Orthomosaico.tif", "Farm": "data" }, "geometry": { "type": "LineString", "coordinates": [ [ -39.82297221189063, -18.177814350644596 ], [ -39.822940613063068, -18.177833205559068 ], [ -39.822906923927036, -18.177849632393574 ], [ -39.822837955224372, -18.177879318923136 ], [ -39.822675130117801, -18.17795185973139 ], [ -39.822649073283813, -18.177962571716627 ], [ -39.822588943338829, -18.177989004695121 ], [ -39.822452479261322, -18.178051411257858 ], [ -39.822400752695955, -18.178073676188397 ], [ -39.822289454862059, -18.178123532305499 ], [ -39.822229838983752, -18.178151008648438 ], [ -39.822169553909312, -18.178177116837656 ], [ -39.822067449583635, -18.178224405887114 ], [ -39.821844258563772, -18.178322895125234 ], [ -39.821776230437486, -18.178354502815495 ], [ -39.82165595116637, -18.178407329146204 ], [ -39.821545150695734, -18.178458187828387 ], [ -39.821407690990618, -18.178518565764644 ], [ -39.82133965930629, -18.178550166504127 ], [ -39.821305130746971, -18.1785649157516 ], [ -39.821219864425458, -18.178603967764381 ], [ -39.821193986717766, -18.178615069562049 ], [ -39.821134467688985, -18.178642737471012 ], [ -39.821031406232962, -18.178688090392054 ], [ -39.820963385144388, -18.178719712248018 ], [ -39.820860424020104, -18.178765273047976 ], [ -39.820817864244482, -18.178784944888246 ], [ -39.82073203996277, -18.178822864059729 ], [ -39.82068021891839, -18.178844927825313 ], [ -39.820569063265552, -18.178895074007244 ], [ -39.820518090116913, -18.1789188740665 ], [ -39.820423287217793, -18.178959755987457 ], [ -39.820363584613006, -18.178987060431126 ], [ -39.820269085594063, -18.179028580280161 ], [ -39.820226590860464, -18.179048380321266 ], [ -39.820046703157679, -18.179128717429695 ], [ -39.819918578205098, -18.179186844536151 ], [ -39.819892690348816, -18.179197924924679 ], [ -39.819850115436644, -18.179217567046667 ], [ -39.819764268153996, -18.179255439108811 ], [ -39.81967831940208, -18.179292110367889 ] ] } },
{ "type": "Feature", "properties": { "Field": "001", "Length": 384.55069689897192, "Image": "/home/ubuntu/bemagro/data/image/Orthomosaico.tif", "Farm": "data" }, "geometry": { "type": "LineString", "coordinates": [ [ -39.822959101544015, -18.177808706872817 ], [ -39.822917808157143, -18.177829503894181 ], [ -39.822849190671391, -18.177859920707231 ], [ -39.822755366168863, -18.177902813976992 ], [ -39.822583297462714, -18.177977774909881 ], [ -39.822480779886028, -18.178024239306755 ], [ -39.822351878107533, -18.178080773381453 ], [ -39.82218972683556, -18.178154680665539 ], [ -39.822138168434805, -18.17817729892386 ], [ -39.822070176544841, -18.178208976854282 ], [ -39.822009616589909, -18.178234494748811 ], [ -39.821949939674575, -18.178261848214444 ], [ -39.821855448087234, -18.178303382258701 ], [ -39.821778674121241, -18.1783384601056 ], [ -39.821658442379473, -18.178391384888755 ], [ -39.821581733888777, -18.178426593397784 ], [ -39.821547257379564, -18.178441452548284 ], [ -39.821453370403418, -18.178484220899797 ], [ -39.82139324161529, -18.178510656417323 ], [ -39.821333655917329, -18.178538192302131 ], [ -39.821256274837701, -18.17857202914681 ], [ -39.821128358222481, -18.178630572690999 ], [ -39.821033718302431, -18.178671797324835 ], [ -39.820957276338916, -18.17870753102731 ], [ -39.820862758156551, -18.178749009733416 ], [ -39.820803080698802, -18.178776363778102 ], [ -39.820742733786716, -18.178802340743065 ], [ -39.820717368483841, -18.178814472507064 ], [ -39.820622994486165, -18.178856249510261 ], [ -39.820563555315253, -18.178884073321004 ], [ -39.820495206044093, -18.178915041821345 ], [ -39.820460573781943, -18.17892956606563 ], [ -39.82038330378473, -18.178963634581869 ], [ -39.820315066069789, -18.178994827103097 ], [ -39.820057894905467, -18.179109207187608 ], [ -39.819827046413693, -18.179213384669165 ], [ -39.819749715117808, -18.179247326628079 ], [ -39.819666356373205, -18.179282007274068 ] ] } },
{ "type": "Feature", "properties": { "Field": "001", "Length": 383.99540315168446, "Image": "/home/ubuntu/bemagro/data/image/Orthomosaico.tif", "Farm": "data" }, "geometry": { "type": "LineString", "coordinates": [ [ -39.822943075859506, -18.177801808098035 ], [ -39.822918455673801, -18.177814073738681 ], [ -39.822884536532008, -18.177830062734387 ], [ -39.822875975738192, -18.177833894755654 ], [ -39.822850107682321, -18.177845013729009 ], [ -39.822747671528198, -18.177891641303987 ], [ -39.822644645894428, -18.177937067621396 ], [ -39.822575622905596, -18.177966635765213 ], [ -39.822438781202905, -18.178028282253042 ], [ -39.822309944593485, -18.178084950209254 ], [ -39.822190603240358, -18.178139685302252 ], [ -39.822139085890868, -18.178162387855423 ], [ -39.822130566631351, -18.178166304529046 ], [ -39.822079879542969, -18.178190656145059 ], [ -39.822071299567497, -18.178194441480535 ], [ -39.82203650964513, -18.17820861497551 ], [ -39.822010679375531, -18.178219817332185 ], [ -39.821942419145003, -18.178250962391804 ], [ -39.821873549439438, -18.178280856203177 ], [ -39.821805256751325, -18.178311936233275 ], [ -39.821736450566348, -18.178341964101843 ], [ -39.821685234207571, -18.178365278317703 ], [ -39.821633601332934, -18.178387741333733 ], [ -39.821573853974364, -18.178414952788202 ], [ -39.821513745191304, -18.178441429103607 ], [ -39.821343063665019, -18.178519235469462 ], [ -39.821239745633321, -18.178564049737226 ], [ -39.82112880137143, -18.178614619380401 ], [ -39.821025576780933, -18.178659630345649 ], [ -39.820923401903158, -18.178706775980018 ], [ -39.820828967005156, -18.178748427632645 ], [ -39.820692484148744, -18.178810798084797 ], [ -39.820632248041953, -18.178837007975943 ], [ -39.820623706910688, -18.178840881132462 ], [ -39.820564363647108, -18.178868890643262 ], [ -39.82049599885098, -18.178899828093293 ], [ -39.82037570345571, -18.178952620198718 ], [ -39.820196244149834, -18.179033827788512 ], [ -39.820161713196399, -18.179048569261795 ], [ -39.820153139107241, -18.179052375094887 ], [ -39.820119080667673, -18.179068089789553 ], [ -39.82000745845734, -18.179117279853216 ], [ -39.819810791350335, -18.17920598557108 ], [ -39.819716178194263, -18.179247267630846 ], [ -39.819707515982053, -18.17925088722712 ], [ -39.819663904370167, -18.179268327979837 ], [ -39.81965470665039, -18.17927216877359 ] ] } },
{ "type": "Feature", "properties": { "Field": "001", "Length": 382.91856672543446, "Image": "/home/ubuntu/bemagro/data/image/Orthomosaico.tif", "Farm": "data" }, "geometry": { "type": "LineString", "coordinates": [ [ -39.822921359072559, -18.177792459400884 ], [ -39.822898299675551, -18.177807312796133 ], [ -39.822889923049431, -18.177811503611419 ], [ -39.822847368497108, -18.177831184888035 ], [ -39.822804218198328, -18.177849642865489 ], [ -39.822744751945038, -18.177877413501928 ], [ -39.822478281388811, -18.177994097308172 ], [ -39.822298975701052, -18.178075612095363 ], [ -39.822135756618906, -18.178147339482962 ], [ -39.822059603862861, -18.17818363256119 ], [ -39.82200765691335, -18.178205423155653 ], [ -39.821956526709101, -18.178228912998179 ], [ -39.821836243533511, -18.178281730832186 ], [ -39.82179372356638, -18.17830148055322 ], [ -39.821716126747354, -18.178334862691667 ], [ -39.821673809656815, -18.178355006726644 ], [ -39.821468103999109, -18.178446573413218 ], [ -39.821331472110394, -18.178508644349318 ], [ -39.821202354076298, -18.178564726573004 ], [ -39.821125671349513, -18.178599986795799 ], [ -39.820962571631433, -18.178671963306996 ], [ -39.820902979996781, -18.178699487891315 ], [ -39.820816861080139, -18.178736791300871 ], [ -39.820748831232926, -18.178768395906932 ], [ -39.820663082064101, -18.178806469843249 ], [ -39.820629111310673, -18.178822358514989 ], [ -39.820568951803835, -18.178848730344747 ], [ -39.820501043270852, -18.178880572263683 ], [ -39.820397754944963, -18.178925451443639 ], [ -39.820235418038237, -18.178998987491742 ], [ -39.820184420002903, -18.179022738872032 ], [ -39.820021440389027, -18.179094964501505 ], [ -39.819885012517467, -18.179157445299012 ], [ -39.819790697958034, -18.179199346803202 ], [ -39.81973113609547, -18.179226930568735 ], [ -39.819645200517698, -18.179264140590554 ] ] } },
{ "type": "Feature", "properties": { "Field": "001", "Length": 382.66164487214638, "Image": "/home/ubuntu/bemagro/data/image/Orthomosaico.tif", "Farm": "data" }, "geometry": { "type": "LineString", "coordinates": [ [ -39.819634095342295, -18.179254761971634 ], [ -39.819685322290482, -18.179232642841317 ], [ -39.819821994194925, -18.179170651224741 ], [ -39.819882082019824, -18.179144129966332 ], [ -39.820026787666322, -18.179077250143511 ], [ -39.820112866320507, -18.179039861557175 ], [ -39.820283390497366, -18.178961739652163 ], [ -39.820360406335084, -18.17892714868281 ], [ -39.82048935088072, -18.178870702281067 ], [ -39.820583166905109, -18.178827790826162 ], [ -39.820609060514073, -18.178816724394526 ], [ -39.820625949183473, -18.178808595288444 ], [ -39.820651817836811, -18.178797474853056 ], [ -39.820685801558042, -18.178781612191621 ], [ -39.820762896309951, -18.178747182747063 ], [ -39.820805408470946, -18.178727417150409 ], [ -39.820917191862733, -18.17867856343841 ], [ -39.820985315130613, -18.178647143457958 ], [ -39.821071226149868, -18.17860940455229 ], [ -39.821165088070138, -18.178566585146768 ], [ -39.821251180216557, -18.178529225500359 ], [ -39.821293802887766, -18.178509679500046 ], [ -39.821337135775423, -18.178491616223958 ], [ -39.821439331123187, -18.178444508003707 ], [ -39.821585297434268, -18.178380181022895 ], [ -39.821696456549553, -18.178330042693119 ], [ -39.821713274649582, -18.178321780599845 ], [ -39.821790698679827, -18.178288035238754 ], [ -39.821979054497326, -18.178203674521892 ], [ -39.822039266363625, -18.178177412340609 ], [ -39.822132912940766, -18.178134165411603 ], [ -39.822176038075014, -18.178115653351043 ], [ -39.82225290112622, -18.178080754545682 ], [ -39.822364690330822, -18.178031913387692 ], [ -39.822441193481566, -18.177996299669264 ], [ -39.822535739299994, -18.177954878672502 ], [ -39.822586938566623, -18.177931526936035 ], [ -39.822716030712364, -18.17787539159221 ], [ -39.822801285583026, -18.177836317848513 ], [ -39.82282717598207, -18.177825243467108 ], [ -39.822910200734427, -18.177787634588544 ] ] } },
{ "type": "Feature", "properties": { "Field": "001", "Length": 382.02616609164511, "Image": "/home/ubuntu/bemagro/data/image/Orthomosaico.tif", "Farm": "data" }, "geometry": { "type": "LineString", "coordinates": [ [ -39.822891559672208, -18.177779112191427 ], [ -39.822867348291993, -18.177792142166336 ], [ -39.822790617242823, -18.177827305149052 ], [ -39.822575917674691, -18.177921812879244 ], [ -39.822516478019445, -18.177949635798438 ], [ -39.822481912297953, -18.177964305059852 ], [ -39.822396599542515, -18.178003263721696 ], [ -39.822310403211652, -18.178040402934556 ], [ -39.8221736267759, -18.178102181726608 ], [ -39.822104891247307, -18.178132358597257 ], [ -39.822019564096188, -18.178171288681604 ], [ -39.821959313655682, -18.1781974699519 ], [ -39.821865496790878, -18.178240379118972 ], [ -39.821831045768796, -18.178255293092022 ], [ -39.821780034816449, -18.178279018759184 ], [ -39.821719621326331, -18.178304854466923 ], [ -39.821659853413664, -18.178332027562405 ], [ -39.821591043841231, -18.17836205005192 ], [ -39.821471217403449, -18.178415808513623 ], [ -39.821454331015879, -18.178423943417432 ], [ -39.821411305851846, -18.178442667168834 ], [ -39.821334794297442, -18.178478265463063 ], [ -39.821231391651096, -18.17852290296106 ], [ -39.821154463852203, -18.178557672071015 ], [ -39.821008544190846, -18.178622096305762 ], [ -39.820923300600171, -18.17866119381538 ], [ -39.820862984989503, -18.178687237996026 ], [ -39.820726662454888, -18.178749927830111 ], [ -39.820666355565017, -18.178775990523789 ], [ -39.820358288250674, -18.178914346055645 ], [ -39.820289397095642, -18.178944197650306 ], [ -39.820127390795015, -18.179018396928587 ], [ -39.820015621897902, -18.17906728209342 ], [ -39.819862247367546, -18.179137785714211 ], [ -39.819793490043764, -18.179167918096972 ], [ -39.819759488478695, -18.179183746857522 ], [ -39.819699408460863, -18.179210284330065 ], [ -39.819620871403963, -18.179243593998319 ] ] } },
{ "type": "Feature", "properties": { "Field": "001", "Length": 381.54983017638193, "Image": "/home/ubuntu/bemagro/data/image/Orthomosaico.tif", "Farm": "data" }, "geometry": { "type": "LineString", "coordinates": [ [ -39.822875990117687, -18.177771994036711 ], [ -39.822843001779908, -18.177788488619107 ], [ -39.822800443006088, -18.177808161975364 ], [ -39.822568799607808, -18.177910710766209 ], [ -39.822423884279672, -18.177977172850948 ], [ -39.822355225833341, -18.178007509516366 ], [ -39.822277459335844, -18.178040529375036 ], [ -39.822158006198521, -18.178095041150211 ], [ -39.821986409887067, -18.178170986040794 ], [ -39.821935412203274, -18.178194737756236 ], [ -39.821832582298669, -18.178240567887439 ], [ -39.821773046532485, -18.178268202637966 ], [ -39.82170394661879, -18.178297609458077 ], [ -39.821618525753181, -18.17833635145589 ], [ -39.82158388231997, -18.17835085251243 ], [ -39.821472790414262, -18.178401126898677 ], [ -39.8214559330196, -18.178409316501487 ], [ -39.821430018362811, -18.178420339390417 ], [ -39.821336033641607, -18.178462911897615 ], [ -39.821241310854333, -18.178503962671194 ], [ -39.821138691447068, -18.178550222267702 ], [ -39.8211041037084, -18.178564844351865 ], [ -39.821078643656328, -18.178576796114786 ], [ -39.820984290282539, -18.178618617108388 ], [ -39.820924786248248, -18.17864631455749 ], [ -39.820856234731018, -18.178676871952579 ], [ -39.820821669463271, -18.178691542592105 ], [ -39.820685554835919, -18.178754643876285 ], [ -39.82055648752727, -18.178810833342421 ], [ -39.820368397152073, -18.178895734999919 ], [ -39.820256428692019, -18.178944200920263 ], [ -39.820145802326159, -18.178995405505486 ], [ -39.820025409622055, -18.179047996286535 ], [ -39.819854825723084, -18.179125999333529 ], [ -39.819777619316362, -18.179160200110235 ], [ -39.819760735771276, -18.179168340514572 ], [ -39.819608730577478, -18.179233340740115 ] ] } },
{ "type": "Feature", "properties": { "Field": "001", "Length": 380.83274235643239, "Image": "/home/ubuntu/bemagro/data/image/Orthomosaico.tif", "Farm": "data" }, "geometry": { "type": "LineString", "coordinates": [ [ -39.822858915075784, -18.177764187594761 ], [ -39.82280788967784, -18.177788634257013 ], [ -39.822781985395004, -18.177799678973408 ], [ -39.822670884146532, -18.177849933711833 ], [ -39.822627767161997, -18.177868463247506 ], [ -39.822533876114797, -18.177911223501461 ], [ -39.8224393630354, -18.177952712870063 ], [ -39.822328311375479, -18.178003067909071 ], [ -39.822242138715282, -18.178040257288657 ], [ -39.821934523605215, -18.178179526215445 ], [ -39.821882789882757, -18.178201776048443 ], [ -39.821754504467492, -18.17825957745454 ], [ -39.821711315990164, -18.17827795446167 ], [ -39.821634562263093, -18.178313073021439 ], [ -39.821557024815391, -18.178346581731351 ], [ -39.82145503190862, -18.178394090167231 ], [ -39.821351546349817, -18.178438551620374 ], [ -39.821257096589086, -18.178480173189957 ], [ -39.820923854968242, -18.178631066085703 ], [ -39.82084672927904, -18.178665432435899 ], [ -39.820769186262112, -18.178698929771755 ], [ -39.820701133859068, -18.178730490019568 ], [ -39.820666506894035, -18.178745027030214 ], [ -39.820580792507847, -18.178783172596745 ], [ -39.820452902060175, -18.178841769206002 ], [ -39.820246916971328, -18.178932761458526 ], [ -39.820153183017673, -18.178975836743927 ], [ -39.820101450055674, -18.178998088712252 ], [ -39.819819638733541, -18.179126096182912 ], [ -39.81964799894314, -18.179201953564959 ], [ -39.819598734278898, -18.179224898592544 ] ] } },
{ "type": "Feature", "properties": { "Field": "001", "Length": 380.24019239399166, "Image": "/home/ubuntu/bemagro/data/image/Orthomosaico.tif", "Farm": "data" }, "geometry": { "type": "LineString", "coordinates": [ [ -39.819587590838125, -18.179215487650378 ], [ -39.819658559394121, -18.179182511947964 ], [ -39.819778492001944, -18.179128969096226 ], [ -39.819830405765892, -18.179107105377696 ], [ -39.819864208295414, -18.179090891863975 ], [ -39.819975475230599, -18.179040971394816 ], [ -39.820017866515784, -18.179020969795356 ], [ -39.820120936159334, -18.178975633347918 ], [ -39.820223219125566, -18.178928697451646 ], [ -39.820249216439791, -18.178917853762918 ], [ -39.820351763250912, -18.178871446797064 ], [ -39.820488970644902, -18.17881054601331 ], [ -39.82075386999626, -18.178690635097386 ], [ -39.820968736966861, -18.178596473451268 ], [ -39.82111370336623, -18.178530112070451 ], [ -39.821216441277976, -18.178484093467393 ], [ -39.821250349280547, -18.178468082682063 ], [ -39.821301776516428, -18.178445192662796 ], [ -39.821456861700042, -18.178378196865584 ], [ -39.821516167749984, -18.178350114358299 ], [ -39.82155902683288, -18.178331045730005 ], [ -39.82160234821707, -18.178312956918777 ], [ -39.821678899132571, -18.178277436282968 ], [ -39.821748166419688, -18.178248391623637 ], [ -39.82179924009823, -18.178224789573679 ], [ -39.821919556776407, -18.178172041359588 ], [ -39.822056233750253, -18.178110061627553 ], [ -39.82210715574832, -18.17808616219509 ], [ -39.822141699366711, -18.178071445420667 ], [ -39.822209624011187, -18.178039635198523 ], [ -39.822251553325657, -18.178020799696498 ], [ -39.822304411949709, -18.177998746468955 ], [ -39.82236446660378, -18.177972157518589 ], [ -39.822441142433576, -18.177936884092247 ], [ -39.822578421126501, -18.177876131973978 ], [ -39.822629578671958, -18.177852696771641 ], [ -39.822690131465059, -18.177827161154312 ], [ -39.822809540664181, -18.177772561959504 ], [ -39.822842370416375, -18.177756623633215 ] ] } },
{ "type": "Feature", "properties": { "Field": "001", "Length": 379.62956693180888, "Image": "/home/ubuntu/bemagro/data/image/Orthomosaico.tif", "Farm": "data" }, "geometry": { "type": "LineString", "coordinates": [ [ -39.822825585193826, -18.177748949687789 ], [ -39.822800792905298, -18.17776090392217 ], [ -39.822689935607805, -18.177811648460828 ], [ -39.822655637824653, -18.177826881287874 ], [ -39.822603626847254, -18.177848531657222 ], [ -39.822467147368314, -18.177910907275795 ], [ -39.822329954951805, -18.177971837228004 ], [ -39.822243785551066, -18.17800903316045 ], [ -39.822175686133995, -18.17804049988742 ], [ -39.822089697365975, -18.178078075793742 ], [ -39.822021878082332, -18.178110090661246 ], [ -39.821859341275193, -18.178183220527529 ], [ -39.821850753109899, -18.17818700049418 ], [ -39.821798583312216, -18.17820829842702 ], [ -39.821739115883929, -18.178236067114515 ], [ -39.82167045752135, -18.178266404051698 ], [ -39.821610857471597, -18.17829391171351 ], [ -39.821533368203433, -18.178327521880693 ], [ -39.821473724630884, -18.178354943423695 ], [ -39.821224820695953, -18.178464879788812 ], [ -39.821156721263499, -18.178496346999395 ], [ -39.821036721686554, -18.178549751617293 ], [ -39.820934292564225, -18.178596395003272 ], [ -39.820745646730941, -18.178680162579042 ], [ -39.820616684444914, -18.178736571588381 ], [ -39.820548596051204, -18.17876806080297 ], [ -39.820462785663054, -18.178806008629788 ], [ -39.820369017711428, -18.1788490160157 ], [ -39.820231626957273, -18.178909537884845 ], [ -39.820129300969356, -18.17895638804244 ], [ -39.82000908589594, -18.179009348616841 ], [ -39.819821604289189, -18.179095472038398 ], [ -39.819804350298803, -18.179102867937704 ], [ -39.81978671812584, -18.179109399261304 ], [ -39.81977796531082, -18.179112816893131 ], [ -39.81972690744422, -18.179136450546423 ], [ -39.819666716211657, -18.179162756136016 ], [ -39.819590641162158, -18.179199199894608 ], [ -39.819576266576711, -18.179205923998456 ] ] } },
{ "type": "Feature", "properties": { "Field": "001", "Length": 378.94227788170866, "Image": "/home/ubuntu/bemagro/data/image/Orthomosaico.tif", "Farm": "data" }, "geometry": { "type": "LineString", "coordinates": [ [ -39.819565459600334, -18.179196797206419 ], [ -39.81959994790968, -18.179180981826768 ], [ -39.81964963831139, -18.179156748748063 ], [ -39.819658812556682, -18.179152067529959 ], [ -39.819693390667055, -18.179137426389932 ], [ -39.819727053413629, -18.179120950229724 ], [ -39.819761382809709, -18.179105782722051 ], [ -39.819805173918532, -18.179088760406895 ], [ -39.81988119040313, -18.179052206814937 ], [ -39.819958413712094, -18.179018041241704 ], [ -39.820018091082716, -18.17899068646593 ], [ -39.820129755936613, -18.178941584703896 ], [ -39.82022370918267, -18.178898948292719 ], [ -39.820266767806359, -18.178880294675565 ], [ -39.820497502541357, -18.178775888173927 ], [ -39.820566230773153, -18.178745695584585 ], [ -39.820694448653015, -18.178687756716222 ], [ -39.820737562890606, -18.178669220991029 ], [ -39.820822202444852, -18.178631013269271 ], [ -39.820849057637481, -18.17861979006711 ], [ -39.820916746360844, -18.178589602717125 ], [ -39.821054264287433, -18.178527208170305 ], [ -39.821157201584647, -18.178481599022355 ], [ -39.82121616798652, -18.178454919338908 ], [ -39.82122533366816, -18.178450224247396 ], [ -39.82125985165144, -18.178435453771279 ], [ -39.821345267015815, -18.178396700674572 ], [ -39.821695979397958, -18.178240975970233 ], [ -39.821781994718151, -18.178201327994962 ], [ -39.821851126752442, -18.178171990555299 ], [ -39.821936979094552, -18.178134130223821 ], [ -39.822022341933703, -18.178095271767557 ], [ -39.822115714699727, -18.178051486889956 ], [ -39.822184643770036, -18.178021716560469 ], [ -39.822252762996477, -18.17799028915114 ], [ -39.822338993620086, -18.177953223063842 ], [ -39.822398703688272, -18.177925934424572 ], [ -39.822501799524211, -18.177880653974594 ], [ -39.822587140710453, -18.177841752453251 ], [ -39.822673304104953, -18.177804543950725 ], [ -39.822774525187192, -18.177757585755668 ], [ -39.822808063536328, -18.177740939053312 ] ] } },
{ "type": "Feature", "properties": { "Field": "001", "Length": 378.28419034215506, "Image": "/home/ubuntu/bemagro/data/image/Orthomosaico.tif", "Farm": "data" }, "geometry": { "type": "LineString", "coordinates": [ [ -39.819553558964188, -18.179186746786442 ], [ -39.819630706587773, -18.179151459405389 ], [ -39.819655672543107, -18.179138591176663 ], [ -39.819680983819538, -18.179126354911542 ], [ -39.819749435165541, -18.179095593042216 ], [ -39.819766694637003, -18.179088208805975 ], [ -39.819860757559098, -18.179045793940592 ], [ -39.819912403155691, -18.179023357450614 ], [ -39.820083369715753, -18.178946124002323 ], [ -39.820186480928463, -18.178900874195513 ], [ -39.820348922731583, -18.178827550225435 ], [ -39.820417613396224, -18.178797280261307 ], [ -39.820511334979933, -18.17875418091683 ], [ -39.820605853941139, -18.178712702790005 ], [ -39.82066557084709, -18.178685428428139 ], [ -39.820948613176, -18.178559928603086 ], [ -39.821076757079737, -18.178501840982207 ], [ -39.82132615710011, -18.178390779036594 ], [ -39.821437241294156, -18.17834048924199 ], [ -39.821496579474214, -18.178314574890447 ], [ -39.821582021965234, -18.178275876563216 ], [ -39.821703050528129, -18.178222445125854 ], [ -39.82179597231287, -18.178179843467266 ], [ -39.821847726072455, -18.17815763647004 ], [ -39.822001978078958, -18.178088906094789 ], [ -39.822053672373904, -18.178066574667497 ], [ -39.822146951208687, -18.1780226083415 ], [ -39.822190048480046, -18.178004037254581 ], [ -39.822258432697048, -18.177973140524358 ], [ -39.822301648111569, -18.177954822357844 ], [ -39.82239558753998, -18.177912159547127 ], [ -39.82248165362904, -18.177874746083532 ], [ -39.822532737118003, -18.177851163843755 ], [ -39.822712708533352, -18.177771001157179 ], [ -39.822722067721799, -18.177766666298933 ], [ -39.822790412329702, -18.177732869188535 ] ] } },
{ "type": "Feature", "properties": { "Field": "001", "Length": 377.73265286987515, "Image": "/home/ubuntu/bemagro/data/image/Orthomosaico.tif", "Farm": "data" }, "geometry": { "type": "LineString", "coordinates": [ [ -39.819542310124312, -18.179177246824846 ], [ -39.819645229790098, -18.179130608943932 ], [ -39.819678622331487, -18.179113636848257 ], [ -39.819704108784386, -18.179101736415372 ], [ -39.819729773464445, -18.179090191258858 ], [ -39.819738392666828, -18.179086476295634 ], [ -39.81977308887349, -18.17907209058146 ], [ -39.819781643488874, -18.179068241634258 ], [ -39.81981542320954, -18.179051984681806 ], [ -39.819823951112063, -18.179048081950619 ], [ -39.819918487053307, -18.179006639490339 ], [ -39.820080653836627, -18.178932761172867 ], [ -39.820175239984003, -18.178891423562465 ], [ -39.820346252724732, -18.178814284090738 ], [ -39.820389338345059, -18.178795688093704 ], [ -39.820397902045464, -18.178791857680423 ], [ -39.820465981338664, -18.178760350324456 ], [ -39.820525889056384, -18.178733459921489 ], [ -39.820603273390617, -18.178699629099686 ], [ -39.820628798565053, -18.178687805940221 ], [ -39.820663255032343, -18.178672905679079 ], [ -39.82085159013311, -18.178588501664144 ], [ -39.820920434043281, -18.178558552599739 ], [ -39.820997130016877, -18.178523318614953 ], [ -39.821083051546303, -18.178485602181553 ], [ -39.821168324097137, -18.178446563216379 ], [ -39.821211477135385, -18.178428112943646 ], [ -39.821544984585131, -18.178277758439293 ], [ -39.821690972017045, -18.178213475455703 ], [ -39.821750515255943, -18.178185856297457 ], [ -39.821759076416001, -18.17818202076624 ], [ -39.821827946982012, -18.178152126923255 ], [ -39.821973484678345, -18.178086918884052 ], [ -39.822051153608328, -18.178053690481665 ], [ -39.822059684449144, -18.178049793729489 ], [ -39.822076560468695, -18.178041639233719 ], [ -39.822085077823779, -18.178037715621649 ], [ -39.822110828501472, -18.178026347130121 ], [ -39.822119347926453, -18.178022427627813 ], [ -39.82217016791148, -18.177998331564002 ], [ -39.822204360258112, -18.177982883324017 ], [ -39.822298993218403, -18.177941644757983 ], [ -39.822367176657124, -18.177910345503133 ], [ -39.822427466433048, -18.177884250069848 ], [ -39.822512716279824, -18.177845165825289 ], [ -39.822547265915134, -18.177830464713264 ], [ -39.822709897040816, -18.17775752741759 ], [ -39.822718361990404, -18.17775350154491 ], [ -39.822774409688108, -18.177725553020704 ] ] } },
{ "type": "Feature", "properties": { "Field": "001", "Length": 377.27209874937569, "Image": "/home/ubuntu/bemagro/data/image/Orthomosaico.tif", "Farm": "data" }, "geometry": { "type": "LineString", "coordinates": [ [ -39.819529951741806, -18.179166809821297 ], [ -39.819658714479061, -18.179109467225832 ], [ -39.819700976518355, -18.179089217271226 ], [ -39.819735414329955, -18.179074275080598 ], [ -39.819786469334119, -18.179050635588155 ], [ -39.819932236375948, -18.178985895620414 ], [ -39.820060081177672, -18.178927207847675 ], [ -39.820171941583887, -18.178878514475326 ], [ -39.820334312832365, -18.178805047987851 ], [ -39.820369018603678, -18.178790683623561 ], [ -39.820522628813869, -18.17872065101168 ], [ -39.820617223601381, -18.178679331161351 ], [ -39.820745367376034, -18.178621242668271 ], [ -39.821053898543262, -18.178483835879295 ], [ -39.821105029193745, -18.178460346665776 ], [ -39.821156822782086, -18.178438224282981 ], [ -39.821225051814672, -18.178407014598367 ], [ -39.821293782084979, -18.178376826538784 ], [ -39.821404653488742, -18.178326109389431 ], [ -39.821439223021187, -18.178311448102068 ], [ -39.821550222814309, -18.178260988231166 ], [ -39.821696172699362, -18.178196627264331 ], [ -39.821747248916971, -18.178173030246768 ], [ -39.821815982019864, -18.178142848341995 ], [ -39.821858350486174, -18.178122803103836 ], [ -39.821927337067109, -18.178093154284554 ], [ -39.822030322959037, -18.178047645517452 ], [ -39.822072767533825, -18.178027747930404 ], [ -39.822124336136611, -18.178005150683838 ], [ -39.822192471407426, -18.177973754776446 ], [ -39.822304144357908, -18.17792467130165 ], [ -39.822329543858963, -18.177912602642682 ], [ -39.822415393622038, -18.177874737182801 ], [ -39.822492143732205, -18.177839611747675 ], [ -39.822612345673349, -18.177786625656477 ], [ -39.822672017307632, -18.177759260284617 ], [ -39.822714985247778, -18.177740417295595 ], [ -39.822758991796682, -18.177718504189986 ] ] } },
{ "type": "Feature", "properties": { "Field": "001", "Length": 376.78200903288854, "Image": "/home/ubuntu/bemagro/data/image/Orthomosaico.tif", "Farm": "data" }, "geometry": { "type": "LineString", "coordinates": [ [ -39.81951843556763, -18.179157084084611 ], [ -39.819724490062683, -18.17906470100365 ], [ -39.819801149066166, -18.179029393109193 ], [ -39.819886926168785, -18.178991376240809 ], [ -39.820014741217918, -18.17893262931846 ], [ -39.820040736921037, -18.17892178200805 ], [ -39.820169517585256, -18.17886499459194 ], [ -39.82029754350809, -18.178806668881641 ], [ -39.820375275206146, -18.178773573423449 ], [ -39.820503245299413, -18.178715135997454 ], [ -39.820606313926611, -18.17866979781942 ], [ -39.820691615545954, -18.178630816084588 ], [ -39.82080318731029, -18.178581521778071 ], [ -39.820982656071493, -18.178500334283743 ], [ -39.821180423300319, -18.178413893145901 ], [ -39.821222786364444, -18.178393837242545 ], [ -39.821350897133378, -18.178335682737959 ], [ -39.821462635145842, -18.178286734156611 ], [ -39.821522184021276, -18.17825912515071 ], [ -39.821616288919294, -18.178216796129899 ], [ -39.821676619110136, -18.178190783202002 ], [ -39.821710577826153, -18.178174871041431 ], [ -39.821753662590609, -18.17815627297486 ], [ -39.821830214679757, -18.178120754647509 ], [ -39.822010682799529, -18.178041618194829 ], [ -39.822164194231114, -18.177971389431846 ], [ -39.822207395579333, -18.177953040225511 ], [ -39.822301642449361, -18.177911001179066 ], [ -39.822352565057095, -18.177887102964927 ], [ -39.822404331193283, -18.17786492230697 ], [ -39.822652533073672, -18.177753546860909 ], [ -39.822695584121583, -18.177734877891808 ], [ -39.822743733174811, -18.177711528173131 ] ] } },
{ "type": "Feature", "properties": { "Field": "001", "Length": 376.06886292832849, "Image": "/home/ubuntu/bemagro/data/image/Orthomosaico.tif", "Farm": "data" }, "geometry": { "type": "LineString", "coordinates": [ [ -39.822725349294785, -18.177703123331966 ], [ -39.82271309293737, -18.177710657715707 ], [ -39.822708168340434, -18.177713324611574 ], [ -39.822692597862577, -18.177719878793237 ], [ -39.822658535332465, -18.177735586643344 ], [ -39.822598360243937, -18.177761925440684 ], [ -39.822513091723287, -18.17780097233603 ], [ -39.822375538546659, -18.177861154378707 ], [ -39.822324543856276, -18.177884911750265 ], [ -39.822247522263147, -18.177919490008502 ], [ -39.822161417802825, -18.177956823379098 ], [ -39.822084796634861, -18.17799220516909 ], [ -39.822041726681441, -18.178010834458323 ], [ -39.821964761220642, -18.178045526848365 ], [ -39.821905274549465, -18.178073257930997 ], [ -39.821853457075242, -18.178095328857147 ], [ -39.821656684749478, -18.178183819426227 ], [ -39.821536517378313, -18.178236877751079 ], [ -39.821459965168032, -18.178272395948621 ], [ -39.821400038922761, -18.17829924855544 ], [ -39.821348365061695, -18.1783216252452 ], [ -39.821279961380959, -18.178352483580134 ], [ -39.821210986472195, -18.178382157418415 ], [ -39.821100215803554, -18.178433075380696 ], [ -39.820988480729739, -18.178482030304409 ], [ -39.82088607161235, -18.178528713755846 ], [ -39.820765794148642, -18.178581544198085 ], [ -39.820646310023022, -18.178635994710035 ], [ -39.820534516893908, -18.178684828687491 ], [ -39.820372431531212, -18.178758869551984 ], [ -39.820269068483526, -18.178803591215953 ], [ -39.82015820199058, -18.178854318872226 ], [ -39.819995135984499, -18.178926365854647 ], [ -39.819944126561758, -18.178950094993869 ], [ -39.819849711548656, -18.178991789150569 ], [ -39.819687584711595, -18.179065747645655 ], [ -39.819576187739223, -18.179115402520882 ], [ -39.819507021902709, -18.179147444918101 ] ] } },
{ "type": "Feature", "properties": { "Field": "001", "Length": 375.60419161645376, "Image": "/home/ubuntu/bemagro/data/image/Orthomosaico.tif", "Farm": "data" }, "geometry": { "type": "LineString", "coordinates": [ [ -39.819495499609374, -18.179137714009983 ], [ -39.819554469995346, -18.179110085720129 ], [ -39.819597516629315, -18.179091407140358 ], [ -39.819665642319563, -18.179059991635324 ], [ -39.819794214177158, -18.179002773432064 ], [ -39.819862294003968, -18.178971267087864 ], [ -39.820119379373587, -18.178856711249754 ], [ -39.820221631837569, -18.17880971474516 ], [ -39.820350743129232, -18.17875361794805 ], [ -39.820376144750021, -18.178741553766343 ], [ -39.820504482581036, -18.178683858234834 ], [ -39.820701792283252, -18.178596466494934 ], [ -39.820769885251579, -18.178564986480922 ], [ -39.820847252268948, -18.178531119747703 ], [ -39.821035376164737, -18.178446286880842 ], [ -39.82109563478862, -18.178420122715487 ], [ -39.821206543662377, -18.178369480573057 ], [ -39.821361178192021, -18.17830153979569 ], [ -39.821531988754316, -18.178223993114127 ], [ -39.821643735391142, -18.178175062779463 ], [ -39.821754613271494, -18.178124358948168 ], [ -39.821883689738627, -18.178068190075024 ], [ -39.82197742503633, -18.178025118756079 ], [ -39.822071865551592, -18.177983478720389 ], [ -39.822122947451533, -18.177959893245657 ], [ -39.822148912165588, -18.177948979515588 ], [ -39.822199893246065, -18.177925196396238 ], [ -39.822234577700641, -18.177910786698671 ], [ -39.822294678414316, -18.177884293376124 ], [ -39.822388263922377, -18.17784092563604 ], [ -39.822508647717569, -18.177788318424003 ], [ -39.82258532364731, -18.177753045577045 ], [ -39.822670954285805, -18.177714729683039 ], [ -39.822696172412009, -18.17770231920413 ], [ -39.822710564955955, -18.177696364146509 ] ] } },
{ "type": "Feature", "properties": { "Field": "001", "Length": 374.70668437161066, "Image": "/home/ubuntu/bemagro/data/image/Orthomosaico.tif", "Farm": "data" }, "geometry": { "type": "LineString", "coordinates": [ [ -39.822689512305693, -18.177686739176988 ], [ -39.822674260510254, -18.177696505992888 ], [ -39.822665927726561, -18.177700775909102 ], [ -39.822623720449378, -18.177721128787237 ], [ -39.822461456092107, -18.177794808412177 ], [ -39.822358345449167, -18.177840057600616 ], [ -39.822290218827042, -18.177871469959481 ], [ -39.822212742889192, -18.17790510778455 ], [ -39.821870699138039, -18.178059346429407 ], [ -39.821750167383229, -18.178111643073716 ], [ -39.821699156226423, -18.178135368184844 ], [ -39.821579472762366, -18.1781894165366 ], [ -39.821570893165486, -18.178193213651571 ], [ -39.821544888627081, -18.178204040485685 ], [ -39.821399350033552, -18.178269246832851 ], [ -39.821331142485, -18.178300499085648 ], [ -39.821202418677814, -18.178357403148791 ], [ -39.821082745248624, -18.178411471917023 ], [ -39.821005313759457, -18.178445202930444 ], [ -39.820971343372598, -18.178461091718273 ], [ -39.820902551014555, -18.178491150223692 ], [ -39.820603230530153, -18.178626045977094 ], [ -39.820508562298507, -18.178667211476469 ], [ -39.820363401657147, -18.178733183962567 ], [ -39.820243359467874, -18.178786501146785 ], [ -39.820191567223063, -18.178808625898618 ], [ -39.819961318707392, -18.17891400878603 ], [ -39.819952765660915, -18.178917860521615 ], [ -39.819892350651578, -18.178943693067406 ], [ -39.819789798879299, -18.17899009004795 ], [ -39.819652514101016, -18.179050831438843 ], [ -39.819483954019276, -18.179127963425234 ] ] } },
{ "type": "Feature", "properties": { "Field": "001", "Length": 374.36608707068848, "Image": "/home/ubuntu/bemagro/data/image/Orthomosaico.tif", "Farm": "data" }, "geometry": { "type": "LineString", "coordinates": [ [ -39.822676303518989, -18.177680700307555 ], [ -39.822647722337663, -18.177694059782787 ], [ -39.822605906918618, -18.177715139315659 ], [ -39.822520154167037, -18.177753204944711 ], [ -39.822452089424971, -18.177784740167439 ], [ -39.822237707315935, -18.177879904039408 ], [ -39.822118333701802, -18.177934574544082 ], [ -39.822049266435869, -18.177964051099043 ], [ -39.82181838363703, -18.178068155845402 ], [ -39.82173224425128, -18.178105415725305 ], [ -39.821578676243988, -18.178175531699097 ], [ -39.821406880870732, -18.178251064519536 ], [ -39.821338693724883, -18.17828235762688 ], [ -39.82124427158395, -18.178324036253073 ], [ -39.82114187439786, -18.178370743434108 ], [ -39.820978733262073, -18.178442633849009 ], [ -39.820824666774847, -18.17851174410734 ], [ -39.820611030029816, -18.178608429369572 ], [ -39.820524819494125, -18.178645539212766 ], [ -39.820448188731, -18.178680902725368 ], [ -39.820370901567365, -18.178714936080716 ], [ -39.82025127016631, -18.178769090552837 ], [ -39.82016505044534, -18.178806181077842 ], [ -39.820122614758823, -18.17882609644386 ], [ -39.819960328786308, -18.178899735040023 ], [ -39.819891424826579, -18.178929559641574 ], [ -39.819797451415731, -18.178972155600306 ], [ -39.819711436090209, -18.179009677457 ], [ -39.81947217635016, -18.179118016841166 ] ] } },
{ "type": "Feature", "properties": { "Field": "001", "Length": 373.80516654562518, "Image": "/home/ubuntu/bemagro/data/image/Orthomosaico.tif", "Farm": "data" }, "geometry": { "type": "LineString", "coordinates": [ [ -39.819460731237882, -18.179108351109193 ], [ -39.819708789092189, -18.178995033220264 ], [ -39.819786333954873, -18.178961539485417 ], [ -39.819871602511512, -18.17892249139425 ], [ -39.820068803221801, -18.178834874533699 ], [ -39.820171222409812, -18.178788210853764 ], [ -39.820274092430765, -18.178742462296999 ], [ -39.82036779161394, -18.178699318227945 ], [ -39.820454075423477, -18.178662364255707 ], [ -39.820625679772348, -18.178586434812917 ], [ -39.820744977481667, -18.178531612175124 ], [ -39.820865253710075, -18.178478779244433 ], [ -39.820950320463581, -18.178439331568249 ], [ -39.821216335752787, -18.178321700741094 ], [ -39.821267418811274, -18.17829811715271 ], [ -39.821455908301296, -18.178214029521719 ], [ -39.821489915345126, -18.178198211933083 ], [ -39.821576096916097, -18.178161041219553 ], [ -39.821704011284332, -18.178102493391105 ], [ -39.821755336381884, -18.17807939510093 ], [ -39.82180711645271, -18.178057244063034 ], [ -39.821892499287607, -18.178018425782504 ], [ -39.821952654499704, -18.177992045314614 ], [ -39.822029312931853, -18.177956737319573 ], [ -39.822184008841596, -18.177888925048645 ], [ -39.822226570160588, -18.177869256683334 ], [ -39.822278119266869, -18.177846618926377 ], [ -39.822363222887745, -18.177807244631808 ], [ -39.822534522215307, -18.177730690366715 ], [ -39.822585482567199, -18.177706866180024 ], [ -39.822603026695269, -18.177700122803405 ], [ -39.822628216375662, -18.177687658969639 ], [ -39.822645413302816, -18.177680142100932 ], [ -39.822660083602848, -18.177673284790703 ] ] } },
{ "type": "Feature", "properties": { "Field": "001", "Length": 367.21393846862583, "Image": "/home/ubuntu/bemagro/data/image/Orthomosaico.tif", "Farm": "data" }, "geometry": { "type": "LineString", "coordinates": [ [ -39.819437741842272, -18.179088935886938 ], [ -39.819480179723193, -18.17907017170268 ], [ -39.819582221399322, -18.179022758340327 ], [ -39.819685150247423, -18.178977130759051 ], [ -39.819727635327851, -18.178957312048976 ], [ -39.81981367420407, -18.178919840155054 ], [ -39.819898765135775, -18.178880440065541 ], [ -39.820087591207944, -18.178797044056065 ], [ -39.820395525004571, -18.178658417601991 ], [ -39.820515858321684, -18.178605703425422 ], [ -39.820721129573329, -18.178513249872672 ], [ -39.820755066714248, -18.178497295715687 ], [ -39.82085798376194, -18.178451644661035 ], [ -39.820875214690311, -18.178444200493686 ], [ -39.820969364488917, -18.178401962578118 ], [ -39.820994741309391, -18.178389851003285 ], [ -39.821003271338462, -18.178385952912897 ], [ -39.821046123397757, -18.178366869822472 ], [ -39.821089337542688, -18.178348548450028 ], [ -39.82114905566948, -18.178321276779329 ], [ -39.82123489252961, -18.178283384451436 ], [ -39.821371320103182, -18.178220904776062 ], [ -39.821457589702327, -18.178183922095101 ], [ -39.821577703082816, -18.178130752516584 ], [ -39.821679750701158, -18.178083352272694 ], [ -39.821697065271152, -18.178076088406083 ], [ -39.821705633452083, -18.178072268009362 ], [ -39.821739659453549, -18.178056487837981 ], [ -39.82183453971485, -18.178015772677426 ], [ -39.821877025379329, -18.177995956933508 ], [ -39.821988507043415, -18.177946478366927 ], [ -39.822031051096111, -18.177926776271811 ], [ -39.822099855355191, -18.177896743923675 ], [ -39.822142254042241, -18.177876758555708 ], [ -39.822168122804477, -18.177865642514003 ], [ -39.822219339203144, -18.177842325015117 ], [ -39.822253907689827, -18.177827662778004 ], [ -39.822262478810302, -18.177823848005655 ], [ -39.822322190206599, -18.177796561988238 ], [ -39.822399395190516, -18.177762359775652 ], [ -39.822450417103795, -18.177738656427259 ], [ -39.822519043119854, -18.177708255044646 ], [ -39.822553094871907, -18.177692525758687 ], [ -39.822580328474245, -18.17767855438467 ] ] } },
{ "type": "Feature", "properties": { "Field": "001", "Length": 373.02290232373161, "Image": "/home/ubuntu/bemagro/data/image/Orthomosaico.tif", "Farm": "data" }, "geometry": { "type": "LineString", "coordinates": [ [ -39.819449088976484, -18.179098518877165 ], [ -39.819508640385287, -18.179072064028095 ], [ -39.819559549758694, -18.179048139618207 ], [ -39.819721829749831, -18.178974488813168 ], [ -39.819790690376479, -18.178944573081587 ], [ -39.819953040678271, -18.178871064249861 ], [ -39.820004692534283, -18.178848640996236 ], [ -39.820149995283593, -18.178782954845037 ], [ -39.820278668277993, -18.178725945119169 ], [ -39.820363717138157, -18.178686462164354 ], [ -39.820493003404266, -18.178630735326898 ], [ -39.820604461562674, -18.178581206844932 ], [ -39.820740758869945, -18.178518467240046 ], [ -39.82085256858506, -18.178469668504849 ], [ -39.820954678588748, -18.178422390623577 ], [ -39.821212133842813, -18.17830859823092 ], [ -39.821442977361656, -18.178204413258022 ], [ -39.821571948674752, -18.178148023853574 ], [ -39.821716833445542, -18.17808150083016 ], [ -39.821811515705278, -18.178040365562278 ], [ -39.821897014909901, -18.178001782185238 ], [ -39.821940106921993, -18.17798319975428 ], [ -39.822076769981479, -18.177921192559584 ], [ -39.822145714389968, -18.177891454706636 ], [ -39.822324949057609, -18.177809797942565 ], [ -39.822556132166866, -18.177706304719429 ], [ -39.822640757888045, -18.177664449343869 ] ] } },
{ "type": "Feature", "properties": { "Field": "001", "Length": 371.88523337331327, "Image": "/home/ubuntu/bemagro/data/image/Orthomosaico.tif", "Farm": "data" }, "geometry": { "type": "LineString", "coordinates": [ [ -39.822611208175658, -18.177672896700301 ], [ -39.822590674426891, -18.177666054444483 ], [ -39.82258886312998, -18.177665535308101 ], [ -39.822586999932149, -18.177665226678602 ], [ -39.822585111804571, -18.177665127664238 ], [ -39.822580902135108, -18.177665544100396 ], [ -39.822578808541586, -18.177665877257404 ], [ -39.822575012089644, -18.177667077268676 ], [ -39.822550048417241, -18.177679949080929 ], [ -39.822499974517264, -18.177703448266168 ], [ -39.822447328977013, -18.177725962516003 ], [ -39.822344473918122, -18.177771740465339 ], [ -39.822260042884011, -18.177810365763179 ], [ -39.822192147424055, -18.177840124032429 ], [ -39.822173645277047, -18.177849207285941 ], [ -39.822115562925987, -18.177875559238764 ], [ -39.821985928824738, -18.177932733978562 ], [ -39.821874963341614, -18.177983262150128 ], [ -39.821738252466297, -18.178043031787343 ], [ -39.821686292877089, -18.178066957482574 ], [ -39.821650833438923, -18.17808192822741 ], [ -39.821565877172738, -18.17812159172469 ], [ -39.821523681924049, -18.178139876466496 ], [ -39.821463018792969, -18.178167353966785 ], [ -39.821376844170764, -18.178204539038191 ], [ -39.821266723794778, -18.178254661959937 ], [ -39.821146439907075, -18.178307478319915 ], [ -39.821086031609617, -18.178335463815291 ], [ -39.821009334420687, -18.178368554899031 ], [ -39.820881621980639, -18.178427503706537 ], [ -39.820828861988645, -18.178449771848342 ], [ -39.820701619902763, -18.178507568165827 ], [ -39.820623440123377, -18.178541908840096 ], [ -39.820521979533297, -18.178588393311738 ], [ -39.820453147703148, -18.178618369071518 ], [ -39.820375632123493, -18.178654058923893 ], [ -39.820255304089692, -18.17870678408509 ], [ -39.820102450402231, -18.178776233022784 ], [ -39.820024163244625, -18.178810349564944 ], [ -39.819948312484719, -18.178845178138491 ], [ -39.8198879794543, -18.178871185051701 ], [ -39.819802912344528, -18.178910631851391 ], [ -39.819741698278655, -18.178936969585088 ], [ -39.819640264272969, -18.178983507549287 ], [ -39.819562870482429, -18.179017318550144 ], [ -39.819511093436937, -18.179041604172401 ], [ -39.819426302856698, -18.179079275323719 ] ] } },
{ "type": "Feature", "properties": { "Field": "001", "Length": 371.60578738844316, "Image": "/home/ubuntu/bemagro/data/image/Orthomosaico.tif", "Farm": "data" }, "geometry": { "type": "LineString", "coordinates": [ [ -39.822594925616812, -18.17764349545816 ], [ -39.822578397629108, -18.177651007705716 ], [ -39.822561101860032, -18.177658314435501 ], [ -39.822544252630138, -18.177666517883861 ], [ -39.82247566433081, -18.177696998945894 ], [ -39.822433114437118, -18.177716687639492 ], [ -39.822381373158869, -18.177738920137692 ], [ -39.822313201935046, -18.177770244493964 ], [ -39.822261664112673, -18.177792903810762 ], [ -39.822185108889251, -18.177828414852907 ], [ -39.822116334837375, -18.17785851014068 ], [ -39.822056866769628, -18.177886276936967 ], [ -39.821996813235437, -18.17791286817527 ], [ -39.821945037132231, -18.177935026051617 ], [ -39.82188528118045, -18.17796222266518 ], [ -39.821790778911854, -18.178003734307435 ], [ -39.821688390537012, -18.178050458730461 ], [ -39.821619500247799, -18.17808030842016 ], [ -39.821560023039858, -18.178108057669935 ], [ -39.821405817314499, -18.178176882955274 ], [ -39.821354116961004, -18.178199202311777 ], [ -39.821260209345674, -18.17824192956207 ], [ -39.821148611061083, -18.178291168343723 ], [ -39.821063188339217, -18.178329906676836 ], [ -39.820942789458726, -18.178382482111864 ], [ -39.820866070011263, -18.17841766925217 ], [ -39.82080588285455, -18.178443981015317 ], [ -39.820763381207591, -18.178463766770687 ], [ -39.820634770098849, -18.178520903282873 ], [ -39.820506936398395, -18.178579611886729 ], [ -39.820429501875857, -18.178613337453445 ], [ -39.820318312961263, -18.178663415973375 ], [ -39.820266590473665, -18.178685688165825 ], [ -39.820087322972064, -18.178767281374292 ], [ -39.820078752239326, -18.178771097388442 ], [ -39.820009793273869, -18.178800804817399 ], [ -39.819881712562932, -18.178859020371526 ], [ -39.819795890054017, -18.178896943094081 ], [ -39.819702060581811, -18.178939827812712 ], [ -39.819599242035444, -18.178985681987317 ], [ -39.819522576324793, -18.179020975939995 ], [ -39.819413614179759, -18.179068559356914 ] ] } },
{ "type": "Feature", "properties": { "Field": "001", "Length": 371.0112733095753, "Image": "/home/ubuntu/bemagro/data/image/Orthomosaico.tif", "Farm": "data" }, "geometry": { "type": "LineString", "coordinates": [ [ -39.819401834507737, -18.179058611069941 ], [ -39.819456499698539, -18.179034985699072 ], [ -39.81956769835547, -18.178984926435472 ], [ -39.819619359850783, -18.178962523210814 ], [ -39.819772897859188, -18.178892345725433 ], [ -39.819884331201848, -18.178842765769431 ], [ -39.819961091030464, -18.178807658783228 ], [ -39.820038174021334, -18.178773204851865 ], [ -39.820115698879242, -18.178739669031625 ], [ -39.820234897748215, -18.178684650093739 ], [ -39.820295218494749, -18.178658616761048 ], [ -39.820346360915444, -18.178635150822224 ], [ -39.820492416923273, -18.178571009441821 ], [ -39.820628790712149, -18.178508421763233 ], [ -39.820783010597147, -18.17843962481966 ], [ -39.820825581295459, -18.178419974702408 ], [ -39.820868713654519, -18.178401477568041 ], [ -39.820945492788866, -18.178366409633597 ], [ -39.821031349066878, -18.178328557141391 ], [ -39.821039937706836, -18.178324778141928 ], [ -39.821065967982236, -18.178314007079198 ], [ -39.821159682342184, -18.178270893690268 ], [ -39.821220066889587, -18.178244996189459 ], [ -39.821322508165721, -18.178198377612873 ], [ -39.821605444129801, -18.178072660548931 ], [ -39.821707892371897, -18.178026056155982 ], [ -39.821802178801683, -18.177984098121527 ], [ -39.82182823334243, -18.177973380939665 ], [ -39.821947840986645, -18.177919179826425 ], [ -39.822059481518046, -18.177870029004897 ], [ -39.822127407151946, -18.17783822086778 ], [ -39.822170222422301, -18.177819062755503 ], [ -39.822187619329029, -18.17781197879599 ], [ -39.822272875378772, -18.177772907107272 ], [ -39.822350274479909, -18.177739107958665 ], [ -39.822384204956116, -18.177723141030235 ], [ -39.822427335250588, -18.177704639931438 ], [ -39.822478452742523, -18.177681125044653 ], [ -39.822495806400838, -18.177673944871241 ], [ -39.822578004582596, -18.177635759389336 ] ] } },
{ "type": "Feature", "properties": { "Field": "001", "Length": 370.41820827256015, "Image": "/home/ubuntu/bemagro/data/image/Orthomosaico.tif", "Farm": "data" }, "geometry": { "type": "LineString", "coordinates": [ [ -39.822561195486493, -18.177628074494894 ], [ -39.82251893678071, -18.177646990166807 ], [ -39.822510446095116, -18.177650965817051 ], [ -39.822476777528458, -18.177667430025387 ], [ -39.822468191679739, -18.177671213419583 ], [ -39.822450803342448, -18.177678315005203 ], [ -39.822442227857657, -18.177682121077769 ], [ -39.82228843719227, -18.177751788736703 ], [ -39.822236921314079, -18.177774495055363 ], [ -39.822219561839212, -18.177781659460262 ], [ -39.822202496589277, -18.177789444820586 ], [ -39.82214244823092, -18.177816046371163 ], [ -39.822066082992599, -18.177851929184495 ], [ -39.821979911511683, -18.177889120085606 ], [ -39.821919931423949, -18.177915862245491 ], [ -39.821902880562511, -18.177923675587131 ], [ -39.821860532564081, -18.177943759076701 ], [ -39.821782554076194, -18.177976316015631 ], [ -39.821748587619382, -18.177992211374754 ], [ -39.821705536341838, -18.17801087911478 ], [ -39.82164590471421, -18.178038323313071 ], [ -39.821594037062589, -18.17806028434196 ], [ -39.821543302916609, -18.178084544371384 ], [ -39.821534760930817, -18.17808841869752 ], [ -39.821474747724849, -18.17811509285858 ], [ -39.82144878347718, -18.178126007474038 ], [ -39.821389221653014, -18.178153589143289 ], [ -39.821345971165954, -18.178171830443585 ], [ -39.821303557058712, -18.178191785959523 ], [ -39.821183426232629, -18.178244919341953 ], [ -39.821063874902514, -18.178299234246676 ], [ -39.820952099835857, -18.1783481052633 ], [ -39.820772810885906, -18.178429654357014 ], [ -39.820626631091194, -18.178493536742845 ], [ -39.820558709777856, -18.178525353067666 ], [ -39.820472751240445, -18.178562991674948 ], [ -39.820439018156641, -18.178579334462505 ], [ -39.820430426349084, -18.178583106703787 ], [ -39.820369921229805, -18.178608745668861 ], [ -39.820284595576027, -18.178647678540063 ], [ -39.820215655454319, -18.178677425484445 ], [ -39.820130849849789, -18.178717381780352 ], [ -39.820070099911156, -18.178742484098301 ], [ -39.820061539890652, -18.178746321811978 ], [ -39.820044557989348, -18.178754272828446 ], [ -39.820002356849706, -18.178774636350774 ], [ -39.819933300720415, -18.178804136573188 ], [ -39.819916124963299, -18.178811696694467 ], [ -39.819881973320214, -18.17882722684309 ], [ -39.819848157971897, -18.178843415332636 ], [ -39.819839625670006, -18.178847309223844 ], [ -39.819625817446749, -18.178943648277308 ], [ -39.819531167691629, -18.178984852754503 ], [ -39.819411946041754, -18.179039826307775 ], [ -39.819390543959358, -18.179049075860785 ] ] } },
{ "type": "Feature", "properties": { "Field": "001", "Length": 369.78079040100897, "Image": "/home/ubuntu/bemagro/data/image/Orthomosaico.tif", "Farm": "data" }, "geometry": { "type": "LineString", "coordinates": [ [ -39.822545156864919, -18.177620741849093 ], [ -39.82251124458864, -18.177637492168337 ], [ -39.822476837481922, -18.177652498140379 ], [ -39.822468654714093, -18.17765702581401 ], [ -39.822382646645266, -18.177694561305763 ], [ -39.822232596902005, -18.177763329276839 ], [ -39.822227348398656, -18.17776538178693 ], [ -39.822222624536252, -18.177766825480202 ], [ -39.822218643813322, -18.17776824363381 ], [ -39.822177386870102, -18.177786841416086 ], [ -39.822151367286942, -18.177797635872633 ], [ -39.822040532585284, -18.177848425612662 ], [ -39.821911554161851, -18.177904799760981 ], [ -39.821834949134157, -18.177940213463668 ], [ -39.821791851603479, -18.17795878436462 ], [ -39.82175803405017, -18.177974968781999 ], [ -39.821706053503853, -18.177996686527877 ], [ -39.821620611136957, -18.178035384923199 ], [ -39.821586082662336, -18.178050134213127 ], [ -39.821560786440415, -18.178062399530532 ], [ -39.821526315365773, -18.178077271062069 ], [ -39.821458053023356, -18.178108413859391 ], [ -39.821423547077224, -18.178123211318532 ], [ -39.821364089642557, -18.1781509996324 ], [ -39.821346675476747, -18.178158044866574 ], [ -39.821269709448089, -18.178192736278504 ], [ -39.821183543995765, -18.178229941190384 ], [ -39.821047002234046, -18.178292192885326 ], [ -39.820960847902043, -18.178329421428373 ], [ -39.820841586555368, -18.178384316034723 ], [ -39.820755907218185, -18.178422533161495 ], [ -39.820626866570393, -18.178478778005744 ], [ -39.820576068760111, -18.178502918085172 ], [ -39.820498711750368, -18.178536805933234 ], [ -39.820456425365123, -18.178557009232012 ], [ -39.820413711946387, -18.178576374373073 ], [ -39.820335967223258, -18.178609441692362 ], [ -39.820250712237574, -18.178648516516382 ], [ -39.820199010799286, -18.178670835167715 ], [ -39.82012250121339, -18.178706437582953 ], [ -39.820061845784544, -18.178731750450197 ], [ -39.820002538752938, -18.1787598313954 ], [ -39.819890814243344, -18.17880880886965 ], [ -39.819694448462201, -18.178898122595172 ], [ -39.819659940607572, -18.178912916360744 ], [ -39.819608863717271, -18.178936512550813 ], [ -39.819531550296873, -18.178970491626945 ], [ -39.819395529400275, -18.179033777862298 ], [ -39.819380763978444, -18.179040816370065 ] ] } },
{ "type": "Feature", "properties": { "Field": "001", "Length": 368.93467833204556, "Image": "/home/ubuntu/bemagro/data/image/Orthomosaico.tif", "Farm": "data" }, "geometry": { "type": "LineString", "coordinates": [ [ -39.822526337188322, -18.177612137739164 ], [ -39.822518465958289, -18.17761603028336 ], [ -39.822509970025912, -18.177619993859661 ], [ -39.822501724340469, -18.177624400746115 ], [ -39.822485454675807, -18.177633612579008 ], [ -39.822477018848176, -18.177637676232919 ], [ -39.822331631960893, -18.177703190138494 ], [ -39.822143147269905, -18.17778728636053 ], [ -39.822100014324619, -18.17780578123044 ], [ -39.822006252838392, -18.177848797592464 ], [ -39.821937764941467, -18.177879484401689 ], [ -39.821834569837435, -18.177924557622894 ], [ -39.821740770414046, -18.177967500385961 ], [ -39.821586186694823, -18.178035545031697 ], [ -39.821423570345672, -18.178108513049775 ], [ -39.821338360173186, -18.178147676314726 ], [ -39.821183798189445, -18.178215766789009 ], [ -39.821047196991543, -18.178277898761205 ], [ -39.820944075987015, -18.178323126885427 ], [ -39.820876010856679, -18.178354660480245 ], [ -39.820721251211538, -18.178422339144927 ], [ -39.820610643085999, -18.178473577599156 ], [ -39.820533272663425, -18.178507435923969 ], [ -39.820439359088276, -18.178550151089414 ], [ -39.820353476918854, -18.178587949626365 ], [ -39.820251282137143, -18.178635059484915 ], [ -39.820019488435776, -18.17873729918453 ], [ -39.819831619422132, -18.178822647002693 ], [ -39.819754102527341, -18.178856198668441 ], [ -39.81969434630134, -18.178883393482003 ], [ -39.819497033527185, -18.17897077967995 ], [ -39.819378544989696, -18.179027181328031 ], [ -39.819370159579158, -18.179031355550123 ] ] } },
{ "type": "Feature", "properties": { "Field": "001", "Length": 368.30747375922761, "Image": "/home/ubuntu/bemagro/data/image/Orthomosaico.tif", "Farm": "data" }, "geometry": { "type": "LineString", "coordinates": [ [ -39.819359499468121, -18.179022857841158 ], [ -39.819427982383864, -18.178988237497535 ], [ -39.819555778661716, -18.178929453259467 ], [ -39.819607546334318, -18.178907275156231 ], [ -39.819770254739211, -18.178834493234373 ], [ -39.819847852830364, -18.178801112515011 ], [ -39.819984268631195, -18.178738608131795 ], [ -39.820095593612201, -18.178688806540389 ], [ -39.820121584467046, -18.178677948741441 ], [ -39.820241631808571, -18.178624642027216 ], [ -39.820378154104922, -18.178562350762419 ], [ -39.820489690986129, -18.178512984482293 ], [ -39.820540753244337, -18.178489359696389 ], [ -39.820609591728534, -18.178459397702291 ], [ -39.820746021051484, -18.178396920909098 ], [ -39.820857858207816, -18.178348179538329 ], [ -39.820951690961202, -18.178305301946438 ], [ -39.821028988225883, -18.178271289969938 ], [ -39.821174288373491, -18.178205599477483 ], [ -39.821200182523491, -18.178194532749174 ], [ -39.821268500961793, -18.178163502498531 ], [ -39.821328826998666, -18.178137480867345 ], [ -39.821379750492781, -18.178113584182114 ], [ -39.821448135494933, -18.178082688234124 ], [ -39.821534144935029, -18.178045155140317 ], [ -39.821585247991401, -18.178021611350367 ], [ -39.821773879577982, -18.177937816003553 ], [ -39.821842110575119, -18.177906610662447 ], [ -39.821945206694764, -18.177861330711721 ], [ -39.822090227085582, -18.177795078687303 ], [ -39.822116300151826, -18.177784402828255 ], [ -39.822185117944677, -18.177754398097932 ], [ -39.822261685069037, -18.177718909952905 ], [ -39.822305075395292, -18.177700973018659 ], [ -39.82237360788632, -18.177670377497389 ], [ -39.822467143830686, -18.177626913131601 ], [ -39.82249144169802, -18.177612925436737 ], [ -39.822509301203596, -18.177604349107447 ] ] } },
{ "type": "Feature", "properties": { "Field": "001", "Length": 367.41401712457838, "Image": "/home/ubuntu/bemagro/data/image/Orthomosaico.tif", "Farm": "data" }, "geometry": { "type": "LineString", "coordinates": [ [ -39.819350148580035, -18.179014960728395 ], [ -39.819373953813084, -18.179001107647714 ], [ -39.819432282597589, -18.178971215565298 ], [ -39.819483213626974, -18.178947334171113 ], [ -39.819594520807691, -18.178897496149489 ], [ -39.819645544918139, -18.178873796061492 ], [ -39.819834488997927, -18.178790644784254 ], [ -39.819919614060929, -18.178751312168551 ], [ -39.820022220211548, -18.178705025454235 ], [ -39.820116854073142, -18.178663787576895 ], [ -39.820219383515038, -18.17861734605339 ], [ -39.820365213330064, -18.178552736214389 ], [ -39.820493296274961, -18.178494525526407 ], [ -39.820570712982359, -18.178460762715147 ], [ -39.820630317750052, -18.178433264423585 ], [ -39.820707869700691, -18.178399786875708 ], [ -39.820955512577626, -18.178287278839814 ], [ -39.821143967808403, -18.178203121092761 ], [ -39.821212789846669, -18.178173126134045 ], [ -39.821324083309506, -18.17812326094429 ], [ -39.821383658527012, -18.178095704151961 ], [ -39.821538249998078, -18.178027674643236 ], [ -39.821734660210957, -18.177938452507362 ], [ -39.821940649082691, -18.177847470750812 ], [ -39.821966091267434, -18.177835485063561 ], [ -39.822043297937078, -18.177801286650425 ], [ -39.822102822469326, -18.17777363038741 ], [ -39.822180090900652, -18.177739559533848 ], [ -39.822230973779774, -18.177715584779339 ], [ -39.822308598144168, -18.177682262322918 ], [ -39.822420010980984, -18.177632642199303 ], [ -39.822453910384084, -18.177616615583446 ], [ -39.822461827786462, -18.177611686789302 ], [ -39.822489883625984, -18.17759547163956 ] ] } },
{ "type": "Feature", "properties": { "Field": "001", "Length": 367.86463909028083, "Image": "/home/ubuntu/bemagro/data/image/Orthomosaico.tif", "Farm": "data" }, "geometry": { "type": "LineString", "coordinates": [ [ -39.819337643911901, -18.179004400149452 ], [ -39.819411933348569, -18.17896572878405 ], [ -39.819445717077393, -18.17894947948216 ], [ -39.819505930391458, -18.178923219632303 ], [ -39.819574094743707, -18.178891880628385 ], [ -39.81962585762836, -18.178869692320585 ], [ -39.819668091827594, -18.178849389362469 ], [ -39.819874177694231, -18.178758605961651 ], [ -39.81995052043159, -18.178722677679779 ], [ -39.820036171122467, -18.178684401591507 ], [ -39.820088033991013, -18.178662427780392 ], [ -39.820207385698176, -18.178607712481828 ], [ -39.820250653977403, -18.178589507531857 ], [ -39.820362013297363, -18.178539776264113 ], [ -39.820506911895151, -18.178473279763569 ], [ -39.820593015936204, -18.178435944882036 ], [ -39.820635435387423, -18.178415998141453 ], [ -39.820721774687328, -18.178379163087026 ], [ -39.820840777143765, -18.178323757514498 ], [ -39.820883979844758, -18.178305410985679 ], [ -39.820960585484755, -18.178269998116754 ], [ -39.821131842593886, -18.178193356519365 ], [ -39.821140407160705, -18.178189527939953 ], [ -39.821209389769578, -18.178159870590811 ], [ -39.821277365461825, -18.178128160033179 ], [ -39.821329180050753, -18.178106082791665 ], [ -39.821380200219473, -18.178082375265419 ], [ -39.821423448202175, -18.178064126620995 ], [ -39.821474389160208, -18.17804026399229 ], [ -39.82155186536901, -18.178006626337318 ], [ -39.821645611434761, -18.177963576223146 ], [ -39.821671572531145, -18.177952653772124 ], [ -39.821705433612621, -18.177936552667045 ], [ -39.821782979402961, -18.177903061937329 ], [ -39.821927962187644, -18.177836734470208 ], [ -39.822048450519702, -18.177784346033324 ], [ -39.822099221735797, -18.177760155299886 ], [ -39.8222188730428, -18.177706042535331 ], [ -39.822374159630527, -18.17763947568406 ], [ -39.822425291097787, -18.177615988595782 ], [ -39.822438436079345, -18.177608831935643 ], [ -39.822441817202602, -18.177607248321443 ], [ -39.82244533847237, -18.177605973952449 ], [ -39.822486126484918, -18.177593753922441 ] ] } },
{ "type": "Feature", "properties": { "Field": "001", "Length": 367.38429867662188, "Image": "/home/ubuntu/bemagro/data/image/Orthomosaico.tif", "Farm": "data" }, "geometry": { "type": "LineString", "coordinates": [ [ -39.822470148409728, -18.177591320294287 ], [ -39.822464519099746, -18.177590649379312 ], [ -39.822460746190643, -18.177590442810473 ], [ -39.822456971923941, -18.177590624862784 ], [ -39.82245185154239, -18.177591386299547 ], [ -39.822447752935091, -18.17759240864202 ], [ -39.822433442641085, -18.177597096794166 ], [ -39.822424734683246, -18.177600617232265 ], [ -39.822390743819454, -18.17761646553722 ], [ -39.822313684461044, -18.177650966602965 ], [ -39.82215902040025, -18.177718844668981 ], [ -39.822065171216941, -18.177761688276725 ], [ -39.821944840653622, -18.177814405441129 ], [ -39.82177425797984, -18.177892408326318 ], [ -39.821705330773128, -18.1779221811761 ], [ -39.821568432579454, -18.17798371294915 ], [ -39.821465354664767, -18.178029030788039 ], [ -39.821380205376997, -18.178068314353105 ], [ -39.821277066953414, -18.178113505653229 ], [ -39.821200300777356, -18.178148598164526 ], [ -39.821088729474091, -18.178197892821085 ], [ -39.820977850013165, -18.178248593465398 ], [ -39.820849238170744, -18.178305728141158 ], [ -39.820755408142873, -18.178348610428493 ], [ -39.820643867419385, -18.178397968570124 ], [ -39.820575522667568, -18.17842894515217 ], [ -39.820498139614322, -18.178462777846473 ], [ -39.820293145667769, -18.178555791844165 ], [ -39.820190079778968, -18.17860113514887 ], [ -39.819907590792205, -18.178727769248919 ], [ -39.819891392583159, -18.178735193098415 ], [ -39.819865112644415, -18.178747597400807 ], [ -39.819796541366237, -18.178778114356746 ], [ -39.819771060390558, -18.178790024857744 ], [ -39.819762501949953, -18.178793865990425 ], [ -39.819719468121875, -18.178812570849402 ], [ -39.819616995029023, -18.178859126301123 ], [ -39.819539454551617, -18.17889262852032 ], [ -39.819479691599589, -18.178919810742606 ], [ -39.819410978026504, -18.178950033932971 ], [ -39.819402473566839, -18.178953983109128 ], [ -39.81932325320566, -18.178992246750326 ] ] } },
{ "type": "Feature", "properties": { "Field": "001", "Length": 366.25937547437957, "Image": "/home/ubuntu/bemagro/data/image/Orthomosaico.tif", "Farm": "data" }, "geometry": { "type": "LineString", "coordinates": [ [ -39.822445594340678, -18.177575223134429 ], [ -39.8224295107023, -18.177583617877445 ], [ -39.822421357131113, -18.177588185725863 ], [ -39.822412788733736, -18.177592005448165 ], [ -39.822395504296075, -18.177599334564942 ], [ -39.822241346946285, -18.177668257671847 ], [ -39.82220681208743, -18.177682992503094 ], [ -39.822198235026811, -18.177686795274081 ], [ -39.82209578521465, -18.177733396000942 ], [ -39.821984010386451, -18.177782265723085 ], [ -39.821761840598214, -18.177882841458004 ], [ -39.821487289557695, -18.178004358923118 ], [ -39.821342216256618, -18.178070505252723 ], [ -39.821247447156551, -18.178111457043663 ], [ -39.821127496454601, -18.178164961093085 ], [ -39.820982431299157, -18.178231124259803 ], [ -39.820853819374349, -18.178288258742665 ], [ -39.82075164398907, -18.178335406324113 ], [ -39.820443049003487, -18.17847268160839 ], [ -39.820263809396529, -18.178554329931679 ], [ -39.82022067356219, -18.178572817905561 ], [ -39.820092125033185, -18.178630083420526 ], [ -39.819604740764525, -18.178849935506953 ], [ -39.819398464547497, -18.178940322659759 ], [ -39.819389958720649, -18.178944268965076 ], [ -39.819311183166036, -18.178982053224171 ] ] } },
{ "type": "Feature", "properties": { "Field": "001", "Length": 365.75206591759098, "Image": "/home/ubuntu/bemagro/data/image/Orthomosaico.tif", "Farm": "data" }, "geometry": { "type": "LineString", "coordinates": [ [ -39.82242945535446, -18.1775678445888 ], [ -39.822412692973181, -18.177574809472826 ], [ -39.822396169812905, -18.177583597718716 ], [ -39.822361436615026, -18.177597900433256 ], [ -39.822318857243495, -18.177617532888107 ], [ -39.822147207268308, -18.177693365858996 ], [ -39.822062021269481, -18.177732576626806 ], [ -39.82201875525579, -18.177750785863331 ], [ -39.821958784513036, -18.177777547175275 ], [ -39.821770806531546, -18.177862673532488 ], [ -39.821701950387592, -18.177892597873878 ], [ -39.821607914190892, -18.177935065692314 ], [ -39.821556132154313, -18.177957212146016 ], [ -39.821496696135618, -18.177985042149402 ], [ -39.821419517423422, -18.178019298873146 ], [ -39.821359964007527, -18.178046898469077 ], [ -39.821299487745854, -18.178072599328182 ], [ -39.821256870733407, -18.178092157280894 ], [ -39.821119524719002, -18.178152770622894 ], [ -39.821034255274427, -18.178191816109255 ], [ -39.820759861677651, -18.178313659323315 ], [ -39.820648820812494, -18.178364036641678 ], [ -39.820589372995805, -18.178391843824514 ], [ -39.820511953757276, -18.178425601450702 ], [ -39.820281282371575, -18.178530134819752 ], [ -39.820203684289979, -18.178563515181349 ], [ -39.820067275565535, -18.178626033313591 ], [ -39.819929798296833, -18.178686374996929 ], [ -39.819819415556807, -18.178738057330762 ], [ -39.819776501704098, -18.178757013281153 ], [ -39.819733219201098, -18.178775187081779 ], [ -39.819639477754755, -18.178818247329353 ], [ -39.819468289310812, -18.178895030156315 ], [ -39.819407732571605, -18.178920557456657 ], [ -39.81932326441121, -18.178961163582329 ], [ -39.819299049186263, -18.178971805696538 ] ] } },
{ "type": "Feature", "properties": { "Field": "001", "Length": 365.2231809231522, "Image": "/home/ubuntu/bemagro/data/image/Orthomosaico.tif", "Farm": "data" }, "geometry": { "type": "LineString", "coordinates": [ [ -39.822413513393201, -18.177560556118571 ], [ -39.82238616581261, -18.177573378519838 ], [ -39.822334314725921, -18.177595376966991 ], [ -39.822300239712057, -18.177611060144063 ], [ -39.822154297406819, -18.177675435786053 ], [ -39.822077739670974, -18.177710942623548 ], [ -39.822000034231927, -18.177744093337736 ], [ -39.821803460527306, -18.177832985562485 ], [ -39.821734704685731, -18.177863119929668 ], [ -39.821632104145827, -18.177909417001594 ], [ -39.821554638246745, -18.177943076254611 ], [ -39.821495245306842, -18.177970990273156 ], [ -39.821426444677215, -18.178001031219036 ], [ -39.821358304260791, -18.178032416998363 ], [ -39.821297925672319, -18.178058327082098 ], [ -39.82126395247041, -18.178074210985525 ], [ -39.82112657282989, -18.178134754693996 ], [ -39.821015596817546, -18.178185262212544 ], [ -39.820801064050784, -18.178280116546979 ], [ -39.820732849330675, -18.178311354742569 ], [ -39.820698401479063, -18.178326275493021 ], [ -39.820596306016832, -18.17837358235019 ], [ -39.820527358511491, -18.178403314399269 ], [ -39.820407645864556, -18.1784573041408 ], [ -39.820373135869644, -18.178472093170289 ], [ -39.820253835115281, -18.178526909718716 ], [ -39.820159198109607, -18.178568141011247 ], [ -39.820048582941062, -18.178619367263519 ], [ -39.819936812202812, -18.17866824808997 ], [ -39.819809200516495, -18.178727397278287 ], [ -39.819714446118681, -18.178768381740255 ], [ -39.819595097320764, -18.178823103094384 ], [ -39.819466563321072, -18.178880398827907 ], [ -39.819406134243984, -18.17890620183173 ], [ -39.819330046094585, -18.178942620393709 ], [ -39.819287242088507, -18.17896183422911 ] ] } },
{ "type": "Feature", "properties": { "Field": "001", "Length": 364.62155398672269, "Image": "/home/ubuntu/bemagro/data/image/Orthomosaico.tif", "Farm": "data" }, "geometry": { "type": "LineString", "coordinates": [ [ -39.819274648399322, -18.178951198458225 ], [ -39.819283061328498, -18.178948384691598 ], [ -39.819291718897269, -18.178944765031474 ], [ -39.819342952346865, -18.178921481196642 ], [ -39.819410670996781, -18.178889271688732 ], [ -39.819470921219022, -18.178863090207933 ], [ -39.819701853817143, -18.178759084165058 ], [ -39.819762206183711, -18.178733118010594 ], [ -39.819864332419883, -18.178685871948595 ], [ -39.820044154347556, -18.178605401427287 ], [ -39.820137887454244, -18.178562324901122 ], [ -39.820266638758042, -18.178505477405547 ], [ -39.820351892838829, -18.178466401040865 ], [ -39.820497425590425, -18.178401182331118 ], [ -39.820574949550618, -18.178367645129132 ], [ -39.82066852403981, -18.178324255354823 ], [ -39.820737384409014, -18.178294339893981 ], [ -39.82085696202779, -18.17824007788699 ], [ -39.820977448012904, -18.178187684048915 ], [ -39.821285280980753, -18.178048855553524 ], [ -39.821336953694484, -18.178026476783433 ], [ -39.82140519572151, -18.177995293669888 ], [ -39.821499668820124, -18.177953721218998 ], [ -39.821559400589976, -18.177926475948421 ], [ -39.821696921190338, -18.177866225964792 ], [ -39.821713817343245, -18.177858110558212 ], [ -39.821799543631592, -18.177819991069651 ], [ -39.821953269024888, -18.177750191620198 ], [ -39.822116433996399, -18.177678352179843 ], [ -39.822218686690221, -18.177631357724483 ], [ -39.822313438331463, -18.177590369317631 ], [ -39.822355787887936, -18.177570288658313 ], [ -39.822381659128851, -18.177559174350897 ], [ -39.82239593439806, -18.177552519214156 ] ] } },
{ "type": "Feature", "properties": { "Field": "001", "Length": 363.85377093310666, "Image": "/home/ubuntu/bemagro/data/image/Orthomosaico.tif", "Farm": "data" }, "geometry": { "type": "LineString", "coordinates": [ [ -39.822377999729362, -18.17754431969761 ], [ -39.82235277229185, -18.177555365858783 ], [ -39.822336193744391, -18.177564059513148 ], [ -39.822293975901289, -18.177584392760295 ], [ -39.822224910757392, -18.177613873332209 ], [ -39.822148319648342, -18.177649314197975 ], [ -39.822079552985599, -18.177679425786181 ], [ -39.822019832431202, -18.177706693442044 ], [ -39.8219508888292, -18.177736433101806 ], [ -39.821839717645517, -18.177786546330864 ], [ -39.821746132740238, -18.177829915441947 ], [ -39.821625647162655, -18.177882309702042 ], [ -39.821583121287247, -18.177902047979057 ], [ -39.821497360644557, -18.177940097567042 ], [ -39.821445544373169, -18.177962171074508 ], [ -39.821343152103545, -18.178008887602509 ], [ -39.82129145736144, -18.178031219974486 ], [ -39.821180149795424, -18.178081056258886 ], [ -39.821086363438091, -18.178124026264683 ], [ -39.820889021477825, -18.178211350295943 ], [ -39.82071795732562, -18.178288384670985 ], [ -39.820640470622493, -18.178322000512583 ], [ -39.820581074111111, -18.178349907774823 ], [ -39.82036661407777, -18.178444912681606 ], [ -39.8202299651998, -18.178506949655823 ], [ -39.820144049150962, -18.178544678245142 ], [ -39.820127255769712, -18.178552987076099 ], [ -39.820092763437458, -18.178567813435986 ], [ -39.819964623383854, -18.178625909358807 ], [ -39.819895865674376, -18.178656040532289 ], [ -39.819801829301603, -18.178698509036014 ], [ -39.819750876815448, -18.178722349571895 ], [ -39.819664851805165, -18.178759850808259 ], [ -39.819605241128066, -18.178787338048597 ], [ -39.819382706612807, -18.178887177218648 ], [ -39.819323705777769, -18.178915841506672 ], [ -39.81926465996316, -18.178942762904796 ] ] } },
{ "type": "Feature", "properties": { "Field": "001", "Length": 253.73397174262411, "Image": "/home/ubuntu/bemagro/data/image/Orthomosaico.tif", "Farm": "data" }, "geometry": { "type": "LineString", "coordinates": [ [ -39.822196766877511, -18.177462318663277 ], [ -39.820026941594961, -18.178440462455214 ] ] } },
{ "type": "Feature", "properties": { "Field": "001", "Length": 253.90822145753046, "Image": "/home/ubuntu/bemagro/data/image/Orthomosaico.tif", "Farm": "data" }, "geometry": { "type": "LineString", "coordinates": [ [ -39.822180924442421, -18.177455300969307 ], [ -39.822087782216947, -18.177498201361928 ], [ -39.821993206950133, -18.177539560573567 ], [ -39.821950829203729, -18.177559587649757 ], [ -39.821864640337168, -18.177596742285758 ], [ -39.821736239831203, -18.177654308859854 ], [ -39.821650986165267, -18.177693385296074 ], [ -39.821590530602514, -18.177719130487059 ], [ -39.821573591847667, -18.177727165163336 ], [ -39.821521974891489, -18.177749661160629 ], [ -39.821436873219625, -18.177789039292033 ], [ -39.821342700352638, -18.177831229500754 ], [ -39.821308122540501, -18.177845872760777 ], [ -39.821145800272632, -18.177919436291738 ], [ -39.820956815861962, -18.178002502116655 ], [ -39.820880085720269, -18.178037667600385 ], [ -39.820785642280761, -18.178079301833783 ], [ -39.820726154523321, -18.178107030848903 ], [ -39.820657489039419, -18.178137353110387 ], [ -39.820615022597885, -18.178157208145855 ], [ -39.820563643273609, -18.178180196125926 ], [ -39.820555071643511, -18.17818401023629 ], [ -39.82050308538772, -18.178205715634203 ], [ -39.820272460841331, -18.178310342831775 ], [ -39.820194242405321, -18.178342372167943 ], [ -39.820169539285878, -18.178355695886655 ], [ -39.820161854784033, -18.178360961237708 ], [ -39.82014572012158, -18.178370387473208 ], [ -39.820103727328956, -18.178391142211833 ], [ -39.820016446219057, -18.178444752692428 ] ] } },
{ "type": "Feature", "properties": { "Field": "001", "Length": 246.75070827975117, "Image": "/home/ubuntu/bemagro/data/image/Orthomosaico.tif", "Farm": "data" }, "geometry": { "type": "LineString", "coordinates": [ [ -39.820021631391285, -18.178388165893928 ], [ -39.820103983864811, -18.178343766374976 ], [ -39.820119784871373, -18.178333837574048 ], [ -39.820128201010796, -18.178329719197567 ], [ -39.820136740113121, -18.178325838977784 ], [ -39.820145040198064, -18.178321510748873 ], [ -39.820153142284092, -18.178316852330152 ], [ -39.820161382316286, -18.178312420501594 ], [ -39.820169994987374, -18.178308691806336 ], [ -39.820187473389204, -18.178301793361978 ], [ -39.82022121455207, -18.178285463699211 ], [ -39.820307574567011, -18.178248673149518 ], [ -39.820461332789471, -18.178178938864907 ], [ -39.820573128218413, -18.178130110339058 ], [ -39.820666969614571, -18.17808725022471 ], [ -39.820692875111796, -18.178076207748589 ], [ -39.820743859509449, -18.178052430003483 ], [ -39.820975654530692, -18.177950194089828 ], [ -39.821223621289569, -18.177838340693118 ], [ -39.821258235109198, -18.177823775333493 ], [ -39.821446514359849, -18.17773925945788 ], [ -39.821488981447231, -18.177719405884858 ], [ -39.821703216272056, -18.177623939746958 ], [ -39.821762749816813, -18.177596300990288 ], [ -39.821788703431395, -18.1775853624105 ], [ -39.821857026258741, -18.177554341441354 ], [ -39.821900244540785, -18.177536028898466 ], [ -39.821994555207041, -18.177494121199398 ], [ -39.822113895587322, -18.177439385026403 ], [ -39.822128602239104, -18.177432123886813 ] ] } },
{ "type": "Feature", "properties": { "Field": "001", "Length": 20.493488505977609, "Image": "/home/ubuntu/bemagro/data/image/Orthomosaico.tif", "Farm": "data" }, "geometry": { "type": "LineString", "coordinates": [ [ -39.820900795206697, -18.176888238214836 ], [ -39.820851094371925, -18.176913178903515 ], [ -39.820842590884538, -18.176917126418619 ], [ -39.820765658630968, -18.176951885150139 ], [ -39.820726070879374, -18.176968130410589 ] ] } },
{ "type": "Feature", "properties": { "Field": "001", "Length": 48.056101636235041, "Image": "/home/ubuntu/bemagro/data/image/Orthomosaico.tif", "Farm": "data" }, "geometry": { "type": "LineString", "coordinates": [ [ -39.819547053617931, -18.178644363936922 ], [ -39.819437188560357, -18.178697044595459 ], [ -39.819283799962626, -18.178767519693512 ], [ -39.819206457783913, -18.178801438794125 ], [ -39.819138575633147, -18.178834465794314 ] ] } },
{ "type": "Feature", "properties": { "Field": "001", "Length": 116.93995194672037, "Image": "/home/ubuntu/bemagro/data/image/Orthomosaico.tif", "Farm": "data" }, "geometry": { "type": "LineString", "coordinates": [ [ -39.819127058648242, -18.178824404498748 ], [ -39.819143726948468, -18.178816969689645 ], [ -39.819185923435377, -18.178796599487086 ], [ -39.819228502148576, -18.178776965018354 ], [ -39.819245586603941, -18.178769218003193 ], [ -39.819314240798143, -18.178738873749964 ], [ -39.819424873556535, -18.178687682237364 ], [ -39.819459318931131, -18.178672758711791 ], [ -39.819476306430474, -18.178664822945358 ], [ -39.819484922931082, -18.178661108571053 ], [ -39.819519663403518, -18.178646821383417 ], [ -39.819528287444172, -18.178643118959116 ], [ -39.81968162677682, -18.178572548499016 ], [ -39.81977639158027, -18.178531587625731 ], [ -39.819947060057338, -18.178453755220417 ], [ -39.819964039214675, -18.178445799983802 ], [ -39.819980869437686, -18.178437563749004 ], [ -39.819989576317191, -18.178434069321863 ], [ -39.820016274227278, -18.178424912184376 ], [ -39.820025092785635, -18.178421659364115 ], [ -39.820033827844981, -18.178418200555591 ], [ -39.820042231072065, -18.178414114409136 ], [ -39.820122509376425, -18.17836637001686 ] ] } },
{ "type": "Feature", "properties": { "Field": "001", "Length": 122.11964478058405, "Image": "/home/ubuntu/bemagro/data/image/Orthomosaico.tif", "Farm": "data" }, "geometry": { "type": "LineString", "coordinates": [ [ -39.82013594724814, -18.178321917586214 ], [ -39.820008929125478, -18.178382222309587 ], [ -39.819982896736676, -18.178392988699482 ], [ -39.81995755256419, -18.178405163303566 ], [ -39.819914754898171, -18.17842435766735 ], [ -39.819906192975118, -18.178428191674701 ], [ -39.819862994239777, -18.17844654681468 ], [ -39.819794754441901, -18.178477735058166 ], [ -39.819649014632049, -18.17854253017433 ], [ -39.819615039987312, -18.178558411458354 ], [ -39.819563396487801, -18.178580852294775 ], [ -39.819512449925988, -18.178604704322638 ], [ -39.819392239925207, -18.178657675069587 ], [ -39.819281466152603, -18.178708587362337 ], [ -39.819169966505214, -18.17875803079286 ], [ -39.819092490086099, -18.178794205218704 ] ] } },
{ "type": "Feature", "properties": { "Field": "001", "Length": 62.93691571635037, "Image": "/home/ubuntu/bemagro/data/image/Orthomosaico.tif", "Farm": "data" }, "geometry": { "type": "LineString", "coordinates": [ [ -39.820071735162728, -18.178409677451391 ], [ -39.820064807769214, -18.178412569782605 ], [ -39.820061462496568, -18.178414243094149 ], [ -39.820038934980964, -18.178427526601556 ], [ -39.820013127906201, -18.178438777718917 ], [ -39.819986770764608, -18.178448795886261 ], [ -39.819970120487973, -18.178457363954827 ], [ -39.819842478151593, -18.178516452379917 ], [ -39.819757000253261, -18.17855507962172 ], [ -39.819653647092274, -18.178599821942317 ], [ -39.819577346811386, -18.178635832433212 ], [ -39.819535079980064, -18.178654799306837 ] ] } },
{ "type": "Feature", "properties": { "Field": "001", "Length": 140.53102892440029, "Image": "/home/ubuntu/bemagro/data/image/Orthomosaico.tif", "Farm": "data" }, "geometry": { "type": "LineString", "coordinates": [ [ -39.819863158787697, -18.177637703838432 ], [ -39.81978745629025, -18.177672817567156 ], [ -39.819778885059016, -18.177676632450378 ], [ -39.819726871583157, -18.177698277940472 ], [ -39.819718254317266, -18.177701996862336 ], [ -39.819641432420475, -18.177736978267234 ], [ -39.819529687603421, -18.177785911737658 ], [ -39.819341834013592, -18.177871288863276 ], [ -39.819153251251251, -18.177955184688887 ], [ -39.819033850262457, -18.178009800042432 ], [ -39.818913612597605, -18.17806271242063 ], [ -39.818660398869881, -18.178177309254 ] ] } },
{ "type": "Feature", "properties": { "Field": "001", "Length": 159.70474726918292, "Image": "/home/ubuntu/bemagro/data/image/Orthomosaico.tif", "Farm": "data" }, "geometry": { "type": "LineString", "coordinates": [ [ -39.818669585730547, -18.178203732431342 ], [ -39.81875511109692, -18.178164268956252 ], [ -39.818960955754868, -18.17807298845592 ], [ -39.819131529151278, -18.177994966368381 ], [ -39.81923481413078, -18.177950081095432 ], [ -39.819525193293941, -18.17781825491808 ], [ -39.819671327692134, -18.177754278207338 ], [ -39.819748039393041, -18.177719076162909 ], [ -39.819799862327926, -18.17769701703077 ], [ -39.819859332592067, -18.177669253966503 ], [ -39.819885288644954, -18.17765832062144 ], [ -39.82000487529271, -18.177604077405014 ], [ -39.820036506584302, -18.177590656355129 ] ] } },
{ "type": "Feature", "properties": { "Field": "001", "Length": 140.42296016990966, "Image": "/home/ubuntu/bemagro/data/image/Orthomosaico.tif", "Farm": "data" }, "geometry": { "type": "LineString", "coordinates": [ [ -39.819858469941202, -18.177626763196706 ], [ -39.819807436301183, -18.177649389010575 ], [ -39.819764894777201, -18.177669096326213 ], [ -39.819712987691332, -18.177690973296567 ], [ -39.819687363156078, -18.177702598914241 ], [ -39.819644126353786, -18.17772087004748 ], [ -39.819515147619306, -18.177777243542497 ], [ -39.819455595487874, -18.177804844451941 ], [ -39.819147380135654, -18.177942895177225 ], [ -39.819053622212358, -18.177985921767821 ], [ -39.818924861124707, -18.178042748380008 ], [ -39.818865251209303, -18.178070236587445 ], [ -39.81883069017502, -18.178084915746439 ], [ -39.81882212695438, -18.178088747076771 ], [ -39.818805047841671, -18.178096505648238 ], [ -39.818788317928558, -18.178104930291788 ], [ -39.818779780568839, -18.178108813996754 ], [ -39.818702497092303, -18.178142854552004 ], [ -39.81865589508331, -18.178164355494715 ] ] } },
{ "type": "Feature", "properties": { "Field": "001", "Length": 134.85144662666218, "Image": "/home/ubuntu/bemagro/data/image/Orthomosaico.tif", "Farm": "data" }, "geometry": { "type": "LineString", "coordinates": [ [ -39.819805178139234, -18.177633532236321 ], [ -39.819737627530287, -18.177665042889164 ], [ -39.819677290558097, -18.177691040550048 ], [ -39.819642449836152, -18.177707284998473 ], [ -39.819599469918401, -18.177726102969341 ], [ -39.81952357492171, -18.177756991939383 ], [ -39.819517974381839, -18.17775988716712 ], [ -39.819505101103729, -18.17776748058554 ], [ -39.819496759416523, -18.177771734730467 ], [ -39.819488284124859, -18.177775740355777 ], [ -39.819479689445593, -18.177779506654357 ], [ -39.819420006352573, -18.177804687763317 ], [ -39.819411438258832, -18.17780850879193 ], [ -39.819274286493219, -18.177871634394808 ], [ -39.81913803539782, -18.177932355856971 ], [ -39.819103262978473, -18.177948733417395 ], [ -39.819069746397254, -18.177963425306686 ], [ -39.819009287506674, -18.177991311259856 ], [ -39.818931801406627, -18.178024927399029 ], [ -39.818889342374149, -18.178044795938131 ], [ -39.8188207411687, -18.178075250209321 ], [ -39.818786855954727, -18.178091304145795 ], [ -39.818718101840545, -18.178121441231283 ], [ -39.818651582421047, -18.178151951443798 ] ] } },
{ "type": "Feature", "properties": { "Field": "001", "Length": 159.30960998587383, "Image": "/home/ubuntu/bemagro/data/image/Orthomosaico.tif", "Farm": "data" }, "geometry": { "type": "LineString", "coordinates": [ [ -39.820028938832259, -18.177579972469935 ], [ -39.820012191742229, -18.17758732817866 ], [ -39.819994672236135, -18.177594128408408 ], [ -39.819986024521405, -18.177597782168299 ], [ -39.81995181192493, -18.177613188258693 ], [ -39.819900848722476, -18.177637007257871 ], [ -39.819840852445829, -18.17766371579178 ], [ -39.819798365105662, -18.177683529334292 ], [ -39.81978976841576, -18.177687291513319 ], [ -39.819729218247559, -18.177712832932116 ], [ -39.819643870921794, -18.177751721276078 ], [ -39.819523489811111, -18.177804333209131 ], [ -39.819241649975453, -18.177932279606633 ], [ -39.819129924478275, -18.177981253757356 ], [ -39.818976400765663, -18.178051457969602 ], [ -39.81884766586326, -18.178108338744966 ], [ -39.818665160078112, -18.178191003405296 ] ] } },
{ "type": "Feature", "properties": { "Field": "001", "Length": 134.56328361821789, "Image": "/home/ubuntu/bemagro/data/image/Orthomosaico.tif", "Farm": "data" }, "geometry": { "type": "LineString", "coordinates": [ [ -39.819798512713355, -18.17762225228465 ], [ -39.819731101649815, -18.177654035057035 ], [ -39.819722552734817, -18.177657895419252 ], [ -39.819670696867071, -18.177679883701185 ], [ -39.819662103336654, -18.177683652468897 ], [ -39.819602406052674, -18.177710965720845 ], [ -39.819533407699524, -18.177740589282514 ], [ -39.819524864413424, -18.177744461018413 ], [ -39.819499595432859, -18.177756777521967 ], [ -39.819491030160897, -18.177760604587867 ], [ -39.819473533368928, -18.177767460182029 ], [ -39.819464846624008, -18.177771028355586 ], [ -39.819387528160966, -18.177804994951227 ], [ -39.819345033422906, -18.17782479447968 ], [ -39.819302114052583, -18.17784373607428 ], [ -39.819234195318423, -18.177875556881926 ], [ -39.819165550158367, -18.177905920629112 ], [ -39.81908883479165, -18.177941114213194 ], [ -39.81904572175457, -18.177959650712133 ], [ -39.818994652793833, -18.177983260994335 ], [ -39.818925806097099, -18.178013204486621 ], [ -39.818798099224907, -18.178072164802881 ], [ -39.818720760549724, -18.178106088554863 ], [ -39.818647363383981, -18.178139816675134 ] ] } },
{ "type": "Feature", "properties": { "Field": "001", "Length": 362.99132858032351, "Image": "/home/ubuntu/bemagro/data/image/Orthomosaico.tif", "Farm": "data" }, "geometry": { "type": "LineString", "coordinates": [ [ -39.822357850045243, -18.177535107499477 ], [ -39.822324733791369, -18.177551358417446 ], [ -39.822300440339596, -18.177565344394964 ], [ -39.822292062002504, -18.177569520484468 ], [ -39.822258210389215, -18.17758563963304 ], [ -39.82223224698609, -18.177596550923621 ], [ -39.822223675183508, -18.177600362764139 ], [ -39.822138227775731, -18.177639050593644 ], [ -39.822086473694313, -18.177661255785125 ], [ -39.822026940239901, -18.177688892530892 ], [ -39.821949737995737, -18.17772309970449 ], [ -39.821855797739993, -18.177765760798419 ], [ -39.821778492562132, -18.177799755476027 ], [ -39.821667630946862, -18.177850490990632 ], [ -39.821418508097473, -18.177959971419501 ], [ -39.821221807346419, -18.178048606824177 ], [ -39.821153045274656, -18.178078728110982 ], [ -39.821093533693286, -18.178106409118211 ], [ -39.820964721855752, -18.178163129543652 ], [ -39.82088790466436, -18.178198120689753 ], [ -39.820836252436337, -18.178220542070825 ], [ -39.820733745173499, -18.178267027312113 ], [ -39.820656407571484, -18.178300955017342 ], [ -39.820485412570399, -18.178378129454053 ], [ -39.82039945287525, -18.178415766643337 ], [ -39.820356854571415, -18.178435361172365 ], [ -39.820228198273433, -18.178492404383576 ], [ -39.820126198249334, -18.178539898346664 ], [ -39.820048496218433, -18.178573054417104 ], [ -39.819945948850126, -18.178619458685112 ], [ -39.819894265851019, -18.178641815576729 ], [ -39.819843124442762, -18.178665282314885 ], [ -39.819799988622002, -18.178683770477267 ], [ -39.819732182272631, -18.178715807642806 ], [ -39.819637287410551, -18.178756490445227 ], [ -39.819586443068367, -18.178780537640289 ], [ -39.819518149650101, -18.178811618120594 ], [ -39.819475030463948, -18.178830142442635 ], [ -39.819389505086392, -18.178868673025789 ], [ -39.819313741951056, -18.17890570325353 ], [ -39.819253688021362, -18.178933496747863 ] ] } },
{ "type": "Feature", "properties": { "Field": "001", "Length": 362.30807669263385, "Image": "/home/ubuntu/bemagro/data/image/Orthomosaico.tif", "Farm": "data" }, "geometry": { "type": "LineString", "coordinates": [ [ -39.822338262737048, -18.177526152409978 ], [ -39.822330159008871, -18.177529499188434 ], [ -39.822323517148625, -18.17753293537378 ], [ -39.822320428775988, -18.177534994706967 ], [ -39.822314761471425, -18.177539766293531 ], [ -39.822307464295271, -18.177545513078218 ], [ -39.822299668593644, -18.177550626855908 ], [ -39.822291627250486, -18.177555380405483 ], [ -39.822283406463306, -18.177559844701964 ], [ -39.822241101644984, -18.177580012226194 ], [ -39.822232552176743, -18.17758387145059 ], [ -39.822189246134798, -18.177601993203535 ], [ -39.822120400121797, -18.17763193866697 ], [ -39.822111841624867, -18.177635779568593 ], [ -39.822060870955703, -18.177659583607554 ], [ -39.821958271889123, -18.177705883403934 ], [ -39.821941128042603, -18.177713509768292 ], [ -39.821906581716256, -18.17772821957028 ], [ -39.821812667972551, -18.177770933907841 ], [ -39.821735405998687, -18.177805017872593 ], [ -39.821692830856414, -18.177824657706399 ], [ -39.821641144607412, -18.177847007372534 ], [ -39.821521526803714, -18.177901188005563 ], [ -39.821461118807825, -18.177927032138331 ], [ -39.821367375218088, -18.177970086734721 ], [ -39.82117852940786, -18.178053440178566 ], [ -39.821076032684935, -18.178099946277207 ], [ -39.82098998381985, -18.178137396842565 ], [ -39.820981441555482, -18.178141270675471 ], [ -39.820956043264239, -18.178153341207157 ], [ -39.820887665824124, -18.178184252539126 ], [ -39.820775977360036, -18.178233303810703 ], [ -39.820681982408026, -18.178275854777425 ], [ -39.820621859122809, -18.178302301931186 ], [ -39.820587842172152, -18.178318098170966 ], [ -39.820450519934873, -18.178378761194466 ], [ -39.82036531237592, -18.178417928944086 ], [ -39.820219411053714, -18.178482390335102 ], [ -39.820117261722658, -18.178529590263782 ], [ -39.82007428364291, -18.178548412791901 ], [ -39.820022376049472, -18.178570287310173 ], [ -39.819937083955637, -18.178609288064926 ], [ -39.819928510334883, -18.178613098131883 ], [ -39.819876742565476, -18.178635275318921 ], [ -39.819808260588559, -18.178665974901861 ], [ -39.819731751443484, -18.178701576374401 ], [ -39.819680125599803, -18.178724054413859 ], [ -39.819654092659135, -18.178734818388367 ], [ -39.81964547133051, -18.178738528804857 ], [ -39.819526288916492, -18.178793580453231 ], [ -39.819517702443278, -18.178797364003639 ], [ -39.819491706621179, -18.178808209773177 ], [ -39.819388983455617, -18.178854258975182 ], [ -39.819380477323826, -18.178858204860845 ], [ -39.819296180990428, -18.178899136212422 ], [ -39.819287670162907, -18.178903072840555 ], [ -39.819241306179698, -18.178923039883259 ] ] } },
{ "type": "Feature", "properties": { "Field": "001", "Length": 361.50520270671825, "Image": "/home/ubuntu/bemagro/data/image/Orthomosaico.tif", "Farm": "data" }, "geometry": { "type": "LineString", "coordinates": [ [ -39.819228339266324, -18.178912088904465 ], [ -39.819262413875357, -18.17889758593072 ], [ -39.819338779557427, -18.178861703008526 ], [ -39.819629473247097, -18.178730508869513 ], [ -39.819749715537, -18.178677605076263 ], [ -39.819834990845294, -18.178638570874291 ], [ -39.819954923054716, -18.178585027983491 ], [ -39.820023908736921, -18.178555376924237 ], [ -39.820194668822786, -18.178477728322154 ], [ -39.820374734619591, -18.178397758014594 ], [ -39.820494355930734, -18.178343583735739 ], [ -39.820554532284802, -18.178317247172831 ], [ -39.820708333392254, -18.178247599365047 ], [ -39.82078582885547, -18.178214002219935 ], [ -39.820982473757226, -18.178125253176646 ], [ -39.821094179121339, -18.178076236861731 ], [ -39.82117084730352, -18.178040948302545 ], [ -39.821265419037488, -18.17799958130896 ], [ -39.821436253301989, -18.177922082959373 ], [ -39.821522361171127, -18.177884756959187 ], [ -39.821624759008273, -18.177838051920943 ], [ -39.821779342634954, -18.177770006378775 ], [ -39.821898592801453, -18.1777150906644 ], [ -39.821950311505397, -18.177692809664322 ], [ -39.822198539332931, -18.177581487646876 ], [ -39.822258052834634, -18.177553809651801 ], [ -39.822291552236486, -18.177537032209344 ], [ -39.822299313697755, -18.177531885974119 ], [ -39.822306575792453, -18.17752610001952 ], [ -39.822317586151826, -18.17751669931247 ] ] } },
{ "type": "Feature", "properties": { "Field": "001", "Length": 361.55507751222882, "Image": "/home/ubuntu/bemagro/data/image/Orthomosaico.tif", "Farm": "data" }, "geometry": { "type": "LineString", "coordinates": [ [ -39.822310639850194, -18.177513523542327 ], [ -39.822218479132211, -18.177558353039267 ], [ -39.822209939029776, -18.177562225607549 ], [ -39.822132379462971, -18.177595686843546 ], [ -39.822038568337078, -18.177638604644699 ], [ -39.821909810237237, -18.17769543456944 ], [ -39.821773305354597, -18.177757758681814 ], [ -39.82152479338648, -18.177868500682667 ], [ -39.821438734759603, -18.177905930099815 ], [ -39.821362159879968, -18.177941398065801 ], [ -39.821190467092784, -18.17801714325978 ], [ -39.821053857961573, -18.178079257876764 ], [ -39.82087354980883, -18.178158726991811 ], [ -39.820796821571662, -18.178193895414061 ], [ -39.820788244525254, -18.178197697015943 ], [ -39.820702101245836, -18.178234948855653 ], [ -39.820591281276194, -18.178285765550743 ], [ -39.820180013133971, -18.178469192742945 ], [ -39.820069158453947, -18.178519942118925 ], [ -39.820009119691065, -18.178546564329118 ], [ -39.819965916905424, -18.178564909527203 ], [ -39.81995733148112, -18.178568693471654 ], [ -39.819735189705362, -18.178669328004485 ], [ -39.819649232741071, -18.178706969376638 ], [ -39.819580906129495, -18.178737983713845 ], [ -39.81952078003097, -18.178764423942408 ], [ -39.81933265587471, -18.178849257212875 ], [ -39.819264776105328, -18.178881151585035 ], [ -39.819239075666346, -18.178892623775344 ], [ -39.819216303946199, -18.178901924684308 ] ] } },
{ "type": "Feature", "properties": { "Field": "001", "Length": 360.69703357029857, "Image": "/home/ubuntu/bemagro/data/image/Orthomosaico.tif", "Farm": "data" }, "geometry": { "type": "LineString", "coordinates": [ [ -39.822289582820567, -18.17750389650547 ], [ -39.82226690577864, -18.177519307055043 ], [ -39.822258962295962, -18.17752416159497 ], [ -39.82220796661219, -18.177547915844979 ], [ -39.822130822805576, -18.177582243995115 ], [ -39.822087700103609, -18.177600757182333 ], [ -39.82198534491048, -18.177647546807773 ], [ -39.821916652797285, -18.177677813096683 ], [ -39.821745803268669, -18.177755279750109 ], [ -39.821651282982771, -18.177796752990666 ], [ -39.821574552821488, -18.177831917054288 ], [ -39.821436956879687, -18.177892007014666 ], [ -39.821369065510645, -18.177923878947375 ], [ -39.821282961930763, -18.177961213914106 ], [ -39.821120116550702, -18.178033713234349 ], [ -39.821026298923911, -18.178076619704804 ], [ -39.820914500672231, -18.178125440595782 ], [ -39.820803822428744, -18.178176539579137 ], [ -39.820683239904696, -18.178228728923997 ], [ -39.820538169853513, -18.178294882257909 ], [ -39.820332412260917, -18.178386342286327 ], [ -39.820238419961854, -18.178428898623714 ], [ -39.82014391504925, -18.17847040409346 ], [ -39.820058856685414, -18.178509866415272 ], [ -39.819929812529345, -18.178566101039479 ], [ -39.819878900051044, -18.178590017525785 ], [ -39.819801662494008, -18.178624151752057 ], [ -39.819750704121553, -18.178647978735295 ], [ -39.819647593951252, -18.178693229680039 ], [ -39.819579343569693, -18.178724395091518 ], [ -39.819527612172074, -18.178746648482406 ], [ -39.81939962999369, -18.17880506102512 ], [ -39.819322264240974, -18.17883893099965 ], [ -39.819313699556282, -18.17884275801956 ], [ -39.81926270572378, -18.178866516304652 ], [ -39.819204686863998, -18.178892113677822 ] ] } },
{ "type": "Feature", "properties": { "Field": "001", "Length": 360.56783219033269, "Image": "/home/ubuntu/bemagro/data/image/Orthomosaico.tif", "Farm": "data" }, "geometry": { "type": "LineString", "coordinates": [ [ -39.822280395413379, -18.17749969612527 ], [ -39.822247329600756, -18.177516043475123 ], [ -39.822238846982835, -18.177520028278472 ], [ -39.822195801039094, -18.177538703349832 ], [ -39.822161837957125, -18.177554603541953 ], [ -39.822058627893277, -18.177599644556057 ], [ -39.82182786033016, -18.177703981528975 ], [ -39.821793378547099, -18.177718824238561 ], [ -39.821733638333214, -18.177746051547068 ], [ -39.821656298408541, -18.17777997228367 ], [ -39.82160522314522, -18.177803568360758 ], [ -39.821519107320938, -18.177840877185673 ], [ -39.821433427142601, -18.177879092018099 ], [ -39.821339781362312, -18.177922338046898 ], [ -39.821124937424095, -18.178016545973854 ], [ -39.820996844177628, -18.178074732635494 ], [ -39.820919378673345, -18.178108390349163 ], [ -39.820791697241177, -18.178167398725172 ], [ -39.820662613644075, -18.178223551944054 ], [ -39.820457641103793, -18.178316608018477 ], [ -39.820311731267324, -18.178381052235398 ], [ -39.820217988464968, -18.178424107814227 ], [ -39.820209416048968, -18.178427917137327 ], [ -39.820166116266925, -18.178446053440066 ], [ -39.820157513345237, -18.178449799029153 ], [ -39.820080893995062, -18.178485183777738 ], [ -39.819909244911635, -18.178561020640824 ], [ -39.819900719117406, -18.178564924367411 ], [ -39.819875360130112, -18.178577066471007 ], [ -39.81980670727603, -18.178607414534408 ], [ -39.819721414804846, -18.178646414310855 ], [ -39.819592981309881, -18.178703915328132 ], [ -39.819515564346915, -18.178737676117169 ], [ -39.819378959373886, -18.178799800511857 ], [ -39.819301485126928, -18.17883344159749 ], [ -39.819193690109508, -18.178882614049911 ] ] } },
{ "type": "Feature", "properties": { "Field": "001", "Length": 359.97407944661364, "Image": "/home/ubuntu/bemagro/data/image/Orthomosaico.tif", "Farm": "data" }, "geometry": { "type": "LineString", "coordinates": [ [ -39.819181813545541, -18.178872238633652 ], [ -39.81937040097187, -18.178787861742467 ], [ -39.819549820547145, -18.178706574408181 ], [ -39.819644412985951, -18.178665249595873 ], [ -39.81976413864156, -18.178611285885225 ], [ -39.819806619494081, -18.178591458809347 ], [ -39.819875445379751, -18.178561470236019 ], [ -39.819969177567295, -18.178518391843681 ], [ -39.820209383955714, -18.178412009049822 ], [ -39.820371760492371, -18.178338554030521 ], [ -39.820449321294447, -18.178305094666236 ], [ -39.820508857458556, -18.178277460578265 ], [ -39.820860115349014, -18.178120715060469 ], [ -39.821133806977322, -18.177997438337481 ], [ -39.821253824624236, -18.177944071575812 ], [ -39.821339935439532, -18.17790675155933 ], [ -39.821493570101779, -18.177836769583301 ], [ -39.8215794181801, -18.177798900660214 ], [ -39.821647576256517, -18.177767550140548 ], [ -39.821716448625644, -18.177737659973669 ], [ -39.821870717552073, -18.177668965049108 ], [ -39.821972570981352, -18.177621184809013 ], [ -39.822059281261126, -18.177585155709192 ], [ -39.822230455199858, -18.17750834602786 ], [ -39.822263704389549, -18.177492065173478 ] ] } },
{ "type": "Feature", "properties": { "Field": "001", "Length": 359.34741152554653, "Image": "/home/ubuntu/bemagro/data/image/Orthomosaico.tif", "Farm": "data" }, "geometry": { "type": "LineString", "coordinates": [ [ -39.822246872371572, -18.177484513788144 ], [ -39.822230064244387, -18.177491355976766 ], [ -39.822154135730237, -18.177528076415324 ], [ -39.822145636976444, -18.177532036654952 ], [ -39.822068650070733, -18.17756668513227 ], [ -39.822025530150171, -18.17758520752427 ], [ -39.822016796380353, -18.177588669172035 ], [ -39.821999153653842, -18.177595173986823 ], [ -39.82199039590828, -18.177598579855712 ], [ -39.821964307704675, -18.177609221816336 ], [ -39.821955760856703, -18.177613086282456 ], [ -39.82189696482957, -18.177642131744541 ], [ -39.821888501024752, -18.177646159800073 ], [ -39.821862902062939, -18.177657836509621 ], [ -39.821648184017747, -18.177752305580611 ], [ -39.82157153152383, -18.177787624468312 ], [ -39.821459967031458, -18.177836931649566 ], [ -39.82134044509457, -18.177891305243634 ], [ -39.821185874459388, -18.177959377749655 ], [ -39.821083322678106, -18.178005772676308 ], [ -39.821005885795245, -18.178039492983974 ], [ -39.820920731455352, -18.178078765448721 ], [ -39.820774928573947, -18.178143429896163 ], [ -39.820603914114983, -18.178220564895071 ], [ -39.820535064196797, -18.178250502239365 ], [ -39.820449862543455, -18.178289681678478 ], [ -39.820380956975036, -18.178319500886783 ], [ -39.820320973889565, -18.178346236980129 ], [ -39.820133112594881, -18.178431599711065 ], [ -39.820098449742474, -18.178446054366987 ], [ -39.820021305181406, -18.178480381867253 ], [ -39.819901629506248, -18.178534446502141 ], [ -39.819859182619936, -18.178554339455943 ], [ -39.819850628149567, -18.178558188630909 ], [ -39.819781734266648, -18.178588033071378 ], [ -39.819636608091763, -18.178654073827534 ], [ -39.819541898180212, -18.17869515203866 ], [ -39.819507894198992, -18.178710973877553 ], [ -39.819293911791434, -18.178806958830428 ], [ -39.819217153740858, -18.178842069263261 ], [ -39.819170602230038, -18.178862444379384 ] ] } },
{ "type": "Feature", "properties": { "Field": "001", "Length": 358.29801072003625, "Image": "/home/ubuntu/bemagro/data/image/Orthomosaico.tif", "Farm": "data" }, "geometry": { "type": "LineString", "coordinates": [ [ -39.819159460199778, -18.178852710651224 ], [ -39.819214790370161, -18.178828440983878 ], [ -39.819496604141925, -18.178700439549871 ], [ -39.819548305143321, -18.178678120162672 ], [ -39.819667975729253, -18.178624045097628 ], [ -39.819745407784652, -18.17859031464446 ], [ -39.819787884472206, -18.178570480228256 ], [ -39.819856894222497, -18.178540880909697 ], [ -39.820052752475796, -18.178450556662639 ], [ -39.82007007395849, -18.178443306580618 ], [ -39.820104189337371, -18.178427704260461 ], [ -39.820147456321216, -18.178409497331373 ], [ -39.820326741031359, -18.178327939688906 ], [ -39.82043861801548, -18.178279282573243 ], [ -39.820498059173865, -18.178251462957935 ], [ -39.820575576661192, -18.178217912251778 ], [ -39.820712544212462, -18.178156521482304 ], [ -39.820746492162819, -18.17814058876213 ], [ -39.820926874427997, -18.178061273762278 ], [ -39.82104615350616, -18.178006415022551 ], [ -39.821252250180514, -18.177915656380712 ], [ -39.821380305317234, -18.177857390793882 ], [ -39.821526070938077, -18.177792650156444 ], [ -39.821628413426453, -18.177745834780168 ], [ -39.821714737640754, -18.177708969171725 ], [ -39.821765702604573, -18.177685154159459 ], [ -39.821834474717058, -18.177655054071213 ], [ -39.8219027904602, -18.177624019130349 ], [ -39.821961977661097, -18.177595710503983 ], [ -39.822048422944704, -18.177559104676376 ], [ -39.82208266602769, -18.17754375965146 ], [ -39.822091216488893, -18.177539902993825 ], [ -39.822167187204883, -18.177503262851758 ], [ -39.822200531193808, -18.177486204793862 ], [ -39.822217404001137, -18.177478044329924 ], [ -39.822224750701068, -18.177474714600837 ] ] } },
{ "type": "Feature", "properties": { "Field": "001", "Length": 357.6539977709229, "Image": "/home/ubuntu/bemagro/data/image/Orthomosaico.tif", "Farm": "data" }, "geometry": { "type": "LineString", "coordinates": [ [ -39.822208096943406, -18.177467337520302 ], [ -39.822191788569583, -18.177475287572602 ], [ -39.822166784132321, -18.177488087766289 ], [ -39.822141576396596, -18.177500514954176 ], [ -39.822116549390387, -18.177513274812167 ], [ -39.822108138952736, -18.177517399302868 ], [ -39.822056914750732, -18.177540700024093 ], [ -39.822005358988697, -18.177563319328332 ], [ -39.82197152969534, -18.177579481236581 ], [ -39.821963003864838, -18.1775833826438 ], [ -39.821911137349531, -18.177605346307647 ], [ -39.821765477524949, -18.177670303597974 ], [ -39.821671593870782, -18.177713077108216 ], [ -39.821602714261623, -18.177742950905422 ], [ -39.821423292771328, -18.177824232198748 ], [ -39.821311668204388, -18.177873414182415 ], [ -39.821209395409042, -18.17792036755927 ], [ -39.821123333311732, -18.177957790146632 ], [ -39.821080694657375, -18.177977300725495 ], [ -39.820994796048971, -18.178015065022386 ], [ -39.820986237266929, -18.178018904287537 ], [ -39.820909676201829, -18.178054402770154 ], [ -39.82079785711354, -18.178103181172421 ], [ -39.820746511897411, -18.178126238639976 ], [ -39.820738013543583, -18.17813019612548 ], [ -39.820721164195476, -18.178138395419641 ], [ -39.820626843648043, -18.178180283572281 ], [ -39.820601402295459, -18.178192258389991 ], [ -39.820558216674421, -18.178210640050583 ], [ -39.820344162164474, -18.178306476634077 ], [ -39.820301020144832, -18.1783249479512 ], [ -39.820190081205446, -18.178375530120391 ], [ -39.820139145272513, -18.178399401926303 ], [ -39.820130530360878, -18.178403102595464 ], [ -39.820112831007762, -18.178409465547254 ], [ -39.82010405957984, -18.178412829084238 ], [ -39.820086859910468, -18.178420335244322 ], [ -39.82005295721067, -18.178436353256412 ], [ -39.81998426783808, -18.178466624431298 ], [ -39.819848288299028, -18.178529989157205 ], [ -39.819624953214699, -18.178628180727166 ], [ -39.819616417352776, -18.178632064322542 ], [ -39.819591060854201, -18.178644213382345 ], [ -39.819531208280452, -18.178671216035188 ], [ -39.819514184891752, -18.178679079850454 ], [ -39.819488078226264, -18.178689674124833 ], [ -39.819479469596672, -18.178693410465328 ], [ -39.819385314134102, -18.178735637269721 ], [ -39.819223337564878, -18.178809894937913 ], [ -39.819206221584537, -18.178817578159496 ], [ -39.819163238835365, -18.178836391113208 ], [ -39.819154698881249, -18.178840265840282 ], [ -39.819148607370387, -18.178843229568539 ] ] } },
{ "type": "Feature", "properties": { "Field": "001", "Length": 356.06207712380274, "Image": "/home/ubuntu/bemagro/data/image/Orthomosaico.tif", "Farm": "data" }, "geometry": { "type": "LineString", "coordinates": [ [ -39.822162135455486, -18.177446978044284 ], [ -39.822112400550061, -18.177471853392284 ], [ -39.821923753712468, -18.177555616062122 ], [ -39.82180304506484, -18.177607537163365 ], [ -39.82172652735678, -18.177643122505675 ], [ -39.821649598556725, -18.177677888823482 ], [ -39.821512260133062, -18.177738516128485 ], [ -39.821418448196667, -18.177781434103355 ], [ -39.821375429217653, -18.177800170327533 ], [ -39.821110404258945, -18.177919824413355 ], [ -39.820981539596751, -18.17797643568489 ], [ -39.820853433485013, -18.178034598527642 ], [ -39.820750100280975, -18.178079380055227 ], [ -39.820724691559143, -18.17809143039764 ], [ -39.820579249273692, -18.178156832362589 ], [ -39.820501707196854, -18.178190330732182 ], [ -39.82043331761782, -18.178221217197358 ], [ -39.820373086851703, -18.178247437754003 ], [ -39.82032231594556, -18.178271628920136 ], [ -39.820271092316155, -18.178294930683169 ], [ -39.820236453826119, -18.178309442575465 ], [ -39.820227727840397, -18.178312899566347 ], [ -39.820218668128547, -18.178315485053428 ], [ -39.820209693033682, -18.17831828330009 ], [ -39.820201151258765, -18.178322157912589 ], [ -39.820175309998767, -18.178333330375811 ], [ -39.820166938774186, -18.178337529400984 ], [ -39.820150456639439, -18.178346388120776 ], [ -39.820142075098182, -18.178350570052444 ], [ -39.820091297001568, -18.178374747070396 ], [ -39.820082723066761, -18.178378555005551 ], [ -39.820074062802675, -18.178382179947583 ], [ -39.820065558712542, -18.178386123593224 ], [ -39.820057284110092, -18.178390495270975 ], [ -39.820048888644337, -18.178394651237102 ], [ -39.820031893899795, -18.178402575250765 ], [ -39.820005868706566, -18.178413343675139 ], [ -39.819997480192207, -18.17841751107483 ], [ -39.8199889126522, -18.178421330168597 ], [ -39.819971500176798, -18.178428378049404 ], [ -39.819936975990935, -18.178443134563413 ], [ -39.819834204849826, -18.178489085230051 ], [ -39.819766113995982, -18.178520569110546 ], [ -39.81966304795229, -18.178565911912415 ], [ -39.819611925692364, -18.178589417584394 ], [ -39.819491877355311, -18.17864272207089 ], [ -39.819457794334518, -18.178658387733428 ], [ -39.819354737055747, -18.178703748414677 ], [ -39.819303845535778, -18.178727706766562 ], [ -39.819166776732494, -18.178788890599996 ], [ -39.819115077301824, -18.178813937532635 ] ] } },
{ "type": "Feature", "properties": { "Field": "001", "Length": 355.38257644909055, "Image": "/home/ubuntu/bemagro/data/image/Orthomosaico.tif", "Farm": "data" }, "geometry": { "type": "LineString", "coordinates": [ [ -39.819104347963695, -18.178804564325674 ], [ -39.819147020072712, -18.178783926396875 ], [ -39.81919811021065, -18.178760356488755 ], [ -39.819360446136116, -18.178686818751089 ], [ -39.81947225031373, -18.1786380077872 ], [ -39.819548484408216, -18.178601869428995 ], [ -39.819608929193258, -18.178576100293586 ], [ -39.819694372527884, -18.178537403208455 ], [ -39.819763174083803, -18.178507363694763 ], [ -39.819865426561535, -18.178460367511811 ], [ -39.819934459338633, -18.178430816729811 ], [ -39.819951433954117, -18.178422851322392 ], [ -39.819968961436992, -18.178416067612822 ], [ -39.81998548478041, -18.178407277890408 ], [ -39.820002923026316, -18.178400287193149 ], [ -39.820037045666126, -18.178384698580977 ], [ -39.820061940658896, -18.178371704728786 ], [ -39.820079577959874, -18.178365186276622 ], [ -39.820139579615741, -18.178338487904885 ], [ -39.82014804878105, -18.17833447008223 ], [ -39.820164624576805, -18.17832577108004 ], [ -39.820173215794192, -18.178321997449537 ], [ -39.820190789076428, -18.178315323109267 ], [ -39.820199416328592, -18.178311625345856 ], [ -39.820216464973676, -18.178303805756308 ], [ -39.820285499265417, -18.178274258357995 ], [ -39.820378973312884, -18.178230670809743 ], [ -39.820456426295856, -18.178196984095152 ], [ -39.820507511598173, -18.178173404989231 ], [ -39.820602131231205, -18.178132137748591 ], [ -39.820747081993026, -18.178065745892066 ], [ -39.820841824808049, -18.178024737827421 ], [ -39.820978637125577, -18.177963031661651 ], [ -39.821021805087952, -18.17794461076096 ], [ -39.821184152137846, -18.177871097148092 ], [ -39.82127001671607, -18.177833262363183 ], [ -39.821380869420921, -18.17778250849824 ], [ -39.821424004948739, -18.177764018410965 ], [ -39.821526405897686, -18.177717319499902 ], [ -39.821552440922616, -18.177706559101139 ], [ -39.821638074805286, -18.177668249749903 ], [ -39.821740576706979, -18.177621753759006 ], [ -39.821782887363049, -18.177601597410078 ], [ -39.82182630247393, -18.177583715303498 ], [ -39.822032456783766, -18.177493077331658 ], [ -39.822066298812665, -18.177476939840034 ], [ -39.822100571928118, -18.177461656225141 ], [ -39.822145263008423, -18.177439504083331 ] ] } },
{ "type": "Feature", "properties": { "Field": "001", "Length": 354.44273848887389, "Image": "/home/ubuntu/bemagro/data/image/Orthomosaico.tif", "Farm": "data" }, "geometry": { "type": "LineString", "coordinates": [ [ -39.822113907358698, -18.177425614515478 ], [ -39.82206302337741, -18.177448216846816 ], [ -39.822012042139384, -18.177471997264192 ], [ -39.821968874434504, -18.177490417909382 ], [ -39.821857225233231, -18.17753955014307 ], [ -39.821806199255647, -18.177563243777524 ], [ -39.821728898295831, -18.177597246937157 ], [ -39.821643504185062, -18.177636041514941 ], [ -39.821591870196428, -18.177658500943785 ], [ -39.821506665074011, -18.177697673885621 ], [ -39.821455108173843, -18.177720293855192 ], [ -39.821335529158453, -18.177774552413052 ], [ -39.82117237513134, -18.177846414214905 ], [ -39.820975713472087, -18.177935128693324 ], [ -39.820812667869205, -18.178007215920378 ], [ -39.820539030406842, -18.178130602382868 ], [ -39.82039306729402, -18.17819493584792 ], [ -39.820367555620777, -18.178206785707872 ], [ -39.820324576185413, -18.178225604581531 ], [ -39.820281905855481, -18.17824505609677 ], [ -39.82026477211182, -18.178252703636367 ], [ -39.82018746817171, -18.178286701778209 ], [ -39.82017884605694, -18.178290410476016 ], [ -39.820161351983856, -18.178297271834094 ], [ -39.820152824391648, -18.178301175110651 ], [ -39.82014470173695, -18.178305800684921 ], [ -39.82013671016631, -18.178310630378498 ], [ -39.820128366378732, -18.178314881138302 ], [ -39.820119705227938, -18.178318505779757 ], [ -39.820111379122586, -18.178322788102086 ], [ -39.820095821873821, -18.17833306314418 ], [ -39.820089292853417, -18.178336712335678 ], [ -39.820085820934679, -18.178338144543613 ], [ -39.820084019734587, -18.178338694865495 ], [ -39.820078507064864, -18.178339962728348 ], [ -39.820076642696989, -18.178340264294889 ], [ -39.820064407276902, -18.178341360527099 ], [ -39.82005789567836, -18.178342470964132 ], [ -39.820053161735359, -18.178343856384153 ], [ -39.820049262785588, -18.178345442283018 ], [ -39.820042544123226, -18.178349205167319 ], [ -39.8200266756077, -18.178359033966448 ], [ -39.820018388040516, -18.178363383980074 ], [ -39.820009894270598, -18.178367354047904 ], [ -39.819958156467806, -18.178389593968145 ], [ -39.819864172512133, -18.17843216731367 ], [ -39.819786682839947, -18.178465776471086 ], [ -39.819761260461306, -18.178477799990709 ], [ -39.819624307026288, -18.178539220212546 ], [ -39.819572547762291, -18.178561415242179 ], [ -39.819556225301859, -18.178568586021335 ], [ -39.819495961568727, -18.178596855417165 ], [ -39.819479771229396, -18.178604295167446 ], [ -39.81941873325998, -18.178631003265487 ], [ -39.819282266618913, -18.178693405959358 ], [ -39.819205799597121, -18.178726979975668 ], [ -39.819145148192185, -18.178754481919054 ], [ -39.819128117136032, -18.178762336251847 ], [ -39.819081484836317, -18.178784590970274 ] ] } },
{ "type": "Feature", "properties": { "Field": "001", "Length": 353.53148759094034, "Image": "/home/ubuntu/bemagro/data/image/Orthomosaico.tif", "Farm": "data" }, "geometry": { "type": "LineString", "coordinates": [ [ -39.819069653518973, -18.178774255062599 ], [ -39.819120906489168, -18.178750049340714 ], [ -39.819240386970598, -18.178695591374201 ], [ -39.819419123402561, -18.178615037622329 ], [ -39.819488746513436, -18.178584543057507 ], [ -39.819530162878266, -18.178564699305827 ], [ -39.819547526726836, -18.178555496128279 ], [ -39.819555889972087, -18.178551281085614 ], [ -39.819564507311746, -18.178547562369136 ], [ -39.819599328727271, -18.17853345733775 ], [ -39.819642052953157, -18.178514114996538 ], [ -39.81975406123275, -18.178465734078291 ], [ -39.819762575307351, -18.178461804474242 ], [ -39.819779077717762, -18.178452979889435 ], [ -39.819787504961958, -18.178448882806766 ], [ -39.819822093585479, -18.178434262667899 ], [ -39.819829822764198, -18.178430860313458 ], [ -39.819873128496496, -18.178410590572035 ], [ -39.819916246564112, -18.178392062972016 ], [ -39.819924821792995, -18.178388256314133 ], [ -39.819958838288642, -18.178372457912982 ], [ -39.820001811195397, -18.178353624908983 ], [ -39.820010262624287, -18.178349573691349 ], [ -39.820026745115385, -18.178340715766343 ], [ -39.820043569002209, -18.178332463558622 ], [ -39.820052122686285, -18.178328613396321 ], [ -39.820060888225903, -18.178325225968774 ], [ -39.820068865194187, -18.178322394002269 ], [ -39.820078765737378, -18.178319352227057 ], [ -39.82008764846389, -18.178316257211659 ], [ -39.820096290731556, -18.178312591831364 ], [ -39.820105056823785, -18.178309207436289 ], [ -39.820114108761729, -18.178306598471188 ], [ -39.820120495183872, -18.178304250395033 ], [ -39.820124282566383, -18.178302435244145 ], [ -39.82012607158962, -18.178301356787625 ], [ -39.820130765721267, -18.178298312034098 ], [ -39.820138431236408, -18.178293021557351 ], [ -39.820146261386128, -18.178287959000411 ], [ -39.820154744611891, -18.178283968537141 ], [ -39.820326742865461, -18.178208858578266 ], [ -39.82034385493349, -18.17820116724964 ], [ -39.820394990565269, -18.178177688639888 ], [ -39.820464005062568, -18.178148099892987 ], [ -39.820532328168611, -18.178117079647368 ], [ -39.820823727352348, -18.177987325942549 ], [ -39.82088338404477, -18.177959931707424 ], [ -39.820986513258795, -18.177914720849127 ], [ -39.821063399320387, -18.177879868103954 ], [ -39.821106375647545, -18.177861044186358 ], [ -39.821157161911962, -18.177836883061694 ], [ -39.821199048076188, -18.177817960686436 ], [ -39.821303444364951, -18.177773234187566 ], [ -39.821379675791341, -18.177737093063215 ], [ -39.821482989177426, -18.177692268757792 ], [ -39.821568576951826, -18.177653865477382 ], [ -39.821611095879653, -18.177634114866802 ], [ -39.821714117261614, -18.177588680515459 ], [ -39.821799338256881, -18.177549539428536 ], [ -39.821858577300858, -18.177521329312121 ], [ -39.821918723952237, -18.177494932216359 ], [ -39.822005332520106, -18.17745868141963 ], [ -39.822021572815238, -18.177451341731697 ], [ -39.822030891752654, -18.177446928081633 ], [ -39.822055804839486, -18.177433967105717 ], [ -39.822064197837392, -18.177429806280429 ], [ -39.822072779000692, -18.177426011960524 ], [ -39.822094325493033, -18.17741694036032 ] ] } },
{ "type": "Feature", "properties": { "Field": "001", "Length": 352.73855475645638, "Image": "/home/ubuntu/bemagro/data/image/Orthomosaico.tif", "Farm": "data" }, "geometry": { "type": "LineString", "coordinates": [ [ -39.819057917679153, -18.17876400256268 ], [ -39.819143274556531, -18.178724555916357 ], [ -39.819399864886883, -18.178608990928105 ], [ -39.819486289724502, -18.178572339337265 ], [ -39.819528911784765, -18.178552791103744 ], [ -39.81954524744333, -18.17854368664656 ], [ -39.819553579874139, -18.178539415559289 ], [ -39.819588168377493, -18.178524795031695 ], [ -39.819596754039587, -18.178521009827737 ], [ -39.81963907107432, -18.178500865645589 ], [ -39.819664717666861, -18.178489284043394 ], [ -39.819750998925876, -18.178452325754325 ], [ -39.819775985465405, -18.178439494038482 ], [ -39.81983656800103, -18.178414022729378 ], [ -39.819878821554283, -18.178393756904061 ], [ -39.819955908789076, -18.178359312085899 ], [ -39.820007782138887, -18.178337361309172 ], [ -39.820058786204662, -18.178313622249121 ], [ -39.820119470307795, -18.178288373498813 ], [ -39.820161232599972, -18.178267197808548 ], [ -39.820195250311635, -18.178251401162232 ], [ -39.820221040964618, -18.17824011582098 ], [ -39.820247171528777, -18.178229569233636 ], [ -39.820306869183284, -18.178202255393618 ], [ -39.820495768253259, -18.178119011874465 ], [ -39.820683990513146, -18.178034379378168 ], [ -39.82082986945246, -18.177969871927139 ], [ -39.820940863878945, -18.177919401736421 ], [ -39.820975362026253, -18.177904587750056 ], [ -39.821086649964336, -18.177854711650017 ], [ -39.821197336145339, -18.177803626924966 ], [ -39.821292391046931, -18.177763284702802 ], [ -39.821385829524786, -18.177719628252294 ], [ -39.821463377494659, -18.177686142342409 ], [ -39.821574763397841, -18.177636466776477 ], [ -39.821625852214275, -18.177612895064122 ], [ -39.821703340808092, -18.177579283951452 ], [ -39.821788623519154, -18.177540265597553 ], [ -39.821830864810728, -18.177519976889119 ], [ -39.821848091582247, -18.177512524539363 ], [ -39.821900096336051, -18.177490860203289 ], [ -39.821908676514163, -18.177487063770009 ], [ -39.821925689686267, -18.17747917488791 ], [ -39.821968842249106, -18.177460721322827 ], [ -39.821977401856401, -18.177456882699296 ], [ -39.82202819511194, -18.177432735253717 ], [ -39.82207606208847, -18.177408850239651 ] ] } },
{ "type": "Feature", "properties": { "Field": "001", "Length": 352.19153668240665, "Image": "/home/ubuntu/bemagro/data/image/Orthomosaico.tif", "Farm": "data" }, "geometry": { "type": "LineString", "coordinates": [ [ -39.819046041326487, -18.178753627307884 ], [ -39.819165906281278, -18.178698973078184 ], [ -39.819303162651678, -18.178638173415418 ], [ -39.81938839451206, -18.178599052596589 ], [ -39.819448939955421, -18.178573500367488 ], [ -39.819517300751656, -18.178542555668528 ], [ -39.819534912220817, -18.178535974336349 ], [ -39.819552009441054, -18.178528252270343 ], [ -39.819586545158444, -18.178513518599491 ], [ -39.819595075917846, -18.178509621676838 ], [ -39.819636537687359, -18.178489863926334 ], [ -39.81967158132548, -18.178474022880167 ], [ -39.819722550434186, -18.178450215047658 ], [ -39.819748479982408, -18.178439225667557 ], [ -39.819756985679362, -18.178435279009364 ], [ -39.81977384163519, -18.178427086687933 ], [ -39.819782387053039, -18.178423219203879 ], [ -39.819842582318969, -18.178396922098482 ], [ -39.819851047150806, -18.178392895956744 ], [ -39.819884639751784, -18.178376289058793 ], [ -39.819893249001169, -18.178372553218505 ], [ -39.819910648066852, -18.178365474787284 ], [ -39.819919020207621, -18.178361275481901 ], [ -39.819926718042574, -18.178357808815978 ], [ -39.81993627697409, -18.178353893035514 ], [ -39.819944880471333, -18.178350145054392 ], [ -39.819987647860899, -18.1783308892193 ], [ -39.8200223999117, -18.178316628983644 ], [ -39.820030950858282, -18.178312772711369 ], [ -39.820064856178881, -18.178296756748662 ], [ -39.820124804104573, -18.178269948902052 ], [ -39.820158471394315, -18.178253481837508 ], [ -39.820167009622885, -18.178249599897484 ], [ -39.820210007847045, -18.178230819699678 ], [ -39.820236204591666, -18.178220425585529 ], [ -39.82024472234967, -18.178216502844489 ], [ -39.820261521240468, -18.178208204130378 ], [ -39.82026916894214, -18.178204637536869 ], [ -39.820304195158627, -18.178188760874555 ], [ -39.820364860925643, -18.178163472173821 ], [ -39.820373423921751, -18.178159640406715 ], [ -39.820415969976764, -18.17813994170972 ], [ -39.820553243588066, -18.178079178941179 ], [ -39.820621400998903, -18.178047827072721 ], [ -39.820723277968391, -18.178002182799649 ], [ -39.820835807021943, -18.177952715637385 ], [ -39.820861234113153, -18.177940700827637 ], [ -39.820921333645231, -18.177914206316824 ], [ -39.821040882858739, -18.177859887502439 ], [ -39.821101152258628, -18.177833747895281 ], [ -39.821237936635548, -18.177771985498765 ], [ -39.821306932645363, -18.177742357412178 ], [ -39.821358203151163, -18.17771914923733 ], [ -39.821452746749728, -18.177677723886823 ], [ -39.821478202435372, -18.177665764581484 ], [ -39.821485917742613, -18.177662333657722 ], [ -39.82154706290607, -18.177635851825976 ], [ -39.821572706972511, -18.177624265396023 ], [ -39.821606477333795, -18.177607991962631 ], [ -39.821615054718769, -18.17760418978779 ], [ -39.821649620431373, -18.177589520588839 ], [ -39.821709226674976, -18.177562026442406 ], [ -39.821769356851526, -18.177535594607878 ], [ -39.821829082726467, -18.177508338012842 ], [ -39.821837720803792, -18.177504663522811 ], [ -39.821898527601711, -18.177479685800016 ], [ -39.8219070659746, -18.177475804244459 ], [ -39.822017098235293, -18.177423445061386 ], [ -39.822060163614871, -18.177401807707856 ] ] } },
{ "type": "Feature", "properties": { "Field": "001", "Length": 351.63518992821542, "Image": "/home/ubuntu/bemagro/data/image/Orthomosaico.tif", "Farm": "data" }, "geometry": { "type": "LineString", "coordinates": [ [ -39.819034588624724, -18.178743622155189 ], [ -39.819111772587824, -18.17870839825402 ], [ -39.819309024184172, -18.178620886528687 ], [ -39.81938577795421, -18.178585767641085 ], [ -39.819471958932894, -18.178548595255627 ], [ -39.819514259826292, -18.178528419880543 ], [ -39.819531568366251, -18.178521140679898 ], [ -39.819582463598962, -18.178497188858167 ], [ -39.819616936210487, -18.178482321230138 ], [ -39.819625888426046, -18.178479414610653 ], [ -39.819660163232825, -18.178464134126514 ], [ -39.819702397750646, -18.178443832297251 ], [ -39.819719807060785, -18.178436776064082 ], [ -39.81983995902975, -18.178383685487621 ], [ -39.819882546664402, -18.178364069250094 ], [ -39.819899075444503, -18.178355290194094 ], [ -39.819916695889951, -18.178348730751779 ], [ -39.81996775817553, -18.17832510618409 ], [ -39.820019756920566, -18.178303428187203 ], [ -39.820087650491168, -18.178271557265251 ], [ -39.820113566932221, -18.178260538270248 ], [ -39.820198939090893, -18.178221698381204 ], [ -39.820233653921548, -18.178207354626039 ], [ -39.820275682353788, -18.17818666585314 ], [ -39.820362272070589, -18.178150372125376 ], [ -39.820481458186073, -18.17809743920888 ], [ -39.820593174051417, -18.178046315521453 ], [ -39.820781539929847, -18.177961975661319 ], [ -39.820824617048004, -18.17794336149084 ], [ -39.821038211744117, -18.177846593088962 ], [ -39.821090027867491, -18.177824519340064 ], [ -39.821244073698793, -18.177755368277399 ], [ -39.821398703733244, -18.177687419152811 ], [ -39.821484089776845, -18.177648607658313 ], [ -39.821621339441407, -18.177587796028373 ], [ -39.821723625110167, -18.177540867072416 ], [ -39.82182660803111, -18.177495352798406 ], [ -39.821887096739701, -18.177469679065346 ], [ -39.82202193875613, -18.177406149368675 ], [ -39.822044449350514, -18.177394846773161 ] ] } },
{ "type": "Feature", "properties": { "Field": "001", "Length": 350.89440104101965, "Image": "/home/ubuntu/bemagro/data/image/Orthomosaico.tif", "Farm": "data" }, "geometry": { "type": "LineString", "coordinates": [ [ -39.819023129904572, -18.178733611742931 ], [ -39.819212408219755, -18.178648025439241 ], [ -39.819341192466773, -18.178591245795751 ], [ -39.819400856621314, -18.178563864860084 ], [ -39.819452568541188, -18.178541568448974 ], [ -39.819528683318573, -18.178505201118963 ], [ -39.819597509974379, -18.178475214212071 ], [ -39.819640856868922, -18.17845718102501 ], [ -39.819691953873374, -18.178433624939103 ], [ -39.819752451589451, -18.178407969688923 ], [ -39.819956886775707, -18.178313839058621 ], [ -39.82002621183873, -18.178284920409499 ], [ -39.820068358044246, -18.178264451386212 ], [ -39.820120390122206, -18.178242846468272 ], [ -39.820179797718517, -18.178214960758694 ], [ -39.820240186184762, -18.178189071614941 ], [ -39.820282218738178, -18.178168390219778 ], [ -39.820308192873355, -18.178157496041258 ], [ -39.820402334711503, -18.17811524217726 ], [ -39.820462833063168, -18.178089588544285 ], [ -39.820522919231323, -18.178063064579614 ], [ -39.82058242291852, -18.178035366813358 ], [ -39.820668173736074, -18.177997296829218 ], [ -39.820761954196037, -18.177954315173768 ], [ -39.82085642568709, -18.177912739238259 ], [ -39.821010475974632, -18.177843597065319 ], [ -39.821096624382463, -18.177806356488468 ], [ -39.821233368585006, -18.177744512887401 ], [ -39.821276422272142, -18.177725849360588 ], [ -39.821327332555072, -18.177701927189418 ], [ -39.821396226499587, -18.177672082531174 ], [ -39.821498755746028, -18.17762564164331 ], [ -39.821602021096254, -18.177580715727633 ], [ -39.821704201532505, -18.177533577778796 ], [ -39.821764623886814, -18.177507761500198 ], [ -39.821832672733777, -18.177476195161208 ], [ -39.821858651145774, -18.177465310548929 ], [ -39.821927162417829, -18.177434671780855 ], [ -39.821961212238101, -18.177418938762699 ], [ -39.822003159396303, -18.17739809987506 ], [ -39.822011636482813, -18.177394097438395 ], [ -39.822026303996005, -18.177386808938145 ] ] } },
{ "type": "Feature", "properties": { "Field": "001", "Length": 350.22720892690467, "Image": "/home/ubuntu/bemagro/data/image/Orthomosaico.tif", "Farm": "data" }, "geometry": { "type": "LineString", "coordinates": [ [ -39.819012621748136, -18.178724431747639 ], [ -39.819174165914347, -18.178650439480826 ], [ -39.819268596644811, -18.178608778165465 ], [ -39.819362556472292, -18.178566155813822 ], [ -39.819431370777174, -18.178536146193352 ], [ -39.819533773794518, -18.178489450750423 ], [ -39.819619440875847, -18.178451208400098 ], [ -39.819645348096998, -18.178440181143682 ], [ -39.819670839728786, -18.178428291042604 ], [ -39.819679427603241, -18.178424515889724 ], [ -39.819705415471645, -18.17841365547277 ], [ -39.819739680548608, -18.178398354969243 ], [ -39.819782243836279, -18.178378692825213 ], [ -39.819842292688143, -18.178352091524484 ], [ -39.81985081943516, -18.178348188150999 ], [ -39.819901658060736, -18.17832412674154 ], [ -39.819910188291651, -18.178320230693391 ], [ -39.819996082006035, -18.178282455865475 ], [ -39.820047286809533, -18.178259115788077 ], [ -39.820055872913606, -18.178255333665923 ], [ -39.820116388730341, -18.178229717578969 ], [ -39.820124968765199, -18.178225923527052 ], [ -39.820176082648075, -18.178202402824184 ], [ -39.820236230112066, -18.178176006004097 ], [ -39.820244756783694, -18.178172103494159 ], [ -39.820287104754421, -18.178152021870222 ], [ -39.820372828372136, -18.17811389582463 ], [ -39.820510725885107, -18.178054438283809 ], [ -39.820519286052665, -18.178050602995587 ], [ -39.820621261036052, -18.178003059664675 ], [ -39.820629807177227, -18.17799919509369 ], [ -39.820724363617067, -18.177957795921756 ], [ -39.820766818223312, -18.177937923915543 ], [ -39.820929557193153, -18.177865206368637 ], [ -39.82116127923652, -18.177762820043139 ], [ -39.821220917433251, -18.177735389419603 ], [ -39.8212809355974, -18.177708729721019 ], [ -39.821314861989798, -18.177692754802401 ], [ -39.821323408089761, -18.177688891317345 ], [ -39.821400886011787, -18.177655259390789 ], [ -39.821494781567267, -18.177612508342261 ], [ -39.821581008284625, -18.177575436689896 ], [ -39.821589580861954, -18.177571626515242 ], [ -39.821691808714611, -18.177524584449596 ], [ -39.821777736757298, -18.177486883014637 ], [ -39.821871627194447, -18.17744412189586 ], [ -39.821931906157154, -18.177418003272237 ], [ -39.821940402724742, -18.177414047098011 ], [ -39.821990629610838, -18.177388839688572 ], [ -39.822009913922862, -18.17737954863675 ] ] } },
{ "type": "Feature", "properties": { "Field": "001", "Length": 349.69720309593021, "Image": "/home/ubuntu/bemagro/data/image/Orthomosaico.tif", "Farm": "data" }, "geometry": { "type": "LineString", "coordinates": [ [ -39.82199466484753, -18.177372793760664 ], [ -39.821936316569577, -18.177401418263795 ], [ -39.82192781853562, -18.177405376192919 ], [ -39.821670646504607, -18.177519749687423 ], [ -39.821577062604455, -18.177563119271298 ], [ -39.821568505941194, -18.177566962432721 ], [ -39.821439486592773, -18.177623250570445 ], [ -39.821345524091008, -18.177665865926624 ], [ -39.821293917242329, -18.177688381819831 ], [ -39.821259889006733, -18.177704154355933 ], [ -39.821251304966687, -18.177707938191745 ], [ -39.821225321240959, -18.177718811305173 ], [ -39.821216743490332, -18.177722608756177 ], [ -39.821140192161977, -18.177758128287046 ], [ -39.821131554353812, -18.177761792542679 ], [ -39.82112280526345, -18.177765218709418 ], [ -39.821114187256406, -18.177768925126959 ], [ -39.821088676388086, -18.177780777263031 ], [ -39.821080081682645, -18.177784538744405 ], [ -39.82103671646658, -18.177802531259498 ], [ -39.821028143546286, -18.177806336964487 ], [ -39.820968737910313, -18.177834226214181 ], [ -39.820882972500392, -18.177872263472747 ], [ -39.820848903942178, -18.177887954883044 ], [ -39.820762889063261, -18.177925476514059 ], [ -39.820694576299353, -18.17795651392986 ], [ -39.820634217237284, -18.17798246551553 ], [ -39.820625658256745, -18.177986303226024 ], [ -39.820540617108492, -18.178025800919514 ], [ -39.820532044660339, -18.178029610730079 ], [ -39.820480258420353, -18.17805174864586 ], [ -39.820420570034798, -18.178079075983216 ], [ -39.82026608803406, -18.178147332880425 ], [ -39.820232197403982, -18.178163369753484 ], [ -39.820180842474166, -18.178186407499354 ], [ -39.820094772122452, -18.178223812301567 ], [ -39.820026411333188, -18.178254756025325 ], [ -39.820000489387169, -18.178265748669514 ], [ -39.819940915718952, -18.17829330882423 ], [ -39.819863521288369, -18.17832711361261 ], [ -39.819769713038106, -18.178370040269542 ], [ -39.819692473203737, -18.178404170470536 ], [ -39.819615669347108, -18.178439186822899 ], [ -39.819538360589753, -18.178473174494027 ], [ -39.819435755247845, -18.178519461925919 ], [ -39.819324009058235, -18.178568393914016 ], [ -39.819238728967214, -18.17860741559597 ], [ -39.819144212420937, -18.178648898725989 ], [ -39.819001393833275, -18.178714622964847 ] ] } },
{ "type": "Feature", "properties": { "Field": "001", "Length": 348.40172522027348, "Image": "/home/ubuntu/bemagro/data/image/Orthomosaico.tif", "Farm": "data" }, "geometry": { "type": "LineString", "coordinates": [ [ -39.82196114012288, -18.177357943322196 ], [ -39.821953168226841, -18.177361599753894 ], [ -39.82194493231944, -18.177366038499848 ], [ -39.821936552343786, -18.177370223621022 ], [ -39.821910791584486, -18.177381571028072 ], [ -39.821859806760941, -18.17740534677889 ], [ -39.821851255450767, -18.177409202257426 ], [ -39.821816840888971, -18.177424190996085 ], [ -39.821773440862941, -18.177442106446925 ], [ -39.821764876225245, -18.177445934804176 ], [ -39.821722449560419, -18.177465867050664 ], [ -39.821713877832821, -18.177469680884656 ], [ -39.821644869701359, -18.177499283344194 ], [ -39.821636302214202, -18.177503105877854 ], [ -39.821474264616953, -18.177577239967139 ], [ -39.821396838077014, -18.177610980110195 ], [ -39.821243048109785, -18.177680649325492 ], [ -39.821182772986845, -18.177706777878953 ], [ -39.821131507335267, -18.17772999580885 ], [ -39.821079680553602, -18.177752045638723 ], [ -39.821071164764007, -18.177755972331685 ], [ -39.821037456431036, -18.177772363623554 ], [ -39.821003372756579, -18.17778802893223 ], [ -39.820926092030639, -18.17782207449082 ], [ -39.820866391870233, -18.177849382724229 ], [ -39.820754796779752, -18.177898627446694 ], [ -39.820720695716354, -18.177914257470484 ], [ -39.820634727210837, -18.177951876115259 ], [ -39.820541046442614, -18.177995055326157 ], [ -39.820497972623144, -18.178013675508556 ], [ -39.820446836813957, -18.178037153299201 ], [ -39.820438223003087, -18.178040879558633 ], [ -39.820368823105504, -18.178069633570914 ], [ -39.820360259067797, -18.178073463223406 ], [ -39.820309329940649, -18.178097348970155 ], [ -39.820257792891681, -18.178120010421971 ], [ -39.820129716056918, -18.17817823295352 ], [ -39.820121088600231, -18.178181930272128 ], [ -39.820077674300357, -18.178199814554322 ], [ -39.820051900540726, -18.178211134382579 ], [ -39.819984250877873, -18.1782434744966 ], [ -39.819941664591845, -18.178263093278787 ], [ -39.819847018624962, -18.178304304812524 ], [ -39.819710441239032, -18.178366484786462 ], [ -39.819615915679847, -18.178407947743931 ], [ -39.819462224731986, -18.178477817873748 ], [ -39.819316298746372, -18.178542228742099 ], [ -39.819076443161912, -18.178649332779546 ], [ -39.819025372593451, -18.178672941067255 ], [ -39.818979290541144, -18.178695313373229 ] ] } },
{ "type": "Feature", "properties": { "Field": "001", "Length": 347.80465221709431, "Image": "/home/ubuntu/bemagro/data/image/Orthomosaico.tif", "Farm": "data" }, "geometry": { "type": "LineString", "coordinates": [ [ -39.821945214641524, -18.177350888812907 ], [ -39.821869157738327, -18.177386043959949 ], [ -39.821757351502981, -18.177434848673926 ], [ -39.821697715252334, -18.177462284022003 ], [ -39.821619969436256, -18.177495347707112 ], [ -39.821457792996718, -18.17756920376457 ], [ -39.821397541981824, -18.1775953833675 ], [ -39.821218189059806, -18.177676802478686 ], [ -39.821063503700813, -18.177744636389491 ], [ -39.820875833360887, -18.177830380736044 ], [ -39.820798511980058, -18.177864342144222 ], [ -39.820721719470143, -18.177899382803044 ], [ -39.820635600309068, -18.177936685139532 ], [ -39.820490532537988, -18.178002842705016 ], [ -39.820378361653354, -18.178050877605454 ], [ -39.820301758506943, -18.178086295113079 ], [ -39.820215807301011, -18.178123949543942 ], [ -39.820173675718017, -18.178144445903492 ], [ -39.82012249534975, -18.178167835679851 ], [ -39.820105185906932, -18.178175112576586 ], [ -39.820078804504334, -18.178185070711443 ], [ -39.820002474551941, -18.178221023269494 ], [ -39.819934061092127, -18.178251861753598 ], [ -39.819813754053712, -18.178304630235111 ], [ -39.819702915482956, -18.178355412944267 ], [ -39.819608294876382, -18.178396678375357 ], [ -39.819428943610433, -18.178478102643982 ], [ -39.819325857380839, -18.178523404041592 ], [ -39.819248985263222, -18.178558285424096 ], [ -39.819223078943644, -18.178569326227255 ], [ -39.819060375584108, -18.178642118030972 ], [ -39.819051828321484, -18.17864598182982 ], [ -39.818968270047058, -18.178685685789379 ] ] } },
{ "type": "Feature", "properties": { "Field": "001", "Length": 347.18234987726709, "Image": "/home/ubuntu/bemagro/data/image/Orthomosaico.tif", "Farm": "data" }, "geometry": { "type": "LineString", "coordinates": [ [ -39.821928144364342, -18.177343327191359 ], [ -39.821875925433048, -18.177367653824192 ], [ -39.821721571719344, -18.177436173975305 ], [ -39.821662066715987, -18.177463868728211 ], [ -39.821584139009538, -18.177496539033296 ], [ -39.821490000693984, -18.177538799340386 ], [ -39.821438981439051, -18.177562508360278 ], [ -39.821395975506363, -18.177581272145169 ], [ -39.821336416463808, -18.177608860665572 ], [ -39.821267469799054, -18.177638593831546 ], [ -39.821190830174693, -18.177673938895353 ], [ -39.821061718595878, -18.177730033665831 ], [ -39.820874185752004, -18.17781605247745 ], [ -39.820813804126736, -18.177841955953447 ], [ -39.820771030655372, -18.177861199262992 ], [ -39.820728685559608, -18.177881289585681 ], [ -39.820591126602743, -18.177941459860577 ], [ -39.820497308788909, -18.177984366968701 ], [ -39.820454290761248, -18.17800310564358 ], [ -39.820394632191849, -18.17803049729266 ], [ -39.820274681154359, -18.178084000893371 ], [ -39.82024929762698, -18.178096100361465 ], [ -39.820214499229017, -18.178110258307921 ], [ -39.820129609396957, -18.178150052436173 ], [ -39.820094977360526, -18.178164578339025 ], [ -39.820026703454005, -18.178195698106656 ], [ -39.819863834645936, -18.17826815027782 ], [ -39.819761591949678, -18.178315165680463 ], [ -39.819701250137854, -18.178341154187947 ], [ -39.819633038535081, -18.17837239869116 ], [ -39.819538245351012, -18.178413300726692 ], [ -39.819487307367837, -18.178437169427252 ], [ -39.819418797207874, -18.178467811361159 ], [ -39.819358332107335, -18.178493536841053 ], [ -39.819332019769725, -18.178503662497523 ], [ -39.81923873700682, -18.178547623212268 ], [ -39.819032889058363, -18.178638898041907 ], [ -39.81895639163973, -18.178675308724337 ] ] } },
{ "type": "Feature", "properties": { "Field": "001", "Length": 346.64093283252583, "Image": "/home/ubuntu/bemagro/data/image/Orthomosaico.tif", "Farm": "data" }, "geometry": { "type": "LineString", "coordinates": [ [ -39.821912842194465, -18.177336548786528 ], [ -39.821853673478877, -18.177363559751633 ], [ -39.821845104284286, -18.177367378772171 ], [ -39.821801904657455, -18.177385730950526 ], [ -39.821716318584613, -18.177424137510823 ], [ -39.821656738369946, -18.177451683019207 ], [ -39.821613705512959, -18.177470388707494 ], [ -39.821587505786837, -18.177480775626286 ], [ -39.821493158369861, -18.177522607682224 ], [ -39.821339369523798, -18.177592278546655 ], [ -39.82124496280705, -18.177633987972776 ], [ -39.821185360061754, -18.177661489597845 ], [ -39.821056261151632, -18.177717610079551 ], [ -39.820971313807867, -18.177757290897382 ], [ -39.820911192970101, -18.177783742200816 ], [ -39.820868683933774, -18.177803513191044 ], [ -39.820782836816413, -18.177841383935785 ], [ -39.820714588996495, -18.177872555299665 ], [ -39.820585528743514, -18.177928757691411 ], [ -39.820483295293812, -18.177975790056241 ], [ -39.820431490667033, -18.177997887794618 ], [ -39.820243927987363, -18.178083847783125 ], [ -39.820235359935239, -18.178087669224599 ], [ -39.82019213662511, -18.178105970034444 ], [ -39.820132565375388, -18.178133534853263 ], [ -39.82012401352663, -18.178137389320064 ], [ -39.820098105847769, -18.178148427146578 ], [ -39.820089531407959, -18.178152235482113 ], [ -39.82006416792224, -18.178164372506522 ], [ -39.819935495770878, -18.178221383092751 ], [ -39.819764678797888, -18.178298917117427 ], [ -39.819695800356179, -18.178328793138178 ], [ -39.819601836015885, -18.178371405525674 ], [ -39.819567184208005, -18.178385887268306 ], [ -39.819447682236664, -18.178440301615314 ], [ -39.819387520403893, -18.178466668381091 ], [ -39.81932692482318, -18.178492110545907 ], [ -39.819233146351579, -18.178535096651075 ], [ -39.819053062469671, -18.178615030203048 ], [ -39.819044514826111, -18.178618893235498 ], [ -39.818945150448045, -18.17866548833376 ] ] } },
{ "type": "Feature", "properties": { "Field": "001", "Length": 346.01307903588105, "Image": "/home/ubuntu/bemagro/data/image/Orthomosaico.tif", "Farm": "data" }, "geometry": { "type": "LineString", "coordinates": [ [ -39.821896120390321, -18.177329141524027 ], [ -39.821862530567728, -18.177344433928688 ], [ -39.82184512724136, -18.177351501219974 ], [ -39.821836500276156, -18.177355199489373 ], [ -39.821776602063842, -18.177382108552795 ], [ -39.821707720803083, -18.177411979431529 ], [ -39.821699206965157, -18.177415909952213 ], [ -39.821640040282958, -18.177444259247306 ], [ -39.821631477101143, -18.177448090577222 ], [ -39.821519334465542, -18.177496185142601 ], [ -39.821425323622883, -18.177538703349683 ], [ -39.821339403873246, -18.177576423000161 ], [ -39.821168649624425, -18.177654081484075 ], [ -39.821073790453234, -18.177694841873194 ], [ -39.820971493274087, -18.177741747201402 ], [ -39.820877093963347, -18.177783472144732 ], [ -39.820774672843775, -18.177830130532385 ], [ -39.820705797801736, -18.177860014654822 ], [ -39.820663034363228, -18.177879278016064 ], [ -39.820619838753053, -18.177897638797578 ], [ -39.820517344252067, -18.177944149053971 ], [ -39.820500380546193, -18.177952135559813 ], [ -39.820422861458908, -18.177985681707764 ], [ -39.820243409890395, -18.178066902586391 ], [ -39.820174583202018, -18.178096888182591 ], [ -39.820140725666874, -18.1781129952968 ], [ -39.820097755485605, -18.178131833206294 ], [ -39.82003826229888, -18.178159551143043 ], [ -39.819952515327017, -18.178197628881335 ], [ -39.819875910753119, -18.178233043636922 ], [ -39.819738989653203, -18.17829452937967 ], [ -39.819567212238468, -18.178370099338352 ], [ -39.81947347772465, -18.178413172560344 ], [ -39.819404620033033, -18.178443093889435 ], [ -39.819233602193698, -18.178520222602366 ], [ -39.819027697163556, -18.178611379498289 ], [ -39.818993632156662, -18.178627082418199 ], [ -39.818959965337079, -18.178643551211501 ], [ -39.81893365962209, -18.178655449858905 ] ] } },
{ "type": "Feature", "properties": { "Field": "001", "Length": 345.33907175825823, "Image": "/home/ubuntu/bemagro/data/image/Orthomosaico.tif", "Farm": "data" }, "geometry": { "type": "LineString", "coordinates": [ [ -39.821880236529694, -18.17732210544364 ], [ -39.821863698105403, -18.177329580542548 ], [ -39.821846309521021, -18.177336682596799 ], [ -39.821795168630466, -18.177360149673738 ], [ -39.821786574349332, -18.177363916835088 ], [ -39.821726256182465, -18.177389954686593 ], [ -39.82169151733946, -18.177404245147141 ], [ -39.821623646369375, -18.177436158133784 ], [ -39.82154611590569, -18.177469680238978 ], [ -39.82147789677321, -18.17750090871726 ], [ -39.821348895028969, -18.177557233423631 ], [ -39.821332013930132, -18.177565377736354 ], [ -39.821263493866937, -18.177595998033901 ], [ -39.821203896675016, -18.177623509888125 ], [ -39.821143915606513, -18.177650249995729 ], [ -39.821049175116499, -18.177691262461899 ], [ -39.820972510733391, -18.177726558201353 ], [ -39.820869608864697, -18.177772239907384 ], [ -39.820852720753265, -18.177780371132819 ], [ -39.820844193639985, -18.17778427531205 ], [ -39.820750078871747, -18.177826583864395 ], [ -39.820664241754713, -18.177864475535248 ], [ -39.820595208182901, -18.177894024051565 ], [ -39.820510063078451, -18.177933316064287 ], [ -39.820501669496764, -18.177937476254304 ], [ -39.820493100437552, -18.177941295616115 ], [ -39.82044097359914, -18.177962690506739 ], [ -39.820432408678649, -18.177966518344068 ], [ -39.820373017789208, -18.177994436350534 ], [ -39.82036447284694, -18.177998304772387 ], [ -39.820201414262201, -18.178070365451898 ], [ -39.820150416992263, -18.178094117406957 ], [ -39.820090076831377, -18.178120107728414 ], [ -39.820081517330657, -18.178123946643808 ], [ -39.819962289922778, -18.178178908341174 ], [ -39.819910702065584, -18.178201464985161 ], [ -39.819842435968546, -18.178232598806691 ], [ -39.819765023110392, -18.178266369743501 ], [ -39.819628513774724, -18.178328686098318 ], [ -39.819542532032102, -18.178366277123274 ], [ -39.81948299173127, -18.178393901369002 ], [ -39.819405852611517, -18.178428240012657 ], [ -39.819371277988374, -18.178442889998021 ], [ -39.819362699818747, -18.178446690684403 ], [ -39.819243260631538, -18.178501231115831 ], [ -39.819174526509755, -18.178531411019346 ], [ -39.81911472835727, -18.178558523301206 ], [ -39.819097398817952, -18.178565755791805 ], [ -39.819088803931535, -18.178569521827068 ], [ -39.819037625929759, -18.178592916781863 ], [ -39.819003223138559, -18.178607931921956 ], [ -39.818994685935301, -18.178611815990809 ], [ -39.818952222475403, -18.178631677116176 ], [ -39.818922885131663, -18.178644330322598 ] ] } },
{ "type": "Feature", "properties": { "Field": "001", "Length": 344.5420469763003, "Image": "/home/ubuntu/bemagro/data/image/Orthomosaico.tif", "Farm": "data" }, "geometry": { "type": "LineString", "coordinates": [ [ -39.81891181574148, -18.178632587152318 ], [ -39.819024002437928, -18.178583541630161 ], [ -39.819117748908276, -18.178540491595275 ], [ -39.819176885757464, -18.178514158756428 ], [ -39.819272412252189, -18.178472614041084 ], [ -39.819357395577057, -18.178433002449275 ], [ -39.819469317103007, -18.178384438433937 ], [ -39.819528507572677, -18.178356133924233 ], [ -39.819579694677806, -18.178332757320849 ], [ -39.819820012129291, -18.178226604465397 ], [ -39.819888194871766, -18.178195302671973 ], [ -39.819939878016534, -18.178172945709409 ], [ -39.82008467764723, -18.178106253212281 ], [ -39.820127789625282, -18.178087712869111 ], [ -39.820230380193912, -18.178041395347766 ], [ -39.820299197814677, -18.178011389950857 ], [ -39.820418727257909, -18.177957031336305 ], [ -39.820470599606296, -18.177935078950778 ], [ -39.820495917450607, -18.177922854532184 ], [ -39.820564226845136, -18.177891806253967 ], [ -39.820607140539543, -18.17787285046942 ], [ -39.820641905381265, -18.177858617679274 ], [ -39.820693382588161, -18.177835831002895 ], [ -39.820719443800414, -18.177825129079022 ], [ -39.820821423563245, -18.177777595496277 ], [ -39.820907428807423, -18.177740053898319 ], [ -39.820984226003333, -18.177705022682456 ], [ -39.821095765062459, -18.177655662048181 ], [ -39.821198140956554, -18.177608913150845 ], [ -39.821267066169881, -18.177579134704754 ], [ -39.821352276329804, -18.17753997173585 ], [ -39.821489478532889, -18.177479062510358 ], [ -39.821532068683787, -18.177459451551268 ], [ -39.821609747008992, -18.177426243123275 ], [ -39.821745986805212, -18.177365499322573 ], [ -39.821772278616784, -18.177353117287474 ], [ -39.821841264097053, -18.177323468300887 ], [ -39.821857766623538, -18.177316684605469 ], [ -39.821862858765499, -18.177314407605991 ] ] } },
{ "type": "Feature", "properties": { "Field": "001", "Length": 343.6714074228446, "Image": "/home/ubuntu/bemagro/data/image/Orthomosaico.tif", "Farm": "data" }, "geometry": { "type": "LineString", "coordinates": [ [ -39.818901898708873, -18.178622066480234 ], [ -39.818970071506257, -18.178591852060386 ], [ -39.818997019830078, -18.178580835185031 ], [ -39.81910710241214, -18.178530635807007 ], [ -39.819150903830938, -18.17851136184624 ], [ -39.819193355514997, -18.178491478201334 ], [ -39.819270817093297, -18.178457809635731 ], [ -39.819347307094716, -18.178422169228103 ], [ -39.819475451938217, -18.178366224876893 ], [ -39.819569694646027, -18.178322083071276 ], [ -39.819783624288277, -18.178228136661037 ], [ -39.820065543971829, -18.178100350305396 ], [ -39.820331449914264, -18.177982494745237 ], [ -39.820408137506789, -18.177947244674378 ], [ -39.820476868106702, -18.177917057792211 ], [ -39.820519780696841, -18.177896038394227 ], [ -39.820631075215815, -18.177848344128133 ], [ -39.820690679154353, -18.177820844581163 ], [ -39.820726466797517, -18.177806607671339 ], [ -39.820794428352578, -18.177774869968538 ], [ -39.820948232315601, -18.177707366872429 ], [ -39.821008628609462, -18.177679357746356 ], [ -39.821094392023923, -18.177641314139915 ], [ -39.821188232459278, -18.177598452792605 ], [ -39.821257011969308, -18.177568368097294 ], [ -39.82143562982435, -18.177487576807192 ], [ -39.821667604586295, -18.177385715773941 ], [ -39.821735823477326, -18.177354486788815 ], [ -39.821778960114351, -18.177335999653717 ], [ -39.821830245855615, -18.177312822281408 ], [ -39.821845178465566, -18.177306575751548 ] ] } },
{ "type": "Feature", "properties": { "Field": "001", "Length": 342.89682325275936, "Image": "/home/ubuntu/bemagro/data/image/Orthomosaico.tif", "Farm": "data" }, "geometry": { "type": "LineString", "coordinates": [ [ -39.821828291963925, -18.17729909552428 ], [ -39.821802883186223, -18.1773097186814 ], [ -39.821717293103085, -18.177348116991013 ], [ -39.821691291079027, -18.177358949933215 ], [ -39.821571618972158, -18.177413020216644 ], [ -39.821425600038758, -18.177477236610287 ], [ -39.821365981267888, -18.177504706931387 ], [ -39.821245971192205, -18.177558088626995 ], [ -39.821194255311624, -18.17758037600063 ], [ -39.821006133116299, -18.177665210505026 ], [ -39.820938052725005, -18.177696714829121 ], [ -39.820869079290617, -18.177726391293795 ], [ -39.820826501510943, -18.177746027065556 ], [ -39.820749052095366, -18.177779720838341 ], [ -39.820714992535571, -18.177795434711793 ], [ -39.820688655070278, -18.177805500166361 ], [ -39.820620972348394, -18.177837777988703 ], [ -39.820551629750575, -18.177866657827146 ], [ -39.820483710949759, -18.177898479403815 ], [ -39.820389186030496, -18.177939944229525 ], [ -39.820329863228018, -18.177967994181749 ], [ -39.820312424955276, -18.177974984706211 ], [ -39.820261308035995, -18.177998501012993 ], [ -39.82017537552079, -18.17803619482121 ], [ -39.820124195560396, -18.178059585547164 ], [ -39.820081044622562, -18.178078042932679 ], [ -39.82000450438489, -18.178113584650621 ], [ -39.819875915655437, -18.178170766975462 ], [ -39.819756479682681, -18.178225313445992 ], [ -39.81957597015483, -18.178304364195153 ], [ -39.819499557961265, -18.178340156973807 ], [ -39.81931921963136, -18.178419564200869 ], [ -39.819285377669665, -18.178435702215509 ], [ -39.819173861227902, -18.178485110676103 ], [ -39.819080295907078, -18.178528519255757 ], [ -39.818968810586128, -18.178577991978234 ], [ -39.818891363630243, -18.178610890140305 ] ] } },
{ "type": "Feature", "properties": { "Field": "001", "Length": 342.02373632332046, "Image": "/home/ubuntu/bemagro/data/image/Orthomosaico.tif", "Farm": "data" }, "geometry": { "type": "LineString", "coordinates": [ [ -39.818882044132188, -18.178601003370577 ], [ -39.818951277682984, -18.178571143707877 ], [ -39.818976767528298, -18.178559250096043 ], [ -39.819062618082846, -18.178521385451791 ], [ -39.819224870406451, -18.178447679779378 ], [ -39.819267897372832, -18.178428959671677 ], [ -39.819318847658913, -18.178405115014993 ], [ -39.819473382700004, -18.178336967378069 ], [ -39.819575555093856, -18.178289812520116 ], [ -39.81966992292017, -18.178248021630711 ], [ -39.819721868326468, -18.178226227025668 ], [ -39.819875491589549, -18.178156221505688 ], [ -39.819978641179134, -18.178111052559171 ], [ -39.820046588950404, -18.178079287374093 ], [ -39.820140711933732, -18.178036995213414 ], [ -39.820217910433342, -18.178002779136353 ], [ -39.820252590498534, -18.177988358452087 ], [ -39.820303945814594, -18.17796532171171 ], [ -39.820321333924497, -18.177958218282754 ], [ -39.82039724752957, -18.177921469394342 ], [ -39.820457503370754, -18.177895299651937 ], [ -39.820492333747659, -18.177881214243072 ], [ -39.820534515970941, -18.177860813446202 ], [ -39.820603629789574, -18.177831436942551 ], [ -39.820671344623314, -18.177799220786827 ], [ -39.820714380620032, -18.177780520045985 ], [ -39.820756758772482, -18.177760493728737 ], [ -39.820808745357603, -18.177738789314592 ], [ -39.820920459243872, -18.177689791202216 ], [ -39.820997067013288, -18.177654383079986 ], [ -39.821099709309969, -18.177608170922564 ], [ -39.821331360859453, -18.177505639591498 ], [ -39.821399497797408, -18.177474247345685 ], [ -39.821494053534451, -18.177432847352449 ], [ -39.821622149108272, -18.177374663706807 ], [ -39.821742592901749, -18.177322182441134 ], [ -39.821793724143681, -18.177298695036782 ], [ -39.821810928452692, -18.177291403993415 ] ] } },
{ "type": "Feature", "properties": { "Field": "001", "Length": 341.1264789979561, "Image": "/home/ubuntu/bemagro/data/image/Orthomosaico.tif", "Farm": "data" }, "geometry": { "type": "LineString", "coordinates": [ [ -39.818872690966863, -18.178591080882658 ], [ -39.819052752609664, -18.17851008254101 ], [ -39.81915580837056, -18.178464717898354 ], [ -39.819206858824842, -18.178441069793266 ], [ -39.81939535957315, -18.178357004701905 ], [ -39.819472081361546, -18.178321822256876 ], [ -39.81971223852522, -18.178215338489046 ], [ -39.819806042686928, -18.178172403854656 ], [ -39.820003095398384, -18.178084485083541 ], [ -39.820087978936407, -18.17804467885594 ], [ -39.820208044291469, -18.17799141021619 ], [ -39.820251347434407, -18.177973281559996 ], [ -39.820345072345795, -18.177932317394671 ], [ -39.820396556575218, -18.177907471158079 ], [ -39.820491252024262, -18.177866363825544 ], [ -39.820541931811064, -18.177841999134085 ], [ -39.820602551888527, -18.177816610002886 ], [ -39.820747210494119, -18.1777496391583 ], [ -39.820850639803133, -18.177705059128616 ], [ -39.820927367724423, -18.177669889524516 ], [ -39.821124511458059, -18.177582158593104 ], [ -39.821210519469005, -18.17754462299327 ], [ -39.821381481007805, -18.177467382292043 ], [ -39.821484554070786, -18.177422054981307 ], [ -39.82155264309197, -18.17739056803774 ], [ -39.821724594596041, -18.177315362442958 ], [ -39.821775599176284, -18.177291624746772 ], [ -39.821793387070379, -18.177283633668523 ] ] } },
{ "type": "Feature", "properties": { "Field": "001", "Length": 340.28185754596507, "Image": "/home/ubuntu/bemagro/data/image/Orthomosaico.tif", "Farm": "data" }, "geometry": { "type": "LineString", "coordinates": [ [ -39.821776411452063, -18.177276113958481 ], [ -39.821706522100243, -18.177308914504291 ], [ -39.82162946452042, -18.177343418959836 ], [ -39.821551761143304, -18.177376573762814 ], [ -39.821457839684463, -18.177419272534795 ], [ -39.821363260271617, -18.17746062308764 ], [ -39.821209595618903, -18.177530544232425 ], [ -39.821114907244734, -18.177571666448092 ], [ -39.821029485511851, -18.177610406072663 ], [ -39.820926269278942, -18.177655435081018 ], [ -39.820841234427483, -18.177694944833156 ], [ -39.820712396970542, -18.17775161260807 ], [ -39.820601678072528, -18.177802632648071 ], [ -39.820515349042196, -18.177839489098282 ], [ -39.820413183343561, -18.177886656658199 ], [ -39.820378490324217, -18.177901048865547 ], [ -39.820327717028078, -18.177925235737693 ], [ -39.820138478703456, -18.178007771812293 ], [ -39.820002185745693, -18.178070519447996 ], [ -39.819950517365434, -18.178092907613976 ], [ -39.819873704353995, -18.17812790754105 ], [ -39.81977072835825, -18.178173437032889 ], [ -39.819719679177446, -18.17819708753407 ], [ -39.819531007077686, -18.17828080031012 ], [ -39.819368768286694, -18.178354532880203 ], [ -39.819300062572992, -18.178384772048897 ], [ -39.819257705397888, -18.178404839368994 ], [ -39.819163197000016, -18.178446339231296 ], [ -39.819112195754215, -18.178470084208254 ], [ -39.819043073960145, -18.178499444319471 ], [ -39.818923682818109, -18.17855408089077 ], [ -39.818915410086944, -18.17855845673088 ], [ -39.81886346936497, -18.178581297964758 ] ] } },
{ "type": "Feature", "properties": { "Field": "001", "Length": 339.47265749717013, "Image": "/home/ubuntu/bemagro/data/image/Orthomosaico.tif", "Farm": "data" }, "geometry": { "type": "LineString", "coordinates": [ [ -39.821759361947741, -18.177268561516861 ], [ -39.821717674049111, -18.177288619702924 ], [ -39.82167497010785, -18.177308003134939 ], [ -39.821589203883327, -18.177346040657298 ], [ -39.82155463097201, -18.177360692043283 ], [ -39.821452128968346, -18.177407187077378 ], [ -39.821340356260883, -18.177456061723777 ], [ -39.821160858712737, -18.177537188752424 ], [ -39.820877812927968, -18.177662678016961 ], [ -39.820757937609869, -18.177716335907263 ], [ -39.820724028149414, -18.177732340803388 ], [ -39.820663862758614, -18.17775869912585 ], [ -39.820570113884337, -18.177801742194617 ], [ -39.820475287907598, -18.177842574017092 ], [ -39.820466714230918, -18.177846383889722 ], [ -39.820407098431303, -18.177873860383027 ], [ -39.820398503156603, -18.177877625531718 ], [ -39.820381134951106, -18.177884773658278 ], [ -39.820372543535832, -18.177888546847885 ], [ -39.820304745841256, -18.177920603550998 ], [ -39.820296209450888, -18.177924489178917 ], [ -39.820115461642544, -18.178003040185637 ], [ -39.820106903164415, -18.178006881171914 ], [ -39.820021909898472, -18.178046472968333 ], [ -39.820013360912291, -18.178050333224789 ], [ -39.81993594834065, -18.178084103462968 ], [ -39.819876344819214, -18.178111604142877 ], [ -39.819516643507249, -18.178272426224385 ], [ -39.81943132445263, -18.178311372138634 ], [ -39.819345445997826, -18.178349178184551 ], [ -39.819251657706168, -18.17839214472075 ], [ -39.819174182439191, -18.178425782393852 ], [ -39.8190889768536, -18.178464955441651 ], [ -39.819028700298801, -18.17849107993705 ], [ -39.818853112613667, -18.178570310799376 ] ] } },
{ "type": "Feature", "properties": { "Field": "001", "Length": 338.69753392553719, "Image": "/home/ubuntu/bemagro/data/image/Orthomosaico.tif", "Farm": "data" }, "geometry": { "type": "LineString", "coordinates": [ [ -39.821743175102078, -18.177261391206276 ], [ -39.821701272617567, -18.177281025156208 ], [ -39.821529900242005, -18.177357429051 ], [ -39.821410338079957, -18.177411720826143 ], [ -39.821367299633955, -18.177430416060741 ], [ -39.821290383305765, -18.177465206885287 ], [ -39.821238569885779, -18.177487285555042 ], [ -39.821161806163239, -18.177522383451965 ], [ -39.821016038138843, -18.177587118819574 ], [ -39.82098148202067, -18.177601806578682 ], [ -39.820913243442696, -18.177632996461394 ], [ -39.820810300137637, -18.177678592749139 ], [ -39.820622164104662, -18.177763399465285 ], [ -39.820554239343245, -18.177795207632894 ], [ -39.820494049528335, -18.177821515049565 ], [ -39.820450537526206, -18.177839180161858 ], [ -39.820424752574425, -18.177850477309903 ], [ -39.820347842486463, -18.177885281168709 ], [ -39.820305562954431, -18.177905496573199 ], [ -39.820194069388705, -18.177954951430152 ], [ -39.8201515313323, -18.177974663782596 ], [ -39.820065434434902, -18.178012012993843 ], [ -39.819920204257315, -18.178077844358903 ], [ -39.819817056894998, -18.178123017648669 ], [ -39.819757384798407, -18.178150382288816 ], [ -39.819688763752715, -18.178180795923709 ], [ -39.819654803522106, -18.178196704755685 ], [ -39.819551764537081, -18.178242103827323 ], [ -39.819406562323891, -18.178307992127625 ], [ -39.81939798993681, -18.17831180470246 ], [ -39.81936344937391, -18.178326527873832 ], [ -39.819252364059352, -18.17837681559028 ], [ -39.819149272744049, -18.178422105789423 ], [ -39.819115276843554, -18.178437945135929 ], [ -39.819012367737606, -18.178483612954356 ], [ -39.818843562896355, -18.178560179790253 ] ] } },
{ "type": "Feature", "properties": { "Field": "001", "Length": 337.7996757557757, "Image": "/home/ubuntu/bemagro/data/image/Orthomosaico.tif", "Farm": "data" }, "geometry": { "type": "LineString", "coordinates": [ [ -39.821725084015313, -18.177253377368867 ], [ -39.821581108417888, -18.177320357526334 ], [ -39.821435188996702, -18.177384780050449 ], [ -39.821358363639, -18.177419754464214 ], [ -39.8212295682223, -18.17747650899819 ], [ -39.82113551380823, -18.177518939471369 ], [ -39.821100992751575, -18.177533704351678 ], [ -39.820895671665923, -18.177626054373665 ], [ -39.820809552041055, -18.177663355416584 ], [ -39.820715620162176, -18.177706033504702 ], [ -39.820629671135663, -18.177743692370974 ], [ -39.820519118626152, -18.177795040757122 ], [ -39.820415849871544, -18.177839959571191 ], [ -39.820390334219105, -18.177851802204593 ], [ -39.820278751519083, -18.177901072749513 ], [ -39.820202314807332, -18.177936817031703 ], [ -39.820073344312846, -18.177993207691074 ], [ -39.819996992652122, -18.178029117789919 ], [ -39.819808136608181, -18.178112450283923 ], [ -39.819645770984856, -18.178185926865968 ], [ -39.8196027180282, -18.178204592175554 ], [ -39.819354350077433, -18.178315630547619 ], [ -39.819277584457481, -18.178350725474953 ], [ -39.8191315435337, -18.178414897934886 ], [ -39.819028918763742, -18.17846114667153 ], [ -39.81894380273134, -18.178500497148409 ], [ -39.818833514985513, -18.178549520260699 ] ] } },
{ "type": "Feature", "properties": { "Field": "001", "Length": 336.96971528866766, "Image": "/home/ubuntu/bemagro/data/image/Orthomosaico.tif", "Farm": "data" }, "geometry": { "type": "LineString", "coordinates": [ [ -39.821707839948559, -18.177245738734953 ], [ -39.821657785976036, -18.177270396853832 ], [ -39.821606815529563, -18.177294201444383 ], [ -39.821495473298725, -18.177343965974167 ], [ -39.821426633298962, -18.177373923884403 ], [ -39.821272915629976, -18.177443738314544 ], [ -39.821101234710405, -18.17751950708735 ], [ -39.820964520569682, -18.17758141104845 ], [ -39.820921365778197, -18.177599859939427 ], [ -39.820853175961176, -18.177631147245066 ], [ -39.820775646678641, -18.177664672669653 ], [ -39.820638978052351, -18.177726668642126 ], [ -39.820578785069102, -18.177752970153499 ], [ -39.820485002712026, -18.177795947826944 ], [ -39.820338816854189, -18.177859817034026 ], [ -39.820278886688754, -18.177886661414941 ], [ -39.820202301664629, -18.177922114703605 ], [ -39.82010753657832, -18.177963075642634 ], [ -39.81999702002949, -18.178014495271615 ], [ -39.819885617353954, -18.178064137082664 ], [ -39.819842420675954, -18.178082496470466 ], [ -39.819645800853749, -18.178171296456323 ], [ -39.819414250946053, -18.178274039392484 ], [ -39.819269142587046, -18.178340116406009 ], [ -39.819140132536567, -18.178396425368245 ], [ -39.819063431318483, -18.17843164888982 ], [ -39.819028904859238, -18.17844640278237 ], [ -39.818943810460802, -18.178485796063274 ], [ -39.818823535052147, -18.178538932844546 ] ] } },
{ "type": "Feature", "properties": { "Field": "001", "Length": 336.11550507934948, "Image": "/home/ubuntu/bemagro/data/image/Orthomosaico.tif", "Farm": "data" }, "geometry": { "type": "LineString", "coordinates": [ [ -39.821691841884956, -18.177238652043183 ], [ -39.821614637057998, -18.177275344775214 ], [ -39.821597250959051, -18.177282452899469 ], [ -39.82150351587849, -18.177325524154313 ], [ -39.821408751109615, -18.177366485014527 ], [ -39.821280394124877, -18.177424139896996 ], [ -39.821220854981824, -18.177451767534357 ], [ -39.821160588873873, -18.177477915378763 ], [ -39.821006816631787, -18.177547620119235 ], [ -39.820920757921222, -18.177585049449586 ], [ -39.820869619545967, -18.177608522856254 ], [ -39.820766178066656, -18.177653077099837 ], [ -39.82072382680176, -18.177673155440374 ], [ -39.820689233548705, -18.17768776532111 ], [ -39.820630011271525, -18.177716008563319 ], [ -39.820552679292305, -18.177749947886159 ], [ -39.820493034317003, -18.177777366397319 ], [ -39.82034678422238, -18.177841101062189 ], [ -39.820201692683298, -18.177907211023811 ], [ -39.82008966878908, -18.177955558481507 ], [ -39.820021874692983, -18.177987622197545 ], [ -39.819919375183133, -18.178034123535681 ], [ -39.819773327863096, -18.178098282132041 ], [ -39.819739359654633, -18.178114175833397 ], [ -39.819653492572002, -18.17815200578509 ], [ -39.819516922461396, -18.178214200644934 ], [ -39.819370878558232, -18.178278366691874 ], [ -39.819294125883786, -18.178313487539356 ], [ -39.8191226225075, -18.1783896247393 ], [ -39.818866074143237, -18.178505274216683 ], [ -39.818814285518258, -18.178527323246769 ] ] } },
{ "type": "Feature", "properties": { "Field": "001", "Length": 335.01863369906323, "Image": "/home/ubuntu/bemagro/data/image/Orthomosaico.tif", "Farm": "data" }, "geometry": { "type": "LineString", "coordinates": [ [ -39.821675619058304, -18.17723146578572 ], [ -39.821634150794104, -18.177252857457493 ], [ -39.821591440649641, -18.177272228548699 ], [ -39.82154804481187, -18.177290153187361 ], [ -39.821445812755151, -18.177337188498608 ], [ -39.821402342944189, -18.177354948649199 ], [ -39.821368043839897, -18.177370178883105 ], [ -39.821316962765813, -18.177393765875316 ], [ -39.821137033930178, -18.177474015212468 ], [ -39.821094493113051, -18.177493723925679 ], [ -39.821008529251536, -18.177531351818565 ], [ -39.820854996256571, -18.177601536875311 ], [ -39.820759812696394, -18.177641601033834 ], [ -39.820734551103179, -18.177653931339279 ], [ -39.820666201514534, -18.177684898517164 ], [ -39.820632421602014, -18.177701154589297 ], [ -39.820563346753715, -18.177730614768709 ], [ -39.820520670392177, -18.177750054030547 ], [ -39.820486912691941, -18.177766352231011 ], [ -39.820434806271841, -18.177787792532115 ], [ -39.820409258781503, -18.177799572389418 ], [ -39.820366064927079, -18.177817937690325 ], [ -39.820315165771532, -18.17784188159462 ], [ -39.820169599475264, -18.177907031000618 ], [ -39.820108890678185, -18.177932226169613 ], [ -39.819930027171281, -18.178014623978239 ], [ -39.819647042665231, -18.178140241259285 ], [ -39.81950192375961, -18.178206296866183 ], [ -39.819372874117647, -18.178262522651249 ], [ -39.81927930866842, -18.178305930737771 ], [ -39.819073376089968, -18.178397030388769 ], [ -39.81888542799706, -18.178482218734871 ], [ -39.818807423638759, -18.178515500982396 ] ] } },
{ "type": "Feature", "properties": { "Field": "001", "Length": 333.79576236307184, "Image": "/home/ubuntu/bemagro/data/image/Orthomosaico.tif", "Farm": "data" }, "geometry": { "type": "LineString", "coordinates": [ [ -39.821658111771228, -18.177223710546077 ], [ -39.82162506179877, -18.177240077181633 ], [ -39.82159950361963, -18.177251835531642 ], [ -39.821547824455045, -18.177274200254718 ], [ -39.821419922740802, -18.177332771988159 ], [ -39.821350978168617, -18.17736250885978 ], [ -39.821325610310517, -18.177374637999282 ], [ -39.821248682756696, -18.177409406603758 ], [ -39.821025743430702, -18.177508413339691 ], [ -39.820931994665727, -18.177551457557335 ], [ -39.820854643468593, -18.177585356368631 ], [ -39.820837240406185, -18.177592426060365 ], [ -39.820794663127806, -18.177612062625379 ], [ -39.820734415221501, -18.177638248810737 ], [ -39.820572181141351, -18.177711989452511 ], [ -39.820511919509137, -18.17773814670117 ], [ -39.820477911969043, -18.177753962933757 ], [ -39.820426111676952, -18.177776070473261 ], [ -39.820349222667474, -18.177810917222764 ], [ -39.820306810725285, -18.177830877916794 ], [ -39.820203251303035, -18.177875180963397 ], [ -39.82012695470091, -18.177911197541601 ], [ -39.8200579231194, -18.177940750089444 ], [ -39.820023935563093, -18.177956605818064 ], [ -39.819852646818603, -18.178033182382986 ], [ -39.819776005226338, -18.178068523834646 ], [ -39.819638490703014, -18.178128787139514 ], [ -39.819527568717675, -18.178179402913624 ], [ -39.819475849115427, -18.178201682797162 ], [ -39.819355808219747, -18.178255002245972 ], [ -39.819347245331471, -18.178258834266533 ], [ -39.819253659225083, -18.178302201464842 ], [ -39.819193418448052, -18.178328403217499 ], [ -39.818996660190123, -18.178416923185772 ], [ -39.818936481997838, -18.178443256055164 ], [ -39.818851214425209, -18.178482305309451 ], [ -39.818800420593199, -18.17850343550241 ] ] } },
{ "type": "Feature", "properties": { "Field": "001", "Length": 332.76056950595773, "Image": "/home/ubuntu/bemagro/data/image/Orthomosaico.tif", "Farm": "data" }, "geometry": { "type": "LineString", "coordinates": [ [ -39.821643013404945, -18.177217022389236 ], [ -39.821532808768268, -18.177267714113068 ], [ -39.821352619380455, -18.177347427115219 ], [ -39.821241858369774, -18.177398362885608 ], [ -39.821130136923365, -18.177447344672871 ], [ -39.821079084449863, -18.177470988016534 ], [ -39.820984472754532, -18.177512270407753 ], [ -39.820950724219479, -18.17752858566357 ], [ -39.820908027864732, -18.177547984542414 ], [ -39.820804692349618, -18.177592762815632 ], [ -39.820796110092573, -18.177596554964694 ], [ -39.820770684562767, -18.177608572851604 ], [ -39.820736106917771, -18.177623216309012 ], [ -39.820641774696377, -18.177665079867275 ], [ -39.820633222193344, -18.177668932954916 ], [ -39.820599365670979, -18.177685042463015 ], [ -39.820410572123222, -18.177768503460111 ], [ -39.820402009116656, -18.177772335185779 ], [ -39.820359546379869, -18.177792197026022 ], [ -39.820196086062197, -18.177863420239987 ], [ -39.820120001126128, -18.177899843161555 ], [ -39.820059502835946, -18.177925496458538 ], [ -39.820008305256394, -18.17794885163428 ], [ -39.819982433633925, -18.177959966168224 ], [ -39.81991425990428, -18.177991285700532 ], [ -39.819845588712312, -18.178021595962836 ], [ -39.819760505262224, -18.178061009938148 ], [ -39.819708664244622, -18.17808303028383 ], [ -39.819580233528384, -18.178140536079933 ], [ -39.819520605405053, -18.17816798823419 ], [ -39.81933166978326, -18.178251155911859 ], [ -39.819263704510455, -18.178282886896554 ], [ -39.819015073024374, -18.178393385328523 ], [ -39.818921261670042, -18.178436305848138 ], [ -39.818844079264899, -18.178470555469509 ], [ -39.818793756161867, -18.178491953415783 ] ] } },
{ "type": "Feature", "properties": { "Field": "001", "Length": 128.24553874630641, "Image": "/home/ubuntu/bemagro/data/image/Orthomosaico.tif", "Farm": "data" }, "geometry": { "type": "LineString", "coordinates": [ [ -39.819740343856488, -18.177633881399672 ], [ -39.819663386562105, -18.177667500758194 ], [ -39.819577949127059, -18.177706208894751 ], [ -39.819534733350388, -18.177724525551543 ], [ -39.819517661595505, -18.177732297217386 ], [ -39.819491634974597, -18.177743071724095 ], [ -39.819474570153083, -18.177750857199264 ], [ -39.819449228497916, -18.177763036390608 ], [ -39.819440666095268, -18.177766869351515 ], [ -39.819388875928666, -18.177788998680299 ], [ -39.819380310180968, -18.177792824812155 ], [ -39.819201295804923, -18.177874922027737 ], [ -39.819107039283303, -18.177916941421056 ], [ -39.819063934553867, -18.177935495854431 ], [ -39.818952695942698, -18.177985472631715 ], [ -39.818893168333382, -18.178013123158859 ], [ -39.818815955150527, -18.178047308420265 ], [ -39.818765177478269, -18.178071484381881 ], [ -39.818705358529641, -18.178098554655278 ], [ -39.818671016822158, -18.178113696993286 ], [ -39.818642329334139, -18.178125337769192 ] ] } },
{ "type": "Feature", "properties": { "Field": "001", "Length": 118.11443060555602, "Image": "/home/ubuntu/bemagro/data/image/Orthomosaico.tif", "Farm": "data" }, "geometry": { "type": "LineString", "coordinates": [ [ -39.819643297037821, -18.177644207931905 ], [ -39.819583634894443, -18.177673142335649 ], [ -39.819489278864708, -18.177714956958244 ], [ -39.819421085774273, -18.177746237887295 ], [ -39.819386528169815, -18.177760924708551 ], [ -39.819215235929448, -18.177837493848823 ], [ -39.819172637192288, -18.177857088142083 ], [ -39.819103835182325, -18.177887126198083 ], [ -39.818975749908638, -18.177945331507907 ], [ -39.818941193397556, -18.177960020772478 ], [ -39.818770268026519, -18.178037335801108 ], [ -39.818710794680115, -18.178065093110529 ], [ -39.818684913314861, -18.178076187195316 ], [ -39.818659639620861, -18.178088494968652 ], [ -39.818633427529868, -18.178099734443016 ] ] } },
{ "type": "Feature", "properties": { "Field": "001", "Length": 127.84222491029364, "Image": "/home/ubuntu/bemagro/data/image/Orthomosaico.tif", "Farm": "data" }, "geometry": { "type": "LineString", "coordinates": [ [ -39.819732588916665, -18.177623024483907 ], [ -39.819638218979726, -18.177663706298251 ], [ -39.819527605613878, -18.177714934748614 ], [ -39.819492871289732, -18.17772923530886 ], [ -39.819450371458231, -18.17774902463669 ], [ -39.819381159310417, -18.177778188831791 ], [ -39.819313010735208, -18.177809558298385 ], [ -39.819244376424102, -18.177839944774252 ], [ -39.819159353808843, -18.177879478771402 ], [ -39.818970357599206, -18.177962520161138 ], [ -39.818893692911885, -18.177997815882041 ], [ -39.818816550581296, -18.178032147558124 ], [ -39.818757120933299, -18.17805999022946 ], [ -39.818680258361681, -18.178094890625129 ], [ -39.818671704015124, -18.178098740023309 ], [ -39.818637993260403, -18.178112866376061 ] ] } },
{ "type": "Feature", "properties": { "Field": "001", "Length": 108.17422505319765, "Image": "/home/ubuntu/bemagro/data/image/Orthomosaico.tif", "Farm": "data" }, "geometry": { "type": "LineString", "coordinates": [ [ -39.818618032259486, -18.178075267080526 ], [ -39.818747124563131, -18.178016152127189 ], [ -39.818798846805834, -18.177993877899446 ], [ -39.818875741015837, -18.177959041333796 ], [ -39.818961752050456, -18.177921511523781 ], [ -39.819141119227922, -18.177840120330828 ], [ -39.819321224837935, -18.177760233161251 ], [ -39.819355102250114, -18.177744163493418 ], [ -39.819371862200846, -18.177735793207702 ], [ -39.819380499531128, -18.177732117055463 ], [ -39.819398001719037, -18.177725274070305 ], [ -39.819432506429131, -18.177710474941836 ], [ -39.819500536019255, -18.177678871025446 ], [ -39.819543746859438, -18.177659781228151 ] ] } },
{ "type": "Feature", "properties": { "Field": "001", "Length": 117.65545950845186, "Image": "/home/ubuntu/bemagro/data/image/Orthomosaico.tif", "Farm": "data" }, "geometry": { "type": "LineString", "coordinates": [ [ -39.819634795233817, -18.177633205597441 ], [ -39.819576063470805, -18.177661360182874 ], [ -39.819507370903899, -18.17769162590174 ], [ -39.819362181543823, -18.177757538950225 ], [ -39.819250463616491, -18.177806528552466 ], [ -39.819190750184148, -18.177833810530039 ], [ -39.819019277623127, -18.177910009967356 ], [ -39.818959606940581, -18.177937377105966 ], [ -39.818899446174889, -18.17796374559925 ], [ -39.818848361425601, -18.177987325558377 ], [ -39.81868564887403, -18.178060097261479 ], [ -39.818628626284664, -18.178086600211948 ] ] } },
{ "type": "Feature", "properties": { "Field": "001", "Length": 57.573443459493589, "Image": "/home/ubuntu/bemagro/data/image/Orthomosaico.tif", "Farm": "data" }, "geometry": { "type": "LineString", "coordinates": [ [ -39.819012954663613, -18.177748843940488 ], [ -39.818842650286825, -18.177825432857048 ], [ -39.818782411857264, -18.177851638031811 ], [ -39.818520910159073, -18.177971369028754 ] ] } },
{ "type": "Feature", "properties": { "Field": "001", "Length": 101.92686144935732, "Image": "/home/ubuntu/bemagro/data/image/Orthomosaico.tif", "Farm": "data" }, "geometry": { "type": "LineString", "coordinates": [ [ -39.819470717007178, -18.177662910124756 ], [ -39.819428749746777, -18.177682621156727 ], [ -39.819171552568591, -18.177796944169739 ], [ -39.818949273482112, -18.177897299422973 ], [ -39.818811767198397, -18.177957579765611 ], [ -39.818752395099587, -18.177985534357848 ], [ -39.818717878946764, -18.178000310082719 ], [ -39.818666934961449, -18.17802416686369 ], [ -39.818598310654679, -18.178054169566085 ] ] } },
{ "type": "Feature", "properties": { "Field": "001", "Length": 108.39807988136575, "Image": "/home/ubuntu/bemagro/data/image/Orthomosaico.tif", "Farm": "data" }, "geometry": { "type": "LineString", "coordinates": [ [ -39.818608273552179, -18.178064827542155 ], [ -39.818634014240537, -18.178053853927143 ], [ -39.818727641196517, -18.178010567475052 ], [ -39.818770702136945, -18.177991919080991 ], [ -39.818838859120135, -18.177960566156226 ], [ -39.818942042745441, -18.177915468435998 ], [ -39.819198501391355, -18.17779963904449 ], [ -39.819335936217577, -18.177739210591099 ], [ -39.819369346827195, -18.177722272231509 ], [ -39.819412964304007, -18.177704846142088 ], [ -39.819497864137652, -18.177665071990692 ], [ -39.819535878775135, -18.177648541107903 ] ] } },
{ "type": "Feature", "properties": { "Field": "001", "Length": 93.795041266625987, "Image": "/home/ubuntu/bemagro/data/image/Orthomosaico.tif", "Farm": "data" }, "geometry": { "type": "LineString", "coordinates": [ [ -39.8193833323826, -18.177675059914915 ], [ -39.819289008237831, -18.177715495996839 ], [ -39.819211813087513, -18.17774971875712 ], [ -39.819024040329218, -18.177835258153049 ], [ -39.818929481686801, -18.177876652573364 ], [ -39.818835608329188, -18.177919448409117 ], [ -39.818783967081842, -18.17794189357917 ], [ -39.818689832336226, -18.177984161784302 ], [ -39.818681288344443, -18.177988032130951 ], [ -39.818580582083932, -18.178035204126672 ] ] } },
{ "type": "Feature", "properties": { "Field": "001", "Length": 82.757881391182352, "Image": "/home/ubuntu/bemagro/data/image/Orthomosaico.tif", "Farm": "data" }, "geometry": { "type": "LineString", "coordinates": [ [ -39.819267779892897, -18.177694262309299 ], [ -39.819243100056234, -18.177706397596339 ], [ -39.819217211875021, -18.177717476794211 ], [ -39.819140431693626, -18.177752541981651 ], [ -39.819080109558811, -18.17777857170735 ], [ -39.818806304415034, -18.177901617524192 ], [ -39.818754680379996, -18.177924097674548 ], [ -39.818677911385983, -18.177959185521804 ], [ -39.81862712529847, -18.177983347714136 ], [ -39.818560158566527, -18.178013355714974 ] ] } },
{ "type": "Feature", "properties": { "Field": "001", "Length": 349.19502135926513, "Image": "/home/ubuntu/bemagro/data/image/Orthomosaico.tif", "Farm": "data" }, "geometry": { "type": "LineString", "coordinates": [ [ -39.82197991478759, -18.177366259931539 ], [ -39.821938094560501, -18.177386056808789 ], [ -39.821929553657583, -18.177389932637411 ], [ -39.821852541958265, -18.17742453062133 ], [ -39.821800869068703, -18.177446908409056 ], [ -39.821706907029338, -18.177489524931744 ], [ -39.821663858050599, -18.177508197624306 ], [ -39.821561558454007, -18.177555096704001 ], [ -39.821484433764866, -18.177589464115513 ], [ -39.821406884869781, -18.177622947701423 ], [ -39.821218758097459, -18.17770777244208 ], [ -39.82108127358665, -18.177768097432157 ], [ -39.820961933396113, -18.177822833912145 ], [ -39.8208421127379, -18.177876603299779 ], [ -39.820747461750415, -18.177917804218971 ], [ -39.820696313824165, -18.177941257981821 ], [ -39.820627314945085, -18.177970879163823 ], [ -39.82049102701076, -18.178033635191841 ], [ -39.820259170848551, -18.178135744021166 ], [ -39.820182480092569, -18.178170987533186 ], [ -39.820078846375473, -18.178215130653488 ], [ -39.819925581320454, -18.17828584813704 ], [ -39.819839511938937, -18.178323254723605 ], [ -39.81976287846333, -18.178358611529255 ], [ -39.819651469104812, -18.178408239692491 ], [ -39.819591814091581, -18.178435638426599 ], [ -39.819299993826618, -18.178564525828012 ], [ -39.819240349074967, -18.178591944890965 ], [ -39.819103200346575, -18.178652965699648 ], [ -39.819077836779535, -18.17866510187833 ], [ -39.819017837373707, -18.178691803272972 ], [ -39.818990195939612, -18.178704840406983 ] ] } },
{ "type": "Feature", "properties": { "Field": "001", "Length": 122.98115958487011, "Image": "/home/ubuntu/bemagro/data/image/Orthomosaico.tif", "Farm": "data" }, "geometry": { "type": "LineString", "coordinates": [ [ -39.820203992015365, -18.177515370214525 ], [ -39.82024608405429, -18.177497227283954 ], [ -39.820426146421759, -18.17741725196716 ], [ -39.820691138156114, -18.177297531997525 ], [ -39.820854212985019, -18.177225506538029 ], [ -39.820999530675159, -18.177159853396727 ], [ -39.821119995062624, -18.177107415911713 ], [ -39.821205430624637, -18.177068705505135 ], [ -39.821258227114186, -18.177046572168326 ] ] } },
{ "type": "Feature", "properties": { "Field": "001", "Length": 118.73913733448505, "Image": "/home/ubuntu/bemagro/data/image/Orthomosaico.tif", "Farm": "data" }, "geometry": { "type": "LineString", "coordinates": [ [ -39.821241212674309, -18.177039035192401 ], [ -39.821198378961689, -18.177056670861731 ], [ -39.821113257627182, -18.17709600914591 ], [ -39.821035564641114, -18.17712918584483 ], [ -39.820855787950642, -18.177209745590918 ], [ -39.820735521457088, -18.177262596950619 ], [ -39.820393600220314, -18.177417081607267 ], [ -39.820223876363443, -18.177492724154181 ] ] } },
{ "type": "Feature", "properties": { "Field": "001", "Length": 113.61733964336729, "Image": "/home/ubuntu/bemagro/data/image/Orthomosaico.tif", "Farm": "data" }, "geometry": { "type": "LineString", "coordinates": [ [ -39.821221269129111, -18.177030200692489 ], [ -39.821196002863985, -18.177041147159564 ], [ -39.821187453543416, -18.177045006634945 ], [ -39.821102333182992, -18.177084347194437 ], [ -39.821093768915205, -18.177088176275408 ], [ -39.820930481265705, -18.177159759649395 ], [ -39.820836490864728, -18.177202318944751 ], [ -39.820622143382636, -18.177297552798244 ], [ -39.820562460936536, -18.177324896209306 ], [ -39.820502243070756, -18.177351144790737 ], [ -39.820399822628666, -18.177397803367203 ], [ -39.820248159851303, -18.177465067952557 ] ] } },
{ "type": "Feature", "properties": { "Field": "001", "Length": 108.86153108171814, "Image": "/home/ubuntu/bemagro/data/image/Orthomosaico.tif", "Farm": "data" }, "geometry": { "type": "LineString", "coordinates": [ [ -39.821204471960385, -18.177022759957616 ], [ -39.821102668695353, -18.177069294042987 ], [ -39.820999496023099, -18.177114413497197 ], [ -39.820836817364878, -18.177187252816211 ], [ -39.820725142257153, -18.177236330964728 ], [ -39.820674056358996, -18.177259908331585 ], [ -39.820451258247367, -18.17735920481439 ], [ -39.820383019720595, -18.177390394716383 ], [ -39.820331335979247, -18.177412749971364 ], [ -39.820272313992831, -18.1774398716496 ] ] } },
{ "type": "Feature", "properties": { "Field": "001", "Length": 103.6313700481399, "Image": "/home/ubuntu/bemagro/data/image/Orthomosaico.tif", "Farm": "data" }, "geometry": { "type": "LineString", "coordinates": [ [ -39.821188222244139, -18.177015561728762 ], [ -39.821086429130652, -18.177062116353063 ], [ -39.820923044415785, -18.177133496158628 ], [ -39.820846510007563, -18.177169048374736 ], [ -39.820786118973423, -18.177194929333773 ], [ -39.820648690816654, -18.177255370967092 ], [ -39.820461206093064, -18.177341484223312 ], [ -39.820366626870545, -18.177382834716425 ], [ -39.820358007657809, -18.177386549477845 ], [ -39.820331968865297, -18.177397300852835 ], [ -39.820300567640246, -18.17741196049457 ] ] } },
{ "type": "Feature", "properties": { "Field": "001", "Length": 98.77544482154515, "Image": "/home/ubuntu/bemagro/data/image/Orthomosaico.tif", "Farm": "data" }, "geometry": { "type": "LineString", "coordinates": [ [ -39.821172894254843, -18.177008771800672 ], [ -39.821111691378057, -18.17703588177304 ], [ -39.82106916613796, -18.177055620680321 ], [ -39.821001110736454, -18.177085044015183 ], [ -39.820966110834313, -18.177100972762712 ], [ -39.820922879586959, -18.17711925665369 ], [ -39.820846242675209, -18.177154606534376 ], [ -39.820640151926249, -18.177245375721071 ], [ -39.820461048376629, -18.177327294181907 ], [ -39.820384572372376, -18.177360849250149 ], [ -39.820366796153081, -18.17736930273314 ], [ -39.820350414213245, -18.177376348899571 ], [ -39.820326638232714, -18.177386205920069 ] ] } },
{ "type": "Feature", "properties": { "Field": "001", "Length": 93.954186219220446, "Image": "/home/ubuntu/bemagro/data/image/Orthomosaico.tif", "Farm": "data" }, "geometry": { "type": "LineString", "coordinates": [ [ -39.821156114413043, -18.177001338735053 ], [ -39.821070426664193, -18.177038098965145 ], [ -39.820959524962262, -18.177088753883822 ], [ -39.820864491560343, -18.177129141639593 ], [ -39.820651176201125, -18.177226469555929 ], [ -39.8205483079293, -18.177272219854174 ], [ -39.820480110615712, -18.177303491955527 ], [ -39.820394214383434, -18.177341260470961 ], [ -39.820351703035719, -18.177361444932995 ] ] } },
{ "type": "Feature", "properties": { "Field": "001", "Length": 88.450031409204229, "Image": "/home/ubuntu/bemagro/data/image/Orthomosaico.tif", "Farm": "data" }, "geometry": { "type": "LineString", "coordinates": [ [ -39.821138029304159, -18.176993327465166 ], [ -39.82110117574468, -18.177010397469108 ], [ -39.821049319935902, -18.177032385426138 ], [ -39.820964277000542, -18.177071878680287 ], [ -39.82086060348216, -18.17711593670245 ], [ -39.820673069865535, -18.177201952694677 ], [ -39.820380880577233, -18.177332621046176 ] ] } },
{ "type": "Feature", "properties": { "Field": "001", "Length": 82.973340068594425, "Image": "/home/ubuntu/bemagro/data/image/Orthomosaico.tif", "Farm": "data" }, "geometry": { "type": "LineString", "coordinates": [ [ -39.821120108466118, -18.17698538896088 ], [ -39.820997916726171, -18.177041447141825 ], [ -39.820834541904283, -18.177112848315744 ], [ -39.820783502260049, -18.177136516762086 ], [ -39.820714951036294, -18.177167073478063 ], [ -39.82067166297557, -18.177187378615805 ], [ -39.820569370365696, -18.177232164620381 ], [ -39.820409937124538, -18.177303916673512 ] ] } },
{ "type": "Feature", "properties": { "Field": "001", "Length": 71.92378235090537, "Image": "/home/ubuntu/bemagro/data/image/Orthomosaico.tif", "Farm": "data" }, "geometry": { "type": "LineString", "coordinates": [ [ -39.819155359181089, -18.177714909352058 ], [ -39.819130520242155, -18.177726639937251 ], [ -39.819095942369096, -18.177741283098499 ], [ -39.819044580240323, -18.17776430595702 ], [ -39.818916888445422, -18.177823295734377 ], [ -39.818848104252119, -18.177853371027439 ], [ -39.818788461088374, -18.177880793261817 ], [ -39.818728316472694, -18.177907195849034 ], [ -39.81860885168696, -18.177961684358351 ], [ -39.818540309682511, -18.177992122019749 ] ] } },
{ "type": "Feature", "properties": { "Field": "001", "Length": 56.974660151942636, "Image": "/home/ubuntu/bemagro/data/image/Orthomosaico.tif", "Farm": "data" }, "geometry": { "type": "LineString", "coordinates": [ [ -39.818998164562544, -18.177740484318427 ], [ -39.818663194950922, -18.177890865682198 ], [ -39.818535743585123, -18.177950328848741 ], [ -39.818511582899852, -18.177961391022009 ] ] } },
{ "type": "Feature", "properties": { "Field": "001", "Length": 101.79421884319756, "Image": "/home/ubuntu/bemagro/data/image/Orthomosaico.tif", "Farm": "data" }, "geometry": { "type": "LineString", "coordinates": [ [ -39.819460125915803, -18.177652942038748 ], [ -39.81944402763007, -18.177661493096593 ], [ -39.819418524444551, -18.177673358914099 ], [ -39.819375264031287, -18.177691579773889 ], [ -39.819358329253809, -18.17769962132148 ], [ -39.81931525026576, -18.17771823046056 ], [ -39.819281215294666, -18.177733992574467 ], [ -39.819272650681611, -18.177737821021893 ], [ -39.819169649775048, -18.177783298420277 ], [ -39.819161271997451, -18.177787487546645 ], [ -39.819152747640658, -18.177791397217238 ], [ -39.819118401888979, -18.177806531304931 ], [ -39.819067307090151, -18.177830091227104 ], [ -39.819050001536553, -18.177837376373212 ], [ -39.819041422772052, -18.177841175770297 ], [ -39.818938828486246, -18.177887485623472 ], [ -39.818878524361494, -18.177913553494211 ], [ -39.818750338296667, -18.177971555573148 ], [ -39.8187244718263, -18.177982681113175 ], [ -39.818656481540806, -18.178014362503699 ], [ -39.818589391539746, -18.178044628192279 ] ] } },
{ "type": "Feature", "properties": { "Field": "001", "Length": 93.486044627557888, "Image": "/home/ubuntu/bemagro/data/image/Orthomosaico.tif", "Farm": "data" }, "geometry": { "type": "LineString", "coordinates": [ [ -39.819371131422493, -18.177666186489699 ], [ -39.819250169081293, -18.177718520348286 ], [ -39.819157217065801, -18.177761063006983 ], [ -39.819104634164454, -18.177783710657881 ], [ -39.819010779471135, -18.177826543822071 ], [ -39.818934299709063, -18.177860091578786 ], [ -39.818916584073953, -18.177868659720954 ], [ -39.818882026989932, -18.177883347215992 ], [ -39.818813980382984, -18.17791491828881 ], [ -39.818685341499766, -18.177971997139647 ], [ -39.818570890320963, -18.178024836196265 ] ] } },
{ "type": "Feature", "properties": { "Field": "001", "Length": 81.981734335726586, "Image": "/home/ubuntu/bemagro/data/image/Orthomosaico.tif", "Farm": "data" }, "geometry": { "type": "LineString", "coordinates": [ [ -39.819251782306587, -18.17768767506843 ], [ -39.819200523628247, -18.17771081335697 ], [ -39.819174560053639, -18.177721730399067 ], [ -39.819140641781026, -18.177737721115125 ], [ -39.819003164063389, -18.177798060689803 ], [ -39.818917922420923, -18.177837161402007 ], [ -39.81869521432855, -18.177936643952783 ], [ -39.818610318558193, -18.177976426413622 ], [ -39.818550316715069, -18.178002827221 ] ] } },
{ "type": "Feature", "properties": { "Field": "001", "Length": 71.703780302803992, "Image": "/home/ubuntu/bemagro/data/image/Orthomosaico.tif", "Farm": "data" }, "geometry": { "type": "LineString", "coordinates": [ [ -39.819144308102267, -18.177706160581852 ], [ -39.819084581924123, -18.177732230035637 ], [ -39.818913975583683, -18.177810185550229 ], [ -39.818828024069653, -18.177847839064455 ], [ -39.818785569321008, -18.177867716663034 ], [ -39.818530881609043, -18.177982036168554 ] ] } },
{ "type": "Feature", "properties": { "Field": "001", "Length": 55.956688167004089, "Image": "/home/ubuntu/bemagro/data/image/Orthomosaico.tif", "Farm": "data" }, "geometry": { "type": "LineString", "coordinates": [ [ -39.818979949974427, -18.177734981775522 ], [ -39.818928416732248, -18.17775639304611 ], [ -39.818894062698277, -18.177771509949686 ], [ -39.818826213692432, -18.177803467275172 ], [ -39.818637699374747, -18.177887503436725 ], [ -39.81859534872688, -18.177907583125428 ], [ -39.818543824792471, -18.177930273355958 ], [ -39.818501412967116, -18.177950511547923 ] ] } },
{ "type": "Feature", "properties": { "Field": "001", "Length": 53.805215737057793, "Image": "/home/ubuntu/bemagro/data/image/Orthomosaico.tif", "Farm": "data" }, "geometry": { "type": "LineString", "coordinates": [ [ -39.81895576738723, -18.177730931500399 ], [ -39.8188873677014, -18.177759841077776 ], [ -39.818794301339089, -18.177804217997448 ], [ -39.818699529691251, -18.177845164911012 ], [ -39.818674015846121, -18.177857011189701 ], [ -39.818630973000985, -18.177875697613601 ], [ -39.818495987379471, -18.177938850441109 ] ] } },
{ "type": "Feature", "properties": { "Field": "001", "Length": 51.20551302817185, "Image": "/home/ubuntu/bemagro/data/image/Orthomosaico.tif", "Farm": "data" }, "geometry": { "type": "LineString", "coordinates": [ [ -39.818490574983912, -18.177925160276441 ], [ -39.818541656430597, -18.177900558224714 ], [ -39.818626808101982, -18.177861278756161 ], [ -39.818712397895034, -18.177822879229609 ], [ -39.81881566183776, -18.177777950376466 ], [ -39.818883248577727, -18.177745489527524 ], [ -39.818908982497895, -18.177734086558271 ], [ -39.818927629688368, -18.177726218790383 ] ] } },
{ "type": "Feature", "properties": { "Field": "001", "Length": 48.92447559291125, "Image": "/home/ubuntu/bemagro/data/image/Orthomosaico.tif", "Farm": "data" }, "geometry": { "type": "LineString", "coordinates": [ [ -39.818902874285712, -18.177722072568717 ], [ -39.818869192553741, -18.177736667452123 ], [ -39.818801739254894, -18.177769381184348 ], [ -39.818681347991976, -18.177821973339316 ], [ -39.818595855580028, -18.177860570606228 ], [ -39.818536438891478, -18.177888438450648 ], [ -39.818485892770916, -18.177913317040478 ] ] } },
{ "type": "Feature", "properties": { "Field": "001", "Length": 331.60105404972751, "Image": "/home/ubuntu/bemagro/data/image/Orthomosaico.tif", "Farm": "data" }, "geometry": { "type": "LineString", "coordinates": [ [ -39.821626092936178, -18.177209527089566 ], [ -39.821438607574642, -18.177294271814176 ], [ -39.821430045821955, -18.177298106050117 ], [ -39.821386929591284, -18.177316636865218 ], [ -39.821352773716221, -18.17733215786949 ], [ -39.821336029370073, -18.177340556247223 ], [ -39.821276144470822, -18.177367492378011 ], [ -39.82119017881962, -18.177405115506129 ], [ -39.821010589085617, -18.177486055881189 ], [ -39.820967579998744, -18.177504812868939 ], [ -39.820916512033278, -18.177528425749475 ], [ -39.820813403900694, -18.17757368036613 ], [ -39.820462333431543, -18.177730806848704 ], [ -39.820376408927842, -18.177768516585129 ], [ -39.820239645042527, -18.177830320374561 ], [ -39.820205149085965, -18.177845138820668 ], [ -39.820119988932824, -18.177884401307558 ], [ -39.820042655034108, -18.17791833666227 ], [ -39.820000099844933, -18.177938016993004 ], [ -39.819948354556018, -18.177960241764893 ], [ -39.819897472656294, -18.177984219025717 ], [ -39.819802973549258, -18.178025737600159 ], [ -39.819726306851805, -18.178061029288664 ], [ -39.819614709947395, -18.178110270932212 ], [ -39.819418135288949, -18.178199162233831 ], [ -39.819332051130949, -18.17823653867335 ], [ -39.819263812127303, -18.178267728298611 ], [ -39.819195033993658, -18.17829781635 ], [ -39.819161086003582, -18.178313749483163 ], [ -39.819066983346687, -18.178356083306436 ], [ -39.81905840635433, -18.178359886412441 ], [ -39.819023741875853, -18.178374340928059 ], [ -39.818955837890101, -18.178406191658947 ], [ -39.818835653139359, -18.178459214009166 ], [ -39.818800727055837, -18.178473081904858 ], [ -39.818786257348968, -18.178479033778743 ] ] } },
{ "type": "Feature", "properties": { "Field": "001", "Length": 330.50129907672073, "Image": "/home/ubuntu/bemagro/data/image/Orthomosaico.tif", "Farm": "data" }, "geometry": { "type": "LineString", "coordinates": [ [ -39.821610179768868, -18.177202477994602 ], [ -39.821593770877392, -18.177210228134179 ], [ -39.821585209558378, -18.17721406324463 ], [ -39.821533336594193, -18.177236014311042 ], [ -39.821524755421954, -18.177239808666211 ], [ -39.821431122077563, -18.177283081596283 ], [ -39.821422554544569, -18.177286904014604 ], [ -39.821353569795299, -18.177316556083255 ], [ -39.821328148740129, -18.177328578924772 ], [ -39.821293788352641, -18.177343682406125 ], [ -39.82128525329022, -18.177347570635355 ], [ -39.821251347059246, -18.177363584486478 ], [ -39.82124280692031, -18.177367462518703 ], [ -39.821182622345468, -18.177393780302875 ], [ -39.821122957696048, -18.177421158689242 ], [ -39.820985487909944, -18.177481514102354 ], [ -39.820831676501449, -18.177551139172312 ], [ -39.820720009779087, -18.177600235273079 ], [ -39.820557463026255, -18.177673343895417 ], [ -39.820402933806612, -18.177741502149964 ], [ -39.820326213465307, -18.177776686058529 ], [ -39.82014626726243, -18.177856900709198 ], [ -39.82008665499346, -18.177884382981297 ], [ -39.819966414118092, -18.177937288627419 ], [ -39.819864059192149, -18.177984078962954 ], [ -39.819735330893508, -18.178040973232267 ], [ -39.819555892454702, -18.178122221133314 ], [ -39.819478709204041, -18.178156468642609 ], [ -39.81941058332805, -18.178187882808448 ], [ -39.819402012427226, -18.178191698418779 ], [ -39.819341600610436, -18.178217537820228 ], [ -39.819264652444375, -18.178252263947599 ], [ -39.819195805839698, -18.178282208817748 ], [ -39.819119107586992, -18.178317436640182 ], [ -39.819016306166802, -18.178363325076841 ], [ -39.818905526421922, -18.17841422421094 ], [ -39.818828131889823, -18.178448033716876 ], [ -39.818779771738789, -18.178467859777662 ] ] } },
{ "type": "Feature", "properties": { "Field": "001", "Length": 329.23121640761019, "Image": "/home/ubuntu/bemagro/data/image/Orthomosaico.tif", "Farm": "data" }, "geometry": { "type": "LineString", "coordinates": [ [ -39.821591689827336, -18.177194287457194 ], [ -39.821566460273559, -18.177205315152197 ], [ -39.821489744011956, -18.177240506168314 ], [ -39.821386749883807, -18.177285997002461 ], [ -39.821344333559679, -18.177305948758708 ], [ -39.821335727716267, -18.17730969172144 ], [ -39.821292425766117, -18.177327822665376 ], [ -39.821283845518352, -18.177331618941821 ], [ -39.821121519276716, -18.177405173516782 ], [ -39.821009860559336, -18.177454285910812 ], [ -39.820907371192831, -18.17750080684452 ], [ -39.820795778803316, -18.177550056935068 ], [ -39.820736207749981, -18.177577621435894 ], [ -39.820693061212467, -18.177596087068096 ], [ -39.820624663367724, -18.177626956233784 ], [ -39.820521397833424, -18.177671881666633 ], [ -39.820410134565385, -18.177721807711109 ], [ -39.820367054867589, -18.177740416150048 ], [ -39.820256661608546, -18.177792075955512 ], [ -39.820145105582853, -18.177841401293293 ], [ -39.820076929468982, -18.177872715872478 ], [ -39.82005951835869, -18.177879766200107 ], [ -39.820041633236237, -18.177885631862512 ], [ -39.820032916777492, -18.177889133223239 ], [ -39.820016328303353, -18.177897809199521 ], [ -39.819982601216296, -18.177914163730687 ], [ -39.819879422547807, -18.177959270820288 ], [ -39.819862375954173, -18.177967094362966 ], [ -39.8197944403409, -18.177998883223943 ], [ -39.819682838150484, -18.178048113379564 ], [ -39.819529313176609, -18.178118315289513 ], [ -39.81946914381377, -18.17814466619452 ], [ -39.819375147548961, -18.17818721506757 ], [ -39.819331964871353, -18.17820560410145 ], [ -39.819255149028081, -18.178240597805949 ], [ -39.819169173412433, -18.178278200662415 ], [ -39.819015429844868, -18.178347964749051 ], [ -39.818904760340956, -18.178399083413957 ], [ -39.818784514217619, -18.178451978628885 ], [ -39.818773271813278, -18.178456661111088 ] ] } },
{ "type": "Feature", "properties": { "Field": "001", "Length": 327.99576021614018, "Image": "/home/ubuntu/bemagro/data/image/Orthomosaico.tif", "Farm": "data" }, "geometry": { "type": "LineString", "coordinates": [ [ -39.821574131708118, -18.177186509689136 ], [ -39.821489394361663, -18.177225259104617 ], [ -39.821377868114759, -18.177274645120203 ], [ -39.821326751323973, -18.177298159513697 ], [ -39.821257867388141, -18.177328024973374 ], [ -39.821249309120503, -18.1773318663159 ], [ -39.821206820835428, -18.177351677890236 ], [ -39.821104210556555, -18.177397954664112 ], [ -39.82100108669394, -18.177443175987971 ], [ -39.820932565273054, -18.177473793864699 ], [ -39.820890090747056, -18.177493631081916 ], [ -39.820787099536844, -18.17753912829291 ], [ -39.820736050299047, -18.177562776659791 ], [ -39.82059021010754, -18.17762736344622 ], [ -39.820521299552098, -18.177657172327386 ], [ -39.820410071752192, -18.177707170654035 ], [ -39.820375528958614, -18.1777218873581 ], [ -39.820324134019948, -18.177744843171453 ], [ -39.820239262501161, -18.177784671470178 ], [ -39.820230722546746, -18.177788549922976 ], [ -39.820153288844956, -18.177822275906394 ], [ -39.820068039058746, -18.177861360360485 ], [ -39.820059414554621, -18.177865063934995 ], [ -39.820033200177683, -18.177875418917253 ], [ -39.820024587546541, -18.177879147652849 ], [ -39.819990802589736, -18.177895394229921 ], [ -39.819982295273093, -18.177899337686977 ], [ -39.819853603565143, -18.177956307627785 ], [ -39.819777076837852, -18.177991874136996 ], [ -39.81975130392297, -18.178003195068374 ], [ -39.819725223112364, -18.178013853811017 ], [ -39.81971659470944, -18.178017549096449 ], [ -39.819665323556571, -18.178040756640204 ], [ -39.819520656615879, -18.178107711540456 ], [ -39.819512092790596, -18.178111541634937 ], [ -39.819443091686061, -18.178141159143234 ], [ -39.819169055651805, -18.178263735516513 ], [ -39.819109340917414, -18.178291014451066 ], [ -39.81905771988751, -18.178313502357184 ], [ -39.81898958455853, -18.178344896167523 ], [ -39.818929362813222, -18.178371137951906 ], [ -39.818920825665273, -18.178375022109179 ], [ -39.818878514906032, -18.178395177917707 ], [ -39.818766920697151, -18.178445718825273 ] ] } },
{ "type": "Feature", "properties": { "Field": "001", "Length": 326.8006527678325, "Image": "/home/ubuntu/bemagro/data/image/Orthomosaico.tif", "Farm": "data" }, "geometry": { "type": "LineString", "coordinates": [ [ -39.821556740943528, -18.177178806052307 ], [ -39.821480707978196, -18.177214008755335 ], [ -39.821437613347939, -18.177232585489829 ], [ -39.821335148566405, -18.177279155742248 ], [ -39.821249275577465, -18.17731697251989 ], [ -39.821052754603954, -18.177405970332543 ], [ -39.820932387609581, -18.177458612543465 ], [ -39.820847070293546, -18.177497561741891 ], [ -39.820761227654984, -18.177535441670731 ], [ -39.82072733073251, -18.177551473599475 ], [ -39.820667425577554, -18.177578368711721 ], [ -39.820581177247668, -18.17761539715276 ], [ -39.820487361242222, -18.177658307527533 ], [ -39.820375834507132, -18.177707693667802 ], [ -39.820289406145783, -18.17774433625296 ], [ -39.820280877027898, -18.177748236428496 ], [ -39.820272544343041, -18.17775250699313 ], [ -39.820204736453903, -18.177784543703233 ], [ -39.820144529451831, -18.177810815866309 ], [ -39.820050729296405, -18.177853758040936 ], [ -39.820016317623676, -18.177868754630655 ], [ -39.819948113569453, -18.177900013760134 ], [ -39.819862225738916, -18.177937800377357 ], [ -39.819776939263662, -18.177976811697096 ], [ -39.819665191818792, -18.178025740263831 ], [ -39.819486108172107, -18.17810770021136 ], [ -39.819271510042576, -18.178202419336589 ], [ -39.819074742333186, -18.178290919800737 ], [ -39.819005836365427, -18.178320739482139 ], [ -39.818963401050659, -18.178340655258548 ], [ -39.818886125755412, -18.178374712768317 ], [ -39.818852294103181, -18.178390870413978 ], [ -39.81875927835592, -18.178432551896133 ] ] } },
{ "type": "Feature", "properties": { "Field": "001", "Length": 325.69287287546456, "Image": "/home/ubuntu/bemagro/data/image/Orthomosaico.tif", "Farm": "data" }, "geometry": { "type": "LineString", "coordinates": [ [ -39.821540456772205, -18.177171592604196 ], [ -39.821472970063006, -18.177202929882206 ], [ -39.821464411604076, -18.177206770821744 ], [ -39.821412740995605, -18.177229153710577 ], [ -39.821404190227859, -18.177233010272474 ], [ -39.821353218834474, -18.177256811689347 ], [ -39.821241577846116, -18.177305960813953 ], [ -39.821173436974952, -18.177337344366986 ], [ -39.821164850565296, -18.177341127892134 ], [ -39.821138876277203, -18.177352021473663 ], [ -39.821130285260914, -18.177355795433318 ], [ -39.821053602025486, -18.177391053725863 ], [ -39.820933176045024, -18.17744357136765 ], [ -39.820924627049237, -18.177447431539406 ], [ -39.820848210972962, -18.177483215967328 ], [ -39.820839667778728, -18.17748708786139 ], [ -39.820753718044145, -18.177524745232951 ], [ -39.820711278850048, -18.177544650072896 ], [ -39.820642591238389, -18.177574926084048 ], [ -39.8205905518846, -18.177596513113059 ], [ -39.82058194920441, -18.177600262740807 ], [ -39.820471162283553, -18.177651147030623 ], [ -39.820368242513076, -18.177696791924063 ], [ -39.820281706148329, -18.177733200178459 ], [ -39.820273197084447, -18.177737140141378 ], [ -39.820248145705236, -18.177749856290571 ], [ -39.820239667427138, -18.177753856442603 ], [ -39.820179525087084, -18.17778026256871 ], [ -39.820085886989503, -18.177823526735715 ], [ -39.819991434775808, -18.177865141301449 ], [ -39.819812162972362, -18.1779467242152 ], [ -39.819803552359033, -18.177950457204087 ], [ -39.81976888436953, -18.177964902752056 ], [ -39.819700311112911, -18.177995415068636 ], [ -39.81946974998084, -18.178100169371021 ], [ -39.819246387296808, -18.178198302023866 ], [ -39.819084192748612, -18.178272122850757 ], [ -39.818989470230676, -18.178313171928611 ], [ -39.818827442137064, -18.178387326717658 ], [ -39.818752182848407, -18.178420327100326 ] ] } },
{ "type": "Feature", "properties": { "Field": "001", "Length": 324.58391538395267, "Image": "/home/ubuntu/bemagro/data/image/Orthomosaico.tif", "Farm": "data" }, "geometry": { "type": "LineString", "coordinates": [ [ -39.821524286705902, -18.177164429699534 ], [ -39.821456629904041, -18.177195424693334 ], [ -39.82135362058947, -18.17724088384135 ], [ -39.821251161659411, -18.177287465692491 ], [ -39.821070943087051, -18.177367118254239 ], [ -39.820977152955308, -18.177410079676765 ], [ -39.820882739687569, -18.177451775127594 ], [ -39.82079767501552, -18.177491224804751 ], [ -39.820745957635204, -18.177513508749769 ], [ -39.820643107881622, -18.177559297436037 ], [ -39.820591315773513, -18.177581420781564 ], [ -39.820471635798604, -18.177635475343465 ], [ -39.820394323016671, -18.177669453871498 ], [ -39.820351751556032, -18.17768910088596 ], [ -39.820291303391627, -18.177714862099741 ], [ -39.82028272441341, -18.177718661035769 ], [ -39.820240276758774, -18.177738551612155 ], [ -39.820162933784594, -18.177772467330762 ], [ -39.820094883251471, -18.177804030307431 ], [ -39.820009191969199, -18.177842222214842 ], [ -39.819915438460406, -18.177885257333092 ], [ -39.819881140768267, -18.177900489900626 ], [ -39.819846517018675, -18.177915032242353 ], [ -39.819769739355962, -18.177950102682683 ], [ -39.819589780151077, -18.178030291098448 ], [ -39.819504430547731, -18.1780691757189 ], [ -39.819307019685198, -18.178156357406042 ], [ -39.819230296156746, -18.178191534966867 ], [ -39.819109968257884, -18.178244259494065 ], [ -39.819058830205599, -18.178267733729442 ], [ -39.818973083269086, -18.178305811817573 ], [ -39.81884519714702, -18.178364415968389 ], [ -39.818793561133205, -18.178386872083014 ], [ -39.81874459282438, -18.178407250303515 ] ] } },
{ "type": "Feature", "properties": { "Field": "001", "Length": 323.48425909635876, "Image": "/home/ubuntu/bemagro/data/image/Orthomosaico.tif", "Farm": "data" }, "geometry": { "type": "LineString", "coordinates": [ [ -39.821508287890623, -18.177157342652521 ], [ -39.821449147580388, -18.177184412167062 ], [ -39.821328768388199, -18.177237028258062 ], [ -39.821097835261867, -18.177341029121678 ], [ -39.821054703880918, -18.177359525796852 ], [ -39.820806972550891, -18.177471853150024 ], [ -39.820592151850029, -18.177566108203614 ], [ -39.820335507857934, -18.177681561010289 ], [ -39.82026662719143, -18.177711432804017 ], [ -39.820172405575121, -18.177753523454765 ], [ -39.820010273543474, -18.177827469043208 ], [ -39.819975836871144, -18.177842410299945 ], [ -39.819941842291797, -18.177858251439805 ], [ -39.819830288248589, -18.177907581124977 ], [ -39.819719390506734, -18.17795824497454 ], [ -39.819539243599721, -18.178038047397152 ], [ -39.819454014566475, -18.178077172064516 ], [ -39.819325017633425, -18.178133508060398 ], [ -39.819316467562224, -18.178137366130375 ], [ -39.819265507455015, -18.178161190937068 ], [ -39.819222703176194, -18.178180371749072 ], [ -39.81916227811115, -18.178206181306379 ], [ -39.819085102137571, -18.178240443960423 ], [ -39.81890559065269, -18.178321544772846 ], [ -39.818854610232613, -18.178345328814832 ], [ -39.818794430088303, -18.178371657658602 ], [ -39.818737694150641, -18.178395364626994 ] ] } },
{ "type": "Feature", "properties": { "Field": "001", "Length": 322.16214630621056, "Image": "/home/ubuntu/bemagro/data/image/Orthomosaico.tif", "Farm": "data" }, "geometry": { "type": "LineString", "coordinates": [ [ -39.821491009053332, -18.177149688587829 ], [ -39.821363233014488, -18.177207139011163 ], [ -39.821294314955416, -18.177236932372253 ], [ -39.821114847133728, -18.177318119141177 ], [ -39.821046076181034, -18.177348221581866 ], [ -39.821012102253718, -18.177364103799082 ], [ -39.820917781203548, -18.17740599004782 ], [ -39.82079829887472, -18.177460442569611 ], [ -39.82057477967146, -18.177558247639439 ], [ -39.820506718865055, -18.177589790540988 ], [ -39.820446614073973, -18.177616275593291 ], [ -39.820369975851818, -18.177651623437519 ], [ -39.820292345034204, -18.177684933514083 ], [ -39.820249807615269, -18.177704649040226 ], [ -39.82015519213838, -18.177745924521808 ], [ -39.819976053869773, -18.177827774751194 ], [ -39.819898755488104, -18.177861784061701 ], [ -39.819736455895047, -18.177935393452589 ], [ -39.819616015620277, -18.177987883127273 ], [ -39.819548246740929, -18.178019995538214 ], [ -39.819479473844623, -18.178050094562018 ], [ -39.819428288712167, -18.178073474969732 ], [ -39.819359254151919, -18.178103021656643 ], [ -39.819282525986758, -18.178138191246298 ], [ -39.819136613878733, -18.178202630553088 ], [ -39.819008583732611, -18.178260947024565 ], [ -39.818956848854164, -18.178283194578192 ], [ -39.818794489110019, -18.178356683521173 ], [ -39.818731809470968, -18.178382699633289 ] ] } },
{ "type": "Feature", "properties": { "Field": "001", "Length": 320.77920835415682, "Image": "/home/ubuntu/bemagro/data/image/Orthomosaico.tif", "Farm": "data" }, "geometry": { "type": "LineString", "coordinates": [ [ -39.821474663931816, -18.177142448132276 ], [ -39.821440787891291, -18.177157127290531 ], [ -39.821295666274722, -18.177223175685388 ], [ -39.821287074450751, -18.177226947952985 ], [ -39.821260952776576, -18.177237513217946 ], [ -39.821149877566164, -18.177287819824883 ], [ -39.821055359334615, -18.177329297524093 ], [ -39.820970227855376, -18.17736861604272 ], [ -39.820901483115207, -18.177398773070678 ], [ -39.82076478845164, -18.177460716145706 ], [ -39.820756216399765, -18.177464529317863 ], [ -39.820678456989597, -18.177497563759012 ], [ -39.820567047754686, -18.177547191348577 ], [ -39.820473119919207, -18.177589877247904 ], [ -39.820438694698822, -18.177604844881969 ], [ -39.820362101029289, -18.177640280137688 ], [ -39.820301719043108, -18.177666182220726 ], [ -39.820224943669785, -18.177701256588865 ], [ -39.820147269272766, -18.177734473163511 ], [ -39.819985326085877, -18.177808796063289 ], [ -39.819890931355026, -18.177850529623907 ], [ -39.819762927690178, -18.177908898555884 ], [ -39.819677190894666, -18.177946997033427 ], [ -39.819616647236231, -18.177972552745324 ], [ -39.819608052746673, -18.177976319545195 ], [ -39.819531965190464, -18.178012737725783 ], [ -39.819411834001428, -18.178065870773242 ], [ -39.819368662061365, -18.17808428149031 ], [ -39.819317531113896, -18.178107769803496 ], [ -39.819223080703345, -18.178149389716975 ], [ -39.818992168378692, -18.178253435471621 ], [ -39.818931884400143, -18.178279544601416 ], [ -39.818795431776245, -18.17834197437459 ], [ -39.818727699708823, -18.178370879195757 ] ] } },
{ "type": "Feature", "properties": { "Field": "001", "Length": 46.581576009825028, "Image": "/home/ubuntu/bemagro/data/image/Orthomosaico.tif", "Farm": "data" }, "geometry": { "type": "LineString", "coordinates": [ [ -39.818877650332865, -18.177717847867218 ], [ -39.818810408124961, -18.177749241846154 ], [ -39.8187249892746, -18.177787987561356 ], [ -39.818604786037675, -18.177840969551077 ], [ -39.81848063594024, -18.177900020358678 ] ] } },
{ "type": "Feature", "properties": { "Field": "001", "Length": 44.39390705541858, "Image": "/home/ubuntu/bemagro/data/image/Orthomosaico.tif", "Farm": "data" }, "geometry": { "type": "LineString", "coordinates": [ [ -39.818854040797497, -18.177713893557573 ], [ -39.818692713042353, -18.177787643348864 ], [ -39.818581165015352, -18.177836985506676 ], [ -39.818572662215324, -18.177840937854896 ], [ -39.818475750161689, -18.177887662217906 ] ] } },
{ "type": "Feature", "properties": { "Field": "001", "Length": 42.242027115795949, "Image": "/home/ubuntu/bemagro/data/image/Orthomosaico.tif", "Farm": "data" }, "geometry": { "type": "LineString", "coordinates": [ [ -39.818830902374081, -18.177710018150414 ], [ -39.818574971298617, -18.177825075291512 ], [ -39.818532923414757, -18.177845727216059 ], [ -39.818470677586063, -18.177874831588483 ] ] } },
{ "type": "Feature", "properties": { "Field": "001", "Length": 40.014798701421597, "Image": "/home/ubuntu/bemagro/data/image/Orthomosaico.tif", "Farm": "data" }, "geometry": { "type": "LineString", "coordinates": [ [ -39.818806899624363, -18.177705997975867 ], [ -39.818584473944831, -18.177805882022465 ], [ -39.818525455435314, -18.177834512479944 ], [ -39.81846560693581, -18.177862005826963 ] ] } },
{ "type": "Feature", "properties": { "Field": "001", "Length": 37.701457711784627, "Image": "/home/ubuntu/bemagro/data/image/Orthomosaico.tif", "Farm": "data" }, "geometry": { "type": "LineString", "coordinates": [ [ -39.818781820096355, -18.177701529418894 ], [ -39.81864618542847, -18.177763883488893 ], [ -39.818560630890168, -18.177802354502983 ], [ -39.818492785862347, -18.177834319353259 ], [ -39.818460394039803, -18.177848820265201 ] ] } },
{ "type": "Feature", "properties": { "Field": "001", "Length": 35.678461918092765, "Image": "/home/ubuntu/bemagro/data/image/Orthomosaico.tif", "Farm": "data" }, "geometry": { "type": "LineString", "coordinates": [ [ -39.818759558590621, -18.17769696983634 ], [ -39.818734970349432, -18.177708987729172 ], [ -39.818726469174429, -18.177712943257529 ], [ -39.818709129638819, -18.177720153643481 ], [ -39.81864954710165, -18.177747695695778 ], [ -39.818563727379733, -18.17778562279123 ], [ -39.818455649447749, -18.177836819235079 ] ] } },
{ "type": "Feature", "properties": { "Field": "001", "Length": 33.575822837330513, "Image": "/home/ubuntu/bemagro/data/image/Orthomosaico.tif", "Farm": "data" }, "geometry": { "type": "LineString", "coordinates": [ [ -39.818736513850467, -18.177692249829388 ], [ -39.818566456551061, -18.177769582080725 ], [ -39.818450686361444, -18.177824265540874 ] ] } },
{ "type": "Feature", "properties": { "Field": "001", "Length": 31.471444998763641, "Image": "/home/ubuntu/bemagro/data/image/Orthomosaico.tif", "Farm": "data" }, "geometry": { "type": "LineString", "coordinates": [ [ -39.818713406570907, -18.177687517010099 ], [ -39.818671646175886, -18.177707092248962 ], [ -39.818560493989381, -18.177757243215698 ], [ -39.818445704724276, -18.177811664921837 ] ] } },
{ "type": "Feature", "properties": { "Field": "001", "Length": 28.593952137922447, "Image": "/home/ubuntu/bemagro/data/image/Orthomosaico.tif", "Farm": "data" }, "geometry": { "type": "LineString", "coordinates": [ [ -39.81868364832102, -18.177685312258525 ], [ -39.818582234632906, -18.177731707006917 ], [ -39.818523126766188, -18.177760167642337 ], [ -39.818440047016885, -18.177797354239292 ] ] } },
{ "type": "Feature", "properties": { "Field": "001", "Length": 25.498866812970952, "Image": "/home/ubuntu/bemagro/data/image/Orthomosaico.tif", "Farm": "data" }, "geometry": { "type": "LineString", "coordinates": [ [ -39.818652110581588, -18.177684341865614 ], [ -39.818602250787514, -18.177708154155244 ], [ -39.818584963842817, -18.177715477509157 ], [ -39.818576430754661, -18.177719369746978 ], [ -39.818534545834048, -18.177740322635696 ], [ -39.818526030405003, -18.177744250053937 ], [ -39.818434581650237, -18.177783530063518 ] ] } },
{ "type": "Feature", "properties": { "Field": "001", "Length": 319.32346236943141, "Image": "/home/ubuntu/bemagro/data/image/Orthomosaico.tif", "Farm": "data" }, "geometry": { "type": "LineString", "coordinates": [ [ -39.821457392310393, -18.177134797259619 ], [ -39.821380969367141, -18.177169207329051 ], [ -39.821346445370644, -18.1771839653968 ], [ -39.821295377723096, -18.177207577505303 ], [ -39.821201090473032, -18.177249532647522 ], [ -39.821149993688394, -18.177273087241062 ], [ -39.82096987921863, -18.177352954944535 ], [ -39.820910296886488, -18.17738049700144 ], [ -39.820841628378737, -18.177410811966748 ], [ -39.820781879552982, -18.177438022640686 ], [ -39.820669928330034, -18.177486522434805 ], [ -39.82055887129281, -18.177536865737061 ], [ -39.820430118624927, -18.177593708939337 ], [ -39.820370471149864, -18.177621122053239 ], [ -39.820292954276773, -18.17765467290041 ], [ -39.82023339400692, -18.177682258129156 ], [ -39.820138585403761, -18.177723125484761 ], [ -39.819951285584928, -18.177809606011486 ], [ -39.81987400837766, -18.177843658477922 ], [ -39.819711494480501, -18.177916834548551 ], [ -39.819660270607848, -18.177940137206544 ], [ -39.819643442913218, -18.17794838161231 ], [ -39.819634886296242, -18.177952226373286 ], [ -39.819608942928149, -18.17796318728119 ], [ -39.819600380941502, -18.177967021112075 ], [ -39.819523780578677, -18.17800244420485 ], [ -39.819343265912302, -18.178081483159151 ], [ -39.819266462504984, -18.178116501441785 ], [ -39.819146340793033, -18.178169654225186 ], [ -39.819086676473084, -18.178197034320103 ], [ -39.818957498122444, -18.178252988670334 ], [ -39.818915015092557, -18.17827281028276 ], [ -39.818872072876822, -18.178291706521353 ], [ -39.818863542310403, -18.178295603858952 ], [ -39.818795605442808, -18.178327390567755 ], [ -39.818723709971771, -18.178359403970884 ] ] } },
{ "type": "Feature", "properties": { "Field": "001", "Length": 317.87244269999479, "Image": "/home/ubuntu/bemagro/data/image/Orthomosaico.tif", "Farm": "data" }, "geometry": { "type": "LineString", "coordinates": [ [ -39.821440345531698, -18.177127245984149 ], [ -39.821389630657855, -18.177150201950511 ], [ -39.821337971687285, -18.177172609244025 ], [ -39.821270027273002, -18.177204380178779 ], [ -39.821201118023751, -18.1772341920902 ], [ -39.821132993741323, -18.177265609256953 ], [ -39.82096162471754, -18.177342020080832 ], [ -39.820876413917574, -18.177381181618181 ], [ -39.820747786272825, -18.177438282741967 ], [ -39.820653022591628, -18.177479246029002 ], [ -39.820542000399506, -18.177529659925675 ], [ -39.820293464279089, -18.177640351879134 ], [ -39.820242386663367, -18.177663945832521 ], [ -39.820113195190004, -18.177719872209689 ], [ -39.820070764425985, -18.17773979658504 ], [ -39.8200106599731, -18.177766282355172 ], [ -39.819934522195688, -18.177802605018559 ], [ -39.819883275435458, -18.177825861536636 ], [ -39.819848725686789, -18.177840565198768 ], [ -39.819609526817423, -18.177949000797305 ], [ -39.819575035322991, -18.177963828906247 ], [ -39.819541047049881, -18.177979683290381 ], [ -39.81942110024896, -18.178033195546256 ], [ -39.819352276956607, -18.178063189145099 ], [ -39.819292347958275, -18.178090035953943 ], [ -39.819275484882589, -18.178098214819837 ], [ -39.819138161777921, -18.178158875779527 ], [ -39.819061352930426, -18.178193884086493 ], [ -39.818940612599199, -18.178245740415782 ], [ -39.818795976979509, -18.178312757618812 ], [ -39.818761451522064, -18.178327513554922 ], [ -39.818719268643449, -18.178346629883642 ] ] } },
{ "type": "Feature", "properties": { "Field": "001", "Length": 316.39935482086452, "Image": "/home/ubuntu/bemagro/data/image/Orthomosaico.tif", "Farm": "data" }, "geometry": { "type": "LineString", "coordinates": [ [ -39.821423057676959, -18.177119587916053 ], [ -39.821278438990923, -18.17718527925776 ], [ -39.82111538814376, -18.177257354063144 ], [ -39.821030309168876, -18.177296775819542 ], [ -39.820953083990005, -18.177330935437691 ], [ -39.820876425516232, -18.177366240953742 ], [ -39.820773204867798, -18.177411260422769 ], [ -39.820713605123942, -18.177438766864956 ], [ -39.820653611643827, -18.177465481407502 ], [ -39.820644966871654, -18.177469141507192 ], [ -39.820618854423742, -18.177479729046635 ], [ -39.82061023236102, -18.177483437768938 ], [ -39.820558929784475, -18.177506581434823 ], [ -39.820490966478999, -18.177538315431566 ], [ -39.82048241867318, -18.177542178023479 ], [ -39.820362116274779, -18.177594955211433 ], [ -39.820268217900335, -18.177637700212227 ], [ -39.820182084674485, -18.17767497184348 ], [ -39.820130966450584, -18.177698483473858 ], [ -39.820070892356362, -18.177725032179357 ], [ -39.820019086497467, -18.17774712754056 ], [ -39.820010538581847, -18.177750989933198 ], [ -39.819934274247139, -18.177787068245106 ], [ -39.819643662217153, -18.177918424551805 ], [ -39.819566374029847, -18.177952454903494 ], [ -39.819506748153842, -18.177979910847277 ], [ -39.819438009595117, -18.178010080575671 ], [ -39.819386863415943, -18.178033536799958 ], [ -39.81933522671951, -18.178055991651952 ], [ -39.819267013736706, -18.178087231662182 ], [ -39.819138197589773, -18.178143944395298 ], [ -39.819035709058518, -18.178190467775821 ], [ -39.819027068390795, -18.17819413680504 ], [ -39.81900962701539, -18.178201120337835 ], [ -39.819000970762502, -18.178204755647538 ], [ -39.81893216675698, -18.178234789817719 ], [ -39.818847176151522, -18.178274385028221 ], [ -39.818714747680488, -18.178333626750199 ] ] } },
{ "type": "Feature", "properties": { "Field": "001", "Length": 315.01832685165203, "Image": "/home/ubuntu/bemagro/data/image/Orthomosaico.tif", "Farm": "data" }, "geometry": { "type": "LineString", "coordinates": [ [ -39.821406955176343, -18.177112454926849 ], [ -39.821355817658073, -18.177136272954389 ], [ -39.821253147194518, -18.177182427335961 ], [ -39.821192751870647, -18.177208301139977 ], [ -39.821106977516841, -18.177246321833497 ], [ -39.820970559818157, -18.177308820054183 ], [ -39.820781862977341, -18.177392479768283 ], [ -39.820679487921204, -18.177439230195926 ], [ -39.820636634875122, -18.177458310861198 ], [ -39.820593247659232, -18.177476254689388 ], [ -39.820541703966811, -18.177498903560434 ], [ -39.820456985555523, -18.177539029499787 ], [ -39.82038806554975, -18.177568819062014 ], [ -39.820251375557405, -18.177630771860038 ], [ -39.820173756517001, -18.177664107005889 ], [ -39.820071386033845, -18.17771086693234 ], [ -39.819993591172292, -18.177743825553947 ], [ -39.819849203486868, -18.177811328707268 ], [ -39.819771828171397, -18.177845177785699 ], [ -39.819686599453455, -18.177884304240738 ], [ -39.819592155842358, -18.177925938043035 ], [ -39.819489732022646, -18.177972591467455 ], [ -39.819335416351912, -18.178041191164859 ], [ -39.819258858855576, -18.178076698906498 ], [ -39.819198405539716, -18.178102449398128 ], [ -39.819129759869647, -18.178132812709457 ], [ -39.8190188091206, -18.178183371035903 ], [ -39.818932410680802, -18.178220079060491 ], [ -39.818890086478952, -18.178240209779421 ], [ -39.818796217198908, -18.178283014323817 ], [ -39.818710230270796, -18.178320633834417 ] ] } },
{ "type": "Feature", "properties": { "Field": "001", "Length": 313.62922171722863, "Image": "/home/ubuntu/bemagro/data/image/Orthomosaico.tif", "Farm": "data" }, "geometry": { "type": "LineString", "coordinates": [ [ -39.821390831037682, -18.177105312350577 ], [ -39.821322702745952, -18.177135328912872 ], [ -39.82124613977043, -18.177170823952142 ], [ -39.821134031325933, -18.177218990289099 ], [ -39.820912160694782, -18.177320166328027 ], [ -39.820791747300035, -18.177372709549701 ], [ -39.820655342883349, -18.177435233849604 ], [ -39.820526144266324, -18.177491144059388 ], [ -39.82046654002621, -18.177518642843886 ], [ -39.820380687918579, -18.177556503013914 ], [ -39.820235547041065, -18.17762251294657 ], [ -39.82017523014828, -18.177648553383335 ], [ -39.820055491035212, -18.177702487340429 ], [ -39.819994798819536, -18.177727718835943 ], [ -39.819986220444491, -18.177731519023833 ], [ -39.819952657781961, -18.177748181210326 ], [ -39.819944207658253, -18.177752235453312 ], [ -39.819867203128801, -18.177786848144361 ], [ -39.819816204106409, -18.177810596500571 ], [ -39.819713126485169, -18.177855914792197 ], [ -39.819474065980693, -18.177964628806681 ], [ -39.819328222285712, -18.1780292089128 ], [ -39.819242951283357, -18.178068250354972 ], [ -39.819182518296969, -18.178094043725586 ], [ -39.819028745309787, -18.178163747696491 ], [ -39.818933912529204, -18.178204564758214 ], [ -39.818789045285826, -18.178271122897826 ], [ -39.818705689143755, -18.178307572700927 ] ] } },
{ "type": "Feature", "properties": { "Field": "001", "Length": 312.2655336727571, "Image": "/home/ubuntu/bemagro/data/image/Orthomosaico.tif", "Farm": "data" }, "geometry": { "type": "LineString", "coordinates": [ [ -39.821374843909553, -18.17709823046447 ], [ -39.821323739043287, -18.177120361179266 ], [ -39.821221716192198, -18.177167808744567 ], [ -39.821213083886256, -18.177171495594603 ], [ -39.821160924037855, -18.177192816450884 ], [ -39.821126431889461, -18.177207642571993 ], [ -39.820896059487261, -18.177312773001894 ], [ -39.820801248978235, -18.177353636505142 ], [ -39.820656260551672, -18.177419951408652 ], [ -39.82057859228307, -18.177453179282576 ], [ -39.820527198380098, -18.177476137047151 ], [ -39.820484734273457, -18.177495996033993 ], [ -39.820476171295851, -18.177499827793724 ], [ -39.820381590240252, -18.17754117505541 ], [ -39.820245263694602, -18.17760385484619 ], [ -39.820236693652859, -18.177607672160875 ], [ -39.820064807366599, -18.177683014737955 ], [ -39.82001258498515, -18.177704194683113 ], [ -39.820004084348454, -18.177708151250371 ], [ -39.819936954660271, -18.177741467556096 ], [ -39.819928400084983, -18.177745316445517 ], [ -39.819893886068748, -18.177760096600228 ], [ -39.819817273892632, -18.177795494418561 ], [ -39.819765875027223, -18.177818442254544 ], [ -39.81971408565844, -18.177840573069695 ], [ -39.819705510188626, -18.177844379255365 ], [ -39.819534591190553, -18.177921706854729 ], [ -39.819466577809436, -18.177953343279519 ], [ -39.819329196428185, -18.178013882810976 ], [ -39.819244026209368, -18.178053125329409 ], [ -39.819175072216439, -18.178082842635014 ], [ -39.819149621640378, -18.17809481025494 ], [ -39.819012603076672, -18.178156097218515 ], [ -39.818909325260734, -18.178200997670267 ], [ -39.818866884901631, -18.178220902034241 ], [ -39.818781463168598, -18.178259642396739 ], [ -39.818701199393345, -18.17829465933406 ] ] } },
{ "type": "Feature", "properties": { "Field": "001", "Length": 310.79701189901903, "Image": "/home/ubuntu/bemagro/data/image/Orthomosaico.tif", "Farm": "data" }, "geometry": { "type": "LineString", "coordinates": [ [ -39.821357727672606, -18.1770906484101 ], [ -39.821306476779064, -18.177112458635182 ], [ -39.821204180852284, -18.17715936657558 ], [ -39.82108374207133, -18.17721185795228 ], [ -39.8210157503703, -18.177243536397036 ], [ -39.820904521926309, -18.177293532853099 ], [ -39.820758394081871, -18.177357521481568 ], [ -39.820656084382179, -18.177404402318871 ], [ -39.820535783230312, -18.177457181821463 ], [ -39.820416281433062, -18.177511595187077 ], [ -39.820355863326931, -18.177537420349196 ], [ -39.820236592483667, -18.177592295018098 ], [ -39.820099378243746, -18.177653179713964 ], [ -39.820047582429694, -18.177675296813312 ], [ -39.820004106041551, -18.177693041060646 ], [ -39.81991971281731, -18.17773378775448 ], [ -39.819876549439357, -18.17775221810334 ], [ -39.819816937767889, -18.177779702635821 ], [ -39.81968814176868, -18.177836456496873 ], [ -39.819645631135764, -18.177856224756901 ], [ -39.819525694507142, -18.177909757579368 ], [ -39.819449178548375, -18.177945346806698 ], [ -39.819354830599174, -18.177987178226097 ], [ -39.81932020835086, -18.178001724872939 ], [ -39.819226733963824, -18.178045311245128 ], [ -39.819149120105656, -18.178078657719254 ], [ -39.818969617301768, -18.178159775661143 ], [ -39.818900749821211, -18.178189676464541 ], [ -39.818738557310084, -18.178263501772673 ], [ -39.818696675518986, -18.178281647818139 ] ] } },
{ "type": "Feature", "properties": { "Field": "001", "Length": 309.40831792497164, "Image": "/home/ubuntu/bemagro/data/image/Orthomosaico.tif", "Farm": "data" }, "geometry": { "type": "LineString", "coordinates": [ [ -39.818692276277716, -18.17826899476842 ], [ -39.818727357390593, -18.178253929906194 ], [ -39.818889501242204, -18.178180006895101 ], [ -39.819035465685872, -18.178115675991464 ], [ -39.819111965794413, -18.1780800553754 ], [ -39.819172220769552, -18.178053883594643 ], [ -39.819181126022727, -18.178050847158531 ], [ -39.819206829187515, -18.178039380799866 ], [ -39.819215368814909, -18.17803550165992 ], [ -39.81930844529785, -18.177991143767652 ], [ -39.819316974072215, -18.177987242877894 ], [ -39.819369147217976, -18.177965951552149 ], [ -39.819403566003921, -18.17795097015717 ], [ -39.819539728263187, -18.17788796416383 ], [ -39.819642698688277, -18.177842423660309 ], [ -39.819685325844624, -18.177822886217111 ], [ -39.8198057959615, -18.17777045977348 ], [ -39.819890956771417, -18.17773119899185 ], [ -39.819942587440558, -18.177708733239889 ], [ -39.81997624842279, -18.17769225402532 ], [ -39.820001298976386, -18.177679536385629 ], [ -39.820053505253014, -18.17765832079283 ], [ -39.820208259807529, -18.17759063141483 ], [ -39.820242449760002, -18.177575178483217 ], [ -39.820267713584691, -18.177562852497328 ], [ -39.820319248707669, -18.177540186108644 ], [ -39.820370238956841, -18.17751642022359 ], [ -39.820422098753525, -18.177494440801457 ], [ -39.820464612088109, -18.177474678193168 ], [ -39.820533333292602, -18.17744447208905 ], [ -39.820747095389933, -18.177348043177531 ], [ -39.820867538383659, -18.177295561443856 ], [ -39.820961645001887, -18.177253236912946 ], [ -39.821072359388268, -18.177202208652051 ], [ -39.821175705243299, -18.177157452806227 ], [ -39.82127812588498, -18.177110794130741 ], [ -39.82134133050927, -18.177083384884813 ] ] } },
{ "type": "Feature", "properties": { "Field": "001", "Length": 307.89367328035456, "Image": "/home/ubuntu/bemagro/data/image/Orthomosaico.tif", "Farm": "data" }, "geometry": { "type": "LineString", "coordinates": [ [ -39.818687568342284, -18.178255453853584 ], [ -39.818782522772949, -18.178213761409882 ], [ -39.818859153231344, -18.178178397649219 ], [ -39.81901356246221, -18.178109990299731 ], [ -39.819167265009582, -18.178040144304187 ], [ -39.819202137407473, -18.178026154038044 ], [ -39.819270178939021, -18.17799457282144 ], [ -39.819303847924935, -18.177978107809935 ], [ -39.819346671345578, -18.177958966203619 ], [ -39.819424309815773, -18.17792567220053 ], [ -39.819560437638465, -18.177862598136574 ], [ -39.819629391483502, -18.177832879960246 ], [ -39.819817623303109, -18.177748267428637 ], [ -39.819912259078968, -18.177707034513944 ], [ -39.819963328532623, -18.177683424472079 ], [ -39.819996702591922, -18.177666420750146 ], [ -39.820014255000686, -18.177659697209158 ], [ -39.820031126945295, -18.177651535307778 ], [ -39.820126193413451, -18.177611217942268 ], [ -39.820262826284335, -18.177549150185719 ], [ -39.820331805407491, -18.177519486045803 ], [ -39.820365728948467, -18.177503505701967 ], [ -39.820442929840802, -18.177469295073497 ], [ -39.820476809708893, -18.17745323035469 ], [ -39.82061433716018, -18.177392995114754 ], [ -39.820776713818525, -18.177319542281534 ], [ -39.820905711914612, -18.177263210119364 ], [ -39.821024888133891, -18.177208148392165 ], [ -39.821119456166052, -18.177166774347846 ], [ -39.821239036424558, -18.177112519036672 ], [ -39.821323681464833, -18.177075566805847 ] ] } },
{ "type": "Feature", "properties": { "Field": "001", "Length": 306.43152883862837, "Image": "/home/ubuntu/bemagro/data/image/Orthomosaico.tif", "Farm": "data" }, "geometry": { "type": "LineString", "coordinates": [ [ -39.821306607895224, -18.177068003645388 ], [ -39.82123919425139, -18.177099487176999 ], [ -39.821161463751437, -18.177132583313885 ], [ -39.821084754870029, -18.177167790226239 ], [ -39.820998631673923, -18.177205083297462 ], [ -39.820938810234118, -18.17723214774313 ], [ -39.820896473297786, -18.177252253291627 ], [ -39.820845057667093, -18.177275166347894 ], [ -39.820776024081106, -18.177304714220011 ], [ -39.820596660806501, -18.177386111952259 ], [ -39.820467803227636, -18.177442737357428 ], [ -39.82040810873012, -18.177470056783235 ], [ -39.820382241029954, -18.177481179410005 ], [ -39.820331278960417, -18.177505000291955 ], [ -39.820262478682473, -18.177535041147106 ], [ -39.820203295164667, -18.177563357789289 ], [ -39.820056534886042, -18.177626011250645 ], [ -39.820005221432389, -18.177649132852558 ], [ -39.819945877741148, -18.177677142123237 ], [ -39.819903062978959, -18.177696301289302 ], [ -39.819774093844913, -18.177752693987987 ], [ -39.819723087003084, -18.17777642748846 ], [ -39.81962031795446, -18.177822381816906 ], [ -39.819611726612784, -18.177826155146565 ], [ -39.819576936811352, -18.177840331929819 ], [ -39.819551207461252, -18.17785174443825 ], [ -39.81954264794318, -18.177855583290008 ], [ -39.819449288906448, -18.177899394911613 ], [ -39.819311878350916, -18.177959874215741 ], [ -39.819201189012624, -18.17801095316792 ], [ -39.819192615139393, -18.178014762595474 ], [ -39.819183824520842, -18.178018090248852 ], [ -39.81917513632439, -18.178021655197757 ], [ -39.819098283247385, -18.178056574523939 ], [ -39.8188755054571, -18.178155914920087 ], [ -39.818807406726798, -18.178187382339551 ], [ -39.81868305144851, -18.178242462408566 ] ] } },
{ "type": "Feature", "properties": { "Field": "001", "Length": 305.03187803062497, "Image": "/home/ubuntu/bemagro/data/image/Orthomosaico.tif", "Farm": "data" }, "geometry": { "type": "LineString", "coordinates": [ [ -39.821290498517641, -18.177060867595625 ], [ -39.821265632679271, -18.17707266129743 ], [ -39.821042125118829, -18.177170489592243 ], [ -39.820888322045398, -18.177240131612233 ], [ -39.820819421521122, -18.177269962035243 ], [ -39.820768381035421, -18.177293629126442 ], [ -39.820605683022094, -18.177366429300278 ], [ -39.820365506427152, -18.177472870536118 ], [ -39.820322986311936, -18.17749262002841 ], [ -39.82024561632074, -18.17752647987934 ], [ -39.820203261760192, -18.177546551812 ], [ -39.820151939284884, -18.177569654608611 ], [ -39.820091339086368, -18.177595087151616 ], [ -39.820031262406687, -18.17762163035923 ], [ -39.819835181228662, -18.177711510893879 ], [ -39.819766199676877, -18.177741170066078 ], [ -39.81962942303921, -18.177802948133127 ], [ -39.819534608088098, -18.177843803318058 ], [ -39.819441057748513, -18.177887240551076 ], [ -39.819329492180955, -18.177936546777524 ], [ -39.819261344490933, -18.177967918104756 ], [ -39.819175360739301, -18.178005504938533 ], [ -39.819132876416823, -18.178025324880661 ], [ -39.818953298790369, -18.178106291304861 ], [ -39.818867465263921, -18.178144190788188 ], [ -39.818799166305872, -18.178175260291727 ], [ -39.818738922645544, -18.178201455901178 ], [ -39.818678453118395, -18.178229236734936 ] ] } },
{ "type": "Feature", "properties": { "Field": "001", "Length": 303.77722906077548, "Image": "/home/ubuntu/bemagro/data/image/Orthomosaico.tif", "Farm": "data" }, "geometry": { "type": "LineString", "coordinates": [ [ -39.821276115239101, -18.177054496162746 ], [ -39.821259631068862, -18.177062088004785 ], [ -39.821251026684237, -18.177065834006051 ], [ -39.821224955424313, -18.177076513743582 ], [ -39.821216334522731, -18.177080224886463 ], [ -39.821165061744097, -18.177103428554528 ], [ -39.821139027612837, -18.177114186382273 ], [ -39.821087609819408, -18.17713709455148 ], [ -39.821001429759171, -18.177174266474626 ], [ -39.820898939165211, -18.177220784756713 ], [ -39.82081297701891, -18.17725841542175 ], [ -39.820736232452617, -18.177293550632118 ], [ -39.820693187848995, -18.177312231448312 ], [ -39.820427883877713, -18.177431318032792 ], [ -39.820367726088726, -18.177457691990771 ], [ -39.820256804266911, -18.177508307351278 ], [ -39.820231025189109, -18.177519615502245 ], [ -39.820162634262289, -18.177550498564372 ], [ -39.820145436944699, -18.177558013964742 ], [ -39.820059075583195, -18.177594800909514 ], [ -39.820041896476646, -18.177602354393642 ], [ -39.820007698753351, -18.177617791440014 ], [ -39.819931258855078, -18.177653529327927 ], [ -39.819828743220924, -18.177699997741865 ], [ -39.819811524738554, -18.177707468339808 ], [ -39.819768278136756, -18.177725719095143 ], [ -39.819622947925353, -18.177791347651073 ], [ -39.81951100288763, -18.177839860733624 ], [ -39.819434422718494, -18.177875323132788 ], [ -39.819314374961998, -18.17792862767136 ], [ -39.81925474632461, -18.177956078356054 ], [ -39.819168816031485, -18.177993775887202 ], [ -39.819126364317675, -18.178013659297186 ], [ -39.819032271920371, -18.178056013534903 ], [ -39.818673947606669, -18.178216278022457 ] ] } },
{ "type": "Feature", "properties": { "Field": "001", "Length": 78.31762408982361, "Image": "/home/ubuntu/bemagro/data/image/Orthomosaico.tif", "Farm": "data" }, "geometry": { "type": "LineString", "coordinates": [ [ -39.821104041172582, -18.176978271530569 ], [ -39.820967942517605, -18.177040043951351 ], [ -39.820882006582487, -18.17707772953349 ], [ -39.820847951519568, -18.177093451910835 ], [ -39.820796138538299, -18.177115531930728 ], [ -39.820736126135792, -18.177142207382847 ], [ -39.820676488389473, -18.177169638358798 ], [ -39.820556673576796, -18.177223418742091 ], [ -39.820530688754012, -18.177234289143353 ], [ -39.820433453725919, -18.177278379364804 ] ] } },
{ "type": "Feature", "properties": { "Field": "001", "Length": 74.278027879641655, "Image": "/home/ubuntu/bemagro/data/image/Orthomosaico.tif", "Farm": "data" }, "geometry": { "type": "LineString", "coordinates": [ [ -39.821087159364538, -18.176970793287545 ], [ -39.820915353829868, -18.177047814733523 ], [ -39.820847238422125, -18.177079249364002 ], [ -39.82074393924762, -18.177124103609852 ], [ -39.820607490201397, -18.177186539112036 ], [ -39.820504328234939, -18.177231681109465 ], [ -39.820451753436913, -18.177256617559586 ] ] } },
{ "type": "Feature", "properties": { "Field": "001", "Length": 70.020163497458469, "Image": "/home/ubuntu/bemagro/data/image/Orthomosaico.tif", "Farm": "data" }, "geometry": { "type": "LineString", "coordinates": [ [ -39.821070736483009, -18.176963518336049 ], [ -39.82101984451225, -18.17698704814838 ], [ -39.820916823387371, -18.177032482814091 ], [ -39.820797271474795, -18.177086795103943 ], [ -39.820737018259315, -18.177112969834127 ], [ -39.820600387724845, -18.177175041616525 ], [ -39.820522870445231, -18.177208591978655 ], [ -39.820489254964279, -18.177225156398436 ], [ -39.820471725458106, -18.177232867054428 ] ] } },
{ "type": "Feature", "properties": { "Field": "001", "Length": 65.282221505195054, "Image": "/home/ubuntu/bemagro/data/image/Orthomosaico.tif", "Farm": "data" }, "geometry": { "type": "LineString", "coordinates": [ [ -39.821054072326184, -18.176956136503179 ], [ -39.820874611465214, -18.177035944105111 ], [ -39.820592563507766, -18.177163468077829 ], [ -39.820540639714963, -18.177185307589298 ], [ -39.82049471605233, -18.177205526885601 ] ] } },
{ "type": "Feature", "properties": { "Field": "001", "Length": 60.944385050036232, "Image": "/home/ubuntu/bemagro/data/image/Orthomosaico.tif", "Farm": "data" }, "geometry": { "type": "LineString", "coordinates": [ [ -39.82103768996172, -18.176948879495704 ], [ -39.820858027463984, -18.177028268906213 ], [ -39.820584624306058, -18.177152126100594 ], [ -39.820515234295861, -18.177181126800495 ] ] } },
{ "type": "Feature", "properties": { "Field": "001", "Length": 56.728099005484651, "Image": "/home/ubuntu/bemagro/data/image/Orthomosaico.tif", "Farm": "data" }, "geometry": { "type": "LineString", "coordinates": [ [ -39.82101974702524, -18.176940931188675 ], [ -39.820960274434412, -18.176967312120009 ], [ -39.820917785369502, -18.176987119805478 ], [ -39.820848909612216, -18.177017001908929 ], [ -39.820780489265566, -18.17704782497206 ], [ -39.820720128771747, -18.177073772379924 ], [ -39.820634642653957, -18.177112380665672 ], [ -39.820583964542152, -18.177136748812458 ], [ -39.82057545785166, -18.177140693425152 ], [ -39.820534218066634, -18.177158663361759 ] ] } },
{ "type": "Feature", "properties": { "Field": "001", "Length": 52.353914860053436, "Image": "/home/ubuntu/bemagro/data/image/Orthomosaico.tif", "Farm": "data" }, "geometry": { "type": "LineString", "coordinates": [ [ -39.821003724211693, -18.176933833449763 ], [ -39.820961196013791, -18.176952157002038 ], [ -39.820893096646905, -18.176983622659705 ], [ -39.820824022436859, -18.177013081468843 ], [ -39.820652474798479, -18.177089124746068 ], [ -39.820618447709499, -18.177104902297895 ], [ -39.82057650591895, -18.177125750399167 ], [ -39.820555775901752, -18.177135006994053 ] ] } },
{ "type": "Feature", "properties": { "Field": "001", "Length": 47.885780339415852, "Image": "/home/ubuntu/bemagro/data/image/Orthomosaico.tif", "Farm": "data" }, "geometry": { "type": "LineString", "coordinates": [ [ -39.82098617971122, -18.17692606163622 ], [ -39.820694468720305, -18.177055911801727 ], [ -39.820626673805585, -18.17708797311591 ], [ -39.820609470100429, -18.177095475500852 ], [ -39.820577165501199, -18.177111535230299 ] ] } },
{ "type": "Feature", "properties": { "Field": "001", "Length": 43.355488344787972, "Image": "/home/ubuntu/bemagro/data/image/Orthomosaico.tif", "Farm": "data" }, "geometry": { "type": "LineString", "coordinates": [ [ -39.820968263499033, -18.176918125160444 ], [ -39.820916137715543, -18.176942460172189 ], [ -39.820856029670736, -18.176968937802712 ], [ -39.820813631128189, -18.176988924245535 ], [ -39.820676207906473, -18.177049375268314 ], [ -39.82062656349941, -18.177073693191829 ], [ -39.820619998526261, -18.177077705189152 ], [ -39.820616302145559, -18.177079705574638 ], [ -39.820598867762698, -18.177087720359861 ] ] } },
{ "type": "Feature", "properties": { "Field": "001", "Length": 38.03140228612132, "Image": "/home/ubuntu/bemagro/data/image/Orthomosaico.tif", "Farm": "data" }, "geometry": { "type": "LineString", "coordinates": [ [ -39.8206253440922, -18.177058666677496 ], [ -39.820674467671289, -18.177034124836428 ], [ -39.820734223017674, -18.177006927591041 ], [ -39.820803180583106, -18.176977218493409 ], [ -39.820949362448225, -18.176909752420844 ] ] } },
{ "type": "Feature", "properties": { "Field": "001", "Length": 32.508975943881396, "Image": "/home/ubuntu/bemagro/data/image/Orthomosaico.tif", "Farm": "data" }, "geometry": { "type": "LineString", "coordinates": [ [ -39.820931911774217, -18.176902022163091 ], [ -39.820830715453305, -18.176949763842853 ], [ -39.820787954284022, -18.17696903134064 ], [ -39.820710372961571, -18.177002445972889 ], [ -39.82070180425832, -18.177006265968604 ], [ -39.820654622082081, -18.177028691764448 ] ] } },
{ "type": "Feature", "properties": { "Field": "001", "Length": 26.081715093211425, "Image": "/home/ubuntu/bemagro/data/image/Orthomosaico.tif", "Farm": "data" }, "geometry": { "type": "LineString", "coordinates": [ [ -39.820915623943137, -18.176894807016613 ], [ -39.820899258117322, -18.176902638718293 ], [ -39.820857218674043, -18.176923306802173 ], [ -39.820797659691067, -18.176950892695693 ], [ -39.820711421716609, -18.176987939005809 ], [ -39.820693032220156, -18.176996134612235 ] ] } },
{ "type": "Feature", "properties": { "Field": "000", "Length": 486.07043159629114, "Image": "/home/ubuntu/bemagro/data/image/Orthomosaico.tif", "Farm": "data" }, "geometry": { "type": "LineString", "coordinates": [ [ -39.815278691199566, -18.181854674461498 ], [ -39.815321322433384, -18.181836230466686 ], [ -39.815356994780558, -18.181821727243076 ], [ -39.815484137418949, -18.181763726082593 ], [ -39.815681958198432, -18.181677388740965 ], [ -39.815828012457033, -18.181611102953912 ], [ -39.81588734439169, -18.181585171908967 ], [ -39.81594794189494, -18.18155973033284 ], [ -39.81600014174272, -18.181536284453291 ], [ -39.816128459227919, -18.181480697838836 ], [ -39.816187733850718, -18.181452553027473 ], [ -39.816231092673085, -18.181434545418135 ], [ -39.816282390059328, -18.181411389218436 ], [ -39.816334541412225, -18.181390047031339 ], [ -39.816386639303531, -18.181366395990644 ], [ -39.816455189954411, -18.181338038779373 ], [ -39.816515226621185, -18.181309330408205 ], [ -39.816616887172707, -18.181263243234369 ], [ -39.816729028657775, -18.181215140963115 ], [ -39.816823480005183, -18.181173519483604 ], [ -39.816907392372443, -18.181131872472832 ], [ -39.816932366147014, -18.18112284751162 ], [ -39.816936159999415, -18.181121032032586 ], [ -39.816942833514709, -18.181117191938799 ], [ -39.816950488018549, -18.181113638440287 ], [ -39.816959628009506, -18.181111350802684 ], [ -39.816968673969228, -18.18110872247982 ], [ -39.816977335056009, -18.181105103084203 ], [ -39.816986792570582, -18.18110096717518 ], [ -39.817062471652648, -18.181065797882621 ], [ -39.81717576414912, -18.181017945430625 ], [ -39.817184339624347, -18.181014139164191 ], [ -39.817218298767784, -18.180998226767358 ], [ -39.817362218591626, -18.180931866071255 ], [ -39.817440396110321, -18.180899742926997 ], [ -39.817458205089054, -18.180891353859941 ], [ -39.817492129103677, -18.180877538695739 ], [ -39.817526090479639, -18.180861631666396 ], [ -39.817535003438365, -18.180858622550499 ], [ -39.817552445724225, -18.18084956482965 ], [ -39.817594113909081, -18.180830205700904 ], [ -39.817714791207173, -18.180778211861295 ], [ -39.817800075618237, -18.180739193761294 ], [ -39.817843985049436, -18.180720144685619 ], [ -39.817894166068577, -18.180696852727412 ], [ -39.818006500623106, -18.180649164996865 ], [ -39.818151636419067, -18.180583139414367 ], [ -39.818264072244823, -18.180535670265872 ], [ -39.818340702779011, -18.180500305056746 ], [ -39.818375288332476, -18.180485677751957 ], [ -39.818409987025611, -18.180469157976226 ], [ -39.818538717126685, -18.180414451792046 ], [ -39.81859801591299, -18.180386354455411 ], [ -39.818632570144821, -18.180371659990733 ], [ -39.818658732228315, -18.180359030915781 ], [ -39.818702085562805, -18.180341012100598 ], [ -39.818760745636588, -18.180313721118893 ], [ -39.818855567611614, -18.180272878252051 ], [ -39.81888099220582, -18.180260857689383 ], [ -39.818907143946298, -18.180250359865251 ], [ -39.818924660216567, -18.180241427223624 ], [ -39.818957954114694, -18.180226276355683 ], [ -39.819104347514667, -18.180162838847892 ], [ -39.819156182037204, -18.180138665605195 ], [ -39.819207242269947, -18.180117190733313 ], [ -39.819309527835365, -18.180070258918342 ], [ -39.819370542030171, -18.180045746418092 ], [ -39.819421323653174, -18.18002157600753 ], [ -39.81944847516943, -18.180010401293448 ] ] } },
{ "type": "Feature", "properties": { "Field": "000", "Length": 486.03673205768371, "Image": "/home/ubuntu/bemagro/data/image/Orthomosaico.tif", "Farm": "data" }, "geometry": { "type": "LineString", "coordinates": [ [ -39.819440688563368, -18.179999045832869 ], [ -39.819415072486031, -18.180009576139518 ], [ -39.819364244231963, -18.180033658240081 ], [ -39.819303664740502, -18.180059137653409 ], [ -39.819226957560709, -18.180094350600445 ], [ -39.819140461909619, -18.180130850828466 ], [ -39.819011750891114, -18.180187784315272 ], [ -39.818874956868498, -18.180249530986249 ], [ -39.818848909499231, -18.180260264676775 ], [ -39.818806403393921, -18.180280043009958 ], [ -39.818634553064001, -18.180355466024746 ], [ -39.818523670903446, -18.18040616438725 ], [ -39.818394290129255, -18.180461693951163 ], [ -39.81828326033709, -18.180512096380006 ], [ -39.818222763252457, -18.180537754562959 ], [ -39.818034271342739, -18.180621842685689 ], [ -39.817785025433629, -18.180731076155404 ], [ -39.817665456515954, -18.180785359402432 ], [ -39.817596374226603, -18.180814806284086 ], [ -39.817519406749774, -18.180849497189314 ], [ -39.817485595729316, -18.180865694963494 ], [ -39.817364383533629, -18.180916539532955 ], [ -39.817287803391764, -18.180952005041629 ], [ -39.817236033251227, -18.180974179099618 ], [ -39.817176573122737, -18.181001964162281 ], [ -39.81712496053634, -18.181024471425989 ], [ -39.817072879454997, -18.181045969910894 ], [ -39.816987607319113, -18.181085012834387 ], [ -39.81692684358498, -18.181110088935203 ], [ -39.816909210304892, -18.181116616907435 ], [ -39.816833475397445, -18.181153703699326 ], [ -39.816609909448893, -18.181251421214753 ], [ -39.816576057055528, -18.181267540182649 ], [ -39.816515873383167, -18.181293863680423 ], [ -39.816464998907982, -18.181317857209049 ], [ -39.81639570745714, -18.181346852059654 ], [ -39.816318702450516, -18.181381467351663 ], [ -39.816180643091471, -18.18144058715502 ], [ -39.816129760929144, -18.181464566114236 ], [ -39.816044072876061, -18.181502768683412 ], [ -39.81585475713338, -18.181585150132086 ], [ -39.815760897397197, -18.181627977466487 ], [ -39.815588785740019, -18.181702857081596 ], [ -39.815529168669848, -18.181730333718836 ], [ -39.815486125083311, -18.181749020622266 ], [ -39.815460621567418, -18.181760888315722 ], [ -39.815391684210304, -18.181790644733507 ], [ -39.815357656314397, -18.181806422658294 ], [ -39.815270396215823, -18.181843228329377 ] ] } },
{ "type": "Feature", "properties": { "Field": "000", "Length": 486.09886301929788, "Image": "/home/ubuntu/bemagro/data/image/Orthomosaico.tif", "Farm": "data" }, "geometry": { "type": "LineString", "coordinates": [ [ -39.815261648882284, -18.181831158004009 ], [ -39.815279070033974, -18.181825440553897 ], [ -39.815287677534741, -18.181821700580915 ], [ -39.815296194244425, -18.181817775294917 ], [ -39.815356873893968, -18.181792513430466 ], [ -39.81536546711434, -18.181788743577304 ], [ -39.815519823975194, -18.181720221500555 ], [ -39.815579135221498, -18.181692146774409 ], [ -39.815742483403191, -18.181620680747915 ], [ -39.815793480803976, -18.181596926514434 ], [ -39.815871120153822, -18.181563631061874 ], [ -39.815939415153252, -18.181532550997616 ], [ -39.816076954564075, -18.181472333772543 ], [ -39.816110955612828, -18.181456503170608 ], [ -39.816248273128565, -18.181395825236795 ], [ -39.816300304917171, -18.181374217651449 ], [ -39.816368360034026, -18.181342661033636 ], [ -39.816446278323454, -18.18130996676792 ], [ -39.816505856823156, -18.181282414447516 ], [ -39.816566193497565, -18.181256413042135 ], [ -39.816642939864359, -18.181221277103543 ], [ -39.816669040629591, -18.181210662493616 ], [ -39.816754533376617, -18.18117206307576 ], [ -39.816823657377469, -18.181142705546289 ], [ -39.81688321114941, -18.18111510449366 ], [ -39.816899752337605, -18.181106345428972 ], [ -39.816925350756364, -18.181094667272074 ], [ -39.816934215484061, -18.181091523949675 ], [ -39.816951426511437, -18.181084037255715 ], [ -39.816977871325882, -18.181074232193737 ], [ -39.817003916285316, -18.181063493126224 ], [ -39.817080756126089, -18.181028544708127 ], [ -39.81717530330836, -18.18098712270945 ], [ -39.817346476407657, -18.180910304117372 ], [ -39.817449910796434, -18.180865730651742 ], [ -39.817535367159707, -18.180827057622746 ], [ -39.81769008857561, -18.180759292907485 ], [ -39.817784111171861, -18.180716794240858 ], [ -39.818076109961247, -18.180588268694596 ], [ -39.818213133211415, -18.180526987380297 ], [ -39.818264864967354, -18.1805047318284 ], [ -39.818393397858308, -18.180447431367735 ], [ -39.81852254504264, -18.180391407980167 ], [ -39.818616809886876, -18.18034940287825 ], [ -39.818684961659812, -18.180318037799672 ], [ -39.818908328545994, -18.180219907877692 ], [ -39.819010846997671, -18.180173443004339 ], [ -39.819131055625427, -18.180120467215271 ], [ -39.819268879213276, -18.180060849111928 ], [ -39.819433160137038, -18.179988066882423 ] ] } },
{ "type": "Feature", "properties": { "Field": "000", "Length": 486.09626185226625, "Image": "/home/ubuntu/bemagro/data/image/Orthomosaico.tif", "Farm": "data" }, "geometry": { "type": "LineString", "coordinates": [ [ -39.819425647165325, -18.179977110468208 ], [ -39.819339891851698, -18.18001407388223 ], [ -39.819228554424164, -18.18006385085382 ], [ -39.819116499973525, -18.18011213654189 ], [ -39.8190738756713, -18.180131678753998 ], [ -39.818987848962237, -18.180169177553832 ], [ -39.818868068259214, -18.180223031745104 ], [ -39.818799081892131, -18.180252682220097 ], [ -39.818713447719354, -18.180290993062854 ], [ -39.818678970245834, -18.180305849924771 ], [ -39.818619303686773, -18.180333227279416 ], [ -39.818533316932694, -18.180370808815749 ], [ -39.818456485999228, -18.180405774835439 ], [ -39.818396073479029, -18.180431612519435 ], [ -39.818275985440813, -18.180484838093413 ], [ -39.818224251328225, -18.180507087728511 ], [ -39.818044409891755, -18.180587522676472 ], [ -39.817975474365369, -18.18061728113523 ], [ -39.817744124064411, -18.180720440818682 ], [ -39.817486452177462, -18.180833792397699 ], [ -39.817409561170109, -18.180868636931802 ], [ -39.817289043031131, -18.180920967459052 ], [ -39.817195056297734, -18.180963537791996 ], [ -39.817091974902887, -18.181008851582256 ], [ -39.816998179834798, -18.181051806263202 ], [ -39.816920688725254, -18.181085415571182 ], [ -39.816739700466059, -18.181163465836818 ], [ -39.816654328113103, -18.181202307087226 ], [ -39.816525425155554, -18.181258844229738 ], [ -39.816465546370239, -18.181285795476942 ], [ -39.816396583495319, -18.181315497075477 ], [ -39.816311076340106, -18.181354067547574 ], [ -39.816216291685457, -18.181394990752903 ], [ -39.816139393939757, -18.181429822848049 ], [ -39.816019084155947, -18.181482590232132 ], [ -39.815865073743694, -18.181551820243616 ], [ -39.815796099634198, -18.181581498276483 ], [ -39.815727663561887, -18.181612293275986 ], [ -39.815667340629162, -18.181638323269841 ], [ -39.815564519752158, -18.181684176328556 ], [ -39.815513551043644, -18.181707986517861 ], [ -39.815444811205118, -18.181738156387123 ], [ -39.815350685294732, -18.181780446785009 ], [ -39.815281576966782, -18.181809838001669 ], [ -39.815254091893436, -18.181820730217193 ] ] } },
{ "type": "Feature", "properties": { "Field": "000", "Length": 486.10922150721865, "Image": "/home/ubuntu/bemagro/data/image/Orthomosaico.tif", "Farm": "data" }, "geometry": { "type": "LineString", "coordinates": [ [ -39.819417656719885, -18.179965457736419 ], [ -39.819254996473703, -18.180037257162496 ], [ -39.819125764218811, -18.180093101257935 ], [ -39.819065925026202, -18.180120131999988 ], [ -39.818988376013401, -18.180153618097989 ], [ -39.818842956868203, -18.180219071053607 ], [ -39.818696720829116, -18.180282839562373 ], [ -39.818611171665069, -18.180321324182238 ], [ -39.818559363679917, -18.180343417058754 ], [ -39.818362629788609, -18.180431991166461 ], [ -39.81821627350795, -18.180495507548738 ], [ -39.8178906262089, -18.180640606453252 ], [ -39.817701556414391, -18.180723501004817 ], [ -39.817650436326929, -18.180747012672313 ], [ -39.817512750015446, -18.180806921148246 ], [ -39.817410412692823, -18.180853751130378 ], [ -39.817332658005355, -18.180886799354266 ], [ -39.817195691099286, -18.180948196289386 ], [ -39.817143911418796, -18.180970350150293 ], [ -39.817032475595418, -18.181019927953276 ], [ -39.816972825743044, -18.181047339078766 ], [ -39.816723293303163, -18.181155974653521 ], [ -39.816552125028615, -18.181232803641826 ], [ -39.816328839504251, -18.181331105653754 ], [ -39.816311887760996, -18.181339116008207 ], [ -39.816208459931808, -18.181383704108111 ], [ -39.816080132815195, -18.181441426020406 ], [ -39.81602837944375, -18.181463636315847 ], [ -39.815960061435469, -18.181494670248963 ], [ -39.815779540166588, -18.181573703881234 ], [ -39.815719938457875, -18.181601210924146 ], [ -39.815659444758253, -18.181626877344616 ], [ -39.815573557022162, -18.181664668187597 ], [ -39.815376889938008, -18.181753381061 ], [ -39.815246459381335, -18.181810198215228 ] ] } },
{ "type": "Feature", "properties": { "Field": "000", "Length": 486.16344614124341, "Image": "/home/ubuntu/bemagro/data/image/Orthomosaico.tif", "Farm": "data" }, "geometry": { "type": "LineString", "coordinates": [ [ -39.819410067376779, -18.17995438994366 ], [ -39.819013311423227, -18.18012766715557 ], [ -39.818979242706668, -18.180143363861319 ], [ -39.818884700934134, -18.180184796168856 ], [ -39.818807969042155, -18.180219960159448 ], [ -39.818730403562284, -18.180253411501621 ], [ -39.818696231307101, -18.180268901261336 ], [ -39.818670140200112, -18.180279537723909 ], [ -39.818610369146853, -18.180306706006295 ], [ -39.818532880996024, -18.180340320784399 ], [ -39.818464351081083, -18.180370923880965 ], [ -39.818421996196243, -18.180390996556628 ], [ -39.818344562280281, -18.180424725415236 ], [ -39.818276138687892, -18.180455545184557 ], [ -39.818206891258157, -18.180484635273245 ], [ -39.818164366172255, -18.18050437648051 ], [ -39.817949693831878, -18.18059894806208 ], [ -39.817778453672901, -18.180675629333859 ], [ -39.81770095266527, -18.180709217399428 ], [ -39.817632576269347, -18.180740132971 ], [ -39.817546419332892, -18.180777358728104 ], [ -39.817427149678821, -18.18083224036128 ], [ -39.817357901546657, -18.180861329279328 ], [ -39.817237623315044, -18.180914161698965 ], [ -39.817109274791726, -18.18097183934567 ], [ -39.817014728336133, -18.181013262916625 ], [ -39.81694645167147, -18.181044379484735 ], [ -39.816602748735718, -18.181195224494658 ], [ -39.816560218995662, -18.181214956914399 ], [ -39.816431177794449, -18.181271205235749 ], [ -39.816319917665126, -18.181321142697513 ], [ -39.816173668840946, -18.181384886543501 ], [ -39.816036505252093, -18.181445881878414 ], [ -39.815951234624706, -18.18148492846495 ], [ -39.815847616712361, -18.181529111713647 ], [ -39.815804951298375, -18.181548574874729 ], [ -39.815761759735004, -18.181566947191712 ], [ -39.815702045597057, -18.181594230553888 ], [ -39.815641610282839, -18.181620022333757 ], [ -39.815513261938698, -18.181677701504942 ], [ -39.815478742402384, -18.181692471620419 ], [ -39.815350546545694, -18.18175045991563 ], [ -39.815238272175741, -18.181798900797283 ] ] } },
{ "type": "Feature", "properties": { "Field": "000", "Length": 486.17734391006007, "Image": "/home/ubuntu/bemagro/data/image/Orthomosaico.tif", "Farm": "data" }, "geometry": { "type": "LineString", "coordinates": [ [ -39.819401729242834, -18.179942230162148 ], [ -39.819101336968984, -18.180073843736341 ], [ -39.818964255974585, -18.180135006146749 ], [ -39.818921079467479, -18.180153409826925 ], [ -39.818827198088037, -18.180196191877357 ], [ -39.818818611125401, -18.180199974557965 ], [ -39.818577792037225, -18.180305089397258 ], [ -39.81840672704967, -18.180382126367128 ], [ -39.818320658519909, -18.180419538022988 ], [ -39.818260962125414, -18.180446855818442 ], [ -39.818157485650474, -18.180491339189881 ], [ -39.817891900204373, -18.180609861223129 ], [ -39.817642900445556, -18.18071960641273 ], [ -39.817582511739353, -18.180745496991474 ], [ -39.817394516780979, -18.180830595825398 ], [ -39.817325454265664, -18.180860083593348 ], [ -39.817145271424486, -18.180939818229671 ], [ -39.817085483901508, -18.18096695384541 ], [ -39.816956616238606, -18.181023564013067 ], [ -39.816879726893987, -18.181058413106314 ], [ -39.816784926253739, -18.181099302403439 ], [ -39.816562066858182, -18.181198483512603 ], [ -39.816373271640998, -18.181281949273288 ], [ -39.816321537922818, -18.181304201216903 ], [ -39.816270333787422, -18.181327545370209 ], [ -39.816192754079871, -18.181360967486473 ], [ -39.815961581131418, -18.181464491993168 ], [ -39.815892619528888, -18.181494196812562 ], [ -39.815712579407425, -18.181574226870659 ], [ -39.815652092241955, -18.181599907211261 ], [ -39.815343797555769, -18.181737810029102 ], [ -39.815230104898433, -18.18178763087624 ] ] } },
{ "type": "Feature", "properties": { "Field": "000", "Length": 486.22270178544335, "Image": "/home/ubuntu/bemagro/data/image/Orthomosaico.tif", "Farm": "data" }, "geometry": { "type": "LineString", "coordinates": [ [ -39.819393999196109, -18.179930957172797 ], [ -39.81915395820598, -18.180036596948252 ], [ -39.819110783307607, -18.180055002594624 ], [ -39.818965166828917, -18.180120053296228 ], [ -39.818921940409027, -18.180138349100854 ], [ -39.818836536936651, -18.180177126915193 ], [ -39.818759330452103, -18.180211328428872 ], [ -39.818630107848151, -18.180267192785237 ], [ -39.818509987136949, -18.180320350707586 ], [ -39.818416028237742, -18.180362976621318 ], [ -39.818312894147681, -18.180408180786607 ], [ -39.818261727448402, -18.180431599044237 ], [ -39.81811542477427, -18.180495227508029 ], [ -39.818064240042403, -18.1805186085545 ], [ -39.817969689081806, -18.180560021931313 ], [ -39.817806939340421, -18.180632722812422 ], [ -39.817738012211713, -18.180662499732623 ], [ -39.817652397429235, -18.180700850916566 ], [ -39.817583223270567, -18.180730099305517 ], [ -39.817574663218245, -18.18073393736746 ], [ -39.817523616030755, -18.180757592682131 ], [ -39.81737811793522, -18.180822886271773 ], [ -39.817300560179518, -18.180856353671821 ], [ -39.81718056275551, -18.180909766311444 ], [ -39.817128868897264, -18.180932101085819 ], [ -39.817051937334433, -18.180966864919039 ], [ -39.817017382460612, -18.18098155719283 ], [ -39.81693163842673, -18.181019644302619 ], [ -39.816863290829026, -18.181050617370104 ], [ -39.816674098229456, -18.181133256564085 ], [ -39.816580011439086, -18.181175624634307 ], [ -39.816493877469668, -18.181212899421737 ], [ -39.816434066336384, -18.181239986776042 ], [ -39.816210760111389, -18.181338245865845 ], [ -39.815962295485065, -18.181449095963117 ], [ -39.815755980455251, -18.181539409492203 ], [ -39.815713278119468, -18.181558798257193 ], [ -39.815661454844154, -18.181580858220311 ], [ -39.815567509034416, -18.181623511819264 ], [ -39.815490018939457, -18.181657123342166 ], [ -39.815387478244965, -18.181703545271663 ], [ -39.815221929938595, -18.181776350352294 ] ] } },
{ "type": "Feature", "properties": { "Field": "000", "Length": 486.25343564447934, "Image": "/home/ubuntu/bemagro/data/image/Orthomosaico.tif", "Farm": "data" }, "geometry": { "type": "LineString", "coordinates": [ [ -39.819385910528936, -18.179919161193098 ], [ -39.819283462614074, -18.179964695787152 ], [ -39.819111443778226, -18.180039766090793 ], [ -39.819000199513056, -18.180089733643694 ], [ -39.818896843730698, -18.180134471700935 ], [ -39.818819973664013, -18.180169358614325 ], [ -39.818674069839055, -18.180233818575008 ], [ -39.818562069897297, -18.180282219028129 ], [ -39.818416790074515, -18.180347953768202 ], [ -39.818356529779685, -18.180374115876155 ], [ -39.818167901573588, -18.180457923920859 ], [ -39.818090401013748, -18.180491512116632 ], [ -39.81791055342957, -18.180571934486313 ], [ -39.817738724886176, -18.180647403397913 ], [ -39.817644552442417, -18.180689597385342 ], [ -39.8175327353919, -18.180738383989588 ], [ -39.81735303488378, -18.180819106754424 ], [ -39.817258293393458, -18.180860120182786 ], [ -39.817120948630688, -18.180920740958456 ], [ -39.816872337230116, -18.181031288612186 ], [ -39.81666615704841, -18.18112188202371 ], [ -39.816572065618452, -18.181164241064476 ], [ -39.816494556132547, -18.181197811547985 ], [ -39.816254528603039, -18.181304570865983 ], [ -39.816211378617382, -18.181323030867361 ], [ -39.815988625834727, -18.181422431288699 ], [ -39.815799806461904, -18.181505847668245 ], [ -39.815679343114077, -18.181558294115661 ], [ -39.8152335879265, -18.181756584763878 ], [ -39.815224954284339, -18.181760265644684 ], [ -39.815213593044334, -18.181764846375149 ] ] } },
{ "type": "Feature", "properties": { "Field": "000", "Length": 486.13989758501026, "Image": "/home/ubuntu/bemagro/data/image/Orthomosaico.tif", "Farm": "data" }, "geometry": { "type": "LineString", "coordinates": [ [ -39.819376651077583, -18.17990820157889 ], [ -39.819265717327156, -18.179957649102775 ], [ -39.81911952631684, -18.180021511361524 ], [ -39.818991052904593, -18.180078932905218 ], [ -39.818922035316604, -18.180108517393922 ], [ -39.81871642999392, -18.180200294178377 ], [ -39.818587369783202, -18.180256500878826 ], [ -39.818407685630767, -18.180337255732287 ], [ -39.818261499584239, -18.180401129076191 ], [ -39.818158802280379, -18.180447232869891 ], [ -39.818081250962621, -18.180480714342966 ], [ -39.817910032365369, -18.180557439254063 ], [ -39.817729625998147, -18.180636710020256 ], [ -39.817575395287527, -18.180705488988526 ], [ -39.817515098094276, -18.180731573693965 ], [ -39.817361058934786, -18.180800743590986 ], [ -39.817249479278871, -18.180850024704689 ], [ -39.817223506307016, -18.18086092220944 ], [ -39.817172250132828, -18.180884161327636 ], [ -39.817120527658027, -18.180906436735103 ], [ -39.816974842032913, -18.180971347353733 ], [ -39.816768645898506, -18.181061907413895 ], [ -39.816562980673375, -18.181153564112925 ], [ -39.816451231370671, -18.181202493255388 ], [ -39.816365690633262, -18.181240995958877 ], [ -39.816210916669249, -18.181308651944533 ], [ -39.816013898646986, -18.181396649580439 ], [ -39.815644554031032, -18.181559092615437 ], [ -39.815284672937317, -18.181719562058987 ], [ -39.815233066872523, -18.181742083511413 ], [ -39.815205263033974, -18.181753351895068 ] ] } },
{ "type": "Feature", "properties": { "Field": "000", "Length": 485.79225989628281, "Image": "/home/ubuntu/bemagro/data/image/Orthomosaico.tif", "Farm": "data" }, "geometry": { "type": "LineString", "coordinates": [ [ -39.819365650846649, -18.179898593793165 ], [ -39.819314285884872, -18.179920424753192 ], [ -39.81900548276775, -18.180057277708595 ], [ -39.818936541177578, -18.180087023704601 ], [ -39.818756582945426, -18.18016721865899 ], [ -39.818610406027936, -18.18023111080052 ], [ -39.818379058539229, -18.180334275196248 ], [ -39.818198682387901, -18.180413608234318 ], [ -39.818121736444169, -18.180448342422459 ], [ -39.817984098786582, -18.18050835231449 ], [ -39.817932978505567, -18.180531863428524 ], [ -39.817847239295723, -18.180569959955104 ], [ -39.817666699894183, -18.180648953545006 ], [ -39.817461254560335, -18.18074105862101 ], [ -39.817083380187505, -18.1809074000419 ], [ -39.816980712088466, -18.180953563902118 ], [ -39.816843074760072, -18.181013575505514 ], [ -39.816526044525425, -18.181154955286718 ], [ -39.816431343821712, -18.181196055848002 ], [ -39.81635438187493, -18.181230758412948 ], [ -39.81618249340967, -18.181306104185381 ], [ -39.815959807449367, -18.181405641288062 ], [ -39.815805193849528, -18.181473631819248 ], [ -39.815744787448779, -18.181499485257824 ], [ -39.815273363730867, -18.18170931417206 ], [ -39.815197004961867, -18.181741956679797 ] ] } },
{ "type": "Feature", "properties": { "Field": "000", "Length": 485.38911435072816, "Image": "/home/ubuntu/bemagro/data/image/Orthomosaico.tif", "Farm": "data" }, "geometry": { "type": "LineString", "coordinates": [ [ -39.819353933834797, -18.179888359957079 ], [ -39.819156930741265, -18.179975220529901 ], [ -39.819105799622612, -18.179998709428922 ], [ -39.819019596676512, -18.18003583513935 ], [ -39.818822494401573, -18.180123657021355 ], [ -39.818641988763304, -18.180202719978638 ], [ -39.818556368617088, -18.18024105991628 ], [ -39.818521808908699, -18.180255741339117 ], [ -39.818290485256298, -18.180358954645278 ], [ -39.818170101545618, -18.180411566227633 ], [ -39.81811895660914, -18.180435026432839 ], [ -39.817972785456483, -18.180498931158148 ], [ -39.817887321689319, -18.180537588026425 ], [ -39.817715327841888, -18.180612712206496 ], [ -39.81764692284554, -18.180643569239873 ], [ -39.81750092812338, -18.180707841537163 ], [ -39.817346919626566, -18.18077707411673 ], [ -39.817269410933541, -18.180810644629148 ], [ -39.817183949045976, -18.180849306606422 ], [ -39.817149391216425, -18.180863992881545 ], [ -39.817063488490689, -18.180901751739029 ], [ -39.816995083629998, -18.18093260893005 ], [ -39.816891793362238, -18.180977486893305 ], [ -39.816797728594615, -18.181019900272883 ], [ -39.816737417874876, -18.181045955617332 ], [ -39.816540388087269, -18.181133928553205 ], [ -39.816419916654603, -18.18118635720116 ], [ -39.816239958587943, -18.181266555068493 ], [ -39.816171021486284, -18.181296310687301 ], [ -39.815965527346442, -18.181388317959929 ], [ -39.815638937735841, -18.181531472495983 ], [ -39.815536451428365, -18.181578004525353 ], [ -39.815476174910501, -18.18160413231552 ], [ -39.815356385701193, -18.181657971436994 ], [ -39.815253284927209, -18.181703246617268 ], [ -39.815236342337123, -18.181711273700014 ], [ -39.815227782693178, -18.181715112702399 ], [ -39.81518942882029, -18.181731502450649 ] ] } },
{ "type": "Feature", "properties": { "Field": "000", "Length": 484.96715557073622, "Image": "/home/ubuntu/bemagro/data/image/Orthomosaico.tif", "Farm": "data" }, "geometry": { "type": "LineString", "coordinates": [ [ -39.819341726659076, -18.179877698001491 ], [ -39.819316117856687, -18.179888603073529 ], [ -39.819187958636448, -18.179946662389884 ], [ -39.819016216289661, -18.180022309125388 ], [ -39.818853618838119, -18.180095319577426 ], [ -39.818587305486176, -18.18021233851837 ], [ -39.818373146856644, -18.180307967548028 ], [ -39.818218318251795, -18.180375507372432 ], [ -39.818124293537174, -18.180418001410857 ], [ -39.817952291687092, -18.180493108581057 ], [ -39.817858340045689, -18.180535750173533 ], [ -39.817677748370926, -18.18061463446724 ], [ -39.817643770565141, -18.180630510401652 ], [ -39.817540478901229, -18.180675385017924 ], [ -39.817154792088587, -18.18084710732299 ], [ -39.81670824377931, -18.181043756667695 ], [ -39.816605746057775, -18.181090265376582 ], [ -39.816416536545589, -18.181172869302042 ], [ -39.816116232567055, -18.181305763284598 ], [ -39.815962126158396, -18.181374797699505 ], [ -39.81568708385506, -18.181495308295094 ], [ -39.81554159999699, -18.181560632253447 ], [ -39.815489873430124, -18.181582899625223 ], [ -39.815404414596266, -18.181621568610552 ], [ -39.81518132346654, -18.181720317966022 ] ] } },
{ "type": "Feature", "properties": { "Field": "000", "Length": 484.57965640582836, "Image": "/home/ubuntu/bemagro/data/image/Orthomosaico.tif", "Farm": "data" }, "geometry": { "type": "LineString", "coordinates": [ [ -39.819330176979889, -18.179867610312641 ], [ -39.81912534056702, -18.179959803014455 ], [ -39.819022151384509, -18.18000489110873 ], [ -39.818971012718215, -18.180028363579677 ], [ -39.818773573085565, -18.180115490325317 ], [ -39.818713798422579, -18.180142650425115 ], [ -39.818567657932903, -18.18020661859634 ], [ -39.818267460675933, -18.180339728938474 ], [ -39.818189827765572, -18.180373035381809 ], [ -39.818113108497244, -18.180408223708614 ], [ -39.818026875388583, -18.180445287423542 ], [ -39.817923877102949, -18.180490773735549 ], [ -39.81782995071049, -18.180533465467558 ], [ -39.817435236988835, -18.18070806412371 ], [ -39.817366301082863, -18.180737822142792 ], [ -39.817109412647604, -18.180852787003825 ], [ -39.816851810385288, -18.180966283572594 ], [ -39.816817190641117, -18.18098083506656 ], [ -39.816757375731108, -18.181007915256494 ], [ -39.816645606083746, -18.181056801162065 ], [ -39.816577391297912, -18.181088041058413 ], [ -39.816362493749089, -18.181182145839287 ], [ -39.816294123422729, -18.18121307329001 ], [ -39.816079337762538, -18.181307411460086 ], [ -39.81583942940275, -18.18141441540044 ], [ -39.815718893073644, -18.181466708342931 ], [ -39.815547534185463, -18.181543148842678 ], [ -39.815479253420449, -18.181574257397422 ], [ -39.815470641985975, -18.181577989061292 ], [ -39.815453242484857, -18.1815850671017 ], [ -39.815401690576927, -18.181607701470746 ], [ -39.815173521154428, -18.181709551643323 ] ] } },
{ "type": "Feature", "properties": { "Field": "000", "Length": 484.19217480923601, "Image": "/home/ubuntu/bemagro/data/image/Orthomosaico.tif", "Farm": "data" }, "geometry": { "type": "LineString", "coordinates": [ [ -39.819318576598405, -18.179857478337599 ], [ -39.819250441487981, -18.179887731443259 ], [ -39.819139516562799, -18.179938343663341 ], [ -39.819053520815565, -18.1799759073659 ], [ -39.818976604938165, -18.180010701259633 ], [ -39.818753401996759, -18.180109170976735 ], [ -39.818676484055864, -18.180143961496174 ], [ -39.818573256706756, -18.180188970355495 ], [ -39.818256003128489, -18.180329888285058 ], [ -39.818204155619647, -18.180351896154583 ], [ -39.818118786362767, -18.180390743789207 ], [ -39.818023870684783, -18.180431387537812 ], [ -39.81801528931549, -18.180435181825633 ], [ -39.817775428315578, -18.180542280230931 ], [ -39.817723645334148, -18.180564426634842 ], [ -39.817715069679636, -18.18056823272422 ], [ -39.817535346308986, -18.180648908599903 ], [ -39.817346094486318, -18.180731422757948 ], [ -39.817114940656985, -18.180834984470341 ], [ -39.817063189489048, -18.180857198065695 ], [ -39.816788558289296, -18.180978560409518 ], [ -39.816711583973202, -18.181013237695446 ], [ -39.816642676668515, -18.181043056982453 ], [ -39.816591555486184, -18.181066566419144 ], [ -39.81658297937679, -18.181070371627779 ], [ -39.816333767253873, -18.181179677064616 ], [ -39.816119620347578, -18.18127533272834 ], [ -39.816067789015761, -18.181297376020321 ], [ -39.816059205219318, -18.181301165385516 ], [ -39.815845047217429, -18.181396798712424 ], [ -39.815698625970256, -18.181460179972291 ], [ -39.815613371366609, -18.1814992582927 ], [ -39.815252947917209, -18.181658611364256 ], [ -39.815165526325728, -18.181698519667403 ] ] } },
{ "type": "Feature", "properties": { "Field": "000", "Length": 483.83171111318302, "Image": "/home/ubuntu/bemagro/data/image/Orthomosaico.tif", "Farm": "data" }, "geometry": { "type": "LineString", "coordinates": [ [ -39.81930712885751, -18.179847479679601 ], [ -39.819204740535568, -18.179893058718964 ], [ -39.819128168329343, -18.179928538997135 ], [ -39.818896409897683, -18.180030856266828 ], [ -39.818836703216625, -18.180058153311339 ], [ -39.818776410258508, -18.180084246428276 ], [ -39.81873374111958, -18.180103701318924 ], [ -39.818579048741732, -18.180171525334124 ], [ -39.818381847162456, -18.18025914363345 ], [ -39.818312920943939, -18.180288922266175 ], [ -39.818270348278674, -18.18030856936706 ], [ -39.818210096493075, -18.180334749473779 ], [ -39.818133116671035, -18.180369414938433 ], [ -39.818021093462377, -18.180417767260469 ], [ -39.817875507554575, -18.180482881066787 ], [ -39.817840938800607, -18.18049754492549 ], [ -39.817772748939333, -18.180528834385584 ], [ -39.81767793197259, -18.180569688522286 ], [ -39.817541165269425, -18.180631491325357 ], [ -39.817300431563943, -18.180736785911741 ], [ -39.817275010581021, -18.180748814023215 ], [ -39.817137930109347, -18.180809978715057 ], [ -39.817060418510678, -18.180843544559711 ], [ -39.816949168411149, -18.180893501818606 ], [ -39.81681151526751, -18.180953480162554 ], [ -39.81670887967293, -18.180999710052834 ], [ -39.81663986833032, -18.18102930870975 ], [ -39.816563063071747, -18.181064326735601 ], [ -39.816511201524001, -18.181086304918836 ], [ -39.816442819496615, -18.181117209419341 ], [ -39.816331044715461, -18.181166085320395 ], [ -39.816151320015038, -18.181246759826664 ], [ -39.816082391947262, -18.181276535545532 ], [ -39.815962501044211, -18.181330166862402 ], [ -39.815927912859067, -18.181344789268401 ], [ -39.81583373265056, -18.181386968685334 ], [ -39.815661792510959, -18.181462206990439 ], [ -39.815584986679191, -18.181497224394064 ], [ -39.815430287131697, -18.181565036292007 ], [ -39.815157051928111, -18.181686825937636 ] ] } },
{ "type": "Feature", "properties": { "Field": "000", "Length": 483.48030038260879, "Image": "/home/ubuntu/bemagro/data/image/Orthomosaico.tif", "Farm": "data" }, "geometry": { "type": "LineString", "coordinates": [ [ -39.819296099863905, -18.179837846761075 ], [ -39.819193457428675, -18.179882898038763 ], [ -39.819108452416309, -18.179922467249558 ], [ -39.819099896598679, -18.179926313841911 ], [ -39.819048240274668, -18.179948727828499 ], [ -39.818988444944843, -18.179975847019961 ], [ -39.818979844836633, -18.179979602292157 ], [ -39.818927901115359, -18.180001401797131 ], [ -39.818919299505325, -18.180005153928153 ], [ -39.818850955509113, -18.180036134290035 ], [ -39.818842347031854, -18.180039872007818 ], [ -39.81880765591044, -18.180054269361744 ], [ -39.81877326929461, -18.18006931829974 ], [ -39.818730784040326, -18.180089135438664 ], [ -39.818627867461011, -18.180134789942247 ], [ -39.818584554268696, -18.180152896521864 ], [ -39.818575952723506, -18.180156648805887 ], [ -39.818516219520774, -18.18018389172925 ], [ -39.818455874837248, -18.180209875545842 ], [ -39.818447303680031, -18.180213690840795 ], [ -39.818370599873234, -18.180248910318845 ], [ -39.818138968035264, -18.180351490181344 ], [ -39.818078688897977, -18.180377611887263 ], [ -39.818018864103593, -18.180404671967537 ], [ -39.817958545008167, -18.180430708878085 ], [ -39.817778670344417, -18.180511075781485 ], [ -39.817658188710162, -18.180563481489603 ], [ -39.817530063802387, -18.180621610415979 ], [ -39.817349384940762, -18.180700311964419 ], [ -39.817143971624006, -18.180792482434832 ], [ -39.817049258574698, -18.180833555412093 ], [ -39.816946700288767, -18.18087994117306 ], [ -39.816809039855798, -18.180939904240763 ], [ -39.816732159765031, -18.180974770633551 ], [ -39.816637491396612, -18.181015938436055 ], [ -39.816552029478643, -18.181054600583032 ], [ -39.816491531610218, -18.181080254893157 ], [ -39.816328799400168, -18.181152992738848 ], [ -39.816182744745518, -18.181217141633677 ], [ -39.816088707700487, -18.181259610984327 ], [ -39.81594247915563, -18.181323397235513 ], [ -39.815762514656683, -18.181403582072864 ], [ -39.815676513951132, -18.181441136664326 ], [ -39.81558241584613, -18.181483482884378 ], [ -39.815453360740229, -18.181539702284855 ], [ -39.815148997963831, -18.181675712357443 ] ] } },
{ "type": "Feature", "properties": { "Field": "000", "Length": 483.14427781638204, "Image": "/home/ubuntu/bemagro/data/image/Orthomosaico.tif", "Farm": "data" }, "geometry": { "type": "LineString", "coordinates": [ [ -39.819285171863456, -18.179828302050048 ], [ -39.819208088971642, -18.17986157879567 ], [ -39.819156679163243, -18.179884505479482 ], [ -39.819080214839929, -18.179920195094844 ], [ -39.819019885701742, -18.179946210384504 ], [ -39.818977352250499, -18.179965933472133 ], [ -39.818916909424367, -18.179991707464261 ], [ -39.818839786950868, -18.180026081720346 ], [ -39.818779385143628, -18.180051941613332 ], [ -39.818728277717341, -18.180075477000202 ], [ -39.818693786711613, -18.180090306798903 ], [ -39.818625326333965, -18.180121051562878 ], [ -39.818616720436459, -18.180124794714338 ], [ -39.818581969994518, -18.180139060803636 ], [ -39.818573339988653, -18.180142752895485 ], [ -39.818513632879444, -18.180170048387964 ], [ -39.818453256936294, -18.18019596460481 ], [ -39.818351105551585, -18.180243162557581 ], [ -39.818204793959467, -18.180306772488454 ], [ -39.817853438042654, -18.180463326605203 ], [ -39.817681556976488, -18.180538685938821 ], [ -39.817536362663255, -18.180604593313006 ], [ -39.817527765371466, -18.180608354544002 ], [ -39.817501724013731, -18.180619100901254 ], [ -39.817407452899992, -18.180661093502586 ], [ -39.817398849960547, -18.180664842922873 ], [ -39.817355579924005, -18.180683044860675 ], [ -39.817252505155373, -18.180728372931366 ], [ -39.817141500991511, -18.180778826352483 ], [ -39.817055468411226, -18.180816313841408 ], [ -39.816969885265536, -18.180854729909989 ], [ -39.816660743990305, -18.180990887373991 ], [ -39.816558149323967, -18.181037199181834 ], [ -39.81649768501709, -18.181062927793125 ], [ -39.816446333594463, -18.18108597450934 ], [ -39.816411796778816, -18.181100705281313 ], [ -39.816283443768747, -18.181158373988143 ], [ -39.816171681340386, -18.181207275496124 ], [ -39.816077699033492, -18.181249855440438 ], [ -39.816017273687457, -18.181275668029798 ], [ -39.815897163270847, -18.18132884879784 ], [ -39.815862586556079, -18.181343494092559 ], [ -39.815742917180636, -18.18139757560748 ], [ -39.81533058251474, -18.181578818147511 ], [ -39.815253788512784, -18.181613858316755 ], [ -39.815202297637285, -18.181636619348172 ], [ -39.815168296856555, -18.18165244785715 ], [ -39.815140681994329, -18.181664237237111 ] ] } },
{ "type": "Feature", "properties": { "Field": "000", "Length": 482.76635234500679, "Image": "/home/ubuntu/bemagro/data/image/Orthomosaico.tif", "Farm": "data" }, "geometry": { "type": "LineString", "coordinates": [ [ -39.815132292527231, -18.181652660696223 ], [ -39.815158292494033, -18.181641574677773 ], [ -39.815294995488202, -18.181579641437601 ], [ -39.815483734311293, -18.181496058461079 ], [ -39.815587139030178, -18.181451421237867 ], [ -39.815826932029211, -18.18134418098623 ], [ -39.815878699661653, -18.181322001148445 ], [ -39.816015889882507, -18.181261060761464 ], [ -39.816084977168906, -18.181231624146875 ], [ -39.816144558302007, -18.181204076670284 ], [ -39.816273400787423, -18.181147413765562 ], [ -39.816367498921217, -18.1811050675899 ], [ -39.81655665786888, -18.181022358083265 ], [ -39.816625002568024, -18.180991378303425 ], [ -39.816685376815379, -18.180965456693208 ], [ -39.816779496459603, -18.180923154433074 ], [ -39.817054350545661, -18.180802254156994 ], [ -39.817182876220052, -18.180744938321489 ], [ -39.817259593493496, -18.180709744705744 ], [ -39.817440543405915, -18.180631613834059 ], [ -39.817688649380052, -18.180520034716508 ], [ -39.817766310374545, -18.180486786197186 ], [ -39.817903067271779, -18.180424963798576 ], [ -39.817989154235953, -18.180387590854266 ], [ -39.81802314314659, -18.18037173678692 ], [ -39.818083342750839, -18.180345447183949 ], [ -39.818134502935045, -18.180322015596904 ], [ -39.818289449275177, -18.180254723032984 ], [ -39.818324212681084, -18.180240485853108 ], [ -39.818366966763477, -18.180221202075717 ], [ -39.818400504804195, -18.180204493848546 ], [ -39.818434727868471, -18.180189106941647 ], [ -39.818563417270717, -18.180132128783622 ], [ -39.81865838151537, -18.180091588902265 ], [ -39.81881252610706, -18.180022634960896 ], [ -39.818855675531715, -18.18000417331741 ], [ -39.818932489215442, -18.179969173071626 ], [ -39.819061542170708, -18.179912951627347 ], [ -39.81911246684102, -18.179889056196433 ], [ -39.819164143445306, -18.179866684268259 ], [ -39.819223855392586, -18.179839397845125 ], [ -39.819273508383141, -18.179818114955854 ] ] } },
{ "type": "Feature", "properties": { "Field": "000", "Length": 482.42821829049274, "Image": "/home/ubuntu/bemagro/data/image/Orthomosaico.tif", "Farm": "data" }, "geometry": { "type": "LineString", "coordinates": [ [ -39.819262774750648, -18.179808740005804 ], [ -39.819168779916005, -18.179850135262253 ], [ -39.819125598599307, -18.179868526473001 ], [ -39.819031644442504, -18.179911161191129 ], [ -39.818945447378745, -18.179948301047446 ], [ -39.81885158131562, -18.179991112071587 ], [ -39.818696892317391, -18.180058942917732 ], [ -39.818594203838494, -18.180105064072485 ], [ -39.818507996937221, -18.180142182109535 ], [ -39.818405161160669, -18.180188002745016 ], [ -39.818396670887012, -18.18019197984157 ], [ -39.818371435112716, -18.180204359070249 ], [ -39.818362949294105, -18.180208344846243 ], [ -39.818337287307081, -18.180219895820382 ], [ -39.818207833590719, -18.180275268496604 ], [ -39.818164828392078, -18.180294035283335 ], [ -39.81813076685166, -18.180309743693158 ], [ -39.818061820673293, -18.180339480255089 ], [ -39.817993671619206, -18.180370848739894 ], [ -39.817933627249005, -18.180397460761913 ], [ -39.817899047096418, -18.180412097482041 ], [ -39.817779522994691, -18.180466470474251 ], [ -39.817658866739876, -18.180518506908872 ], [ -39.817470723677857, -18.180603305852394 ], [ -39.817427496468007, -18.180621598730454 ], [ -39.817290181168538, -18.180682280058907 ], [ -39.817255552218953, -18.180696812854407 ], [ -39.817246952822167, -18.180700569691343 ], [ -39.8171872275597, -18.180727830158823 ], [ -39.817118501164138, -18.18075802781992 ], [ -39.81706735592438, -18.180781488390522 ], [ -39.816930192068, -18.180842482140932 ], [ -39.816809719513117, -18.180894907776796 ], [ -39.816689999098408, -18.180948885454193 ], [ -39.816681388228339, -18.18095261823283 ], [ -39.816620730704145, -18.180977928399372 ], [ -39.816612144546248, -18.180981712829137 ], [ -39.816561066383116, -18.181005307259415 ], [ -39.816449665451046, -18.181054956737167 ], [ -39.816337676301451, -18.181103381203883 ], [ -39.816209322653897, -18.181161048774399 ], [ -39.816157659893825, -18.181183449427536 ], [ -39.816072232027565, -18.181222179095908 ], [ -39.816003219375958, -18.181251774743007 ], [ -39.815840329529351, -18.181324189861705 ], [ -39.815788501041595, -18.18134623753803 ], [ -39.815600275017452, -18.181430870097849 ], [ -39.815411083361553, -18.181513511855332 ], [ -39.815299591499503, -18.181562975001174 ], [ -39.815171490335281, -18.181621153994509 ], [ -39.815124264658863, -18.181641583119927 ] ] } },
{ "type": "Feature", "properties": { "Field": "000", "Length": 482.02628042564203, "Image": "/home/ubuntu/bemagro/data/image/Orthomosaico.tif", "Farm": "data" }, "geometry": { "type": "LineString", "coordinates": [ [ -39.819250921664413, -18.179798387302561 ], [ -39.819173997038057, -18.179833561319494 ], [ -39.819113339780401, -18.179858871146156 ], [ -39.819010635025577, -18.179904959126311 ], [ -39.818976181218041, -18.179919867998414 ], [ -39.81895861980437, -18.179926571447009 ], [ -39.818839373175933, -18.179981497541224 ], [ -39.818770483432154, -18.180011353069485 ], [ -39.818521685635552, -18.180121514104972 ], [ -39.81848705819742, -18.180136050897335 ], [ -39.818281989098246, -18.180228917584305 ], [ -39.818169933543203, -18.180277201214601 ], [ -39.818135850645952, -18.180292869841455 ], [ -39.818032589498664, -18.180337808135857 ], [ -39.817775916528163, -18.180453210640689 ], [ -39.817672350882901, -18.180497504306377 ], [ -39.817552542680346, -18.18055130312186 ], [ -39.817527193308827, -18.180563468555437 ], [ -39.817458557782189, -18.180593854854802 ], [ -39.817260388120772, -18.180679455416641 ], [ -39.816926526467057, -18.180829100036792 ], [ -39.816771700041322, -18.180896645512568 ], [ -39.816668989174296, -18.180942722413135 ], [ -39.8165913480629, -18.180976013835366 ], [ -39.816445995851133, -18.181041604060503 ], [ -39.816368358154953, -18.181074902861848 ], [ -39.81619709957733, -18.181151547638958 ], [ -39.816102563687878, -18.181192993487013 ], [ -39.816077081461259, -18.181204902827432 ], [ -39.815767721115343, -18.181340606357963 ], [ -39.815673853018694, -18.181383416744971 ], [ -39.815364528801645, -18.181519196224524 ], [ -39.81520217293339, -18.181592699354148 ], [ -39.815116173770036, -18.181630418580486 ] ] } },
{ "type": "Feature", "properties": { "Field": "000", "Length": 481.68281082584281, "Image": "/home/ubuntu/bemagro/data/image/Orthomosaico.tif", "Farm": "data" }, "geometry": { "type": "LineString", "coordinates": [ [ -39.819239949148546, -18.179788803703847 ], [ -39.819180811186925, -18.179816108319386 ], [ -39.819120795824006, -18.179842779344515 ], [ -39.819017157206964, -18.179886915938969 ], [ -39.818982856285572, -18.179902142228968 ], [ -39.818974162865885, -18.179905695767513 ], [ -39.818965349401552, -18.179908967992841 ], [ -39.818828941039456, -18.179971488127862 ], [ -39.818759925868974, -18.18000107733998 ], [ -39.818674469891448, -18.180039750287595 ], [ -39.818597212937746, -18.180073847565087 ], [ -39.818493653023928, -18.180118150649015 ], [ -39.818434277726666, -18.180146099256291 ], [ -39.818382548737802, -18.180168360242273 ], [ -39.818245618781582, -18.180229830990591 ], [ -39.81815085579796, -18.180270798828545 ], [ -39.818073876078103, -18.180305464216215 ], [ -39.817987726861311, -18.180342704755109 ], [ -39.817945271015859, -18.18036258141219 ], [ -39.817851226025333, -18.18040503443045 ], [ -39.817842647192137, -18.180408833952637 ], [ -39.817782184485949, -18.180434565925086 ], [ -39.817653282320833, -18.180491103483192 ], [ -39.81747376056375, -18.180572187423635 ], [ -39.817387643920782, -18.180609497884895 ], [ -39.817335695453842, -18.180631286365575 ], [ -39.817293026269191, -18.180650741059502 ], [ -39.817241327210468, -18.180673065790572 ], [ -39.817130211987063, -18.180723296210605 ], [ -39.817018501196117, -18.180772304973015 ], [ -39.816855879538394, -18.180845267740789 ], [ -39.816847294735858, -18.180849054973539 ], [ -39.816778208518492, -18.18087849314448 ], [ -39.816666980349972, -18.180928494969045 ], [ -39.816538036064451, -18.180984945281349 ], [ -39.816435601847139, -18.181031580938498 ], [ -39.816349265362234, -18.181068424695983 ], [ -39.816135148299111, -18.181164141117979 ], [ -39.816092015357128, -18.181182636874279 ], [ -39.816023683868572, -18.181213643273075 ], [ -39.815731434612374, -18.181341650164835 ], [ -39.815722921589199, -18.181345582702853 ], [ -39.815714510040308, -18.181349709926817 ], [ -39.815594696136053, -18.181403498331417 ], [ -39.81549171207503, -18.181449015359917 ], [ -39.815448479584177, -18.181467297542639 ], [ -39.815208875762096, -18.181574923817887 ], [ -39.815108018621899, -18.181619165368385 ] ] } },
{ "type": "Feature", "properties": { "Field": "000", "Length": 481.41912702487531, "Image": "/home/ubuntu/bemagro/data/image/Orthomosaico.tif", "Farm": "data" }, "geometry": { "type": "LineString", "coordinates": [ [ -39.819228154693555, -18.179778502206343 ], [ -39.819202837678574, -18.179789593503674 ], [ -39.819151787232755, -18.179813240962002 ], [ -39.818885328628198, -18.179929956464115 ], [ -39.818825711172728, -18.179957430346171 ], [ -39.818817136404157, -18.179961238192131 ], [ -39.818748169366849, -18.17999092966221 ], [ -39.818576753567577, -18.180067250250509 ], [ -39.818482073822821, -18.180108392966996 ], [ -39.818302316088754, -18.180188997829184 ], [ -39.818121901072892, -18.180268249676342 ], [ -39.818079403621255, -18.180288043302358 ], [ -39.818019444088328, -18.180314829462642 ], [ -39.817976253283064, -18.180333200207492 ], [ -39.817899313852905, -18.18036794722402 ], [ -39.817693163564073, -18.180458601034623 ], [ -39.817641935767504, -18.180481896286164 ], [ -39.817547356435206, -18.180523250336485 ], [ -39.817436080353581, -18.180573154279994 ], [ -39.817315522665382, -18.180625400711719 ], [ -39.81728137461598, -18.18064093672513 ], [ -39.817220949452469, -18.180666748275424 ], [ -39.817058333918396, -18.180739723296668 ], [ -39.816903416392293, -18.180807077162743 ], [ -39.816835221173491, -18.180838354801697 ], [ -39.816526253337443, -18.180974871442917 ], [ -39.816449672130773, -18.181010334396326 ], [ -39.816441094941943, -18.18101413737336 ], [ -39.816346148430661, -18.181054716092447 ], [ -39.816251602693377, -18.181096141294613 ], [ -39.816097712510263, -18.181165614116122 ], [ -39.815840204729014, -18.181279307501722 ], [ -39.815762559004277, -18.181312588084818 ], [ -39.81553153397666, -18.181416413874775 ], [ -39.815419679508828, -18.18146512289923 ], [ -39.815098388849066, -18.181607897934299 ] ] } },
{ "type": "Feature", "properties": { "Field": "000", "Length": 481.3152046538068, "Image": "/home/ubuntu/bemagro/data/image/Orthomosaico.tif", "Farm": "data" }, "geometry": { "type": "LineString", "coordinates": [ [ -39.819217142451599, -18.179767784360422 ], [ -39.819115118546804, -18.17981414599214 ], [ -39.81908054114551, -18.179828788547216 ], [ -39.818969148488357, -18.179878453303463 ], [ -39.818908845814796, -18.179904525649963 ], [ -39.818849335651826, -18.179932210896276 ], [ -39.818840766034121, -18.179936029320004 ], [ -39.818728812819899, -18.17998452894324 ], [ -39.818583187235525, -18.180049560741807 ], [ -39.818488479868563, -18.180090645788887 ], [ -39.818402950778207, -18.180129170211938 ], [ -39.818248247599186, -18.180196971795088 ], [ -39.818179912784203, -18.180227970593684 ], [ -39.818128294601465, -18.180250465334616 ], [ -39.818043281212425, -18.180290018919472 ], [ -39.818034723840434, -18.180293862392826 ], [ -39.817691063297957, -18.180444792366607 ], [ -39.817597006288956, -18.180487221013539 ], [ -39.817527931462593, -18.180516681686605 ], [ -39.817373738061228, -18.180585536859613 ], [ -39.817331186623775, -18.180605225941939 ], [ -39.817305220615793, -18.18061613680069 ], [ -39.81727106687169, -18.180631661056108 ], [ -39.817124606125766, -18.180694957492303 ], [ -39.816901396420079, -18.180793415143643 ], [ -39.816807619112353, -18.180836406001958 ], [ -39.816755833076982, -18.180858545195498 ], [ -39.816687380035063, -18.180889304974283 ], [ -39.816618442557008, -18.180919059314988 ], [ -39.816524238983611, -18.180961190547329 ], [ -39.816430414215262, -18.181004086185581 ], [ -39.816327359052202, -18.181049455411461 ], [ -39.816241005855318, -18.18108626351211 ], [ -39.816104227731188, -18.181148043464646 ], [ -39.815975298557554, -18.181204525729843 ], [ -39.815958297835074, -18.181212440114926 ], [ -39.815940980500976, -18.181219698600739 ], [ -39.815932391633602, -18.181223477445965 ], [ -39.815881257348579, -18.181246961234557 ], [ -39.815777833833195, -18.181291557551798 ], [ -39.815683631271995, -18.181333691004543 ], [ -39.815614745650983, -18.181363556247806 ], [ -39.815537973784252, -18.181398641009189 ], [ -39.815486210487542, -18.181420829263544 ], [ -39.815409286235052, -18.181455607417863 ], [ -39.815088635387426, -18.181597420222314 ] ] } },
{ "type": "Feature", "properties": { "Field": "000", "Length": 481.31688085134169, "Image": "/home/ubuntu/bemagro/data/image/Orthomosaico.tif", "Farm": "data" }, "geometry": { "type": "LineString", "coordinates": [ [ -39.819207684190552, -18.179757747883436 ], [ -39.819113976943292, -18.179799777271008 ], [ -39.819105385985111, -18.179803551610561 ], [ -39.819079281666568, -18.179814157913768 ], [ -39.819036369845882, -18.179833118666309 ], [ -39.818942549431128, -18.179876022444667 ], [ -39.818882208642265, -18.17990201402872 ], [ -39.818822564077692, -18.179929434858614 ], [ -39.818813984654987, -18.179933233094438 ], [ -39.818805228483122, -18.179936642943606 ], [ -39.818701974773944, -18.179981596325437 ], [ -39.81866786769573, -18.179997215974655 ], [ -39.818624751861599, -18.180015747155515 ], [ -39.818410581315305, -18.180111351258024 ], [ -39.818350054696111, -18.180136944576969 ], [ -39.818341459435985, -18.180140709994841 ], [ -39.818247403353716, -18.180183140079926 ], [ -39.818092920899481, -18.180251400014335 ], [ -39.818007765824454, -18.180290673327185 ], [ -39.817707007815798, -18.180422622413129 ], [ -39.81764741744189, -18.180450150271035 ], [ -39.81763884576219, -18.18045396451927 ], [ -39.817492311164735, -18.180517103733067 ], [ -39.817415183465151, -18.180551467567835 ], [ -39.817278564104249, -18.1806135666715 ], [ -39.817209773659329, -18.180643631234414 ], [ -39.817114769064993, -18.180684085168725 ], [ -39.81703746030297, -18.180718075315585 ], [ -39.816806319705051, -18.180821663960174 ], [ -39.816728789991352, -18.180855191200919 ], [ -39.816677557629788, -18.180878477079009 ], [ -39.816617366841172, -18.180904785153075 ], [ -39.816394903132263, -18.181004773953887 ], [ -39.81632616917743, -18.181034956678133 ], [ -39.816248458085745, -18.181068096889103 ], [ -39.816085966019493, -18.181141323588534 ], [ -39.815974206480178, -18.181190231128056 ], [ -39.815871602292347, -18.181236524758589 ], [ -39.815725315314097, -18.181300188004567 ], [ -39.815665521548489, -18.181327310832689 ], [ -39.815613785513676, -18.181349555791723 ], [ -39.815536862523757, -18.18138433734612 ], [ -39.815493752019549, -18.181402881978904 ], [ -39.815416781927723, -18.181437567180748 ], [ -39.815244950061548, -18.181513031242691 ], [ -39.815210963258259, -18.18152888782782 ], [ -39.815079019961892, -18.181587090794633 ] ] } },
{ "type": "Feature", "properties": { "Field": "000", "Length": 481.32886903190013, "Image": "/home/ubuntu/bemagro/data/image/Orthomosaico.tif", "Farm": "data" }, "geometry": { "type": "LineString", "coordinates": [ [ -39.819198416547017, -18.179747913675456 ], [ -39.819078142100373, -18.179799605447407 ], [ -39.818941627641948, -18.179861913781245 ], [ -39.81887291551422, -18.179892140600163 ], [ -39.818830569776345, -18.17991222965404 ], [ -39.818821946605205, -18.179915936283045 ], [ -39.818795884826883, -18.179926636636679 ], [ -39.81870102762354, -18.179967404663884 ], [ -39.818555471053742, -18.180032577334014 ], [ -39.818478111776344, -18.180066461885836 ], [ -39.818384118484786, -18.180109018834862 ], [ -39.818375474515555, -18.180112680958157 ], [ -39.818323302089439, -18.180133975716334 ], [ -39.818314693767057, -18.180137713772687 ], [ -39.817929502268569, -18.180310446299647 ], [ -39.817894952786439, -18.180325150416358 ], [ -39.817688917454326, -18.180416042590078 ], [ -39.817646525397869, -18.180436042712635 ], [ -39.817637948619343, -18.180439846474727 ], [ -39.817499878364387, -18.180498940828539 ], [ -39.817422658288883, -18.180533114814189 ], [ -39.817397260318756, -18.18054518524055 ], [ -39.817286128242955, -18.180595380955538 ], [ -39.817200184486978, -18.180633054130251 ], [ -39.81707941145639, -18.180684844551973 ], [ -39.817036761143633, -18.180704336015271 ], [ -39.816839318827334, -18.18079145898955 ], [ -39.816796693363301, -18.18081100133362 ], [ -39.816736399240604, -18.180837092003564 ], [ -39.816659487206458, -18.180871894818139 ], [ -39.816582045475847, -18.180905607020811 ], [ -39.816376490457074, -18.180997488981451 ], [ -39.816213160902805, -18.181068992875542 ], [ -39.816067806932864, -18.18113457955485 ], [ -39.816007508532586, -18.181160660886757 ], [ -39.815844881936812, -18.18123361442186 ], [ -39.815724271865214, -18.181285751454606 ], [ -39.815647492174648, -18.181320819613529 ], [ -39.815364080979215, -18.181445566603855 ], [ -39.815261555431036, -18.181492019147473 ], [ -39.815069404568185, -18.181576761399384 ] ] } },
{ "type": "Feature", "properties": { "Field": "000", "Length": 481.32429029603412, "Image": "/home/ubuntu/bemagro/data/image/Orthomosaico.tif", "Farm": "data" }, "geometry": { "type": "LineString", "coordinates": [ [ -39.819188655280094, -18.179737555665373 ], [ -39.819143136712832, -18.179757661123837 ], [ -39.81909100401873, -18.179779044346866 ], [ -39.819005171812272, -18.179816948254782 ], [ -39.818920062948521, -18.179856314281349 ], [ -39.818859805576693, -18.179882482325819 ], [ -39.818825803068222, -18.179898309565125 ], [ -39.818679486900464, -18.179961909360447 ], [ -39.818585512292024, -18.180004504078759 ], [ -39.81844802836882, -18.180064834459984 ], [ -39.818379755823628, -18.180095958494309 ], [ -39.818301767829311, -18.180128499794435 ], [ -39.818242074448953, -18.18015582356994 ], [ -39.818181842605824, -18.180182045496835 ], [ -39.818062235351071, -18.180236250833335 ], [ -39.818027706391391, -18.180251000155092 ], [ -39.817925092713587, -18.180297273646296 ], [ -39.81781311892108, -18.18034573038905 ], [ -39.817770654419647, -18.180365590336965 ], [ -39.817692916772664, -18.180398674695684 ], [ -39.817641868609869, -18.180422328533787 ], [ -39.817435205952364, -18.180511910290868 ], [ -39.817384215065452, -18.180535676806471 ], [ -39.817272913290338, -18.180585528397913 ], [ -39.817203952334232, -18.180615233900337 ], [ -39.817144070608627, -18.180642178875761 ], [ -39.817023657273616, -18.180694729066005 ], [ -39.816792320606368, -18.18079791709328 ], [ -39.816706206924678, -18.180835234284029 ], [ -39.81665508103066, -18.180858734512928 ], [ -39.816611834001996, -18.180876986841383 ], [ -39.816560612997911, -18.180900297102013 ], [ -39.816457426514376, -18.180945392658106 ], [ -39.816311971945325, -18.181010775195347 ], [ -39.816277404244332, -18.181025441733336 ], [ -39.816191846724543, -18.181063910234187 ], [ -39.816105761143803, -18.181101286918953 ], [ -39.816054607878691, -18.181124732835386 ], [ -39.815857125693391, -18.181211774297289 ], [ -39.8157717131648, -18.181250536263633 ], [ -39.815702722934823, -18.181280180209882 ], [ -39.815522916311131, -18.181360688101517 ], [ -39.815445369422221, -18.18139418001131 ], [ -39.815274312568405, -18.181471235987082 ], [ -39.815059651861361, -18.181566284492892 ] ] } },
{ "type": "Feature", "properties": { "Field": "000", "Length": 481.33791264587359, "Image": "/home/ubuntu/bemagro/data/image/Orthomosaico.tif", "Farm": "data" }, "geometry": { "type": "LineString", "coordinates": [ [ -39.815049643001409, -18.181555532410417 ], [ -39.815273199498641, -18.181456760832123 ], [ -39.815358447821367, -18.181417669777726 ], [ -39.815452682463309, -18.181375601527186 ], [ -39.815547475537656, -18.181334695706191 ], [ -39.815624231005792, -18.181299577680466 ], [ -39.815813484667736, -18.181217065918055 ], [ -39.815855919383132, -18.181197147500715 ], [ -39.815950446754151, -18.181155683936456 ], [ -39.815975947816035, -18.181143811618899 ], [ -39.816019183167668, -18.181125533945096 ], [ -39.816078963191529, -18.18109838308288 ], [ -39.816190868263575, -18.181049780406685 ], [ -39.816447741633326, -18.180934784027816 ], [ -39.816559651437785, -18.180886191586509 ], [ -39.81661075337388, -18.180862643864295 ], [ -39.816662605796651, -18.180840646096275 ], [ -39.816731045358203, -18.180809858427551 ], [ -39.816774294399352, -18.180791610595158 ], [ -39.816816901007762, -18.180772030521808 ], [ -39.816920222604807, -18.180727218794498 ], [ -39.816996905796742, -18.180691957408293 ], [ -39.817091709136804, -18.180651074176442 ], [ -39.817177193452515, -18.180612457742804 ], [ -39.817263328957154, -18.180575186921338 ], [ -39.817305844231491, -18.180555426428395 ], [ -39.817374761040341, -18.180525627650635 ], [ -39.817433992143748, -18.180497399582219 ], [ -39.817554979441638, -18.180446068348765 ], [ -39.817632335130568, -18.18041217587874 ], [ -39.817700345950101, -18.18038053255432 ], [ -39.817743765432063, -18.180362658633339 ], [ -39.817846349624709, -18.180316325421192 ], [ -39.81789824045191, -18.180294410984999 ], [ -39.817940853892097, -18.180274844739497 ], [ -39.818241110832886, -18.180141857654011 ], [ -39.818283617968532, -18.180122081456961 ], [ -39.818378792777324, -18.180081995353238 ], [ -39.818464042468364, -18.180042908521312 ], [ -39.818558664646737, -18.180001644417796 ], [ -39.81865261783598, -18.179959006572847 ], [ -39.818798862224661, -18.179895256128965 ], [ -39.819072810252763, -18.179772494962254 ], [ -39.819159268189061, -18.179735913540572 ], [ -39.819178925027302, -18.179727230563653 ] ] } },
{ "type": "Feature", "properties": { "Field": "000", "Length": 481.42593642343951, "Image": "/home/ubuntu/bemagro/data/image/Orthomosaico.tif", "Farm": "data" }, "geometry": { "type": "LineString", "coordinates": [ [ -39.815039835094829, -18.181544996201534 ], [ -39.815159659344744, -18.181490771209116 ], [ -39.815339876442231, -18.181411105999793 ], [ -39.815390969303785, -18.181387539889087 ], [ -39.815493816477307, -18.181341741069083 ], [ -39.815537098108514, -18.181323563621767 ], [ -39.815614154900537, -18.181289053761539 ], [ -39.815717519539099, -18.18124433213768 ], [ -39.815760043842822, -18.181224589052587 ], [ -39.815811701836978, -18.181202176965449 ], [ -39.815880099544984, -18.181171304108766 ], [ -39.815923252725987, -18.181152849881798 ], [ -39.815965800109204, -18.18113315231335 ], [ -39.816198069978007, -18.181031896734591 ], [ -39.816343692998529, -18.180966857658863 ], [ -39.816403336520473, -18.180939434027554 ], [ -39.816549696126756, -18.180875923766866 ], [ -39.816600835432602, -18.180852450219305 ], [ -39.816729453442271, -18.18079532384769 ], [ -39.816772599362849, -18.180776854269464 ], [ -39.816866731041785, -18.180734576710883 ], [ -39.816927037269991, -18.180708511043704 ], [ -39.817003991433026, -18.180673793198238 ], [ -39.817098810346735, -18.180632943020004 ], [ -39.817192688115611, -18.180590152936801 ], [ -39.817261631190242, -18.18056040956915 ], [ -39.817355959773082, -18.180518535183403 ], [ -39.817406974762314, -18.180494816079317 ], [ -39.817493236037151, -18.180457812065555 ], [ -39.817673085090277, -18.180377392931621 ], [ -39.817759475573993, -18.180340665591284 ], [ -39.817810497767255, -18.180316960724639 ], [ -39.817999722199751, -18.180234390126337 ], [ -39.818093759568093, -18.180191921881317 ], [ -39.818256968464887, -18.180120168623304 ], [ -39.818273866045814, -18.180112054798286 ], [ -39.818360095138942, -18.180074982780486 ], [ -39.81844549662933, -18.180036199887763 ], [ -39.818557216515735, -18.17998721107103 ], [ -39.818642695338539, -18.179948584234452 ], [ -39.818711356190342, -18.179918250836316 ], [ -39.818789022928748, -18.179885015269605 ], [ -39.818831555148599, -18.179865288476559 ], [ -39.818900370954822, -18.179835277713263 ], [ -39.818977166629601, -18.179800241556777 ], [ -39.819106407798174, -18.179744416963622 ], [ -39.819159087543021, -18.179724296338186 ], [ -39.819171141879302, -18.179718971599694 ] ] } },
{ "type": "Feature", "properties": { "Field": "000", "Length": 481.50926851091378, "Image": "/home/ubuntu/bemagro/data/image/Orthomosaico.tif", "Farm": "data" }, "geometry": { "type": "LineString", "coordinates": [ [ -39.819162597801004, -18.179709905185316 ], [ -39.819154297967948, -18.179713110960854 ], [ -39.819127608772114, -18.179722291808744 ], [ -39.819118787878502, -18.179725545662492 ], [ -39.81910130811719, -18.179732441295378 ], [ -39.819092625311221, -18.179736018442522 ], [ -39.818971902271215, -18.179787913893229 ], [ -39.818894986299512, -18.179822707149963 ], [ -39.818834844378195, -18.179849115347423 ], [ -39.818775240205127, -18.179876616269073 ], [ -39.818766656909446, -18.17988040650976 ], [ -39.818706151295906, -18.179906044821063 ], [ -39.818629046974941, -18.179940456194167 ], [ -39.818594516473794, -18.179955199939972 ], [ -39.818551832932734, -18.179974625921183 ], [ -39.818500140827481, -18.179996963705715 ], [ -39.818431641279133, -18.180027628583847 ], [ -39.818363371742286, -18.180058757760705 ], [ -39.818182766766611, -18.180137613033551 ], [ -39.818071302779913, -18.180187131811582 ], [ -39.818011574227953, -18.180214384455077 ], [ -39.817822511702637, -18.180297293193291 ], [ -39.817736997531675, -18.180335848568212 ], [ -39.81772839901501, -18.18033960720846 ], [ -39.817633287006124, -18.180379829700126 ], [ -39.817624693802145, -18.180383599429039 ], [ -39.817479543766382, -18.180449596384896 ], [ -39.817470947542525, -18.180453359825009 ], [ -39.817410429931918, -18.180478972262492 ], [ -39.817290678713547, -18.180532886862121 ], [ -39.817204528775648, -18.180570125600305 ], [ -39.817084966736033, -18.18062442259097 ], [ -39.81699006118334, -18.18066508596252 ], [ -39.816913139767117, -18.180699869333104 ], [ -39.816827048537704, -18.180737232623322 ], [ -39.816775872263761, -18.180760632384917 ], [ -39.816715691921878, -18.180786961552272 ], [ -39.816595921248883, -18.18084083712516 ], [ -39.81650109763693, -18.180881676687356 ], [ -39.816372322190126, -18.180938478241735 ], [ -39.816321235477538, -18.18096205547155 ], [ -39.816269586017874, -18.180984483165421 ], [ -39.816175536514287, -18.181026927810191 ], [ -39.816089209160829, -18.181063789876816 ], [ -39.816003332431706, -18.181101602976906 ], [ -39.815935013412656, -18.181132634221257 ], [ -39.815891894200462, -18.181151158563601 ], [ -39.815832103633383, -18.181178288273333 ], [ -39.815771961434145, -18.181204697908246 ], [ -39.815703718298245, -18.181235880185575 ], [ -39.815454154048986, -18.18134444931918 ], [ -39.815265887625955, -18.181428999770148 ], [ -39.815188425629501, -18.18146266996165 ], [ -39.815029540122147, -18.181533936756693 ] ] } },
{ "type": "Feature", "properties": { "Field": "000", "Length": 481.45241534336833, "Image": "/home/ubuntu/bemagro/data/image/Orthomosaico.tif", "Farm": "data" }, "geometry": { "type": "LineString", "coordinates": [ [ -39.819151755896328, -18.179698400466634 ], [ -39.819143451613776, -18.179701595022767 ], [ -39.819134528185565, -18.179704582530714 ], [ -39.819125677037768, -18.179707760429629 ], [ -39.819090578247803, -18.179721224611406 ], [ -39.819081890014431, -18.179724789689665 ], [ -39.818944323371042, -18.179784947043249 ], [ -39.818739005847299, -18.179877309658583 ], [ -39.818687206880774, -18.17989941978929 ], [ -39.818532960755455, -18.179968165774184 ], [ -39.81843827028753, -18.180009286223459 ], [ -39.818352977790155, -18.180048286044016 ], [ -39.818215576911477, -18.180108789122873 ], [ -39.818155176198488, -18.180134652676038 ], [ -39.81786394935471, -18.18026476712992 ], [ -39.817786446345636, -18.18029835022541 ], [ -39.817735184153676, -18.180321575530776 ], [ -39.817666231286104, -18.180351297944156 ], [ -39.817632015372631, -18.180366698759716 ], [ -39.817597442739689, -18.180381350787044 ], [ -39.81748650787322, -18.180431943254085 ], [ -39.817202883575455, -18.180556243666999 ], [ -39.817091751562309, -18.180606439787155 ], [ -39.817005445909018, -18.180643347208544 ], [ -39.816902734268616, -18.180689422217995 ], [ -39.816833813310069, -18.180719211097951 ], [ -39.816765442450027, -18.180750137660791 ], [ -39.816610935204764, -18.180818347500733 ], [ -39.816559744109156, -18.180841717247588 ], [ -39.816551161145306, -18.18084550828161 ], [ -39.816482102800286, -18.180875005916008 ], [ -39.816173528505352, -18.181012333597536 ], [ -39.816078758823053, -18.181053288059321 ], [ -39.815915637840583, -18.181125225861813 ], [ -39.815752918202705, -18.181197989460955 ], [ -39.815710399955002, -18.18121774246686 ], [ -39.815478117497662, -18.181318972000792 ], [ -39.815255404593252, -18.181418454141809 ], [ -39.815117936692239, -18.181478820314631 ], [ -39.815019567116593, -18.18152322318533 ] ] } },
{ "type": "Feature", "properties": { "Field": "000", "Length": 481.4225659427064, "Image": "/home/ubuntu/bemagro/data/image/Orthomosaico.tif", "Farm": "data" }, "geometry": { "type": "LineString", "coordinates": [ [ -39.819141252339278, -18.179687254778184 ], [ -39.819089035556381, -18.179707185139847 ], [ -39.819080353995531, -18.179710765045638 ], [ -39.818917099273705, -18.179782422213023 ], [ -39.818831320108103, -18.179820435681044 ], [ -39.818737382081991, -18.179863103155061 ], [ -39.81857410814834, -18.179934720685829 ], [ -39.81849713698621, -18.179969402397806 ], [ -39.818410990527859, -18.180006649463557 ], [ -39.818351333763161, -18.18003404418965 ], [ -39.818067904056846, -18.180158748014524 ], [ -39.817888189922236, -18.180239441667389 ], [ -39.817784809534928, -18.180284128238075 ], [ -39.817707837553932, -18.180318808641672 ], [ -39.817578883537728, -18.180375237642817 ], [ -39.817381963474965, -18.180463433136669 ], [ -39.817330376986583, -18.180485994542554 ], [ -39.817304315527352, -18.180496696186875 ], [ -39.817295747291269, -18.180500517494838 ], [ -39.817278770671422, -18.180508477500005 ], [ -39.817132663351437, -18.180572515653978 ], [ -39.81706434230491, -18.180603541029249 ], [ -39.816995365037933, -18.1806332119329 ], [ -39.816909765868196, -18.180671594715886 ], [ -39.816823674262778, -18.180708957887816 ], [ -39.816772462738754, -18.180732285498294 ], [ -39.81668647896079, -18.180769874932889 ], [ -39.816566698981575, -18.180823731577927 ], [ -39.816471868584784, -18.180864556242408 ], [ -39.816326387989633, -18.18092988571529 ], [ -39.81621456225794, -18.180978654514735 ], [ -39.816146190828945, -18.181009579941914 ], [ -39.816085880570867, -18.181035634951002 ], [ -39.816034680640826, -18.181058986199798 ], [ -39.815914042756056, -18.181111064394411 ], [ -39.815828665969242, -18.181149897274032 ], [ -39.815751307885769, -18.181183785027699 ], [ -39.815691586440352, -18.181211052907912 ], [ -39.815657011777262, -18.181225701457649 ], [ -39.815588520943628, -18.181256385197578 ], [ -39.815510934895094, -18.181289792777235 ], [ -39.815416770410849, -18.181332004232782 ], [ -39.815356434384299, -18.181358006340986 ], [ -39.815150769547309, -18.181449664717626 ], [ -39.815116239167885, -18.181464409894883 ], [ -39.815009502777784, -18.181512411496652 ] ] } },
{ "type": "Feature", "properties": { "Field": "000", "Length": 481.33411312561242, "Image": "/home/ubuntu/bemagro/data/image/Orthomosaico.tif", "Farm": "data" }, "geometry": { "type": "LineString", "coordinates": [ [ -39.819129506762955, -18.179674791137597 ], [ -39.819077906600995, -18.179696150729889 ], [ -39.819069303372352, -18.179699899436649 ], [ -39.818983736495689, -18.179738347474856 ], [ -39.818837541339256, -18.179802200548068 ], [ -39.818657815225684, -18.179882868963603 ], [ -39.818588818733268, -18.179912497340737 ], [ -39.818382902791406, -18.180003635301656 ], [ -39.818348938988336, -18.180019536297824 ], [ -39.818306084850875, -18.180038616067929 ], [ -39.817945329895565, -18.180197275604076 ], [ -39.8176455749743, -18.180331293646642 ], [ -39.817550843901955, -18.180372329056787 ], [ -39.817473996353314, -18.18040726121993 ], [ -39.817413719675862, -18.180433388507566 ], [ -39.817345280065588, -18.180464175463015 ], [ -39.817259076965556, -18.180501301605211 ], [ -39.817173492623226, -18.180539714817005 ], [ -39.816735707282277, -18.180732944547835 ], [ -39.816572990750757, -18.180805713716182 ], [ -39.816495291965282, -18.180838881358923 ], [ -39.816358541211393, -18.180900715665569 ], [ -39.816117981542355, -18.181006374167549 ], [ -39.816041232210075, -18.181041503826776 ], [ -39.815903295101236, -18.18110088149762 ], [ -39.815680764318365, -18.181200734692865 ], [ -39.815620365351592, -18.181226603380924 ], [ -39.815577644480513, -18.181245953884996 ], [ -39.814999255112546, -18.181501402866243 ] ] } },
{ "type": "Feature", "properties": { "Field": "000", "Length": 481.33745045800697, "Image": "/home/ubuntu/bemagro/data/image/Orthomosaico.tif", "Farm": "data" }, "geometry": { "type": "LineString", "coordinates": [ [ -39.819119829174213, -18.179664521908794 ], [ -39.819085537827917, -18.179678600130419 ], [ -39.819076909002796, -18.179682294692181 ], [ -39.818879261801051, -18.179768989555914 ], [ -39.818630957292235, -18.179880162038515 ], [ -39.818579063721771, -18.179902068318878 ], [ -39.818407429015153, -18.179977937906354 ], [ -39.818304771996246, -18.180024123072922 ], [ -39.818175844498271, -18.180080607013405 ], [ -39.818107496485339, -18.180111579125956 ], [ -39.818064356401642, -18.180130060137554 ], [ -39.818004487699184, -18.180157029255579 ], [ -39.817926884866253, -18.180190401324381 ], [ -39.817875742921892, -18.180213867335127 ], [ -39.817789859023563, -18.180251664606466 ], [ -39.817764397249015, -18.180263612822692 ], [ -39.817755848702795, -18.180267474196746 ], [ -39.817669931790434, -18.180305202915243 ], [ -39.817635838668799, -18.180320850856148 ], [ -39.817575458212417, -18.180346756766308 ], [ -39.817344098293376, -18.1804498961436 ], [ -39.817232187175811, -18.180498485089473 ], [ -39.817163786848909, -18.180529351395741 ], [ -39.817034952855387, -18.180586030938247 ], [ -39.816992321348835, -18.180605561061977 ], [ -39.816949239345554, -18.180624165027716 ], [ -39.816812133096164, -18.180685276759373 ], [ -39.816691605792911, -18.180737586878255 ], [ -39.816563242521724, -18.180795234306395 ], [ -39.816485592996472, -18.180828507198825 ], [ -39.816434444132192, -18.180851960764645 ], [ -39.816408587685522, -18.180863106215057 ], [ -39.816348867601647, -18.180890377181953 ], [ -39.816297190981622, -18.180912749232576 ], [ -39.816254540846032, -18.180932242008854 ], [ -39.816108209857028, -18.180995812000404 ], [ -39.816040159070688, -18.181027376543422 ], [ -39.816031583728936, -18.181031183328731 ], [ -39.815876473630212, -18.181098131979308 ], [ -39.81583388075169, -18.181117738748309 ], [ -39.81573087510386, -18.181163210294834 ], [ -39.815679698504859, -18.181186608151634 ], [ -39.815481933539075, -18.181273061115668 ], [ -39.814989490164933, -18.181490912796963 ] ] } },
{ "type": "Feature", "properties": { "Field": "000", "Length": 481.27830997158333, "Image": "/home/ubuntu/bemagro/data/image/Orthomosaico.tif", "Farm": "data" }, "geometry": { "type": "LineString", "coordinates": [ [ -39.819109126896429, -18.179653165344483 ], [ -39.819023475802098, -18.179690308357397 ], [ -39.818869324706689, -18.179759248268656 ], [ -39.818800420027983, -18.179789071933342 ], [ -39.818740677346447, -18.179816296415506 ], [ -39.818671729159412, -18.179846027763407 ], [ -39.818611910228782, -18.179873098915209 ], [ -39.818577336663715, -18.179887750612956 ], [ -39.818439933296823, -18.179948248252053 ], [ -39.818200109509476, -18.180055421323846 ], [ -39.817942449891845, -18.180168796256424 ], [ -39.817780015331188, -18.180242137506134 ], [ -39.817565113008392, -18.180336229866473 ], [ -39.817496796060823, -18.180367264786668 ], [ -39.81743654269804, -18.180393440450501 ], [ -39.817333878809315, -18.180439612274569 ], [ -39.817196182721887, -18.180499499031011 ], [ -39.816922085420693, -18.18062195802775 ], [ -39.816672775202747, -18.180731057447485 ], [ -39.816578702874864, -18.180773455424976 ], [ -39.816475425675534, -18.180818360471338 ], [ -39.816321462095729, -18.180887684350367 ], [ -39.816261175061513, -18.180913790488095 ], [ -39.816149904989281, -18.180963707039695 ], [ -39.816098136839948, -18.180985885214099 ], [ -39.816029735926016, -18.181016751020803 ], [ -39.815969313713182, -18.181042568615979 ], [ -39.81566077699393, -18.181179974105785 ], [ -39.815488789448835, -18.181255112938253 ], [ -39.815428958931825, -18.181282161363455 ], [ -39.815179817037823, -18.181391613762425 ], [ -39.815077101127628, -18.181437681002485 ], [ -39.81500813631974, -18.181467378859782 ], [ -39.814979788629884, -18.181480490847335 ] ] } },
{ "type": "Feature", "properties": { "Field": "000", "Length": 481.27529190275783, "Image": "/home/ubuntu/bemagro/data/image/Orthomosaico.tif", "Farm": "data" }, "geometry": { "type": "LineString", "coordinates": [ [ -39.819099413714468, -18.17964285834277 ], [ -39.819054112211013, -18.179662401135953 ], [ -39.819002929025707, -18.179685786396416 ], [ -39.818942550184161, -18.179711697230328 ], [ -39.818857143331229, -18.179750469010752 ], [ -39.818667946122218, -18.179833095425092 ], [ -39.81860813252446, -18.17986017771765 ], [ -39.81840183627402, -18.179950526321626 ], [ -39.818299160761853, -18.179996673944117 ], [ -39.818264564771866, -18.180011278940214 ], [ -39.818127882788538, -18.18007325186084 ], [ -39.818041656149006, -18.180110329149706 ], [ -39.818016243045619, -18.180122372352798 ], [ -39.817990220743596, -18.180133161682058 ], [ -39.817793395357157, -18.180221549463187 ], [ -39.817552673857108, -18.180326868539129 ], [ -39.817493022824387, -18.180354276840561 ], [ -39.817441278817732, -18.180376506348797 ], [ -39.817313046517924, -18.180434418899537 ], [ -39.817175238522069, -18.180494070713298 ], [ -39.817124027668669, -18.180517401102506 ], [ -39.817020888654291, -18.180562595265791 ], [ -39.816926950958234, -18.180605265042807 ], [ -39.816832274587789, -18.180646416209861 ], [ -39.816798203590345, -18.180662108631246 ], [ -39.816668920748533, -18.180717846803383 ], [ -39.816557856650007, -18.180768180660056 ], [ -39.816488931656401, -18.180797962502542 ], [ -39.816429217684416, -18.180825245651427 ], [ -39.816257452329367, -18.180900846689948 ], [ -39.816120504400786, -18.180962282400735 ], [ -39.81608586134233, -18.180976785559206 ], [ -39.815982774897357, -18.181022089793796 ], [ -39.815957317909884, -18.181034048302102 ], [ -39.815897044864265, -18.181060184296481 ], [ -39.815837334310004, -18.181087474474651 ], [ -39.815802624522419, -18.18110183118154 ], [ -39.815717086382641, -18.181140339137084 ], [ -39.815485036931427, -18.181242055779581 ], [ -39.815399572661676, -18.181280713452814 ], [ -39.81531336325498, -18.181317828727842 ], [ -39.815227896909732, -18.181356482291221 ], [ -39.814970203596566, -18.181470194048813 ] ] } },
{ "type": "Feature", "properties": { "Field": "000", "Length": 481.29283464426061, "Image": "/home/ubuntu/bemagro/data/image/Orthomosaico.tif", "Farm": "data" }, "geometry": { "type": "LineString", "coordinates": [ [ -39.814960540095392, -18.181459812953818 ], [ -39.814994421332095, -18.181444227561943 ], [ -39.815063422953095, -18.181414607708152 ], [ -39.81526880817276, -18.181322378346909 ], [ -39.815389357051799, -18.181270111846334 ], [ -39.815500587323605, -18.181220113665724 ], [ -39.815706829360103, -18.181129648625642 ], [ -39.815775103707139, -18.181098527326469 ], [ -39.815843982404459, -18.181068647515968 ], [ -39.816041048888394, -18.180980749790482 ], [ -39.816170160140807, -18.180924648965956 ], [ -39.816247139088432, -18.180889981129823 ], [ -39.816298904545718, -18.180867796977122 ], [ -39.816375800715655, -18.180832961780904 ], [ -39.816419032422552, -18.180814676437606 ], [ -39.816478589066037, -18.180787080946271 ], [ -39.816582010088503, -18.180742479216899 ], [ -39.816701437966628, -18.180687912992447 ], [ -39.81678786390021, -18.180651261455203 ], [ -39.817242251233282, -18.180449286944576 ], [ -39.817328512095358, -18.180412282092352 ], [ -39.817422580374597, -18.180369876239126 ], [ -39.817465767504913, -18.180351495135497 ], [ -39.817551070836231, -18.180312515099089 ], [ -39.817585636191254, -18.180297843874065 ], [ -39.817679782270758, -18.180255596181752 ], [ -39.817800426939669, -18.18020353373597 ], [ -39.81790295650751, -18.180157090336184 ], [ -39.81798905336143, -18.180119738468072 ], [ -39.818065920498185, -18.180084845461554 ], [ -39.818254750172599, -18.180001453790091 ], [ -39.818340239305385, -18.17996284778663 ], [ -39.81843491915226, -18.179921704788043 ], [ -39.818640672858876, -18.17983023288615 ], [ -39.818709752796266, -18.179800781819697 ], [ -39.818752434193151, -18.179781351644813 ], [ -39.818838497557635, -18.179743929749147 ], [ -39.818975240663448, -18.179682080762102 ], [ -39.819090270009866, -18.179633155632068 ] ] } },
{ "type": "Feature", "properties": { "Field": "000", "Length": 481.34287365663096, "Image": "/home/ubuntu/bemagro/data/image/Orthomosaico.tif", "Farm": "data" }, "geometry": { "type": "LineString", "coordinates": [ [ -39.819081451125982, -18.179623797598701 ], [ -39.818968942257818, -18.179669908241699 ], [ -39.81885789357019, -18.179720271576613 ], [ -39.818754626692836, -18.179765196889662 ], [ -39.818703503854863, -18.179788702298705 ], [ -39.818625958018906, -18.17982219474781 ], [ -39.818488987202187, -18.179883581879398 ], [ -39.81833410933541, -18.179951017547378 ], [ -39.818223004640892, -18.180001268399401 ], [ -39.81821442408188, -18.180005064316898 ], [ -39.818197034886239, -18.180012165758697 ], [ -39.818128616165914, -18.180042994592537 ], [ -39.818111260352957, -18.180050170413701 ], [ -39.818017084842083, -18.180092357901341 ], [ -39.818008506343475, -18.180096158081504 ], [ -39.817982590916614, -18.180107179739245 ], [ -39.81788003710821, -18.180153574132738 ], [ -39.817785596553563, -18.180195216887078 ], [ -39.817776991119253, -18.180198961023144 ], [ -39.817750965613037, -18.180209743058025 ], [ -39.817690967538837, -18.180236450092817 ], [ -39.817647789449182, -18.180254850440434 ], [ -39.817468030602875, -18.18033545331382 ], [ -39.817416298793489, -18.180357708600734 ], [ -39.817288041232338, -18.180415569794746 ], [ -39.817236230617986, -18.180437657052028 ], [ -39.81688462815162, -18.180593705339408 ], [ -39.816876034451369, -18.18059747406409 ], [ -39.81683275443735, -18.180615653812293 ], [ -39.81680732569496, -18.180627666781792 ], [ -39.816764435450175, -18.180646672621265 ], [ -39.816669692084702, -18.18068768199673 ], [ -39.816584295301311, -18.180726474981931 ], [ -39.816481022748142, -18.180771389790987 ], [ -39.816421308036936, -18.180798671322698 ], [ -39.816335309134779, -18.180836229375988 ], [ -39.816301259255326, -18.180851963551355 ], [ -39.816077747033376, -18.180949792764697 ], [ -39.816069169386296, -18.180953594796122 ], [ -39.816026639549357, -18.180973326556071 ], [ -39.815966248687708, -18.180999211886725 ], [ -39.815949355316597, -18.181007333829847 ], [ -39.815846415770473, -18.181052942268963 ], [ -39.815837822671838, -18.181056712298552 ], [ -39.815794591622748, -18.181074999031981 ], [ -39.815700608697028, -18.181117578098931 ], [ -39.81566607112385, -18.181132309285708 ], [ -39.815563280573912, -18.181178223880266 ], [ -39.815245474819115, -18.181318004647782 ], [ -39.815048525676474, -18.181406143204363 ], [ -39.814979589766061, -18.181435900874085 ], [ -39.814950647606715, -18.18144918586529 ] ] } },
{ "type": "Feature", "properties": { "Field": "000", "Length": 481.2851153305275, "Image": "/home/ubuntu/bemagro/data/image/Orthomosaico.tif", "Farm": "data" }, "geometry": { "type": "LineString", "coordinates": [ [ -39.819070474430021, -18.179612149831684 ], [ -39.81899269015431, -18.17964393728478 ], [ -39.818984106785308, -18.179647727353046 ], [ -39.818907349326935, -18.179682838467599 ], [ -39.818761189738254, -18.179746765984643 ], [ -39.818692805007139, -18.179777663728675 ], [ -39.818623881989119, -18.179807447696113 ], [ -39.818435440398602, -18.179891637166229 ], [ -39.818340675306985, -18.179932599194331 ], [ -39.818135305177094, -18.180024855616505 ], [ -39.818040514563748, -18.180065764771488 ], [ -39.8179204209126, -18.180118978147124 ], [ -39.817886497501753, -18.180134957753186 ], [ -39.817835154081294, -18.18015802016226 ], [ -39.817740347448591, -18.18019889554143 ], [ -39.817628717801568, -18.18024807220182 ], [ -39.817457717745341, -18.180325240710456 ], [ -39.81739735482661, -18.180351185512098 ], [ -39.817286109351294, -18.1804011511719 ], [ -39.81719113770432, -18.180441675157901 ], [ -39.817140008374238, -18.180465167360943 ], [ -39.817079818069715, -18.180491476019203 ], [ -39.817045747782352, -18.180507169290369 ], [ -39.816976724686597, -18.180536741488865 ], [ -39.816925671572726, -18.180560384554887 ], [ -39.81691707214592, -18.180564141319955 ], [ -39.816839236037339, -18.180597013705764 ], [ -39.816779597969422, -18.180624446755346 ], [ -39.81668482412023, -18.180665390549869 ], [ -39.816522233491554, -18.180738416302731 ], [ -39.816393287167813, -18.180794862223149 ], [ -39.81630784570217, -18.180833565229818 ], [ -39.816247440384458, -18.18085941995944 ], [ -39.81616174524023, -18.180897607058771 ], [ -39.816084060006858, -18.180930803945444 ], [ -39.815990198377342, -18.180973625699092 ], [ -39.815844532863082, -18.181038577827447 ], [ -39.81578421817612, -18.181064625731398 ], [ -39.815690120387607, -18.181106972281594 ], [ -39.815535308634153, -18.181174548911166 ], [ -39.815449747969474, -18.181213010595741 ], [ -39.815277846974411, -18.181288330313908 ], [ -39.815149496450744, -18.181346004473053 ], [ -39.815089162372587, -18.181372010342979 ], [ -39.814940744219314, -18.181438547066847 ] ] } },
{ "type": "Feature", "properties": { "Field": "000", "Length": 481.23371574728372, "Image": "/home/ubuntu/bemagro/data/image/Orthomosaico.tif", "Farm": "data" }, "geometry": { "type": "LineString", "coordinates": [ [ -39.819059903815734, -18.179600932970416 ], [ -39.818956697545246, -18.179644829130986 ], [ -39.818905836481584, -18.179668847109877 ], [ -39.818793795068693, -18.179717159126579 ], [ -39.818708401867909, -18.179755958148291 ], [ -39.818613761400378, -18.179797183488887 ], [ -39.818545485820835, -18.179828301056393 ], [ -39.818270415519507, -18.179948747656766 ], [ -39.818150914653074, -18.180003166507028 ], [ -39.818099155636475, -18.180025362817073 ], [ -39.817953184027786, -18.180089682223027 ], [ -39.817833510236966, -18.180143753050569 ], [ -39.817592670751246, -18.180248825046796 ], [ -39.817507550219787, -18.180288168222333 ], [ -39.817318552611141, -18.180371212060741 ], [ -39.817293069378131, -18.180383118925647 ], [ -39.817180727609994, -18.180430790381532 ], [ -39.817104326236752, -18.180466605346279 ], [ -39.816983798086611, -18.180518913686814 ], [ -39.816915598875909, -18.180550184422668 ], [ -39.816837912491224, -18.180583378384952 ], [ -39.816760784701273, -18.180617742207364 ], [ -39.816700356352065, -18.180643547980804 ], [ -39.816640671698494, -18.180670889167111 ], [ -39.816580401216434, -18.180697030004936 ], [ -39.816529302162145, -18.18072058312627 ], [ -39.816426125229079, -18.180765698162137 ], [ -39.816323510645191, -18.180811970430788 ], [ -39.816220113322657, -18.180856622313112 ], [ -39.816160197705678, -18.180883498441624 ], [ -39.816090999057451, -18.180912694514049 ], [ -39.81598023340603, -18.18096362535416 ], [ -39.815782727184136, -18.18105061642968 ], [ -39.815705996438012, -18.181085783447148 ], [ -39.815645446660476, -18.18111132779929 ], [ -39.815585573788866, -18.18113829077749 ], [ -39.815482261168178, -18.181183121907146 ], [ -39.815431075253521, -18.181206502474417 ], [ -39.815387813378507, -18.181224722283247 ], [ -39.815353731718382, -18.181240393181717 ], [ -39.815276299791378, -18.181274126829635 ], [ -39.815147961618855, -18.181331826095811 ], [ -39.815079010613644, -18.181361553246933 ], [ -39.814931270195224, -18.181428369513863 ] ] } },
{ "type": "Feature", "properties": { "Field": "000", "Length": 481.15436947642883, "Image": "/home/ubuntu/bemagro/data/image/Orthomosaico.tif", "Farm": "data" }, "geometry": { "type": "LineString", "coordinates": [ [ -39.819048733202898, -18.179589079426712 ], [ -39.818978309607225, -18.179619066866504 ], [ -39.818893520473743, -18.179659058133367 ], [ -39.818772955806701, -18.179711288798252 ], [ -39.818696173245179, -18.179746351180473 ], [ -39.818627287754573, -18.179776215485631 ], [ -39.818481756021242, -18.179841438802839 ], [ -39.818335684201287, -18.17990554965774 ], [ -39.818266581653873, -18.179934952375344 ], [ -39.818189905247422, -18.179970226586168 ], [ -39.817949532378528, -18.180076269927575 ], [ -39.817855558513656, -18.180118866305833 ], [ -39.817803851862706, -18.18014117493345 ], [ -39.817769758676178, -18.180156823049021 ], [ -39.817623314173787, -18.180220152938595 ], [ -39.817494697742319, -18.180277281648529 ], [ -39.817452192619591, -18.1802970620164 ], [ -39.817357563742171, -18.180338312496083 ], [ -39.817263469112227, -18.180380664908018 ], [ -39.817177200581334, -18.180417653421912 ], [ -39.817031997930322, -18.180483544642449 ], [ -39.81685983973771, -18.180558324063558 ], [ -39.816705692003701, -18.180627272729382 ], [ -39.8166279899432, -18.180660433675715 ], [ -39.816431251333945, -18.18074899914356 ], [ -39.816285091417953, -18.180812928031671 ], [ -39.816156558053557, -18.180870228282487 ], [ -39.816070034704936, -18.180906669510474 ], [ -39.815993711151307, -18.180942637009885 ], [ -39.815898855218435, -18.180983409054658 ], [ -39.815693666999529, -18.181076037321343 ], [ -39.815598667113626, -18.181116502155962 ], [ -39.815470269107152, -18.181174079507535 ], [ -39.815418755663053, -18.181196793560801 ], [ -39.815384016553992, -18.181211085381442 ], [ -39.815307113065174, -18.181245906241447 ], [ -39.815263901793323, -18.181264236020205 ], [ -39.815187054710556, -18.181299170524266 ], [ -39.815075076500541, -18.181347619460443 ], [ -39.814921652710424, -18.181418037845209 ] ] } },
{ "type": "Feature", "properties": { "Field": "000", "Length": 481.1492537818707, "Image": "/home/ubuntu/bemagro/data/image/Orthomosaico.tif", "Farm": "data" }, "geometry": { "type": "LineString", "coordinates": [ [ -39.819039103501744, -18.179578860998571 ], [ -39.818960300307381, -18.179612920221832 ], [ -39.818866635874521, -18.179656134261645 ], [ -39.818840701117573, -18.179667114333625 ], [ -39.818643596524169, -18.179754930633123 ], [ -39.818608971309679, -18.179769472102812 ], [ -39.818497725779167, -18.179819437205602 ], [ -39.818428769751691, -18.179849152474553 ], [ -39.818317341513144, -18.179898744316041 ], [ -39.818265506482113, -18.179920778881559 ], [ -39.818257165770106, -18.179925035297135 ], [ -39.81822266129867, -18.179939836751281 ], [ -39.818137278485537, -18.179978657133624 ], [ -39.818068364956062, -18.180008462488999 ], [ -39.818008632839394, -18.18003570873498 ], [ -39.81792269460216, -18.180073392804726 ], [ -39.817837529437575, -18.180112647714413 ], [ -39.817785559400271, -18.180134389948613 ], [ -39.817768614628861, -18.180142413543308 ], [ -39.81769109438644, -18.180175960532615 ], [ -39.817648381254742, -18.180195327122977 ], [ -39.817630984088275, -18.180202411148503 ], [ -39.817536782744241, -18.180244546095022 ], [ -39.817510756923426, -18.180255327711116 ], [ -39.817399674408207, -18.180305623780963 ], [ -39.817313608678091, -18.180343041369902 ], [ -39.817262465047534, -18.180366506007427 ], [ -39.817176276507226, -18.180403664489763 ], [ -39.817108214567014, -18.180435207451048 ], [ -39.817039001446048, -18.180464372072599 ], [ -39.816927882441938, -18.180514594740171 ], [ -39.816867446193093, -18.18054038368231 ], [ -39.816755850850491, -18.180589632021473 ], [ -39.816721805399432, -18.180605374996905 ], [ -39.816670065626987, -18.180627613685868 ], [ -39.816610376132203, -18.180654945604697 ], [ -39.81654997566762, -18.18068081114421 ], [ -39.816464321331893, -18.180719081933653 ], [ -39.816438889474881, -18.180731089102348 ], [ -39.816352706713523, -18.180768260250904 ], [ -39.816172608720358, -18.180848169743065 ], [ -39.816086445667182, -18.180885382744631 ], [ -39.81599275241085, -18.180928541150465 ], [ -39.81578627153992, -18.181018506530414 ], [ -39.815735243463244, -18.181042200339377 ], [ -39.815632373323382, -18.181087951682283 ], [ -39.815606270149978, -18.181098561379081 ], [ -39.815503215033416, -18.181143930863826 ], [ -39.815434896253699, -18.181174963016829 ], [ -39.815365799682688, -18.181204379739984 ], [ -39.815348911247938, -18.18121251135052 ], [ -39.815151483122946, -18.181299665070213 ], [ -39.815108849541019, -18.181319191760952 ], [ -39.815057059671439, -18.18134132414702 ], [ -39.814912127111164, -18.181407804883683 ] ] } },
{ "type": "Feature", "properties": { "Field": "000", "Length": 481.1729347691857, "Image": "/home/ubuntu/bemagro/data/image/Orthomosaico.tif", "Farm": "data" }, "geometry": { "type": "LineString", "coordinates": [ [ -39.819030095404308, -18.179569302175313 ], [ -39.819013423585702, -18.179576779651494 ], [ -39.818978422652989, -18.179590473529942 ], [ -39.81894392970883, -18.17960529884358 ], [ -39.818867265944419, -18.17964059760093 ], [ -39.818772658740968, -18.179681892475713 ], [ -39.818669978596191, -18.179728030285812 ], [ -39.818566711727513, -18.179772955772446 ], [ -39.818464069922157, -18.179819171561746 ], [ -39.818283587450999, -18.179898282143135 ], [ -39.818163465563934, -18.179951437140435 ], [ -39.818137965758318, -18.179963311545922 ], [ -39.818034645132599, -18.180008123994345 ], [ -39.817975007173011, -18.180035557838913 ], [ -39.817880316939998, -18.180076678931147 ], [ -39.817803639358004, -18.180111950743139 ], [ -39.817485586523524, -18.180251212535804 ], [ -39.81738285945535, -18.18029725558268 ], [ -39.817305269456831, -18.180330654964806 ], [ -39.81718584158785, -18.180385220524553 ], [ -39.817030924952959, -18.180452575750977 ], [ -39.816919755893181, -18.180502697010585 ], [ -39.81669628293956, -18.18060060709583 ], [ -39.816593630709335, -18.180646802839085 ], [ -39.816541838914667, -18.180668930483055 ], [ -39.816387814435068, -18.180738130417055 ], [ -39.816293055554105, -18.180779107785643 ], [ -39.816199041226923, -18.180821623225771 ], [ -39.816121146676615, -18.180854368835554 ], [ -39.815959039037956, -18.180928369123436 ], [ -39.815846875473667, -18.180976423014684 ], [ -39.815769613551247, -18.181010510980727 ], [ -39.815649941426436, -18.181064586604279 ], [ -39.815546693882112, -18.181109554454569 ], [ -39.815478420833344, -18.181140678271259 ], [ -39.815418001172084, -18.18116650202608 ], [ -39.815357884065705, -18.1811929642388 ], [ -39.815289598101387, -18.1812240622884 ], [ -39.815194897492418, -18.18126516310452 ], [ -39.815109531612862, -18.181304018788214 ], [ -39.815040546762219, -18.181333674031126 ], [ -39.814902208821849, -18.18139705793044 ] ] } },
{ "type": "Feature", "properties": { "Field": "000", "Length": 481.1249167757727, "Image": "/home/ubuntu/bemagro/data/image/Orthomosaico.tif", "Farm": "data" }, "geometry": { "type": "LineString", "coordinates": [ [ -39.81902077149482, -18.179559408230674 ], [ -39.818949821494535, -18.179587833101515 ], [ -39.818881675940894, -18.179619209998542 ], [ -39.818821312849735, -18.179645154296288 ], [ -39.818658709371924, -18.179718151794145 ], [ -39.818546797685158, -18.179766738625847 ], [ -39.818469979967226, -18.179801730637131 ], [ -39.818375568714885, -18.179843433632673 ], [ -39.818340968989446, -18.179858030474527 ], [ -39.818289711665791, -18.17988126703116 ], [ -39.818160799323564, -18.179937782506393 ], [ -39.818126747893174, -18.179953513388657 ], [ -39.818023555161602, -18.17999859462746 ], [ -39.817980910910663, -18.180018099326311 ], [ -39.817877545731839, -18.180062818234422 ], [ -39.817792272917096, -18.180101859032742 ], [ -39.817757702947105, -18.180116520269074 ], [ -39.817646375972245, -18.180166319858593 ], [ -39.81751725751581, -18.1802224042689 ], [ -39.817406187639726, -18.180272725793291 ], [ -39.817311174983232, -18.180313162197944 ], [ -39.817191713295408, -18.180367660274147 ], [ -39.817028150337279, -18.180438673810741 ], [ -39.816882888293975, -18.180504445362853 ], [ -39.816813806019482, -18.18053389213604 ], [ -39.816728263508935, -18.180572390610944 ], [ -39.816685050019238, -18.180590715219235 ], [ -39.816591282279546, -18.180633725233204 ], [ -39.816522081398425, -18.180662916571947 ], [ -39.816385244212512, -18.180724576930498 ], [ -39.81629048433328, -18.180765552268294 ], [ -39.816196447928462, -18.180808023186739 ], [ -39.816135837599603, -18.180833436362359 ], [ -39.816084392387275, -18.18085629104263 ], [ -39.816067528054511, -18.180864468160248 ], [ -39.815853014036904, -18.180959368566754 ], [ -39.815836230558261, -18.180967696303437 ], [ -39.815801434549456, -18.180981860980172 ], [ -39.815673031785941, -18.181039428423706 ], [ -39.815604175838487, -18.181069356093737 ], [ -39.815561643775041, -18.181089083899927 ], [ -39.81551850307595, -18.181107564847238 ], [ -39.815475902231128, -18.181127156609531 ], [ -39.81542402757384, -18.181149106693947 ], [ -39.815278576315656, -18.181214496386335 ], [ -39.815123807025998, -18.181282162245097 ], [ -39.815098320747289, -18.181294063698257 ], [ -39.815020579909543, -18.181327142203706 ], [ -39.814978312119102, -18.181347382437114 ], [ -39.814892987464106, -18.181386077898743 ] ] } },
{ "type": "Feature", "properties": { "Field": "000", "Length": 480.9936550659682, "Image": "/home/ubuntu/bemagro/data/image/Orthomosaico.tif", "Farm": "data" }, "geometry": { "type": "LineString", "coordinates": [ [ -39.819009860243639, -18.179547829897096 ], [ -39.818940721430856, -18.179577047566504 ], [ -39.818846728068443, -18.179619604032176 ], [ -39.818752191868036, -18.179661047375884 ], [ -39.818692636604723, -18.17968864482204 ], [ -39.818606270986081, -18.179725424947886 ], [ -39.818537991783828, -18.17975653536649 ], [ -39.818503369166329, -18.179771082489562 ], [ -39.818374948170721, -18.179828610768375 ], [ -39.81832320499089, -18.179850841680228 ], [ -39.818280530460072, -18.179870285697433 ], [ -39.818211488769158, -18.179899818719871 ], [ -39.81806603911518, -18.179965209349376 ], [ -39.817868387444655, -18.180051895679028 ], [ -39.817834381157581, -18.180067715581508 ], [ -39.81776538327771, -18.18009734218721 ], [ -39.817705869225492, -18.180125021064274 ], [ -39.817551017636497, -18.18019251244975 ], [ -39.817405598146472, -18.180257964890355 ], [ -39.81734525625334, -18.180283954719581 ], [ -39.817285352009172, -18.180310853689306 ], [ -39.817224797914839, -18.180336388644385 ], [ -39.81715683824239, -18.180368132382629 ], [ -39.817139402177787, -18.180375128531626 ], [ -39.817019088286131, -18.180427886036664 ], [ -39.816925334260311, -18.180470923168269 ], [ -39.816693091750203, -18.180572234429665 ], [ -39.816676208672092, -18.180580376072399 ], [ -39.816590531111494, -18.180618599229433 ], [ -39.8165127413778, -18.180651571833874 ], [ -39.816436060870458, -18.180686838592617 ], [ -39.81623847279608, -18.180773659152777 ], [ -39.81617865912294, -18.180800742018413 ], [ -39.816126827780202, -18.180822785164978 ], [ -39.816075725438232, -18.180846332160282 ], [ -39.815972298114687, -18.180890920737262 ], [ -39.815835543308452, -18.180952748253368 ], [ -39.815792343945724, -18.180971103493825 ], [ -39.815603870533508, -18.181055230704484 ], [ -39.815509151819583, -18.181096293328117 ], [ -39.81547519449753, -18.181112209474968 ], [ -39.815423403155954, -18.181134338575404 ], [ -39.81532922265184, -18.181176517201877 ], [ -39.815243126142065, -18.18121387103827 ], [ -39.815080418012123, -18.181286658451366 ], [ -39.81502875736971, -18.181309065059121 ], [ -39.814986325163133, -18.181328988490122 ], [ -39.814883479009659, -18.181374756013998 ] ] } },
{ "type": "Feature", "properties": { "Field": "000", "Length": 480.88724344466823, "Image": "/home/ubuntu/bemagro/data/image/Orthomosaico.tif", "Farm": "data" }, "geometry": { "type": "LineString", "coordinates": [ [ -39.818999532797761, -18.179536871058961 ], [ -39.818939592268961, -18.179562555588454 ], [ -39.818768512736938, -18.179639561550122 ], [ -39.818742629356741, -18.179650651768945 ], [ -39.818657277510141, -18.179689533903517 ], [ -39.818596760004276, -18.17971514732313 ], [ -39.818528637465157, -18.179746569785706 ], [ -39.818468043525371, -18.179772017690151 ], [ -39.818373817625044, -18.179814101894351 ], [ -39.818322070298009, -18.179836323928409 ], [ -39.818228000089448, -18.179878725235493 ], [ -39.818159012959185, -18.179908374437872 ], [ -39.818107878440067, -18.179931856916156 ], [ -39.818004964076742, -18.179977515807803 ], [ -39.817927345861953, -18.180010854904985 ], [ -39.817867717106147, -18.180038307164065 ], [ -39.81775578137114, -18.180086843783002 ], [ -39.81764480008578, -18.180137343346896 ], [ -39.817498485388334, -18.180200946677797 ], [ -39.817404748156754, -18.180244016763847 ], [ -39.817361427331399, -18.180262108070693 ], [ -39.817267084390316, -18.180303952601772 ], [ -39.81719796696953, -18.18033332342959 ], [ -39.817147215423631, -18.18035755318445 ], [ -39.817052364745805, -18.180398335562582 ], [ -39.81692455866618, -18.180457102593092 ], [ -39.816812342375087, -18.180505044291323 ], [ -39.816683866892333, -18.180562462474121 ], [ -39.816632064563763, -18.180584567570044 ], [ -39.816572390499211, -18.180611930099182 ], [ -39.81650323224445, -18.180641213496138 ], [ -39.816332111824046, -18.180718138713033 ], [ -39.816306750654036, -18.180730281442639 ], [ -39.816220233036297, -18.180766734738 ], [ -39.816186187270738, -18.180782477111034 ], [ -39.816108804310424, -18.180816313018749 ], [ -39.816057778050592, -18.18084001008096 ], [ -39.815971251516871, -18.180876444244024 ], [ -39.815851660565698, -18.180930683463746 ], [ -39.815774031676085, -18.180964000839737 ], [ -39.815671731167349, -18.1810109044843 ], [ -39.815525417449145, -18.181074511553099 ], [ -39.815474299697136, -18.181098027959532 ], [ -39.815439686388451, -18.181112595851634 ], [ -39.815345584101664, -18.181154933601608 ], [ -39.815250661710813, -18.181195564296711 ], [ -39.815165178496436, -18.181234183597084 ], [ -39.815113473468415, -18.181256496376317 ], [ -39.814968290445755, -18.181322428571431 ], [ -39.814916504302133, -18.181344568789285 ], [ -39.814874467407677, -18.181364025738425 ] ] } },
{ "type": "Feature", "properties": { "Field": "000", "Length": 480.68132093099729, "Image": "/home/ubuntu/bemagro/data/image/Orthomosaico.tif", "Farm": "data" }, "geometry": { "type": "LineString", "coordinates": [ [ -39.818988988382316, -18.179527450607274 ], [ -39.818866883053303, -18.179579548387604 ], [ -39.818730427202553, -18.179641974179681 ], [ -39.818653248119873, -18.179676231750491 ], [ -39.818584199766811, -18.179705750144969 ], [ -39.818508132116008, -18.179740145009095 ], [ -39.818438343802939, -18.179770294149083 ], [ -39.81837848644836, -18.179797287680419 ], [ -39.818309344649975, -18.179826605592371 ], [ -39.818190539422297, -18.179880317667003 ], [ -39.818121504900283, -18.1799098657348 ], [ -39.818086700675885, -18.179926182252075 ], [ -39.817735621709609, -18.18008115807535 ], [ -39.817692234077015, -18.180101269433607 ], [ -39.817657653600243, -18.180115907748249 ], [ -39.817597782248363, -18.180142873347204 ], [ -39.817494554604259, -18.180187881633845 ], [ -39.817401508115026, -18.180230237882377 ], [ -39.817349590880696, -18.180252094604146 ], [ -39.817305999487075, -18.180271799351917 ], [ -39.817271390102846, -18.18028637492408 ], [ -39.817187034711324, -18.180325154399931 ], [ -39.817160116626738, -18.180336239330682 ], [ -39.817074973053167, -18.180373411761369 ], [ -39.817006484123873, -18.180404098597204 ], [ -39.816911921797633, -18.180447614065223 ], [ -39.816809301936438, -18.180491714986832 ], [ -39.816765704225901, -18.180511407584536 ], [ -39.816628930519094, -18.180571050533466 ], [ -39.816576796956639, -18.180594630073443 ], [ -39.816533520766498, -18.180612818622212 ], [ -39.816448920903234, -18.180651108775329 ], [ -39.816396386622515, -18.180673861415933 ], [ -39.816286264299855, -18.180723983946915 ], [ -39.816207652356439, -18.180757413071628 ], [ -39.816062923932833, -18.180822146898098 ], [ -39.815984149943681, -18.180855225246177 ], [ -39.815916153425384, -18.180886896997329 ], [ -39.815770021346275, -18.180950884206712 ], [ -39.815659793219545, -18.181000794183138 ], [ -39.81560713858164, -18.181023291343543 ], [ -39.815479521784688, -18.181080332102951 ], [ -39.815435323582157, -18.18109876103448 ], [ -39.815273456267143, -18.181171133367503 ], [ -39.815160677749276, -18.181220083337401 ], [ -39.815041091333292, -18.181274332242211 ], [ -39.814896062213442, -18.181338449220203 ], [ -39.814865203147086, -18.181352994615846 ] ] } },
{ "type": "Feature", "properties": { "Field": "000", "Length": 480.24859076350418, "Image": "/home/ubuntu/bemagro/data/image/Orthomosaico.tif", "Farm": "data" }, "geometry": { "type": "LineString", "coordinates": [ [ -39.818976167983173, -18.179518370777039 ], [ -39.818959582000318, -18.179525929474639 ], [ -39.818950962234815, -18.179529643293289 ], [ -39.818873059564467, -18.179562370219699 ], [ -39.818710798335104, -18.179636059267846 ], [ -39.818547295201938, -18.179707196717626 ], [ -39.818427511580687, -18.179761044214565 ], [ -39.818401519458831, -18.179771899022398 ], [ -39.818376000341388, -18.17978373408226 ], [ -39.818367399895884, -18.179787488630723 ], [ -39.818315510904867, -18.17980940679595 ], [ -39.818306925382124, -18.179813192424611 ], [ -39.818152891316053, -18.179882371350729 ], [ -39.817946485142222, -18.179972490268444 ], [ -39.817878434734581, -18.180004055105336 ], [ -39.817783787527283, -18.180045266171149 ], [ -39.817698284433618, -18.180083842804233 ], [ -39.817603616682156, -18.180125011452475 ], [ -39.817535290233359, -18.180156027054164 ], [ -39.817432141697573, -18.180201200693052 ], [ -39.817329413059817, -18.180247240437826 ], [ -39.81726049534695, -18.180277037018261 ], [ -39.817226595889373, -18.180293064114689 ], [ -39.817175233430341, -18.180316087342337 ], [ -39.817140426326844, -18.180330225600748 ], [ -39.817131790005298, -18.180333904200928 ], [ -39.817019966857664, -18.180382677843944 ], [ -39.816926541820088, -18.180426363033394 ], [ -39.816917968610262, -18.180430174139978 ], [ -39.816668325850699, -18.18053857606051 ], [ -39.81660007835243, -18.180569750332435 ], [ -39.816496760257685, -18.180614568892381 ], [ -39.816445661550262, -18.180638122454852 ], [ -39.816393964861476, -18.180660451887327 ], [ -39.816291349954462, -18.180706723164164 ], [ -39.816213827381105, -18.180740265561937 ], [ -39.816179757536986, -18.180755958099546 ], [ -39.816068066855571, -18.18080500890056 ], [ -39.816007557867032, -18.180830641589953 ], [ -39.815887998322097, -18.180884943343504 ], [ -39.815827606905636, -18.180910827881632 ], [ -39.815656345353638, -18.180987466019495 ], [ -39.815578758241486, -18.181020872134294 ], [ -39.815476222207572, -18.181067303286994 ], [ -39.815389918990768, -18.181104218122289 ], [ -39.815235840652825, -18.181173309113341 ], [ -39.815209840432026, -18.181184144642842 ], [ -39.81513254188372, -18.181218156872458 ], [ -39.815064396492012, -18.181249535197058 ], [ -39.815003993942476, -18.181275395994945 ], [ -39.814961298444324, -18.181294798176211 ], [ -39.814901090134946, -18.181321070082166 ], [ -39.814855947652404, -18.181341973929086 ] ] } },
{ "type": "Feature", "properties": { "Field": "000", "Length": 479.87838964600553, "Image": "/home/ubuntu/bemagro/data/image/Orthomosaico.tif", "Farm": "data" }, "geometry": { "type": "LineString", "coordinates": [ [ -39.81896406315478, -18.179509797735975 ], [ -39.818877719460595, -18.179545322140697 ], [ -39.818741195014773, -18.179607610711408 ], [ -39.818654968139725, -18.17964468696189 ], [ -39.81857795162064, -18.179679277270655 ], [ -39.818509036143816, -18.179709078220224 ], [ -39.818423604748979, -18.179747800559575 ], [ -39.818320251536782, -18.179792544337023 ], [ -39.818251962915333, -18.179823635908459 ], [ -39.817934087781779, -18.179963266903847 ], [ -39.817797300064875, -18.180025026247048 ], [ -39.817719930530821, -18.180058889504362 ], [ -39.817651554783332, -18.18008980585282 ], [ -39.817548212343837, -18.180134572832266 ], [ -39.817488427417906, -18.180161713127106 ], [ -39.817419576066477, -18.18019164963216 ], [ -39.817359864093291, -18.180218936286991 ], [ -39.817273597847915, -18.180255929462685 ], [ -39.817162452198765, -18.180306097934107 ], [ -39.817007524373778, -18.180373429602248 ], [ -39.816913923396996, -18.180416769903875 ], [ -39.816836251425514, -18.18044999496631 ], [ -39.816699056205891, -18.180510923694868 ], [ -39.816664499665194, -18.180525613973263 ], [ -39.816587630993382, -18.180560504312865 ], [ -39.816518689475778, -18.180590251002773 ], [ -39.8162788139377, -18.180697320286853 ], [ -39.816141468584469, -18.18075793964584 ], [ -39.816038028527686, -18.180802501096519 ], [ -39.815866683572722, -18.180878968759629 ], [ -39.815814991572054, -18.180901308896207 ], [ -39.815661017532371, -18.180970611935287 ], [ -39.815488826547629, -18.181045323444511 ], [ -39.815420550871956, -18.181076442052639 ], [ -39.815274305934835, -18.181140193673148 ], [ -39.81520596875874, -18.181171188786639 ], [ -39.815119994960469, -18.18120879992431 ], [ -39.81507744006079, -18.181228482694401 ], [ -39.815017049314058, -18.181254369416415 ], [ -39.81484605726623, -18.181330197263328 ] ] } },
{ "type": "Feature", "properties": { "Field": "000", "Length": 479.33807918923196, "Image": "/home/ubuntu/bemagro/data/image/Orthomosaico.tif", "Farm": "data" }, "geometry": { "type": "LineString", "coordinates": [ [ -39.818949722138186, -18.179499640950105 ], [ -39.818912540564796, -18.179516227312121 ], [ -39.818877784024565, -18.179530479545797 ], [ -39.818740929101921, -18.179592101962967 ], [ -39.81860329873939, -18.179652125814471 ], [ -39.81854367685709, -18.179679591518298 ], [ -39.818500629699905, -18.179698269892448 ], [ -39.818432291020308, -18.179729260744121 ], [ -39.818303159403541, -18.179785316730236 ], [ -39.818252138576469, -18.179809024024529 ], [ -39.818217486379545, -18.17982350668235 ], [ -39.818097561449711, -18.179877066373315 ], [ -39.818062884315282, -18.179891494425103 ], [ -39.81795985024894, -18.179936905964048 ], [ -39.81777170502739, -18.180021699241866 ], [ -39.817719979070311, -18.180043966880913 ], [ -39.817668858718704, -18.18006747763803 ], [ -39.817548320524125, -18.180119764772137 ], [ -39.817274161951936, -18.180242097122626 ], [ -39.817248074742999, -18.180252742328971 ], [ -39.817171079790334, -18.180287377095162 ], [ -39.817033297234104, -18.180347082345005 ], [ -39.816913820055525, -18.180401549449723 ], [ -39.816818980848623, -18.180442356358405 ], [ -39.816793462867473, -18.180454195320621 ], [ -39.816647296257599, -18.180518109682119 ], [ -39.816562010023709, -18.180557124187622 ], [ -39.816492948728815, -18.180586615945955 ], [ -39.816424332345655, -18.180617041779929 ], [ -39.81636469045592, -18.180644468486939 ], [ -39.816235662317972, -18.180700743320411 ], [ -39.816124355399012, -18.180750584701602 ], [ -39.816038037430744, -18.180787468130305 ], [ -39.815892645390939, -18.180852977383232 ], [ -39.81566928011641, -18.180951112816928 ], [ -39.815626760847636, -18.180970865748709 ], [ -39.815446076621257, -18.181049557333733 ], [ -39.815334689570271, -18.181099235385915 ], [ -39.81528363306581, -18.181122873233054 ], [ -39.815240347108386, -18.181141041228958 ], [ -39.815154784474949, -18.181179499499706 ], [ -39.815120222732617, -18.18119417895651 ], [ -39.814991586466547, -18.18125126849333 ], [ -39.814974188505921, -18.181258351000096 ], [ -39.81483717646875, -18.181319622731646 ] ] } },
{ "type": "Feature", "properties": { "Field": "000", "Length": 478.83350224711751, "Image": "/home/ubuntu/bemagro/data/image/Orthomosaico.tif", "Farm": "data" }, "geometry": { "type": "LineString", "coordinates": [ [ -39.818935994682256, -18.17948991870616 ], [ -39.818713602459759, -18.179588836242274 ], [ -39.818584223805736, -18.179644368585528 ], [ -39.818550479222075, -18.179660692235093 ], [ -39.818473760628812, -18.179695882212446 ], [ -39.818310376073775, -18.179767268472975 ], [ -39.818242227220701, -18.17979863886249 ], [ -39.818035476034069, -18.179888031950853 ], [ -39.818009980278497, -18.179899914312742 ], [ -39.817958423088371, -18.17992253650614 ], [ -39.817924461539867, -18.17993844385639 ], [ -39.817770204919718, -18.180007168435189 ], [ -39.81770993513468, -18.180033310479487 ], [ -39.817384063938405, -18.180177947683099 ], [ -39.817323708982038, -18.180203909621767 ], [ -39.817246880182402, -18.18023887979211 ], [ -39.81716955359262, -18.180272832758956 ], [ -39.817091844787527, -18.180305978835804 ], [ -39.816946250622145, -18.180371075640554 ], [ -39.816912322956455, -18.180387049018705 ], [ -39.816662997728542, -18.180496116411145 ], [ -39.81658618169633, -18.18053111246801 ], [ -39.816465814352092, -18.180583758692435 ], [ -39.816320331512692, -18.180649083068385 ], [ -39.816225505654394, -18.180689918489076 ], [ -39.816165829242237, -18.180717276441182 ], [ -39.816062415880992, -18.1807618944128 ], [ -39.815985180606148, -18.180796037259551 ], [ -39.815934021717467, -18.180819471704627 ], [ -39.81581352644632, -18.180871850316098 ], [ -39.815727954614268, -18.180910289425832 ], [ -39.815676000339764, -18.180932066232351 ], [ -39.815608063274901, -18.180963854501162 ], [ -39.815418808444974, -18.181046363212175 ], [ -39.815316694249006, -18.181093636453458 ], [ -39.815273786914346, -18.181112607185497 ], [ -39.815230467404824, -18.181130701848449 ], [ -39.815050387786023, -18.181210650014947 ], [ -39.814972834949643, -18.181244129168551 ], [ -39.81482829922377, -18.18130905242824 ] ] } },
{ "type": "Feature", "properties": { "Field": "000", "Length": 478.38250794841844, "Image": "/home/ubuntu/bemagro/data/image/Orthomosaico.tif", "Farm": "data" }, "geometry": { "type": "LineString", "coordinates": [ [ -39.818923048801715, -18.179480749998156 ], [ -39.818751815444479, -18.179556220532636 ], [ -39.818666435652027, -18.179595046313725 ], [ -39.818657825080535, -18.179598779576942 ], [ -39.818588507372475, -18.179627715579631 ], [ -39.818579947749768, -18.179631554402977 ], [ -39.818503659036089, -18.179667588200378 ], [ -39.818452451221219, -18.179690923790879 ], [ -39.818331775903218, -18.179742919709998 ], [ -39.818254873521454, -18.17977774012958 ], [ -39.818151737642971, -18.179822939861427 ], [ -39.818134797076716, -18.179830970129846 ], [ -39.818126249152684, -18.179834832718885 ], [ -39.818065848261412, -18.179860696695702 ], [ -39.818023269304646, -18.179880329767741 ], [ -39.818014694009833, -18.179884136527502 ], [ -39.81795434158871, -18.179910103069833 ], [ -39.817654416365535, -18.180043771592583 ], [ -39.817585484967964, -18.180073538330777 ], [ -39.817405647794921, -18.180153981148973 ], [ -39.817328146602549, -18.180187568073954 ], [ -39.817285588573476, -18.180207243015595 ], [ -39.817277021660225, -18.18021106701493 ], [ -39.817190878718023, -18.180248321821434 ], [ -39.817156687299509, -18.180263770826549 ], [ -39.817096264994731, -18.180289588683827 ], [ -39.816959040240192, -18.180350456361801 ], [ -39.816873675907708, -18.180389314133336 ], [ -39.816839133153202, -18.180404031766471 ], [ -39.81673633257671, -18.180449924496404 ], [ -39.816633009863104, -18.180494733586585 ], [ -39.816564664047441, -18.180525710216326 ], [ -39.816453008913967, -18.180574834088066 ], [ -39.816307500450769, -18.18064010634529 ], [ -39.816221378446798, -18.18067740549434 ], [ -39.816118595547032, -18.180723334873452 ], [ -39.816075328249759, -18.180741540847194 ], [ -39.815972401379874, -18.180787175090263 ], [ -39.815912691040495, -18.180814465257125 ], [ -39.815817878764634, -18.180855328766608 ], [ -39.815766655164772, -18.180878632113366 ], [ -39.815637630484673, -18.180934914593323 ], [ -39.815586507161775, -18.180958419269633 ], [ -39.815577934265583, -18.180962231081899 ], [ -39.815483162227864, -18.181003181034388 ], [ -39.815372253377788, -18.181053825882909 ], [ -39.815295077282379, -18.181088091115814 ], [ -39.815234697447131, -18.181113999892599 ], [ -39.815046202969484, -18.181198084343052 ], [ -39.814959972807401, -18.181235154111324 ], [ -39.814819280306963, -18.181298313431721 ] ] } },
{ "type": "Feature", "properties": { "Field": "000", "Length": 477.93361948803607, "Image": "/home/ubuntu/bemagro/data/image/Orthomosaico.tif", "Farm": "data" }, "geometry": { "type": "LineString", "coordinates": [ [ -39.818909944660767, -18.179471469202888 ], [ -39.818867375826095, -18.179489903810673 ], [ -39.818823851338756, -18.179507542425622 ], [ -39.818754947293669, -18.179537367333019 ], [ -39.81865330728013, -18.179585563365727 ], [ -39.818636135922716, -18.179593133887447 ], [ -39.818601222500284, -18.179607031351104 ], [ -39.81856682396009, -18.179622056214551 ], [ -39.818482139486768, -18.179662249593601 ], [ -39.81844793381331, -18.17967767156567 ], [ -39.81835291264283, -18.179718088920939 ], [ -39.818258743828508, -18.179760289670114 ], [ -39.81819827940047, -18.179786017560676 ], [ -39.818018871848651, -18.179867331485092 ], [ -39.817812450685977, -18.179957419116359 ], [ -39.817658595261669, -18.18002696058689 ], [ -39.817580960817459, -18.180060265285164 ], [ -39.81747845699342, -18.180106760470942 ], [ -39.81741797611118, -18.180132453281583 ], [ -39.81728131252401, -18.180194463497696 ], [ -39.817100475401425, -18.180272831676007 ], [ -39.816800680064397, -18.180406767556747 ], [ -39.816602767388176, -18.180492909231724 ], [ -39.816526097276743, -18.180528196467836 ], [ -39.816448577878582, -18.180561745621777 ], [ -39.816406019554876, -18.180581421332455 ], [ -39.816328578355879, -18.180615135157332 ], [ -39.816268872321274, -18.180642434025266 ], [ -39.816208470223216, -18.180668296063686 ], [ -39.816122967158776, -18.180706874667528 ], [ -39.816011000361435, -18.180755346833326 ], [ -39.815899704659152, -18.180805211173514 ], [ -39.815779231345047, -18.18085763592768 ], [ -39.815582122467248, -18.180945446505309 ], [ -39.815495897630655, -18.18098252864166 ], [ -39.815350603148168, -18.181048235716432 ], [ -39.815281792336009, -18.181078258082675 ], [ -39.81524706841055, -18.18109258347452 ], [ -39.815093230196467, -18.181162161959541 ], [ -39.814955744982832, -18.181222491806199 ], [ -39.814810207146039, -18.18128750984387 ] ] } },
{ "type": "Feature", "properties": { "Field": "000", "Length": 477.45934526235902, "Image": "/home/ubuntu/bemagro/data/image/Orthomosaico.tif", "Farm": "data" }, "geometry": { "type": "LineString", "coordinates": [ [ -39.818896616438927, -18.179462029703991 ], [ -39.818827906244806, -18.179490994696145 ], [ -39.818776341639932, -18.179513600777216 ], [ -39.818741611695117, -18.179527910603582 ], [ -39.818733018401403, -18.17953168005776 ], [ -39.818707541840368, -18.179543599962042 ], [ -39.818699166671671, -18.179547794068963 ], [ -39.81868264604784, -18.179556588679443 ], [ -39.818674275457468, -18.179560791130214 ], [ -39.818657336279969, -18.179568825397912 ], [ -39.818648801996517, -18.17957271542009 ], [ -39.81862302266687, -18.179584024947502 ], [ -39.818570988153795, -18.179605624362157 ], [ -39.818562399514349, -18.179609403504447 ], [ -39.818451902916827, -18.179660864413933 ], [ -39.81844332953591, -18.179664675086329 ], [ -39.818331015699833, -18.179712406488431 ], [ -39.818262612292152, -18.179743265361381 ], [ -39.818202185551968, -18.179769072783131 ], [ -39.818193602776908, -18.17977286409711 ], [ -39.818159487681989, -18.17978846837612 ], [ -39.818125733461109, -18.179804771328261 ], [ -39.818057348124334, -18.179835668100015 ], [ -39.817988316553183, -18.179865221643581 ], [ -39.817885626809108, -18.179911338920885 ], [ -39.817739345520444, -18.179975012081616 ], [ -39.817679711330022, -18.180002452030045 ], [ -39.817628228699704, -18.180025228367636 ], [ -39.817567791379126, -18.180051013211351 ], [ -39.817473766951515, -18.180093507514087 ], [ -39.817396071278957, -18.180126679352455 ], [ -39.817319050449633, -18.180161261392769 ], [ -39.817268073349425, -18.180185054183926 ], [ -39.81725951479671, -18.180188895247824 ], [ -39.817113008703856, -18.180252094446228 ], [ -39.816761780706187, -18.180408910594018 ], [ -39.816598335116524, -18.180480170520685 ], [ -39.816504444978854, -18.180522935062282 ], [ -39.816444165237087, -18.180549055171674 ], [ -39.816264324981269, -18.180629492799742 ], [ -39.816178300137125, -18.180666995971578 ], [ -39.816049940325613, -18.18072465037201 ], [ -39.815998019604685, -18.18074649712927 ], [ -39.815903907456807, -18.180788814478216 ], [ -39.815852242391401, -18.180811210951845 ], [ -39.815826706537592, -18.180823012322396 ], [ -39.815766426341305, -18.180849133097372 ], [ -39.815749011328911, -18.180856175647865 ], [ -39.815740390812557, -18.18085988802785 ], [ -39.815706335305734, -18.180875610543186 ], [ -39.815594815698567, -18.180925015890754 ], [ -39.815482781644583, -18.180973345941631 ], [ -39.815371787690651, -18.181023819842601 ], [ -39.815311643787062, -18.18105022626434 ], [ -39.815242531810441, -18.181079609442225 ], [ -39.815233943872961, -18.181083390207128 ], [ -39.815097342349965, -18.181145526643093 ], [ -39.814994426581933, -18.181191184300154 ], [ -39.814925526119993, -18.181221017441452 ], [ -39.814801406172435, -18.181277030352977 ] ] } },
{ "type": "Feature", "properties": { "Field": "000", "Length": 476.98030431290096, "Image": "/home/ubuntu/bemagro/data/image/Orthomosaico.tif", "Farm": "data" }, "geometry": { "type": "LineString", "coordinates": [ [ -39.814792085184521, -18.181265931669035 ], [ -39.814835031667464, -18.181245724054115 ], [ -39.814938013597505, -18.181200202827426 ], [ -39.815007059085836, -18.181170676697249 ], [ -39.81521233851786, -18.181078232961074 ], [ -39.815375775085975, -18.181006952633602 ], [ -39.815443934127181, -18.180975601315634 ], [ -39.815564139794439, -18.180922618010804 ], [ -39.815590138260568, -18.180911776013875 ], [ -39.815727357798295, -18.180850896584907 ], [ -39.815822134778074, -18.180809957270561 ], [ -39.815984875676783, -18.180737237789319 ], [ -39.816105430674583, -18.180684985063046 ], [ -39.816182218458131, -18.180649932201963 ], [ -39.816285508051457, -18.180605053182646 ], [ -39.816328073416059, -18.1805853913554 ], [ -39.8163798530165, -18.18056323753731 ], [ -39.816671010189573, -18.180432979450647 ], [ -39.816859768151382, -18.180349438648808 ], [ -39.816920089830703, -18.180323405918045 ], [ -39.81698834520607, -18.180292247263701 ], [ -39.817134116409342, -18.180227513499183 ], [ -39.81725462030289, -18.180175153993616 ], [ -39.817297154339684, -18.180155430548108 ], [ -39.817451775048035, -18.180087457292085 ], [ -39.817545813743166, -18.180044991850213 ], [ -39.81764938488768, -18.180000710495637 ], [ -39.817726228874271, -18.179965771012689 ], [ -39.81788963956361, -18.179894438891299 ], [ -39.8179836034275, -18.179851822603045 ], [ -39.818035504377441, -18.179829930284289 ], [ -39.818121291799706, -18.17979193379605 ], [ -39.818163559160546, -18.179771693526021 ], [ -39.818215146462194, -18.179749134094763 ], [ -39.818300494223784, -18.17971024357804 ], [ -39.8184214243919, -18.179658790698443 ], [ -39.818506907744393, -18.179620173329958 ], [ -39.818532898858194, -18.179609315705566 ], [ -39.818557982514825, -18.179596657308075 ], [ -39.818601210936372, -18.179578365480456 ], [ -39.818643905348878, -18.179558961531573 ], [ -39.81871157455933, -18.179526657194355 ], [ -39.818789545537896, -18.179494079346348 ], [ -39.818883156581315, -18.179452496974154 ] ] } },
{ "type": "Feature", "properties": { "Field": "000", "Length": 476.56646686652994, "Image": "/home/ubuntu/bemagro/data/image/Orthomosaico.tif", "Farm": "data" }, "geometry": { "type": "LineString", "coordinates": [ [ -39.814783096502332, -18.181255228666227 ], [ -39.814877108988007, -18.181212150160949 ], [ -39.815006260800786, -18.181156134255193 ], [ -39.815091938889736, -18.181117911614447 ], [ -39.815134348396327, -18.181097944256067 ], [ -39.81534931053514, -18.181003974426098 ], [ -39.815563477570038, -18.180908360567248 ], [ -39.815589472279967, -18.180897510395109 ], [ -39.815709675650261, -18.180844522558093 ], [ -39.815726586939036, -18.180836434701636 ], [ -39.815795589196547, -18.18080681674401 ], [ -39.815881205095039, -18.180768467339885 ], [ -39.816078901813761, -18.180681873039351 ], [ -39.816181333469679, -18.180635232046733 ], [ -39.816250413061411, -18.180605779496528 ], [ -39.816310086125206, -18.180578414850995 ], [ -39.816524431756861, -18.180483168478229 ], [ -39.816567546127672, -18.180464631858055 ], [ -39.816772946072511, -18.180372434887129 ], [ -39.816919130785571, -18.180308558636831 ], [ -39.817133197546141, -18.180212741691179 ], [ -39.817279482864038, -18.180149076615876 ], [ -39.81730494133938, -18.180137121334777 ], [ -39.817442390880096, -18.180076719219485 ], [ -39.817545035133193, -18.180030508031635 ], [ -39.817622942193047, -18.179997790234481 ], [ -39.817716905646918, -18.17995517301512 ], [ -39.817880251732348, -18.179883705867525 ], [ -39.817965670684373, -18.179844958360217 ], [ -39.818008958195819, -18.179826794603407 ], [ -39.818077300981159, -18.179795812006077 ], [ -39.818111890615391, -18.179781193532296 ], [ -39.818145826671199, -18.179765236589475 ], [ -39.818248668856391, -18.179719429607033 ], [ -39.818299757413982, -18.179695856158411 ], [ -39.818377764272661, -18.179663356690181 ], [ -39.81848914506881, -18.179613668006017 ], [ -39.818523955556849, -18.179599537055207 ], [ -39.818566115700882, -18.179579093635084 ], [ -39.818685367312149, -18.179524178034598 ], [ -39.81878034269635, -18.179483662710201 ], [ -39.818870839521267, -18.179443773610707 ] ] } },
{ "type": "Feature", "properties": { "Field": "000", "Length": 476.10417271320659, "Image": "/home/ubuntu/bemagro/data/image/Orthomosaico.tif", "Farm": "data" }, "geometry": { "type": "LineString", "coordinates": [ [ -39.818857483238034, -18.179434314231905 ], [ -39.818657508387588, -18.179521645390956 ], [ -39.818555575066334, -18.17956927211117 ], [ -39.818357987485356, -18.179656090852475 ], [ -39.81829758834084, -18.179681958417344 ], [ -39.818006663010586, -18.179812686154392 ], [ -39.81790338157176, -18.179857581238849 ], [ -39.81786070955993, -18.179877030319762 ], [ -39.817826093142656, -18.179891590983573 ], [ -39.817620670175657, -18.179983739825747 ], [ -39.817559986622136, -18.180008992163639 ], [ -39.817474379627591, -18.180047358899252 ], [ -39.81739685832602, -18.180080903578279 ], [ -39.817302939385456, -18.180123610525019 ], [ -39.817139424414997, -18.180194724475115 ], [ -39.817036795664769, -18.180240967400358 ], [ -39.816856324267754, -18.180320102247826 ], [ -39.816796459832368, -18.180347082111389 ], [ -39.816736116061357, -18.180373068042705 ], [ -39.816556620034085, -18.180454204736282 ], [ -39.816522012197467, -18.180468784296874 ], [ -39.816427735269173, -18.180510764856926 ], [ -39.816324444633757, -18.180555641560222 ], [ -39.816264847180925, -18.18058315634482 ], [ -39.81616160141121, -18.180628127377393 ], [ -39.816007550710552, -18.180697274088608 ], [ -39.815921346053919, -18.180734398806813 ], [ -39.815827388981738, -18.180777029830409 ], [ -39.815724031568791, -18.180821766204165 ], [ -39.815672817978019, -18.180845091335087 ], [ -39.815620984063877, -18.18086712899995 ], [ -39.815578537183505, -18.180887023630852 ], [ -39.815544019407604, -18.18090179717262 ], [ -39.815526950036137, -18.18090957587409 ], [ -39.815432618147597, -18.180951443775839 ], [ -39.8153979260901, -18.180965839006507 ], [ -39.815346857910782, -18.180989453620676 ], [ -39.815054928064519, -18.181118124006368 ], [ -39.814986568720911, -18.18114907434795 ], [ -39.814874645750017, -18.181197639432504 ], [ -39.814773588479483, -18.181243907272204 ] ] } },
{ "type": "Feature", "properties": { "Field": "000", "Length": 475.70162854026267, "Image": "/home/ubuntu/bemagro/data/image/Orthomosaico.tif", "Farm": "data" }, "geometry": { "type": "LineString", "coordinates": [ [ -39.818844701824354, -18.179425261993607 ], [ -39.818776199451456, -18.179454677828314 ], [ -39.818698962958265, -18.179488816898594 ], [ -39.818554069219267, -18.179555323223997 ], [ -39.818442004828512, -18.179603586959939 ], [ -39.81835646650358, -18.179642092641789 ], [ -39.818287412324224, -18.1796715986324 ], [ -39.818158784233603, -18.17972870231684 ], [ -39.818090642264274, -18.179760086207011 ], [ -39.817970324565593, -18.179812834732509 ], [ -39.817884839726219, -18.179851449108128 ], [ -39.81778149240948, -18.179896204942818 ], [ -39.817730466085266, -18.179919901290308 ], [ -39.817627544266003, -18.179965544854628 ], [ -39.817618946990471, -18.179969306053042 ], [ -39.817549753582028, -18.179998512592817 ], [ -39.817446991453991, -18.180044483619398 ], [ -39.817386603177951, -18.180070374257017 ], [ -39.817301264696411, -18.180109283633705 ], [ -39.817120907112937, -18.180188654818565 ], [ -39.817035404671763, -18.180227233963041 ], [ -39.816940594496309, -18.180268102258033 ], [ -39.816932016783539, -18.180271904074583 ], [ -39.816915053741816, -18.180279891803949 ], [ -39.816837512628105, -18.180313394730852 ], [ -39.816734747347816, -18.180359359948103 ], [ -39.816726155347354, -18.180363132184976 ], [ -39.816700188588356, -18.180374042602963 ], [ -39.816546488364523, -18.180443897287969 ], [ -39.816486028804164, -18.180469635748761 ], [ -39.816451854691088, -18.180485121635499 ], [ -39.816391521460908, -18.180511129832102 ], [ -39.816323070502079, -18.180541893968844 ], [ -39.816279984877056, -18.180560491194054 ], [ -39.816237374064173, -18.180580062671684 ], [ -39.815962522488533, -18.180700967508358 ], [ -39.815834207729914, -18.180758713348119 ], [ -39.815722220394584, -18.180807141913846 ], [ -39.815645405583567, -18.180842140385927 ], [ -39.815610893126234, -18.180856925253394 ], [ -39.815602315480923, -18.180860727258015 ], [ -39.81558539505064, -18.180868796949625 ], [ -39.815542265712601, -18.180887301876478 ], [ -39.815396477268152, -18.180952001410592 ], [ -39.815387928422048, -18.180955862250471 ], [ -39.815353995213329, -18.180971824592941 ], [ -39.815250648138388, -18.181016582931232 ], [ -39.815096517066998, -18.181085566580151 ], [ -39.815087930895793, -18.181089351003749 ], [ -39.815053361420738, -18.181104013477974 ], [ -39.814950604924576, -18.181149997479626 ], [ -39.814881614873066, -18.181179641290331 ], [ -39.814804850833895, -18.181214741490283 ], [ -39.814763693784535, -18.181232125457814 ] ] } },
{ "type": "Feature", "properties": { "Field": "000", "Length": 475.28343474435906, "Image": "/home/ubuntu/bemagro/data/image/Orthomosaico.tif", "Farm": "data" }, "geometry": { "type": "LineString", "coordinates": [ [ -39.818831183104457, -18.179415687567612 ], [ -39.818771357352986, -18.179441511976911 ], [ -39.818703178276188, -18.179472821514533 ], [ -39.818642953320513, -18.179499056845007 ], [ -39.818634403585349, -18.179502915734751 ], [ -39.818557731590033, -18.17953819831579 ], [ -39.818454356610125, -18.17958289518889 ], [ -39.818368758745883, -18.17962127981674 ], [ -39.818239667661466, -18.17967742069218 ], [ -39.818111466001398, -18.179735393829194 ], [ -39.817939614910081, -18.179810814088754 ], [ -39.817871361946224, -18.179841976885321 ], [ -39.817802064718926, -18.17987095648791 ], [ -39.817793460153013, -18.179874702413262 ], [ -39.817767747556083, -18.179886150002336 ], [ -39.817716868372933, -18.179910133341192 ], [ -39.817656898517939, -18.179936897528549 ], [ -39.817390275850407, -18.180053270756748 ], [ -39.817339088521955, -18.180076647660233 ], [ -39.817253073999488, -18.180114172029306 ], [ -39.817176252272255, -18.180149156015613 ], [ -39.81712459547181, -18.180171569516745 ], [ -39.817047646510922, -18.180206297171829 ], [ -39.816849748267565, -18.180292468406222 ], [ -39.816790048095278, -18.180319778360175 ], [ -39.816712603067899, -18.180353482558026 ], [ -39.816541562518118, -18.180430569422679 ], [ -39.816412253913605, -18.180486252250866 ], [ -39.8163439098672, -18.18051723252027 ], [ -39.816283636546231, -18.180543367165438 ], [ -39.816241091351081, -18.18056306806308 ], [ -39.816232524819199, -18.180566892882421 ], [ -39.816051939679674, -18.18064579107774 ], [ -39.816000640429174, -18.180668943295327 ], [ -39.815966092591026, -18.180683651792595 ], [ -39.815914931097836, -18.180707080050649 ], [ -39.81585464836764, -18.180733194758851 ], [ -39.815811896596237, -18.180752483303738 ], [ -39.815734298235952, -18.180785865072597 ], [ -39.815648857917033, -18.180824569835085 ], [ -39.815391560859815, -18.180938697315099 ], [ -39.81534041854232, -18.180962164771742 ], [ -39.815168169525109, -18.181036753346365 ], [ -39.815099939283208, -18.181067962369028 ], [ -39.815039539653526, -18.181093829221616 ], [ -39.814954253788244, -18.18113284427471 ], [ -39.814885232631703, -18.181162421488931 ], [ -39.814825496215157, -18.181189659300941 ], [ -39.814790990489044, -18.181204457973536 ], [ -39.8147530816345, -18.181219489352646 ] ] } },
{ "type": "Feature", "properties": { "Field": "000", "Length": 474.83707252254379, "Image": "/home/ubuntu/bemagro/data/image/Orthomosaico.tif", "Farm": "data" }, "geometry": { "type": "LineString", "coordinates": [ [ -39.818818377027185, -18.179406617857929 ], [ -39.818758572755698, -18.179432487826837 ], [ -39.818681969202416, -18.179467905809336 ], [ -39.81863025508347, -18.179490198143878 ], [ -39.818501990164165, -18.179548043242058 ], [ -39.818269790215744, -18.179649440835018 ], [ -39.818081330202894, -18.179733592292209 ], [ -39.817995224473073, -18.179770925041932 ], [ -39.817884143909566, -18.179821224335026 ], [ -39.817780592170095, -18.179865546682912 ], [ -39.817738185780094, -18.179885519500381 ], [ -39.81765269463078, -18.179924121346613 ], [ -39.817540636053728, -18.179972398185178 ], [ -39.817205868398069, -18.180120179090892 ], [ -39.817197297964817, -18.18012399586679 ], [ -39.817163400665407, -18.180140028012591 ], [ -39.817060436076204, -18.180185583655941 ], [ -39.81699142152457, -18.180215173523607 ], [ -39.81692295485734, -18.180245905625505 ], [ -39.816828226431483, -18.180286946714393 ], [ -39.816777067102464, -18.180310380019218 ], [ -39.816691232088594, -18.18034827873587 ], [ -39.816605962040654, -18.180387325308061 ], [ -39.816459419875137, -18.180450448944214 ], [ -39.816364987575007, -18.180492109128611 ], [ -39.816322499345745, -18.180511922621658 ], [ -39.816288006506106, -18.180526749021837 ], [ -39.816245387869131, -18.18054630500642 ], [ -39.816202249375714, -18.180564790323327 ], [ -39.816116576161797, -18.180603022345434 ], [ -39.816038886991862, -18.180636210732665 ], [ -39.815996323730523, -18.180655876648963 ], [ -39.815944596730745, -18.180678142483266 ], [ -39.815833369274237, -18.180728145612434 ], [ -39.815729797438415, -18.180772426411892 ], [ -39.815644477545646, -18.180811373883536 ], [ -39.815455583722063, -18.180894634761554 ], [ -39.815344709258007, -18.180945349392175 ], [ -39.815181061006371, -18.181016184401734 ], [ -39.815104253792533, -18.181051198595469 ], [ -39.815035119735391, -18.181080534567368 ], [ -39.814932540351215, -18.181126878596132 ], [ -39.814872327954568, -18.181153142051485 ], [ -39.814804101681069, -18.181184359370405 ], [ -39.814744179959, -18.181208889942745 ] ] } },
{ "type": "Feature", "properties": { "Field": "000", "Length": 474.35588533157159, "Image": "/home/ubuntu/bemagro/data/image/Orthomosaico.tif", "Farm": "data" }, "geometry": { "type": "LineString", "coordinates": [ [ -39.818805026669125, -18.179397162667698 ], [ -39.818753782016891, -18.179419190141267 ], [ -39.818745239301073, -18.179423063200403 ], [ -39.818677366979543, -18.179454976497738 ], [ -39.818668763996158, -18.179458725696161 ], [ -39.818625353191266, -18.179476618463831 ], [ -39.818616751994576, -18.179480371408346 ], [ -39.818497134665861, -18.179534554889511 ], [ -39.818282308820272, -18.179628804950365 ], [ -39.818136707481429, -18.179693885865241 ], [ -39.818033440942258, -18.179738811381341 ], [ -39.817879376842249, -18.179807929065603 ], [ -39.817801613991755, -18.179840957938822 ], [ -39.817793054660235, -18.17984479738022 ], [ -39.817725036508747, -18.179876425240955 ], [ -39.817639393333508, -18.179914717990385 ], [ -39.817424337532408, -18.180008488585202 ], [ -39.817270076874394, -18.180077204952468 ], [ -39.817192513801345, -18.18011066104873 ], [ -39.817124261240707, -18.180141823777085 ], [ -39.817047016085127, -18.180175945565431 ], [ -39.816875030642016, -18.180251086667447 ], [ -39.816772490540572, -18.180297508678542 ], [ -39.816695120821592, -18.180331371534308 ], [ -39.816618384116175, -18.180366525573543 ], [ -39.816489125181931, -18.180422312646794 ], [ -39.816368937199073, -18.180475331823889 ], [ -39.816317799746038, -18.180498807793622 ], [ -39.8162491702709, -18.180529206573748 ], [ -39.816180281811455, -18.18055906524156 ], [ -39.81613759085424, -18.180578476085454 ], [ -39.816042756261169, -18.18061929209663 ], [ -39.815991605455288, -18.180642741570598 ], [ -39.815931367925124, -18.180668950728617 ], [ -39.815820039094568, -18.180718747355272 ], [ -39.81569086761673, -18.180774719910492 ], [ -39.815528419982741, -18.180848036141736 ], [ -39.815365114290181, -18.180919589451079 ], [ -39.815271027480016, -18.180961958264724 ], [ -39.81521071110663, -18.180988002260751 ], [ -39.815108110058979, -18.181034301291348 ], [ -39.815073720615487, -18.181049345863538 ], [ -39.815047640496829, -18.181060006135276 ], [ -39.815039015237176, -18.181063708460279 ], [ -39.814799212072067, -18.181170927281556 ], [ -39.81473517582554, -18.181198168532237 ] ] } },
{ "type": "Feature", "properties": { "Field": "000", "Length": 473.93493170973068, "Image": "/home/ubuntu/bemagro/data/image/Orthomosaico.tif", "Farm": "data" }, "geometry": { "type": "LineString", "coordinates": [ [ -39.818792367766619, -18.17938819718859 ], [ -39.818749732480207, -18.179406488065226 ], [ -39.818664863626587, -18.179446324321614 ], [ -39.818612580521872, -18.179467369131601 ], [ -39.818501661753437, -18.179517993241543 ], [ -39.818458454910662, -18.179536331560826 ], [ -39.818381601090529, -18.179571250866225 ], [ -39.818286739041014, -18.179612008199832 ], [ -39.818252724624223, -18.179627811947661 ], [ -39.818201048496697, -18.179650184784695 ], [ -39.818132711932122, -18.179681179869956 ], [ -39.818029380778675, -18.179725970140666 ], [ -39.81788389225219, -18.179791281432458 ], [ -39.817780420486137, -18.179835774274835 ], [ -39.817600836764534, -18.179916732261223 ], [ -39.817385811915884, -18.180010567864649 ], [ -39.817283264474803, -18.180056975073111 ], [ -39.81717982027287, -18.180101526803504 ], [ -39.817120124359924, -18.180128845540036 ], [ -39.817016834183619, -18.180173722696384 ], [ -39.81687123754508, -18.180238814330277 ], [ -39.81683664670247, -18.180253430590181 ], [ -39.81675123973578, -18.18029220276852 ], [ -39.816690921596027, -18.180318242971332 ], [ -39.816622784865906, -18.180349638013997 ], [ -39.816467729999623, -18.180416702144715 ], [ -39.816236439259221, -18.180519983518089 ], [ -39.816176130542978, -18.180546043840714 ], [ -39.816081947491135, -18.1805882165858 ], [ -39.816021513974079, -18.180614011456989 ], [ -39.815961772827237, -18.180641240084071 ], [ -39.815927211103123, -18.180655919334828 ], [ -39.815867304375139, -18.180682813554562 ], [ -39.815824772968249, -18.180702542461592 ], [ -39.815626645488649, -18.180788232631166 ], [ -39.815524275384099, -18.180834997202965 ], [ -39.815421380365464, -18.180880697169446 ], [ -39.81536103281011, -18.180906675504819 ], [ -39.815232570002784, -18.180964120342573 ], [ -39.815189275254845, -18.180982269103914 ], [ -39.815103805274894, -18.181020915000211 ], [ -39.814923478246556, -18.181100351826384 ], [ -39.814863900863514, -18.181127906701303 ], [ -39.814769328829506, -18.181169277184484 ], [ -39.814726065809651, -18.181187321043463 ] ] } },
{ "type": "Feature", "properties": { "Field": "000", "Length": 473.47313858450019, "Image": "/home/ubuntu/bemagro/data/image/Orthomosaico.tif", "Farm": "data" }, "geometry": { "type": "LineString", "coordinates": [ [ -39.818779463295463, -18.179379057787315 ], [ -39.818728317351258, -18.179401296876058 ], [ -39.818668689558045, -18.179428749403165 ], [ -39.818660120225815, -18.179432568362902 ], [ -39.818599766419503, -18.179458531515866 ], [ -39.818462851008803, -18.179520030687385 ], [ -39.818273706994979, -18.179602767828101 ], [ -39.818076709705565, -18.179690803512134 ], [ -39.817673168680273, -18.179868683563296 ], [ -39.817553375634027, -18.179922511922641 ], [ -39.81741583011086, -18.179982713740863 ], [ -39.817218629573681, -18.180070333902247 ], [ -39.817184051774731, -18.180084977346922 ], [ -39.817175461413655, -18.180088752967659 ], [ -39.817107283458213, -18.18012006594013 ], [ -39.817098672198149, -18.180123797813792 ], [ -39.817072624517166, -18.180134529936332 ], [ -39.817021000993542, -18.180157013805363 ], [ -39.816866923310684, -18.180226104317903 ], [ -39.816806676653506, -18.180252294577386 ], [ -39.816618190654822, -18.180336394337679 ], [ -39.816394731961971, -18.180434333479521 ], [ -39.816232096008825, -18.180507266552343 ], [ -39.816154533379063, -18.180540723706269 ], [ -39.816086066321262, -18.180571454435562 ], [ -39.815922763234397, -18.180643012825652 ], [ -39.815794485501499, -18.18070083298867 ], [ -39.815605065127819, -18.18078299305477 ], [ -39.815493718129119, -18.180832752721162 ], [ -39.815442663274951, -18.180856392051059 ], [ -39.815167576763308, -18.180976808810581 ], [ -39.81505632853105, -18.18102676992466 ], [ -39.814978923266935, -18.181060558761235 ], [ -39.814833574790576, -18.181126156529437 ], [ -39.814756243532536, -18.181160100725386 ], [ -39.814717016961183, -18.181176546386205 ] ] } },
{ "type": "Feature", "properties": { "Field": "000", "Length": 473.04203152721885, "Image": "/home/ubuntu/bemagro/data/image/Orthomosaico.tif", "Farm": "data" }, "geometry": { "type": "LineString", "coordinates": [ [ -39.818766745206666, -18.179370050386755 ], [ -39.818457936582888, -18.179507087513777 ], [ -39.818414711533286, -18.179525386587702 ], [ -39.818354970657843, -18.179552614943521 ], [ -39.818268819203873, -18.179589851028314 ], [ -39.818174824139305, -18.179632404108013 ], [ -39.818011554010873, -18.179704029171827 ], [ -39.817951812284122, -18.179731255955797 ], [ -39.817857079806672, -18.179772287931044 ], [ -39.817771558567692, -18.179810828761823 ], [ -39.817685421299295, -18.179848095114998 ], [ -39.817531412199557, -18.179917324925789 ], [ -39.817462571347541, -18.179947283314636 ], [ -39.817342645036135, -18.180000840403974 ], [ -39.817247961010274, -18.180041974769768 ], [ -39.817093885693957, -18.180111070214473 ], [ -39.81701613448481, -18.1801441252316 ], [ -39.816913235278378, -18.180189815666036 ], [ -39.816853562954094, -18.180217181518408 ], [ -39.816724673582399, -18.180273745459676 ], [ -39.816604842662386, -18.180327497781768 ], [ -39.816492882859713, -18.180375984176134 ], [ -39.81620158334335, -18.180505951001276 ], [ -39.816141060506652, -18.180531553758936 ], [ -39.816064140913213, -18.180566341472161 ], [ -39.8159783768536, -18.18060438699397 ], [ -39.81594378760461, -18.18061900687626 ], [ -39.815721151194417, -18.180718643467014 ], [ -39.815600345628241, -18.18077036483006 ], [ -39.815437960338336, -18.1808438071388 ], [ -39.815257203862302, -18.180922346723008 ], [ -39.815154559486977, -18.180968558919563 ], [ -39.815119957993808, -18.180983152477172 ], [ -39.815051712144083, -18.181014330795477 ], [ -39.814948472339111, -18.181059314939127 ], [ -39.814888797334078, -18.181086676101685 ], [ -39.814768807308745, -18.181140104410421 ], [ -39.814707982531289, -18.18116578889564 ] ] } },
{ "type": "Feature", "properties": { "Field": "000", "Length": 472.63557337705191, "Image": "/home/ubuntu/bemagro/data/image/Orthomosaico.tif", "Farm": "data" }, "geometry": { "type": "LineString", "coordinates": [ [ -39.81875427576616, -18.179361219085951 ], [ -39.818694353598353, -18.179386834198642 ], [ -39.818608923844387, -18.179425559342103 ], [ -39.818256631298027, -18.179580174580863 ], [ -39.818145531126426, -18.179630433513172 ], [ -39.818059439516709, -18.179667794443986 ], [ -39.817931102321182, -18.179725492680678 ], [ -39.817836172721911, -18.179766105335265 ], [ -39.817784974373147, -18.179789459871234 ], [ -39.817707518293496, -18.179823141270923 ], [ -39.817630645141541, -18.179858021502412 ], [ -39.817535906271949, -18.179899039679093 ], [ -39.817399246772062, -18.179961057339593 ], [ -39.81727869770156, -18.180013321292222 ], [ -39.817098658055471, -18.180093348880575 ], [ -39.817012411440395, -18.180130383347436 ], [ -39.816807059310555, -18.180222676993292 ], [ -39.816729387184353, -18.180255899005918 ], [ -39.816678200877512, -18.180279278037734 ], [ -39.816600810579239, -18.180313098024833 ], [ -39.816489627249162, -18.180363190286151 ], [ -39.816455155817394, -18.180378058964376 ], [ -39.81643819501884, -18.180386050693315 ], [ -39.816300534204395, -18.180446012191378 ], [ -39.81621511707732, -18.180484762532505 ], [ -39.816120310444241, -18.180525637893076 ], [ -39.816060614370883, -18.180552956403286 ], [ -39.815957639797382, -18.180598491985734 ], [ -39.815914445126474, -18.180616855624809 ], [ -39.815726091833106, -18.180701227486043 ], [ -39.815639908062423, -18.180738395424243 ], [ -39.815554111782419, -18.180776374707268 ], [ -39.81546869466424, -18.180815126403001 ], [ -39.815382751411299, -18.180852800938702 ], [ -39.815340122792655, -18.18087233528124 ], [ -39.815236615939597, -18.180916754666569 ], [ -39.815056731676222, -18.180997103086369 ], [ -39.814944881188531, -18.18104582008419 ], [ -39.814876556786722, -18.181076840873242 ], [ -39.81486797459786, -18.18108063354736 ], [ -39.814824752263718, -18.181098938401984 ], [ -39.814747873337275, -18.181133807920844 ], [ -39.814698699999482, -18.18115473598289 ] ] } },
{ "type": "Feature", "properties": { "Field": "000", "Length": 472.23450145912096, "Image": "/home/ubuntu/bemagro/data/image/Orthomosaico.tif", "Farm": "data" }, "geometry": { "type": "LineString", "coordinates": [ [ -39.818741946728117, -18.17935248722145 ], [ -39.818690359922016, -18.179373760978422 ], [ -39.818579280929562, -18.179424061796428 ], [ -39.818432916978821, -18.17948755995673 ], [ -39.818355912002708, -18.179522173448721 ], [ -39.818312734317352, -18.179540574024742 ], [ -39.818261657374087, -18.17956416960542 ], [ -39.818201387671202, -18.179590310868122 ], [ -39.818133068203267, -18.179621340002168 ], [ -39.818072696720762, -18.179647266018865 ], [ -39.817986945287934, -18.179685336342558 ], [ -39.817901651457667, -18.179724334694793 ], [ -39.817840990953059, -18.179749636177853 ], [ -39.817772529811734, -18.17978037835509 ], [ -39.817703586129653, -18.179810119525687 ], [ -39.817643881398901, -18.179837419964464 ], [ -39.81757510566748, -18.179867514326244 ], [ -39.817532419960251, -18.179886935729275 ], [ -39.817489251781424, -18.179905356687087 ], [ -39.817463743404424, -18.179917212175393 ], [ -39.817369411163106, -18.179959078395996 ], [ -39.817326922633129, -18.179978890848684 ], [ -39.817275235843084, -18.180001240550297 ], [ -39.817249119992475, -18.180011820892396 ], [ -39.817240490762792, -18.180015514634817 ], [ -39.816991368241105, -18.180125003333561 ], [ -39.816846323980329, -18.180191211852549 ], [ -39.81678598103403, -18.180217198941481 ], [ -39.816751771062187, -18.18023261219281 ], [ -39.816691250163473, -18.180258218301038 ], [ -39.816563096444739, -18.180316288747139 ], [ -39.816519987922618, -18.180334836063309 ], [ -39.816451499395662, -18.180365523769684 ], [ -39.81640829603073, -18.18038386969841 ], [ -39.816348399642941, -18.180410784277736 ], [ -39.816279568026623, -18.180440762342524 ], [ -39.816219773470117, -18.180467883288728 ], [ -39.816116432655441, -18.180512653954803 ], [ -39.816039564910938, -18.180547544782765 ], [ -39.815884783224135, -18.180615183436572 ], [ -39.815842161850263, -18.180634733818483 ], [ -39.815756250449027, -18.180672474166116 ], [ -39.815679438066333, -18.180707477591806 ], [ -39.815610390391257, -18.180736998045024 ], [ -39.815473333996238, -18.180798211856786 ], [ -39.815430224128612, -18.180816758082464 ], [ -39.81535345463967, -18.180851847183966 ], [ -39.815250057041013, -18.180896498260548 ], [ -39.815233066978983, -18.180904433445718 ], [ -39.815224502722629, -18.18090826295785 ], [ -39.815138470694485, -18.180945752018491 ], [ -39.815078725160902, -18.180972971848341 ], [ -39.815018404195492, -18.180999006193783 ], [ -39.814984241022785, -18.181014514268472 ], [ -39.814975632963389, -18.181018252985105 ], [ -39.814915158557135, -18.181043960509552 ], [ -39.814872621843669, -18.18106367822633 ], [ -39.814820752382815, -18.181085638235476 ], [ -39.814752510813094, -18.181116824332172 ], [ -39.814689713070116, -18.181144035048575 ] ] } },
{ "type": "Feature", "properties": { "Field": "000", "Length": 471.76858898708275, "Image": "/home/ubuntu/bemagro/data/image/Orthomosaico.tif", "Farm": "data" }, "geometry": { "type": "LineString", "coordinates": [ [ -39.818728527209345, -18.17934298303766 ], [ -39.818677122043439, -18.179364659875116 ], [ -39.818540309778477, -18.179426368423208 ], [ -39.818385344818317, -18.179493619944822 ], [ -39.81832575563147, -18.179521149240546 ], [ -39.818299683954727, -18.17953182813433 ], [ -39.818257041310069, -18.179551335433484 ], [ -39.818205191280015, -18.179573337253856 ], [ -39.818119726893329, -18.179611992879725 ], [ -39.817973770587521, -18.179676343213401 ], [ -39.817888405018749, -18.179715197479325 ], [ -39.817836429943817, -18.179736928215036 ], [ -39.817656361015025, -18.179816895209857 ], [ -39.81764776280545, -18.179820654442594 ], [ -39.817613062514887, -18.179835031289663 ], [ -39.817570125683382, -18.179853940357336 ], [ -39.817561556069826, -18.179857758787943 ], [ -39.817519008130965, -18.179877454350041 ], [ -39.817475928186617, -18.179896063539712 ], [ -39.817304868360168, -18.179973110137617 ], [ -39.817227184033392, -18.180006308203097 ], [ -39.817098831719271, -18.180063976797882 ], [ -39.817090252346247, -18.180067775175615 ], [ -39.817055642510283, -18.180082349950119 ], [ -39.816961511203431, -18.1801246272946 ], [ -39.816926932930876, -18.180139270253342 ], [ -39.816867246275656, -18.18016660744134 ], [ -39.816755795954855, -18.180216154436565 ], [ -39.816626697433335, -18.180272280175153 ], [ -39.816558512408285, -18.180303578924843 ], [ -39.816506759327929, -18.180325789019779 ], [ -39.816438196823633, -18.18035632513363 ], [ -39.816394898707038, -18.180374465642053 ], [ -39.816326692285529, -18.180405722030073 ], [ -39.816111795254173, -18.180499826070154 ], [ -39.81605202857304, -18.180527003223659 ], [ -39.815974569249839, -18.180560678248685 ], [ -39.815949182952615, -18.180572772640527 ], [ -39.815906141660271, -18.180591463671085 ], [ -39.815872026862024, -18.180607068570414 ], [ -39.815794287180033, -18.180640148561523 ], [ -39.815657653484905, -18.180702219676924 ], [ -39.815528410929673, -18.180758043005323 ], [ -39.815468742521574, -18.180785416805396 ], [ -39.815425646615246, -18.180803992623847 ], [ -39.815348821486232, -18.180838970526288 ], [ -39.815262509492605, -18.180875866665051 ], [ -39.815168411875497, -18.180918213640954 ], [ -39.815030823250837, -18.180978327009974 ], [ -39.814979782096451, -18.181001994610778 ], [ -39.814910727051263, -18.181031499871253 ], [ -39.814868031649418, -18.181050902262488 ], [ -39.814833439886478, -18.181065516623715 ], [ -39.81478214488282, -18.181088677793049 ], [ -39.814680330616788, -18.181132863153291 ] ] } },
{ "type": "Feature", "properties": { "Field": "000", "Length": 471.29444681098477, "Image": "/home/ubuntu/bemagro/data/image/Orthomosaico.tif", "Farm": "data" }, "geometry": { "type": "LineString", "coordinates": [ [ -39.818715426854801, -18.179333704895448 ], [ -39.818672684180846, -18.17935176124746 ], [ -39.818484272127755, -18.179436009633015 ], [ -39.818389510750478, -18.179476980053007 ], [ -39.818252561700994, -18.17953841085717 ], [ -39.818149329829645, -18.179583409504257 ], [ -39.818038080895931, -18.179633367340077 ], [ -39.81798643676202, -18.179655807425867 ], [ -39.817901013490356, -18.179694545853366 ], [ -39.817789011068825, -18.179742939745633 ], [ -39.817660659765259, -18.179800609964392 ], [ -39.817574227675458, -18.179837246820831 ], [ -39.817565644188136, -18.179841036671196 ], [ -39.817291894736748, -18.179964202396427 ], [ -39.817188455727802, -18.180008764752046 ], [ -39.817162988769695, -18.180020702673492 ], [ -39.817154428479938, -18.180024540183343 ], [ -39.817051248391813, -18.180069648000352 ], [ -39.816931345274391, -18.180123252642613 ], [ -39.816905404623903, -18.180134219773247 ], [ -39.816896815788944, -18.180137998571208 ], [ -39.81673422221477, -18.180211017322879 ], [ -39.816630705985062, -18.180255415852738 ], [ -39.816562473980014, -18.180286620632437 ], [ -39.816381905113616, -18.180365551870938 ], [ -39.816322139568015, -18.180392731132152 ], [ -39.816261825509272, -18.180418779649795 ], [ -39.816116256000086, -18.180483926967355 ], [ -39.8159874243159, -18.180540611268604 ], [ -39.81595342689323, -18.180556448363955 ], [ -39.815944867826417, -18.180560288424143 ], [ -39.815841802406894, -18.180605635846877 ], [ -39.815807083542602, -18.180619971750623 ], [ -39.815738728620936, -18.180650929387959 ], [ -39.815704224619068, -18.180665731748245 ], [ -39.815695667933419, -18.180669576665814 ], [ -39.815644540046449, -18.180693072865594 ], [ -39.815541129738939, -18.180737696731832 ], [ -39.815472885059336, -18.180768876704459 ], [ -39.815352938124136, -18.180822392756639 ], [ -39.815266545098183, -18.180859115056627 ], [ -39.815163828537621, -18.180905179974079 ], [ -39.815051958620394, -18.180953856274087 ], [ -39.814966568820708, -18.180992663476609 ], [ -39.814837490207722, -18.181048832790779 ], [ -39.814671419762767, -18.181122252799941 ] ] } },
{ "type": "Feature", "properties": { "Field": "000", "Length": 470.81708460715856, "Image": "/home/ubuntu/bemagro/data/image/Orthomosaico.tif", "Farm": "data" }, "geometry": { "type": "LineString", "coordinates": [ [ -39.818702176225841, -18.17932432032153 ], [ -39.818522014071462, -18.179402857672986 ], [ -39.818376689192853, -18.179468500345024 ], [ -39.818324951534052, -18.179490742715512 ], [ -39.818247891126937, -18.179525243441358 ], [ -39.818170293962538, -18.179558626784292 ], [ -39.8181106796563, -18.179586107386299 ], [ -39.817938848923284, -18.179661569804974 ], [ -39.817879203810655, -18.179688989283967 ], [ -39.817784399353485, -18.179729868923047 ], [ -39.817716144161061, -18.179761027415452 ], [ -39.81766457267026, -18.179783619527811 ], [ -39.817647675170349, -18.179791733321878 ], [ -39.817569888260273, -18.179824711067273 ], [ -39.817467177262074, -18.179870786254536 ], [ -39.817423952860196, -18.179889086330338 ], [ -39.817407068985432, -18.179897226184195 ], [ -39.817304132953325, -18.179942840322468 ], [ -39.817278656380282, -18.17995476010541 ], [ -39.817235474749943, -18.179973152800681 ], [ -39.817115522049725, -18.180026655882674 ], [ -39.817037973800822, -18.180060143578569 ], [ -39.816952200062694, -18.180098168604843 ], [ -39.816943637050684, -18.180102000570241 ], [ -39.81690120882579, -18.180121930891293 ], [ -39.816832212947148, -18.180151561716439 ], [ -39.816781000892981, -18.180174889454996 ], [ -39.816703617272339, -18.180208723487301 ], [ -39.816695008646576, -18.180212460920938 ], [ -39.816634373812583, -18.18023781978054 ], [ -39.816549344104224, -18.18027734217927 ], [ -39.816248534052839, -18.180409182996296 ], [ -39.816197391820239, -18.180432650433485 ], [ -39.815991283384221, -18.18052339147836 ], [ -39.815871669349555, -18.180577583696486 ], [ -39.815725339708436, -18.180641156504358 ], [ -39.815665621436985, -18.180668430870579 ], [ -39.815570839316088, -18.180709359093147 ], [ -39.815451096691504, -18.180763291487157 ], [ -39.815399338570302, -18.180785491200432 ], [ -39.815288090101518, -18.180835451788354 ], [ -39.815167536116853, -18.180887706852332 ], [ -39.815099188183652, -18.18091868008322 ], [ -39.814815780616819, -18.181043433342527 ], [ -39.814662687204248, -18.181111854745325 ] ] } },
{ "type": "Feature", "properties": { "Field": "000", "Length": 470.34748098539211, "Image": "/home/ubuntu/bemagro/data/image/Orthomosaico.tif", "Farm": "data" }, "geometry": { "type": "LineString", "coordinates": [ [ -39.818688872186009, -18.17931489791814 ], [ -39.818646347865688, -18.179333427454434 ], [ -39.818578067644552, -18.17936453350114 ], [ -39.818483283011766, -18.17940545482746 ], [ -39.818363712360458, -18.179459731674964 ], [ -39.818234901343295, -18.179516457200961 ], [ -39.818174430982978, -18.179542171879547 ], [ -39.818097610193981, -18.179577155427918 ], [ -39.817934256206307, -18.179648605475968 ], [ -39.81788333361812, -18.179672503653375 ], [ -39.817874766338385, -18.179676326844831 ], [ -39.817788489768063, -18.179713297455212 ], [ -39.817694495864295, -18.179755852255816 ], [ -39.817548279003894, -18.179819659816761 ], [ -39.817471303424782, -18.179854332799678 ], [ -39.817307971795998, -18.179925830128717 ], [ -39.817273918108206, -18.179941554350211 ], [ -39.817213714472764, -18.179967835275384 ], [ -39.817128221215121, -18.180006431739397 ], [ -39.816990393647515, -18.180066041530836 ], [ -39.816853748527272, -18.180128087738701 ], [ -39.816681992932828, -18.180203707580915 ], [ -39.816647360548352, -18.180218231814479 ], [ -39.816578686548141, -18.18024853834223 ], [ -39.816518941032072, -18.180275756392607 ], [ -39.816458667261301, -18.180301890287051 ], [ -39.816433128768765, -18.18031368701897 ], [ -39.816321487329652, -18.18036283953893 ], [ -39.816286919085549, -18.180377502902836 ], [ -39.816047096809456, -18.180484680584577 ], [ -39.815943946153659, -18.180529850377809 ], [ -39.815884265329956, -18.180557199002983 ], [ -39.815780865379537, -18.18060184338481 ], [ -39.815652453288287, -18.180659391249559 ], [ -39.815609272983345, -18.180677786599464 ], [ -39.815557975066021, -18.180700940745879 ], [ -39.815489072289594, -18.18073076892998 ], [ -39.815446476905372, -18.180750369762368 ], [ -39.81533501626852, -18.180799896398831 ], [ -39.815197335020194, -18.180859815665858 ], [ -39.815060324964811, -18.180921124490681 ], [ -39.814965547157769, -18.180962061119885 ], [ -39.814683052655681, -18.181088692514425 ], [ -39.814653524283862, -18.181100944247291 ] ] } },
{ "type": "Feature", "properties": { "Field": "000", "Length": 469.98638574918942, "Image": "/home/ubuntu/bemagro/data/image/Orthomosaico.tif", "Farm": "data" }, "geometry": { "type": "LineString", "coordinates": [ [ -39.81867663585539, -18.179306231703368 ], [ -39.818642484078346, -18.179320638533731 ], [ -39.818574008169065, -18.179351351071642 ], [ -39.818453473101869, -18.179403643697963 ], [ -39.818273879894825, -18.179484581497306 ], [ -39.818161758851971, -18.179532725017637 ], [ -39.818016470508134, -18.179598441871324 ], [ -39.817921716315489, -18.179639427854351 ], [ -39.817862195627171, -18.179667093381944 ], [ -39.817784301959932, -18.179699840064849 ], [ -39.817690386719171, -18.17974255401667 ], [ -39.817544206189169, -18.179806437975554 ], [ -39.817450252612176, -18.179849074955587 ], [ -39.817398384469435, -18.179871038230054 ], [ -39.817235531616895, -18.179943526584484 ], [ -39.817200984464286, -18.179958236824259 ], [ -39.817124150716907, -18.179993196891324 ], [ -39.816909051992809, -18.180086877924467 ], [ -39.816789728468564, -18.180141651577149 ], [ -39.816651949860528, -18.180201364941688 ], [ -39.816609312720942, -18.180220883970783 ], [ -39.816497442596472, -18.180269558977717 ], [ -39.816386240703167, -18.180319613527136 ], [ -39.816239907931056, -18.180383179350013 ], [ -39.816197340888571, -18.180402837763872 ], [ -39.816051393633892, -18.180467208450942 ], [ -39.816008880371584, -18.180486972954021 ], [ -39.815922741838236, -18.180524237421377 ], [ -39.815828545750627, -18.180566383548907 ], [ -39.815768123072061, -18.180592201604764 ], [ -39.815597001626827, -18.180669124824121 ], [ -39.815493691605901, -18.180713960983493 ], [ -39.815356573029007, -18.180775047695935 ], [ -39.815313391590763, -18.180793441350001 ], [ -39.815219408183339, -18.180836019397937 ], [ -39.815167616809852, -18.180858148264313 ], [ -39.815107763189772, -18.180885150469564 ], [ -39.815038920974786, -18.180915106886335 ], [ -39.815013457930014, -18.180927053589812 ], [ -39.814935782782186, -18.180960272451678 ], [ -39.814747746162546, -18.181045288076618 ], [ -39.814678763780094, -18.181074948573666 ], [ -39.814643561242029, -18.181089081024322 ] ] } },
{ "type": "Feature", "properties": { "Field": "000", "Length": 469.61364297935597, "Image": "/home/ubuntu/bemagro/data/image/Orthomosaico.tif", "Farm": "data" }, "geometry": { "type": "LineString", "coordinates": [ [ -39.81866445536717, -18.179297605036545 ], [ -39.818604241206138, -18.179322577252677 ], [ -39.818570070670667, -18.179338069914731 ], [ -39.818415303769491, -18.179405736874038 ], [ -39.818252793775464, -18.179478923578422 ], [ -39.818140739368275, -18.179527208010644 ], [ -39.818029848953202, -18.179577888233961 ], [ -39.817926308334819, -18.179622233534701 ], [ -39.817849484648505, -18.179657212970898 ], [ -39.817754680248591, -18.179698092340491 ], [ -39.817669271879751, -18.179736860761512 ], [ -39.817591788916346, -18.179770485622271 ], [ -39.817523441402216, -18.17980145803952 ], [ -39.817488900932837, -18.179816181770999 ], [ -39.817437727848422, -18.179839587352973 ], [ -39.817429147836776, -18.179843384381737 ], [ -39.817394460006597, -18.179857788355637 ], [ -39.81732579055118, -18.179888103955818 ], [ -39.817197263064372, -18.179945414793437 ], [ -39.817120495746302, -18.179980506645091 ], [ -39.817051398691234, -18.18000992092345 ], [ -39.816957111472746, -18.180051879578386 ], [ -39.816905361526757, -18.180074095703912 ], [ -39.816794374910735, -18.180124584252802 ], [ -39.816691048632904, -18.180169385268524 ], [ -39.816528327373966, -18.180242143755962 ], [ -39.816519719065809, -18.180245881854475 ], [ -39.816493677178066, -18.180256627097229 ], [ -39.816279470938902, -18.180352159012468 ], [ -39.816270865600934, -18.180355903368085 ], [ -39.81623615357109, -18.180370254789999 ], [ -39.816227534520003, -18.18037397020473 ], [ -39.816185032457106, -18.180393756020706 ], [ -39.816056034714663, -18.180450094113507 ], [ -39.816047462893593, -18.180453908076885 ], [ -39.815970799986985, -18.180489208791887 ], [ -39.815893170842727, -18.180522524987921 ], [ -39.815798994485185, -18.1805647112629 ], [ -39.815678585083432, -18.180617269467728 ], [ -39.815593085201378, -18.180655854380745 ], [ -39.815318170117884, -18.180776627515161 ], [ -39.815206977399718, -18.180826701041301 ], [ -39.815146609399115, -18.180852635906898 ], [ -39.815138019673419, -18.180856412928279 ], [ -39.815103912471798, -18.180872032905697 ], [ -39.815035008067817, -18.180901857556201 ], [ -39.815000953798709, -18.180917582742946 ], [ -39.814863328736195, -18.180977619833296 ], [ -39.814795048837112, -18.181008729969246 ], [ -39.81475271543588, -18.181028843066013 ], [ -39.814744193017539, -18.18103275691178 ], [ -39.814674953492897, -18.181061863792774 ], [ -39.81463401636907, -18.181077715722569 ] ] } },
{ "type": "Feature", "properties": { "Field": "000", "Length": 469.1178654792015, "Image": "/home/ubuntu/bemagro/data/image/Orthomosaico.tif", "Farm": "data" }, "geometry": { "type": "LineString", "coordinates": [ [ -39.818651275410609, -18.179288270507847 ], [ -39.818607006078928, -18.179306461326455 ], [ -39.818555338174932, -18.179328851302646 ], [ -39.818246671967266, -18.179465984198938 ], [ -39.818143490123511, -18.179511087598396 ], [ -39.81804101068586, -18.179557631229905 ], [ -39.817971967899993, -18.179587161661484 ], [ -39.817765874131432, -18.179677930910206 ], [ -39.817654699033923, -18.179728038978425 ], [ -39.817551532366139, -18.179773174440424 ], [ -39.817517524846302, -18.179788991822285 ], [ -39.817328375149671, -18.179871717797575 ], [ -39.817105823254508, -18.179971524653695 ], [ -39.816933733363321, -18.180046446520453 ], [ -39.8168055372211, -18.1801044317159 ], [ -39.816676391783382, -18.180160459304588 ], [ -39.816616605792525, -18.180187597525862 ], [ -39.816436091663839, -18.180266643203158 ], [ -39.816153296137628, -18.18039265670507 ], [ -39.816049931029745, -18.180437376336489 ], [ -39.815981595648978, -18.180468374504883 ], [ -39.815921263919996, -18.180494386087016 ], [ -39.815810006700026, -18.180544328504148 ], [ -39.81566386987285, -18.180608305297824 ], [ -39.815526940957277, -18.180669779300537 ], [ -39.815449325227306, -18.180703124548462 ], [ -39.815355180559351, -18.180745375736908 ], [ -39.815312028355031, -18.180763831952721 ], [ -39.815226569852129, -18.18080250081254 ], [ -39.815192006178364, -18.180817175953543 ], [ -39.815149366776545, -18.180836690798962 ], [ -39.815037451261254, -18.180885271294429 ], [ -39.814943346571418, -18.180927603995546 ], [ -39.814831553051143, -18.180976440587234 ], [ -39.814720675135376, -18.181027148532564 ], [ -39.814625356712043, -18.181067404466226 ] ] } },
{ "type": "Feature", "properties": { "Field": "000", "Length": 468.60148287848375, "Image": "/home/ubuntu/bemagro/data/image/Orthomosaico.tif", "Farm": "data" }, "geometry": { "type": "LineString", "coordinates": [ [ -39.818637893044787, -18.179278792623492 ], [ -39.818560608353557, -18.179311570125094 ], [ -39.818389312877791, -18.179388135812971 ], [ -39.818346186273573, -18.179406644435591 ], [ -39.818234839183077, -18.179456401861092 ], [ -39.818148854260031, -18.179493987698237 ], [ -39.818020618798187, -18.179551892501312 ], [ -39.818012034925744, -18.179555681523091 ], [ -39.81795154229598, -18.179581348236006 ], [ -39.817831528861866, -18.179634726171681 ], [ -39.817796925629779, -18.179649311841157 ], [ -39.817762894518062, -18.179665082362877 ], [ -39.817574123954152, -18.179748595532907 ], [ -39.817497235487153, -18.179783444917291 ], [ -39.817488653118112, -18.179787237072922 ], [ -39.817454063387508, -18.179801854831027 ], [ -39.817402708018307, -18.179824892417194 ], [ -39.817342374963602, -18.179850900444677 ], [ -39.817111051618916, -18.179954113406136 ], [ -39.816896334524515, -18.180048590668818 ], [ -39.816802335000958, -18.18009113467437 ], [ -39.816707403387376, -18.180131743765703 ], [ -39.816630492763665, -18.180166548602593 ], [ -39.816578723502701, -18.180188723944411 ], [ -39.816390176942207, -18.180272699463554 ], [ -39.81629557693261, -18.180314009971443 ], [ -39.816175838994631, -18.180367951269524 ], [ -39.816081388818326, -18.180409574410469 ], [ -39.81602090395247, -18.180435257499692 ], [ -39.815815419491202, -18.180527282439279 ], [ -39.815643698337126, -18.180602974621429 ], [ -39.815609089204891, -18.180617550002818 ], [ -39.815600551826186, -18.180621433899844 ], [ -39.815592168616092, -18.180625613364242 ], [ -39.815540815872559, -18.180648657156642 ], [ -39.815480466062908, -18.180674629047516 ], [ -39.815360609365946, -18.180728329473432 ], [ -39.815283089101662, -18.180761875586381 ], [ -39.81520634166732, -18.180797008646255 ], [ -39.815059950058966, -18.180860451408606 ], [ -39.814802610383161, -18.180974491254826 ], [ -39.814734483378068, -18.181005904816114 ], [ -39.814617321083396, -18.181057836253597 ] ] } },
{ "type": "Feature", "properties": { "Field": "000", "Length": 468.15377451705768, "Image": "/home/ubuntu/bemagro/data/image/Orthomosaico.tif", "Farm": "data" }, "geometry": { "type": "LineString", "coordinates": [ [ -39.818624767974697, -18.179269496963489 ], [ -39.818538837959167, -18.17930593465729 ], [ -39.8185302523517, -18.179309720058868 ], [ -39.818230298185071, -18.179443327034637 ], [ -39.818144252926913, -18.179480786659692 ], [ -39.818093102238734, -18.179504236551985 ], [ -39.818015897683146, -18.179538441552211 ], [ -39.81791247495832, -18.179583038086339 ], [ -39.817475234681162, -18.179777387009921 ], [ -39.817225935018953, -18.179886505945603 ], [ -39.8171406344971, -18.179925491143663 ], [ -39.817080328862716, -18.179951556251638 ], [ -39.81682329688865, -18.180066225362264 ], [ -39.816711403869043, -18.18011485199721 ], [ -39.816617302062546, -18.180157189550794 ], [ -39.816565574229209, -18.180179452550504 ], [ -39.816402464785163, -18.180251412532456 ], [ -39.816265482525985, -18.180312777218827 ], [ -39.816213799789509, -18.180335136511243 ], [ -39.816162627963081, -18.180358544747392 ], [ -39.816033534599505, -18.180414682126688 ], [ -39.815973684963645, -18.180441691420576 ], [ -39.815681782486699, -18.180570416579975 ], [ -39.815656268363995, -18.180582263051051 ], [ -39.8155873358007, -18.180612028377254 ], [ -39.815518979265846, -18.180642983901375 ], [ -39.815450114638324, -18.180672892878388 ], [ -39.815347340511451, -18.180718840470234 ], [ -39.815286988719805, -18.180744809601887 ], [ -39.815192947520586, -18.18078727069587 ], [ -39.814952355056249, -18.180892860729308 ], [ -39.81472107626464, -18.180996168001851 ], [ -39.814660743013199, -18.181022176700914 ], [ -39.814607836465669, -18.181046542693633 ] ] } },
{ "type": "Feature", "properties": { "Field": "000", "Length": 467.68335013690694, "Image": "/home/ubuntu/bemagro/data/image/Orthomosaico.tif", "Farm": "data" }, "geometry": { "type": "LineString", "coordinates": [ [ -39.818611402051893, -18.179260030720727 ], [ -39.818542858558153, -18.179289357466288 ], [ -39.818371687616185, -18.17936617713216 ], [ -39.818303027208813, -18.179396511033126 ], [ -39.818277070038278, -18.179407439652941 ], [ -39.818251603208886, -18.179419378110502 ], [ -39.818114095776096, -18.179479658520513 ], [ -39.818028526510737, -18.179518101406227 ], [ -39.81789941896735, -18.179574207452383 ], [ -39.817848222088855, -18.179597565109081 ], [ -39.817727857608226, -18.179650215876833 ], [ -39.817479388523992, -18.179761051728626 ], [ -39.817367528760222, -18.179809747651266 ], [ -39.817324777555918, -18.179829036897726 ], [ -39.817264401035345, -18.179854952403335 ], [ -39.81720465937002, -18.179882178603822 ], [ -39.817187320752701, -18.179889392529269 ], [ -39.817178715614546, -18.179893137258709 ], [ -39.817161826108304, -18.179901265819272 ], [ -39.817075755616422, -18.179938672918986 ], [ -39.816810191263869, -18.180057236679087 ], [ -39.816749904661272, -18.180083342455568 ], [ -39.816518390952318, -18.18018616537789 ], [ -39.816415066455683, -18.180230970194252 ], [ -39.816312509301127, -18.180277357989798 ], [ -39.816209366435174, -18.180322543820107 ], [ -39.816123756014669, -18.180360903946205 ], [ -39.816115158926728, -18.18036466558496 ], [ -39.816089121552622, -18.180375421066692 ], [ -39.815995014359338, -18.180417748006079 ], [ -39.815814557841477, -18.180496914293887 ], [ -39.815651818446028, -18.180569636321049 ], [ -39.815548530355812, -18.180614518413172 ], [ -39.815325806250357, -18.180713975809546 ], [ -39.815317215305598, -18.180717750289539 ], [ -39.815265318204922, -18.180739650682646 ], [ -39.815231252979537, -18.180755354376512 ], [ -39.815128132426779, -18.180800587415728 ], [ -39.815119570628809, -18.180804421937253 ], [ -39.815102587116996, -18.180812370125768 ], [ -39.814964958925117, -18.18087240060408 ], [ -39.814871040732172, -18.180915109889753 ], [ -39.814785130072053, -18.180952852194487 ], [ -39.814742464497648, -18.180972313331271 ], [ -39.814725088260332, -18.180979443466036 ], [ -39.814682398614536, -18.180998857424107 ], [ -39.814630659195721, -18.181021096638908 ], [ -39.814598804845488, -18.18103578852676 ] ] } },
{ "type": "Feature", "properties": { "Field": "000", "Length": 467.23679517565495, "Image": "/home/ubuntu/bemagro/data/image/Orthomosaico.tif", "Farm": "data" }, "geometry": { "type": "LineString", "coordinates": [ [ -39.818598289076384, -18.17925074362266 ], [ -39.818520929091122, -18.179283357920742 ], [ -39.818461292386296, -18.179310792244493 ], [ -39.81822130806664, -18.179417634737185 ], [ -39.818117977400377, -18.179462425620702 ], [ -39.817775113988347, -18.179614999589443 ], [ -39.817731948195046, -18.179633424491531 ], [ -39.817474738993681, -18.179747728888874 ], [ -39.817302762081646, -18.179822886879077 ], [ -39.817217330220558, -18.17986160831984 ], [ -39.817079792586526, -18.179921826464774 ], [ -39.816908529502662, -18.1799984596251 ], [ -39.816856828517828, -18.180020780054406 ], [ -39.816779888835534, -18.180055525860471 ], [ -39.816367631346388, -18.18023692197043 ], [ -39.816247914394346, -18.180290905722369 ], [ -39.816067390525049, -18.180369931221435 ], [ -39.815981852555723, -18.180408437749698 ], [ -39.815844174155018, -18.180468362417326 ], [ -39.815724265579433, -18.180521956529617 ], [ -39.815655359506884, -18.180551778054046 ], [ -39.815612705384801, -18.180571263020198 ], [ -39.815518089880513, -18.180612541635657 ], [ -39.81546691376591, -18.180635941427152 ], [ -39.815389506922337, -18.180669727088564 ], [ -39.815329661392674, -18.180696745395807 ], [ -39.81520061882685, -18.180752989990204 ], [ -39.815106557492591, -18.180795410345581 ], [ -39.814960309827718, -18.180859155659441 ], [ -39.814892125628688, -18.180890456574723 ], [ -39.814823228947056, -18.180920297953609 ], [ -39.814771965346758, -18.180943522335863 ], [ -39.814728916991193, -18.180962198698037 ], [ -39.814677775827484, -18.180985668300266 ], [ -39.81458932837058, -18.181024504658762 ] ] } },
{ "type": "Feature", "properties": { "Field": "000", "Length": 466.77740534524014, "Image": "/home/ubuntu/bemagro/data/image/Orthomosaico.tif", "Farm": "data" }, "geometry": { "type": "LineString", "coordinates": [ [ -39.818585330135683, -18.179241565615893 ], [ -39.818516625832636, -18.179270542627783 ], [ -39.818234275440958, -18.17939746117916 ], [ -39.818113667529538, -18.179449600130202 ], [ -39.817959566682397, -18.179518642321643 ], [ -39.817864802615425, -18.179559607208997 ], [ -39.817770821674941, -18.179602188442207 ], [ -39.817736221567166, -18.179616784122832 ], [ -39.817650703931228, -18.179655332048473 ], [ -39.817538900260651, -18.179704145505671 ], [ -39.817419014440226, -18.17975778501485 ], [ -39.817410416638296, -18.179761545089466 ], [ -39.817392990349035, -18.179768562969727 ], [ -39.817307171624371, -18.179806494831052 ], [ -39.817170327184392, -18.17986813853102 ], [ -39.817075392431867, -18.179908741130966 ], [ -39.816964251921938, -18.179958919515279 ], [ -39.816843826197577, -18.180011442565142 ], [ -39.81679275626356, -18.18003505312587 ], [ -39.81668982232955, -18.18008067191613 ], [ -39.816543612667324, -18.180144495345129 ], [ -39.816329307120213, -18.180239823261932 ], [ -39.816320715976858, -18.18024359727325 ], [ -39.816294747167795, -18.180254503541711 ], [ -39.816192094258035, -18.180300697400686 ], [ -39.816140313073433, -18.180322847558106 ], [ -39.815994726952283, -18.180387960970815 ], [ -39.815848517134917, -18.180451784892384 ], [ -39.81571145777167, -18.180512992386788 ], [ -39.815642555269875, -18.18054282136659 ], [ -39.815582860018914, -18.180570141669595 ], [ -39.815385215666524, -18.180656844873692 ], [ -39.815308292687007, -18.180691625784153 ], [ -39.815179146816007, -18.180747653426202 ], [ -39.815016366950786, -18.180820293202153 ], [ -39.814938828315583, -18.180853801821989 ], [ -39.81489623208784, -18.180873402506233 ], [ -39.814827466937224, -18.180903520154157 ], [ -39.81468208308916, -18.180969046187574 ], [ -39.814630390158378, -18.18099138428094 ], [ -39.814580617310924, -18.181014132187457 ] ] } },
{ "type": "Feature", "properties": { "Field": "000", "Length": 466.34870044528259, "Image": "/home/ubuntu/bemagro/data/image/Orthomosaico.tif", "Farm": "data" }, "geometry": { "type": "LineString", "coordinates": [ [ -39.818572482996863, -18.179232466789543 ], [ -39.818512365436469, -18.179257656228302 ], [ -39.818503769675438, -18.179261420512606 ], [ -39.818204236162956, -18.179395886823567 ], [ -39.818143835363628, -18.17942174899089 ], [ -39.817998252036176, -18.179486866462899 ], [ -39.817912036875256, -18.179523967226519 ], [ -39.817809387015487, -18.179570166059762 ], [ -39.817731934872533, -18.179603855320181 ], [ -39.817526239321772, -18.179695446231424 ], [ -39.817440128102042, -18.179732767292204 ], [ -39.817388884549544, -18.179756031103881 ], [ -39.817328482383488, -18.179781891557628 ], [ -39.817243072204022, -18.179820655592092 ], [ -39.817114338665021, -18.179877542218232 ], [ -39.817071122135339, -18.179895859562023 ], [ -39.817062535110807, -18.179899642092501 ], [ -39.816968447957173, -18.179942008820873 ], [ -39.816813803755672, -18.180009933005874 ], [ -39.816685526914355, -18.180067754728832 ], [ -39.816607962162252, -18.180101206875509 ], [ -39.816461981685414, -18.180165508144118 ], [ -39.816419304220311, -18.180184945587165 ], [ -39.816264751658025, -18.18025306056434 ], [ -39.816187838786462, -18.180287860869438 ], [ -39.81588709275934, -18.180419835252248 ], [ -39.815750098163356, -18.180481175011387 ], [ -39.815646801719375, -18.180526039306024 ], [ -39.815578465528723, -18.180557035255873 ], [ -39.815484139113352, -18.180598914273887 ], [ -39.815423781780424, -18.18062487009146 ], [ -39.815321128445078, -18.180671063739108 ], [ -39.815174768223805, -18.180734572226253 ], [ -39.815106305483539, -18.180765312587834 ], [ -39.815037449818185, -18.180795240413183 ], [ -39.814754827943723, -18.180921611136558 ], [ -39.814685919444855, -18.180951427810314 ], [ -39.814571148414565, -18.181002857339585 ] ] } },
{ "type": "Feature", "properties": { "Field": "000", "Length": 466.03820497244283, "Image": "/home/ubuntu/bemagro/data/image/Orthomosaico.tif", "Farm": "data" }, "geometry": { "type": "LineString", "coordinates": [ [ -39.818560437233842, -18.179222385036859 ], [ -39.818517100221605, -18.179240989961833 ], [ -39.818371725984441, -18.179306532515273 ], [ -39.818148641734005, -18.179405245904757 ], [ -39.818131765107253, -18.179413399531796 ], [ -39.818028530913708, -18.179458393290066 ], [ -39.81798590795681, -18.179477940207299 ], [ -39.817865129707279, -18.179529717851757 ], [ -39.817805480708998, -18.179557129650238 ], [ -39.817753768819955, -18.179579426833349 ], [ -39.817651094374568, -18.179625576221998 ], [ -39.817590778746023, -18.179651621226768 ], [ -39.81752249406042, -18.179682720628008 ], [ -39.817419137285583, -18.179727456891804 ], [ -39.817350752833001, -18.179758355413192 ], [ -39.817324683313878, -18.179769039975895 ], [ -39.817282138916859, -18.179788742809283 ], [ -39.817179015828081, -18.179833969264177 ], [ -39.817153543795989, -18.179845898113395 ], [ -39.817050243437031, -18.17989075349956 ], [ -39.816810266180397, -18.179997612297015 ], [ -39.816775696681503, -18.180012274522134 ], [ -39.816681788545864, -18.180055003129738 ], [ -39.816612780228432, -18.180084607551162 ], [ -39.81651849327973, -18.180126567113401 ], [ -39.816501087778626, -18.180133632405042 ], [ -39.816321234337892, -18.180214042219443 ], [ -39.81629525499325, -18.180224925775949 ], [ -39.816184091105832, -18.18027505735261 ], [ -39.816123838978228, -18.180301236822007 ], [ -39.816081219198665, -18.180320790519421 ], [ -39.815960571908334, -18.180372847731523 ], [ -39.815720672804183, -18.18047986823191 ], [ -39.815686006152511, -18.180494319589535 ], [ -39.815608774684932, -18.180528470123299 ], [ -39.815463345748221, -18.18059390410394 ], [ -39.815402874888541, -18.180619618917707 ], [ -39.815343232176751, -18.180647044025552 ], [ -39.815222613707121, -18.18069916274613 ], [ -39.81510271757633, -18.180752782734324 ], [ -39.815033679837263, -18.180782325061454 ], [ -39.814836446797642, -18.180869880463426 ], [ -39.814734020920177, -18.180916533460973 ], [ -39.814664932658786, -18.180945967827103 ], [ -39.814622432389186, -18.180965758101081 ], [ -39.814562118804346, -18.18099210555868 ] ] } },
{ "type": "Feature", "properties": { "Field": "000", "Length": 465.76052369964282, "Image": "/home/ubuntu/bemagro/data/image/Orthomosaico.tif", "Farm": "data" }, "geometry": { "type": "LineString", "coordinates": [ [ -39.818548928204144, -18.17921214992711 ], [ -39.818274904890629, -18.179333600141074 ], [ -39.818138040648677, -18.179395202969722 ], [ -39.818112066336489, -18.179406096988501 ], [ -39.817974918336752, -18.179467120885494 ], [ -39.817897199384127, -18.179500244304535 ], [ -39.817674606329071, -18.179599966203803 ], [ -39.817399688097844, -18.179720729155981 ], [ -39.817348395181767, -18.179743892835301 ], [ -39.817296650642142, -18.179766120709967 ], [ -39.817065474090107, -18.179869633498484 ], [ -39.81693644255995, -18.179925899941939 ], [ -39.816679444103258, -18.18004063756144 ], [ -39.816533133923777, -18.180104250331031 ], [ -39.816353114338725, -18.180184319636144 ], [ -39.816267082546588, -18.18022180824752 ], [ -39.816173171607254, -18.180264531184108 ], [ -39.816121387604369, -18.180286675233162 ], [ -39.816070048943047, -18.180309747400454 ], [ -39.815932433365454, -18.180369803549318 ], [ -39.815761195598739, -18.180446489363373 ], [ -39.815657878831566, -18.180491310948319 ], [ -39.815443885345481, -18.180587278080377 ], [ -39.815366322668304, -18.180620735643515 ], [ -39.815323619039653, -18.180640121538943 ], [ -39.815185984256992, -18.180700138057801 ], [ -39.815066116192966, -18.180753815131027 ], [ -39.815031554599472, -18.180768494622821 ], [ -39.814902838457115, -18.180825418796836 ], [ -39.814868739696429, -18.180841054405487 ], [ -39.814834181847004, -18.180855741658224 ], [ -39.814791578024874, -18.180875327288692 ], [ -39.814637074827381, -18.180943545863563 ], [ -39.814553188882535, -18.180981472477459 ] ] } },
{ "type": "Feature", "properties": { "Field": "000", "Length": 465.50953359257841, "Image": "/home/ubuntu/bemagro/data/image/Orthomosaico.tif", "Farm": "data" }, "geometry": { "type": "LineString", "coordinates": [ [ -39.818537673654404, -18.179202141127359 ], [ -39.818271782328537, -18.179318864628566 ], [ -39.818015099288047, -18.179434243357132 ], [ -39.817920177509485, -18.179474871545608 ], [ -39.817654671531663, -18.179593553140471 ], [ -39.817534313441463, -18.179646216992957 ], [ -39.817285763603529, -18.17975688737555 ], [ -39.817251210085452, -18.179771581726104 ], [ -39.817191393608368, -18.179798657418832 ], [ -39.817139705264722, -18.179821003593567 ], [ -39.817079966312029, -18.179848235561835 ], [ -39.816933872682256, -18.179912300976632 ], [ -39.816745520428981, -18.179996673314132 ], [ -39.8167109139846, -18.180011252597954 ], [ -39.816651066862377, -18.180038266819004 ], [ -39.816547740203269, -18.180083067091768 ], [ -39.81648792037069, -18.180110136199978 ], [ -39.816436187356558, -18.180132387153389 ], [ -39.816324812547961, -18.180182089028204 ], [ -39.816273053662684, -18.180204286043015 ], [ -39.816264479590693, -18.180208095355749 ], [ -39.816204967058844, -18.180235777339984 ], [ -39.816196406592063, -18.180239614511081 ], [ -39.81612737944328, -18.180269178965936 ], [ -39.816067579527804, -18.180296287115375 ], [ -39.815964232856018, -18.180341045144548 ], [ -39.815835825369923, -18.180398601822763 ], [ -39.815663926124301, -18.180473923114548 ], [ -39.815569935089208, -18.180516485212667 ], [ -39.815415436893744, -18.180584713460604 ], [ -39.815363679749545, -18.180606914216977 ], [ -39.815252377692552, -18.1806567651576 ], [ -39.815174909905679, -18.180690423265052 ], [ -39.815080719828465, -18.180732581379722 ], [ -39.814814437723577, -18.180849667844576 ], [ -39.814729043019874, -18.180888464771446 ], [ -39.814544278585814, -18.18097086276256 ] ] } },
{ "type": "Feature", "properties": { "Field": "000", "Length": 465.25871604847293, "Image": "/home/ubuntu/bemagro/data/image/Orthomosaico.tif", "Farm": "data" }, "geometry": { "type": "LineString", "coordinates": [ [ -39.814535334690845, -18.18096021303959 ], [ -39.814569840880353, -18.180943834704699 ], [ -39.814621452804474, -18.180921325968853 ], [ -39.8148010754296, -18.180840444507492 ], [ -39.814870001468776, -18.180810664783156 ], [ -39.814955541194017, -18.180772160335653 ], [ -39.815058777953801, -18.180727170165692 ], [ -39.815161462393419, -18.180681039661593 ], [ -39.81523061359065, -18.180651740900512 ], [ -39.815358830136596, -18.18059379603563 ], [ -39.815427846579375, -18.180564208461501 ], [ -39.815521994813267, -18.180521964744749 ], [ -39.815590982254911, -18.180492315511675 ], [ -39.815676392787822, -18.180453550262559 ], [ -39.815839411482706, -18.180381402191564 ], [ -39.815891202706716, -18.180359273334055 ], [ -39.816251330014772, -18.180199315192294 ], [ -39.816311627508583, -18.180173231416806 ], [ -39.816397119284495, -18.180134630500959 ], [ -39.816440291686881, -18.180116217860153 ], [ -39.816603215208076, -18.18004387434069 ], [ -39.816740781832678, -18.17998371634409 ], [ -39.816920567078853, -18.17990316783429 ], [ -39.817169524987847, -18.179793338214182 ], [ -39.817229274956453, -18.179766127906582 ], [ -39.817332658033372, -18.17972144715505 ], [ -39.817478070940481, -18.179655982247279 ], [ -39.817684002706407, -18.179564877695952 ], [ -39.817786506685522, -18.179518383448013 ], [ -39.817863959896727, -18.179484695907131 ], [ -39.818043969164187, -18.179404607008426 ], [ -39.818087151876327, -18.179386216903687 ], [ -39.818266788811172, -18.179305368006084 ], [ -39.818526434563921, -18.179192146073856 ] ] } },
{ "type": "Feature", "properties": { "Field": "000", "Length": 465.04621009060082, "Image": "/home/ubuntu/bemagro/data/image/Orthomosaico.tif", "Farm": "data" }, "geometry": { "type": "LineString", "coordinates": [ [ -39.818515874151842, -18.179182754575244 ], [ -39.818472138700862, -18.179200839345597 ], [ -39.818282883976288, -18.179283344128891 ], [ -39.817897233062531, -18.179455133670988 ], [ -39.81773376566958, -18.179526346132054 ], [ -39.817699761688985, -18.179542170367533 ], [ -39.817613771777502, -18.179579746094255 ], [ -39.817511273963824, -18.179626252851072 ], [ -39.817374035601532, -18.179687091394168 ], [ -39.8172972965775, -18.179722240793957 ], [ -39.817185421210532, -18.179770904081135 ], [ -39.817159943499412, -18.179782821828411 ], [ -39.817099690671164, -18.179808999438166 ], [ -39.817048509911572, -18.179832389689953 ], [ -39.817005356703078, -18.179850843240175 ], [ -39.816945532323814, -18.179877903833525 ], [ -39.81691097393842, -18.179892589924783 ], [ -39.81668827494159, -18.179992096641865 ], [ -39.816645001508491, -18.180010291238453 ], [ -39.816499396006066, -18.180075364511495 ], [ -39.816370406544678, -18.180131719415609 ], [ -39.816259220110332, -18.180181805163308 ], [ -39.816095792012014, -18.180253101545734 ], [ -39.816070308917595, -18.180265008923978 ], [ -39.815907368848912, -18.180337318856065 ], [ -39.815718253962984, -18.180420118917045 ], [ -39.815426893683188, -18.180549961512892 ], [ -39.815357901024207, -18.180579599723714 ], [ -39.815229579265619, -18.180637331395811 ], [ -39.815160496634057, -18.18066677758214 ], [ -39.815049140540694, -18.18071651852782 ], [ -39.815005991235658, -18.180734980928477 ], [ -39.814817306823379, -18.18081867444706 ], [ -39.814629032221667, -18.180903207182784 ], [ -39.814577393417245, -18.180925659513466 ], [ -39.814526431865957, -18.180949612218061 ] ] } },
{ "type": "Feature", "properties": { "Field": "000", "Length": 464.8006402940108, "Image": "/home/ubuntu/bemagro/data/image/Orthomosaico.tif", "Farm": "data" }, "geometry": { "type": "LineString", "coordinates": [ [ -39.818503959014286, -18.179172158301359 ], [ -39.818410121861746, -18.179213884601822 ], [ -39.818323857720245, -18.179250881136767 ], [ -39.818212476191178, -18.1793005679408 ], [ -39.818143499429624, -18.179330238684194 ], [ -39.818006849622314, -18.179392275176959 ], [ -39.817972284688082, -18.179406946853508 ], [ -39.817826791043011, -18.179472247039421 ], [ -39.817757562116718, -18.179501376189901 ], [ -39.817723497327478, -18.179517080215295 ], [ -39.817697555146225, -18.17952804406638 ], [ -39.81764632116554, -18.179551327399015 ], [ -39.817500289407036, -18.179615521065479 ], [ -39.817449185328442, -18.179639063765325 ], [ -39.817380325134543, -18.179668981189462 ], [ -39.817329144899894, -18.179692372334067 ], [ -39.817243166862909, -18.179729972984994 ], [ -39.81719195611285, -18.179753303061016 ], [ -39.817097298993133, -18.17979449357798 ], [ -39.817046172248865, -18.179817991434518 ], [ -39.816908710823903, -18.1798783683737 ], [ -39.816866103203338, -18.179897946008481 ], [ -39.816711761408136, -18.179966495684059 ], [ -39.816591358126495, -18.180019065621813 ], [ -39.816419954632281, -18.180095411690129 ], [ -39.816333830793276, -18.180132706675316 ], [ -39.816214211568855, -18.180186887871447 ], [ -39.8160593308763, -18.180254318432574 ], [ -39.815888042418493, -18.180330900540412 ], [ -39.81581053850185, -18.180364482191962 ], [ -39.815699260863461, -18.180414382742335 ], [ -39.815664685258518, -18.180429031901699 ], [ -39.81552773121053, -18.180490454422259 ], [ -39.815381561069849, -18.180554361540391 ], [ -39.815261815747114, -18.18060828830475 ], [ -39.815081159067056, -18.180687036870243 ], [ -39.814987051651791, -18.180729363600598 ], [ -39.814952392419428, -18.180743831078768 ], [ -39.81485849313367, -18.180786578252071 ], [ -39.814798246072527, -18.180812768756834 ], [ -39.814669798427154, -18.180870244424362 ], [ -39.814566436859877, -18.180914972105672 ], [ -39.814516478274889, -18.180937760220253 ] ] } },
{ "type": "Feature", "properties": { "Field": "000", "Length": 464.3701504440138, "Image": "/home/ubuntu/bemagro/data/image/Orthomosaico.tif", "Farm": "data" }, "geometry": { "type": "LineString", "coordinates": [ [ -39.818492748473069, -18.179162188631512 ], [ -39.818475884466309, -18.179169209652144 ], [ -39.818467302295936, -18.179173002154474 ], [ -39.818416113337982, -18.179196374222965 ], [ -39.818330049821888, -18.179233795277185 ], [ -39.818244454198656, -18.179272183609264 ], [ -39.818089537283008, -18.179339536257089 ], [ -39.817970035845271, -18.179393952466896 ], [ -39.817815749556125, -18.179462615209069 ], [ -39.81776389864595, -18.179484614833619 ], [ -39.817704063829559, -18.179511653047868 ], [ -39.817669534358267, -18.17952640013862 ], [ -39.817652547133861, -18.179534339481496 ], [ -39.817643981308095, -18.179538165633979 ], [ -39.81760080546249, -18.179556570569186 ], [ -39.817532501273874, -18.179587629775572 ], [ -39.817480749642115, -18.179609841682389 ], [ -39.817429666752922, -18.179633425110985 ], [ -39.817421042530043, -18.179637129475033 ], [ -39.817394949135135, -18.179647760609328 ], [ -39.817386337503379, -18.179651491644947 ], [ -39.817292258179826, -18.179693874363451 ], [ -39.817257732699147, -18.179708629036718 ], [ -39.817172137705953, -18.179747019945765 ], [ -39.817111913997415, -18.179773258477852 ], [ -39.817052273510356, -18.17980068665803 ], [ -39.816975078993359, -18.179834912360622 ], [ -39.816845905482424, -18.179890879462008 ], [ -39.816691891653313, -18.179960099806429 ], [ -39.816588604001453, -18.180004981803251 ], [ -39.816554601208018, -18.180020805992196 ], [ -39.816339937367744, -18.180115394172475 ], [ -39.816271748237071, -18.18014668382218 ], [ -39.816203107452914, -18.180177058981023 ], [ -39.816116870671799, -18.180214113510498 ], [ -39.815937193585711, -18.180294882951564 ], [ -39.815825280684464, -18.180343467876611 ], [ -39.815713956615461, -18.180393273582073 ], [ -39.815645020945169, -18.180423031050623 ], [ -39.815508233408245, -18.180484791663325 ], [ -39.815439221910609, -18.180514388111337 ], [ -39.815233646351302, -18.18060622727306 ], [ -39.815044412023489, -18.180688778163717 ], [ -39.81497601528897, -18.18071965240286 ], [ -39.814932838141857, -18.180738054406252 ], [ -39.814924264531243, -18.180741864727178 ], [ -39.81485604973274, -18.180773104883574 ], [ -39.814804348274762, -18.180795424161015 ], [ -39.814684411206848, -18.180848960258938 ], [ -39.814641238851365, -18.180867372321682 ], [ -39.814508811396131, -18.180925769863954 ] ] } },
{ "type": "Feature", "properties": { "Field": "000", "Length": 463.89203361945249, "Image": "/home/ubuntu/bemagro/data/image/Orthomosaico.tif", "Farm": "data" }, "geometry": { "type": "LineString", "coordinates": [ [ -39.818481473147216, -18.179152161346028 ], [ -39.818250354838291, -18.179254636804512 ], [ -39.818078264946152, -18.179329557058153 ], [ -39.81801010066809, -18.179360896591326 ], [ -39.81788127881201, -18.179417599482456 ], [ -39.817813105011027, -18.179448920152637 ], [ -39.81758947013968, -18.179546488981288 ], [ -39.817529847172622, -18.179573952437234 ], [ -39.817486625481997, -18.179592258765037 ], [ -39.817418424376108, -18.179623525230593 ], [ -39.817109091179034, -18.179759279254181 ], [ -39.817032414204384, -18.179794552178418 ], [ -39.816989217656086, -18.179812912794421 ], [ -39.816937949952973, -18.179836128385546 ], [ -39.816903329659766, -18.179850680602847 ], [ -39.81685189504627, -18.179873556435595 ], [ -39.816808656205353, -18.179891825916716 ], [ -39.816680349148378, -18.179949586307881 ], [ -39.816577194605017, -18.179994747388534 ], [ -39.816509002421675, -18.180026031961621 ], [ -39.816448716571642, -18.180052140202857 ], [ -39.816277508753615, -18.180128886481178 ], [ -39.816114091031224, -18.180200204471262 ], [ -39.816045752205611, -18.180231195491242 ], [ -39.815994060202662, -18.180253535212042 ], [ -39.815917233908046, -18.180288510527419 ], [ -39.815805269049143, -18.180336986229211 ], [ -39.815702643613363, -18.180383236101292 ], [ -39.815633700901735, -18.180412980148137 ], [ -39.815531069192595, -18.180459217407176 ], [ -39.815445045897746, -18.180496724292723 ], [ -39.815308051112304, -18.180558063900154 ], [ -39.814904332241852, -18.180735579604089 ], [ -39.814827563498838, -18.180770670661211 ], [ -39.814638444568537, -18.180853463356858 ], [ -39.814587179490054, -18.180876684942348 ], [ -39.814501387299963, -18.180913497382583 ] ] } },
{ "type": "Feature", "properties": { "Field": "000", "Length": 463.4325868400731, "Image": "/home/ubuntu/bemagro/data/image/Orthomosaico.tif", "Farm": "data" }, "geometry": { "type": "LineString", "coordinates": [ [ -39.818470618645883, -18.179142508303197 ], [ -39.818419229388851, -18.179164288485339 ], [ -39.818256567778874, -18.179237166041915 ], [ -39.818144546635104, -18.179285520650367 ], [ -39.817896241087084, -18.179396689813416 ], [ -39.817887581237343, -18.179400317421511 ], [ -39.817878839159768, -18.179403760115726 ], [ -39.817870203115085, -18.179407439209946 ], [ -39.817793390863201, -18.179442441897915 ], [ -39.817715809014736, -18.179475855968242 ], [ -39.817638796619747, -18.179510454574192 ], [ -39.817595563570322, -18.179528735126421 ], [ -39.817586978478964, -18.179532521624477 ], [ -39.817527342603583, -18.179559959511479 ], [ -39.817484262991151, -18.17957856711941 ], [ -39.817415898233655, -18.179609505321253 ], [ -39.81733843556308, -18.179643172549227 ], [ -39.817269928770365, -18.17967382161245 ], [ -39.817201023698154, -18.179703644611813 ], [ -39.817132743902775, -18.179734752759217 ], [ -39.817021307615001, -18.17978432800712 ], [ -39.816780516123181, -18.179889499533914 ], [ -39.816660740445506, -18.179943363401087 ], [ -39.816574710115589, -18.179980854595861 ], [ -39.816506458980562, -18.180012020167496 ], [ -39.816343293218885, -18.180083863085436 ], [ -39.816300634815057, -18.180103337839306 ], [ -39.8161886352134, -18.180151739020541 ], [ -39.816086055802984, -18.180198081866028 ], [ -39.816000053815372, -18.180235632674702 ], [ -39.815914601520106, -18.180274312711386 ], [ -39.815768614861696, -18.180338601511313 ], [ -39.815708844905757, -18.180365770514562 ], [ -39.815631276428469, -18.180399215050794 ], [ -39.815477234988812, -18.180468380248612 ], [ -39.815382609326647, -18.18050963746515 ], [ -39.815305633772475, -18.180544311522524 ], [ -39.81523664175954, -18.180573948764451 ], [ -39.815168321193262, -18.18060497619965 ], [ -39.815047903480668, -18.180657517306784 ], [ -39.814996692476186, -18.180680846923938 ], [ -39.814919262674792, -18.180714583493383 ], [ -39.814825204970994, -18.180757011315876 ], [ -39.814790657647492, -18.180771719967026 ], [ -39.814644786738484, -18.180836249319597 ], [ -39.814619293471402, -18.180848134731523 ], [ -39.814541854481774, -18.180881853535872 ], [ -39.814515789750793, -18.180892548045762 ], [ -39.814507194640406, -18.180896313873113 ], [ -39.814494566414005, -18.180902222042434 ] ] } },
{ "type": "Feature", "properties": { "Field": "000", "Length": 462.9564212237554, "Image": "/home/ubuntu/bemagro/data/image/Orthomosaico.tif", "Farm": "data" }, "geometry": { "type": "LineString", "coordinates": [ [ -39.818459412087201, -18.179132542169569 ], [ -39.818390774405934, -18.179161830159217 ], [ -39.818262296386564, -18.179219241088624 ], [ -39.818116128781959, -18.17928315110839 ], [ -39.818082063345557, -18.179298854010685 ], [ -39.8179274522575, -18.179366845764278 ], [ -39.817884846484979, -18.179386426841766 ], [ -39.817824570501955, -18.179412555391519 ], [ -39.817764846339713, -18.179439817169502 ], [ -39.817712966754314, -18.179461755467351 ], [ -39.81762736709706, -18.179500136608553 ], [ -39.817566966079568, -18.179526000088863 ], [ -39.817464449708453, -18.179572469398227 ], [ -39.817369832458745, -18.179613743424646 ], [ -39.817310031911852, -18.179640851930625 ], [ -39.817215173452084, -18.179681617041272 ], [ -39.817146996204634, -18.179712931107481 ], [ -39.817044168381948, -18.179758767616551 ], [ -39.816941155904374, -18.179804223781929 ], [ -39.816820521659828, -18.179856307802012 ], [ -39.816392125050456, -18.180047402333489 ], [ -39.816366137424382, -18.180058267758135 ], [ -39.81625470576963, -18.180107852988403 ], [ -39.816194242523032, -18.180133583770395 ], [ -39.816074496342083, -18.180187508198806 ], [ -39.815971359095926, -18.180232705708089 ], [ -39.815911678469504, -18.180260055074189 ], [ -39.815851381911109, -18.180286140912411 ], [ -39.81580884935542, -18.18030586737207 ], [ -39.815645413836215, -18.180377148493992 ], [ -39.815465677177805, -18.180457797130305 ], [ -39.815371111941154, -18.180499181026036 ], [ -39.815294302852173, -18.180534191115544 ], [ -39.815242526363399, -18.180556351591935 ], [ -39.81517410584479, -18.180587177818239 ], [ -39.815045182247076, -18.180643671136842 ], [ -39.814985515057302, -18.180671047583974 ], [ -39.81489934540074, -18.180708246491069 ], [ -39.814625169675551, -18.180830545999786 ], [ -39.814487300095657, -18.180890210373441 ] ] } },
{ "type": "Feature", "properties": { "Field": "000", "Length": 462.48085520257456, "Image": "/home/ubuntu/bemagro/data/image/Orthomosaico.tif", "Farm": "data" }, "geometry": { "type": "LineString", "coordinates": [ [ -39.818448258271438, -18.179122622939062 ], [ -39.818388275814428, -18.179148175931971 ], [ -39.818302680356929, -18.179186565010845 ], [ -39.818156465156179, -18.179250375416984 ], [ -39.818045264637568, -18.179300430565455 ], [ -39.817924834345007, -18.179352942870242 ], [ -39.817770863036372, -18.179422248542739 ], [ -39.817719081135351, -18.17944439540862 ], [ -39.817547230739926, -18.179519816736363 ], [ -39.817453299169784, -18.179562496902388 ], [ -39.817410380385404, -18.179581443233538 ], [ -39.817367138882496, -18.179599706034207 ], [ -39.817358558833938, -18.179603502969577 ], [ -39.817290571762996, -18.179635192501362 ], [ -39.817281975844388, -18.179638956501332 ], [ -39.817238517978076, -18.17965674471882 ], [ -39.817229897137537, -18.179660456279112 ], [ -39.817127348925474, -18.179706861379692 ], [ -39.816972969340789, -18.179775332894845 ], [ -39.816817991734432, -18.179842558410684 ], [ -39.816715169931335, -18.17988840743006 ], [ -39.816672585808533, -18.179908030328267 ], [ -39.816552169775157, -18.179960573850458 ], [ -39.816509554815717, -18.179980135597084 ], [ -39.816398059184806, -18.180029589143995 ], [ -39.816354884464857, -18.180047995240564 ], [ -39.816260715038226, -18.180090194832449 ], [ -39.816166005777148, -18.180131276244484 ], [ -39.81608058115247, -18.18017001199761 ], [ -39.81597731834956, -18.180214946004952 ], [ -39.815917651542371, -18.180242321704515 ], [ -39.815909068501448, -18.180246112527385 ], [ -39.815874473901509, -18.180260720686309 ], [ -39.815865888640062, -18.180264506914256 ], [ -39.815814756573765, -18.180287994140251 ], [ -39.815720433354713, -18.180329879426335 ], [ -39.815634240129597, -18.180367027225973 ], [ -39.81548000668252, -18.180435800300234 ], [ -39.815385415596751, -18.180477129506112 ], [ -39.815291424860767, -18.180519692426881 ], [ -39.815188261958831, -18.180564836138469 ], [ -39.814982858716633, -18.18065702704752 ], [ -39.814879547653575, -18.180701860572015 ], [ -39.814759815702409, -18.180755814125231 ], [ -39.814708084594805, -18.180778070450177 ], [ -39.814639736689706, -18.18080904205657 ], [ -39.814480428893596, -18.180878851854015 ] ] } },
{ "type": "Feature", "properties": { "Field": "000", "Length": 462.02992817637971, "Image": "/home/ubuntu/bemagro/data/image/Orthomosaico.tif", "Farm": "data" }, "geometry": { "type": "LineString", "coordinates": [ [ -39.818437411835326, -18.179112977063447 ], [ -39.818394097507976, -18.179131094566994 ], [ -39.818351454101084, -18.17915060052416 ], [ -39.818170735400074, -18.179229215541927 ], [ -39.818076703248977, -18.179271693308475 ], [ -39.817938962288906, -18.179331484442951 ], [ -39.817759336915252, -18.179412356899238 ], [ -39.817690296350513, -18.17944189196475 ], [ -39.817544356847392, -18.179506276934411 ], [ -39.81751046034568, -18.179522310467231 ], [ -39.817407475774438, -18.179567824056708 ], [ -39.81736428654974, -18.179586200312556 ], [ -39.817287679616953, -18.179621611909273 ], [ -39.817209578743132, -18.17965390449757 ], [ -39.817132889957897, -18.179689153914421 ], [ -39.817055533598911, -18.179723044397061 ], [ -39.81697007892388, -18.179761719883068 ], [ -39.816841025832936, -18.179817941012814 ], [ -39.816798469013904, -18.179837619355688 ], [ -39.816746759899218, -18.179859922621635 ], [ -39.816704194381359, -18.179879583789376 ], [ -39.816532043940683, -18.179954378305297 ], [ -39.816403586454875, -18.180011832515358 ], [ -39.81636036700759, -18.180030143994166 ], [ -39.816309223406897, -18.18005360853935 ], [ -39.816103133966912, -18.180144388093801 ], [ -39.81603480735992, -18.180175403697145 ], [ -39.815965989540338, -18.180205410665028 ], [ -39.815949091957798, -18.180213524708215 ], [ -39.815854262743116, -18.180254352667795 ], [ -39.815683190947347, -18.180331376045682 ], [ -39.815536999273007, -18.180395237889655 ], [ -39.815477146312944, -18.180422241100601 ], [ -39.815408158521059, -18.180451889552337 ], [ -39.815297048155884, -18.180502129766996 ], [ -39.815193605249547, -18.180546684921978 ], [ -39.814954043860929, -18.18065439497575 ], [ -39.814876455951278, -18.180687799336468 ], [ -39.81481676736086, -18.180715133162195 ], [ -39.814748104013276, -18.180745462207685 ], [ -39.814687654690431, -18.180771223384632 ], [ -39.814550810929802, -18.180832870721286 ], [ -39.814516142640564, -18.18084731866605 ], [ -39.814473378089247, -18.180867196439095 ] ] } },
{ "type": "Feature", "properties": { "Field": "000", "Length": 461.54356965248508, "Image": "/home/ubuntu/bemagro/data/image/Orthomosaico.tif", "Farm": "data" }, "geometry": { "type": "LineString", "coordinates": [ [ -39.818426195894041, -18.179103002580295 ], [ -39.818392087700204, -18.179117444390574 ], [ -39.818246340262895, -18.17918222503863 ], [ -39.818151638580908, -18.179223320451616 ], [ -39.818040569893611, -18.179273643064523 ], [ -39.818031982343527, -18.17927742443662 ], [ -39.817980142413241, -18.179299447573406 ], [ -39.817834361504019, -18.179364159714329 ], [ -39.817766028925497, -18.179395161790019 ], [ -39.817619632407776, -18.179458591383639 ], [ -39.817551092558311, -18.179489173479041 ], [ -39.817491484705734, -18.179516665436655 ], [ -39.817362387636337, -18.179572793822807 ], [ -39.817277154918578, -18.179611911073358 ], [ -39.81719077773964, -18.179648666370404 ], [ -39.817182257336597, -18.179652584090803 ], [ -39.817173904500663, -18.179656818703119 ], [ -39.817165442209408, -18.17966084986061 ], [ -39.817062210620179, -18.179705849418724 ], [ -39.81704534485187, -18.179714022311789 ], [ -39.816925397266118, -18.17976753555595 ], [ -39.816830603260378, -18.179808436628399 ], [ -39.816685032564919, -18.179873580650806 ], [ -39.816676413577532, -18.179877296154462 ], [ -39.816650341509195, -18.179887975073886 ], [ -39.816641727085013, -18.1798917002214 ], [ -39.816607640167035, -18.17990735906713 ], [ -39.81656446480676, -18.17992576451995 ], [ -39.816427529297378, -18.179987223949698 ], [ -39.81634987279314, -18.180020479321819 ], [ -39.81626456117764, -18.180059442621122 ], [ -39.816255985211129, -18.180063248015731 ], [ -39.816212844784886, -18.180081728471631 ], [ -39.816075822348644, -18.18014301090815 ], [ -39.815964009284095, -18.180191804822172 ], [ -39.815852885036811, -18.180242016607519 ], [ -39.81578395200615, -18.180271779537648 ], [ -39.815647015952756, -18.180333238468208 ], [ -39.81554360541886, -18.180377860709957 ], [ -39.815466576885221, -18.180412427071115 ], [ -39.815397738427571, -18.180442390538214 ], [ -39.815286609395642, -18.180492592294517 ], [ -39.815191770861311, -18.180533400345386 ], [ -39.815046238128083, -18.180598623175559 ], [ -39.814994407755101, -18.180620666364753 ], [ -39.814882953209171, -18.180670205383613 ], [ -39.814771739176848, -18.180720235815723 ], [ -39.814763127819305, -18.180723967539674 ], [ -39.81472842572613, -18.180738340280048 ], [ -39.814676858088639, -18.180760941277697 ], [ -39.814522843725385, -18.180830162269473 ], [ -39.814466694776982, -18.18085614850953 ] ] } },
{ "type": "Feature", "properties": { "Field": "000", "Length": 460.85286758467652, "Image": "/home/ubuntu/bemagro/data/image/Orthomosaico.tif", "Farm": "data" }, "geometry": { "type": "LineString", "coordinates": [ [ -39.818414608163522, -18.179092697458174 ], [ -39.818397698028015, -18.17909961116295 ], [ -39.818363530949604, -18.179115110873553 ], [ -39.818251619790395, -18.179163698007756 ], [ -39.818011872246743, -18.179271024683811 ], [ -39.817934379005507, -18.179304627788088 ], [ -39.817745873096193, -18.179388684474265 ], [ -39.817711226297234, -18.179403178706998 ], [ -39.817625367912427, -18.179441028080749 ], [ -39.817471469031517, -18.179510480686513 ], [ -39.81741965078723, -18.179532551043565 ], [ -39.817291260087082, -18.179590140790822 ], [ -39.817153900978454, -18.179650729807836 ], [ -39.817093490753891, -18.179676572371118 ], [ -39.817033888474896, -18.179704076962686 ], [ -39.816931042589317, -18.179749876426012 ], [ -39.816922461213011, -18.179753670636067 ], [ -39.816887839505746, -18.179768219731717 ], [ -39.816690284032617, -18.179855105845732 ], [ -39.816587626176108, -18.179901289271641 ], [ -39.816535846724818, -18.179923442874426 ], [ -39.816501761255417, -18.179939106229494 ], [ -39.81645014159318, -18.179961598057012 ], [ -39.816390355612143, -18.179988736063262 ], [ -39.816338474646827, -18.180010671630409 ], [ -39.816261749204436, -18.18004584839597 ], [ -39.815926714547174, -18.180193075944224 ], [ -39.815824009141657, -18.180239163168753 ], [ -39.815677924810693, -18.180303248859779 ], [ -39.81560954341272, -18.180334154044704 ], [ -39.815471787972427, -18.180393916583782 ], [ -39.815343726011662, -18.180452172600106 ], [ -39.81530064392777, -18.180470777666116 ], [ -39.815266501826123, -18.180486327843319 ], [ -39.815249041837099, -18.180493269052064 ], [ -39.815223427075715, -18.180504915456538 ], [ -39.815180233920472, -18.180523283787736 ], [ -39.814974303406565, -18.180614393517018 ], [ -39.814888906958686, -18.180653187280328 ], [ -39.814725738137589, -18.180725025168503 ], [ -39.814682424011202, -18.180743131425334 ], [ -39.814545454472494, -18.180804522957622 ], [ -39.814461081194978, -18.180843426346303 ] ] } },
{ "type": "Feature", "properties": { "Field": "000", "Length": 460.14896457201939, "Image": "/home/ubuntu/bemagro/data/image/Orthomosaico.tif", "Farm": "data" }, "geometry": { "type": "LineString", "coordinates": [ [ -39.818402981118361, -18.179082357371033 ], [ -39.818333698027239, -18.179113609556293 ], [ -39.818273281311072, -18.17913943920481 ], [ -39.818127767498041, -18.17920469800044 ], [ -39.818084600752762, -18.179223122244274 ], [ -39.818007636636743, -18.179257818627441 ], [ -39.81794730942763, -18.179283838836874 ], [ -39.817887606986588, -18.179311143959218 ], [ -39.817801426729545, -18.179348318869291 ], [ -39.817698755965793, -18.179394475465465 ], [ -39.817629878064537, -18.179424355509624 ], [ -39.817467388904191, -18.179497584914309 ], [ -39.817398333472639, -18.179527088289884 ], [ -39.81728713497197, -18.179577148717968 ], [ -39.817218215331771, -18.17960694086419 ], [ -39.817149908390263, -18.179637995557897 ], [ -39.817089555117519, -18.179663960791476 ], [ -39.817046978526953, -18.17968359993996 ], [ -39.816935201415355, -18.179732469051817 ], [ -39.816901154579604, -18.179748208962472 ], [ -39.816849258539349, -18.179770111895447 ], [ -39.816737465896203, -18.179818948663744 ], [ -39.816651802370167, -18.179857199789904 ], [ -39.816609314912888, -18.179877014624505 ], [ -39.816523129251507, -18.179914178735679 ], [ -39.816420227718872, -18.179959864135419 ], [ -39.81637769318845, -18.179979586535325 ], [ -39.816325807878926, -18.180001512846697 ], [ -39.816197507283391, -18.180059286554336 ], [ -39.815905314993365, -18.180187408195565 ], [ -39.815776867461253, -18.180244883127116 ], [ -39.815639367790787, -18.180305181320925 ], [ -39.815536760809991, -18.180351468578927 ], [ -39.815476051188448, -18.180376663957144 ], [ -39.815365155069493, -18.180427334725756 ], [ -39.815262259827726, -18.180473033753444 ], [ -39.815184652435704, -18.18050639655522 ], [ -39.815082191976579, -18.180552979678545 ], [ -39.815013051680744, -18.180582301882616 ], [ -39.814961868779662, -18.180605688361073 ], [ -39.814764395201365, -18.180692746578401 ], [ -39.814747495876546, -18.180700857405569 ], [ -39.81466135848747, -18.180738124572702 ], [ -39.814549920670743, -18.180787698139103 ], [ -39.814455723239035, -18.180830819394824 ] ] } },
{ "type": "Feature", "properties": { "Field": "000", "Length": 459.3998477498136, "Image": "/home/ubuntu/bemagro/data/image/Orthomosaico.tif", "Farm": "data" }, "geometry": { "type": "LineString", "coordinates": [ [ -39.818390838114716, -18.179071558433002 ], [ -39.818314553631787, -18.179106490303585 ], [ -39.818245695704682, -18.179136411410187 ], [ -39.818143187131575, -18.179182895420599 ], [ -39.818048563633624, -18.179224155081879 ], [ -39.817877300536516, -18.179300786796386 ], [ -39.817782504501864, -18.179341682860052 ], [ -39.817568428318069, -18.179437478341075 ], [ -39.817096232833876, -18.179645703779929 ], [ -39.817045066944509, -18.179669123298773 ], [ -39.816941934688032, -18.179714329968082 ], [ -39.816882160089783, -18.179741490445771 ], [ -39.81671841378261, -18.179812114886527 ], [ -39.816607429409373, -18.179862607266898 ], [ -39.816538428544682, -18.179892225412839 ], [ -39.816375794543788, -18.179965161430395 ], [ -39.81616948344886, -18.180055479427335 ], [ -39.816075305695414, -18.18009766209633 ], [ -39.81590346917703, -18.180173113793913 ], [ -39.815757924379369, -18.180238311259892 ], [ -39.815723377438012, -18.180253021465834 ], [ -39.815663482515227, -18.180279938137204 ], [ -39.815586086425348, -18.180313746244583 ], [ -39.815543550282413, -18.180333464799691 ], [ -39.815534966868427, -18.180337254859626 ], [ -39.815457213330866, -18.180370305155378 ], [ -39.815448628653705, -18.180374092605689 ], [ -39.815328981452126, -18.180428217779113 ], [ -39.815182891024286, -18.180492290910003 ], [ -39.815062986355969, -18.180545893068405 ], [ -39.814985516353097, -18.180579546202274 ], [ -39.814917129478971, -18.180610440003502 ], [ -39.814450087977079, -18.180817559956509 ] ] } },
{ "type": "Feature", "properties": { "Field": "000", "Length": 458.74465874042414, "Image": "/home/ubuntu/bemagro/data/image/Orthomosaico.tif", "Farm": "data" }, "geometry": { "type": "LineString", "coordinates": [ [ -39.818380102054881, -18.179062010707383 ], [ -39.818243344444319, -18.179122679210266 ], [ -39.818166561473419, -18.179157740141918 ], [ -39.818054687016414, -18.179206404452717 ], [ -39.81796060464854, -18.179248780336984 ], [ -39.817917483893794, -18.179267302563424 ], [ -39.817866241384849, -18.179290568562127 ], [ -39.817685853391936, -18.179369874831291 ], [ -39.817566024822526, -18.179423630551476 ], [ -39.817488530306143, -18.179457231095792 ], [ -39.817282926252233, -18.179549009175272 ], [ -39.817093844126177, -18.179631875534355 ], [ -39.817034131565762, -18.179659160565766 ], [ -39.816956711341895, -18.179692917460688 ], [ -39.816862582872382, -18.179735200323147 ], [ -39.816724649887526, -18.179794586320163 ], [ -39.816587927847067, -18.179856478042005 ], [ -39.816527532560592, -18.179882353890818 ], [ -39.816433454044542, -18.179924738505633 ], [ -39.81624441743886, -18.180007700749719 ], [ -39.816193135747447, -18.180030887126467 ], [ -39.816132692746621, -18.180056661117359 ], [ -39.815987204676198, -18.180121974006944 ], [ -39.815849647138783, -18.180182151193151 ], [ -39.815764208210226, -18.18022085888186 ], [ -39.815583640414424, -18.180299792644707 ], [ -39.81557506176545, -18.180303592545144 ], [ -39.815541048460197, -18.180319398638154 ], [ -39.815369283803356, -18.180395000188483 ], [ -39.815360726755578, -18.180398844337684 ], [ -39.81534383012918, -18.180406959851034 ], [ -39.815240562598326, -18.180451884954678 ], [ -39.815163619274692, -18.180486624531493 ], [ -39.815086067903145, -18.180520106078895 ], [ -39.814914808723884, -18.180596748649872 ], [ -39.814906225973026, -18.180600540109534 ], [ -39.814871618632047, -18.180615120455226 ], [ -39.814803369218765, -18.180646291006262 ], [ -39.814751494093393, -18.180668239523371 ], [ -39.814623288510795, -18.180726206489041 ], [ -39.814562838604751, -18.180751966254004 ], [ -39.814444702140037, -18.180804887398136 ] ] } },
{ "type": "Feature", "properties": { "Field": "000", "Length": 458.0709306850556, "Image": "/home/ubuntu/bemagro/data/image/Orthomosaico.tif", "Farm": "data" }, "geometry": { "type": "LineString", "coordinates": [ [ -39.818369152981894, -18.179052273544507 ], [ -39.818334242133766, -18.179067252276987 ], [ -39.818145974976986, -18.179151795982261 ], [ -39.818025521881118, -18.179204260643925 ], [ -39.81794009144577, -18.179242984473696 ], [ -39.817905559642163, -18.179257727296722 ], [ -39.81776850453813, -18.179318941511156 ], [ -39.817424894248909, -18.179469972086441 ], [ -39.817390814345096, -18.179485646365244 ], [ -39.817081850623865, -18.17962216651387 ], [ -39.817004883347622, -18.179656856888105 ], [ -39.816695554272968, -18.179792619711101 ], [ -39.816558938865924, -18.179854726391753 ], [ -39.816532860361278, -18.179865390951257 ], [ -39.816438725092965, -18.179907660302739 ], [ -39.816137897850311, -18.180039464059607 ], [ -39.815958176582889, -18.180120143277456 ], [ -39.815820496576947, -18.180180064104398 ], [ -39.815717827235268, -18.180226224689637 ], [ -39.815605880600643, -18.180274738776966 ], [ -39.815417597712198, -18.180359253381354 ], [ -39.815245663521303, -18.180434502104713 ], [ -39.815194400442614, -18.180457727485699 ], [ -39.815125440474915, -18.180487435060989 ], [ -39.814979918898693, -18.18055268056446 ], [ -39.814816868092144, -18.180624762719969 ], [ -39.814713539051738, -18.180669558808642 ], [ -39.814610874157232, -18.180715729073199 ], [ -39.814567691182994, -18.180734119419743 ], [ -39.814439404898927, -18.180792423298755 ] ] } },
{ "type": "Feature", "properties": { "Field": "000", "Length": 457.37391669094217, "Image": "/home/ubuntu/bemagro/data/image/Orthomosaico.tif", "Farm": "data" }, "geometry": { "type": "LineString", "coordinates": [ [ -39.81835765351989, -18.179042046911128 ], [ -39.818203892890828, -18.179110632951001 ], [ -39.818144233472161, -18.179138023512674 ], [ -39.818066635672942, -18.179171402976635 ], [ -39.817929778690022, -18.179233020709543 ], [ -39.817817829368828, -18.179281527259189 ], [ -39.817775305500497, -18.179301269053351 ], [ -39.817766744245148, -18.179305104519816 ], [ -39.817663453915912, -18.179349980301147 ], [ -39.817406258843441, -18.17946431276167 ], [ -39.817328782105953, -18.179497950688308 ], [ -39.817294747809015, -18.179513714187202 ], [ -39.817260263717692, -18.179528556387236 ], [ -39.817097626382342, -18.179601484570092 ], [ -39.816719429581809, -18.179767150133397 ], [ -39.816557082208064, -18.179840666498436 ], [ -39.816471313834903, -18.179878702382531 ], [ -39.816393726698564, -18.179912106764444 ], [ -39.816205157879608, -18.179996036018164 ], [ -39.816144736604365, -18.180021856202181 ], [ -39.816085016802162, -18.180049125960252 ], [ -39.815973400897043, -18.18009833068443 ], [ -39.815922153437704, -18.180121587081558 ], [ -39.815835974002248, -18.180158763183204 ], [ -39.81570752897656, -18.180216243193431 ], [ -39.815604030783987, -18.180260678708208 ], [ -39.815475770843697, -18.180318535268242 ], [ -39.815338524385481, -18.180379358307 ], [ -39.815132238208577, -18.180469729541368 ], [ -39.81509816486453, -18.180485416649823 ], [ -39.815063640248454, -18.180500172921217 ], [ -39.814935152642896, -18.180557566481895 ], [ -39.814883484964014, -18.180579957572814 ], [ -39.814832231613615, -18.180603202070952 ], [ -39.814780407938315, -18.180625259753477 ], [ -39.814728899648173, -18.180647984171198 ], [ -39.814434052501198, -18.18077982941697 ] ] } },
{ "type": "Feature", "properties": { "Field": "000", "Length": 456.59120825496956, "Image": "/home/ubuntu/bemagro/data/image/Orthomosaico.tif", "Farm": "data" }, "geometry": { "type": "LineString", "coordinates": [ [ -39.818346966758128, -18.179032543021773 ], [ -39.818227214708578, -18.179085296813302 ], [ -39.818133256241985, -18.179127922294402 ], [ -39.818046957124615, -18.179164843314911 ], [ -39.817944485866349, -18.179211402685137 ], [ -39.817798370672698, -18.179275421980464 ], [ -39.817695660206702, -18.179321497413266 ], [ -39.81761815088467, -18.17935506654899 ], [ -39.817369474637523, -18.17946547631416 ], [ -39.817291965236478, -18.179499044883244 ], [ -39.817103726931379, -18.179583648148995 ], [ -39.816742675341096, -18.179741688154902 ], [ -39.816451726507417, -18.1798723685461 ], [ -39.816408538449821, -18.179890745291178 ], [ -39.816322842673806, -18.179928930336715 ], [ -39.816150807889677, -18.180003967546316 ], [ -39.815928272917915, -18.180103809360979 ], [ -39.815824965226241, -18.180148648827252 ], [ -39.815679379484429, -18.180213762368812 ], [ -39.81558450653398, -18.180254496872436 ], [ -39.815464737145668, -18.180308374194261 ], [ -39.815327136395247, -18.180368461473421 ], [ -39.81522449073087, -18.180414669393926 ], [ -39.815155537556912, -18.180444391056863 ], [ -39.814932789810747, -18.180543799677725 ], [ -39.814889682388646, -18.18056234971397 ], [ -39.814821348910385, -18.180593350857166 ], [ -39.814752245786451, -18.180622752381247 ], [ -39.814632435713911, -18.18067654776155 ], [ -39.814563621479202, -18.180706561211608 ], [ -39.814521091184737, -18.180726291982925 ], [ -39.81442985569624, -18.180766921468255 ] ] } },
{ "type": "Feature", "properties": { "Field": "000", "Length": 455.70349852608666, "Image": "/home/ubuntu/bemagro/data/image/Orthomosaico.tif", "Farm": "data" }, "geometry": { "type": "LineString", "coordinates": [ [ -39.818336034662487, -18.179022820951776 ], [ -39.818224754869107, -18.17907155255693 ], [ -39.818130836328706, -18.17911425890232 ], [ -39.818018817798823, -18.179162619188748 ], [ -39.817941962352783, -18.179197534787964 ], [ -39.817744287196746, -18.179284170375599 ], [ -39.817358418726407, -18.179455513097121 ], [ -39.817298016541642, -18.179481372715802 ], [ -39.817177990232864, -18.179534724025036 ], [ -39.817109722124734, -18.179565856491383 ], [ -39.816955253853962, -18.179634144760701 ], [ -39.816765882170451, -18.179716404636295 ], [ -39.81666338251577, -18.179762907618912 ], [ -39.816594447251916, -18.179792666320939 ], [ -39.816551919777972, -18.179812402391399 ], [ -39.816457681464961, -18.179854461372887 ], [ -39.816380135148634, -18.179887952029333 ], [ -39.816182688177591, -18.179975063544109 ], [ -39.815917219364671, -18.180093822707629 ], [ -39.815831039965602, -18.180130999002156 ], [ -39.815642603469207, -18.180215199655954 ], [ -39.81555625991647, -18.180252027423705 ], [ -39.81543660704213, -18.180306140709941 ], [ -39.815367645053641, -18.180335843729495 ], [ -39.815222016460218, -18.180400870400884 ], [ -39.815015815870836, -18.180491420023241 ], [ -39.815007251801205, -18.180495249876927 ], [ -39.814981770245751, -18.180507160023389 ], [ -39.814895873192576, -18.18054493030888 ], [ -39.814836064238001, -18.180572022299636 ], [ -39.814758449383568, -18.180605369227447 ], [ -39.814426193072826, -18.180753122759189 ] ] } },
{ "type": "Feature", "properties": { "Field": "000", "Length": 454.80530541490077, "Image": "/home/ubuntu/bemagro/data/image/Orthomosaico.tif", "Farm": "data" }, "geometry": { "type": "LineString", "coordinates": [ [ -39.818324810870827, -18.179012839470474 ], [ -39.818204975862635, -18.17906542033289 ], [ -39.818136731454103, -18.179096599838754 ], [ -39.817990515373474, -18.179160408134173 ], [ -39.817939365621854, -18.179183859618124 ], [ -39.817904800019747, -18.179198529759685 ], [ -39.817802036171592, -18.179244496493649 ], [ -39.817569974118982, -18.179346181365741 ], [ -39.817381523731576, -18.179430351924903 ], [ -39.817183773759282, -18.179516831810734 ], [ -39.817149758960191, -18.179532634724687 ], [ -39.816926915567173, -18.179631844640543 ], [ -39.816771886626, -18.179698962074742 ], [ -39.816660697824354, -18.179749042372631 ], [ -39.816583202664908, -18.179782641783707 ], [ -39.816532094560628, -18.179806176682074 ], [ -39.816446340239359, -18.179844241470651 ], [ -39.816231506744963, -18.179938476393314 ], [ -39.816180339059265, -18.179961892792445 ], [ -39.816077242018359, -18.180007173709996 ], [ -39.816000326319397, -18.180041968793432 ], [ -39.815734024756289, -18.180159012488804 ], [ -39.815631311012368, -18.180205082665726 ], [ -39.815519405679659, -18.180253683635719 ], [ -39.815451030194041, -18.180284600747193 ], [ -39.815107657945035, -18.180436129509186 ], [ -39.815065000000608, -18.180455605616366 ], [ -39.814970251580995, -18.180496604890241 ], [ -39.814713095924652, -18.180611022256617 ], [ -39.814644179587752, -18.180640822215047 ], [ -39.814584430595481, -18.180668035116209 ], [ -39.814455525144417, -18.18072456642318 ], [ -39.814446945656442, -18.180728364642935 ], [ -39.814422608956527, -18.180739619818507 ] ] } },
{ "type": "Feature", "properties": { "Field": "000", "Length": 453.92504759991743, "Image": "/home/ubuntu/bemagro/data/image/Orthomosaico.tif", "Farm": "data" }, "geometry": { "type": "LineString", "coordinates": [ [ -39.818313742699551, -18.179002996382842 ], [ -39.818254299807208, -18.179029687786606 ], [ -39.818210974286785, -18.179047768182649 ], [ -39.818134278063816, -18.179083002235387 ], [ -39.817953723629692, -18.179161961235916 ], [ -39.817816815213654, -18.179223474476888 ], [ -39.817541773527772, -18.179343979062129 ], [ -39.817413464648688, -18.179401734893759 ], [ -39.817292851723529, -18.17945386338706 ], [ -39.816915913295304, -18.179622128232126 ], [ -39.816760863664783, -18.179689202036226 ], [ -39.816658315622313, -18.179735607682524 ], [ -39.816572144744001, -18.179772802944001 ], [ -39.816443939119232, -18.179830768587614 ], [ -39.816392059337801, -18.179852706735932 ], [ -39.816323648313194, -18.179883551605478 ], [ -39.81622896614514, -18.179924689786336 ], [ -39.816186395830421, -18.179944341498651 ], [ -39.81604041071472, -18.180008632904112 ], [ -39.815980687874315, -18.180035897785253 ], [ -39.815722833717913, -18.180148868199179 ], [ -39.815594482986107, -18.180206540326406 ], [ -39.815482574832934, -18.180255135428244 ], [ -39.815440008210949, -18.180274794615048 ], [ -39.815362459614491, -18.18030828189616 ], [ -39.815234261175895, -18.180366262941206 ], [ -39.815122223573781, -18.180414584997784 ], [ -39.81499377116981, -18.180472050363086 ], [ -39.814941902331, -18.180494012585569 ], [ -39.814856546592267, -18.180532888017733 ], [ -39.81475335816949, -18.180577979166646 ], [ -39.814684895904072, -18.180608720606109 ], [ -39.814650233959981, -18.180623182328983 ], [ -39.814590469687055, -18.180650364601444 ], [ -39.814419058941667, -18.180726245350602 ] ] } },
{ "type": "Feature", "properties": { "Field": "000", "Length": 452.95461517932267, "Image": "/home/ubuntu/bemagro/data/image/Orthomosaico.tif", "Farm": "data" }, "geometry": { "type": "LineString", "coordinates": [ [ -39.818301991698412, -18.178993038459289 ], [ -39.818225565744221, -18.179027655833259 ], [ -39.81818224506285, -18.179045746850242 ], [ -39.818105467781791, -18.179080819240909 ], [ -39.817967690100431, -18.179140532705524 ], [ -39.817719332267089, -18.179251594710717 ], [ -39.817538730375894, -18.179330454891094 ], [ -39.817410367037553, -18.179388100037954 ], [ -39.817264047328848, -18.179451691617651 ], [ -39.817015711653745, -18.179562799878816 ], [ -39.816749167019381, -18.179679335298527 ], [ -39.816646692052927, -18.179725888199997 ], [ -39.816552003894145, -18.179767013599392 ], [ -39.816449419507556, -18.179813345905242 ], [ -39.816388962874456, -18.179839090657303 ], [ -39.81632055497996, -18.179869941862794 ], [ -39.816277338965556, -18.179888260669888 ], [ -39.816131710581601, -18.179953286967159 ], [ -39.816062824624176, -18.179983150560254 ], [ -39.815951741970771, -18.180033446095553 ], [ -39.81582267902207, -18.180089647039093 ], [ -39.815754273125606, -18.180120502511322 ], [ -39.815659690167791, -18.180161848994597 ], [ -39.815574272954002, -18.180200600510968 ], [ -39.81549667358636, -18.180233980092975 ], [ -39.815428241894885, -18.180264783387319 ], [ -39.815316445621995, -18.180313613310449 ], [ -39.81523104396036, -18.180352396296669 ], [ -39.815136243414436, -18.180393285238004 ], [ -39.815050743349261, -18.180431869707732 ], [ -39.814938884483517, -18.180480568730552 ], [ -39.814707577595797, -18.180583817429543 ], [ -39.814629707462871, -18.180616616234502 ], [ -39.814518693530104, -18.180667051100698 ], [ -39.814415204615528, -18.180711724405626 ] ] } },
{ "type": "Feature", "properties": { "Field": "000", "Length": 451.96697016709606, "Image": "/home/ubuntu/bemagro/data/image/Orthomosaico.tif", "Farm": "data" }, "geometry": { "type": "LineString", "coordinates": [ [ -39.818290010653733, -18.178983561513455 ], [ -39.818222147363286, -18.17901441875647 ], [ -39.818153194671595, -18.179044140440411 ], [ -39.818050558836632, -18.17909036757878 ], [ -39.817972903999063, -18.179123627933159 ], [ -39.817904642276694, -18.179154772936819 ], [ -39.817852854742036, -18.179176908872389 ], [ -39.817793172638979, -18.179204254518936 ], [ -39.817655968762047, -18.179265163388997 ], [ -39.817604046416804, -18.179287008954994 ], [ -39.817398416577504, -18.179378733838838 ], [ -39.817131954052705, -18.179495440059071 ], [ -39.817089414240677, -18.179515151810232 ], [ -39.81705483110067, -18.179529784405336 ], [ -39.8170123707173, -18.179549652029731 ], [ -39.816754415102871, -18.179662408980317 ], [ -39.816686240701031, -18.179693728708994 ], [ -39.816557659731359, -18.179750929585733 ], [ -39.816480163058465, -18.179784525984928 ], [ -39.816437471117723, -18.179803935063198 ], [ -39.816385573458462, -18.179825834540104 ], [ -39.816265760576435, -18.179879622990494 ], [ -39.816059388092931, -18.179969812709494 ], [ -39.815982672941203, -18.180005009989735 ], [ -39.815879492335377, -18.180050116769738 ], [ -39.81583678534539, -18.180069495718364 ], [ -39.815802138972742, -18.180083991263444 ], [ -39.815716687581585, -18.180122673790127 ], [ -39.815690647890563, -18.180133424754615 ], [ -39.815588158284129, -18.180179948792144 ], [ -39.815493301766658, -18.180220718743275 ], [ -39.815227699137111, -18.180339205246025 ], [ -39.815132940842254, -18.180380183555741 ], [ -39.815107472427236, -18.180392119643489 ], [ -39.814995954814584, -18.180441528510393 ], [ -39.81496131304921, -18.180456034289943 ], [ -39.814875429131845, -18.180493831911981 ], [ -39.814738623554319, -18.18055555617935 ], [ -39.814635106271233, -18.180599953324712 ], [ -39.814618180426351, -18.180608013449909 ], [ -39.814600660827978, -18.180614816341226 ], [ -39.814498202688249, -18.180661404284912 ], [ -39.814411567493728, -18.180698021762641 ] ] } },
{ "type": "Feature", "properties": { "Field": "000", "Length": 450.98275474479391, "Image": "/home/ubuntu/bemagro/data/image/Orthomosaico.tif", "Farm": "data" }, "geometry": { "type": "LineString", "coordinates": [ [ -39.818277919006647, -18.17897399707984 ], [ -39.818235778390004, -18.178993354663827 ], [ -39.818081078608543, -18.179061161239673 ], [ -39.818004121593347, -18.179095871856948 ], [ -39.817952162274018, -18.179117636768297 ], [ -39.817883899696696, -18.179148779977478 ], [ -39.817806642485991, -18.179182875938633 ], [ -39.817798057304685, -18.179186662214402 ], [ -39.817737513684349, -18.179212218974399 ], [ -39.817634847263825, -18.179258384195002 ], [ -39.817583041489804, -18.179280481142108 ], [ -39.817523335028405, -18.179307778188363 ], [ -39.817342944354799, -18.179387078966698 ], [ -39.817291796366256, -18.179410534351515 ], [ -39.817171272244842, -18.179462850162487 ], [ -39.817077300609334, -18.17950545039395 ], [ -39.817034134897007, -18.179523876990793 ], [ -39.81696574219368, -18.179554758647278 ], [ -39.816759378531337, -18.179644965915884 ], [ -39.816682630458786, -18.179680097226022 ], [ -39.816588074153991, -18.179721498805026 ], [ -39.816502496284869, -18.179759924616611 ], [ -39.816381987677531, -18.179812273650086 ], [ -39.816330888562945, -18.179835826417236 ], [ -39.816236574678157, -18.179877730362588 ], [ -39.81604731612142, -18.179960228875075 ], [ -39.815979171949699, -18.179991608875888 ], [ -39.815893048899554, -18.180028905472177 ], [ -39.81582476577438, -18.180060008333186 ], [ -39.815755668619133, -18.18008942280472 ], [ -39.81557578172287, -18.180169764173353 ], [ -39.815515420888751, -18.180195713768359 ], [ -39.815361150508579, -18.180264410768402 ], [ -39.81535448536485, -18.180268257263048 ], [ -39.815350606468073, -18.180269883554743 ], [ -39.815344104250116, -18.180271918607954 ], [ -39.815335502398284, -18.180275669132953 ], [ -39.815138359654057, -18.180363408938401 ], [ -39.815009268804914, -18.180419551861469 ], [ -39.814992408939261, -18.180427737187955 ], [ -39.814931982973647, -18.18045354794118 ], [ -39.814777917690137, -18.180522664729093 ], [ -39.814691714122233, -18.180559791617554 ], [ -39.81463175203789, -18.180586572846206 ], [ -39.814588267762296, -18.180604302493073 ], [ -39.81451126001128, -18.180638911578427 ], [ -39.814460275328976, -18.180662690388331 ], [ -39.814408090365355, -18.180684921883241 ] ] } },
{ "type": "Feature", "properties": { "Field": "000", "Length": 450.03515947411432, "Image": "/home/ubuntu/bemagro/data/image/Orthomosaico.tif", "Farm": "data" }, "geometry": { "type": "LineString", "coordinates": [ [ -39.818266255200065, -18.178964771064201 ], [ -39.818223545517881, -18.178984237871845 ], [ -39.817940063306082, -18.179108829114334 ], [ -39.817837490825333, -18.179155184643118 ], [ -39.817734022150532, -18.17919968326391 ], [ -39.817673989798799, -18.179226319236029 ], [ -39.817640013585589, -18.179242197758892 ], [ -39.817545114719344, -18.179282876372675 ], [ -39.817519738980337, -18.179294991126415 ], [ -39.817322356426068, -18.179382234418508 ], [ -39.817288285560274, -18.179397926601926 ], [ -39.817270852342752, -18.17940492900885 ], [ -39.817202239138879, -18.179435360413571 ], [ -39.817176227201429, -18.179446172342256 ], [ -39.817047961825494, -18.179504016573741 ], [ -39.817030573528868, -18.179511120323607 ], [ -39.816919185767077, -18.179560794827733 ], [ -39.816824465995069, -18.179601853453764 ], [ -39.81679904287936, -18.179613877209327 ], [ -39.816713011580056, -18.179651366394108 ], [ -39.816678981775517, -18.179667139893475 ], [ -39.816481693016961, -18.179754577767135 ], [ -39.816473113573736, -18.179758375971929 ], [ -39.816447088617252, -18.179769159354723 ], [ -39.816361220362595, -18.179806988709391 ], [ -39.816207218733737, -18.179876233743432 ], [ -39.816155407943661, -18.179898320407641 ], [ -39.815958310760941, -18.179986152733562 ], [ -39.81589793227311, -18.18001206464465 ], [ -39.815838304204092, -18.180039518404808 ], [ -39.815726304859602, -18.180087920950594 ], [ -39.81564945233454, -18.180122843462769 ], [ -39.815554800240022, -18.180164045145631 ], [ -39.815503681656331, -18.180187559544201 ], [ -39.81543469389721, -18.180217207867727 ], [ -39.815357956299181, -18.180252360653064 ], [ -39.815271662447479, -18.180289295120879 ], [ -39.815229120610773, -18.18030900330081 ], [ -39.815117431414635, -18.180358056664279 ], [ -39.815049200476423, -18.180389264299695 ], [ -39.815014510005803, -18.180403663310553 ], [ -39.814989028858896, -18.180415574548796 ], [ -39.814936888798407, -18.180436941916994 ], [ -39.814808122010191, -18.180493760846332 ], [ -39.814748396998205, -18.180521021754494 ], [ -39.814679171310168, -18.180550159278891 ], [ -39.814619711734053, -18.180577945317527 ], [ -39.814585167976546, -18.180592663157075 ], [ -39.814559636045246, -18.180604474677814 ], [ -39.814516159359343, -18.180622221425878 ], [ -39.814448161474154, -18.180653890626139 ], [ -39.814404832063872, -18.180672646419403 ] ] } },
{ "type": "Feature", "properties": { "Field": "000", "Length": 449.0186049383957, "Image": "/home/ubuntu/bemagro/data/image/Orthomosaico.tif", "Farm": "data" }, "geometry": { "type": "LineString", "coordinates": [ [ -39.818254185197027, -18.17895522374728 ], [ -39.818194275843354, -18.178982230574604 ], [ -39.818099506650434, -18.179023184147262 ], [ -39.818031172469453, -18.179054183549514 ], [ -39.817927987759312, -18.179099280465699 ], [ -39.817834039889135, -18.179141928154628 ], [ -39.817721983718059, -18.17919020904155 ], [ -39.817550370881499, -18.179266122468139 ], [ -39.817439236192079, -18.179316311856827 ], [ -39.817258949328746, -18.179395828085056 ], [ -39.817155556275068, -18.179440487348721 ], [ -39.81706155836045, -18.179483034573671 ], [ -39.816846829462008, -18.179577486316152 ], [ -39.81680429832825, -18.179597215216369 ], [ -39.816761006161812, -18.179615368835776 ], [ -39.816486447020175, -18.179736876102453 ], [ -39.816323761128906, -18.179809706021203 ], [ -39.816254834650024, -18.179839483939471 ], [ -39.816152160017893, -18.179885633343726 ], [ -39.815671113483333, -18.180097096357418 ], [ -39.815491354093574, -18.180177698106387 ], [ -39.815370954348616, -18.180230276188329 ], [ -39.815319826666062, -18.180253772550742 ], [ -39.815259547882675, -18.18027989591172 ], [ -39.815028320590464, -18.180383306797363 ], [ -39.814933340398085, -18.18042381308479 ], [ -39.814736221565873, -18.180511602351615 ], [ -39.814641344894014, -18.180552329859058 ], [ -39.814564650926194, -18.180587569858492 ], [ -39.814504297297582, -18.180613535117594 ], [ -39.814435895777819, -18.180644399915849 ], [ -39.814401272155287, -18.180659234665953 ] ] } },
{ "type": "Feature", "properties": { "Field": "000", "Length": 448.01329651761682, "Image": "/home/ubuntu/bemagro/data/image/Orthomosaico.tif", "Farm": "data" }, "geometry": { "type": "LineString", "coordinates": [ [ -39.818241972091627, -18.17894556323515 ], [ -39.818173894267595, -18.178976395804877 ], [ -39.818122174608874, -18.178998676144811 ], [ -39.81804520703092, -18.179033365310421 ], [ -39.817933470816662, -18.179082318876794 ], [ -39.81782235566866, -18.179132547523803 ], [ -39.817779379290805, -18.179151373966185 ], [ -39.817735962826241, -18.179169254037181 ], [ -39.817650449048116, -18.179207809403419 ], [ -39.817538704831939, -18.179256746534627 ], [ -39.817436109015098, -18.179303055053001 ], [ -39.817238719322887, -18.179390283617128 ], [ -39.817169589913249, -18.179419628194328 ], [ -39.816964117328823, -18.179511674861349 ], [ -39.816938170349815, -18.17952262850239 ], [ -39.816921259267723, -18.179530716674847 ], [ -39.81687810931713, -18.179549177029681 ], [ -39.816809724507955, -18.179580074715531 ], [ -39.816560550624978, -18.179689455355675 ], [ -39.816432115529977, -18.179746954887758 ], [ -39.816251698835686, -18.179826202628171 ], [ -39.816174835544125, -18.179861103232607 ], [ -39.816011366068267, -18.179932312276417 ], [ -39.815951588468714, -18.17995946724778 ], [ -39.815908397986966, -18.179977841047254 ], [ -39.815848574790607, -18.18000490415367 ], [ -39.815728102934145, -18.180057330826735 ], [ -39.815479612096404, -18.180168123637461 ], [ -39.815367769692905, -18.180216856815388 ], [ -39.815102239925039, -18.180335492439099 ], [ -39.815016079124199, -18.180372709730047 ], [ -39.814990565913149, -18.180384558087567 ], [ -39.814878694115897, -18.180433229903596 ], [ -39.81477594862114, -18.180479235771241 ], [ -39.814638278030856, -18.180539177042611 ], [ -39.814578689191748, -18.180566708911488 ], [ -39.814526876651414, -18.180588792308846 ], [ -39.814449980656001, -18.18062362777448 ], [ -39.814397665330752, -18.180645646156975 ] ] } },
{ "type": "Feature", "properties": { "Field": "000", "Length": 446.9845523441993, "Image": "/home/ubuntu/bemagro/data/image/Orthomosaico.tif", "Farm": "data" }, "geometry": { "type": "LineString", "coordinates": [ [ -39.818229234647951, -18.178935487971767 ], [ -39.818092839961913, -18.178997660915243 ], [ -39.817981037637686, -18.179046476325194 ], [ -39.817827102270904, -18.179115854359768 ], [ -39.817714891363366, -18.179163805730035 ], [ -39.817414890403064, -18.179297316306453 ], [ -39.81732012075291, -18.179338269313277 ], [ -39.817226232910095, -18.17938103789896 ], [ -39.817165715962545, -18.179406652501946 ], [ -39.817045857786361, -18.179460348039569 ], [ -39.817002774853691, -18.179478950821469 ], [ -39.816926082882674, -18.179514193762351 ], [ -39.81686561618573, -18.179539916673946 ], [ -39.816685572753315, -18.179619935789038 ], [ -39.816625206869624, -18.179645874227123 ], [ -39.816445386509265, -18.179726350583977 ], [ -39.81623907396461, -18.179816665114618 ], [ -39.816153731475261, -18.179855566402367 ], [ -39.816016072708187, -18.179915531347763 ], [ -39.81581889936573, -18.180003207410227 ], [ -39.815741323787059, -18.180036637280534 ], [ -39.815552818015007, -18.180120696178612 ], [ -39.815526801901918, -18.180131499173743 ], [ -39.815475499902163, -18.180154645715159 ], [ -39.815363606310811, -18.180203271398266 ], [ -39.815106717480468, -18.18031823420969 ], [ -39.814865880608934, -18.180423312666267 ], [ -39.814789174261705, -18.180458527918244 ], [ -39.814634360077044, -18.180526098531487 ], [ -39.814566137218215, -18.180557322452653 ], [ -39.814479805386782, -18.180594176099952 ], [ -39.814445859501149, -18.180610114351957 ], [ -39.81439419089935, -18.180632556429401 ] ] } },
{ "type": "Feature", "properties": { "Field": "000", "Length": 446.01029008468862, "Image": "/home/ubuntu/bemagro/data/image/Orthomosaico.tif", "Farm": "data" }, "geometry": { "type": "LineString", "coordinates": [ [ -39.81821742149878, -18.178926143819535 ], [ -39.818089523612493, -18.178984498590335 ], [ -39.817909134394043, -18.179063801665109 ], [ -39.817823722414587, -18.179102562543072 ], [ -39.817668735318655, -18.179169767232441 ], [ -39.817428831506874, -18.179276774506803 ], [ -39.817342734604189, -18.179314125456461 ], [ -39.817248825036515, -18.179356850412972 ], [ -39.81713663508495, -18.179404846928815 ], [ -39.817111128607365, -18.179416708219573 ], [ -39.817059419698836, -18.179439011650452 ], [ -39.817042514038256, -18.179447110155152 ], [ -39.81699095630217, -18.179469731106973 ], [ -39.816922830962774, -18.179501148068411 ], [ -39.816810655938923, -18.179549176670417 ], [ -39.816741944242523, -18.179579404484226 ], [ -39.816519315776326, -18.179679054510434 ], [ -39.816450429568377, -18.179708917334491 ], [ -39.816279018028375, -18.179785246322112 ], [ -39.816210059454804, -18.179814956252088 ], [ -39.816159020067076, -18.17983862709335 ], [ -39.816098639693394, -18.179864534876259 ], [ -39.815952935844912, -18.179929406508936 ], [ -39.815883928063286, -18.179959011996218 ], [ -39.815815503798468, -18.179989830128996 ], [ -39.815755101974311, -18.180015692309592 ], [ -39.815523681216966, -18.180118706251584 ], [ -39.815360186553576, -18.180189863004752 ], [ -39.815283390971288, -18.180224899885971 ], [ -39.815214564558893, -18.180254888912852 ], [ -39.815069087457182, -18.180320224572245 ], [ -39.814888261704397, -18.180398617225805 ], [ -39.814751516609412, -18.180460463674709 ], [ -39.814656727277246, -18.180501376511437 ], [ -39.814579944018071, -18.180536438361919 ], [ -39.814485141784338, -18.18057732397337 ], [ -39.814390708373864, -18.180619436205625 ] ] } },
{ "type": "Feature", "properties": { "Field": "000", "Length": 444.52010259764404, "Image": "/home/ubuntu/bemagro/data/image/Orthomosaico.tif", "Farm": "data" }, "geometry": { "type": "LineString", "coordinates": [ [ -39.818205690144119, -18.17891686436467 ], [ -39.818086587598479, -18.178970921636211 ], [ -39.817931995129378, -18.179038951462733 ], [ -39.817880837288762, -18.17906238553228 ], [ -39.817751786235931, -18.17911860969285 ], [ -39.817417370144142, -18.1792671127061 ], [ -39.817339823001731, -18.179300600879316 ], [ -39.817237348360294, -18.179347153477003 ], [ -39.817065278379836, -18.179422115822884 ], [ -39.816920001923137, -18.17948785584624 ], [ -39.816911420113719, -18.179491649134249 ], [ -39.816833730679988, -18.179524836018622 ], [ -39.816799574711155, -18.179540355878412 ], [ -39.816730650999602, -18.179570139192908 ], [ -39.816310521258828, -18.179756792539695 ], [ -39.816224401046917, -18.179794094569747 ], [ -39.816215833888343, -18.179797918029085 ], [ -39.816173276843784, -18.179817594722326 ], [ -39.816095773530321, -18.179851176377255 ], [ -39.816027538645102, -18.179882375697883 ], [ -39.81601893186695, -18.179886116979464 ], [ -39.816001582491388, -18.179893305700805 ], [ -39.815950229893055, -18.179916349157367 ], [ -39.81573526695751, -18.180010314479425 ], [ -39.815709733567999, -18.180022121212605 ], [ -39.815486645660073, -18.180120829261643 ], [ -39.815374577787885, -18.180169085946815 ], [ -39.815237624224324, -18.180230509089057 ], [ -39.815160157185872, -18.180264167081592 ], [ -39.815100429459811, -18.180291421743206 ], [ -39.815005769003669, -18.180332605867552 ], [ -39.814928664947807, -18.180367017530674 ], [ -39.814885429780539, -18.180385295290556 ], [ -39.814876860050703, -18.180389113533984 ], [ -39.814859878687301, -18.180397065138976 ], [ -39.814791119152794, -18.180427193521012 ], [ -39.814731444337944, -18.180454554344507 ], [ -39.814671411389874, -18.180481190067397 ], [ -39.814636745159639, -18.18049563857911 ], [ -39.814551363847649, -18.180534462688616 ], [ -39.814465201729455, -18.180571675561577 ], [ -39.814391835315831, -18.180604665916832 ] ] } },
{ "type": "Feature", "properties": { "Field": "000", "Length": 442.40203556519157, "Image": "/home/ubuntu/bemagro/data/image/Orthomosaico.tif", "Farm": "data" }, "geometry": { "type": "LineString", "coordinates": [ [ -39.81819387673481, -18.178907520003133 ], [ -39.818177374128908, -18.178915280436271 ], [ -39.818168804472855, -18.178919098683195 ], [ -39.818134250754746, -18.17893379437611 ], [ -39.818125680447402, -18.17893761128925 ], [ -39.818040524111836, -18.178976881649724 ], [ -39.817731418350967, -18.179113105743401 ], [ -39.817628834791556, -18.179159438142623 ], [ -39.817482610633839, -18.17922322980235 ], [ -39.8173712649794, -18.179272989900966 ], [ -39.817336675814865, -18.179287606633054 ], [ -39.817216932406929, -18.179341535014789 ], [ -39.817062143130961, -18.179409155479064 ], [ -39.816916683625784, -18.179474524755694 ], [ -39.816736125259297, -18.179553476506793 ], [ -39.816436095813081, -18.179686930020168 ], [ -39.816350013683397, -18.179724312351503 ], [ -39.81630736871751, -18.179743814044397 ], [ -39.816212882831337, -18.179785362366957 ], [ -39.816170312029513, -18.179805012334768 ], [ -39.816161737869407, -18.179808821430552 ], [ -39.816084123633985, -18.179842167808761 ], [ -39.816007190474011, -18.179876927495002 ], [ -39.815972647325523, -18.179891645248713 ], [ -39.815938565145046, -18.179907312625094 ], [ -39.815844147379025, -18.179949002397738 ], [ -39.815809579508731, -18.179963666519797 ], [ -39.815723923846427, -18.180001933920742 ], [ -39.815689306080316, -18.180016488823778 ], [ -39.815586618019836, -18.18006261116383 ], [ -39.815491954024118, -18.180103787463221 ], [ -39.815449247671701, -18.180123167152058 ], [ -39.815423189439102, -18.180133873494849 ], [ -39.815371497800562, -18.180156213968701 ], [ -39.815234544465014, -18.180217637125395 ], [ -39.815156914380651, -18.180250950763188 ], [ -39.815097184449336, -18.180278199438455 ], [ -39.815002531778752, -18.180319400117821 ], [ -39.814977016709669, -18.180331242651306 ], [ -39.814882449428396, -18.180372622162313 ], [ -39.814839749960726, -18.180392014766337 ], [ -39.814779434513163, -18.180418060169522 ], [ -39.814633886558944, -18.180483251803526 ], [ -39.814599337704983, -18.180497956790731 ], [ -39.814513730658163, -18.180536324046074 ], [ -39.814461857173939, -18.180558274131435 ], [ -39.814397940834574, -18.180586719447557 ] ] } },
{ "type": "Feature", "properties": { "Field": "000", "Length": 440.21878123238599, "Image": "/home/ubuntu/bemagro/data/image/Orthomosaico.tif", "Farm": "data" }, "geometry": { "type": "LineString", "coordinates": [ [ -39.818180898062423, -18.178897253920926 ], [ -39.818110217486208, -18.178928194351741 ], [ -39.818050840398776, -18.178956139923507 ], [ -39.817930356889669, -18.179008540465571 ], [ -39.817828065068824, -18.179055459100447 ], [ -39.817716053613267, -18.179103834582278 ], [ -39.817622139658923, -18.179146550483697 ], [ -39.817527380252919, -18.179187524960703 ], [ -39.817450390198324, -18.179222168717025 ], [ -39.817329858600239, -18.179274468540299 ], [ -39.817278809468355, -18.179298119835593 ], [ -39.817107364473046, -18.179374379239785 ], [ -39.816978228364164, -18.179430425322206 ], [ -39.816815486882668, -18.179503141052763 ], [ -39.816695059202722, -18.17955565959177 ], [ -39.816618174303194, -18.179590516425939 ], [ -39.8165836365907, -18.179605246769324 ], [ -39.816480936167999, -18.179651343414164 ], [ -39.816094378461031, -18.179821262699495 ], [ -39.815906087379837, -18.179905759587456 ], [ -39.815674073426663, -18.180007546777006 ], [ -39.815451293003228, -18.180106887274128 ], [ -39.815399468749547, -18.180128945228411 ], [ -39.815219523069949, -18.180209166376574 ], [ -39.815116137182322, -18.180253841926042 ], [ -39.81498777307889, -18.18031148705942 ], [ -39.814918778010231, -18.180341119963387 ], [ -39.814867514973706, -18.180364345383868 ], [ -39.814798546772089, -18.180394035425103 ], [ -39.814730048876442, -18.180424704133927 ], [ -39.814661000251448, -18.1804542229475 ], [ -39.814584311978699, -18.180489474183361 ], [ -39.814404008241524, -18.180568884999879 ] ] } },
{ "type": "Feature", "properties": { "Field": "000", "Length": 438.13938765476331, "Image": "/home/ubuntu/bemagro/data/image/Orthomosaico.tif", "Farm": "data" }, "geometry": { "type": "LineString", "coordinates": [ [ -39.818169254363404, -18.178888043795929 ], [ -39.818090506051227, -18.178921539498681 ], [ -39.818039573145221, -18.178945418423066 ], [ -39.817961932045591, -18.178978707932796 ], [ -39.817842383056416, -18.179033028954017 ], [ -39.817704802900032, -18.179093157034504 ], [ -39.817636712624832, -18.179124643057897 ], [ -39.817558835820478, -18.179157425854459 ], [ -39.817439384167002, -18.179211942438442 ], [ -39.817318750704452, -18.179264027220206 ], [ -39.817259148013875, -18.179291530739427 ], [ -39.817104865776514, -18.179360201677898 ], [ -39.816881310496619, -18.179457936900395 ], [ -39.816838927830631, -18.179477955539301 ], [ -39.816770002500711, -18.179507735592416 ], [ -39.816615756788082, -18.179576481887757 ], [ -39.816572615221709, -18.179594960169602 ], [ -39.816478548375507, -18.179637368170937 ], [ -39.816452570141237, -18.179648253962668 ], [ -39.816435611426677, -18.179656250521322 ], [ -39.816289470787595, -18.179720217769045 ], [ -39.816203925540826, -18.1797587099122 ], [ -39.816100511270982, -18.179803324784093 ], [ -39.815989462583538, -18.179853688572869 ], [ -39.815894870104152, -18.179895014837431 ], [ -39.815792281607379, -18.179941339016597 ], [ -39.815697542839914, -18.179982358076895 ], [ -39.815594819840356, -18.180028409235231 ], [ -39.815500127891788, -18.180069527060606 ], [ -39.815457502393677, -18.180089069270473 ], [ -39.815380275263458, -18.180123228407787 ], [ -39.815362877442382, -18.180130310974878 ], [ -39.81520867929342, -18.180199155929238 ], [ -39.815070855822945, -18.180258774847225 ], [ -39.814985485246019, -18.180297620270807 ], [ -39.814848070369457, -18.180358094964255 ], [ -39.814804841328829, -18.180376385964351 ], [ -39.814744983483671, -18.180403379291629 ], [ -39.814667380901646, -18.180436752272339 ], [ -39.814573732605069, -18.180479999344829 ], [ -39.814470239950786, -18.180524448837449 ], [ -39.814410023496031, -18.180551203844825 ] ] } },
{ "type": "Feature", "properties": { "Field": "000", "Length": 435.82975704843398, "Image": "/home/ubuntu/bemagro/data/image/Orthomosaico.tif", "Farm": "data" }, "geometry": { "type": "LineString", "coordinates": [ [ -39.814416635821651, -18.180531767663162 ], [ -39.814580798593262, -18.180461309366425 ], [ -39.814640423109651, -18.180433848253529 ], [ -39.814743599713296, -18.180388732597159 ], [ -39.81476911952425, -18.180376897285537 ], [ -39.814820932985185, -18.180354816022032 ], [ -39.814906573804365, -18.180316517897158 ], [ -39.814975535829007, -18.180286814852007 ], [ -39.815060775136828, -18.180247706985384 ], [ -39.815147098993535, -18.180210836672586 ], [ -39.815301760695071, -18.180142948438416 ], [ -39.815327178978059, -18.180130915234702 ], [ -39.815404584403389, -18.180097126824183 ], [ -39.815481553837863, -18.180062440379551 ], [ -39.815550454029321, -18.18003260672311 ], [ -39.815687496932192, -18.179971366255252 ], [ -39.815807978919544, -18.179918960998108 ], [ -39.815867700997195, -18.179891694672659 ], [ -39.816013848030828, -18.17982774045689 ], [ -39.816099182391362, -18.179788822926895 ], [ -39.816176771123949, -18.17975542121432 ], [ -39.816700031675751, -18.179523555085716 ], [ -39.816820476341732, -18.179471072226878 ], [ -39.816897055425251, -18.179435605785624 ], [ -39.817052176152835, -18.179368682854228 ], [ -39.817137440651344, -18.17932962614416 ], [ -39.817257518142114, -18.179276380395876 ], [ -39.817308541082831, -18.179252677582973 ], [ -39.817429326534423, -18.179200915693134 ], [ -39.81754867680344, -18.17914619665256 ], [ -39.817660806009819, -18.179098071022199 ], [ -39.817746139910895, -18.179059153348721 ], [ -39.817840795322802, -18.179017960005112 ], [ -39.817951929554802, -18.178967770114248 ], [ -39.818038117554828, -18.178930612055755 ], [ -39.818089165941196, -18.178906959551433 ], [ -39.818156266502363, -18.178877770441453 ] ] } },
{ "type": "Feature", "properties": { "Field": "000", "Length": 433.78343148364615, "Image": "/home/ubuntu/bemagro/data/image/Orthomosaico.tif", "Farm": "data" }, "geometry": { "type": "LineString", "coordinates": [ [ -39.818144826606826, -18.178868721520736 ], [ -39.818085116544559, -18.178894825778002 ], [ -39.818034133223726, -18.178918605782108 ], [ -39.817956242487831, -18.178951357916304 ], [ -39.817845038705535, -18.179001406783652 ], [ -39.817750277257879, -18.179042376653328 ], [ -39.817647842356969, -18.17908900898782 ], [ -39.817587255880554, -18.179114472556435 ], [ -39.817424696132065, -18.179187558048838 ], [ -39.817295542683013, -18.179243567072987 ], [ -39.81725303109976, -18.179263334042265 ], [ -39.817201303538603, -18.179285597765528 ], [ -39.817124223759151, -18.179320058816447 ], [ -39.817039003719323, -18.179359203939402 ], [ -39.816883980887738, -18.17942633356428 ], [ -39.816799026670239, -18.179466003045228 ], [ -39.816704113288885, -18.179506650872188 ], [ -39.816610146504701, -18.179549260902206 ], [ -39.81649827709974, -18.179597936473943 ], [ -39.816395628183145, -18.179644137752582 ], [ -39.816326728154912, -18.179673971374207 ], [ -39.816163893916489, -18.179746497557378 ], [ -39.816103436902544, -18.179772241156787 ], [ -39.816035354481457, -18.179803743083731 ], [ -39.815957818719873, -18.179837256977454 ], [ -39.815855192288751, -18.179883504214146 ], [ -39.81566605901196, -18.179966264823317 ], [ -39.815580577967793, -18.180004886733336 ], [ -39.815563149197331, -18.18001189918569 ], [ -39.815485850475952, -18.180045909966246 ], [ -39.815297438211552, -18.180130160225513 ], [ -39.815177164970805, -18.18018300211109 ], [ -39.815065112388154, -18.180231292041608 ], [ -39.814954162035214, -18.180281853880302 ], [ -39.814885103666938, -18.180311351569259 ], [ -39.814842400268212, -18.180330737843779 ], [ -39.814756412014184, -18.180368317980399 ], [ -39.814747791123402, -18.180372029508305 ], [ -39.814730366086039, -18.180379050380147 ], [ -39.81463631115669, -18.180421483415795 ], [ -39.814576807684318, -18.180449182572449 ], [ -39.814541968145363, -18.180463248814053 ], [ -39.814422552451759, -18.180514376396001 ] ] } },
{ "type": "Feature", "properties": { "Field": "000", "Length": 431.56557537050287, "Image": "/home/ubuntu/bemagro/data/image/Orthomosaico.tif", "Farm": "data" }, "geometry": { "type": "LineString", "coordinates": [ [ -39.818133112527136, -18.178859455719504 ], [ -39.818082036685091, -18.178881876115195 ], [ -39.818039398119723, -18.178901391518796 ], [ -39.818030809523243, -18.178905170306571 ], [ -39.817978830336124, -18.178926890010342 ], [ -39.817850280728031, -18.178984153758741 ], [ -39.817781276127633, -18.179013762965237 ], [ -39.817678868737424, -18.179060449350796 ], [ -39.817566779136186, -18.179108658109591 ], [ -39.817481338890644, -18.179147361933584 ], [ -39.817378160824951, -18.179192471797553 ], [ -39.817275468942945, -18.179238584687784 ], [ -39.817172056487699, -18.179283201375789 ], [ -39.817035628219784, -18.179345680437386 ], [ -39.816897653581314, -18.1794049758184 ], [ -39.816795332131775, -18.179451834652234 ], [ -39.816700604714121, -18.179492876025847 ], [ -39.81661522956518, -18.179531710642291 ], [ -39.816486107912944, -18.179587787297827 ], [ -39.816417827031721, -18.179618891960182 ], [ -39.816331677785733, -18.179656132038517 ], [ -39.81618634515722, -18.179721759187576 ], [ -39.81609169577866, -18.179762966013296 ], [ -39.816014855499965, -18.179797910861492 ], [ -39.815928754254109, -18.179835252300673 ], [ -39.815843385900628, -18.179874101071793 ], [ -39.815679987491663, -18.179945458940242 ], [ -39.815611581895169, -18.179976313972933 ], [ -39.815465449320151, -18.18004029860878 ], [ -39.815380047707094, -18.180079080139695 ], [ -39.815087726872058, -18.180206933700859 ], [ -39.814968005918971, -18.180260908885462 ], [ -39.814881875893185, -18.180298189426882 ], [ -39.814727971217685, -18.180367632013802 ], [ -39.814719290609879, -18.180371212238072 ], [ -39.814710464056333, -18.180374449761302 ], [ -39.814701754649192, -18.180377964926713 ], [ -39.814659129685261, -18.180397505951614 ], [ -39.814650475306919, -18.180401143710785 ], [ -39.814641682348714, -18.180404464074876 ], [ -39.814633004301456, -18.180408049630348 ], [ -39.814573514407002, -18.180435774051091 ], [ -39.814564907790086, -18.180439514536619 ], [ -39.814529970583166, -18.180453356428213 ], [ -39.814521321017125, -18.180457005604765 ], [ -39.814461581569041, -18.18048423667123 ], [ -39.814452899109597, -18.180487812233501 ], [ -39.814443819910949, -18.180490299525292 ], [ -39.81442921060821, -18.180494805491655 ] ] } },
{ "type": "Feature", "properties": { "Field": "000", "Length": 429.82352203934499, "Image": "/home/ubuntu/bemagro/data/image/Orthomosaico.tif", "Farm": "data" }, "geometry": { "type": "LineString", "coordinates": [ [ -39.818120916371974, -18.178849808596194 ], [ -39.818061404118019, -18.178876326474033 ], [ -39.818010336560256, -18.178899940064831 ], [ -39.817940996410933, -18.178928825836337 ], [ -39.817846735011464, -18.178970836366016 ], [ -39.817786429202236, -18.178996901219485 ], [ -39.81770124277719, -18.179036112477633 ], [ -39.817597804154786, -18.179080674543055 ], [ -39.817443836368348, -18.179149986910154 ], [ -39.817435252704932, -18.179153776327432 ], [ -39.817391961864068, -18.179171932061539 ], [ -39.817280773377092, -18.1792220122076 ], [ -39.817134432016339, -18.179285557643169 ], [ -39.817040635949198, -18.179328509448549 ], [ -39.816928675489876, -18.179376992963878 ], [ -39.816800253081908, -18.179434517809643 ], [ -39.816697032152973, -18.179479539251716 ], [ -39.816620205522241, -18.179514512605788 ], [ -39.816576961286231, -18.179532770107961 ], [ -39.816473884882917, -18.179578093353793 ], [ -39.816388382162451, -18.179616671492113 ], [ -39.8162938517697, -18.179658126857131 ], [ -39.816217103269203, -18.179693257156583 ], [ -39.816079558084162, -18.179753459322853 ], [ -39.816011255668371, -18.17978452298081 ], [ -39.815925092916281, -18.179821735152125 ], [ -39.815831290917458, -18.179864675906312 ], [ -39.815504843258822, -18.180008120158533 ], [ -39.815350822383309, -18.180077326108307 ], [ -39.815298954294789, -18.180099289478278 ], [ -39.815110303082697, -18.180183049879005 ], [ -39.815024281305803, -18.18022055956526 ], [ -39.814921679980202, -18.180266858211489 ], [ -39.81491310437265, -18.180270664381283 ], [ -39.814869904306562, -18.180289017504613 ], [ -39.814715767574953, -18.18035798833165 ], [ -39.814681784104529, -18.180373850324177 ], [ -39.814638371961529, -18.180391740728261 ], [ -39.814629741221033, -18.180395431296905 ], [ -39.814570382080859, -18.180423412753328 ], [ -39.814561812552142, -18.180427231428762 ], [ -39.814544254569114, -18.180433942767696 ], [ -39.814492220129118, -18.180455544124836 ], [ -39.814483620629545, -18.180459300740864 ], [ -39.814466853132124, -18.180467657768464 ], [ -39.814458395247314, -18.180471697471692 ], [ -39.814433495861444, -18.180482209467989 ] ] } },
{ "type": "Feature", "properties": { "Field": "000", "Length": 427.6610339349848, "Image": "/home/ubuntu/bemagro/data/image/Orthomosaico.tif", "Farm": "data" }, "geometry": { "type": "LineString", "coordinates": [ [ -39.818108180541039, -18.178839734588895 ], [ -39.817979377720256, -18.17889743479838 ], [ -39.817798879489438, -18.178976510740338 ], [ -39.817679173738007, -18.179030515420379 ], [ -39.817550192624303, -18.179086886091717 ], [ -39.817438900631196, -18.179136755755113 ], [ -39.817369994064165, -18.179166575144592 ], [ -39.817293263470546, -18.179201740901007 ], [ -39.817103815374011, -18.179283839322615 ], [ -39.817035658517661, -18.179315193615619 ], [ -39.816889535923082, -18.179379197875022 ], [ -39.81679543555267, -18.17942153761572 ], [ -39.816709344446544, -18.179458900949019 ], [ -39.81662396593557, -18.179497729577559 ], [ -39.816554998065548, -18.179527419531645 ], [ -39.816314882323312, -18.179633992760454 ], [ -39.816280312302709, -18.179648653712523 ], [ -39.816203618790283, -18.179683893759446 ], [ -39.816160421572611, -18.179702252930273 ], [ -39.816032043152738, -18.179759868032818 ], [ -39.81588576919625, -18.179823556469191 ], [ -39.815800638190055, -18.179862878873553 ], [ -39.815697124409425, -18.179907282546445 ], [ -39.815594729199141, -18.179953995840062 ], [ -39.815534384283175, -18.179979979095894 ], [ -39.815414623532327, -18.180033873784929 ], [ -39.815019512745394, -18.180207648160874 ], [ -39.814899825098671, -18.180261691370031 ], [ -39.81472778969524, -18.180336728284288 ], [ -39.814702355967967, -18.180348731734664 ], [ -39.814689972463036, -18.180355339750335 ], [ -39.814686184534416, -18.180357159700268 ], [ -39.814682247191435, -18.180358658618196 ], [ -39.814676852522673, -18.180360336078376 ], [ -39.814659796770748, -18.180368141919846 ], [ -39.814633505525194, -18.1803783182141 ], [ -39.814548410161649, -18.180417711631829 ], [ -39.814522567934723, -18.180428889552662 ], [ -39.814478964758308, -18.180446350339864 ], [ -39.814453529363028, -18.180458349470182 ], [ -39.81443956909095, -18.180464357884496 ] ] } },
{ "type": "Feature", "properties": { "Field": "000", "Length": 425.53831550365425, "Image": "/home/ubuntu/bemagro/data/image/Orthomosaico.tif", "Farm": "data" }, "geometry": { "type": "LineString", "coordinates": [ [ -39.818096298076924, -18.178830335590558 ], [ -39.817845848963557, -18.178941691120588 ], [ -39.817794140293088, -18.178963994739586 ], [ -39.817631494706532, -18.179036905287848 ], [ -39.817468208718282, -18.179108496211203 ], [ -39.817408442428359, -18.179135673308419 ], [ -39.817322524065617, -18.179173397879016 ], [ -39.817280019346981, -18.179193178521821 ], [ -39.817056281873185, -18.179290531608324 ], [ -39.816919383612756, -18.179352065771411 ], [ -39.816721717283819, -18.179438720253465 ], [ -39.816602186269407, -18.179493078113403 ], [ -39.816447110522574, -18.179560096526441 ], [ -39.816335541296603, -18.179609397644384 ], [ -39.816267210091283, -18.179640403563855 ], [ -39.816249783392919, -18.179647420848546 ], [ -39.816190160716644, -18.17967488505278 ], [ -39.816155580560164, -18.179689524175988 ], [ -39.816035647389015, -18.179743066957876 ], [ -39.815915116754375, -18.179795369658279 ], [ -39.815804107296714, -18.17984581240432 ], [ -39.815718105133072, -18.179883362905745 ], [ -39.815700658601912, -18.17989033507941 ], [ -39.815598243700663, -18.179937008900009 ], [ -39.81552070535318, -18.179970517544788 ], [ -39.815383980033651, -18.180032403208827 ], [ -39.815314879872716, -18.180061811276335 ], [ -39.815246282713346, -18.180092276315186 ], [ -39.815178271930691, -18.180123919774573 ], [ -39.814997609795341, -18.18020265591246 ], [ -39.814869367242345, -18.180260547635058 ], [ -39.814723168812513, -18.180324395292597 ], [ -39.81467209351149, -18.180347995585166 ], [ -39.814611465874094, -18.180373370719654 ], [ -39.814568914898835, -18.180393060922551 ], [ -39.814500269749487, -18.18042342733272 ], [ -39.814465339366343, -18.180437286135504 ], [ -39.814445623864636, -18.180446560546262 ] ] } },
{ "type": "Feature", "properties": { "Field": "000", "Length": 423.42225748498385, "Image": "/home/ubuntu/bemagro/data/image/Orthomosaico.tif", "Farm": "data" }, "geometry": { "type": "LineString", "coordinates": [ [ -39.818084943436951, -18.178821354098069 ], [ -39.818025431484941, -18.178847873170302 ], [ -39.817870385154173, -18.178914952413216 ], [ -39.817767773979114, -18.17896122914215 ], [ -39.817681713431128, -18.178998656001543 ], [ -39.81757912517029, -18.179044979266809 ], [ -39.817458857363285, -18.17909783064432 ], [ -39.817416279178261, -18.179117466006453 ], [ -39.817313012961826, -18.179162391638275 ], [ -39.817270517531213, -18.179182189788904 ], [ -39.817261941582515, -18.179185995136269 ], [ -39.817115489851112, -18.179249308087361 ], [ -39.816978523636351, -18.179310703655936 ], [ -39.816772261690836, -18.179401122558982 ], [ -39.816601250059975, -18.179478266014247 ], [ -39.81648917271464, -18.179526501729811 ], [ -39.816334624004362, -18.179594623488619 ], [ -39.81613774060294, -18.179682892047733 ], [ -39.816017304146158, -18.179735392371253 ], [ -39.815965997752393, -18.179758529588014 ], [ -39.815940011657567, -18.179769397448677 ], [ -39.815931412370503, -18.179773154432489 ], [ -39.815777297146624, -18.179842168146163 ], [ -39.815665552339219, -18.179891104924209 ], [ -39.815640125257609, -18.179903120341628 ], [ -39.815631558593985, -18.179906944829575 ], [ -39.815536794003513, -18.179947909323079 ], [ -39.815425628726885, -18.179998037503847 ], [ -39.815270905454085, -18.180065797056617 ], [ -39.815202798746071, -18.180097250990279 ], [ -39.815090887461849, -18.180145838734756 ], [ -39.814988317562914, -18.180192200597023 ], [ -39.814859415535196, -18.18024873812476 ], [ -39.814748301326034, -18.180298970198329 ], [ -39.814687844475003, -18.180324713177818 ], [ -39.814507691875335, -18.180404509363022 ], [ -39.814451792236682, -18.180428429294519 ] ] } },
{ "type": "Feature", "properties": { "Field": "000", "Length": 421.36711489915155, "Image": "/home/ubuntu/bemagro/data/image/Orthomosaico.tif", "Farm": "data" }, "geometry": { "type": "LineString", "coordinates": [ [ -39.818072881615734, -18.178811813225145 ], [ -39.818010641325174, -18.178840120898265 ], [ -39.817881266953208, -18.178895661752627 ], [ -39.817761495405854, -18.178949532861939 ], [ -39.817666714109905, -18.178990460821613 ], [ -39.817564221510182, -18.179036977383021 ], [ -39.817486685200038, -18.179070489409565 ], [ -39.817401284732938, -18.179109273484279 ], [ -39.817195338002513, -18.179200346059897 ], [ -39.817057548620049, -18.179260035119942 ], [ -39.816955212086704, -18.179306864924222 ], [ -39.816877629463363, -18.179340279152758 ], [ -39.816809241079632, -18.179371169444916 ], [ -39.816731557852513, -18.179404369492893 ], [ -39.816560401024958, -18.179481218315328 ], [ -39.816517093480471, -18.179499338334239 ], [ -39.816414302893307, -18.179545250869136 ], [ -39.816336690281354, -18.179578601653876 ], [ -39.816199999515888, -18.179640556345419 ], [ -39.815899270689172, -18.179772564232998 ], [ -39.81571937172972, -18.17985288026793 ], [ -39.815676267334716, -18.179871437804998 ], [ -39.815599378152982, -18.179906286328912 ], [ -39.815556072595399, -18.17992441093855 ], [ -39.815470570555156, -18.179962990928797 ], [ -39.815247261267615, -18.180061240419992 ], [ -39.815170401445755, -18.180096148254478 ], [ -39.815084236688755, -18.180133356925282 ], [ -39.814990152785704, -18.18017573100272 ], [ -39.814878463712255, -18.180224784461434 ], [ -39.814741758500631, -18.180286711145278 ], [ -39.814672607174074, -18.180316009361821 ], [ -39.814621434830123, -18.18033941679348 ], [ -39.814595454721982, -18.180350298752927 ], [ -39.814518400585833, -18.180384813255724 ], [ -39.814501503467866, -18.180392928228514 ], [ -39.814457575351028, -18.180411430462073 ] ] } },
{ "type": "Feature", "properties": { "Field": "000", "Length": 418.93213086095619, "Image": "/home/ubuntu/bemagro/data/image/Orthomosaico.tif", "Farm": "data" }, "geometry": { "type": "LineString", "coordinates": [ [ -39.818059841184308, -18.178801498271721 ], [ -39.817983453577469, -18.178836193373716 ], [ -39.817923024686465, -18.178861996778405 ], [ -39.817734641955127, -18.178946304517257 ], [ -39.817648523954155, -18.178983610624119 ], [ -39.817580221226798, -18.179014673266096 ], [ -39.817468288647227, -18.179063215206092 ], [ -39.817417138541082, -18.179086666187818 ], [ -39.817296884077706, -18.179139545491541 ], [ -39.817228481860212, -18.179170407599873 ], [ -39.817064917701238, -18.179241416250516 ], [ -39.816953853657431, -18.179291748312341 ], [ -39.816807974589551, -18.179356258091481 ], [ -39.816756196991335, -18.179378415387667 ], [ -39.816713482007579, -18.179397777839501 ], [ -39.816687508822156, -18.179408674520065 ], [ -39.816593436700494, -18.179451071608533 ], [ -39.816515944189156, -18.179484676490947 ], [ -39.816413143637227, -18.179530568612144 ], [ -39.816327036731195, -18.17956789878388 ], [ -39.816198822555471, -18.179625846870962 ], [ -39.815880965167153, -18.179765514407539 ], [ -39.81571828178658, -18.179838349541122 ], [ -39.815666495807029, -18.17986048926711 ], [ -39.815598175704309, -18.179891517730724 ], [ -39.815511955647928, -18.179928608927678 ], [ -39.815357914818243, -18.179997774531582 ], [ -39.815237450290155, -18.180050216597394 ], [ -39.815109306316657, -18.180108307164396 ], [ -39.814997336297893, -18.180156771792674 ], [ -39.814843177379551, -18.180225697040548 ], [ -39.814757001674586, -18.180262882604865 ], [ -39.814714676522641, -18.180283012476025 ], [ -39.814637208666134, -18.180316670039616 ], [ -39.814620274070407, -18.180324713229794 ], [ -39.814559650571951, -18.180350097314395 ], [ -39.814491415555068, -18.180381296126331 ], [ -39.814464775547748, -18.18039026626634 ] ] } },
{ "type": "Feature", "properties": { "Field": "000", "Length": 416.9630867565038, "Image": "/home/ubuntu/bemagro/data/image/Orthomosaico.tif", "Farm": "data" }, "geometry": { "type": "LineString", "coordinates": [ [ -39.818048427067794, -18.178792469728133 ], [ -39.817859856113969, -18.178875196405407 ], [ -39.8177315466165, -18.178932950250612 ], [ -39.817662553947471, -18.178962586968787 ], [ -39.817585721887006, -18.178997549505421 ], [ -39.81748231829387, -18.179042185927976 ], [ -39.817405455962323, -18.179077087708635 ], [ -39.817302251313883, -18.17912214296911 ], [ -39.817225378457216, -18.179157023636584 ], [ -39.817070379983207, -18.179224204477158 ], [ -39.816959365027472, -18.179274635355526 ], [ -39.816856153710766, -18.179319676922077 ], [ -39.816804942368165, -18.17934300563309 ], [ -39.816658568077081, -18.179406482293857 ], [ -39.816555977510973, -18.17945280164199 ], [ -39.816495610958412, -18.17947873851681 ], [ -39.81643576352041, -18.17950575223248 ], [ -39.816341085829102, -18.179546899392058 ], [ -39.816195777559813, -18.179612576127525 ], [ -39.816118168436311, -18.179645934369795 ], [ -39.816066936639842, -18.179669222232967 ], [ -39.815877840454, -18.179752059774973 ], [ -39.815835178169479, -18.179771528317968 ], [ -39.815774914309586, -18.179797682727369 ], [ -39.815715196944247, -18.179824958404126 ], [ -39.815646254447216, -18.179854702416293 ], [ -39.81559513995883, -18.179878224703472 ], [ -39.815551914113435, -18.179896522305665 ], [ -39.815397622633128, -18.179965175496672 ], [ -39.815294287580194, -18.180009958045002 ], [ -39.815114714760149, -18.180090938716518 ], [ -39.814994169720464, -18.180143211632075 ], [ -39.814865673328462, -18.180200586683181 ], [ -39.814753795639788, -18.180249245868588 ], [ -39.814642748283646, -18.180299612945394 ], [ -39.81457363312883, -18.180328989030137 ], [ -39.814496557784388, -18.180363460126607 ], [ -39.814470276147894, -18.180374097846592 ] ] } },
{ "type": "Feature", "properties": { "Field": "000", "Length": 414.85877682809439, "Image": "/home/ubuntu/bemagro/data/image/Orthomosaico.tif", "Farm": "data" }, "geometry": { "type": "LineString", "coordinates": [ [ -39.818035941255019, -18.178782593473045 ], [ -39.817950361428046, -18.178819816916825 ], [ -39.8177534906849, -18.178908109365494 ], [ -39.817573315482534, -18.178987855592691 ], [ -39.817452791839095, -18.17904017169613 ], [ -39.817410173488753, -18.179059727534995 ], [ -39.817289853851513, -18.179112471152425 ], [ -39.817212843881919, -18.179147074342353 ], [ -39.817057868618988, -18.17921430401119 ], [ -39.816955413874403, -18.179260896937603 ], [ -39.816886601041425, -18.179290913525001 ], [ -39.816801106795452, -18.179329508508211 ], [ -39.816732075217296, -18.179359062685386 ], [ -39.816440456935858, -18.17948837121104 ], [ -39.816285711088966, -18.179556082687096 ], [ -39.81620045461564, -18.179595155573853 ], [ -39.81608859427395, -18.17964385028019 ], [ -39.815960162803208, -18.179701357071416 ], [ -39.81592560626121, -18.179716047007435 ], [ -39.815711274420593, -18.179811319872478 ], [ -39.815642356453822, -18.179841115775957 ], [ -39.815471009307394, -18.179917577074878 ], [ -39.815299043165481, -18.179992758125444 ], [ -39.815110803241375, -18.180077359515387 ], [ -39.814947384972164, -18.180148676367168 ], [ -39.814827413750066, -18.18020214187062 ], [ -39.814758397573208, -18.18023172959764 ], [ -39.81467308352444, -18.18027068823487 ], [ -39.814518217437318, -18.180338149755265 ], [ -39.814509682884271, -18.180342039259848 ], [ -39.814501488527775, -18.180346547833107 ], [ -39.814492881714294, -18.180350289074369 ], [ -39.814476139159609, -18.18035686415395 ] ] } },
{ "type": "Feature", "properties": { "Field": "000", "Length": 412.86152324856812, "Image": "/home/ubuntu/bemagro/data/image/Orthomosaico.tif", "Farm": "data" }, "geometry": { "type": "LineString", "coordinates": [ [ -39.818024042578436, -18.178773181639766 ], [ -39.817981713554424, -18.178792154754706 ], [ -39.817955666892395, -18.178802889787548 ], [ -39.817853082026723, -18.17884921990612 ], [ -39.817689834686298, -18.178920890930353 ], [ -39.817587118325108, -18.178966954235104 ], [ -39.817500942882894, -18.179004138994969 ], [ -39.817389700930931, -18.179054110462356 ], [ -39.81707171268652, -18.179193503215497 ], [ -39.816806418503305, -18.179312616019121 ], [ -39.816720155283853, -18.179349614754798 ], [ -39.816351240072379, -18.179512937886557 ], [ -39.816308066757408, -18.179531348256351 ], [ -39.816162778457155, -18.179597065342275 ], [ -39.816033798289432, -18.17965343896714 ], [ -39.815956847989042, -18.179688163801227 ], [ -39.815862155588036, -18.179729280262553 ], [ -39.815802396775823, -18.179756472841376 ], [ -39.815767843679389, -18.179771170260139 ], [ -39.815716548069979, -18.179794329510276 ], [ -39.81564752267365, -18.179823897339656 ], [ -39.815587763958668, -18.179851090196397 ], [ -39.815287232014505, -18.179983507966579 ], [ -39.815038791832464, -18.180094404369715 ], [ -39.814978597830837, -18.180120705620439 ], [ -39.814952504222227, -18.180131336460985 ], [ -39.814858315501468, -18.180173497248614 ], [ -39.814763669786394, -18.180214712414791 ], [ -39.814678231245793, -18.180253421042593 ], [ -39.814514962516206, -18.180325050529742 ], [ -39.814481680724739, -18.180340575315906 ] ] } },
{ "type": "Feature", "properties": { "Field": "000", "Length": 410.89598975101467, "Image": "/home/ubuntu/bemagro/data/image/Orthomosaico.tif", "Farm": "data" }, "geometry": { "type": "LineString", "coordinates": [ [ -39.818012586356438, -18.178764119785615 ], [ -39.817926839541933, -18.17880098775635 ], [ -39.817755523220441, -18.178877509855027 ], [ -39.8174720988426, -18.179002220905158 ], [ -39.817403869066709, -18.179033429364637 ], [ -39.817377861436299, -18.1790442505242 ], [ -39.81706005666701, -18.179184025002122 ], [ -39.816854884180962, -18.17927668066276 ], [ -39.816622400661394, -18.179377482252793 ], [ -39.816442651874787, -18.179458103981272 ], [ -39.816270649930765, -18.179533208913139 ], [ -39.816228222805172, -18.179553141290189 ], [ -39.816185430379427, -18.179572347014236 ], [ -39.816039597545426, -18.179636952592276 ], [ -39.816030999677245, -18.17964071252598 ], [ -39.816013650474375, -18.179647902865273 ], [ -39.815953916596996, -18.179675145290926 ], [ -39.815833286779416, -18.1797272385055 ], [ -39.815704838062246, -18.179784710302737 ], [ -39.815610168726508, -18.17982587537734 ], [ -39.815044145882403, -18.180077012933971 ], [ -39.814914971041134, -18.180132977901874 ], [ -39.81486372531176, -18.180156238036126 ], [ -39.814563177508006, -18.180288624117974 ], [ -39.814520467507684, -18.180307995843208 ], [ -39.814487220436568, -18.18032429192246 ] ] } },
{ "type": "Feature", "properties": { "Field": "000", "Length": 408.73981551798255, "Image": "/home/ubuntu/bemagro/data/image/Orthomosaico.tif", "Farm": "data" }, "geometry": { "type": "LineString", "coordinates": [ [ -39.818000639376784, -18.178754669741132 ], [ -39.817820482571449, -18.178833251387992 ], [ -39.817769368458741, -18.178856773777746 ], [ -39.817614537154554, -18.178924305315221 ], [ -39.817366177892723, -18.179035363649032 ], [ -39.817348801959717, -18.179042494818738 ], [ -39.817219951103382, -18.179099137030541 ], [ -39.817160166445227, -18.179126277149056 ], [ -39.81705686042033, -18.179171119694946 ], [ -39.816834405746825, -18.179271122560611 ], [ -39.816730816218048, -18.179315363720967 ], [ -39.816644903463306, -18.179353100166217 ], [ -39.816413733683717, -18.179456625779054 ], [ -39.816284534755113, -18.179512539535406 ], [ -39.816199218670882, -18.179551493374394 ], [ -39.816087507303159, -18.179600499505383 ], [ -39.816002029869281, -18.179639128904437 ], [ -39.815847087981176, -18.179706429900662 ], [ -39.815718710438048, -18.17976404680498 ], [ -39.815512441604177, -18.179854452625825 ], [ -39.815461343608241, -18.179878007625003 ], [ -39.815358046596607, -18.179922870162645 ], [ -39.815229759296685, -18.179980670734388 ], [ -39.815152099735002, -18.180013921936563 ], [ -39.814997881822713, -18.18008272621487 ], [ -39.814920310595213, -18.180116165401145 ], [ -39.814508689653309, -18.180298878226008 ], [ -39.814500134419077, -18.1803027242943 ], [ -39.814493441880082, -18.180306004647687 ] ] } },
{ "type": "Feature", "properties": { "Field": "000", "Length": 406.73959996956449, "Image": "/home/ubuntu/bemagro/data/image/Orthomosaico.tif", "Farm": "data" }, "geometry": { "type": "LineString", "coordinates": [ [ -39.817989225528976, -18.178744297106181 ], [ -39.817903884616427, -18.178782075778614 ], [ -39.817860710956083, -18.178800484723759 ], [ -39.817749489844516, -18.178850498146772 ], [ -39.817585917893176, -18.178921489375803 ], [ -39.817534794786326, -18.178944993936923 ], [ -39.817372041072581, -18.179017683680794 ], [ -39.817311694202068, -18.179043660669816 ], [ -39.817114620033344, -18.179131537952159 ], [ -39.817028418938641, -18.179168668375134 ], [ -39.816848684607464, -18.179249318941704 ], [ -39.816728029054417, -18.179301357009056 ], [ -39.816590594622582, -18.179361789336443 ], [ -39.81646244874355, -18.179419874046854 ], [ -39.816281953370698, -18.179498957136442 ], [ -39.816196434389141, -18.179537502298647 ], [ -39.81601612089964, -18.179616963812414 ], [ -39.815956378591636, -18.179644189211654 ], [ -39.815784212984482, -18.179718951067855 ], [ -39.815733073187673, -18.179742422772204 ], [ -39.815586826467239, -18.179806168279882 ], [ -39.815209762759217, -18.179974178327679 ], [ -39.815063510374792, -18.180037912381227 ], [ -39.814935068861303, -18.180095399235793 ], [ -39.814857412080983, -18.180128656320054 ], [ -39.814729001922089, -18.18018620735667 ], [ -39.814668707879825, -18.1802122982965 ], [ -39.814591786256997, -18.180247081551798 ], [ -39.814531584111641, -18.18027336536916 ], [ -39.814499402566788, -18.180288483836399 ] ] } },
{ "type": "Feature", "properties": { "Field": "000", "Length": 404.77908275208523, "Image": "/home/ubuntu/bemagro/data/image/Orthomosaico.tif", "Farm": "data" }, "geometry": { "type": "LineString", "coordinates": [ [ -39.817978747973918, -18.178733930252569 ], [ -39.81790213874168, -18.178768224985664 ], [ -39.817824590689987, -18.178801711866306 ], [ -39.817773465774629, -18.178825212802554 ], [ -39.817558308824495, -18.17891876845253 ], [ -39.817498790891236, -18.178946438888794 ], [ -39.817421435355513, -18.178980330377854 ], [ -39.817344549939037, -18.179015185614432 ], [ -39.817215492790659, -18.17907139704144 ], [ -39.817104380833797, -18.179121632137939 ], [ -39.816992281299299, -18.179169820961427 ], [ -39.816846760423147, -18.179235065504024 ], [ -39.816734748467944, -18.17928344021016 ], [ -39.816674889477177, -18.17931043038535 ], [ -39.8165716375023, -18.179355386802932 ], [ -39.816520236208795, -18.179378330668385 ], [ -39.816477791294496, -18.179398228361794 ], [ -39.816331658797125, -18.179462212144344 ], [ -39.816203259673863, -18.179519784704304 ], [ -39.816039940916056, -18.179591308348321 ], [ -39.81594599417248, -18.179633958903604 ], [ -39.815765108682832, -18.179712223939891 ], [ -39.81565388269059, -18.179762228856145 ], [ -39.815576363927818, -18.179795778671263 ], [ -39.815516676024892, -18.179823113224227 ], [ -39.815267606990929, -18.179932712724113 ], [ -39.815139236429481, -18.179990344183743 ], [ -39.815087354144048, -18.180012277023849 ], [ -39.814984780074923, -18.180058630552825 ], [ -39.814821330822063, -18.180129882479928 ], [ -39.81471012809925, -18.180179935252564 ], [ -39.814649849610539, -18.180206059171553 ], [ -39.814590104627463, -18.180233279860911 ], [ -39.814505591738872, -18.180270291412732 ] ] } },
{ "type": "Feature", "properties": { "Field": "000", "Length": 402.85583530865426, "Image": "/home/ubuntu/bemagro/data/image/Orthomosaico.tif", "Farm": "data" }, "geometry": { "type": "LineString", "coordinates": [ [ -39.817968322703834, -18.17872361512967 ], [ -39.817917376394661, -18.17874636067619 ], [ -39.817856938179439, -18.178772144010939 ], [ -39.817685746569737, -18.178848920615607 ], [ -39.817573719459418, -18.178897262667004 ], [ -39.817522323570536, -18.178920217250969 ], [ -39.817488380868816, -18.178936160949632 ], [ -39.817282654425632, -18.179027686846716 ], [ -39.817205098151057, -18.17906115659909 ], [ -39.817085296733275, -18.179114967209852 ], [ -39.817007678474525, -18.179148305497829 ], [ -39.816862229738213, -18.179213696793251 ], [ -39.816698606400372, -18.17928458079323 ], [ -39.816656014181206, -18.179304188721385 ], [ -39.816535654892327, -18.179356849985588 ], [ -39.816467415834879, -18.179388040528963 ], [ -39.816261166527127, -18.179478486077208 ], [ -39.816167120220712, -18.179520935309402 ], [ -39.81614973564573, -18.179528047306459 ], [ -39.816038086150506, -18.17957718208261 ], [ -39.815901107179222, -18.179638552428386 ], [ -39.815703223294996, -18.179724752818775 ], [ -39.815446170566624, -18.179839378921258 ], [ -39.815334319093303, -18.179888092619716 ], [ -39.815111712975835, -18.179987789147287 ], [ -39.815051230204524, -18.180013477845751 ], [ -39.814948510625591, -18.180059536015971 ], [ -39.814870991055585, -18.180093084444326 ], [ -39.814742565185441, -18.180150603516019 ], [ -39.814511606974655, -18.180252610253024 ] ] } },
{ "type": "Feature", "properties": { "Field": "000", "Length": 401.00123557854391, "Image": "/home/ubuntu/bemagro/data/image/Orthomosaico.tif", "Farm": "data" }, "geometry": { "type": "LineString", "coordinates": [ [ -39.817958271269333, -18.17871366989089 ], [ -39.8178379902646, -18.178766038469952 ], [ -39.817666700410541, -18.178842614634185 ], [ -39.817546248001207, -18.178895080325642 ], [ -39.817340905061172, -18.178987389663789 ], [ -39.817237771081423, -18.179032592443559 ], [ -39.817211734453267, -18.179043349804591 ], [ -39.817091958097144, -18.179097211393398 ], [ -39.816980051364261, -18.179145807920456 ], [ -39.816860436557747, -18.179199996691253 ], [ -39.816782792439106, -18.179233280059101 ], [ -39.81668851583796, -18.179275259920033 ], [ -39.816653958434344, -18.179289947872977 ], [ -39.816448405668893, -18.179381830578471 ], [ -39.816267845345259, -18.179460778089652 ], [ -39.816148097327115, -18.179514697857595 ], [ -39.816087607342304, -18.179540370721604 ], [ -39.815907717350029, -18.179620704601515 ], [ -39.815752780508831, -18.179688016212076 ], [ -39.815649916881569, -18.179733779311924 ], [ -39.815598852789492, -18.179757401391559 ], [ -39.815564239584397, -18.17977196902569 ], [ -39.815444274333139, -18.179825446258864 ], [ -39.815366683690833, -18.179858844023208 ], [ -39.815152728211018, -18.179954887141992 ], [ -39.815023563318555, -18.180010873631517 ], [ -39.814517417264973, -18.180235531505851 ] ] } },
{ "type": "Feature", "properties": { "Field": "000", "Length": 399.11456929872179, "Image": "/home/ubuntu/bemagro/data/image/Orthomosaico.tif", "Farm": "data" }, "geometry": { "type": "LineString", "coordinates": [ [ -39.817947505063522, -18.178703017430625 ], [ -39.817851922640308, -18.178744614732505 ], [ -39.817775067335276, -18.178779530386013 ], [ -39.817620704851258, -18.178848035388654 ], [ -39.817517380656142, -18.17889283932541 ], [ -39.817346413768227, -18.178970072402667 ], [ -39.817311845011375, -18.178984735783263 ], [ -39.817209002953732, -18.179030542222094 ], [ -39.817182974123085, -18.179041316810221 ], [ -39.817123149048079, -18.179068375437215 ], [ -39.817045537609445, -18.179101728238361 ], [ -39.816925586316145, -18.179155233036315 ], [ -39.816873782615055, -18.179177334412763 ], [ -39.81683987525696, -18.179193346848518 ], [ -39.816736584705701, -18.179238222080102 ], [ -39.816676846278526, -18.179265455204082 ], [ -39.816479280228236, -18.179352318205648 ], [ -39.81638522725455, -18.179394754053277 ], [ -39.816350586668136, -18.179409261927869 ], [ -39.816136320744775, -18.179504669378794 ], [ -39.816084418043594, -18.179526557754116 ], [ -39.815913136150982, -18.179603151867212 ], [ -39.815698282427881, -18.179697344340831 ], [ -39.815595804934695, -18.179743892241397 ], [ -39.815492449637013, -18.179788631814418 ], [ -39.815106700043643, -18.179960221687516 ], [ -39.814994725776366, -18.180008677157076 ], [ -39.814934893355101, -18.180035721676035 ], [ -39.814891769931585, -18.180054238892311 ], [ -39.814763128565239, -18.180111316232832 ], [ -39.814746214116468, -18.180119398098721 ], [ -39.814668762805731, -18.180153090358942 ], [ -39.814523227684951, -18.180218452374231 ] ] } },
{ "type": "Feature", "properties": { "Field": "000", "Length": 397.17684745795492, "Image": "/home/ubuntu/bemagro/data/image/Orthomosaico.tif", "Farm": "data" }, "geometry": { "type": "LineString", "coordinates": [ [ -39.817937171798874, -18.178692793335628 ], [ -39.817851650526357, -18.178730195587093 ], [ -39.817731830320959, -18.178783967466281 ], [ -39.817697216238798, -18.178798532465112 ], [ -39.817654723660162, -18.178818336010718 ], [ -39.81764614148063, -18.17882212846316 ], [ -39.817534272932981, -18.178870804258466 ], [ -39.817208665005658, -18.179015977842763 ], [ -39.81705377965546, -18.179083396363367 ], [ -39.816925314517036, -18.179140833548971 ], [ -39.816873523784722, -18.179162962523247 ], [ -39.816805227551164, -18.17919403810464 ], [ -39.816753485126, -18.17921627002438 ], [ -39.816668023285693, -18.179254929785259 ], [ -39.816556442148119, -18.179304205852674 ], [ -39.816487453617889, -18.179333851707728 ], [ -39.816359099485801, -18.179391515513558 ], [ -39.816324494164775, -18.179406099807814 ], [ -39.816315917751595, -18.179409904225643 ], [ -39.81619618002825, -18.179463844804914 ], [ -39.816092837030503, -18.179508609833956 ], [ -39.816075891315656, -18.17951663115949 ], [ -39.816049871452982, -18.179527424396461 ], [ -39.816041271334043, -18.17953117961483 ], [ -39.815792640411843, -18.179641683337707 ], [ -39.81568939384924, -18.179686651547307 ], [ -39.815535461528782, -18.179756036999411 ], [ -39.815500780113972, -18.179770455216246 ], [ -39.815423784822869, -18.179805088459077 ], [ -39.815320522889351, -18.17985002457084 ], [ -39.815260788952081, -18.179877266997483 ], [ -39.815115072469773, -18.179942112736107 ], [ -39.814882898620453, -18.180043566440919 ], [ -39.814529333264161, -18.180200505648894 ] ] } },
{ "type": "Feature", "properties": { "Field": "000", "Length": 395.20723308823415, "Image": "/home/ubuntu/bemagro/data/image/Orthomosaico.tif", "Farm": "data" }, "geometry": { "type": "LineString", "coordinates": [ [ -39.817926217908578, -18.178681955169861 ], [ -39.817772471148196, -18.178750591901505 ], [ -39.817669351881896, -18.178795824998812 ], [ -39.817643880848912, -18.178807755183939 ], [ -39.817635307238447, -18.178811565303036 ], [ -39.81754927696204, -18.178849055771295 ], [ -39.817463834391702, -18.178887754674946 ], [ -39.817386354036493, -18.178921383851961 ], [ -39.81713777593275, -18.179031994136366 ], [ -39.817017301717094, -18.179084414323974 ], [ -39.81693185885662, -18.179123112884888 ], [ -39.816845446715718, -18.179159792130701 ], [ -39.81666571820535, -18.179240454411143 ], [ -39.816339305106816, -18.179383967961648 ], [ -39.816168224765335, -18.17946097218266 ], [ -39.816090603792262, -18.179494304913543 ], [ -39.815987722749085, -18.179540031863862 ], [ -39.815918639551306, -18.179569475722037 ], [ -39.815841858244809, -18.179604539709516 ], [ -39.815764757220386, -18.179638957687249 ], [ -39.815678692828676, -18.179676377424148 ], [ -39.815533244844936, -18.17974177117399 ], [ -39.815284123585315, -18.179851261883055 ], [ -39.814984108738805, -18.179984746747504 ], [ -39.814837711568209, -18.180048176410519 ], [ -39.814743831978504, -18.180090962204332 ], [ -39.814649081686341, -18.180131956902862 ], [ -39.814606491634294, -18.180151569317054 ], [ -39.814535439236401, -18.180182557764645 ] ] } },
{ "type": "Feature", "properties": { "Field": "000", "Length": 393.26696472332253, "Image": "/home/ubuntu/bemagro/data/image/Orthomosaico.tif", "Farm": "data" }, "geometry": { "type": "LineString", "coordinates": [ [ -39.817915804221073, -18.178671651497897 ], [ -39.817847868276765, -18.178702339703133 ], [ -39.817684791487373, -18.178774364255915 ], [ -39.817650748984533, -18.178790112083078 ], [ -39.817642175627761, -18.178793922721916 ], [ -39.817538949740502, -18.178838933158801 ], [ -39.817436386167252, -18.178885305637674 ], [ -39.81701552863121, -18.179070451312647 ], [ -39.816921460692647, -18.179112855580421 ], [ -39.816723619642381, -18.179199144419389 ], [ -39.816646864352712, -18.179234260657363 ], [ -39.816620825549641, -18.179245011986371 ], [ -39.816612222596063, -18.179248761235936 ], [ -39.816509486629194, -18.179294785031782 ], [ -39.816328976429361, -18.179373836936872 ], [ -39.816192137432701, -18.179435490984201 ], [ -39.816011712056948, -18.179514720024976 ], [ -39.815916831963328, -18.179555438964766 ], [ -39.81582296735516, -18.179598253579435 ], [ -39.81573730642873, -18.179636509849146 ], [ -39.815616906113085, -18.179689085876937 ], [ -39.815582877640999, -18.179704860492144 ], [ -39.815480067608895, -18.179750733529723 ], [ -39.815428265577182, -18.179772837221574 ], [ -39.81518825670355, -18.179879631012032 ], [ -39.815162299997759, -18.179890563373672 ], [ -39.815153723776, -18.179894368239946 ], [ -39.815111030895508, -18.179913775515182 ], [ -39.815025015117229, -18.179951297384054 ], [ -39.814990877673175, -18.179966856824809 ], [ -39.814982283183497, -18.179970623849897 ], [ -39.814887440808043, -18.180011423644245 ], [ -39.814716186918709, -18.180088075811629 ], [ -39.814541544532013, -18.180164611865628 ] ] } },
{ "type": "Feature", "properties": { "Field": "000", "Length": 391.2938744741885, "Image": "/home/ubuntu/bemagro/data/image/Orthomosaico.tif", "Farm": "data" }, "geometry": { "type": "LineString", "coordinates": [ [ -39.817905128868425, -18.17866108892327 ], [ -39.817871573980774, -18.178676708773917 ], [ -39.817811622153926, -18.178703509576533 ], [ -39.817554220668228, -18.178817414973942 ], [ -39.817357242788198, -18.178905488847313 ], [ -39.817322599086765, -18.178919988921773 ], [ -39.817236931923475, -18.178958230780331 ], [ -39.817185194172211, -18.178980472427341 ], [ -39.817065357751972, -18.179034211234654 ], [ -39.816807951328293, -18.17914810756201 ], [ -39.816747502439497, -18.179173868161584 ], [ -39.816644984852161, -18.179220333914383 ], [ -39.81657589752907, -18.179249768024299 ], [ -39.81649048414419, -18.179288525528712 ], [ -39.816310069678124, -18.179367776686494 ], [ -39.81619891003858, -18.179417915635881 ], [ -39.81609557406717, -18.179462695221851 ], [ -39.816035680061411, -18.179489614232107 ], [ -39.815940805722114, -18.179530343689187 ], [ -39.815718279921725, -18.179630202986772 ], [ -39.815606410482161, -18.179678878519578 ], [ -39.815460860481807, -18.179744064500959 ], [ -39.815400567221722, -18.179770156719613 ], [ -39.815340746433243, -18.179797223740426 ], [ -39.81500591297182, -18.179944868094157 ], [ -39.814988941188794, -18.179952838798716 ], [ -39.814980373972155, -18.179956662160592 ], [ -39.814885544375571, -18.179997489068612 ], [ -39.814645451100617, -18.18010410990173 ], [ -39.814547731386106, -18.180146426229982 ] ] } },
{ "type": "Feature", "properties": { "Field": "000", "Length": 389.48865360279956, "Image": "/home/ubuntu/bemagro/data/image/Orthomosaico.tif", "Farm": "data" }, "geometry": { "type": "LineString", "coordinates": [ [ -39.817894649576289, -18.178650720336012 ], [ -39.817852756502624, -18.178670615338834 ], [ -39.817844209033744, -18.178674478735619 ], [ -39.817792520749222, -18.178696824708748 ], [ -39.817664141910406, -18.178754437047495 ], [ -39.817552361932563, -18.178803298700743 ], [ -39.817346786041838, -18.178895132857885 ], [ -39.817174745216015, -18.1789701551678 ], [ -39.817055056154892, -18.179024193218797 ], [ -39.817003397993737, -18.179046602441584 ], [ -39.816917856412317, -18.179085101328589 ], [ -39.816745785491271, -18.179160060800879 ], [ -39.816626066713383, -18.179214038967075 ], [ -39.816548375426997, -18.179247220495359 ], [ -39.816539800971462, -18.179251028925815 ], [ -39.816480166291839, -18.179278468148478 ], [ -39.816299746819688, -18.179357709107531 ], [ -39.816205727743871, -18.179400213244016 ], [ -39.816093779564476, -18.179448722222652 ], [ -39.816008139529444, -18.179487020065064 ], [ -39.815921929839014, -18.179524132844922 ], [ -39.815845153070683, -18.179559205518235 ], [ -39.815810639383336, -18.179573985037052 ], [ -39.815673565097299, -18.179635160661519 ], [ -39.815638938681325, -18.179649697184498 ], [ -39.815493127749662, -18.179714348284957 ], [ -39.815459047081262, -18.179730019568431 ], [ -39.815364389390126, -18.179771208690266 ], [ -39.815235992393447, -18.179828786118744 ], [ -39.815081308005155, -18.179896626068846 ], [ -39.814995806000809, -18.179935206127137 ], [ -39.814900894748028, -18.179975858265092 ], [ -39.814858184412955, -18.179995227613482 ], [ -39.814815012812211, -18.180013641186601 ], [ -39.814553254013376, -18.180130193019163 ] ] } },
{ "type": "Feature", "properties": { "Field": "000", "Length": 387.62889615329516, "Image": "/home/ubuntu/bemagro/data/image/Orthomosaico.tif", "Farm": "data" }, "geometry": { "type": "LineString", "coordinates": [ [ -39.814559081226669, -18.180113064504944 ], [ -39.814705046634288, -18.18004831915723 ], [ -39.814790493775355, -18.180009628102667 ], [ -39.814842291476026, -18.179987513326584 ], [ -39.814893504944294, -18.179964188445553 ], [ -39.815039927689583, -18.179900812883204 ], [ -39.815065377852108, -18.179888841451341 ], [ -39.8152286669673, -18.179817255328551 ], [ -39.815305413073659, -18.179782119913767 ], [ -39.815400178576745, -18.179741157537332 ], [ -39.815511399615986, -18.179691142552638 ], [ -39.815854864468086, -18.179539808766364 ], [ -39.815923082775775, -18.179508576632472 ], [ -39.816009419025086, -18.179471733679172 ], [ -39.816060704724599, -18.179448554583448 ], [ -39.816181095351922, -18.179395958597155 ], [ -39.816540998140759, -18.179235543527604 ], [ -39.816601433487428, -18.179209753614916 ], [ -39.816798524403175, -18.179121910296942 ], [ -39.816910410794947, -18.179073271021693 ], [ -39.817141610320384, -18.178969807187045 ], [ -39.817330807454915, -18.178887182396672 ], [ -39.817527662998891, -18.178798858989659 ], [ -39.817682461706326, -18.178731259425987 ], [ -39.817759415555251, -18.178696542711378 ], [ -39.817819785922254, -18.178670614573985 ], [ -39.817884621179296, -18.178640797878842 ] ] } },
{ "type": "Feature", "properties": { "Field": "000", "Length": 385.80871443924315, "Image": "/home/ubuntu/bemagro/data/image/Orthomosaico.tif", "Farm": "data" }, "geometry": { "type": "LineString", "coordinates": [ [ -39.81456489170467, -18.180095985179133 ], [ -39.814633264339832, -18.180064996278077 ], [ -39.814702074052043, -18.180034972740888 ], [ -39.814753193106853, -18.180011460425064 ], [ -39.814779184631739, -18.180000603825025 ], [ -39.814787787475687, -18.179996854261628 ], [ -39.814856560579557, -18.179966754099382 ], [ -39.814899227382561, -18.179947294736394 ], [ -39.815045550587548, -18.17988370951371 ], [ -39.815105577824767, -18.179857063284526 ], [ -39.815122480130476, -18.179848959319386 ], [ -39.8152084881009, -18.17981142128658 ], [ -39.815293844312187, -18.179772548173936 ], [ -39.815354392534537, -18.179747001340687 ], [ -39.815525551122171, -18.179670155535604 ], [ -39.815577081181736, -18.17964747752195 ], [ -39.815603159958854, -18.179636814994481 ], [ -39.815662932827458, -18.179609650968072 ], [ -39.815826247641397, -18.179538119099561 ], [ -39.815937476825297, -18.179488121093694 ], [ -39.816075223748136, -18.179428342573832 ], [ -39.816126303623832, -18.179404752964334 ], [ -39.816152270567081, -18.179393843231349 ], [ -39.816237857287177, -18.179355435898891 ], [ -39.816315255155217, -18.17932163258968 ], [ -39.816392141637948, -18.179286779997895 ], [ -39.816426811035221, -18.179272336359286 ], [ -39.816460912910934, -18.179256706135384 ], [ -39.816684262520624, -18.179158542748858 ], [ -39.816812734226993, -18.179101119087655 ], [ -39.8168731215614, -18.179075227126383 ], [ -39.816932894018159, -18.179048062648576 ], [ -39.817044680212909, -18.178999213740141 ], [ -39.817112853945019, -18.178967893603641 ], [ -39.817233379212091, -18.178915580988612 ], [ -39.81754185707414, -18.178778063276592 ], [ -39.817645092421827, -18.178733072907463 ], [ -39.817756197063545, -18.178682824239598 ], [ -39.817799515752888, -18.17866472936652 ], [ -39.817868262327693, -18.178634575171131 ], [ -39.81787512414418, -18.178631401168676 ] ] } },
{ "type": "Feature", "properties": { "Field": "000", "Length": 383.73438242585456, "Image": "/home/ubuntu/bemagro/data/image/Orthomosaico.tif", "Farm": "data" }, "geometry": { "type": "LineString", "coordinates": [ [ -39.814571292818052, -18.180077169735217 ], [ -39.814666191448481, -18.180035867157876 ], [ -39.814760248031185, -18.179993437838949 ], [ -39.815052430348317, -18.179865295901184 ], [ -39.815138021287751, -18.179826896522606 ], [ -39.815189763486664, -18.179804663459702 ], [ -39.815266528591252, -18.179769565984493 ], [ -39.815352759931727, -18.179732498918813 ], [ -39.815412403730647, -18.179705076590622 ], [ -39.81554113192621, -18.179648179057494 ], [ -39.815601522814646, -18.179622293821144 ], [ -39.815755737152358, -18.179553483074592 ], [ -39.816030752598863, -18.179432922822631 ], [ -39.816227618133027, -18.17934461837557 ], [ -39.816322317358839, -18.179303516738393 ], [ -39.816364928274126, -18.179283945904174 ], [ -39.816451043177921, -18.179246632874602 ], [ -39.816759768210197, -18.179109621496828 ], [ -39.817034670111767, -18.178988826473574 ], [ -39.817119975715812, -18.178949852232922 ], [ -39.817206216209975, -18.178912805568174 ], [ -39.817300220794053, -18.178870272432977 ], [ -39.817652256398517, -18.178715126158448 ], [ -39.817737632354877, -18.178676293216991 ], [ -39.817806608241881, -18.178646621071962 ], [ -39.817857489899133, -18.178622642707836 ], [ -39.817863533576137, -18.178619933039219 ] ] } },
{ "type": "Feature", "properties": { "Field": "000", "Length": 381.81103217508445, "Image": "/home/ubuntu/bemagro/data/image/Orthomosaico.tif", "Farm": "data" }, "geometry": { "type": "LineString", "coordinates": [ [ -39.814577340881456, -18.180059392043333 ], [ -39.814663921327195, -18.180022046072327 ], [ -39.814757976467, -18.179979613882551 ], [ -39.814818326371764, -18.179953641208954 ], [ -39.814998281437006, -18.179873439808333 ], [ -39.815101627794135, -18.179828681250687 ], [ -39.815272990913762, -18.179752252812623 ], [ -39.815350568806004, -18.179718828209882 ], [ -39.815401557072967, -18.179695057011493 ], [ -39.815504481901563, -18.179649419859526 ], [ -39.815590692116878, -18.179612308068766 ], [ -39.815753422500968, -18.179539569339543 ], [ -39.815994102872601, -18.179434166441471 ], [ -39.816053856627228, -18.179406964055204 ], [ -39.81607985406653, -18.179396120406569 ], [ -39.816225346723918, -18.179330818059491 ], [ -39.816345875239591, -18.179278511643879 ], [ -39.81639702875426, -18.179255067346418 ], [ -39.816551873397735, -18.179187563042824 ], [ -39.816697381082918, -18.179122291723143 ], [ -39.816731960670957, -18.179107651680642 ], [ -39.816817595674806, -18.179069343050159 ], [ -39.81686082371688, -18.179051050723494 ], [ -39.816937720517011, -18.179016218390288 ], [ -39.817049480969629, -18.178967315478541 ], [ -39.81710909520168, -18.178939835084076 ], [ -39.817143488761339, -18.178924800153986 ], [ -39.817169662252667, -18.178914351003897 ], [ -39.817297783887369, -18.178856217343174 ], [ -39.817452629638609, -18.178788716179774 ], [ -39.817555275843134, -18.178742510425998 ], [ -39.817641334608901, -18.178705079897874 ], [ -39.81770107521654, -18.178677851587345 ], [ -39.817795641017057, -18.178636471116491 ], [ -39.817853094513261, -18.178609604248905 ] ] } },
{ "type": "Feature", "properties": { "Field": "000", "Length": 379.96281217054502, "Image": "/home/ubuntu/bemagro/data/image/Orthomosaico.tif", "Farm": "data" }, "geometry": { "type": "LineString", "coordinates": [ [ -39.8178426641743, -18.178599284088495 ], [ -39.817792036401578, -18.178622675216811 ], [ -39.817740316439782, -18.178644954703362 ], [ -39.81762921440334, -18.178695209296816 ], [ -39.817551703761865, -18.178728775212253 ], [ -39.817414783843624, -18.178790264405055 ], [ -39.817294266090428, -18.178842592750449 ], [ -39.817191868149983, -18.178889299246844 ], [ -39.817114282361992, -18.178922706358144 ], [ -39.817037403591065, -18.178957574965537 ], [ -39.816899796169317, -18.17901764595161 ], [ -39.816805669673215, -18.179059932207103 ], [ -39.816625160900415, -18.179138986628288 ], [ -39.816462440311078, -18.179211744545874 ], [ -39.816410681463914, -18.179233941779255 ], [ -39.816325127453979, -18.179272415637342 ], [ -39.816153213312788, -18.179347703900387 ], [ -39.816084819710426, -18.179378583666786 ], [ -39.816024582289238, -18.179404793398639 ], [ -39.815956296505711, -18.179435890463395 ], [ -39.815870045561418, -18.179472915510161 ], [ -39.815715847258645, -18.179541758928167 ], [ -39.815483781593734, -18.179643437376974 ], [ -39.815381190703562, -18.179689756439764 ], [ -39.814943227234991, -18.179882613076902 ], [ -39.814763124394375, -18.179962510865085 ], [ -39.81469485326879, -18.179993637801925 ], [ -39.814634448948247, -18.180019494694655 ], [ -39.814583017509882, -18.180042706145048 ] ] } },
{ "type": "Feature", "properties": { "Field": "000", "Length": 378.02491720277709, "Image": "/home/ubuntu/bemagro/data/image/Orthomosaico.tif", "Farm": "data" }, "geometry": { "type": "LineString", "coordinates": [ [ -39.817832602356631, -18.178589328554843 ], [ -39.817789996925057, -18.178608584664179 ], [ -39.817695083675858, -18.178649231874431 ], [ -39.817609953943879, -18.178688555598335 ], [ -39.817480872307044, -18.17874471512194 ], [ -39.81740419197893, -18.178779980547503 ], [ -39.817318003178194, -18.178817136828989 ], [ -39.817206940677529, -18.178867471451976 ], [ -39.817138021149752, -18.178897263252281 ], [ -39.817043981431958, -18.178939725407144 ], [ -39.81689766766165, -18.179003328717798 ], [ -39.816743577661462, -18.179072392416785 ], [ -39.816631767707349, -18.17912119204281 ], [ -39.81655482431556, -18.179155930369429 ], [ -39.816537380285176, -18.179162908084109 ], [ -39.816460487163454, -18.179197748004391 ], [ -39.81626287098873, -18.179284506631866 ], [ -39.816203069126097, -18.179311612297379 ], [ -39.81611680572798, -18.179348610684748 ], [ -39.815954287303583, -18.179421780727409 ], [ -39.815816523576302, -18.17948152433247 ], [ -39.815748289410557, -18.179512724818697 ], [ -39.815533349813656, -18.179606737906266 ], [ -39.815465128787054, -18.179637964740614 ], [ -39.815241609122147, -18.17973577530595 ], [ -39.815104640886297, -18.179797167873318 ], [ -39.815035657151455, -18.17982682444342 ], [ -39.814855802612485, -18.179907231523885 ], [ -39.814752613399968, -18.179952320258252 ], [ -39.814675723279635, -18.179987167001055 ], [ -39.81458914877058, -18.180024395368392 ] ] } },
{ "type": "Feature", "properties": { "Field": "000", "Length": 376.01327942517224, "Image": "/home/ubuntu/bemagro/data/image/Orthomosaico.tif", "Farm": "data" }, "geometry": { "type": "LineString", "coordinates": [ [ -39.817821137012338, -18.178577984318078 ], [ -39.817778785526706, -18.178597234771654 ], [ -39.817667034049535, -18.178646155934828 ], [ -39.817573179924736, -18.178688991329214 ], [ -39.817461172910221, -18.178737375729099 ], [ -39.817384745505514, -18.178773139283475 ], [ -39.817298337257434, -18.178809826913245 ], [ -39.817196105598889, -18.178856865010811 ], [ -39.817066863146174, -18.178912685866038 ], [ -39.816998735069944, -18.178944096975574 ], [ -39.816895392103575, -18.178988861494588 ], [ -39.816792784650964, -18.179035146173071 ], [ -39.816509346035033, -18.179159828408238 ], [ -39.816441037478114, -18.179190879534158 ], [ -39.816200826059948, -18.179297254657374 ], [ -39.816097314114074, -18.179341661510627 ], [ -39.816011898179248, -18.179380414781789 ], [ -39.815797181698805, -18.179474892182863 ], [ -39.815720293759959, -18.179509742858773 ], [ -39.815531096232327, -18.179592368405206 ], [ -39.815402852067287, -18.179650255927715 ], [ -39.81532525220107, -18.179683633943799 ], [ -39.815153855247559, -18.179759992911631 ], [ -39.815127867878651, -18.179770858824529 ], [ -39.81475068190565, -18.179938617928393 ], [ -39.81459517066078, -18.18000588600659 ] ] } },
{ "type": "Feature", "properties": { "Field": "000", "Length": 374.10377561941795, "Image": "/home/ubuntu/bemagro/data/image/Orthomosaico.tif", "Farm": "data" }, "geometry": { "type": "LineString", "coordinates": [ [ -39.817810533667327, -18.178567492973393 ], [ -39.81767370606191, -18.178628039114063 ], [ -39.817596803065832, -18.178662858487236 ], [ -39.81746773392193, -18.178719044024724 ], [ -39.817365355865711, -18.178765789632912 ], [ -39.817313379969093, -18.178787518023306 ], [ -39.817287628920312, -18.178798886047524 ], [ -39.817279059683962, -18.178802705147291 ], [ -39.817176841547671, -18.178849769732114 ], [ -39.817056088386494, -18.178901599578698 ], [ -39.816953866788161, -18.178948657124288 ], [ -39.816884587740503, -18.178977676242607 ], [ -39.816825117290676, -18.179005439794327 ], [ -39.816773746290842, -18.17902844529695 ], [ -39.816661757681402, -18.17907686902306 ], [ -39.816430603367039, -18.179180425436382 ], [ -39.816275931305384, -18.179248290262493 ], [ -39.816173169037768, -18.1792942602087 ], [ -39.816086778140168, -18.179330985522032 ], [ -39.815941376014806, -18.179396471846918 ], [ -39.815486393747037, -18.179597213586121 ], [ -39.815392476989146, -18.179639924335074 ], [ -39.815271921525124, -18.179692174502136 ], [ -39.815186406760517, -18.179730728404373 ], [ -39.815091725340373, -18.179771868019994 ], [ -39.814740298888708, -18.179928275807885 ], [ -39.814637025691844, -18.179973188547653 ], [ -39.814628400095344, -18.179976890041051 ], [ -39.814600955868997, -18.17998810412579 ] ] } },
{ "type": "Feature", "properties": { "Field": "000", "Length": 372.3099442454681, "Image": "/home/ubuntu/bemagro/data/image/Orthomosaico.tif", "Farm": "data" }, "geometry": { "type": "LineString", "coordinates": [ [ -39.817799836789142, -18.178556909081554 ], [ -39.817723013360549, -18.178590760611382 ], [ -39.817611914774361, -18.178641021994327 ], [ -39.817542831365209, -18.178670464142282 ], [ -39.81753424622049, -18.1786742504434 ], [ -39.817363084612587, -18.178751088017222 ], [ -39.817302581146087, -18.178776730695443 ], [ -39.817174581832866, -18.17883510902686 ], [ -39.817070969487276, -18.178879299996488 ], [ -39.817019745612853, -18.178902602640918 ], [ -39.816985312621277, -18.178917554628502 ], [ -39.816951298981245, -18.178933358905635 ], [ -39.816882224995624, -18.178962820704463 ], [ -39.816771605276116, -18.179014037493143 ], [ -39.816676508122136, -18.179054289149331 ], [ -39.816591219753576, -18.179093296966521 ], [ -39.816479585555371, -18.179142462624885 ], [ -39.816368525328919, -18.179192802153739 ], [ -39.816273791823924, -18.179233831081913 ], [ -39.816171206039954, -18.17928015964948 ], [ -39.816093438491237, -18.179313178130236 ], [ -39.81600796808921, -18.179351820389275 ], [ -39.81572465468988, -18.179476763559947 ], [ -39.815544824901153, -18.179557220369823 ], [ -39.815347139691248, -18.17964383605009 ], [ -39.815270175109852, -18.179678531848605 ], [ -39.815029706315535, -18.179784375764566 ], [ -39.814987091580733, -18.179803938107106 ], [ -39.814875570462156, -18.17985333898368 ], [ -39.814797968381285, -18.179886712367086 ], [ -39.814677895220804, -18.179939967915299 ], [ -39.814651957436695, -18.179950941282868 ], [ -39.814606231679342, -18.179971887968101 ] ] } },
{ "type": "Feature", "properties": { "Field": "000", "Length": 370.43977421709127, "Image": "/home/ubuntu/bemagro/data/image/Orthomosaico.tif", "Farm": "data" }, "geometry": { "type": "LineString", "coordinates": [ [ -39.817789564765008, -18.178546745554403 ], [ -39.817653020820451, -18.178607875797603 ], [ -39.817549671864306, -18.17865262681525 ], [ -39.817404138216709, -18.178717843967949 ], [ -39.817283763388588, -18.17877047169091 ], [ -39.817172791559685, -18.178820988034818 ], [ -39.817060646529548, -18.178869078248095 ], [ -39.816932190571265, -18.17892653321746 ], [ -39.81688048675371, -18.17894884662595 ], [ -39.816778136666819, -18.178995647677148 ], [ -39.81676955451384, -18.17899944020586 ], [ -39.816674581302095, -18.179039959750714 ], [ -39.816665996216535, -18.179043746215257 ], [ -39.816563538783186, -18.179090333625762 ], [ -39.816477618637322, -18.179128054023849 ], [ -39.816435165085203, -18.179147932663401 ], [ -39.816366710573874, -18.179178688701434 ], [ -39.816254575172572, -18.179226800579173 ], [ -39.816246005371553, -18.179230618567484 ], [ -39.816160872976539, -18.17926993764285 ], [ -39.816152270049457, -18.179273686947827 ], [ -39.816091489693633, -18.179298725175094 ], [ -39.816082888098975, -18.179302477275066 ], [ -39.815963579834161, -18.179357280286087 ], [ -39.815955005681609, -18.179361089351531 ], [ -39.815851546564218, -18.179405608639151 ], [ -39.815774672317851, -18.17944048584533 ], [ -39.815671565029128, -18.179485744387801 ], [ -39.815603200611832, -18.179516682901987 ], [ -39.815568695096928, -18.179531479534123 ], [ -39.815525989618486, -18.179550860550485 ], [ -39.815431329675818, -18.179592045118461 ], [ -39.815354218831061, -18.179626442771319 ], [ -39.815311085151443, -18.179644937315306 ], [ -39.81523423509195, -18.179679863024969 ], [ -39.815199703576425, -18.17969460447577 ], [ -39.815114046403274, -18.17973286854831 ], [ -39.815036592803274, -18.179766555362637 ], [ -39.814976889499412, -18.179793857645901 ], [ -39.814779340474963, -18.179880757434304 ], [ -39.814753313836675, -18.179891534540811 ], [ -39.814611922491103, -18.179954396225185 ] ] } },
{ "type": "Feature", "properties": { "Field": "000", "Length": 368.56116015939807, "Image": "/home/ubuntu/bemagro/data/image/Orthomosaico.tif", "Farm": "data" }, "geometry": { "type": "LineString", "coordinates": [ [ -39.817779164639987, -18.178536455277602 ], [ -39.817754036668816, -18.17854797081327 ], [ -39.817710878704332, -18.178566412484315 ], [ -39.817625460058117, -18.178605158785054 ], [ -39.817539292050114, -18.178642358704366 ], [ -39.817307751852127, -18.178745123182786 ], [ -39.81716235792674, -18.178810624463438 ], [ -39.81705033093457, -18.178858966636227 ], [ -39.816964493683102, -18.178896859275806 ], [ -39.816921942494261, -18.178916545615277 ], [ -39.816878804631259, -18.178935030950562 ], [ -39.816767467999703, -18.178984809231938 ], [ -39.816578379942626, -18.179067662136955 ], [ -39.81645013470029, -18.179125546166098 ], [ -39.816372647217243, -18.179159160310245 ], [ -39.816244012475551, -18.179216249837292 ], [ -39.816167453418316, -18.179251754608092 ], [ -39.816158882370026, -18.179255570036585 ], [ -39.816063589142978, -18.179295397512561 ], [ -39.816054992148615, -18.179299159231693 ], [ -39.815961477371232, -18.179342668221075 ], [ -39.815952919664966, -18.179346510925907 ], [ -39.815858001951106, -18.17938714814316 ], [ -39.815755708034771, -18.179434061961999 ], [ -39.815669474600632, -18.179471123519516 ], [ -39.815541275781804, -18.179529102237861 ], [ -39.815369301261896, -18.179604265005587 ], [ -39.815301018017365, -18.179635366442167 ], [ -39.815292445663175, -18.179639179233579 ], [ -39.815232065907637, -18.179665087898531 ], [ -39.815009124234741, -18.179764096488299 ], [ -39.814975082544208, -18.179779845173005 ], [ -39.814777488705069, -18.179866651793638 ], [ -39.814648240651032, -18.179922462381626 ], [ -39.814639691857913, -18.179926323226528 ], [ -39.814617606927065, -18.17993692407601 ] ] } },
{ "type": "Feature", "properties": { "Field": "000", "Length": 366.66846195029672, "Image": "/home/ubuntu/bemagro/data/image/Orthomosaico.tif", "Farm": "data" }, "geometry": { "type": "LineString", "coordinates": [ [ -39.817768954178689, -18.178526352659475 ], [ -39.81772659267817, -18.178545311202747 ], [ -39.817691953825111, -18.178559821663175 ], [ -39.817623741228111, -18.178591064088941 ], [ -39.817528986842873, -18.178632048350227 ], [ -39.817460578585404, -18.178662897767129 ], [ -39.817331757010251, -18.178719600216755 ], [ -39.817203270956995, -18.178776994133507 ], [ -39.817169251236521, -18.178792785481985 ], [ -39.816962759921978, -18.178882723504607 ], [ -39.816799985878191, -18.178955371481582 ], [ -39.816722486652921, -18.17898896162135 ], [ -39.816628338410169, -18.179031203470583 ], [ -39.816542232660055, -18.179068535404955 ], [ -39.816439602726533, -18.179114774483164 ], [ -39.816327684017075, -18.179163345677836 ], [ -39.816139664181648, -18.179248390693576 ], [ -39.816044548743427, -18.179288603978609 ], [ -39.815950659203871, -18.179331368965745 ], [ -39.815838831833538, -18.179380132048422 ], [ -39.815753786107379, -18.179419621632888 ], [ -39.815641661250424, -18.179467756487835 ], [ -39.815548021847832, -18.179511019432223 ], [ -39.815444434077925, -18.179555264367384 ], [ -39.815299205058558, -18.179621101178423 ], [ -39.815290632528445, -18.179624913605302 ], [ -39.815238759525165, -18.179646865234783 ], [ -39.815213264906504, -18.179658749721536 ], [ -39.814990492079467, -18.179758104901929 ], [ -39.814887349427103, -18.179803290676229 ], [ -39.814878787338834, -18.179807124499543 ], [ -39.814861814132989, -18.179815092515973 ], [ -39.814646577173058, -18.179908482826239 ], [ -39.814637999522482, -18.179912284743963 ], [ -39.814623391795621, -18.179919143225458 ] ] } },
{ "type": "Feature", "properties": { "Field": "000", "Length": 364.76570848803857, "Image": "/home/ubuntu/bemagro/data/image/Orthomosaico.tif", "Farm": "data" }, "geometry": { "type": "LineString", "coordinates": [ [ -39.817758479454099, -18.178515988567373 ], [ -39.817664374594216, -18.178557180171893 ], [ -39.817604579188249, -18.178584298140404 ], [ -39.81750988481069, -18.17862540890885 ], [ -39.81745012095265, -18.178652590437384 ], [ -39.81735556051909, -18.178693982200407 ], [ -39.817081356946836, -18.178816217785506 ], [ -39.81695223874717, -18.178872300340011 ], [ -39.816909648583938, -18.178891911621879 ], [ -39.816883723925258, -18.17890291302848 ], [ -39.816798105934083, -18.178941256115696 ], [ -39.816703242328835, -18.178982009051548 ], [ -39.816626590717391, -18.179017331501164 ], [ -39.816300044741041, -18.179160567727457 ], [ -39.816094687636742, -18.179252848812379 ], [ -39.816017005578523, -18.179286051072609 ], [ -39.815948522815503, -18.179316749625453 ], [ -39.815879658611067, -18.179346658277193 ], [ -39.815768750334861, -18.179397303184007 ], [ -39.815665454420149, -18.179442167361707 ], [ -39.81555415497732, -18.17949202233445 ], [ -39.815433691933933, -18.179544466608476 ], [ -39.815314167023317, -18.17959883663746 ], [ -39.815236526818985, -18.179632128324037 ], [ -39.815142818118659, -18.179675254388368 ], [ -39.815056582606218, -18.179712312286515 ], [ -39.81494553916675, -18.179762686514213 ], [ -39.814773769278744, -18.179838276135666 ], [ -39.814765207851217, -18.1798421113144 ], [ -39.814739732202185, -18.179854031993298 ], [ -39.814696331794082, -18.179871947793391 ], [ -39.814629151842404, -18.179901438665631 ] ] } },
{ "type": "Feature", "properties": { "Field": "000", "Length": 362.93212730291452, "Image": "/home/ubuntu/bemagro/data/image/Orthomosaico.tif", "Farm": "data" }, "geometry": { "type": "LineString", "coordinates": [ [ -39.817748475319469, -18.178506090093208 ], [ -39.817680059570407, -18.178535782131476 ], [ -39.817603060883883, -18.178570407768621 ], [ -39.817482569675704, -18.178622791606639 ], [ -39.817431381270282, -18.178646165862716 ], [ -39.817353834511806, -18.178679655430997 ], [ -39.817285581696638, -18.178710817943038 ], [ -39.817173794681118, -18.17875966504409 ], [ -39.81710551740823, -18.178790778633687 ], [ -39.816959260681131, -18.178854501438565 ], [ -39.816805178024694, -18.178923579832386 ], [ -39.816710222876651, -18.178964137945769 ], [ -39.816565048637571, -18.179030083963401 ], [ -39.81652180749591, -18.179048348058551 ], [ -39.816444700253975, -18.179082752778868 ], [ -39.816298369558005, -18.179146320800836 ], [ -39.816084528772109, -18.179242595151493 ], [ -39.815989648049964, -18.179283312498999 ], [ -39.815955639146246, -18.179299126998892 ], [ -39.815895282143046, -18.179325084100689 ], [ -39.81575852262651, -18.179386899645063 ], [ -39.815577928374559, -18.179465776299413 ], [ -39.815475323400605, -18.179512066626959 ], [ -39.815440633075305, -18.179526465567154 ], [ -39.815277952090085, -18.179599305195101 ], [ -39.815217608210794, -18.179625290400018 ], [ -39.815132435795547, -18.179664530629253 ], [ -39.815063354467824, -18.17969397879174 ], [ -39.814952252048506, -18.179744234112114 ], [ -39.81487466721542, -18.179777644146533 ], [ -39.814738110488562, -18.179839868729058 ], [ -39.814694758126173, -18.179857890798889 ], [ -39.814634744793672, -18.179884247701125 ] ] } },
{ "type": "Feature", "properties": { "Field": "000", "Length": 361.04064420835073, "Image": "/home/ubuntu/bemagro/data/image/Orthomosaico.tif", "Farm": "data" }, "geometry": { "type": "LineString", "coordinates": [ [ -39.817737999960812, -18.178495725370112 ], [ -39.817617739138811, -18.17854923485503 ], [ -39.817497172186044, -18.178601459185543 ], [ -39.817274354361103, -18.178700719135442 ], [ -39.817179707724542, -18.178741930582461 ], [ -39.817102932800417, -18.178777007465527 ], [ -39.816939529729673, -18.178848353435942 ], [ -39.816802573139867, -18.178909768201517 ], [ -39.816716294503159, -18.178946733659728 ], [ -39.816553818012736, -18.179019987936311 ], [ -39.816510630716735, -18.179038368066898 ], [ -39.816425013713811, -18.179076713480683 ], [ -39.8163301959096, -18.179117564322667 ], [ -39.81613325617873, -18.179205716951561 ], [ -39.815858436023589, -18.179326682657035 ], [ -39.815755895643179, -18.179373103404497 ], [ -39.815575331823347, -18.179452043662018 ], [ -39.815455444679259, -18.179505680250454 ], [ -39.815403707840481, -18.179527924528262 ], [ -39.815292521843013, -18.179578010449482 ], [ -39.815206409894166, -18.179615330110455 ], [ -39.815129584531505, -18.179650306794478 ], [ -39.81506060336929, -18.17967996870841 ], [ -39.814975010956978, -18.179718364952748 ], [ -39.814837370431512, -18.17977836801267 ], [ -39.814743634251187, -18.179821440071738 ], [ -39.814640438424007, -18.179866747277615 ] ] } },
{ "type": "Feature", "properties": { "Field": "000", "Length": 359.14530744475013, "Image": "/home/ubuntu/bemagro/data/image/Orthomosaico.tif", "Farm": "data" }, "geometry": { "type": "LineString", "coordinates": [ [ -39.817727694374334, -18.178485528624321 ], [ -39.817194401033575, -18.178720261421645 ], [ -39.817100499889982, -18.178763002664773 ], [ -39.816945747990182, -18.178830700195228 ], [ -39.816808811516495, -18.178892155902918 ], [ -39.816731062347834, -18.178925214161321 ], [ -39.816688542921931, -18.178944965798969 ], [ -39.816636874184717, -18.178967353851654 ], [ -39.816560010623249, -18.179002253142659 ], [ -39.816473855722663, -18.179039481460652 ], [ -39.816405461355785, -18.179070359426422 ], [ -39.816362202791986, -18.17908858581675 ], [ -39.816302176158665, -18.179115233530954 ], [ -39.816259713020365, -18.17913509559768 ], [ -39.816190676892234, -18.17916463996492 ], [ -39.816130877820768, -18.179191751176596 ], [ -39.816087707187279, -18.179210167137569 ], [ -39.816070823048307, -18.17921830652849 ], [ -39.815907617199485, -18.179290064716529 ], [ -39.815667698660384, -18.179397042391887 ], [ -39.81559877515879, -18.179426826290502 ], [ -39.815513233173093, -18.179465324798766 ], [ -39.815367103372978, -18.179529314413148 ], [ -39.81529879783168, -18.179560371930741 ], [ -39.815204063357477, -18.179601399644152 ], [ -39.815144305432305, -18.179628593953044 ], [ -39.815101142717872, -18.179647027120339 ], [ -39.814860992841048, -18.179753530588108 ], [ -39.814826460631537, -18.179768272818134 ], [ -39.814741226749824, -18.179807391079112 ], [ -39.814646233000147, -18.179848936574992 ] ] } },
{ "type": "Feature", "properties": { "Field": "000", "Length": 357.20833534685522, "Image": "/home/ubuntu/bemagro/data/image/Orthomosaico.tif", "Farm": "data" }, "geometry": { "type": "LineString", "coordinates": [ [ -39.817716901962648, -18.178474850192931 ], [ -39.817639387766306, -18.178508752494679 ], [ -39.817571043556129, -18.178539731304561 ], [ -39.817484815908223, -18.178576804884987 ], [ -39.817270548884963, -18.178672207864562 ], [ -39.817175887669507, -18.178713388673881 ], [ -39.81704754329364, -18.178771071497998 ], [ -39.816909979558588, -18.178831233532499 ], [ -39.816833208944303, -18.178866319122452 ], [ -39.81664409374244, -18.178949115128848 ], [ -39.816558832097606, -18.178988177195297 ], [ -39.816481071971189, -18.179021211999647 ], [ -39.816360914061725, -18.179074291443637 ], [ -39.816249805103098, -18.179124532686341 ], [ -39.816163578796413, -18.17916160979081 ], [ -39.816120928322675, -18.179181101693707 ], [ -39.815691763556529, -18.179370611641968 ], [ -39.815632043172414, -18.17939788102348 ], [ -39.815520134361506, -18.179446473673739 ], [ -39.815357378044233, -18.179519159223478 ], [ -39.815125380216372, -18.179620979001847 ], [ -39.815048373978293, -18.179655590367286 ], [ -39.81500522077755, -18.17967404389158 ], [ -39.814859884660464, -18.179739664650032 ], [ -39.814790920793243, -18.17976936337028 ], [ -39.814731160177658, -18.179796552405094 ], [ -39.814652068440445, -18.179831000265217 ] ] } },
{ "type": "Feature", "properties": { "Field": "000", "Length": 355.34060267674886, "Image": "/home/ubuntu/bemagro/data/image/Orthomosaico.tif", "Farm": "data" }, "geometry": { "type": "LineString", "coordinates": [ [ -39.817706502245549, -18.178464390298572 ], [ -39.817527045165534, -18.178544484317488 ], [ -39.817483739460982, -18.178562607034859 ], [ -39.817475132659411, -18.178566348132236 ], [ -39.817235142451203, -18.178673176591829 ], [ -39.817114705618366, -18.178725674063397 ], [ -39.816969225299857, -18.178791000454332 ], [ -39.816908890676551, -18.178817004320493 ], [ -39.816814906706554, -18.178859578501122 ], [ -39.816763260066182, -18.178882012661489 ], [ -39.8166948414991, -18.178912841170668 ], [ -39.816668903765326, -18.178923813869233 ], [ -39.816660321965337, -18.178927607121736 ], [ -39.816566416951751, -18.178970340845119 ], [ -39.816479906631344, -18.179006807096549 ], [ -39.816437174650027, -18.179026134145325 ], [ -39.816394008501305, -18.179044557030878 ], [ -39.816257140344803, -18.179106152012096 ], [ -39.81617955824634, -18.179139566815969 ], [ -39.816136911696326, -18.179159064960235 ], [ -39.815930785768408, -18.17924976663911 ], [ -39.815836686987652, -18.179292109421624 ], [ -39.815707690455667, -18.179348448197196 ], [ -39.815613702659917, -18.179391015551477 ], [ -39.815561896100029, -18.179413109584313 ], [ -39.815493205179266, -18.179443380448522 ], [ -39.815330410064334, -18.179515986413101 ], [ -39.815029785961492, -18.179648211767926 ], [ -39.814850126034891, -18.179729014916962 ], [ -39.81476399990536, -18.17976630455129 ], [ -39.814687070037472, -18.17980107050824 ], [ -39.814657753397327, -18.179813526490722 ] ] } },
{ "type": "Feature", "properties": { "Field": "000", "Length": 353.40851983618296, "Image": "/home/ubuntu/bemagro/data/image/Orthomosaico.tif", "Farm": "data" }, "geometry": { "type": "LineString", "coordinates": [ [ -39.817696429893395, -18.17845411284868 ], [ -39.817559345217461, -18.178514129679659 ], [ -39.817499537344794, -18.178541222357932 ], [ -39.817387817964274, -18.178590209858626 ], [ -39.817233677390519, -18.178659169586897 ], [ -39.817130342826104, -18.178703951187874 ], [ -39.817044798189208, -18.178742443001916 ], [ -39.81665014579923, -18.178917160179886 ], [ -39.816564625010201, -18.178955701056523 ], [ -39.816375228370035, -18.179037907011299 ], [ -39.816212524811021, -18.179110699202759 ], [ -39.816126685128914, -18.179148587106223 ], [ -39.81608350408289, -18.179166978858632 ], [ -39.815989368587452, -18.179209246857905 ], [ -39.815688943179261, -18.179341882990254 ], [ -39.81559494980425, -18.179384439182339 ], [ -39.815534580021975, -18.179410367847815 ], [ -39.815294485118642, -18.179516983776853 ], [ -39.815268491459612, -18.179527834927612 ], [ -39.815259903924769, -18.179531616370976 ], [ -39.815225783073302, -18.179547208361868 ], [ -39.815002512981977, -18.179645538147529 ], [ -39.814934198266783, -18.179676576749223 ], [ -39.814814108750028, -18.17972979844988 ], [ -39.814663773933368, -18.179795021247394 ] ] } },
{ "type": "Feature", "properties": { "Field": "000", "Length": 351.58793101434821, "Image": "/home/ubuntu/bemagro/data/image/Orthomosaico.tif", "Farm": "data" }, "geometry": { "type": "LineString", "coordinates": [ [ -39.817686174546701, -18.1784436486762 ], [ -39.817532029004546, -18.178511466625697 ], [ -39.817446521334581, -18.178550033169319 ], [ -39.817291817880935, -18.178617831227641 ], [ -39.817180604391986, -18.178667860066412 ], [ -39.817102962082231, -18.178701144896568 ], [ -39.816957403530147, -18.178766311823928 ], [ -39.81687992142129, -18.178799937195897 ], [ -39.816520075857355, -18.178960467642206 ], [ -39.816330660820576, -18.179042634437064 ], [ -39.816202397873191, -18.179100482799036 ], [ -39.816056142361234, -18.179164208485115 ], [ -39.815962113588505, -18.179206693125181 ], [ -39.815918995139988, -18.179225218542438 ], [ -39.815807658926644, -18.179274998222393 ], [ -39.815773136358558, -18.179289759218346 ], [ -39.815601938162949, -18.179366523668943 ], [ -39.815507279122372, -18.179407709186485 ], [ -39.815353121179164, -18.179476635054719 ], [ -39.815249826378967, -18.179521501251926 ], [ -39.815241267536912, -18.179525341670807 ], [ -39.815224288816161, -18.179533298822172 ], [ -39.814752411892442, -18.179742184251626 ], [ -39.814669314122519, -18.179777992436655 ] ] } },
{ "type": "Feature", "properties": { "Field": "000", "Length": 349.76652067569046, "Image": "/home/ubuntu/bemagro/data/image/Orthomosaico.tif", "Farm": "data" }, "geometry": { "type": "LineString", "coordinates": [ [ -39.817676062242732, -18.178433330457338 ], [ -39.817564692056045, -18.178481901753479 ], [ -39.81743622108943, -18.178539326121406 ], [ -39.817307283746985, -18.178595787412529 ], [ -39.81717053274096, -18.178657618664833 ], [ -39.817110046673996, -18.178683299214605 ], [ -39.81685243341375, -18.178796766368649 ], [ -39.816681288655815, -18.178873638491371 ], [ -39.816578124298886, -18.178918777689848 ], [ -39.816518368754672, -18.178945976170837 ], [ -39.816303378502916, -18.179039881792775 ], [ -39.816132130565265, -18.179116544204255 ], [ -39.816020252487462, -18.179165200955953 ], [ -39.815960446191163, -18.179192297559474 ], [ -39.81575432058613, -18.179282999991546 ], [ -39.81559162722273, -18.179355813812112 ], [ -39.815479721148563, -18.179404412065228 ], [ -39.815351511613422, -18.179462369282902 ], [ -39.815205296193497, -18.179526179871488 ], [ -39.81512837988474, -18.17956097327723 ], [ -39.815042306257325, -18.179598373594963 ], [ -39.814674879987564, -18.179760884702979 ] ] } },
{ "type": "Feature", "properties": { "Field": "000", "Length": 347.98575348029482, "Image": "/home/ubuntu/bemagro/data/image/Orthomosaico.tif", "Farm": "data" }, "geometry": { "type": "LineString", "coordinates": [ [ -39.817666410724826, -18.178423482405762 ], [ -39.817621766411662, -18.178441992347004 ], [ -39.817527610722266, -18.178484218479667 ], [ -39.81729641043097, -18.178585529451766 ], [ -39.817167522451271, -18.178644226419877 ], [ -39.817081268820523, -18.178681244834916 ], [ -39.816900790549795, -18.178760361998851 ], [ -39.816636142287308, -18.178878661251261 ], [ -39.816592087626987, -18.178897400805056 ], [ -39.816378408530944, -18.178991868825843 ], [ -39.816129048950195, -18.179103016128284 ], [ -39.815915001620823, -18.179196719956689 ], [ -39.815837249404431, -18.179231937334396 ], [ -39.815725517209941, -18.179280899650315 ], [ -39.815614247283413, -18.17933081461182 ], [ -39.815433746871513, -18.179409887090156 ], [ -39.815340659838846, -18.179452161147516 ], [ -39.815296630549192, -18.179470955322625 ], [ -39.815185078290135, -18.179520291463309 ], [ -39.815091900563253, -18.179562381969376 ], [ -39.815047896579877, -18.179581230336069 ], [ -39.814928788023309, -18.179634324949227 ], [ -39.814876120009004, -18.179656792778719 ], [ -39.814680383374302, -18.179743969004885 ] ] } },
{ "type": "Feature", "properties": { "Field": "000", "Length": 346.08406963489836, "Image": "/home/ubuntu/bemagro/data/image/Orthomosaico.tif", "Farm": "data" }, "geometry": { "type": "LineString", "coordinates": [ [ -39.817656139916224, -18.178413002451066 ], [ -39.81759619735292, -18.178438674313544 ], [ -39.81753632620692, -18.178465639238031 ], [ -39.817458734658267, -18.178499033710843 ], [ -39.817304177898627, -18.17856713682523 ], [ -39.817141702018056, -18.178640391569189 ], [ -39.81696961835717, -18.178715323776448 ], [ -39.816840944456921, -18.178772331895125 ], [ -39.81679842357606, -18.17879208057122 ], [ -39.816720812185892, -18.17882543322504 ], [ -39.816523715862417, -18.17891326478485 ], [ -39.816454779914629, -18.178943021914055 ], [ -39.816206333091642, -18.179053901556504 ], [ -39.815897078347604, -18.17918981694768 ], [ -39.815794515702152, -18.179236192564311 ], [ -39.815596845964166, -18.179322839792313 ], [ -39.815536996774419, -18.179349849886364 ], [ -39.815485231570563, -18.17937203367541 ], [ -39.815339915195416, -18.179437693817373 ], [ -39.815262398488066, -18.17947124772078 ], [ -39.814988090064986, -18.179593271045068 ], [ -39.814764642740876, -18.179691232451809 ], [ -39.814686520139716, -18.179726482699415 ] ] } },
{ "type": "Feature", "properties": { "Field": "000", "Length": 336.51233632213319, "Image": "/home/ubuntu/bemagro/data/image/Orthomosaico.tif", "Farm": "data" }, "geometry": { "type": "LineString", "coordinates": [ [ -39.817605425295199, -18.17836125509292 ], [ -39.817545992490281, -18.178387994748196 ], [ -39.817433988190061, -18.178436384485714 ], [ -39.817391410969996, -18.178456019679036 ], [ -39.817348513164674, -18.178475008816442 ], [ -39.817262410130908, -18.178512345867663 ], [ -39.81717674771857, -18.178550597602417 ], [ -39.817133587587705, -18.178569034206287 ], [ -39.817022205186412, -18.178618718465398 ], [ -39.816928341185459, -18.178661533897401 ], [ -39.816919742221224, -18.178665291436911 ], [ -39.816876481459474, -18.178683511272784 ], [ -39.816807994934649, -18.178714201739236 ], [ -39.816739095798368, -18.178744036042172 ], [ -39.816627905340511, -18.178794111185653 ], [ -39.816473116732723, -18.178861731536198 ], [ -39.816293164541868, -18.178941936575008 ], [ -39.816284537638992, -18.178945635171367 ], [ -39.816241131520599, -18.178963538101836 ], [ -39.816232529184632, -18.17896728861481 ], [ -39.816155830256491, -18.179002517308298 ], [ -39.816069686031049, -18.17903976678954 ], [ -39.816018558517051, -18.179063260163264 ], [ -39.81595833792808, -18.179089504653643 ], [ -39.815829946387971, -18.179147092143175 ], [ -39.815692124877458, -18.179206712909167 ], [ -39.815581024551491, -18.179256970457864 ], [ -39.815443379199316, -18.179316962442911 ], [ -39.815143305531315, -18.179450324565344 ], [ -39.815065765781625, -18.179483829509959 ], [ -39.814946193847611, -18.179538103993973 ], [ -39.814718183638043, -18.179638799181248 ] ] } },
{ "type": "Feature", "properties": { "Field": "000", "Length": 334.54807792730668, "Image": "/home/ubuntu/bemagro/data/image/Orthomosaico.tif", "Farm": "data" }, "geometry": { "type": "LineString", "coordinates": [ [ -39.817594829395823, -18.178350443416132 ], [ -39.817517956547739, -18.178384197066624 ], [ -39.817406794506752, -18.178434329403011 ], [ -39.817303485761684, -18.178479165029341 ], [ -39.817166494063926, -18.178540507596626 ], [ -39.817054743362121, -18.17858942988515 ], [ -39.81690925154065, -18.178654732329981 ], [ -39.816737211030656, -18.178729754643928 ], [ -39.816600388032604, -18.178791440412617 ], [ -39.816402699187712, -18.178878046676079 ], [ -39.816317085605469, -18.178916398334572 ], [ -39.816213757741572, -18.178961194702001 ], [ -39.816128266123506, -18.178999793676009 ], [ -39.816025040950905, -18.179044805587885 ], [ -39.815896709263278, -18.179102514458808 ], [ -39.815698893423786, -18.179188856182957 ], [ -39.815613545206404, -18.179227744189166 ], [ -39.815493285677867, -18.179280613296417 ], [ -39.815467763586057, -18.179292441493526 ], [ -39.815398800073069, -18.179322140209955 ], [ -39.815158748833852, -18.179428845706038 ], [ -39.815072660894728, -18.179466215197195 ], [ -39.814875760494495, -18.179554448997806 ], [ -39.814724610803211, -18.179621000870156 ] ] } },
{ "type": "Feature", "properties": { "Field": "000", "Length": 332.59536800298144, "Image": "/home/ubuntu/bemagro/data/image/Orthomosaico.tif", "Farm": "data" }, "geometry": { "type": "LineString", "coordinates": [ [ -39.817584545704889, -18.178339950303776 ], [ -39.817559549988303, -18.178351734947913 ], [ -39.817405214304237, -18.178420294347454 ], [ -39.817362046984307, -18.178438715693662 ], [ -39.817276247162894, -18.178476685270585 ], [ -39.81713082025184, -18.178542119617489 ], [ -39.817122224065685, -18.178545882947695 ], [ -39.81707893411636, -18.1785640395799 ], [ -39.81699348888997, -18.178602732561846 ], [ -39.816941817199719, -18.17862511396012 ], [ -39.816839031056894, -18.178671034346294 ], [ -39.816744331540484, -18.178712134640378 ], [ -39.816735753326746, -18.178715935274678 ], [ -39.816684606473402, -18.178739392570193 ], [ -39.816676035664003, -18.178743208438295 ], [ -39.816650127818541, -18.178754245591058 ], [ -39.816573135453815, -18.178788884309046 ], [ -39.816564543476233, -18.178792656436979 ], [ -39.816529962008232, -18.178807291718869 ], [ -39.816435764596591, -18.178849433103231 ], [ -39.81633254454028, -18.178894455894952 ], [ -39.816298418648614, -18.178910036277802 ], [ -39.816255286263662, -18.178928533227158 ], [ -39.816204001813375, -18.178951714544368 ], [ -39.816195417001104, -18.178955501565991 ], [ -39.816160857484753, -18.178970184425779 ], [ -39.81609228738165, -18.179000704154451 ], [ -39.816075361683204, -18.179008763643548 ], [ -39.816040877197345, -18.17902360725045 ], [ -39.816015322229845, -18.179035368433336 ], [ -39.815989290990409, -18.179046136369791 ], [ -39.815835279497271, -18.179115359775857 ], [ -39.815714765729695, -18.179167696906209 ], [ -39.815483520183989, -18.17927106744748 ], [ -39.81544032791588, -18.179289435051711 ], [ -39.815277501737157, -18.17936197718166 ], [ -39.815200213514281, -18.179396009182184 ], [ -39.815174227692147, -18.179406875977847 ], [ -39.815105837783548, -18.179437762853347 ], [ -39.815054148786068, -18.179460108087845 ], [ -39.814942993134274, -18.179510255254034 ], [ -39.814731110952806, -18.179603000444601 ] ] } },
{ "type": "Feature", "properties": { "Field": "000", "Length": 330.54811512387289, "Image": "/home/ubuntu/bemagro/data/image/Orthomosaico.tif", "Farm": "data" }, "geometry": { "type": "LineString", "coordinates": [ [ -39.817574917915884, -18.178330126448721 ], [ -39.817506331376563, -18.178359456546769 ], [ -39.817420931958978, -18.17839824203881 ], [ -39.817326360008281, -18.178439607847015 ], [ -39.817137944925058, -18.178523848654475 ], [ -39.817043220823436, -18.178564895414617 ], [ -39.816837577628959, -18.17865659127639 ], [ -39.816717051238939, -18.178708899827942 ], [ -39.816605753776379, -18.178758757904063 ], [ -39.816502633496896, -18.178803987964791 ], [ -39.816399991927831, -18.178850202378158 ], [ -39.816245106292804, -18.178917620110138 ], [ -39.816202421321684, -18.178937041076406 ], [ -39.816150821385541, -18.178959568224442 ], [ -39.81610824579019, -18.178979207550636 ], [ -39.816005278686426, -18.179024756661249 ], [ -39.815901824511819, -18.17906928368485 ], [ -39.815722188185973, -18.179150133574112 ], [ -39.815653227186118, -18.179179835004629 ], [ -39.815396183145793, -18.179294477300797 ], [ -39.815155607074239, -18.179400097042418 ], [ -39.815121517980451, -18.179415748195883 ], [ -39.815044086124693, -18.179449480622822 ], [ -39.814958541380648, -18.179487972719638 ], [ -39.814838139450529, -18.179540544022402 ], [ -39.814738739757992, -18.179584893171299 ] ] } },
{ "type": "Feature", "properties": { "Field": "000", "Length": 328.34284684427286, "Image": "/home/ubuntu/bemagro/data/image/Orthomosaico.tif", "Farm": "data" }, "geometry": { "type": "LineString", "coordinates": [ [ -39.814747617093694, -18.179565963570429 ], [ -39.814962047079767, -18.179471912471826 ], [ -39.815056044684567, -18.179429364541566 ], [ -39.815227957917187, -18.179354074112531 ], [ -39.815450851775545, -18.179254968364354 ], [ -39.815485501822458, -18.179240481281685 ], [ -39.815648101468554, -18.179167476634827 ], [ -39.81570852873849, -18.179141669489177 ], [ -39.815913793539174, -18.179049201106448 ], [ -39.815948579717514, -18.179035015327496 ], [ -39.815991564414809, -18.179016206269171 ], [ -39.816162865337262, -18.178939652265079 ], [ -39.816197422539716, -18.17892496405646 ], [ -39.816334524224459, -18.178863845735105 ], [ -39.816437712846842, -18.178818757237035 ], [ -39.816480319126292, -18.178799177451943 ], [ -39.816557737992454, -18.178765418472832 ], [ -39.816694648844624, -18.178703910838802 ], [ -39.816798074891835, -18.178659322337147 ], [ -39.81706384495088, -18.178541184807877 ], [ -39.817167198915726, -18.178496444084317 ], [ -39.817355421099613, -18.178411810279865 ], [ -39.817415716915512, -18.178385724342835 ], [ -39.817483892835448, -18.178354408789517 ], [ -39.817565101013223, -18.178320109627094 ] ] } },
{ "type": "Feature", "properties": { "Field": "000", "Length": 326.12325081394096, "Image": "/home/ubuntu/bemagro/data/image/Orthomosaico.tif", "Farm": "data" }, "geometry": { "type": "LineString", "coordinates": [ [ -39.817554366451631, -18.178309156456681 ], [ -39.817442013441067, -18.178357723405043 ], [ -39.817159736089394, -18.178484787611794 ], [ -39.817064958500161, -18.178525722917762 ], [ -39.816799256347203, -18.178643999890767 ], [ -39.816712930484634, -18.178680864193026 ], [ -39.816559005326262, -18.178750262381264 ], [ -39.8164041606504, -18.178817765826132 ], [ -39.81631860558003, -18.178856237119902 ], [ -39.816189441872808, -18.178912224323362 ], [ -39.816112742388803, -18.178947451866772 ], [ -39.815958373445788, -18.179015944018062 ], [ -39.815897822904255, -18.179041485753267 ], [ -39.815838135206654, -18.179068820214155 ], [ -39.815589518633615, -18.179179352118236 ], [ -39.815443302378789, -18.179243160531815 ], [ -39.815289219768232, -18.17931223984607 ], [ -39.815203158520134, -18.179349665939061 ], [ -39.815100374297295, -18.179395591387827 ], [ -39.815031361345284, -18.179425185449926 ], [ -39.814868708492028, -18.179498082305681 ], [ -39.814756310633605, -18.17954742588266 ] ] } },
{ "type": "Feature", "properties": { "Field": "000", "Length": 323.91328391790188, "Image": "/home/ubuntu/bemagro/data/image/Orthomosaico.tif", "Farm": "data" }, "geometry": { "type": "LineString", "coordinates": [ [ -39.817543891563574, -18.178298468246073 ], [ -39.81746686204287, -18.178331892601701 ], [ -39.817407115643391, -18.178359109086212 ], [ -39.817329771846659, -18.178393024486326 ], [ -39.81727877361071, -18.17841677533044 ], [ -39.817227047953757, -18.178439042574063 ], [ -39.817158917536354, -18.178470448633668 ], [ -39.817055544624161, -18.178515149324234 ], [ -39.81683290970399, -18.178614783390749 ], [ -39.816824325299002, -18.178618571221836 ], [ -39.816815548723845, -18.178621932676229 ], [ -39.816790031534865, -18.178633772640932 ], [ -39.816669435742497, -18.178685936259999 ], [ -39.816549615671242, -18.17873970846631 ], [ -39.816472118595627, -18.178773303049102 ], [ -39.816437990961859, -18.178788881835171 ], [ -39.8164033498918, -18.178803388344086 ], [ -39.816326374404554, -18.178838061361528 ], [ -39.816180152926975, -18.178901858164846 ], [ -39.816077698315958, -18.178948451080625 ], [ -39.816000163032022, -18.178981965223699 ], [ -39.815949003123379, -18.179005396649185 ], [ -39.815854471376674, -18.17904684870064 ], [ -39.815828972043214, -18.179058723887238 ], [ -39.815760027822229, -18.179088463634773 ], [ -39.815614549786538, -18.179153795368194 ], [ -39.815536924488441, -18.179187118817243 ], [ -39.81534849582939, -18.179271333694416 ], [ -39.815202327348871, -18.179335242208442 ], [ -39.81509965634195, -18.179381398403478 ], [ -39.815030476677961, -18.179410634570665 ], [ -39.81497085645919, -18.179438103520475 ], [ -39.814868062371872, -18.179484008903252 ], [ -39.8147650645776, -18.179528759387932 ] ] } },
{ "type": "Feature", "properties": { "Field": "000", "Length": 321.6598832937101, "Image": "/home/ubuntu/bemagro/data/image/Orthomosaico.tif", "Farm": "data" }, "geometry": { "type": "LineString", "coordinates": [ [ -39.817532981388034, -18.178287335881233 ], [ -39.817516268253847, -18.178294714768818 ], [ -39.817490928273642, -18.178306895894902 ], [ -39.81744790771041, -18.178325629197968 ], [ -39.817353939717556, -18.178368235385047 ], [ -39.817199329614894, -18.178436227288049 ], [ -39.817114002883407, -18.178475158505858 ], [ -39.816873442751039, -18.178580808954464 ], [ -39.816745078126907, -18.178638450151009 ], [ -39.816650310476632, -18.178679406444083 ], [ -39.816539001175684, -18.178729240252792 ], [ -39.816272575258139, -18.17884602077687 ], [ -39.816118551880514, -18.178915219750362 ], [ -39.815980934668964, -18.178975270245477 ], [ -39.815912619930245, -18.179006307391393 ], [ -39.81581798627608, -18.179047546373194 ], [ -39.815603865508372, -18.179143250275132 ], [ -39.815543436955679, -18.179169052784705 ], [ -39.815406540677913, -18.179230590765865 ], [ -39.815260381913667, -18.179294519434407 ], [ -39.815089065168536, -18.179371041914482 ], [ -39.815011400891422, -18.179404279791971 ], [ -39.814977401863793, -18.179420113294722 ], [ -39.814773867797648, -18.179509987815059 ] ] } },
{ "type": "Feature", "properties": { "Field": "000", "Length": 319.45720756846339, "Image": "/home/ubuntu/bemagro/data/image/Orthomosaico.tif", "Farm": "data" }, "geometry": { "type": "LineString", "coordinates": [ [ -39.81752155090745, -18.178275672612916 ], [ -39.817488639308408, -18.178292512426125 ], [ -39.817463230259825, -18.178304561208364 ], [ -39.817428814120568, -18.178319546406176 ], [ -39.817343422308596, -18.178358346315211 ], [ -39.817197208840668, -18.178422158294154 ], [ -39.81705195940259, -18.178487951910686 ], [ -39.816897150875782, -18.178555530124743 ], [ -39.816742929161109, -18.178624323725128 ], [ -39.816691184538165, -18.178646549232074 ], [ -39.816639886085277, -18.178669702045685 ], [ -39.816596824458628, -18.178688348940998 ], [ -39.816554244262001, -18.178707977559643 ], [ -39.816416480098965, -18.178767719022538 ], [ -39.81633097326953, -18.178806287681414 ], [ -39.816262076122271, -18.178836124870102 ], [ -39.816176695354827, -18.178874947457636 ], [ -39.816013209646329, -18.178946120522884 ], [ -39.815927748791609, -18.178984782386799 ], [ -39.815798786563221, -18.179041192199776 ], [ -39.815713319729525, -18.179079842174666 ], [ -39.815567295106234, -18.179144049840037 ], [ -39.815481766617857, -18.179182575277416 ], [ -39.81525825195996, -18.179280394814075 ], [ -39.815112830784109, -18.179345842249987 ], [ -39.814966583270532, -18.179409584873788 ], [ -39.81478235028105, -18.179491900161956 ] ] } },
{ "type": "Feature", "properties": { "Field": "000", "Length": 317.14019703032869, "Image": "/home/ubuntu/bemagro/data/image/Orthomosaico.tif", "Farm": "data" }, "geometry": { "type": "LineString", "coordinates": [ [ -39.817511204264939, -18.178265115253605 ], [ -39.817501599733994, -18.178269467262997 ], [ -39.817476887912896, -18.178282776821852 ], [ -39.817425932098651, -18.178306610706272 ], [ -39.817399960043481, -18.178317509519907 ], [ -39.817331578709741, -18.178348413246663 ], [ -39.817176861040643, -18.178416181446497 ], [ -39.817108680483614, -18.178447487955598 ], [ -39.81700546828985, -18.178492526681598 ], [ -39.816919857931815, -18.178530885083831 ], [ -39.816816502007299, -18.178575621752838 ], [ -39.816722431595714, -18.178618021411936 ], [ -39.816584895938746, -18.178678241848448 ], [ -39.816525162420646, -18.178705484433944 ], [ -39.816481924773065, -18.1787237559179 ], [ -39.816319189476481, -18.178796483005485 ], [ -39.816258802942855, -18.178822376900744 ], [ -39.816164866410446, -18.178865047192684 ], [ -39.816035701619207, -18.178921032136216 ], [ -39.81567575791378, -18.179081362102686 ], [ -39.815529658503657, -18.179145414411199 ], [ -39.81537539113809, -18.179214115757514 ], [ -39.815254893276993, -18.179266486694161 ], [ -39.815126698435201, -18.179324473490443 ], [ -39.814997882536467, -18.179381188919205 ], [ -39.81494602727058, -18.179403179734521 ], [ -39.814791667007434, -18.179472033603368 ] ] } },
{ "type": "Feature", "properties": { "Field": "000", "Length": 344.28807151513803, "Image": "/home/ubuntu/bemagro/data/image/Orthomosaico.tif", "Farm": "data" }, "geometry": { "type": "LineString", "coordinates": [ [ -39.817645981607477, -18.178402637285249 ], [ -39.817560785833123, -18.178440720857324 ], [ -39.81735427790489, -18.178530623174495 ], [ -39.817311617543005, -18.178550093851786 ], [ -39.817200025915, -18.178599347244081 ], [ -39.817174535720063, -18.178611239537947 ], [ -39.817165976457304, -18.178615079000224 ], [ -39.817105701015031, -18.178641208158009 ], [ -39.817054406987126, -18.17866436950171 ], [ -39.81701120859293, -18.178682723848834 ], [ -39.816882439820439, -18.178739535863013 ], [ -39.816771400339711, -18.178789916595225 ], [ -39.816685038733361, -18.178826702095176 ], [ -39.816496628656594, -18.178910954045467 ], [ -39.816436179136829, -18.178936711453719 ], [ -39.816222117751529, -18.179032536301285 ], [ -39.816178962252607, -18.1790509829979 ], [ -39.81608473930585, -18.179093072609444 ], [ -39.815981527926205, -18.179138113547143 ], [ -39.815715794481775, -18.179256328330968 ], [ -39.815603892476226, -18.179304934478118 ], [ -39.815346981134809, -18.17941984860861 ], [ -39.815243769175652, -18.179464888963942 ], [ -39.815132444097166, -18.179514691573051 ], [ -39.81508926170369, -18.179533080873572 ], [ -39.81486640202899, -18.179632257664153 ], [ -39.814814685183762, -18.179654543558264 ], [ -39.814763280257957, -18.17967748024536 ], [ -39.814692331871719, -18.179710388681787 ] ] } },
{ "type": "Feature", "properties": { "Field": "000", "Length": 342.26327894477964, "Image": "/home/ubuntu/bemagro/data/image/Orthomosaico.tif", "Farm": "data" }, "geometry": { "type": "LineString", "coordinates": [ [ -39.817635648962195, -18.178392094230947 ], [ -39.81748167989921, -18.17846027833566 ], [ -39.81741273136609, -18.17849000718034 ], [ -39.817284287730715, -18.178547487078994 ], [ -39.817095173832065, -18.178630285042281 ], [ -39.81693245326214, -18.178703041930209 ], [ -39.816872143588, -18.178729098708828 ], [ -39.816795257908993, -18.178763952872742 ], [ -39.816717711917505, -18.178797443817476 ], [ -39.81646923862057, -18.178908268610357 ], [ -39.816297361351019, -18.17898363295043 ], [ -39.816186196195588, -18.179033760250775 ], [ -39.815979765793251, -18.179123826537829 ], [ -39.815842846033696, -18.179185316668633 ], [ -39.815773983945661, -18.179215229723034 ], [ -39.815645481381324, -18.179272590583789 ], [ -39.815610934666751, -18.179287301193025 ], [ -39.81559398199164, -18.179295308149431 ], [ -39.815585425704349, -18.179299153742143 ], [ -39.815490752364177, -18.179340309876444 ], [ -39.81531949496685, -18.179416953576791 ], [ -39.815216241539076, -18.179461907042757 ], [ -39.815113501457155, -18.179507922651528 ], [ -39.815027401287857, -18.179545266907876 ], [ -39.814984862590855, -18.179564980295432 ], [ -39.814976300969818, -18.179568815056154 ], [ -39.814761565989471, -18.179663254636175 ], [ -39.814699098331019, -18.179691650801768 ] ] } },
{ "type": "Feature", "properties": { "Field": "000", "Length": 340.32936875954641, "Image": "/home/ubuntu/bemagro/data/image/Orthomosaico.tif", "Farm": "data" }, "geometry": { "type": "LineString", "coordinates": [ [ -39.817625067151639, -18.178381296935552 ], [ -39.81752292307587, -18.178427407049231 ], [ -39.817428244119782, -18.178468550034054 ], [ -39.81729111174657, -18.178529604596758 ], [ -39.817059103034744, -18.178631398703708 ], [ -39.816930814148762, -18.178689193966484 ], [ -39.816741785059051, -18.178772168917639 ], [ -39.816613351833553, -18.178829670817109 ], [ -39.816544444789827, -18.178859488778677 ], [ -39.816433368539315, -18.178909795396937 ], [ -39.81639873395843, -18.178924315153122 ], [ -39.816338614987842, -18.178950771367361 ], [ -39.816167360166354, -18.179027419564701 ], [ -39.816132701597809, -18.179041887201908 ], [ -39.816072763013857, -18.179068714426752 ], [ -39.815995182691552, -18.179102133046424 ], [ -39.815832599381963, -18.179175170489764 ], [ -39.815746449686102, -18.179212409757067 ], [ -39.815618042322512, -18.179269964958635 ], [ -39.815420340480195, -18.179356545237376 ], [ -39.815334922423467, -18.179395294066698 ], [ -39.815180252000793, -18.179463162612908 ], [ -39.815111937089078, -18.179494201036771 ], [ -39.815034234581724, -18.17952735930276 ], [ -39.814983227704445, -18.179551092677634 ], [ -39.814974662278317, -18.179554919664483 ], [ -39.814880047486696, -18.179596198953583 ], [ -39.814705428764739, -18.1796741203731 ] ] } },
{ "type": "Feature", "properties": { "Field": "000", "Length": 338.40115533329845, "Image": "/home/ubuntu/bemagro/data/image/Orthomosaico.tif", "Farm": "data" }, "geometry": { "type": "LineString", "coordinates": [ [ -39.817615432342343, -18.17837146592413 ], [ -39.817564630908272, -18.178394512642964 ], [ -39.817461258705741, -18.178439214072082 ], [ -39.817332807232056, -18.178496678239306 ], [ -39.817272362297231, -18.178522446495954 ], [ -39.817212528750211, -18.178549486739723 ], [ -39.817169324677309, -18.178567828653126 ], [ -39.817066332733624, -18.178613325863751 ], [ -39.816938162966977, -18.178671362040095 ], [ -39.816903576262298, -18.178685983697466 ], [ -39.816809410161291, -18.178728188949545 ], [ -39.816706129291603, -18.178773083396102 ], [ -39.816423308369693, -18.178899039850755 ], [ -39.816380111154359, -18.178917398073402 ], [ -39.816320293393368, -18.178944470333537 ], [ -39.816311674988491, -18.178948186987352 ], [ -39.816242313153616, -18.178977025740664 ], [ -39.816233748402084, -18.178980854040329 ], [ -39.816157342139178, -18.179016659099592 ], [ -39.816148784726153, -18.17902050237106 ], [ -39.815985344562897, -18.179091771232031 ], [ -39.815882785462662, -18.179138153564914 ], [ -39.815831096058176, -18.179160497590271 ], [ -39.815796923065157, -18.179175984892929 ], [ -39.815719300648446, -18.179209312159298 ], [ -39.815616710130577, -18.179255631448878 ], [ -39.815556353899133, -18.179281589578075 ], [ -39.815505080234693, -18.179304792215802 ], [ -39.815453323746752, -18.179326992497749 ], [ -39.815307885404394, -18.179392405374792 ], [ -39.815032946321679, -18.179513124492303 ], [ -39.814956174549415, -18.179548207394333 ], [ -39.814711951151622, -18.179656058378256 ] ] } },
{ "type": "Feature", "properties": { "Field": "000", "Length": 295.74094885154341, "Image": "/home/ubuntu/bemagro/data/image/Orthomosaico.tif", "Farm": "data" }, "geometry": { "type": "LineString", "coordinates": [ [ -39.814894355645791, -18.179307416206566 ], [ -39.814945400680777, -18.179283668145345 ], [ -39.814979896718398, -18.179268848976136 ], [ -39.815031027016374, -18.179245358387067 ], [ -39.815108392894473, -18.179211488116909 ], [ -39.815219587593909, -18.179161420313459 ], [ -39.815340013832554, -18.179108899221635 ], [ -39.815485615871204, -18.179043820414719 ], [ -39.815571850380024, -18.179006760840593 ], [ -39.815846053414326, -18.178884523248431 ], [ -39.816172448534076, -18.178740974132868 ], [ -39.816309369394787, -18.178679486844111 ], [ -39.816438384472704, -18.178623187782566 ], [ -39.816480974383722, -18.178603575550607 ], [ -39.816566937793695, -18.178565945402838 ], [ -39.816712525917829, -18.17850083916958 ], [ -39.817039090114861, -18.178357643474211 ], [ -39.817287416465646, -18.178246519648454 ], [ -39.817425040779803, -18.178186485338902 ], [ -39.817431319711595, -18.178183603730332 ] ] } },
{ "type": "Feature", "properties": { "Field": "000", "Length": 292.84989514887189, "Image": "/home/ubuntu/bemagro/data/image/Orthomosaico.tif", "Farm": "data" }, "geometry": { "type": "LineString", "coordinates": [ [ -39.814908677177549, -18.179285305803667 ], [ -39.815183043181968, -18.179162748047652 ], [ -39.815200439997874, -18.179155663562049 ], [ -39.815243072749659, -18.179136136287863 ], [ -39.815337839025851, -18.17909517627816 ], [ -39.815449070614697, -18.179045183560689 ], [ -39.815715475845963, -18.178928359340627 ], [ -39.815723781680006, -18.178924041473667 ], [ -39.81575835337663, -18.178909384456801 ], [ -39.815843851557943, -18.17887079771382 ], [ -39.815955723382835, -18.178822128112255 ], [ -39.816058349981382, -18.17877588245392 ], [ -39.816135915898911, -18.178742433315499 ], [ -39.816272730608866, -18.178680730511431 ], [ -39.816427483774916, -18.178613035850553 ], [ -39.816521515690184, -18.178570558260155 ], [ -39.816573334162008, -18.178548488945641 ], [ -39.816710128209088, -18.178486744649767 ], [ -39.816805015849013, -18.178446043102223 ], [ -39.816821903467897, -18.178437910531944 ], [ -39.817036754808733, -18.178343716446459 ], [ -39.817096483557037, -18.178316464584903 ], [ -39.817234043015432, -18.178256294473101 ], [ -39.817405491371971, -18.178180044224082 ], [ -39.817421140986795, -18.17817321769229 ] ] } },
{ "type": "Feature", "properties": { "Field": "000", "Length": 290.03351653059968, "Image": "/home/ubuntu/bemagro/data/image/Orthomosaico.tif", "Farm": "data" }, "geometry": { "type": "LineString", "coordinates": [ [ -39.814921913978949, -18.179264870064063 ], [ -39.815083630821839, -18.179192020467084 ], [ -39.815109552656352, -18.179181013360328 ], [ -39.815229348319043, -18.179127191429636 ], [ -39.815332632150373, -18.179082302341364 ], [ -39.815606758713756, -18.178959908003751 ], [ -39.815718779645479, -18.178911552858661 ], [ -39.815838693893028, -18.178857972733823 ], [ -39.815899041517767, -18.178831997681325 ], [ -39.816182132834541, -18.178706597590317 ], [ -39.816284652943786, -18.178660136860024 ], [ -39.81642228791798, -18.178600124410746 ], [ -39.816499358949777, -18.178565646199292 ], [ -39.816551139823957, -18.17854349678322 ], [ -39.816722204237863, -18.178466462553164 ], [ -39.816808462564474, -18.178429454787722 ], [ -39.816988376243742, -18.178349172273951 ], [ -39.817040135979198, -18.178326977823712 ], [ -39.817125707194258, -18.178288540337821 ], [ -39.817306180299319, -18.178209413535228 ], [ -39.817348798803337, -18.178189858749263 ], [ -39.817408862548781, -18.17816068917308 ] ] } },
{ "type": "Feature", "properties": { "Field": "000", "Length": 287.20523409177741, "Image": "/home/ubuntu/bemagro/data/image/Orthomosaico.tif", "Farm": "data" }, "geometry": { "type": "LineString", "coordinates": [ [ -39.817398299550995, -18.178149911031213 ], [ -39.817340173434424, -18.178179171263004 ], [ -39.817289112906664, -18.178202795393098 ], [ -39.817202893763472, -18.178239883312347 ], [ -39.81710847803032, -18.178281575374907 ], [ -39.817048744279923, -18.178308816665421 ], [ -39.816996838417808, -18.178330693873104 ], [ -39.816988243127994, -18.178334457736298 ], [ -39.816808366886733, -18.178414817135554 ], [ -39.816739302768433, -18.178444297331527 ], [ -39.81661081423168, -18.178501685800498 ], [ -39.816559733486123, -18.178525273638638 ], [ -39.816482076399033, -18.178558525502488 ], [ -39.816370441513932, -18.178607688827956 ], [ -39.816319186579825, -18.178630927262592 ], [ -39.816215982607467, -18.178675983470207 ], [ -39.816181955781481, -18.178691757796351 ], [ -39.816104810704367, -18.178726084629353 ], [ -39.815958865201154, -18.178790456035095 ], [ -39.815932898888704, -18.17880136619819 ], [ -39.815881713655315, -18.178824742892107 ], [ -39.815847236174967, -18.178839599057415 ], [ -39.815770221275145, -18.178874190142107 ], [ -39.815684268415275, -18.178911842658302 ], [ -39.815615154195356, -18.178941219091495 ], [ -39.815606569814065, -18.178945005947114 ], [ -39.815418307629145, -18.179029559790077 ], [ -39.815254874446921, -18.179100842920409 ], [ -39.815143741811774, -18.179151035760515 ], [ -39.815057792680633, -18.179188695853043 ], [ -39.814935769912587, -18.179243478466404 ] ] } },
{ "type": "Feature", "properties": { "Field": "000", "Length": 284.25107694730343, "Image": "/home/ubuntu/bemagro/data/image/Orthomosaico.tif", "Farm": "data" }, "geometry": { "type": "LineString", "coordinates": [ [ -39.817386660942987, -18.178138035369123 ], [ -39.817371207291188, -18.178147633779464 ], [ -39.817362979099471, -18.178152074147935 ], [ -39.817338001361584, -18.178164922135377 ], [ -39.817329500809876, -18.178168873417921 ], [ -39.817226822888514, -18.17821501409416 ], [ -39.817106293983002, -18.178267317680096 ], [ -39.81702943115635, -18.178302217018025 ], [ -39.816986238823752, -18.178320584140309 ], [ -39.816917891374871, -18.178351553039569 ], [ -39.816728826182683, -18.178434452173974 ], [ -39.81655786511368, -18.178511695857349 ], [ -39.816351240673768, -18.178601352894752 ], [ -39.816300027396473, -18.178624676429724 ], [ -39.816231195049923, -18.178654650790204 ], [ -39.816197234074629, -18.178670556727084 ], [ -39.81618866531322, -18.178674375272468 ], [ -39.815956565950117, -18.178775980973406 ], [ -39.815716673115809, -18.178883009406441 ], [ -39.815656527229073, -18.178909410167474 ], [ -39.815621839902647, -18.178923814212371 ], [ -39.815579099749243, -18.178943122787913 ], [ -39.815484452781689, -18.178984333240148 ], [ -39.815433392799306, -18.179007961545359 ], [ -39.815244249772242, -18.179090698569421 ], [ -39.815098911680998, -18.179156313946503 ], [ -39.815081445409348, -18.179163233087881 ], [ -39.815072823649778, -18.17916693803847 ], [ -39.814950126230158, -18.179221314340523 ] ] } },
{ "type": "Feature", "properties": { "Field": "000", "Length": 281.63629135054771, "Image": "/home/ubuntu/bemagro/data/image/Orthomosaico.tif", "Farm": "data" }, "geometry": { "type": "LineString", "coordinates": [ [ -39.817378025830664, -18.178129224376089 ], [ -39.817370135907581, -18.178133295254597 ], [ -39.817362054212317, -18.178137985910407 ], [ -39.817353793649588, -18.178142382631194 ], [ -39.817268938180128, -18.178182243825926 ], [ -39.817260394321082, -18.178186114458715 ], [ -39.817113900208767, -18.178249335170523 ], [ -39.817037041506715, -18.17828424296383 ], [ -39.816968144889309, -18.178314082664919 ], [ -39.816916975511432, -18.178337492734894 ], [ -39.816813798248987, -18.178382604298534 ], [ -39.816531028345935, -18.178508664068456 ], [ -39.816445088377591, -18.178546342904291 ], [ -39.816401796350519, -18.17856449375455 ], [ -39.816316345815075, -18.178603176492345 ], [ -39.816247470643326, -18.178633060730149 ], [ -39.816238902691083, -18.178636882443445 ], [ -39.816196333808641, -18.178656535219563 ], [ -39.816136058217452, -18.178682663644238 ], [ -39.81606764188605, -18.178713496387029 ], [ -39.815921233292983, -18.178776899164756 ], [ -39.815852857077374, -18.178807813648131 ], [ -39.815827454704781, -18.17881987514086 ], [ -39.815655754139087, -18.178895606535935 ], [ -39.815603999969852, -18.178917812841306 ], [ -39.815415362504723, -18.179001598756045 ], [ -39.815312049517274, -18.179046426248306 ], [ -39.815115280187676, -18.179134925818946 ], [ -39.815106682960653, -18.179138687040304 ], [ -39.81504615463686, -18.179164276200776 ], [ -39.814963122772312, -18.179201249510186 ] ] } },
{ "type": "Feature", "properties": { "Field": "000", "Length": 314.92522188052942, "Image": "/home/ubuntu/bemagro/data/image/Orthomosaico.tif", "Farm": "data" }, "geometry": { "type": "LineString", "coordinates": [ [ -39.814800440146627, -18.179453326160765 ], [ -39.814844244602334, -18.179434744646446 ], [ -39.814903856421701, -18.179407259057502 ], [ -39.815110171890055, -18.179316951487777 ], [ -39.815186978272834, -18.179281937044198 ], [ -39.815350334430988, -18.179210491991725 ], [ -39.815418730687981, -18.179179617725204 ], [ -39.815479142410346, -18.179153777302339 ], [ -39.81555609629185, -18.179119060192122 ], [ -39.815590623730543, -18.179104308170903 ], [ -39.815607516760217, -18.179096185749646 ], [ -39.815710746170922, -18.179051182275909 ], [ -39.815847611421113, -18.178989581452235 ], [ -39.815959584744412, -18.178941125425379 ], [ -39.816070793576159, -18.178891086714174 ], [ -39.816174131128207, -18.178846310868948 ], [ -39.816250973872656, -18.178811369876513 ], [ -39.816294172115001, -18.178793013405755 ], [ -39.81644816148669, -18.17872374540547 ], [ -39.816688810358492, -18.178618279212714 ], [ -39.816817013432583, -18.178560310215339 ], [ -39.81692040197909, -18.178515642514675 ], [ -39.816963088361426, -18.178496222918433 ], [ -39.817117766967385, -18.178428373158106 ], [ -39.817177279014444, -18.178400691479453 ], [ -39.817323427336028, -18.178336742634052 ], [ -39.817434784201119, -18.178287006583101 ], [ -39.817493556682692, -18.178257917108706 ], [ -39.817500848602748, -18.178254548689033 ] ] } },
{ "type": "Feature", "properties": { "Field": "000", "Length": 312.44969760151247, "Image": "/home/ubuntu/bemagro/data/image/Orthomosaico.tif", "Farm": "data" }, "geometry": { "type": "LineString", "coordinates": [ [ -39.814812107447871, -18.179434395571679 ], [ -39.814881096137107, -18.179402470334054 ], [ -39.815008856760926, -18.179345726961888 ], [ -39.815113147037046, -18.17930077113061 ], [ -39.815224257032796, -18.179250531753301 ], [ -39.815301756474831, -18.179216941676046 ], [ -39.815421569140845, -18.179163153765753 ], [ -39.815473447359594, -18.17914121280802 ], [ -39.815533266657773, -18.179114142425092 ], [ -39.81584977832258, -18.178973847221624 ], [ -39.815910915858026, -18.178947346746899 ], [ -39.816013630064717, -18.178901279002808 ], [ -39.816134055867366, -18.178848757449828 ], [ -39.816245332614642, -18.178798857096936 ], [ -39.816297155565287, -18.178776797324357 ], [ -39.816485368328522, -18.178692143693318 ], [ -39.81663164432473, -18.178628461615848 ], [ -39.816793960226313, -18.178554883544606 ], [ -39.817120230541853, -18.178411076882298 ], [ -39.817274319412277, -18.178342012117923 ], [ -39.817377532775161, -18.178296976095307 ], [ -39.817470646227392, -18.178254756568492 ], [ -39.817491223017704, -18.178244727068574 ] ] } },
{ "type": "Feature", "properties": { "Field": "000", "Length": 309.66398251336341, "Image": "/home/ubuntu/bemagro/data/image/Orthomosaico.tif", "Farm": "data" }, "geometry": { "type": "LineString", "coordinates": [ [ -39.814825694766853, -18.179413418723804 ], [ -39.815014096647218, -18.179328968242217 ], [ -39.815108776548705, -18.179287825906179 ], [ -39.815237130863736, -18.179230162407432 ], [ -39.815348876839785, -18.179181228848933 ], [ -39.815400058236982, -18.179157840235014 ], [ -39.815477705463159, -18.179124563579123 ], [ -39.816000787806431, -18.178892334021306 ], [ -39.816172662813294, -18.178816965078731 ], [ -39.816206715003872, -18.178801236146573 ], [ -39.816292833563949, -18.178763931395125 ], [ -39.816514987580881, -18.178663320922976 ], [ -39.816652666711171, -18.178603400830934 ], [ -39.816832196908308, -18.178522337089408 ], [ -39.817295704951839, -18.178317692210044 ], [ -39.817313140479108, -18.178310695474138 ], [ -39.817407616800708, -18.178269129135845 ], [ -39.817441710235919, -18.178253482269309 ], [ -39.817458198722782, -18.178244633369701 ], [ -39.817466779959815, -18.178240839828412 ], [ -39.817480692497014, -18.178233982080624 ] ] } },
{ "type": "Feature", "properties": { "Field": "000", "Length": 306.74662033061554, "Image": "/home/ubuntu/bemagro/data/image/Orthomosaico.tif", "Farm": "data" }, "geometry": { "type": "LineString", "coordinates": [ [ -39.814840221489114, -18.179390991567267 ], [ -39.814892381959794, -18.179368658954736 ], [ -39.815003696194694, -18.179318834212804 ], [ -39.815107080813128, -18.179274157190495 ], [ -39.815123931328976, -18.17926595439053 ], [ -39.815243781824776, -18.179212243339787 ], [ -39.81530419123456, -18.179186397928046 ], [ -39.815698609848411, -18.17901119754535 ], [ -39.81579324913433, -18.178969970301917 ], [ -39.815852982319633, -18.178942726849247 ], [ -39.816033174462213, -18.178863015511574 ], [ -39.816092844873054, -18.178835646740655 ], [ -39.816281867268344, -18.178752657521677 ], [ -39.816512815865245, -18.17864868367554 ], [ -39.816676234983447, -18.178577371649201 ], [ -39.816812906968458, -18.178515380815739 ], [ -39.817010678685428, -18.178428948498464 ], [ -39.817139022180342, -18.178371264391668 ], [ -39.817354221182562, -18.178277798452406 ], [ -39.817414212224882, -18.178251078250238 ], [ -39.817470867695974, -18.17822395718342 ] ] } },
{ "type": "Feature", "properties": { "Field": "000", "Length": 304.04351252610866, "Image": "/home/ubuntu/bemagro/data/image/Orthomosaico.tif", "Farm": "data" }, "geometry": { "type": "LineString", "coordinates": [ [ -39.814853543812617, -18.179370423822267 ], [ -39.814948556955052, -18.179329423824175 ], [ -39.81499971716034, -18.179305992784354 ], [ -39.815103005312075, -18.179261112336583 ], [ -39.815239786497756, -18.179199340797151 ], [ -39.815291624822251, -18.179177313691721 ], [ -39.815394272009748, -18.179131109333618 ], [ -39.815608971927304, -18.179036598369748 ], [ -39.815711790402545, -18.178990743567397 ], [ -39.81572865089241, -18.178982559687242 ], [ -39.815788972390621, -18.178956527565322 ], [ -39.815874220045679, -18.178917437621703 ], [ -39.816011596156116, -18.178856884940547 ], [ -39.816079733300398, -18.178825491877955 ], [ -39.816174481115858, -18.178784493303116 ], [ -39.816208510419834, -18.178768719186177 ], [ -39.816320402839516, -18.178720093023891 ], [ -39.81648289233727, -18.178646865660635 ], [ -39.816714968014189, -18.178545210975916 ], [ -39.816817458974214, -18.178498691715351 ], [ -39.816852129733569, -18.178484250305235 ], [ -39.816946298296415, -18.178442050386796 ], [ -39.816980938655178, -18.178427542504004 ], [ -39.817134819869821, -18.178358055955936 ], [ -39.81738455187525, -18.178249848657998 ], [ -39.817461140930931, -18.178214032317154 ] ] } },
{ "type": "Feature", "properties": { "Field": "000", "Length": 301.37038231196919, "Image": "/home/ubuntu/bemagro/data/image/Orthomosaico.tif", "Farm": "data" }, "geometry": { "type": "LineString", "coordinates": [ [ -39.814866547560015, -18.179350347907423 ], [ -39.815021182417837, -18.179281123777088 ], [ -39.815287334865182, -18.179163773216334 ], [ -39.815561367448865, -18.179041186341394 ], [ -39.81563882496544, -18.17900750819118 ], [ -39.815844196811476, -18.17891525738542 ], [ -39.815990202704135, -18.178851010967684 ], [ -39.816084140706252, -18.1788083436502 ], [ -39.81619611047914, -18.178759880376276 ], [ -39.816436241087906, -18.178653340200093 ], [ -39.816470294732738, -18.178637614181689 ], [ -39.816556352179916, -18.178600180901714 ], [ -39.816641966304402, -18.178561830120021 ], [ -39.816667957347043, -18.178550972724135 ], [ -39.8166934335527, -18.178539052400133 ], [ -39.816856734847235, -18.178467494414654 ], [ -39.816933737942939, -18.178432877826683 ], [ -39.816959749276407, -18.178422064918394 ], [ -39.817268363369358, -18.17828482843159 ], [ -39.817397468083804, -18.17822871810851 ], [ -39.817451166546348, -18.178203854786467 ] ] } },
{ "type": "Feature", "properties": { "Field": "000", "Length": 298.60298516693808, "Image": "/home/ubuntu/bemagro/data/image/Orthomosaico.tif", "Farm": "data" }, "geometry": { "type": "LineString", "coordinates": [ [ -39.814880234213042, -18.179329217678834 ], [ -39.815223245237107, -18.179175487559483 ], [ -39.815309303084184, -18.179138054510815 ], [ -39.815454802876509, -18.179072767046282 ], [ -39.815661168210546, -18.178982564513866 ], [ -39.815849417583216, -18.17889798474447 ], [ -39.815978316677047, -18.178841443085933 ], [ -39.816063895210064, -18.178803019510692 ], [ -39.816193008989437, -18.178746927354631 ], [ -39.816338457380148, -18.178681536100168 ], [ -39.816364454296668, -18.178670691478604 ], [ -39.816441676877794, -18.178636524586874 ], [ -39.816449981218064, -18.178632204060271 ], [ -39.816561758533581, -18.178583336824129 ], [ -39.816612929989553, -18.178559928711078 ], [ -39.816802090526352, -18.178477228264452 ], [ -39.816861889965544, -18.178450118314259 ], [ -39.817085262050107, -18.178352003792416 ], [ -39.817265187840668, -18.178271745974545 ], [ -39.817394281759192, -18.178215612991302 ], [ -39.817441438935212, -18.178193929053517 ] ] } },
{ "type": "Feature", "properties": { "Field": "000", "Length": 228.76345676453971, "Image": "/home/ubuntu/bemagro/data/image/Orthomosaico.tif", "Farm": "data" }, "geometry": { "type": "LineString", "coordinates": [ [ -39.817139001246382, -18.177970397726089 ], [ -39.816968643573233, -18.178046248925511 ], [ -39.816926104892445, -18.178065961960286 ], [ -39.816813978915569, -18.178114092879625 ], [ -39.81676286785607, -18.17813762076452 ], [ -39.816693852816705, -18.178167208995418 ], [ -39.816651246526455, -18.17818678800019 ], [ -39.816625229053486, -18.178197587067626 ], [ -39.816505535021044, -18.178251614426411 ], [ -39.816419534686126, -18.178289166978278 ], [ -39.816376882460872, -18.178308654814082 ], [ -39.816256290632893, -18.178360826193781 ], [ -39.81618809228285, -18.178392096982034 ], [ -39.81615353732645, -18.178406789751378 ], [ -39.815896264395242, -18.178520959548678 ], [ -39.815810187388728, -18.178558351626339 ], [ -39.815587561430299, -18.178658004119814 ], [ -39.815527104484239, -18.178683747168272 ], [ -39.815433174680294, -18.178726430823364 ], [ -39.81524416194717, -18.178809440181801 ], [ -39.815235544518899, -18.178813158889046 ], [ -39.815200676142744, -18.178827157707406 ], [ -39.815176241798326, -18.178838781356134 ] ] } },
{ "type": "Feature", "properties": { "Field": "000", "Length": 223.58890651272128, "Image": "/home/ubuntu/bemagro/data/image/Orthomosaico.tif", "Farm": "data" }, "geometry": { "type": "LineString", "coordinates": [ [ -39.817102056890846, -18.177971027457019 ], [ -39.817085808166972, -18.177977594746878 ], [ -39.817051667196139, -18.177993141818877 ], [ -39.817017143382152, -18.178007901220006 ], [ -39.816983105428555, -18.178023656744379 ], [ -39.816940165574799, -18.178042557889029 ], [ -39.816906226660933, -18.178058507693066 ], [ -39.816897661983582, -18.178062336052129 ], [ -39.816828709708673, -18.178092057881152 ], [ -39.816734645168808, -18.178134468478657 ], [ -39.816665595721226, -18.178163982861587 ], [ -39.81657181258656, -18.178206958499388 ], [ -39.816502900639982, -18.178236764010808 ], [ -39.816383127645295, -18.178290631154486 ], [ -39.816305875412453, -18.178324736717816 ], [ -39.816262686489843, -18.178343112703875 ], [ -39.816194363195613, -18.178374131786448 ], [ -39.816048217179123, -18.178438085607407 ], [ -39.815825379525407, -18.178537304568746 ], [ -39.815722142127278, -18.178582290563178 ], [ -39.815593732475627, -18.178639840224903 ], [ -39.815516222275164, -18.178673406837628 ], [ -39.815430685128888, -18.178711914078534 ], [ -39.815301791604632, -18.178768467016205 ], [ -39.815224878773456, -18.178803266639044 ], [ -39.815216207496682, -18.17880686916148 ], [ -39.8151836496111, -18.178819661191334 ] ] } },
{ "type": "Feature", "properties": { "Field": "000", "Length": 113.41369357061602, "Image": "/home/ubuntu/bemagro/data/image/Orthomosaico.tif", "Farm": "data" }, "geometry": { "type": "LineString", "coordinates": [ [ -39.816229452414838, -18.178178141563553 ], [ -39.816180274525848, -18.178197249302524 ], [ -39.816094322175466, -18.178234902091241 ], [ -39.816051067104681, -18.178253135329676 ], [ -39.815923059984229, -18.178311498191338 ], [ -39.815776954488271, -18.178375536422543 ], [ -39.8157085330134, -18.178406358875431 ], [ -39.815639579854228, -18.178436079048229 ], [ -39.815468662647973, -18.17851341179659 ], [ -39.815357172933055, -18.178562875613618 ], [ -39.815305405209813, -18.178585053220701 ], [ -39.815256111821505, -18.178608002819473 ] ] } },
{ "type": "Feature", "properties": { "Field": "000", "Length": 278.98334405411174, "Image": "/home/ubuntu/bemagro/data/image/Orthomosaico.tif", "Farm": "data" }, "geometry": { "type": "LineString", "coordinates": [ [ -39.81736964498927, -18.178120672831742 ], [ -39.81725038213272, -18.178174779071366 ], [ -39.817078338889345, -18.178249795066726 ], [ -39.816915601542981, -18.178322517013857 ], [ -39.816760901447047, -18.178390321848465 ], [ -39.816675522834629, -18.178429149234038 ], [ -39.816615177475221, -18.178455130405069 ], [ -39.816426464974739, -18.178538760836581 ], [ -39.816383201706216, -18.178556976737372 ], [ -39.816280724334248, -18.178603523508841 ], [ -39.816254772487717, -18.178614466330128 ], [ -39.816074833384704, -18.178694697699608 ], [ -39.815962951796379, -18.178743346624113 ], [ -39.815826196664709, -18.178805170115332 ], [ -39.815654130555998, -18.178880139609753 ], [ -39.815371157382124, -18.179005783758662 ], [ -39.815293533464938, -18.179039110036083 ], [ -39.815233804359444, -18.1790663617478 ], [ -39.815173532090782, -18.179092497986126 ], [ -39.815079441445661, -18.179134857251086 ], [ -39.815019123590325, -18.179160897278805 ], [ -39.814976420877954, -18.179180719102813 ] ] } },
{ "type": "Feature", "properties": { "Field": "000", "Length": 276.22046734088542, "Image": "/home/ubuntu/bemagro/data/image/Orthomosaico.tif", "Farm": "data" }, "geometry": { "type": "LineString", "coordinates": [ [ -39.817360002447771, -18.178110833887143 ], [ -39.817308956314768, -18.178133377865464 ], [ -39.817249289193754, -18.178160752559339 ], [ -39.817051290204255, -18.178246706974519 ], [ -39.816982599182154, -18.178276976627512 ], [ -39.816922919285417, -18.178304325964305 ], [ -39.816896920741378, -18.178315166230373 ], [ -39.816888312510692, -18.178318904299598 ], [ -39.816750953174086, -18.178379490822721 ], [ -39.816656933679305, -18.178421993282679 ], [ -39.816622351229682, -18.178436626556184 ], [ -39.816613759646906, -18.178440399471622 ], [ -39.816442326176485, -18.178516680895424 ], [ -39.816339069087704, -18.178561625580716 ], [ -39.816202266829293, -18.178623353302122 ], [ -39.815995996004865, -18.178713752113961 ], [ -39.815842112322464, -18.178783234330705 ], [ -39.815798967862136, -18.178801705801874 ], [ -39.815713220681793, -18.178839784181587 ], [ -39.815644141679293, -18.17886923646304 ], [ -39.815635555672024, -18.178873021005941 ], [ -39.81536133727591, -18.178995227104732 ], [ -39.81524944924022, -18.179043862870262 ], [ -39.815137941822748, -18.179093290952633 ], [ -39.815078264666205, -18.179120646398882 ], [ -39.815026544915902, -18.179142926378077 ], [ -39.81499010148908, -18.179159598154925 ] ] } },
{ "type": "Feature", "properties": { "Field": "000", "Length": 273.42163132148647, "Image": "/home/ubuntu/bemagro/data/image/Orthomosaico.tif", "Farm": "data" }, "geometry": { "type": "LineString", "coordinates": [ [ -39.817350063324909, -18.178100692318583 ], [ -39.817307332143656, -18.178118873136057 ], [ -39.817221677448551, -18.178157140609223 ], [ -39.817135507379355, -18.178194335306159 ], [ -39.816972431111573, -18.17826636010226 ], [ -39.816904121389292, -18.178297406979112 ], [ -39.816783610877295, -18.178349749887733 ], [ -39.8166808167962, -18.178395653645335 ], [ -39.816594806322485, -18.17843318503931 ], [ -39.816552152754475, -18.178452669192648 ], [ -39.81632033850191, -18.178554867211904 ], [ -39.816209290033548, -18.178605229589696 ], [ -39.816140424100112, -18.178635133242853 ], [ -39.816063328102935, -18.178669560627508 ], [ -39.815985693809445, -18.178702862963345 ], [ -39.815840216655999, -18.178768195847944 ], [ -39.815771418854609, -18.178798243336978 ], [ -39.815711650312828, -18.178825414302437 ], [ -39.815548113607889, -18.17889648018966 ], [ -39.815359838065369, -18.178981006418713 ], [ -39.81511051202817, -18.179090068013927 ], [ -39.815003901062099, -18.179138293540582 ] ] } },
{ "type": "Feature", "properties": { "Field": "000", "Length": 270.62019734672532, "Image": "/home/ubuntu/bemagro/data/image/Orthomosaico.tif", "Farm": "data" }, "geometry": { "type": "LineString", "coordinates": [ [ -39.817339940844619, -18.178090363656068 ], [ -39.817288607684198, -18.178112298290159 ], [ -39.817202994936324, -18.178150650864332 ], [ -39.817142483307478, -18.178176275532795 ], [ -39.817073955828896, -18.178206881694852 ], [ -39.817022227861379, -18.178229143711391 ], [ -39.816808142676649, -18.17832491814309 ], [ -39.816799550781511, -18.178328690396413 ], [ -39.816730412839398, -18.178358014552426 ], [ -39.816670759444314, -18.178385416278626 ], [ -39.816593257496187, -18.178418999935847 ], [ -39.816516349555961, -18.178453808883955 ], [ -39.816447397210439, -18.178483530626096 ], [ -39.816207776759072, -18.178591114698406 ], [ -39.81613885649773, -18.178620903557341 ], [ -39.816036019675792, -18.17866672036747 ], [ -39.816027401936218, -18.178670438405003 ], [ -39.816001330812092, -18.178681117235229 ], [ -39.815950124348795, -18.178704454991529 ], [ -39.815889840534197, -18.178730566602653 ], [ -39.81588126037088, -18.178734363220865 ], [ -39.815838659103278, -18.178753952648087 ], [ -39.815744135984964, -18.178795422441546 ], [ -39.815701554372069, -18.178815048933849 ], [ -39.815563735208258, -18.178874674303238 ], [ -39.815478224731542, -18.178913235908443 ], [ -39.815426580262162, -18.178935674704686 ], [ -39.815332664233566, -18.178978385796771 ], [ -39.815246387751408, -18.179015355994206 ], [ -39.815237815780549, -18.17901916951481 ], [ -39.815220840619808, -18.17902713286988 ], [ -39.815177672811089, -18.179045554485686 ], [ -39.815017709795825, -18.179116974777404 ] ] } },
{ "type": "Feature", "properties": { "Field": "000", "Length": 267.60858236978254, "Image": "/home/ubuntu/bemagro/data/image/Orthomosaico.tif", "Farm": "data" }, "geometry": { "type": "LineString", "coordinates": [ [ -39.817329341005014, -18.178079547909075 ], [ -39.817286610368505, -18.178097731229318 ], [ -39.817200988080728, -18.178136064714217 ], [ -39.817123400542897, -18.178169467285919 ], [ -39.816857686860594, -18.178287719408459 ], [ -39.816745789978668, -18.178336335305588 ], [ -39.816677513252316, -18.178367449306787 ], [ -39.816591294624267, -18.178404541541362 ], [ -39.816531530038546, -18.178431721402834 ], [ -39.816454098988139, -18.178465454348466 ], [ -39.8163857758855, -18.178496475607869 ], [ -39.816154103694117, -18.178598967677218 ], [ -39.816068629120274, -18.178637601318293 ], [ -39.815965297722691, -18.178682389816601 ], [ -39.815836772231876, -18.178739703040659 ], [ -39.815776508537894, -18.178765856221251 ], [ -39.815708161965865, -18.178796830409745 ], [ -39.815544840273333, -18.178868346417833 ], [ -39.81546798398891, -18.178903259677426 ], [ -39.815424741137612, -18.178921519555757 ], [ -39.815339235882242, -18.178960091890136 ], [ -39.815244547079608, -18.179001214998816 ], [ -39.815184635129306, -18.179028096976651 ], [ -39.815124039223853, -18.179053539992957 ], [ -39.815032569327293, -18.179094033722077 ] ] } },
{ "type": "Feature", "properties": { "Field": "000", "Length": 264.81671953769666, "Image": "/home/ubuntu/bemagro/data/image/Orthomosaico.tif", "Farm": "data" }, "geometry": { "type": "LineString", "coordinates": [ [ -39.817319305143094, -18.178069307625567 ], [ -39.817284979320938, -18.178083295921102 ], [ -39.817199536711676, -18.178121993770862 ], [ -39.817130535555201, -18.178151611590415 ], [ -39.817044871819128, -18.178189859830873 ], [ -39.817018855567753, -18.178200661246606 ], [ -39.816813381778239, -18.178292702574183 ], [ -39.816804794334686, -18.178296484074519 ], [ -39.816752926185444, -18.178318445748722 ], [ -39.816684589492446, -18.178349439160957 ], [ -39.816615544536951, -18.178378963882075 ], [ -39.816495352742436, -18.178431972267489 ], [ -39.81641829413239, -18.178466475660525 ], [ -39.816392856175014, -18.178478467874484 ], [ -39.816324012562838, -18.178508419074699 ], [ -39.816238613932178, -18.178547205665865 ], [ -39.816204028886013, -18.178561833428461 ], [ -39.815955541279436, -18.178672628430956 ], [ -39.815775046820164, -18.178751711848683 ], [ -39.815698106528004, -18.17878645615863 ], [ -39.815689523967478, -18.178790247829518 ], [ -39.815663562955429, -18.178801170474379 ], [ -39.815423639265546, -18.178908136263367 ], [ -39.81537187057576, -18.17893031087215 ], [ -39.815174559136679, -18.179017700232979 ], [ -39.815079571203313, -18.179058188345582 ], [ -39.815046325319138, -18.179072796372665 ] ] } },
{ "type": "Feature", "properties": { "Field": "000", "Length": 262.25033952120543, "Image": "/home/ubuntu/bemagro/data/image/Orthomosaico.tif", "Farm": "data" }, "geometry": { "type": "LineString", "coordinates": [ [ -39.817309138115164, -18.178058933502502 ], [ -39.817257541931802, -18.17808029273699 ], [ -39.817172234152423, -18.178119260729634 ], [ -39.817094670861259, -18.178152714422737 ], [ -39.816931528515475, -18.17822460223211 ], [ -39.816760330850222, -18.178301365509029 ], [ -39.816725727758232, -18.178315953983748 ], [ -39.816682984190791, -18.178335257691806 ], [ -39.816510867998453, -18.178410120847172 ], [ -39.816202666467895, -18.178548202334103 ], [ -39.816176574881858, -18.178558836114597 ], [ -39.815936641204978, -18.178665779771876 ], [ -39.815635959508171, -18.178797882274701 ], [ -39.815541989175784, -18.178840484407463 ], [ -39.815327094676022, -18.178934589814599 ], [ -39.815250224362771, -18.178969475396851 ], [ -39.815138317686042, -18.179018071758566 ], [ -39.815078552153935, -18.179045250149674 ], [ -39.815058665953039, -18.179053744135174 ] ] } },
{ "type": "Feature", "properties": { "Field": "000", "Length": 259.55241824177915, "Image": "/home/ubuntu/bemagro/data/image/Orthomosaico.tif", "Farm": "data" }, "geometry": { "type": "LineString", "coordinates": [ [ -39.817299162780991, -18.178048754976089 ], [ -39.81723903279201, -18.178074020063089 ], [ -39.817170845033537, -18.178105311819465 ], [ -39.817067418693689, -18.178149898922808 ], [ -39.817033343558002, -18.178165582084588 ], [ -39.816835831976803, -18.178252555550525 ], [ -39.8167418118705, -18.178295056673321 ], [ -39.816689944531156, -18.178317020626068 ], [ -39.816500837510354, -18.178399832466592 ], [ -39.816201193475408, -18.178534070941733 ], [ -39.816046080315864, -18.178601008420234 ], [ -39.815952091908734, -18.178643573939436 ], [ -39.815651596458629, -18.178776063014876 ], [ -39.815540444188954, -18.178826216301712 ], [ -39.81536010280427, -18.178905618628246 ], [ -39.815316782891394, -18.17892371127763 ], [ -39.815231604719564, -18.178962939231511 ], [ -39.8151712373732, -18.17898887402874 ], [ -39.815071868034813, -18.179033361935648 ] ] } },
{ "type": "Feature", "properties": { "Field": "000", "Length": 256.69665919168159, "Image": "/home/ubuntu/bemagro/data/image/Orthomosaico.tif", "Farm": "data" }, "geometry": { "type": "LineString", "coordinates": [ [ -39.817288644725458, -18.178038022671455 ], [ -39.817203074041601, -18.178075326509962 ], [ -39.817143176265077, -18.178102236117777 ], [ -39.817065610233634, -18.178135683596192 ], [ -39.816971614872607, -18.178178234575306 ], [ -39.816876854584947, -18.178219204803096 ], [ -39.81668840220982, -18.178303368925103 ], [ -39.816593558169608, -18.178344162253339 ], [ -39.816233251374122, -18.178503742774552 ], [ -39.816182061975226, -18.178527113253324 ], [ -39.816104403115538, -18.178560364069099 ], [ -39.815821573545534, -18.178686302176182 ], [ -39.815718261168328, -18.178731130104833 ], [ -39.815589983002056, -18.178788947264838 ], [ -39.815306515701359, -18.1789135692729 ], [ -39.815246847575196, -18.178940941067903 ], [ -39.81512641558151, -18.178993449870546 ], [ -39.815085826670369, -18.179011811715121 ] ] } },
{ "type": "Feature", "properties": { "Field": "000", "Length": 253.87471573211045, "Image": "/home/ubuntu/bemagro/data/image/Orthomosaico.tif", "Farm": "data" }, "geometry": { "type": "LineString", "coordinates": [ [ -39.817278583800778, -18.178027756807452 ], [ -39.817055547056789, -18.178125426199898 ], [ -39.816978738752546, -18.178160435636659 ], [ -39.816823915991584, -18.178227983871018 ], [ -39.816815340894287, -18.178231790876055 ], [ -39.816798424087516, -18.178239867611548 ], [ -39.816729540109861, -18.178269733864092 ], [ -39.816652591673609, -18.178304460942297 ], [ -39.816617926568625, -18.17831891449352 ], [ -39.8165580565691, -18.178345881617293 ], [ -39.816497717935995, -18.17837187691757 ], [ -39.816429283407032, -18.178402672892542 ], [ -39.816351830052206, -18.178436359000823 ], [ -39.816317800007944, -18.178452131405944 ], [ -39.81624892879428, -18.178482024738912 ], [ -39.816171989307975, -18.17851677033433 ], [ -39.816068593747467, -18.178561423236452 ], [ -39.815905644041919, -18.178633710062076 ], [ -39.815811625020068, -18.178676213741301 ], [ -39.815725409662505, -18.178713313509025 ], [ -39.815665661464543, -18.17874052667273 ], [ -39.815313640411915, -18.178895703597934 ], [ -39.815202433692448, -18.178945746605947 ], [ -39.815099750759273, -18.178990314823821 ] ] } },
{ "type": "Feature", "properties": { "Field": "000", "Length": 251.14765448327444, "Image": "/home/ubuntu/bemagro/data/image/Orthomosaico.tif", "Farm": "data" }, "geometry": { "type": "LineString", "coordinates": [ [ -39.81726827490499, -18.178017237919338 ], [ -39.817207404912494, -18.178044438029872 ], [ -39.817138359292599, -18.178073961172682 ], [ -39.816924238338046, -18.178169662115554 ], [ -39.816700677839684, -18.178267383296792 ], [ -39.816615294256906, -18.178306200577765 ], [ -39.81658924352309, -18.178316926462589 ], [ -39.816494668695356, -18.178358287866715 ], [ -39.816306170008382, -18.178442357522226 ], [ -39.816091412261102, -18.178536746772977 ], [ -39.816065935869901, -18.178548666765131 ], [ -39.815962629026174, -18.17859350696731 ], [ -39.815834339260128, -18.178651300590261 ], [ -39.815705322465647, -18.178707596163534 ], [ -39.815525456860229, -18.178787978220164 ], [ -39.815370609360535, -18.178855475907305 ], [ -39.815233837775246, -18.1789172663545 ], [ -39.815164944677207, -18.17894711407515 ], [ -39.815139390838254, -18.178958881753392 ], [ -39.815113018986473, -18.178969830487727 ] ] } },
{ "type": "Feature", "properties": { "Field": "000", "Length": 248.58759220832658, "Image": "/home/ubuntu/bemagro/data/image/Orthomosaico.tif", "Farm": "data" }, "geometry": { "type": "LineString", "coordinates": [ [ -39.817258629683593, -18.178007396222991 ], [ -39.817104168998057, -18.178074553049754 ], [ -39.816967191384997, -18.178135923619905 ], [ -39.816700747818572, -18.178252665527719 ], [ -39.816623985542286, -18.178287764972207 ], [ -39.816546207385898, -18.178320759544278 ], [ -39.816452133285331, -18.17836315146269 ], [ -39.816400425790846, -18.178385455790643 ], [ -39.816271917378238, -18.17844280351903 ], [ -39.816202931380019, -18.178472452562641 ], [ -39.816108977485278, -18.178515087259182 ], [ -39.815902637683898, -18.178605341746444 ], [ -39.815757291519645, -18.178670940312188 ], [ -39.815688404548062, -18.178700799294941 ], [ -39.81559436232002, -18.178743255511506 ], [ -39.815542558896553, -18.178765356694125 ], [ -39.815491210893001, -18.178788408866456 ], [ -39.815353589436661, -18.178848450207397 ], [ -39.815276506957915, -18.178882905167754 ], [ -39.815225443100353, -18.178906526766834 ], [ -39.815125494071111, -18.178950570650727 ] ] } },
{ "type": "Feature", "properties": { "Field": "000", "Length": 245.82646214342597, "Image": "/home/ubuntu/bemagro/data/image/Orthomosaico.tif", "Farm": "data" }, "geometry": { "type": "LineString", "coordinates": [ [ -39.817248035604052, -18.177996586338175 ], [ -39.817067920574175, -18.178075315360712 ], [ -39.816879521837265, -18.178159588765702 ], [ -39.816707453135578, -18.178234551306087 ], [ -39.816622090826968, -18.178273411161502 ], [ -39.816518682606521, -18.178318036887823 ], [ -39.816424613952087, -18.178360439812447 ], [ -39.816175379803866, -18.178469691343661 ], [ -39.816081363135844, -18.178512199650491 ], [ -39.815892209560737, -18.178594914744721 ], [ -39.815798285335369, -18.178637609519829 ], [ -39.815240273706415, -18.178883767450518 ], [ -39.81513886698832, -18.178929924676709 ] ] } },
{ "type": "Feature", "properties": { "Field": "000", "Length": 243.64095597948065, "Image": "/home/ubuntu/bemagro/data/image/Orthomosaico.tif", "Farm": "data" }, "geometry": { "type": "LineString", "coordinates": [ [ -39.817238031877146, -18.177986378829882 ], [ -39.817083748803931, -18.178053908889165 ], [ -39.816886601744116, -18.178141634491425 ], [ -39.816757409902344, -18.178197561066071 ], [ -39.816620596360686, -18.178259265144057 ], [ -39.816491521535575, -18.178315438141581 ], [ -39.816440494592072, -18.178339131900437 ], [ -39.816431924488931, -18.178342949181324 ], [ -39.816277010511584, -18.17841030644821 ], [ -39.816225681673572, -18.178433397328085 ], [ -39.816182497477193, -18.178451783254001 ], [ -39.816036978613845, -18.178517030229173 ], [ -39.815899291256478, -18.178576932806749 ], [ -39.815779707225346, -18.17863118203454 ], [ -39.815281763978504, -18.178850778414688 ], [ -39.815147892719921, -18.178911952584759 ] ] } },
{ "type": "Feature", "properties": { "Field": "000", "Length": 241.60423358387024, "Image": "/home/ubuntu/bemagro/data/image/Orthomosaico.tif", "Farm": "data" }, "geometry": { "type": "LineString", "coordinates": [ [ -39.817226674671033, -18.177974790269118 ], [ -39.817210193061904, -18.177982644636366 ], [ -39.817201652785414, -18.177986522469823 ], [ -39.817184283482781, -18.177993668215262 ], [ -39.817175685108538, -18.177997426902831 ], [ -39.817150373910003, -18.178009662834466 ], [ -39.816995906662576, -18.178077950289762 ], [ -39.816901894065438, -18.17812046603208 ], [ -39.816815750927475, -18.178157717874051 ], [ -39.816747396057309, -18.178188674696415 ], [ -39.816652784070563, -18.17822995811056 ], [ -39.816524327781849, -18.17828741192498 ], [ -39.816463974105311, -18.178313375336771 ], [ -39.816455418667971, -18.178317222539825 ], [ -39.816438523755764, -18.178325340458098 ], [ -39.816327006277092, -18.178374746819841 ], [ -39.816258041826266, -18.178404442129128 ], [ -39.816198165151626, -18.178431394784187 ], [ -39.816163516110862, -18.178445882892689 ], [ -39.816077956323227, -18.178484344134105 ], [ -39.815992014562092, -18.17852201937799 ], [ -39.81595791756834, -18.17853765690294 ], [ -39.81589738801781, -18.17856324234355 ], [ -39.815829240069988, -18.178594613611626 ], [ -39.815717798532489, -18.178644176676123 ], [ -39.815674681656169, -18.178662705817473 ], [ -39.815614840560542, -18.178689731666953 ], [ -39.815485887317983, -18.178746159967751 ], [ -39.815400463576566, -18.178784896958476 ], [ -39.815391878922547, -18.178788684286754 ], [ -39.815357255560322, -18.178803228878039 ], [ -39.815211549127845, -18.178868093466985 ], [ -39.815154804567271, -18.178894112562102 ] ] } },
{ "type": "Feature", "properties": { "Field": "000", "Length": 238.43646556777958, "Image": "/home/ubuntu/bemagro/data/image/Orthomosaico.tif", "Farm": "data" }, "geometry": { "type": "LineString", "coordinates": [ [ -39.815161968856216, -18.178875620963911 ], [ -39.8151869747294, -18.178864263198133 ], [ -39.815221610887967, -18.178849747376802 ], [ -39.815324196554982, -18.178803419400804 ], [ -39.815384579938758, -18.178777519266625 ], [ -39.815555809185909, -18.178700819769549 ], [ -39.815624826676249, -18.178671237134871 ], [ -39.815667479025045, -18.178651750343498 ], [ -39.815719262749859, -18.178629607002758 ], [ -39.815839185267521, -18.17857604473388 ], [ -39.815881596879308, -18.178556084091255 ], [ -39.816070874498962, -18.178473629204323 ], [ -39.816147712021454, -18.178438680829853 ], [ -39.816165085939652, -18.178431546825049 ], [ -39.816302333919175, -18.178370730183264 ], [ -39.816371244399534, -18.178340920180027 ], [ -39.816465264992544, -18.178298420455274 ], [ -39.816542795099473, -18.178264896220423 ], [ -39.816817023634101, -18.178142713572662 ], [ -39.816903079676294, -18.178105278395822 ], [ -39.816971395132938, -18.178074245301257 ], [ -39.816988792444633, -18.178067164384512 ], [ -39.817074453244565, -18.178028910049843 ], [ -39.817116924413007, -18.178009064879877 ], [ -39.817176949972513, -18.177982415758734 ], [ -39.8171855423479, -18.177978645697742 ], [ -39.81719422717196, -18.177975073209126 ], [ -39.817207123775347, -18.177969236532416 ] ] } },
{ "type": "Feature", "properties": { "Field": "000", "Length": 233.63271798606004, "Image": "/home/ubuntu/bemagro/data/image/Orthomosaico.tif", "Farm": "data" }, "geometry": { "type": "LineString", "coordinates": [ [ -39.815169229806656, -18.178856879870715 ], [ -39.81519560358079, -18.178845730782019 ], [ -39.815289690222649, -18.178803363722945 ], [ -39.815427476941622, -18.178743669672141 ], [ -39.815564200653547, -18.178681782837725 ], [ -39.815616260134213, -18.178660237990879 ], [ -39.815658656154675, -18.178640245607188 ], [ -39.815744775434865, -18.178602942449444 ], [ -39.815855812705081, -18.178552557252299 ], [ -39.815933316341422, -18.178518976651869 ], [ -39.816121966671965, -18.178435218158334 ], [ -39.816199528327488, -18.178401760322174 ], [ -39.816276226174608, -18.178366530034182 ], [ -39.816336650846168, -18.178340717906639 ], [ -39.816422271978972, -18.178302381658366 ], [ -39.816482676310883, -18.178276526128187 ], [ -39.816636520943035, -18.178206965837553 ], [ -39.816688345273967, -18.178184909316087 ], [ -39.816825417127518, -18.178123731105913 ], [ -39.816920150014091, -18.178082701818234 ], [ -39.817082664203816, -18.178009525789314 ], [ -39.817134381433171, -18.177987240888491 ], [ -39.81717368431368, -18.17796980653323 ] ] } },
{ "type": "Feature", "properties": { "Field": "000", "Length": 132.66287249604105, "Image": "/home/ubuntu/bemagro/data/image/Orthomosaico.tif", "Farm": "data" }, "geometry": { "type": "LineString", "coordinates": [ [ -39.816383853429556, -18.178139749970608 ], [ -39.816361031668443, -18.178148570180255 ], [ -39.816301331605494, -18.178175878719049 ], [ -39.816275032926541, -18.178186036318152 ], [ -39.816232161996744, -18.178205080670736 ], [ -39.816171633142666, -18.178230668657964 ], [ -39.815777366993885, -18.178406178605496 ], [ -39.815691298048002, -18.17844358753926 ], [ -39.815537299497031, -18.178512836441413 ], [ -39.815434067671383, -18.178557834145124 ], [ -39.815365881576753, -18.178589129713771 ], [ -39.815314158684167, -18.178611402935644 ], [ -39.815254525414595, -18.178638845234829 ], [ -39.815245359514861, -18.178642703445139 ] ] } },
{ "type": "Feature", "properties": { "Field": "000", "Length": 124.37663152737618, "Image": "/home/ubuntu/bemagro/data/image/Orthomosaico.tif", "Farm": "data" }, "geometry": { "type": "LineString", "coordinates": [ [ -39.816318235193116, -18.178156065868929 ], [ -39.816268175911425, -18.178175339887055 ], [ -39.816242567395847, -18.178186997352764 ], [ -39.816173000918148, -18.178215380888933 ], [ -39.816105311198868, -18.178245566229599 ], [ -39.816078481470591, -18.178256845270759 ], [ -39.815831014199816, -18.178367591792782 ], [ -39.815615374997847, -18.178462311746834 ], [ -39.815470933261828, -18.178527624241326 ], [ -39.81540196436417, -18.178557311051765 ], [ -39.815350080371182, -18.178581386787737 ], [ -39.815298398993029, -18.178603747325784 ], [ -39.815250379086727, -18.178626503919588 ] ] } },
{ "type": "Feature", "properties": { "Field": "000", "Length": 104.84672997731576, "Image": "/home/ubuntu/bemagro/data/image/Orthomosaico.tif", "Farm": "data" }, "geometry": { "type": "LineString", "coordinates": [ [ -39.815261503738405, -18.178590601628244 ], [ -39.8153041007536, -18.178570723932012 ], [ -39.815347358498087, -18.178552496017861 ], [ -39.815416038636982, -18.178522203523542 ], [ -39.815587271958748, -18.178445512361098 ], [ -39.815604093491686, -18.178437255540686 ], [ -39.815707374944168, -18.178392362103203 ], [ -39.815801250669793, -18.178349570202624 ], [ -39.815878747821813, -18.178315976128573 ], [ -39.815896229125826, -18.178309084385507 ], [ -39.815939091189705, -18.178290021697435 ], [ -39.815990264851891, -18.178266618128866 ], [ -39.816032522946713, -18.178246360863248 ], [ -39.816127597962605, -18.178206060934578 ], [ -39.816160541232165, -18.178191618576029 ] ] } },
{ "type": "Feature", "properties": { "Field": "000", "Length": 218.81870458254571, "Image": "/home/ubuntu/bemagro/data/image/Orthomosaico.tif", "Farm": "data" }, "geometry": { "type": "LineString", "coordinates": [ [ -39.817066781554267, -18.177971628732241 ], [ -39.817042100870744, -18.177982552669107 ], [ -39.817007251125702, -18.177996594510301 ], [ -39.816896254090345, -18.178047059822809 ], [ -39.816818664619973, -18.178080458240341 ], [ -39.81673356690419, -18.178119844618106 ], [ -39.816647317277173, -18.178156870878322 ], [ -39.816579470723482, -18.178188833188251 ], [ -39.816450224283088, -18.178244644555637 ], [ -39.816313661592012, -18.17830685459661 ], [ -39.816253209538829, -18.178332608035973 ], [ -39.815901664704981, -18.178488766463172 ], [ -39.815721050039151, -18.178567598430071 ], [ -39.815592869604664, -18.178625613210055 ], [ -39.815506670218966, -18.178662746944905 ], [ -39.815352628376615, -18.178731908233299 ], [ -39.815249512033688, -18.178777147440002 ], [ -39.815224078211287, -18.17878915006424 ], [ -39.815189934993192, -18.178803438107714 ] ] } },
{ "type": "Feature", "properties": { "Field": "000", "Length": 96.870884561335615, "Image": "/home/ubuntu/bemagro/data/image/Orthomosaico.tif", "Farm": "data" }, "geometry": { "type": "LineString", "coordinates": [ [ -39.815266959183361, -18.178572995411162 ], [ -39.815309454273127, -18.178553533041832 ], [ -39.815412690512488, -18.178508544522199 ], [ -39.815626642849672, -18.178412498612545 ], [ -39.815695529816182, -18.17838263842323 ], [ -39.815789400540766, -18.178339836505138 ], [ -39.815892906853179, -18.178295418890773 ], [ -39.815995599023665, -18.178249307025407 ], [ -39.816029326495759, -18.178232951482229 ], [ -39.816054900902017, -18.178221224921099 ], [ -39.816097358819945, -18.178203798313195 ] ] } },
{ "type": "Feature", "properties": { "Field": "000", "Length": 143.10773008496386, "Image": "/home/ubuntu/bemagro/data/image/Orthomosaico.tif", "Farm": "data" }, "geometry": { "type": "LineString", "coordinates": [ [ -39.816467607949534, -18.178115846141104 ], [ -39.816450064768283, -18.178123474825423 ], [ -39.816424929970687, -18.178136039839664 ], [ -39.816329856726377, -18.178176343491046 ], [ -39.816261050213015, -18.178206372493481 ], [ -39.816150004679685, -18.178256740599089 ], [ -39.816089776116996, -18.178282968119476 ], [ -39.816029979897472, -18.17831008447865 ], [ -39.815737827846256, -18.178438283920702 ], [ -39.815532387521138, -18.178530394187966 ], [ -39.815454817365762, -18.178563834192566 ], [ -39.815395166835906, -18.178591242377287 ], [ -39.815258051919322, -18.178652333215879 ], [ -39.815240083154301, -18.178659731694601 ] ] } },
{ "type": "Feature", "properties": { "Field": "000", "Length": 90.400609193942017, "Image": "/home/ubuntu/bemagro/data/image/Orthomosaico.tif", "Farm": "data" }, "geometry": { "type": "LineString", "coordinates": [ [ -39.815271856892785, -18.178557189156642 ], [ -39.815358286578046, -18.178517365555173 ], [ -39.815418554553283, -18.178491220696337 ], [ -39.815641141170246, -18.178391488217809 ], [ -39.815684265610585, -18.178372974065457 ], [ -39.815760928259706, -18.178337673829798 ], [ -39.815881596029982, -18.178285662953332 ], [ -39.816026905766144, -18.178219991344498 ], [ -39.816046109993124, -18.178211185708296 ] ] } },
{ "type": "Feature", "properties": { "Field": "000", "Length": 213.01757820472821, "Image": "/home/ubuntu/bemagro/data/image/Orthomosaico.tif", "Farm": "data" }, "geometry": { "type": "LineString", "coordinates": [ [ -39.817023923858706, -18.177973916017176 ], [ -39.816937960917976, -18.17801124930531 ], [ -39.816826810834137, -18.178061405972308 ], [ -39.816663677185616, -18.178133311716749 ], [ -39.81659533163063, -18.178164287559454 ], [ -39.816535932093643, -18.178192189055459 ], [ -39.816432002106751, -18.178235693188071 ], [ -39.816364384240636, -18.178268095469527 ], [ -39.816321730007438, -18.178287579417304 ], [ -39.816243684922469, -18.178319993752105 ], [ -39.816175547582233, -18.178351386073125 ], [ -39.815986633118349, -18.178434598659511 ], [ -39.815926962399331, -18.178461966556643 ], [ -39.815798063233849, -18.178518507496655 ], [ -39.815746800455223, -18.178541732342985 ], [ -39.815695024976534, -18.178563893711825 ], [ -39.815626754359222, -18.178595020549238 ], [ -39.815523622928652, -18.178640228264833 ], [ -39.815378135008018, -18.178705539171474 ], [ -39.815232209273489, -18.17876995157777 ], [ -39.815197268994389, -18.178784508448889 ] ] } },
{ "type": "Feature", "properties": { "Field": "000", "Length": 156.94831995603741, "Image": "/home/ubuntu/bemagro/data/image/Orthomosaico.tif", "Farm": "data" }, "geometry": { "type": "LineString", "coordinates": [ [ -39.816581951771617, -18.178081196569295 ], [ -39.816539235428699, -18.178098561641033 ], [ -39.816462253050624, -18.178133220057347 ], [ -39.816444851931323, -18.178140294764312 ], [ -39.8164022835795, -18.178159949510743 ], [ -39.816324458906728, -18.178192844360581 ], [ -39.816136310507524, -18.17827762759331 ], [ -39.816058909915363, -18.178311424422098 ], [ -39.815964799061014, -18.17835374175359 ], [ -39.815775649690032, -18.178436465357638 ], [ -39.815690215645169, -18.178475181267718 ], [ -39.815458385689034, -18.178577346909783 ], [ -39.815347260073572, -18.178627553904011 ], [ -39.815234977935347, -18.178676207620544 ] ] } },
{ "type": "Feature", "properties": { "Field": "000", "Length": 85.791988000767446, "Image": "/home/ubuntu/bemagro/data/image/Orthomosaico.tif", "Farm": "data" }, "geometry": { "type": "LineString", "coordinates": [ [ -39.816011791367366, -18.178211644541307 ], [ -39.81597878333276, -18.17822700048411 ], [ -39.815935515142733, -18.17824520543131 ], [ -39.815824618867659, -18.178295873074077 ], [ -39.81576411339222, -18.178321511557819 ], [ -39.815678883154746, -18.178360635621409 ], [ -39.815601770558153, -18.178395028795748 ], [ -39.815507079861007, -18.178436146433533 ], [ -39.815429961874045, -18.178470528629433 ], [ -39.815277121082872, -18.178540200165234 ] ] } },
{ "type": "Feature", "properties": { "Field": "000", "Length": 207.69574353142147, "Image": "/home/ubuntu/bemagro/data/image/Orthomosaico.tif", "Farm": "data" }, "geometry": { "type": "LineString", "coordinates": [ [ -39.816984911738686, -18.177977462575381 ], [ -39.816934399825847, -18.177998808793767 ], [ -39.816891783096558, -18.178018367341163 ], [ -39.816711230702218, -18.178097328403819 ], [ -39.816557351649799, -18.178166818821495 ], [ -39.816445325460585, -18.178215161833158 ], [ -39.816343000891507, -18.178262014148746 ], [ -39.81622224828017, -18.178313844472871 ], [ -39.8161456358973, -18.178349244106563 ], [ -39.8160338456047, -18.178398083793301 ], [ -39.815948719315273, -18.1784374139581 ], [ -39.815845329985606, -18.178482079891573 ], [ -39.815717095648161, -18.178539985513588 ], [ -39.815665331912449, -18.178562171837907 ], [ -39.815468485325667, -18.178650513111279 ], [ -39.815399656713844, -18.178680496125349 ], [ -39.815339928928772, -18.178707750178621 ], [ -39.815203779401003, -18.178767704551756 ] ] } },
{ "type": "Feature", "properties": { "Field": "000", "Length": 170.86772517431501, "Image": "/home/ubuntu/bemagro/data/image/Orthomosaico.tif", "Farm": "data" }, "geometry": { "type": "LineString", "coordinates": [ [ -39.816696005857963, -18.178046634715432 ], [ -39.816671312120278, -18.178056812129768 ], [ -39.816645992947329, -18.178069034220609 ], [ -39.816619724632623, -18.178079263678814 ], [ -39.816550770219251, -18.178108981001014 ], [ -39.816473803239745, -18.178143670659843 ], [ -39.816430601185296, -18.178162018613079 ], [ -39.8163277424581, -18.178207789906537 ], [ -39.816258799628407, -18.17823753189295 ], [ -39.816139229227723, -18.178291808940028 ], [ -39.816087524080778, -18.178314119668268 ], [ -39.815959079106079, -18.178371597020302 ], [ -39.815804194021531, -18.17843901506361 ], [ -39.815701566236704, -18.17848525794977 ], [ -39.815495323716931, -18.178575715552611 ], [ -39.815307183296817, -18.178660515877976 ], [ -39.815229435036393, -18.178694096055096 ] ] } },
{ "type": "Feature", "properties": { "Field": "000", "Length": 200.97898122968772, "Image": "/home/ubuntu/bemagro/data/image/Orthomosaico.tif", "Farm": "data" }, "geometry": { "type": "LineString", "coordinates": [ [ -39.815210943902841, -18.17874921237707 ], [ -39.815244905225732, -18.178733302505862 ], [ -39.815348210868962, -18.178688459571504 ], [ -39.815424984999893, -18.17865338111018 ], [ -39.815545255741014, -18.17860053621434 ], [ -39.815604671751338, -18.17857266649764 ], [ -39.815656179182781, -18.178549941598192 ], [ -39.815699566198582, -18.17853199664652 ], [ -39.815844852326748, -18.178466276914126 ], [ -39.815913821786928, -18.178436591196458 ], [ -39.816007859420061, -18.17839412531012 ], [ -39.816145323524239, -18.178333756207508 ], [ -39.816239141925173, -18.178290849689464 ], [ -39.816290923336098, -18.178268701187406 ], [ -39.816393485678319, -18.178222326124782 ], [ -39.816531143066655, -18.178162361094717 ], [ -39.816762407262061, -18.178059031810562 ], [ -39.816805785104641, -18.178041066896313 ], [ -39.816865709862157, -18.178014211264948 ], [ -39.816882906157545, -18.178006692902034 ], [ -39.816925547447113, -18.177987184402774 ], [ -39.81693396134105, -18.177983498592788 ] ] } },
{ "type": "Feature", "properties": { "Field": "000", "Length": 81.396461542699384, "Image": "/home/ubuntu/bemagro/data/image/Orthomosaico.tif", "Farm": "data" }, "geometry": { "type": "LineString", "coordinates": [ [ -39.815979923824379, -18.178212070598352 ], [ -39.815894862688374, -18.178248864925294 ], [ -39.815800885512694, -18.178291452079304 ], [ -39.815740565018544, -18.17831748503162 ], [ -39.815715165819313, -18.178329551218006 ], [ -39.815638193726883, -18.178364230741131 ], [ -39.815414903996263, -18.178462516427626 ], [ -39.815282466135578, -18.178522950204552 ] ] } },
{ "type": "Feature", "properties": { "Field": "000", "Length": 182.63215655928386, "Image": "/home/ubuntu/bemagro/data/image/Orthomosaico.tif", "Farm": "data" }, "geometry": { "type": "LineString", "coordinates": [ [ -39.816791388453197, -18.178017730828959 ], [ -39.816767204509922, -18.17802866320103 ], [ -39.81674076083646, -18.178038470481056 ], [ -39.816723475329233, -18.178045799115313 ], [ -39.816681907473253, -18.178065353076246 ], [ -39.816674604216885, -18.178067945435682 ], [ -39.816670714349101, -18.178069573602631 ], [ -39.816655543141891, -18.178077418203177 ], [ -39.816519213890544, -18.178137979872329 ], [ -39.816251915718766, -18.178255108565853 ], [ -39.816081992168797, -18.17833233447039 ], [ -39.816055049588918, -18.178343363899586 ], [ -39.815960980395673, -18.178385765739979 ], [ -39.815848915824212, -18.178434027832683 ], [ -39.815703513988133, -18.17849951317675 ], [ -39.815625784409548, -18.178532612876868 ], [ -39.815583267479404, -18.178552369149525 ], [ -39.815402894496223, -18.17863170520317 ], [ -39.81532627331358, -18.178667087649622 ], [ -39.815224337858368, -18.178710546024455 ] ] } },
{ "type": "Feature", "properties": { "Field": "000", "Length": 193.75246837050034, "Image": "/home/ubuntu/bemagro/data/image/Orthomosaico.tif", "Farm": "data" }, "geometry": { "type": "LineString", "coordinates": [ [ -39.81688080372254, -18.177994531310389 ], [ -39.816839934501424, -18.178011698518819 ], [ -39.816797212388117, -18.178031045967675 ], [ -39.816762321607868, -18.178044994671652 ], [ -39.816711130886993, -18.178068363982451 ], [ -39.816633524057558, -18.178101725663659 ], [ -39.816479283781938, -18.178170480593135 ], [ -39.816410278618413, -18.178200090167632 ], [ -39.816307636721938, -18.178246304110658 ], [ -39.816221622386777, -18.178283827471446 ], [ -39.816162232873864, -18.178311748547792 ], [ -39.816058955996908, -18.178356651479938 ], [ -39.815956211119932, -18.178402656069363 ], [ -39.815861407335213, -18.17844353588659 ], [ -39.815835963311876, -18.178455518857255 ], [ -39.815775741585938, -18.178481760871005 ], [ -39.815698850843674, -18.178516605022608 ], [ -39.815604037772623, -18.178557465301292 ], [ -39.815518850213472, -18.178596674448681 ], [ -39.815407098975122, -18.17864559625356 ], [ -39.815330587762467, -18.178681195709757 ], [ -39.815278979190261, -18.178703710077222 ], [ -39.815252855138446, -18.178714271927735 ], [ -39.815218374366218, -18.178729791819553 ] ] } },
{ "type": "Feature", "properties": { "Field": "000", "Length": 76.399212098760245, "Image": "/home/ubuntu/bemagro/data/image/Orthomosaico.tif", "Farm": "data" }, "geometry": { "type": "LineString", "coordinates": [ [ -39.815945315338126, -18.17821253329479 ], [ -39.81585157604021, -18.178252907448972 ], [ -39.815783369944697, -18.178284161008602 ], [ -39.815697496623812, -18.178321978385263 ], [ -39.815620679125843, -18.178356968960959 ], [ -39.815474835678323, -18.178421550808761 ], [ -39.815405742056591, -18.178450970971099 ], [ -39.815397154580261, -18.178454752425754 ], [ -39.815290258995766, -18.178503462982487 ] ] } },
{ "type": "Feature", "properties": { "Field": "000", "Length": 71.296414136178171, "Image": "/home/ubuntu/bemagro/data/image/Orthomosaico.tif", "Farm": "data" }, "geometry": { "type": "LineString", "coordinates": [ [ -39.815909398716371, -18.178213013473695 ], [ -39.815893131797004, -18.178219557509085 ], [ -39.815867662187017, -18.178231485879039 ], [ -39.815773323217655, -18.178273336472095 ], [ -39.815722167178293, -18.17829677500476 ], [ -39.815687686177888, -18.178311624173542 ], [ -39.815464957312493, -18.178411065854153 ], [ -39.815395828677936, -18.178440410778673 ], [ -39.815387253394128, -18.178444217428137 ], [ -39.815298273161254, -18.178484849439528 ] ] } },
{ "type": "Feature", "properties": { "Field": "000", "Length": 66.166798668646592, "Image": "/home/ubuntu/bemagro/data/image/Orthomosaico.tif", "Farm": "data" }, "geometry": { "type": "LineString", "coordinates": [ [ -39.815873553846849, -18.178213492686627 ], [ -39.815760679745601, -18.178263413784478 ], [ -39.815615523362354, -18.1783293946288 ], [ -39.815563859360253, -18.178351792314952 ], [ -39.815452595419522, -18.178401718318025 ], [ -39.815366319299059, -18.178438688678582 ], [ -39.815306434611003, -18.17846589381281 ] ] } },
{ "type": "Feature", "properties": { "Field": "000", "Length": 61.314702245791992, "Image": "/home/ubuntu/bemagro/data/image/Orthomosaico.tif", "Farm": "data" }, "geometry": { "type": "LineString", "coordinates": [ [ -39.815839558576535, -18.178213947165951 ], [ -39.815737629360399, -18.178258995085461 ], [ -39.815626728500632, -18.178309652887556 ], [ -39.815314117029978, -18.178448050769916 ] ] } },
{ "type": "Feature", "properties": { "Field": "000", "Length": 55.513486658951109, "Image": "/home/ubuntu/bemagro/data/image/Orthomosaico.tif", "Farm": "data" }, "geometry": { "type": "LineString", "coordinates": [ [ -39.815806080670519, -18.178214394722787 ], [ -39.815704344544876, -18.178259866153223 ], [ -39.81543811439672, -18.178377052668296 ], [ -39.815361563493198, -18.178412572732348 ], [ -39.815352991088801, -18.178416385300871 ], [ -39.815330212569414, -18.17842603351454 ] ] } },
{ "type": "Feature", "properties": { "Field": "000", "Length": 49.577881817176113, "Image": "/home/ubuntu/bemagro/data/image/Orthomosaico.tif", "Farm": "data" }, "geometry": { "type": "LineString", "coordinates": [ [ -39.815772880808332, -18.178214838556777 ], [ -39.815705416403446, -18.17824502921259 ], [ -39.815550335500667, -18.178312034480509 ], [ -39.815541787381171, -18.178315896537654 ], [ -39.815507861173529, -18.178331872155017 ], [ -39.815499318551417, -18.178335745312253 ], [ -39.81540472865818, -18.17837707530699 ], [ -39.815396237061627, -18.178381049667802 ], [ -39.815371085144754, -18.178393583424633 ], [ -39.815362502255439, -18.178397374377415 ], [ -39.815347627373505, -18.178403176590948 ] ] } },
{ "type": "Feature", "properties": { "Field": "000", "Length": 43.511752342191876, "Image": "/home/ubuntu/bemagro/data/image/Orthomosaico.tif", "Farm": "data" }, "geometry": { "type": "LineString", "coordinates": [ [ -39.815738547355217, -18.178215297539211 ], [ -39.815593099289991, -18.17827797601046 ], [ -39.815567326561201, -18.178289298920426 ], [ -39.815525008505318, -18.17830944154203 ], [ -39.815387244499966, -18.178369181834832 ], [ -39.815365132948109, -18.178380200523687 ] ] } },
{ "type": "Feature", "properties": { "Field": "000", "Length": 37.682264759159438, "Image": "/home/ubuntu/bemagro/data/image/Orthomosaico.tif", "Farm": "data" }, "geometry": { "type": "LineString", "coordinates": [ [ -39.815704552438568, -18.178215751989903 ], [ -39.815576356014901, -18.178271030250162 ], [ -39.815567810431169, -18.178274897427134 ], [ -39.815533915942922, -18.178290934428141 ], [ -39.815525366107089, -18.178294793010412 ], [ -39.815456409791011, -18.178324506520788 ], [ -39.815447846848066, -18.178328338458428 ], [ -39.815396801579354, -18.178351996883489 ], [ -39.815381330321003, -18.178358941464648 ] ] } }
]
}
